sample_index,preprocess,wavenumber,value
279,raw,400.0,24917.465065502183
279,raw,401.0,25450.216157205236
279,raw,402.0,25982.967248908288
279,raw,403.0,26586.49781659388
279,raw,404.0,27211.170305676864
279,raw,405.0,27930.689956331888
279,raw,406.0,28752.96069868996
279,raw,407.0,29590.788209606984
279,raw,408.0,30494.936681222694
279,raw,409.0,31399.08515283841
279,raw,410.0,32276.508733624447
279,raw,411.0,33150.96288209608
279,raw,412.0,33804.99126637555
279,raw,413.0,34318.091703056765
279,raw,414.0,34695.070175438595
279,raw,415.0,34782.78947368421
279,raw,416.0,34851.48908296943
279,raw,417.0,34463.716157205236
279,raw,418.0,34075.943231441044
279,raw,419.0,33386.401315789466
279,raw,420.0,32596.26973684209
279,raw,421.0,31864.303493449766
279,raw,422.0,31197.927947598244
279,raw,423.0,30604.25
279,raw,424.0,30341.750000000004
279,raw,425.0,30079.250000000007
279,raw,426.0,30321.223684210523
279,raw,427.0,30619.25
279,raw,428.0,31146.241228070172
279,raw,429.0,31813.565789473672
279,raw,430.0,32443.236842105252
279,raw,431.0,32999.81578947368
279,raw,432.0,33526.75
279,raw,433.0,33589.25
279,raw,434.0,33651.75
279,raw,435.0,33022.171052631595
279,raw,436.0,32197.3903508772
279,raw,437.0,31236.6447368421
279,raw,438.0,30139.934210526295
279,raw,439.0,29046.81277533037
279,raw,440.0,27966.416299559463
279,raw,441.0,26886.019823788556
279,raw,442.0,26023.25
279,raw,443.0,25171.934210526306
279,raw,444.0,24490.91850220264
279,raw,445.0,23893.781938326
279,raw,446.0,23412.240088105733
279,raw,447.0,23104.090308370047
279,raw,448.0,22812.20484581498
279,raw,449.0,22629.165198237886
279,raw,450.0,22446.125550660792
279,raw,451.0,22367.460352422906
279,raw,452.0,22305.786343612337
279,raw,453.0,22263.86563876652
279,raw,454.0,22235.6718061674
279,raw,455.0,22212.97577092511
279,raw,456.0,22201.96255506608
279,raw,457.0,22188.041850220263
279,raw,458.0,22118.878854625553
279,raw,459.0,22049.71585903084
279,raw,460.0,22000.138766519824
279,raw,461.0,21956.085903083702
279,raw,462.0,21890.382743362832
279,raw,463.0,21803.87831858407
279,raw,464.0,21715.81718061674
279,raw,465.0,21623.0859030837
279,raw,466.0,21530.35462555066
279,raw,467.0,21417.491150442474
279,raw,468.0,21304.21681415929
279,raw,469.0,21262.62389380531
279,raw,470.0,21248.90707964602
279,raw,471.0,21194.993392070486
279,raw,472.0,21093.892070484584
279,raw,473.0,21007.46017699115
279,raw,474.0,20983.566371681416
279,raw,475.0,20959.672566371682
279,raw,476.0,20968.90486725664
279,raw,477.0,20980.630530973453
279,raw,478.0,21004.95575221239
279,raw,479.0,21035.48672566372
279,raw,480.0,21037.00888888889
279,raw,481.0,20996.786666666667
279,raw,482.0,20947.035398230088
279,raw,483.0,20847.256637168142
279,raw,484.0,20747.477876106197
279,raw,485.0,20555.309734513277
279,raw,486.0,20352.876106194693
279,raw,487.0,20148.01777777778
279,raw,488.0,19941.79555555556
279,raw,489.0,19769.40707964602
279,raw,490.0,19649.938053097347
279,raw,491.0,19541.522222222222
279,raw,492.0,19507.077777777777
279,raw,493.0,19472.633333333335
279,raw,494.0,19560.80222222222
279,raw,495.0,19665.69111111111
279,raw,496.0,19778.42
279,raw,497.0,19895.753333333334
279,raw,498.0,20095.84222222222
279,raw,499.0,20430.95333333333
279,raw,500.0,20766.67111111111
279,raw,501.0,21106.448888888888
279,raw,502.0,21446.226666666666
279,raw,503.0,21841.346666666665
279,raw,504.0,22244.013333333332
279,raw,505.0,22634.219999999998
279,raw,506.0,23017.108888888888
279,raw,507.0,23344.83482142857
279,raw,508.0,23582.558035714283
279,raw,509.0,23806.568888888887
279,raw,510.0,23946.346666666665
279,raw,511.0,24086.124444444442
279,raw,512.0,24237.781249999996
279,raw,513.0,24390.906249999996
279,raw,514.0,24504.56696428571
279,raw,515.0,24596.977678571428
279,raw,516.0,24678.559999999998
279,raw,517.0,24744.559999999998
279,raw,518.0,24799.785714285714
279,raw,519.0,24798.446428571428
279,raw,520.0,24797.10714285714
279,raw,521.0,24698.83928571429
279,raw,522.0,24592.142857142862
279,raw,523.0,24318.78571428572
279,raw,524.0,23966.99999999999
279,raw,525.0,23554.124999999975
279,raw,526.0,23063.499999999975
279,raw,527.0,22566.02242152464
279,raw,528.0,22041.134529147963
279,raw,529.0,21516.246636771288
279,raw,530.0,20858.9575892857
279,raw,531.0,20197.57366071427
279,raw,532.0,19733.51785714285
279,raw,533.0,19342.446428571424
279,raw,534.0,18965.127802690582
279,raw,535.0,18602.123318385653
279,raw,536.0,18282.957399103143
279,raw,537.0,18088.56278026906
279,raw,538.0,17893.77901785715
279,raw,539.0,17686.41294642858
279,raw,540.0,17479.046875000007
279,raw,541.0,17379.5269058296
279,raw,542.0,17308.67488789238
279,raw,543.0,17247.867713004485
279,raw,544.0,17194.952914798207
279,raw,545.0,17173.336322869956
279,raw,546.0,17215.264573991033
279,raw,547.0,17267.48430493274
279,raw,548.0,17412.32735426009
279,raw,549.0,17557.170403587446
279,raw,550.0,17757.217488789236
279,raw,551.0,17965.513452914794
279,raw,552.0,18092.247747747748
279,raw,553.0,18173.103603603602
279,raw,554.0,18193.91479820628
279,raw,555.0,18131.80717488789
279,raw,556.0,18066.608108108103
279,raw,557.0,17988.229729729726
279,raw,558.0,17909.85135135135
279,raw,559.0,17730.68161434977
279,raw,560.0,17548.394618834078
279,raw,561.0,17343.666666666668
279,raw,562.0,17131.054054054057
279,raw,563.0,17037.315315315314
279,raw,564.0,17053.306306306305
279,raw,565.0,17093.418918918916
279,raw,566.0,17189.815315315314
279,raw,567.0,17296.229729729737
279,raw,568.0,17517.851351351357
279,raw,569.0,17739.472972972977
279,raw,570.0,17889.42792792793
279,raw,571.0,18027.716216216217
279,raw,572.0,17988.563063063066
279,raw,573.0,17849.599099099105
279,raw,574.0,17599.013513513524
279,raw,575.0,17194.28378378378
279,raw,576.0,16804.689189189176
279,raw,577.0,16475.635135135126
279,raw,578.0,16146.581081081074
279,raw,579.0,15936.239819004524
279,raw,580.0,15728.321266968329
279,raw,581.0,15581.128378378382
279,raw,582.0,15452.074324324329
279,raw,583.0,15312.619909502266
279,raw,584.0,15164.656108597284
279,raw,585.0,15030.53846153846
279,raw,586.0,14923.298642533935
279,raw,587.0,14814.617647058823
279,raw,588.0,14696.291855203623
279,raw,589.0,14577.966063348422
279,raw,590.0,14511.676470588236
279,raw,591.0,14449.911764705881
279,raw,592.0,14376.260180995474
279,raw,593.0,14297.753393665158
279,raw,594.0,14223.884615384615
279,raw,595.0,14154.653846153848
279,raw,596.0,14093.493212669684
279,raw,597.0,14052.090497737556
279,raw,598.0,14011.248868778279
279,raw,599.0,13976.859728506786
279,raw,600.0,13942.470588235294
279,raw,601.0,13920.204545454546
279,raw,602.0,13899.75
279,raw,603.0,13889.968325791855
279,raw,604.0,13885.443438914028
279,raw,605.0,13922.727272727276
279,raw,606.0,14009.09090909091
279,raw,607.0,14064.431818181818
279,raw,608.0,14031.477272727274
279,raw,609.0,13999.319004524888
279,raw,610.0,13979.635746606335
279,raw,611.0,13959.952488687783
279,raw,612.0,13913.920454545454
279,raw,613.0,13863.238636363638
279,raw,614.0,13843.28409090909
279,raw,615.0,13839.875
279,raw,616.0,13883.409090909094
279,raw,617.0,13984.318181818184
279,raw,618.0,14057.272727272728
279,raw,619.0,14046.363636363636
279,raw,620.0,14037.917808219176
279,raw,621.0,14076.27397260274
279,raw,622.0,14114.630136986301
279,raw,623.0,14063.513636363637
279,raw,624.0,13997.83181818182
279,raw,625.0,13895.100000000002
279,raw,626.0,13773.281818181817
279,raw,627.0,13670.426940639267
279,raw,628.0,13589.833333333334
279,raw,629.0,13523.109589041096
279,raw,630.0,13493.885844748858
279,raw,631.0,13467.145454545454
279,raw,632.0,13468.963636363636
279,raw,633.0,13470.781818181818
279,raw,634.0,13457.13698630137
279,raw,635.0,13441.383561643835
279,raw,636.0,13425.787671232876
279,raw,637.0,13410.262557077625
279,raw,638.0,13410.833333333334
279,raw,639.0,13427.5
279,raw,640.0,13443.671232876712
279,raw,641.0,13458.739726027397
279,raw,642.0,13475.04109589041
279,raw,643.0,13500.383561643835
279,raw,644.0,13525.726027397259
279,raw,645.0,13560.135321100917
279,raw,646.0,13595.227064220184
279,raw,647.0,13672.150684931505
279,raw,648.0,13763.018264840179
279,raw,649.0,13895.990825688066
279,raw,650.0,14062.04587155963
279,raw,651.0,14196.059360730595
279,raw,652.0,14277.794520547948
279,raw,653.0,14363.610091743125
279,raw,654.0,14466.821100917434
279,raw,655.0,14568.699541284404
279,raw,656.0,14538.65366972477
279,raw,657.0,14508.607798165136
279,raw,658.0,14485.795871559632
279,raw,659.0,14464.465596330276
279,raw,660.0,14390.367579908676
279,raw,661.0,14287.85616438356
279,raw,662.0,14167.845622119812
279,raw,663.0,14027.292626728113
279,raw,664.0,13892.779816513765
279,raw,665.0,13773.05504587156
279,raw,666.0,13662.740825688074
279,raw,667.0,13628.566513761469
279,raw,668.0,13594.392201834864
279,raw,669.0,13575.362385321101
279,raw,670.0,13557.47247706422
279,raw,671.0,13586.006912442397
279,raw,672.0,13630.01612903226
279,raw,673.0,13631.472477064219
279,raw,674.0,13602.114678899083
279,raw,675.0,13582.28801843318
279,raw,676.0,13576.758064516129
279,raw,677.0,13567.27752293578
279,raw,678.0,13544.571100917432
279,raw,679.0,13523.668202764977
279,raw,680.0,13537.032258064515
279,raw,681.0,13550.396313364055
279,raw,682.0,13582.009216589862
279,raw,683.0,13616.110599078342
279,raw,684.0,13639.251152073733
279,raw,685.0,13657.914746543778
279,raw,686.0,13698.850230414744
279,raw,687.0,13758.758064516129
279,raw,688.0,13857.967741935487
279,raw,689.0,14024.096774193553
279,raw,690.0,14181.490740740745
279,raw,691.0,14303.944444444445
279,raw,692.0,14427.730414746538
279,raw,693.0,14583.490783410136
279,raw,694.0,14739.251152073733
279,raw,695.0,14821.442396313365
279,raw,696.0,14892.640552995395
279,raw,697.0,14946.083333333334
279,raw,698.0,14991.916666666666
279,raw,699.0,14989.125000000002
279,raw,700.0,14944.912037037038
279,raw,701.0,14930.370967741936
279,raw,702.0,14964.241935483871
279,raw,703.0,15016.131944444447
279,raw,704.0,15135.807870370369
279,raw,705.0,15252.960648148144
279,raw,706.0,15322.17361111111
279,raw,707.0,15391.386574074073
279,raw,708.0,15313.914351851852
279,raw,709.0,15218.312499999998
279,raw,710.0,15120.344907407405
279,raw,711.0,15021.50231481481
279,raw,712.0,14915.27083333333
279,raw,713.0,14803.46527777778
279,raw,714.0,14778.689814814812
279,raw,715.0,14879.152777777777
279,raw,716.0,15036.302325581397
279,raw,717.0,15363.51162790698
279,raw,718.0,15692.814814814823
279,raw,719.0,16040.962962962976
279,raw,720.0,16389.11111111113
279,raw,721.0,16609.58604651163
279,raw,722.0,16821.91162790697
279,raw,723.0,16916.606481481478
279,raw,724.0,16980.032407407405
279,raw,725.0,17120.123255813953
279,raw,726.0,17305.239534883724
279,raw,727.0,17418.132558139536
279,raw,728.0,17452.783720930234
279,raw,729.0,17323.202325581384
279,raw,730.0,16860.179069767448
279,raw,731.0,16334.616279069807
279,raw,732.0,15524.151162790728
279,raw,733.0,14723.11162790699
279,raw,734.0,14226.832558139544
279,raw,735.0,13730.553488372096
279,raw,736.0,13523.241860465116
279,raw,737.0,13355.334883720927
279,raw,738.0,13324.43023255814
279,raw,739.0,13344.197674418605
279,raw,740.0,13479.070093457954
279,raw,741.0,13697.294392523376
279,raw,742.0,14028.039534883737
279,raw,743.0,14501.99302325581
279,raw,744.0,14972.387850467274
279,raw,745.0,15434.07009345793
279,raw,746.0,15814.408878504675
279,raw,747.0,15733.80140186916
279,raw,748.0,15649.03720930233
279,raw,749.0,15152.758139534883
279,raw,750.0,14656.479069767436
279,raw,751.0,14387.07009345794
279,raw,752.0,14154.59345794392
279,raw,753.0,14095.38785046729
279,raw,754.0,14103.565420560748
279,raw,755.0,13993.845794392515
279,raw,756.0,13798.752336448588
279,raw,757.0,13629.976635514015
279,raw,758.0,13494.696261682244
279,raw,759.0,13367.686915887854
279,raw,760.0,13259.976635514022
279,raw,761.0,13176.673708920187
279,raw,762.0,13221.50938967136
279,raw,763.0,13265.827102803738
279,raw,764.0,13293.397196261682
279,raw,765.0,13320.967289719625
279,raw,766.0,13477.046728971962
279,raw,767.0,13649.009345794393
279,raw,768.0,13797.80985915493
279,raw,769.0,13938.889671361503
279,raw,770.0,14091.030516431925
279,raw,771.0,14249.950704225354
279,raw,772.0,14359.278037383177
279,raw,773.0,14416.98831775701
279,raw,774.0,14494.840375586857
279,raw,775.0,14610.098591549298
279,raw,776.0,14736.150234741788
279,raw,777.0,14900.46948356808
279,raw,778.0,15071.211267605642
279,raw,779.0,15306.89201877935
279,raw,780.0,15542.57276995306
279,raw,781.0,15914.591549295788
279,raw,782.0,16292.291079812221
279,raw,783.0,16620.697183098604
279,raw,784.0,16939.007042253535
279,raw,785.0,17238.5566037736
279,raw,786.0,17530.06603773586
279,raw,787.0,17832.218309859167
279,raw,788.0,18142.077464788745
279,raw,789.0,18445.27122641511
279,raw,790.0,18740.318396226427
279,raw,791.0,18982.85211267606
279,raw,792.0,19118.76760563381
279,raw,793.0,19234.85849056604
279,raw,794.0,19271.650943396227
279,raw,795.0,19285.406103286376
279,raw,796.0,19034.232394366187
279,raw,797.0,18783.058685445998
279,raw,798.0,18395.429245283
279,raw,799.0,18000.617924528284
279,raw,800.0,17539.054245283
279,raw,801.0,17063.818396226397
279,raw,802.0,16540.021226415076
279,raw,803.0,15996.389150943378
279,raw,804.0,15510.78301886791
279,raw,805.0,15065.499999999987
279,raw,806.0,14688.054502369661
279,raw,807.0,14387.106635071084
279,raw,808.0,14089.981132075469
279,raw,809.0,13799.650943396224
279,raw,810.0,13545.094339622641
279,raw,811.0,13403.82075471698
279,raw,812.0,13275.007109004739
279,raw,813.0,13237.5663507109
279,raw,814.0,13200.39858490566
279,raw,815.0,13190.257075471698
279,raw,816.0,13180.115566037735
279,raw,817.0,13266.31279620853
279,raw,818.0,13364.417061611372
279,raw,819.0,13463.632075471694
279,raw,820.0,13563.160377358487
279,raw,821.0,13686.30331753554
279,raw,822.0,13821.611374407577
279,raw,823.0,13916.12559241706
279,raw,824.0,13977.263033175357
279,raw,825.0,14058.52369668247
279,raw,826.0,14165.395734597161
279,raw,827.0,14262.414691943131
279,raw,828.0,14339.428909952609
279,raw,829.0,14415.139810426543
279,raw,830.0,14486.229857819906
279,raw,831.0,14535.776190476188
279,raw,832.0,14411.014285714286
279,raw,833.0,14286.258293838864
279,raw,834.0,14162.08767772512
279,raw,835.0,14037.917061611377
279,raw,836.0,13839.285714285721
279,raw,837.0,13632.380952380961
279,raw,838.0,13444.649289099527
279,raw,839.0,13261.710900473927
279,raw,840.0,13100.678571428565
279,raw,841.0,12949.48809523809
279,raw,842.0,12823.187203791465
279,raw,843.0,12714.182464454974
279,raw,844.0,12633.842857142856
279,raw,845.0,12584.557142857142
279,raw,846.0,12523.871428571429
279,raw,847.0,12444.585714285717
279,raw,848.0,12364.100000000002
279,raw,849.0,12280.528571428575
279,raw,850.0,12208.528571428573
279,raw,851.0,12189.242857142857
279,raw,852.0,12167.176190476188
279,raw,853.0,12113.12857142857
279,raw,854.0,12059.080952380951
279,raw,855.0,11936.666666666666
279,raw,856.0,11812.857142857143
279,raw,857.0,11761.578947368422
279,raw,858.0,11720.19138755981
279,raw,859.0,11691.37380952381
279,raw,860.0,11665.897619047619
279,raw,861.0,11641.162679425835
279,raw,862.0,11616.760765550238
279,raw,863.0,11599.285714285714
279,raw,864.0,11586.42857142857
279,raw,865.0,11563.253588516747
279,raw,866.0,11529.76076555024
279,raw,867.0,11480.868421052633
279,raw,868.0,11409.815789473683
279,raw,869.0,11363.413875598086
279,raw,870.0,11369.394736842105
279,raw,871.0,11362.775119617225
279,raw,872.0,11313.971291866028
279,raw,873.0,11271.22966507177
279,raw,874.0,11265.727272727272
279,raw,875.0,11259.818181818182
279,raw,876.0,11246.181818181818
279,raw,877.0,11232.545454545454
279,raw,878.0,11246.698564593302
279,raw,879.0,11262.009569377991
279,raw,880.0,11262.95933014354
279,raw,881.0,11261.763157894737
279,raw,882.0,11300.3125
279,raw,883.0,11350.072115384617
279,raw,884.0,11389.784688995216
279,raw,885.0,11425.19138755981
279,raw,886.0,11493.108173076924
279,raw,887.0,11581.810096153844
279,raw,888.0,11678.782296650717
279,raw,889.0,11783.088516746415
279,raw,890.0,11927.91346153847
279,raw,891.0,12124.307692307697
279,raw,892.0,12323.125000000002
279,raw,893.0,12526.249999999998
279,raw,894.0,12745.999999999995
279,raw,895.0,13008.500000000005
279,raw,896.0,13269.413461538472
279,raw,897.0,13523.980769230775
279,raw,898.0,13764.26923076923
279,raw,899.0,13899.84615384615
279,raw,900.0,14030.875
279,raw,901.0,14052.75
279,raw,902.0,14074.625
279,raw,903.0,14175.653846153848
279,raw,904.0,14279.98076923077
279,raw,905.0,14583.282608695643
279,raw,906.0,14913.717391304332
279,raw,907.0,15430.762019230755
279,raw,908.0,15991.579326923082
279,raw,909.0,16482.079710144928
279,raw,910.0,16946.572463768105
279,raw,911.0,17027.552884615387
279,raw,912.0,16910.966346153844
279,raw,913.0,16493.12560386472
279,raw,914.0,15857.13526570048
279,raw,915.0,15172.608695652169
279,raw,916.0,14441.44927536229
279,raw,917.0,13828.048309178723
279,raw,918.0,13364.521739130425
279,raw,919.0,12973.028985507248
279,raw,920.0,12704.18840579711
279,raw,921.0,12495.85507246377
279,raw,922.0,12428.705314009661
279,raw,923.0,12397.27777777778
279,raw,924.0,12485.442028985506
279,raw,925.0,12594.08937198067
279,raw,926.0,12810.272946859905
279,raw,927.0,13028.000000000007
279,raw,928.0,13261.333333333334
279,raw,929.0,13497.029126213585
279,raw,930.0,13848.485436893206
279,raw,931.0,14199.941747572828
279,raw,932.0,14360.086956521742
279,raw,933.0,14512.260869565216
279,raw,934.0,14531.808252427185
279,raw,935.0,14534.963592233009
279,raw,936.0,14286.097087378635
279,raw,937.0,13985.61165048544
279,raw,938.0,13638.072463768114
279,raw,939.0,13276.478260869551
279,raw,940.0,12921.980582524262
279,raw,941.0,12570.52427184466
279,raw,942.0,12329.669902912621
279,raw,943.0,12151.029126213587
279,raw,944.0,11976.330097087375
279,raw,945.0,11804.485436893205
279,raw,946.0,11657.757281553399
279,raw,947.0,11534.213592233007
279,raw,948.0,11471.85436893204
279,raw,949.0,11481.320388349515
279,raw,950.0,11490.317073170732
279,raw,951.0,11498.609756097561
279,raw,952.0,11501.876213592233
279,raw,953.0,11495.808252427185
279,raw,954.0,11506.070388349513
279,raw,955.0,11556.313106796117
279,raw,956.0,11596.346341463415
279,raw,957.0,11602.2
279,raw,958.0,11608.053658536584
279,raw,959.0,11613.90731707317
279,raw,960.0,11626.793689320388
279,raw,961.0,11686.74514563107
279,raw,962.0,11742.858536585367
279,raw,963.0,11747.980487804878
279,raw,964.0,11753.965853658536
279,raw,965.0,11802.258536585367
279,raw,966.0,11850.551219512196
279,raw,967.0,11885.831707317073
279,raw,968.0,11920.70975609756
279,raw,969.0,11943.246341463415
279,raw,970.0,11964.709756097562
279,raw,971.0,11998.69268292683
279,raw,972.0,12034.546341463416
279,raw,973.0,12039.4
279,raw,974.0,12037.448780487804
279,raw,975.0,12021.713235294117
279,raw,976.0,12001.860294117647
279,raw,977.0,12007.89512195122
279,raw,978.0,12023.50487804878
279,raw,979.0,12033.475609756097
279,raw,980.0,12040.792682926829
279,raw,981.0,12036.088235294117
279,raw,982.0,12024.323529411764
279,raw,983.0,11987.252450980392
279,raw,984.0,11932.595588235296
279,raw,985.0,11876.878048780489
279,raw,986.0,11820.292682926829
279,raw,987.0,11752.416666666666
279,raw,988.0,11673.249999999998
279,raw,989.0,11607.612745098038
279,raw,990.0,11557.857843137255
279,raw,991.0,11524.882352941177
279,raw,992.0,11515.078431372549
279,raw,993.0,11532.936274509804
279,raw,994.0,11595.926470588236
279,raw,995.0,11587.666666666664
279,raw,996.0,11441.098039215689
279,raw,997.0,11295.86453201971
279,raw,998.0,11153.746305418723
279,raw,999.0,11044.176470588236
279,raw,1000.0,11022.607843137255
279,raw,1001.0,11042.41666666667
279,raw,1002.0,11200.750000000007
279,raw,1003.0,11372.756157635478
279,raw,1004.0,11603.051724137931
279,raw,1005.0,11825.110837438418
279,raw,1006.0,12003.928571428569
279,raw,1007.0,12144.747549019608
279,raw,1008.0,12031.267156862743
279,raw,1009.0,11897.38669950738
279,raw,1010.0,11557.238916256163
279,raw,1011.0,11224.568965517254
279,raw,1012.0,11009.05172413794
279,raw,1013.0,10795.884236453207
279,raw,1014.0,10658.692118226603
279,raw,1015.0,10521.5
279,raw,1016.0,10475.933497536946
279,raw,1017.0,10430.366995073891
279,raw,1018.0,10422.071428571428
279,raw,1019.0,10414.92857142857
279,raw,1020.0,10522.854679802957
279,raw,1021.0,10638.125615763543
279,raw,1022.0,10689.068965517241
279,raw,1023.0,10733.650246305418
279,raw,1024.0,10744.009900990099
279,raw,1025.0,10749.702970297029
279,raw,1026.0,10775.283251231525
279,raw,1027.0,10804.100985221672
279,raw,1028.0,10901.655940594052
279,raw,1029.0,11013.28960396039
279,raw,1030.0,11033.302955665025
279,raw,1031.0,11031.82512315271
279,raw,1032.0,11065.866336633662
279,raw,1033.0,11109.925742574256
279,raw,1034.0,11183.89603960396
279,raw,1035.0,11267.31188118812
279,raw,1036.0,11328.930693069307
279,raw,1037.0,11382.891089108913
279,raw,1038.0,11514.910891089114
279,raw,1039.0,11677.287128712878
279,raw,1040.0,11787.163366336637
279,raw,1041.0,11874.539603960402
279,raw,1042.0,11996.084158415852
279,raw,1043.0,12133.70792079209
279,raw,1044.0,12290.772277227738
279,raw,1045.0,12457.85148514853
279,raw,1046.0,12704.29702970298
279,raw,1047.0,12995.386138613841
279,raw,1048.0,13281.97512437808
279,raw,1049.0,13565.805970149226
279,raw,1050.0,13908.571782178182
279,raw,1051.0,14289.01732673264
279,raw,1052.0,14780.947761193986
279,raw,1053.0,15350.350746268614
279,raw,1054.0,15956.450495049463
279,raw,1055.0,16589.1237623762
279,raw,1056.0,17316.614427860655
279,raw,1057.0,18118.6044776119
279,raw,1058.0,19056.179104477567
279,raw,1059.0,20104.68656716414
279,raw,1060.0,21250.17910447757
279,raw,1061.0,22478.288557213895
279,raw,1062.0,23672.251243781066
279,raw,1063.0,24835.932835820873
279,raw,1064.0,26019.146766169135
279,raw,1065.0,27220.39054726367
279,raw,1066.0,28171.32835820895
279,raw,1067.0,28881.776119402984
279,raw,1068.0,29406.402985074626
279,raw,1069.0,29745.208955223883
279,raw,1070.0,29751.375621890544
279,raw,1071.0,29411.32587064676
279,raw,1072.0,28806.339999999982
279,raw,1073.0,27914.339999999982
279,raw,1074.0,26893.843283582068
279,raw,1075.0,25734.14179104475
279,raw,1076.0,24468.432499999963
279,raw,1077.0,23083.182499999963
279,raw,1078.0,21714.032338308418
279,raw,1079.0,20363.03731343279
279,raw,1080.0,19087.13499999996
279,raw,1081.0,17899.38499999996
279,raw,1082.0,16839.744999999966
279,raw,1083.0,15930.494999999966
279,raw,1084.0,15123.709999999975
279,raw,1085.0,14437.209999999975
279,raw,1086.0,13852.369999999983
279,raw,1087.0,13386.869999999983
279,raw,1088.0,12934.479999999985
279,raw,1089.0,12497.479999999985
279,raw,1090.0,12152.594999999992
279,raw,1091.0,11915.844999999992
279,raw,1092.0,11695.654999999993
279,raw,1093.0,11494.904999999993
279,raw,1094.0,11304.504999999994
279,raw,1095.0,11126.254999999994
279,raw,1096.0,10988.85427135678
279,raw,1097.0,10899.407035175876
279,raw,1098.0,10849.65
279,raw,1099.0,10844.65
279,raw,1100.0,10821.806532663315
279,raw,1101.0,10778.841708542712
279,raw,1102.0,10729.98
279,raw,1103.0,10674.73
279,raw,1104.0,10657.819095477387
279,raw,1105.0,10682.442211055277
279,raw,1106.0,10693.522613065326
279,raw,1107.0,10690.507537688442
279,raw,1108.0,10688.748743718594
279,raw,1109.0,10688.24623115578
279,raw,1110.0,10711.962311557789
279,raw,1111.0,10758.947236180904
279,raw,1112.0,10776.927135678392
279,raw,1113.0,10768.133165829146
279,raw,1114.0,10787.96984924623
279,raw,1115.0,10833.195979899496
279,raw,1116.0,10887.512562814069
279,raw,1117.0,10949.572864321606
279,raw,1118.0,10988.555276381909
279,raw,1119.0,11008.655778894472
279,raw,1120.0,11050.449494949491
279,raw,1121.0,11109.287878787874
279,raw,1122.0,11173.492462311553
279,raw,1123.0,11241.582914572858
279,raw,1124.0,11364.555555555542
279,raw,1125.0,11525.666666666652
279,raw,1126.0,11694.32575757575
279,raw,1127.0,11867.810606060619
279,raw,1128.0,12012.095477386949
279,raw,1129.0,12139.231155778907
279,raw,1130.0,12266.77777777779
279,raw,1131.0,12394.555555555566
279,raw,1132.0,12497.500000000007
279,raw,1133.0,12587.651515151521
279,raw,1134.0,12635.045454545456
279,raw,1135.0,12662.318181818184
279,raw,1136.0,12634.969696969694
279,raw,1137.0,12584.21212121212
279,raw,1138.0,12560.181818181818
279,raw,1139.0,12546.545454545454
279,raw,1140.0,12492.545454545454
279,raw,1141.0,12424.363636363636
279,raw,1142.0,12404.335025380711
279,raw,1143.0,12399.51269035533
279,raw,1144.0,12489.270202020198
279,raw,1145.0,12604.169191919185
279,raw,1146.0,12719.27272727272
279,raw,1147.0,12834.424242424235
279,raw,1148.0,13063.185279187795
279,raw,1149.0,13315.215736040584
279,raw,1150.0,13626.308080808078
279,raw,1151.0,13947.015151515183
279,raw,1152.0,14317.17512690359
279,raw,1153.0,14694.078680203076
279,raw,1154.0,15149.048223350286
279,raw,1155.0,15611.738578680228
279,raw,1156.0,16236.185279187845
279,raw,1157.0,16870.956852791896
279,raw,1158.0,17730.50253807108
279,raw,1159.0,18597.0
279,raw,1160.0,19527.203045685266
279,raw,1161.0,20460.992385786773
279,raw,1162.0,21510.73857868016
279,raw,1163.0,22552.687817258833
279,raw,1164.0,23472.48477157354
279,raw,1165.0,24355.459390862903
279,raw,1166.0,24866.11928934005
279,raw,1167.0,25314.826530612245
279,raw,1168.0,25309.214285714286
279,raw,1169.0,25246.95685279185
279,raw,1170.0,24887.312182741094
279,raw,1171.0,24478.267857142826
279,raw,1172.0,23858.624999999978
279,raw,1173.0,23225.75380710659
279,raw,1174.0,22548.596446700507
279,raw,1175.0,21861.984693877563
279,raw,1176.0,21148.464285714308
279,raw,1177.0,20420.25000000004
279,raw,1178.0,19657.750000000055
279,raw,1179.0,18871.744897959223
279,raw,1180.0,18040.11224489792
279,raw,1181.0,17244.540816326455
279,raw,1182.0,16507.806122448917
279,raw,1183.0,15821.32142857139
279,raw,1184.0,15204.229591836705
279,raw,1185.0,14639.005102040803
279,raw,1186.0,14134.668367346934
279,raw,1187.0,13676.505102040821
279,raw,1188.0,13264.515306122461
279,raw,1189.0,12882.831632653078
279,raw,1190.0,12526.964285714308
279,raw,1191.0,12176.423469387784
279,raw,1192.0,11829.739795918402
279,raw,1193.0,11529.487179487194
279,raw,1194.0,11257.692307692296
279,raw,1195.0,11047.673469387744
279,raw,1196.0,10868.081632653053
279,raw,1197.0,10761.930769230768
279,raw,1198.0,10685.776923076923
279,raw,1199.0,10678.163265306122
279,raw,1200.0,10692.19387755102
279,raw,1201.0,10846.384615384603
279,raw,1202.0,11035.615384615368
279,raw,1203.0,11331.205128205125
279,raw,1204.0,11645.564102564129
279,raw,1205.0,12200.846153846194
279,raw,1206.0,12782.897435897463
279,raw,1207.0,13483.57692307694
279,raw,1208.0,14190.5
279,raw,1209.0,14940.499999999982
279,raw,1210.0,15676.961538461515
279,raw,1211.0,16156.192307692274
279,raw,1212.0,16582.08974358975
279,raw,1213.0,16527.98717948718
279,raw,1214.0,16395.865979381393
279,raw,1215.0,15821.639175257698
279,raw,1216.0,15212.492307692284
279,raw,1217.0,14471.97948717948
279,raw,1218.0,13749.133333333344
279,raw,1219.0,13076.569230769257
279,raw,1220.0,12489.458762886623
279,raw,1221.0,12092.551546391789
279,raw,1222.0,11710.139175257758
279,raw,1223.0,11352.407216494841
279,raw,1224.0,11004.174358974342
279,raw,1225.0,10668.533333333324
279,raw,1226.0,10409.876288659792
279,raw,1227.0,10234.618556701034
279,raw,1228.0,10075.644329896915
279,raw,1229.0,9930.541237113413
279,raw,1230.0,9797.654639175262
279,raw,1231.0,9672.912371134014
279,raw,1232.0,9576.067010309273
279,raw,1233.0,9493.592783505152
279,raw,1234.0,9436.91237113402
279,raw,1235.0,9390.262886597939
279,raw,1236.0,9362.309278350516
279,raw,1237.0,9339.628865979383
279,raw,1238.0,9258.746113989639
279,raw,1239.0,9166.777202072532
279,raw,1240.0,9180.07731958763
279,raw,1241.0,9203.788659793816
279,raw,1242.0,9202.5
279,raw,1243.0,9199.971502590673
279,raw,1244.0,9182.354922279794
279,raw,1245.0,9162.324742268045
279,raw,1246.0,9120.572164948453
279,raw,1247.0,9087.116580310882
279,raw,1248.0,9097.220207253886
279,raw,1249.0,9097.849740932643
279,raw,1250.0,9066.76165803109
279,raw,1251.0,9034.507772020728
279,raw,1252.0,8999.53367875648
279,raw,1253.0,8993.891191709841
279,raw,1254.0,9038.19170984456
279,raw,1255.0,9057.41450777202
279,raw,1256.0,9044.720207253886
279,raw,1257.0,9026.476683937824
279,raw,1258.0,9002.901554404147
279,raw,1259.0,8998.709844559586
279,raw,1260.0,9008.554404145078
279,raw,1261.0,9009.810880829014
279,raw,1262.0,9006.443005181347
279,raw,1263.0,9057.541450777202
279,raw,1264.0,9129.821243523314
279,raw,1265.0,9176.476562499998
279,raw,1266.0,9216.320312499996
279,raw,1267.0,9247.645077720206
279,raw,1268.0,9277.696891191712
279,raw,1269.0,9317.442708333334
279,raw,1270.0,9358.689119170984
279,raw,1271.0,9443.145077720203
279,raw,1272.0,9531.24999999999
279,raw,1273.0,9656.25
279,raw,1274.0,9776.955729166673
279,raw,1275.0,9876.695312500004
279,raw,1276.0,9998.179687499998
279,raw,1277.0,10184.89843749999
279,raw,1278.0,10392.585937499989
279,raw,1279.0,10642.846354166675
279,raw,1280.0,10914.567708333354
279,raw,1281.0,11217.17187500001
279,raw,1282.0,11527.55989583333
279,raw,1283.0,11846.049479166652
279,raw,1284.0,12220.203124999993
279,raw,1285.0,12636.34895833336
279,raw,1286.0,12963.289062500018
279,raw,1287.0,13242.195312500007
279,raw,1288.0,13451.903645833332
279,raw,1289.0,13636.018229166659
279,raw,1290.0,13743.094240837698
279,raw,1291.0,13832.099476439798
279,raw,1292.0,13732.484374999993
279,raw,1293.0,13611.91145833333
279,raw,1294.0,13416.3219895288
279,raw,1295.0,13206.502617801068
279,raw,1296.0,12827.968586387427
279,raw,1297.0,12464.541666666644
279,raw,1298.0,12180.427083333323
279,raw,1299.0,11893.12827225131
279,raw,1300.0,11595.746073298442
279,raw,1301.0,11297.327225130904
279,raw,1302.0,10996.803664921457
279,raw,1303.0,10759.939790575909
279,raw,1304.0,10610.986910994763
279,raw,1305.0,10490.471204188485
279,raw,1306.0,10397.277486911002
279,raw,1307.0,10298.115183246078
279,raw,1308.0,10194.973821989526
279,raw,1309.0,10154.87172774869
279,raw,1310.0,10143.09162303665
279,raw,1311.0,10157.536842105264
279,raw,1312.0,10179.378947368423
279,raw,1313.0,10196.743455497384
279,raw,1314.0,10213.497382198953
279,raw,1315.0,10178.196335078535
279,raw,1316.0,10147.22631578947
279,raw,1317.0,10209.331578947369
279,raw,1318.0,10271.845549738226
279,raw,1319.0,10336.505235602097
279,raw,1320.0,10404.276315789473
279,raw,1321.0,10481.381578947365
279,raw,1322.0,10573.039473684203
279,raw,1323.0,10691.723684210527
279,raw,1324.0,10848.18421052632
279,raw,1325.0,11050.81578947368
279,raw,1326.0,11301.644736842103
279,raw,1327.0,11591.907894736862
279,raw,1328.0,11875.671052631596
279,raw,1329.0,12155.934210526319
279,raw,1330.0,12422.776315789464
279,raw,1331.0,12685.144736842083
279,raw,1332.0,12810.394736842101
279,raw,1333.0,12911.447368421057
279,raw,1334.0,12889.25
279,raw,1335.0,12863.026315789473
279,raw,1336.0,12883.552631578948
279,raw,1337.0,12907.428571428574
279,raw,1338.0,12950.285714285716
279,raw,1339.0,13023.052631578945
279,raw,1340.0,13180.947368421042
279,raw,1341.0,13336.285714285703
279,raw,1342.0,13487.079365079364
279,raw,1343.0,13713.07105263158
279,raw,1344.0,14023.860526315777
279,raw,1345.0,14331.214285714277
279,raw,1346.0,14635.976190476204
279,raw,1347.0,15001.002645502656
279,raw,1348.0,15394.38888888888
279,raw,1349.0,15865.521164021173
279,raw,1350.0,16357.320105820147
279,raw,1351.0,16980.547619047647
279,raw,1352.0,17618.621693121688
279,raw,1353.0,18280.791005290965
279,raw,1354.0,18939.499999999935
279,raw,1355.0,19572.83333333331
279,raw,1356.0,20212.433862433867
279,raw,1357.0,20873.015873015844
279,raw,1358.0,21459.931216931192
279,raw,1359.0,21903.846560846563
279,raw,1360.0,22200.380952380954
279,raw,1361.0,22316.783068783065
279,raw,1362.0,22286.829787234044
279,raw,1363.0,22141.8829787234
279,raw,1364.0,21905.17195767195
279,raw,1365.0,21625.277777777785
279,raw,1366.0,21232.220744680846
279,raw,1367.0,20809.08244680848
279,raw,1368.0,20478.74074074073
279,raw,1369.0,20158.505319148942
279,raw,1370.0,19883.771276595733
279,raw,1371.0,19625.345744680835
279,raw,1372.0,19467.10106382978
279,raw,1373.0,19343.36170212766
279,raw,1374.0,19317.82978723404
279,raw,1375.0,19336.867021276605
279,raw,1376.0,19428.622340425536
279,raw,1377.0,19577.292553191484
279,raw,1378.0,19782.87765957445
279,raw,1379.0,20055.90425531913
279,raw,1380.0,20370.265957446805
279,raw,1381.0,20702.93085106382
279,raw,1382.0,21042.02659574465
279,raw,1383.0,21450.65425531913
279,raw,1384.0,21870.601063829796
279,raw,1385.0,22508.702127659548
279,raw,1386.0,23145.422459892998
279,raw,1387.0,23729.647058823513
279,raw,1388.0,24258.65425531915
279,raw,1389.0,24602.803191489344
279,raw,1390.0,24750.604278074883
279,raw,1391.0,24533.75935828877
279,raw,1392.0,24127.255319148942
279,raw,1393.0,23515.287234042597
279,raw,1394.0,22670.33957219257
279,raw,1395.0,21670.072192513366
279,raw,1396.0,20531.612299465272
279,raw,1397.0,19342.04010695198
279,raw,1398.0,18336.655080213954
279,raw,1399.0,17361.25401069518
279,raw,1400.0,16531.705882352984
279,raw,1401.0,15726.63636363643
279,raw,1402.0,15090.272727272755
279,raw,1403.0,14490.47326203208
279,raw,1404.0,14000.366310160392
279,raw,1405.0,13583.516042780724
279,raw,1406.0,13286.189839572186
279,raw,1407.0,12994.727272727267
279,raw,1408.0,12708.898395721902
279,raw,1409.0,12432.139037433139
279,raw,1410.0,12160.481283422461
279,raw,1411.0,11913.779569892467
279,raw,1412.0,11674.532258064497
279,raw,1413.0,11413.334224598924
279,raw,1414.0,11151.553763440868
279,raw,1415.0,10927.89784946236
279,raw,1416.0,10721.157754010688
279,raw,1417.0,10591.47860962567
279,raw,1418.0,10466.750000000004
279,raw,1419.0,10353.040322580644
279,raw,1420.0,10253.846774193547
279,raw,1421.0,10172.395161290327
279,raw,1422.0,10141.06182795699
279,raw,1423.0,10144.556451612903
279,raw,1424.0,10163.35752688172
279,raw,1425.0,10187.819892473115
279,raw,1426.0,10234.499999999996
279,raw,1427.0,10285.669354838708
279,raw,1428.0,10452.604838709685
279,raw,1429.0,10606.39516129033
279,raw,1430.0,10685.69623655914
279,raw,1431.0,10786.903225806449
279,raw,1432.0,10941.741935483877
279,raw,1433.0,11066.642473118283
279,raw,1434.0,11151.857526881717
279,raw,1435.0,11288.789189189183
279,raw,1436.0,11464.735135135137
279,raw,1437.0,11538.193548387097
279,raw,1438.0,11571.795698924729
279,raw,1439.0,11604.624324324323
279,raw,1440.0,11636.370967741936
279,raw,1441.0,11573.467741935481
279,raw,1442.0,11521.621621621622
279,raw,1443.0,11532.432432432432
279,raw,1444.0,11517.135135135137
279,raw,1445.0,11440.918918918918
279,raw,1446.0,11370.662162162162
279,raw,1447.0,11307.689189189194
279,raw,1448.0,11231.854838709682
279,raw,1449.0,11147.44623655914
279,raw,1450.0,11027.499999999995
279,raw,1451.0,10895.067567567556
279,raw,1452.0,10856.205405405404
279,raw,1453.0,10828.652173913044
279,raw,1454.0,10794.95652173913
279,raw,1455.0,10774.64864864865
279,raw,1456.0,10807.89189189189
279,raw,1457.0,10825.621621621622
279,raw,1458.0,10814.54054054054
279,raw,1459.0,10851.56756756757
279,raw,1460.0,10936.702702702709
279,raw,1461.0,11037.32880434783
279,raw,1462.0,11146.29619565217
279,raw,1463.0,11223.699999999999
279,raw,1464.0,11293.700000000003
279,raw,1465.0,11389.10869565217
279,raw,1466.0,11490.434782608681
279,raw,1467.0,11627.391304347819
279,raw,1468.0,11752.032432432432
279,raw,1469.0,11845.005405405409
279,raw,1470.0,11949.062500000004
279,raw,1471.0,12067.812499999995
279,raw,1472.0,12156.581521739126
279,raw,1473.0,12224.516304347826
279,raw,1474.0,12253.52445652174
279,raw,1475.0,12269.557065217392
279,raw,1476.0,12186.429347826086
279,raw,1477.0,12108.046195652167
279,raw,1478.0,12222.991847826084
279,raw,1479.0,12322.187500000002
279,raw,1480.0,12368.654891304352
279,raw,1481.0,12380.377049180324
279,raw,1482.0,12337.754098360656
279,raw,1483.0,12285.826086956524
279,raw,1484.0,12226.586956521738
279,raw,1485.0,12006.717391304332
279,raw,1486.0,11724.380434782579
279,raw,1487.0,11364.226775956271
279,raw,1488.0,10995.002717391319
279,raw,1489.0,10655.05706521739
279,raw,1490.0,10326.081967213102
279,raw,1491.0,10038.377049180304
279,raw,1492.0,9765.622950819654
279,raw,1493.0,9517.26229508197
279,raw,1494.0,9321.654891304352
279,raw,1495.0,9169.20923913043
279,raw,1496.0,9012.486338797804
279,raw,1497.0,8854.016393442607
279,raw,1498.0,8771.284153005461
279,raw,1499.0,8699.371584699456
279,raw,1500.0,8636.803278688525
279,raw,1501.0,8595.333333333334
279,raw,1502.0,8628.66666666667
279,raw,1503.0,8671.178571428574
279,raw,1504.0,8728.046703296703
279,raw,1505.0,8754.991803278688
279,raw,1506.0,8759.363387978143
279,raw,1507.0,8763.330601092895
279,raw,1508.0,8767.155737704918
279,raw,1509.0,8786.893442622952
279,raw,1510.0,8804.280219780221
279,raw,1511.0,8776.532967032968
279,raw,1512.0,8771.841530054646
279,raw,1513.0,8832.770491803281
279,raw,1514.0,8840.920329670329
279,raw,1515.0,8779.107142857147
279,raw,1516.0,8753.994505494506
279,raw,1517.0,8752.346153846154
279,raw,1518.0,8720.27049180328
279,raw,1519.0,8680.106557377048
279,raw,1520.0,8724.126373626377
279,raw,1521.0,8769.576923076926
279,raw,1522.0,8802.26923076923
279,raw,1523.0,8834.434065934065
279,raw,1524.0,8865.478021978022
279,raw,1525.0,8915.890109890111
279,raw,1526.0,8985.670329670333
279,raw,1527.0,9066.65934065934
279,raw,1528.0,9152.923076923069
279,raw,1529.0,9191.225274725273
279,raw,1530.0,9223.936464088394
279,raw,1531.0,9309.848066298342
279,raw,1532.0,9396.47252747253
279,raw,1533.0,9485.483516483522
279,raw,1534.0,9551.178571428572
279,raw,1535.0,9583.321428571428
279,raw,1536.0,9621.273480662981
279,raw,1537.0,9663.262430939225
279,raw,1538.0,9705.25138121547
279,raw,1539.0,9747.240331491714
279,raw,1540.0,9707.195054945052
279,raw,1541.0,9658.030386740325
279,raw,1542.0,9571.566298342543
279,raw,1543.0,9498.157458563539
279,raw,1544.0,9450.091160220996
279,raw,1545.0,9387.82320441989
279,raw,1546.0,9312.96132596685
279,raw,1547.0,9223.560439560435
279,raw,1548.0,9128.505494505485
279,raw,1549.0,9088.917127071823
279,raw,1550.0,9054.950000000003
279,raw,1551.0,9015.505555555557
279,raw,1552.0,8977.886740331493
279,raw,1553.0,8944.737569060773
279,raw,1554.0,8951.632596685084
279,raw,1555.0,9001.90883977901
279,raw,1556.0,9175.08011049724
279,raw,1557.0,9408.781767955781
279,raw,1558.0,9618.277777777761
279,raw,1559.0,9833.295580110478
279,raw,1560.0,10196.555248618777
279,raw,1561.0,10609.833333333338
279,raw,1562.0,11173.166666666684
279,raw,1563.0,11804.712707182363
279,raw,1564.0,12519.629834254207
279,raw,1565.0,13334.333333333365
279,raw,1566.0,14205.16666666661
279,raw,1567.0,15231.140883977841
279,raw,1568.0,16293.0333333333
279,raw,1569.0,17560.81111111111
279,raw,1570.0,18841.047222222252
279,raw,1571.0,20162.99166666673
279,raw,1572.0,21502.01666666677
279,raw,1573.0,22863.68333333347
279,raw,1574.0,23983.850000000046
279,raw,1575.0,24962.18333333328
279,raw,1576.0,25703.736111111077
279,raw,1577.0,26379.574999999997
279,raw,1578.0,26498.741666666665
279,raw,1579.0,26467.27653631284
279,raw,1580.0,25931.522346368693
279,raw,1581.0,25170.47777777771
279,raw,1582.0,24122.699999999906
279,raw,1583.0,23016.077777777737
279,raw,1584.0,21876.35555555563
279,raw,1585.0,20647.2849162012
279,raw,1586.0,19401.111111111168
279,raw,1587.0,18153.333333333358
279,raw,1588.0,16917.779329608933
279,raw,1589.0,15718.896648044662
279,raw,1590.0,14584.259776536264
279,raw,1591.0,13525.04189944127
279,raw,1592.0,12699.241666666663
279,raw,1593.0,11988.408333333402
279,raw,1594.0,11424.061452514015
279,raw,1595.0,10913.782122905039
279,raw,1596.0,10773.558659217884
279,raw,1597.0,10698.22067039106
279,raw,1598.0,10781.740223463687
279,raw,1599.0,11095.008379888273
279,raw,1600.0,11638.025139664822
279,raw,1601.0,12389.678770949764
279,raw,1602.0,13226.55027932967
279,raw,1603.0,14372.829608938655
279,raw,1604.0,15588.426966292276
279,raw,1605.0,17087.865168539298
279,raw,1606.0,18635.893854748465
279,raw,1607.0,20274.16201117308
279,raw,1608.0,21678.418994413354
279,raw,1609.0,22898.810055865895
279,raw,1610.0,23575.31460674157
279,raw,1611.0,24089.359550561803
279,raw,1612.0,23444.047752808972
279,raw,1613.0,22651.999999999945
279,raw,1614.0,21351.99999999992
279,raw,1615.0,19880.106741572898
279,raw,1616.0,18170.837078651522
279,raw,1617.0,16524.308988763998
279,raw,1618.0,14913.073033708002
279,raw,1619.0,13570.220670391169
279,raw,1620.0,12302.814606741626
279,raw,1621.0,11457.308988764085
279,raw,1622.0,10687.073033707884
279,raw,1623.0,10101.1179775281
279,raw,1624.0,9585.073033707866
279,raw,1625.0,9136.196629213477
279,raw,1626.0,8785.276836158184
279,raw,1627.0,8470.587570621457
279,raw,1628.0,8171.617977528074
279,raw,1629.0,7879.269662921331
279,raw,1630.0,7614.101123595484
279,raw,1631.0,7369.269662921339
279,raw,1632.0,7154.943820224733
279,raw,1633.0,6995.036723163855
279,raw,1634.0,6868.48305084747
279,raw,1635.0,6735.848314606752
279,raw,1636.0,6603.313559322041
279,raw,1637.0,6486.364406779667
279,raw,1638.0,6381.0730337078685
279,raw,1639.0,6302.983146067418
279,raw,1640.0,6244.200564971752
279,raw,1641.0,6203.24011299435
279,raw,1642.0,6146.813559322033
279,raw,1643.0,6085.231638418078
279,raw,1644.0,6053.271186440677
279,raw,1645.0,6024.940677966101
279,raw,1646.0,6007.991525423728
279,raw,1647.0,5957.358757062141
279,raw,1648.0,5863.855932203383
279,raw,1649.0,5805.3672316384145
279,raw,1650.0,5764.124293785307
279,raw,1651.0,5744.491525423727
279,raw,1652.0,5728.2146892655355
279,raw,1653.0,5718.327683615819
279,raw,1654.0,5696.745762711868
279,raw,1655.0,5654.3728813559355
279,raw,1656.0,5614.70738636364
279,raw,1657.0,5576.923295454549
279,raw,1658.0,5524.779661016953
279,raw,1659.0,5471.806818181819
279,raw,1660.0,5451.920454545456
279,raw,1661.0,5409.7796610169535
279,raw,1662.0,5315.711864406782
279,raw,1663.0,5281.738636363636
279,raw,1664.0,5301.056818181818
279,raw,1665.0,5284.401129943503
279,raw,1666.0,5257.0
279,raw,1667.0,5205.579545454545
279,raw,1668.0,5171.954545454546
279,raw,1669.0,5194.681818181819
279,raw,1670.0,5189.590909090908
279,raw,1671.0,5154.363636363635
279,raw,1672.0,5123.022727272726
279,raw,1673.0,5093.193181818181
279,raw,1674.0,5082.181818181818
279,raw,1675.0,5068.31818181818
279,raw,1676.0,5039.909090909089
279,raw,1677.0,5024.75
279,raw,1678.0,5026.454545454546
279,raw,1679.0,5007.765714285712
279,raw,1680.0,4979.479999999998
279,raw,1681.0,4923.338068181814
279,raw,1682.0,4877.173295454546
279,raw,1683.0,4889.957386363637
279,raw,1684.0,4892.814285714285
279,raw,1685.0,4881.385714285713
279,raw,1686.0,4854.624999999997
279,raw,1687.0,4819.965909090906
279,raw,1688.0,4832.185714285716
279,raw,1689.0,4844.6857142857125
279,raw,1690.0,4829.257142857142
279,raw,1691.0,4817.15909090909
279,raw,1692.0,4810.056818181817
279,raw,1693.0,4804.025714285714
279,raw,1694.0,4798.597142857142
279,raw,1695.0,4784.777142857141
279,raw,1696.0,4769.879999999998
279,raw,1697.0,4754.737142857141
279,raw,1698.0,4737.922857142855
279,raw,1699.0,4718.494285714284
279,raw,1700.0,4696.688571428569
279,raw,1701.0,4673.545714285712
279,raw,1702.0,4707.362857142862
279,raw,1703.0,4738.396551724135
279,raw,1704.0,4709.086206896549
279,raw,1705.0,4671.842857142853
279,raw,1706.0,4622.699999999995
279,raw,1707.0,4594.357142857141
279,raw,1708.0,4577.214285714284
279,raw,1709.0,4557.396551724136
279,raw,1710.0,4548.865714285718
279,raw,1711.0,4601.151428571433
279,raw,1712.0,4608.436781609191
279,raw,1713.0,4550.965517241375
279,raw,1714.0,4510.629310344825
279,raw,1715.0,4478.7327586206875
279,raw,1716.0,4447.271428571426
279,raw,1717.0,4412.706896551721
279,raw,1718.0,4363.856321839077
279,raw,1719.0,4342.063218390806
279,raw,1720.0,4354.706896551725
279,raw,1721.0,4363.126436781609
279,raw,1722.0,4369.735632183908
279,raw,1723.0,4332.758620689654
279,raw,1724.0,4290.045977011493
279,raw,1725.0,4233.436781609194
279,raw,1726.0,4209.241379310345
279,raw,1727.0,4220.16091954023
279,raw,1728.0,4222.78612716763
279,raw,1729.0,4222.14367816092
279,raw,1730.0,4186.511494252874
279,raw,1731.0,4162.905172413793
279,raw,1732.0,4171.813218390805
279,raw,1733.0,4168.647398843931
279,raw,1734.0,4154.774566473989
279,raw,1735.0,4130.160919540232
279,raw,1736.0,4102.627167630059
279,raw,1737.0,4071.41329479769
279,raw,1738.0,4056.79479768786
279,raw,1739.0,4075.8699421965302
279,raw,1740.0,4079.5344827586214
279,raw,1741.0,4072.9252873563223
279,raw,1742.0,4066.5317919075146
279,raw,1743.0,4053.823699421959
279,raw,1744.0,3998.621387283232
279,raw,1745.0,3976.9450867052046
279,raw,1746.0,4005.5578034682103
279,raw,1747.0,4002.994219653178
279,raw,1748.0,3985.0751445086694
279,raw,1749.0,3980.1965317919075
279,raw,1750.0,3970.0202312138717
279,raw,1751.0,3936.783236994219
279,raw,1752.0,3945.9971098265905
279,raw,1753.0,4001.199421965318
279,raw,1754.0,3997.122093023256
279,raw,1755.0,3973.3583815028906
279,raw,1756.0,3951.9710982658967
279,raw,1757.0,3935.35260115607
279,raw,1758.0,3929.861271676301
279,raw,1759.0,3927.1686046511627
279,raw,1760.0,3926.587209302326
279,raw,1761.0,3934.606936416184
279,raw,1762.0,3937.6627906976787
279,raw,1763.0,3893.186046511627
279,raw,1764.0,3872.895348837211
279,raw,1765.0,3888.8837209302337
279,raw,1766.0,3935.075144508674
279,raw,1767.0,3995.47976878613
279,raw,1768.0,3967.5697674418593
279,raw,1769.0,3940.0261627906975
279,raw,1770.0,3929.2703488372094
279,raw,1771.0,3932.005813953488
279,raw,1772.0,3947.7034883720926
279,raw,1773.0,3941.8139534883726
279,raw,1774.0,3930.4302325581402
279,raw,1775.0,3922.2906976744193
279,raw,1776.0,3914.761627906977
279,raw,1777.0,3908.366279069767
279,raw,1778.0,3910.7894736842113
279,raw,1779.0,3918.3918128654977
279,raw,1780.0,3888.77906976744
279,raw,1781.0,3867.906976744187
279,raw,1782.0,3894.941860465117
279,raw,1783.0,3916.2982456140353
279,raw,1784.0,3931.502923976608
279,raw,1785.0,3888.8895348837227
279,raw,1786.0,3832.8040935672507
279,raw,1787.0,3848.8859649122796
279,raw,1788.0,3857.2134502923977
279,raw,1789.0,3850.488304093567
279,raw,1790.0,3849.46511627907
279,raw,1791.0,3851.790697674419
279,raw,1792.0,3817.941520467834
279,raw,1793.0,3788.5263157894738
279,raw,1794.0,3791.157894736842
279,raw,1795.0,3799.2339181286548
279,raw,1796.0,3812.9766081871344
279,raw,1797.0,3784.2982456140367
279,raw,1798.0,3746.5204678362575
279,raw,1799.0,3746.812865497076
279,raw,1800.0,3744.368421052632
279,p1,400.0,-0.8634754291262977
279,p1,401.0,-0.7258769432043076
279,p1,402.0,-0.5687959321197629
279,p1,403.0,-0.3937043548262493
279,p1,404.0,-0.20207417152065948
279,p1,405.0,0.004622654605898897
279,p1,406.0,0.22567690246139838
279,p1,407.0,0.4651342492481453
279,p1,408.0,0.7150118032263371
279,p1,409.0,0.9665486325156134
279,p1,410.0,1.2107827891812672
279,p1,411.0,1.4312548914343068
279,p1,412.0,1.627921169076472
279,p1,413.0,1.7815552476513687
279,p1,414.0,1.8902223315536082
279,p1,415.0,1.945764888764021
279,p1,416.0,1.9419986666712679
279,p1,417.0,1.884662796184398
279,p1,418.0,1.778775622730795
279,p1,419.0,1.630734824071647
279,p1,420.0,1.4654297955909308
279,p1,421.0,1.2876805038126513
279,p1,422.0,1.1331647808917358
279,p1,423.0,1.009568696826339
279,p1,424.0,0.9385284726851275
279,p1,425.0,0.9272361452981895
279,p1,426.0,0.9754595499666604
279,p1,427.0,1.0768365554825376
279,p1,428.0,1.228214669637105
279,p1,429.0,1.3990491826628295
279,p1,430.0,1.5865353283202175
279,p1,431.0,1.7490437773903715
279,p1,432.0,1.867577461722769
279,p1,433.0,1.9225270020450556
279,p1,434.0,1.902296483071424
279,p1,435.0,1.8052808891239822
279,p1,436.0,1.6125138685807832
279,p1,437.0,1.3659190381331676
279,p1,438.0,1.0956196655142627
279,p1,439.0,0.812084528510601
279,p1,440.0,0.5479344058101125
279,p1,441.0,0.3037940963775392
279,p1,442.0,0.08630411514654307
279,p1,443.0,-0.09317696516484167
279,p1,444.0,-0.2410869515906708
279,p1,445.0,-0.364015059671579
279,p1,446.0,-0.4804488988773776
279,p1,447.0,-0.560078475266899
279,p1,448.0,-0.6143325639438265
279,p1,449.0,-0.6502360361347522
279,p1,450.0,-0.670033548549897
279,p1,451.0,-0.6789940836407774
279,p1,452.0,-0.6806897812638957
279,p1,453.0,-0.6734528465861466
279,p1,454.0,-0.6629802386109432
279,p1,455.0,-0.6511065491196927
279,p1,456.0,-0.64188543331361
279,p1,457.0,-0.6336921218193483
279,p1,458.0,-0.627055965295821
279,p1,459.0,-0.6227498327170583
279,p1,460.0,-0.620926224488574
279,p1,461.0,-0.6216006603742633
279,p1,462.0,-0.623403676239946
279,p1,463.0,-0.6258631379411388
279,p1,464.0,-0.6324658065263021
279,p1,465.0,-0.6423248818996761
279,p1,466.0,-0.6514020148430557
279,p1,467.0,-0.656939743393418
279,p1,468.0,-0.6600632930025361
279,p1,469.0,-0.6630000770519348
279,p1,470.0,-0.6645475654053776
279,p1,471.0,-0.6648354983022805
279,p1,472.0,-0.6627399285015927
279,p1,473.0,-0.6590134990003872
279,p1,474.0,-0.6542645471824551
279,p1,475.0,-0.6450445377884864
279,p1,476.0,-0.6288797048011064
279,p1,477.0,-0.608044525372
279,p1,478.0,-0.5859955438193384
279,p1,479.0,-0.5671157545774046
279,p1,480.0,-0.5505741272856719
279,p1,481.0,-0.5407440746134704
279,p1,482.0,-0.5396085884451615
279,p1,483.0,-0.5485437053931821
279,p1,484.0,-0.567780052556432
279,p1,485.0,-0.5955817120316338
279,p1,486.0,-0.6283656516461111
279,p1,487.0,-0.6645517442434505
279,p1,488.0,-0.6981398704382831
279,p1,489.0,-0.7284372144213718
279,p1,490.0,-0.7484151595036922
279,p1,491.0,-0.7566173569480257
279,p1,492.0,-0.7516535778801015
279,p1,493.0,-0.7355253237805449
279,p1,494.0,-0.7110905146667915
279,p1,495.0,-0.6751721284115627
279,p1,496.0,-0.6255451573601295
279,p1,497.0,-0.5630820820230397
279,p1,498.0,-0.488740511661662
279,p1,499.0,-0.4048048832847454
279,p1,500.0,-0.30876911538572543
279,p1,501.0,-0.20222909581850723
279,p1,502.0,-0.08759618710920825
279,p1,503.0,0.03042461504783376
279,p1,504.0,0.1461997728055012
279,p1,505.0,0.260658764076656
279,p1,506.0,0.368371035777177
279,p1,507.0,0.46504250274960146
279,p1,508.0,0.5480499964730298
279,p1,509.0,0.6198843659928911
279,p1,510.0,0.6822399050752616
279,p1,511.0,0.7369034704674016
279,p1,512.0,0.7871400986841673
279,p1,513.0,0.8346319118544518
279,p1,514.0,0.8795955025909921
279,p1,515.0,0.9217851369040333
279,p1,516.0,0.9600911548033483
279,p1,517.0,0.991526723629098
279,p1,518.0,1.0184134554397042
279,p1,519.0,1.0380014841143785
279,p1,520.0,1.0454046157200534
279,p1,521.0,1.0369413407594799
279,p1,522.0,1.0081932421568665
279,p1,523.0,0.957841398779259
279,p1,524.0,0.8863780064648744
279,p1,525.0,0.7978074244377505
279,p1,526.0,0.6941352762543833
279,p1,527.0,0.5715035967573167
279,p1,528.0,0.4391825047171748
279,p1,529.0,0.3028909635074438
279,p1,530.0,0.1687340910702572
279,p1,531.0,0.041063873528823125
279,p1,532.0,-0.07958681040891372
279,p1,533.0,-0.18628646255258605
279,p1,534.0,-0.2750406887488137
279,p1,535.0,-0.34387086369763326
279,p1,536.0,-0.4023520723890731
279,p1,537.0,-0.4554647745473914
279,p1,538.0,-0.4994537117592733
279,p1,539.0,-0.5329006915873165
279,p1,540.0,-0.5575114739383699
279,p1,541.0,-0.5763155384350881
279,p1,542.0,-0.5894175271033282
279,p1,543.0,-0.594706286214221
279,p1,544.0,-0.589762764891552
279,p1,545.0,-0.5761073557075672
279,p1,546.0,-0.5545919817828667
279,p1,547.0,-0.5204180071833769
279,p1,548.0,-0.4744146590787642
279,p1,549.0,-0.4196173760340286
279,p1,550.0,-0.36083858755440035
279,p1,551.0,-0.3057802622038648
279,p1,552.0,-0.2589485963909375
279,p1,553.0,-0.22566454125653695
279,p1,554.0,-0.2033922332454412
279,p1,555.0,-0.1951313946253749
279,p1,556.0,-0.19854876890312662
279,p1,557.0,-0.21067448138918085
279,p1,558.0,-0.2336829024281684
279,p1,559.0,-0.2650115511357454
279,p1,560.0,-0.29849796837404896
279,p1,561.0,-0.3312500739781256
279,p1,562.0,-0.35682016059575883
279,p1,563.0,-0.37241296276783864
279,p1,564.0,-0.3704207455333968
279,p1,565.0,-0.34903616680813193
279,p1,566.0,-0.310109233341024
279,p1,567.0,-0.25537471770838616
279,p1,568.0,-0.19510551885024421
279,p1,569.0,-0.13636928607134774
279,p1,570.0,-0.0846214941424443
279,p1,571.0,-0.0526466989049149
279,p1,572.0,-0.048543951507832625
279,p1,573.0,-0.07518209909387173
279,p1,574.0,-0.12925939119069824
279,p1,575.0,-0.2008901088371264
279,p1,576.0,-0.28272343734121846
279,p1,577.0,-0.36174675542439094
279,p1,578.0,-0.4316166151527983
279,p1,579.0,-0.48739974078332476
279,p1,580.0,-0.5288476683955957
279,p1,581.0,-0.5622918012124454
279,p1,582.0,-0.5901635543127599
279,p1,583.0,-0.613460422343848
279,p1,584.0,-0.636302878196731
279,p1,585.0,-0.6586858934520213
279,p1,586.0,-0.6811615673785487
279,p1,587.0,-0.7013691270990325
279,p1,588.0,-0.7182647510254468
279,p1,589.0,-0.7324456090309619
279,p1,590.0,-0.7449930418996321
279,p1,591.0,-0.7564377376334196
279,p1,592.0,-0.7665599188420076
279,p1,593.0,-0.7751272572315026
279,p1,594.0,-0.7829265418074356
279,p1,595.0,-0.7906870192330343
279,p1,596.0,-0.7970458542683514
279,p1,597.0,-0.8011624553965884
279,p1,598.0,-0.8033312181914382
279,p1,599.0,-0.8037681866434694
279,p1,600.0,-0.8033966368858617
279,p1,601.0,-0.8024254002412303
279,p1,602.0,-0.7982848269357014
279,p1,603.0,-0.787983072116811
279,p1,604.0,-0.7738546327528218
279,p1,605.0,-0.7581713215874775
279,p1,606.0,-0.7427477845046061
279,p1,607.0,-0.7282468118500602
279,p1,608.0,-0.7167003733480029
279,p1,609.0,-0.710334529306998
279,p1,610.0,-0.7099261777218723
279,p1,611.0,-0.7141841669842882
279,p1,612.0,-0.7187302977328546
279,p1,613.0,-0.7182840657081082
279,p1,614.0,-0.7115675051920853
279,p1,615.0,-0.700138490406611
279,p1,616.0,-0.6859124299931968
279,p1,617.0,-0.6688518216880998
279,p1,618.0,-0.6487722893933039
279,p1,619.0,-0.6297474589765772
279,p1,620.0,-0.6139630933603984
279,p1,621.0,-0.6044861482307189
279,p1,622.0,-0.6029076357336501
279,p1,623.0,-0.6072390979520194
279,p1,624.0,-0.616258775656477
279,p1,625.0,-0.63195972401281
279,p1,626.0,-0.6522535104917255
279,p1,627.0,-0.6729043005560451
279,p1,628.0,-0.6889026310914206
279,p1,629.0,-0.69960502607191
279,p1,630.0,-0.7042533380240396
279,p1,631.0,-0.7042325280233159
279,p1,632.0,-0.7016910719477647
279,p1,633.0,-0.698307678958325
279,p1,634.0,-0.6950389566303357
279,p1,635.0,-0.6922545086226684
279,p1,636.0,-0.6890668350591477
279,p1,637.0,-0.6856235006095754
279,p1,638.0,-0.6809438473993905
279,p1,639.0,-0.6743136600764635
279,p1,640.0,-0.666209266750403
279,p1,641.0,-0.6566929152095226
279,p1,642.0,-0.6469528552268576
279,p1,643.0,-0.6367379494161689
279,p1,644.0,-0.6257055245724866
279,p1,645.0,-0.6121814327172463
279,p1,646.0,-0.5932545420795057
279,p1,647.0,-0.5674013493071075
279,p1,648.0,-0.5363752767078412
279,p1,649.0,-0.5020335791375004
279,p1,650.0,-0.46591495618833095
279,p1,651.0,-0.4267233887844473
279,p1,652.0,-0.39019253517749464
279,p1,653.0,-0.35953254760743625
279,p1,654.0,-0.33712799591304976
279,p1,655.0,-0.32144129107757696
279,p1,656.0,-0.3110639832222786
279,p1,657.0,-0.3066295740681449
279,p1,658.0,-0.30993048671767726
279,p1,659.0,-0.32131424788298235
279,p1,660.0,-0.33891716727770504
279,p1,661.0,-0.35937056129455797
279,p1,662.0,-0.38639288828793067
279,p1,663.0,-0.4166158335242153
279,p1,664.0,-0.4465777352613593
279,p1,665.0,-0.47210718629293796
279,p1,666.0,-0.492937488527512
279,p1,667.0,-0.5076196055780784
279,p1,668.0,-0.5141570201796429
279,p1,669.0,-0.5137080301990081
279,p1,670.0,-0.5092269098782704
279,p1,671.0,-0.5034659284248001
279,p1,672.0,-0.49879925331835545
279,p1,673.0,-0.49415526740492544
279,p1,674.0,-0.490956300324375
279,p1,675.0,-0.49051828777160555
279,p1,676.0,-0.4927343543012064
279,p1,677.0,-0.49555403888729105
279,p1,678.0,-0.49615454409467435
279,p1,679.0,-0.49395611639701414
279,p1,680.0,-0.4897851317486479
279,p1,681.0,-0.48429427253957474
279,p1,682.0,-0.47711184679388907
279,p1,683.0,-0.46860206399922966
279,p1,684.0,-0.4597222751076165
279,p1,685.0,-0.44831193389795376
279,p1,686.0,-0.4311623183722678
279,p1,687.0,-0.4084220802446774
279,p1,688.0,-0.3805261534334346
279,p1,689.0,-0.34716103157911427
279,p1,690.0,-0.3078046602337516
279,p1,691.0,-0.26610891642420115
279,p1,692.0,-0.22493871742471402
279,p1,693.0,-0.18748684436578575
279,p1,694.0,-0.15447145816672722
279,p1,695.0,-0.1249410591053896
279,p1,696.0,-0.1015349795525063
279,p1,697.0,-0.0870065105070249
279,p1,698.0,-0.08046755083832198
279,p1,699.0,-0.07934884546433243
279,p1,700.0,-0.0777739133962287
279,p1,701.0,-0.07277644069407802
279,p1,702.0,-0.06295306767581287
279,p1,703.0,-0.044432901938334164
279,p1,704.0,-0.020262823320035737
279,p1,705.0,0.003909294138536082
279,p1,706.0,0.02167916104084768
279,p1,707.0,0.029620062732853746
279,p1,708.0,0.02659258761908959
279,p1,709.0,0.010074550316531147
279,p1,710.0,-0.01659197705584222
279,p1,711.0,-0.04590560491112381
279,p1,712.0,-0.07377269232780476
279,p1,713.0,-0.08730353217528984
279,p1,714.0,-0.08354812523434625
279,p1,715.0,-0.058897611288781494
279,p1,716.0,-0.009382656349538464
279,p1,717.0,0.060195488245433616
279,p1,718.0,0.14487866881568404
279,p1,719.0,0.23255547334125123
279,p1,720.0,0.3115756822862996
279,p1,721.0,0.3775277776412932
279,p1,722.0,0.42993128029261996
279,p1,723.0,0.4744263827228043
279,p1,724.0,0.5141052203771861
279,p1,725.0,0.5540476613200662
279,p1,726.0,0.5868411589995569
279,p1,727.0,0.6060916275198769
279,p1,728.0,0.5980871341751995
279,p1,729.0,0.5428321779164433
279,p1,730.0,0.4415155628732184
279,p1,731.0,0.297319454814709
279,p1,732.0,0.1313791752643333
279,p1,733.0,-0.03880382553095319
279,p1,734.0,-0.19115587815539697
279,p1,735.0,-0.3105648884909911
279,p1,736.0,-0.39377199086842407
279,p1,737.0,-0.4356832667883937
279,p1,738.0,-0.44762502711949265
279,p1,739.0,-0.4340116877269708
279,p1,740.0,-0.3903869579479565
279,p1,741.0,-0.3234305748671533
279,p1,742.0,-0.22366340923993006
279,p1,743.0,-0.11176959740651313
279,p1,744.0,0.006474939983181846
279,p1,745.0,0.10526927420596725
279,p1,746.0,0.1622251518467336
279,p1,747.0,0.17116034868239277
279,p1,748.0,0.13125570161435082
279,p1,749.0,0.0575491072386029
279,p1,750.0,-0.029143787616109775
279,p1,751.0,-0.10953047332341781
279,p1,752.0,-0.16990433912689729
279,p1,753.0,-0.21611361008731697
279,p1,754.0,-0.24220689405421592
279,p1,755.0,-0.2644969456936099
279,p1,756.0,-0.29215707348394626
279,p1,757.0,-0.3258199661093198
279,p1,758.0,-0.363862545278935
279,p1,759.0,-0.39726858723326514
279,p1,760.0,-0.41853224332847677
279,p1,761.0,-0.4310171550990202
279,p1,762.0,-0.43509979107617364
279,p1,763.0,-0.4286912075575796
279,p1,764.0,-0.41145910627629295
279,p1,765.0,-0.3856820593163385
279,p1,766.0,-0.35398365682349237
279,p1,767.0,-0.3182241896925041
279,p1,768.0,-0.27651419787831116
279,p1,769.0,-0.2331389988199486
279,p1,770.0,-0.1932029639886117
279,p1,771.0,-0.16015269837655532
279,p1,772.0,-0.1311977673847119
279,p1,773.0,-0.10355513404953852
279,p1,774.0,-0.07711500366095657
279,p1,775.0,-0.04864008877214296
279,p1,776.0,-0.01765644026724231
279,p1,777.0,0.022491352691757015
279,p1,778.0,0.07564480301657521
279,p1,779.0,0.1400670642136141
279,p1,780.0,0.2145302863492838
279,p1,781.0,0.29722859206600705
279,p1,782.0,0.3843957898862005
279,p1,783.0,0.47348951109769205
279,p1,784.0,0.5611768373999266
279,p1,785.0,0.64656813550164
279,p1,786.0,0.727695970730071
279,p1,787.0,0.8094852397869842
279,p1,788.0,0.8901976670935673
279,p1,789.0,0.9674760904703511
279,p1,790.0,1.0373820911420417
279,p1,791.0,1.1015060217953596
279,p1,792.0,1.150155789443794
279,p1,793.0,1.1806522179996457
279,p1,794.0,1.1873270766429411
279,p1,795.0,1.169296729001147
279,p1,796.0,1.1266232397987466
279,p1,797.0,1.0616190382437982
279,p1,798.0,0.9742662909242839
279,p1,799.0,0.8675318652249222
279,p1,800.0,0.7464042960468931
279,p1,801.0,0.6199879771213367
279,p1,802.0,0.4877434411961864
279,p1,803.0,0.3593259346394674
279,p1,804.0,0.23722200244259053
279,p1,805.0,0.12550033543640043
279,p1,806.0,0.023366984300970537
279,p1,807.0,-0.06524546352570984
279,p1,808.0,-0.14217739984662084
279,p1,809.0,-0.20722241614632025
279,p1,810.0,-0.26018519288633607
279,p1,811.0,-0.3013026548021851
279,p1,812.0,-0.33268514008813915
279,p1,813.0,-0.3514717408469837
279,p1,814.0,-0.3580385959361181
279,p1,815.0,-0.3548135311535808
279,p1,816.0,-0.3452580903110224
279,p1,817.0,-0.32862812191963114
279,p1,818.0,-0.3060749707865464
279,p1,819.0,-0.2768618251797713
279,p1,820.0,-0.24509686857972302
279,p1,821.0,-0.2135733574605934
279,p1,822.0,-0.18475663937072878
279,p1,823.0,-0.15656539430425737
279,p1,824.0,-0.12937726278616546
279,p1,825.0,-0.10360368959629926
279,p1,826.0,-0.07927827309705421
279,p1,827.0,-0.05223061579483648
279,p1,828.0,-0.02622794475560909
279,p1,829.0,-0.0059869361350829925
279,p1,830.0,0.0041817351986009055
279,p1,831.0,0.004542894392833116
279,p1,832.0,-0.005892183384569063
279,p1,833.0,-0.028187204401299716
279,p1,834.0,-0.0616195796473968
279,p1,835.0,-0.10374410984857592
279,p1,836.0,-0.149918690156284
279,p1,837.0,-0.195242247486879
279,p1,838.0,-0.24188018541731665
279,p1,839.0,-0.2879705005945452
279,p1,840.0,-0.3309863276643799
279,p1,841.0,-0.3669093588362238
279,p1,842.0,-0.3964250748844614
279,p1,843.0,-0.42077236094188114
279,p1,844.0,-0.44071825560660033
279,p1,845.0,-0.45823499835642106
279,p1,846.0,-0.47537538141285757
279,p1,847.0,-0.4920233219558865
279,p1,848.0,-0.5071449976769669
279,p1,849.0,-0.5214934314539603
279,p1,850.0,-0.5334647929635741
279,p1,851.0,-0.5438477487523486
279,p1,852.0,-0.5559394242356741
279,p1,853.0,-0.5700932087230401
279,p1,854.0,-0.5862821621770957
279,p1,855.0,-0.604316499098677
279,p1,856.0,-0.6234860730126282
279,p1,857.0,-0.6406841244541502
279,p1,858.0,-0.6542060247917927
279,p1,859.0,-0.663793594109484
279,p1,860.0,-0.6682627921327732
279,p1,861.0,-0.6707215552909389
279,p1,862.0,-0.6736365382455246
279,p1,863.0,-0.6762707485094088
279,p1,864.0,-0.6805584094712142
279,p1,865.0,-0.6877108833981836
279,p1,866.0,-0.6960828736811514
279,p1,867.0,-0.7039501169531203
279,p1,868.0,-0.7118939218589978
279,p1,869.0,-0.7204878457059205
279,p1,870.0,-0.7282164266818003
279,p1,871.0,-0.734128658714278
279,p1,872.0,-0.7380995650546807
279,p1,873.0,-0.7413519671203338
279,p1,874.0,-0.7448700835829698
279,p1,875.0,-0.7479450642796486
279,p1,876.0,-0.7485519946831143
279,p1,877.0,-0.7474395740932384
279,p1,878.0,-0.7457335222601428
279,p1,879.0,-0.7430679957338181
279,p1,880.0,-0.7381175931419436
279,p1,881.0,-0.7315819845305975
279,p1,882.0,-0.7236870934406061
279,p1,883.0,-0.7141456986659084
279,p1,884.0,-0.701514749574929
279,p1,885.0,-0.6859160816178491
279,p1,886.0,-0.6679631436720637
279,p1,887.0,-0.6464716689194921
279,p1,888.0,-0.6191934733238224
279,p1,889.0,-0.5852488087267396
279,p1,890.0,-0.5455985930581905
279,p1,891.0,-0.5001821779444224
279,p1,892.0,-0.44836900825650844
279,p1,893.0,-0.3902595544457387
279,p1,894.0,-0.32537455042292446
279,p1,895.0,-0.25890776295709195
279,p1,896.0,-0.1920185671563992
279,p1,897.0,-0.1291737267426046
279,p1,898.0,-0.07649712260839543
279,p1,899.0,-0.0350530765241733
279,p1,900.0,-0.008637509754632884
279,p1,901.0,0.010797604847916779
279,p1,902.0,0.027302197248433174
279,p1,903.0,0.052378630225903416
279,p1,904.0,0.09896926190118209
279,p1,905.0,0.16974882675853614
279,p1,906.0,0.27435004896729737
279,p1,907.0,0.3999975002950987
279,p1,908.0,0.532815600531078
279,p1,909.0,0.6541149077749546
279,p1,910.0,0.7371732798420499
279,p1,911.0,0.7692606551686908
279,p1,912.0,0.7359342487596863
279,p1,913.0,0.6413543326616981
279,p1,914.0,0.5006363532899339
279,p1,915.0,0.3311259414203488
279,p1,916.0,0.16029229936007885
279,p1,917.0,-0.0006085934522556475
279,p1,918.0,-0.1349564668270506
279,p1,919.0,-0.239560400365676
279,p1,920.0,-0.31360057894946214
279,p1,921.0,-0.359895813506053
279,p1,922.0,-0.3823371636439785
279,p1,923.0,-0.38331324860668287
279,p1,924.0,-0.3638417848311931
279,p1,925.0,-0.33085759411155813
279,p1,926.0,-0.2842368105008862
279,p1,927.0,-0.22278226411469473
279,p1,928.0,-0.15142715168283746
279,p1,929.0,-0.07509013500129856
279,p1,930.0,-0.00013622576037866638
279,p1,931.0,0.07069168629761186
279,p1,932.0,0.12953959486066233
279,p1,933.0,0.16760557501364884
279,p1,934.0,0.17804777627653853
279,p1,935.0,0.15648427197389336
279,p1,936.0,0.10874510445265358
279,p1,937.0,0.04015044129366788
279,p1,938.0,-0.0461934726322592
279,p1,939.0,-0.1380678956084886
279,p1,940.0,-0.22824741315798588
279,p1,941.0,-0.3067537615000856
279,p1,942.0,-0.37533648080669335
279,p1,943.0,-0.43391321710737324
279,p1,944.0,-0.48350388204794803
279,p1,945.0,-0.5230736630452633
279,p1,946.0,-0.5531427682207222
279,p1,947.0,-0.5763416856308479
279,p1,948.0,-0.5914992648789376
279,p1,949.0,-0.5987175215196213
279,p1,950.0,-0.6003499789170096
279,p1,951.0,-0.597616812316998
279,p1,952.0,-0.5915171959663574
279,p1,953.0,-0.5851248045496014
279,p1,954.0,-0.5794336108619068
279,p1,955.0,-0.5733826925138709
279,p1,956.0,-0.5681588291443624
279,p1,957.0,-0.5626119728260794
279,p1,958.0,-0.5552436558808891
279,p1,959.0,-0.5477956596012218
279,p1,960.0,-0.5418543246882925
279,p1,961.0,-0.5350632760008848
279,p1,962.0,-0.5262032520881762
279,p1,963.0,-0.5163921346805895
279,p1,964.0,-0.5059327232302605
279,p1,965.0,-0.4958844738109145
279,p1,966.0,-0.4873458370507246
279,p1,967.0,-0.4784578035223267
279,p1,968.0,-0.46767363367791975
279,p1,969.0,-0.45741680227889064
279,p1,970.0,-0.4489848241290913
279,p1,971.0,-0.44190344860846237
279,p1,972.0,-0.4369974964260863
279,p1,973.0,-0.4343361699646481
279,p1,974.0,-0.4329589445599537
279,p1,975.0,-0.4326775928637951
279,p1,976.0,-0.43288656678171533
279,p1,977.0,-0.4326176160054213
279,p1,978.0,-0.4306330602835428
279,p1,979.0,-0.4280105916670091
279,p1,980.0,-0.4261122763321621
279,p1,981.0,-0.42662492141418895
279,p1,982.0,-0.4307167721521213
279,p1,983.0,-0.43812698981068643
279,p1,984.0,-0.4490320250419197
279,p1,985.0,-0.4632370188099658
279,p1,986.0,-0.4797005118536161
279,p1,987.0,-0.49732223976782103
279,p1,988.0,-0.5144250011568464
279,p1,989.0,-0.5302099263626016
279,p1,990.0,-0.5408653873071887
279,p1,991.0,-0.543445724668152
279,p1,992.0,-0.5421205709448983
279,p1,993.0,-0.5411202610656455
279,p1,994.0,-0.5451388325597567
279,p1,995.0,-0.5578208305090135
279,p1,996.0,-0.5785560169115396
279,p1,997.0,-0.6073158923784093
279,p1,998.0,-0.6369938398064906
279,p1,999.0,-0.6610814516600846
279,p1,1000.0,-0.6690866756779118
279,p1,1001.0,-0.6558945631438564
279,p1,1002.0,-0.6251336047914933
279,p1,1003.0,-0.5756407920631873
279,p1,1004.0,-0.5198524144391411
279,p1,1005.0,-0.4651635383262874
279,p1,1006.0,-0.4249542805588613
279,p1,1007.0,-0.4125011715411663
279,p1,1008.0,-0.42654005635624914
279,p1,1009.0,-0.46734814889941456
279,p1,1010.0,-0.5262421552878687
279,p1,1011.0,-0.5960333746128439
279,p1,1012.0,-0.6650729251460655
279,p1,1013.0,-0.7223160973589461
279,p1,1014.0,-0.7669571277339262
279,p1,1015.0,-0.7968614274522193
279,p1,1016.0,-0.8160908786306657
279,p1,1017.0,-0.8247548185540328
279,p1,1018.0,-0.8223996070422369
279,p1,1019.0,-0.812170482628285
279,p1,1020.0,-0.7962161594491176
279,p1,1021.0,-0.779892958440405
279,p1,1022.0,-0.7634754787747003
279,p1,1023.0,-0.7510009205197246
279,p1,1024.0,-0.7418448871020283
279,p1,1025.0,-0.7340868222845658
279,p1,1026.0,-0.7242372305935717
279,p1,1027.0,-0.7122016903449884
279,p1,1028.0,-0.6993578248193845
279,p1,1029.0,-0.686091182282472
279,p1,1030.0,-0.6732693630722559
279,p1,1031.0,-0.6607192641384529
279,p1,1032.0,-0.6484427560614259
279,p1,1033.0,-0.6389888627078655
279,p1,1034.0,-0.6281839878399873
279,p1,1035.0,-0.6101547886031402
279,p1,1036.0,-0.5867647122056775
279,p1,1037.0,-0.5614546267085215
279,p1,1038.0,-0.5344567131415806
279,p1,1039.0,-0.5063898716040455
279,p1,1040.0,-0.4762767220865713
279,p1,1041.0,-0.44501096496510384
279,p1,1042.0,-0.412481696325966
279,p1,1043.0,-0.377357925156589
279,p1,1044.0,-0.3354407611388432
279,p1,1045.0,-0.28491294630711
279,p1,1046.0,-0.22617507145161034
279,p1,1047.0,-0.16171264773540484
279,p1,1048.0,-0.08963920306486482
279,p1,1049.0,-0.007171193283656495
279,p1,1050.0,0.08780262791139853
279,p1,1051.0,0.19404350445381674
279,p1,1052.0,0.3146690617585257
279,p1,1053.0,0.5033425612302951
279,p1,1054.0,0.6602168570584362
279,p1,1055.0,0.7290184419227769
279,p1,1056.0,0.7765897106392242
279,p1,1057.0,0.8595977331610615
279,p1,1058.0,1.0261158741967655
279,p1,1059.0,1.3638107947449065
279,p1,1060.0,1.8594739046965376
279,p1,1061.0,2.3653142393257167
279,p1,1062.0,2.8744162301820735
279,p1,1063.0,3.372814205105537
279,p1,1064.0,3.716362970817495
279,p1,1065.0,3.8942033566534127
279,p1,1066.0,3.98473842220528
279,p1,1067.0,4.022408930619405
279,p1,1068.0,4.052526224810196
279,p1,1069.0,4.077972935743084
279,p1,1070.0,4.117666309255038
279,p1,1071.0,4.080653206181954
279,p1,1072.0,4.119044083865151
279,p1,1073.0,4.136146660397936
279,p1,1074.0,4.054329060632344
279,p1,1075.0,3.735794195922397
279,p1,1076.0,3.245668349091251
279,p1,1077.0,2.5989345833359057
279,p1,1078.0,1.9537328153229852
279,p1,1079.0,1.3195379294520169
279,p1,1080.0,0.830323645542881
279,p1,1081.0,0.5149737902352503
279,p1,1082.0,0.4319164194326713
279,p1,1083.0,0.433113505814154
279,p1,1084.0,0.4282894625689093
279,p1,1085.0,0.3064699961744044
279,p1,1086.0,0.14868456883164283
279,p1,1087.0,-0.04185872343264483
279,p1,1088.0,-0.15574625460841657
279,p1,1089.0,-0.25249168360116997
279,p1,1090.0,-0.33532062379281913
279,p1,1091.0,-0.40709168143751173
279,p1,1092.0,-0.46980431495253655
279,p1,1093.0,-0.5223248768502741
279,p1,1094.0,-0.5667005614454186
279,p1,1095.0,-0.6042711232085084
279,p1,1096.0,-0.6346907041804211
279,p1,1097.0,-0.6564728501686271
279,p1,1098.0,-0.6708954929796865
279,p1,1099.0,-0.6807108860234935
279,p1,1100.0,-0.6884310605406891
279,p1,1101.0,-0.6948446522809725
279,p1,1102.0,-0.7003402025951422
279,p1,1103.0,-0.70517235439592
279,p1,1104.0,-0.7089440509982887
279,p1,1105.0,-0.7104152878365987
279,p1,1106.0,-0.7096497735550177
279,p1,1107.0,-0.7059403856124711
279,p1,1108.0,-0.6998482397570402
279,p1,1109.0,-0.6944965058039213
279,p1,1110.0,-0.6901907967048759
279,p1,1111.0,-0.684962286705225
279,p1,1112.0,-0.6783394666875802
279,p1,1113.0,-0.6697114221347552
279,p1,1114.0,-0.6592041116330084
279,p1,1115.0,-0.6485451944360031
279,p1,1116.0,-0.6375900393753982
279,p1,1117.0,-0.6248320544696908
279,p1,1118.0,-0.6107607362194848
279,p1,1119.0,-0.5979914357944728
279,p1,1120.0,-0.5855881159064618
279,p1,1121.0,-0.5707607797524942
279,p1,1122.0,-0.5512080252457296
279,p1,1123.0,-0.5242196174120921
279,p1,1124.0,-0.4902545698841616
279,p1,1125.0,-0.45179426273170364
279,p1,1126.0,-0.41034743521541206
279,p1,1127.0,-0.36692375937840765
279,p1,1128.0,-0.3239634323978463
279,p1,1129.0,-0.2837397076704672
279,p1,1130.0,-0.24738005090833762
279,p1,1131.0,-0.2144474408134681
279,p1,1132.0,-0.18627625411832482
279,p1,1133.0,-0.16464281022256813
279,p1,1134.0,-0.15059643492669025
279,p1,1135.0,-0.14308885564754625
279,p1,1136.0,-0.1414929387136957
279,p1,1137.0,-0.14582287260213478
279,p1,1138.0,-0.15425185615962492
279,p1,1139.0,-0.1656869654015319
279,p1,1140.0,-0.1764500127104218
279,p1,1141.0,-0.182068406096603
279,p1,1142.0,-0.1811581701618254
279,p1,1143.0,-0.1757667272202276
279,p1,1144.0,-0.16190619918056506
279,p1,1145.0,-0.13727322544752546
279,p1,1146.0,-0.10093475949221904
279,p1,1147.0,-0.054672843034557654
279,p1,1148.0,0.002612837048558457
279,p1,1149.0,0.06808243046104619
279,p1,1150.0,0.1451170235985668
279,p1,1151.0,0.23107056987394625
279,p1,1152.0,0.32835612688706206
279,p1,1153.0,0.431917371705378
279,p1,1154.0,0.5506649520392984
279,p1,1155.0,0.6874560037960842
279,p1,1156.0,0.8470734340784635
279,p1,1157.0,1.0288127672368994
279,p1,1158.0,1.23260902718525
279,p1,1159.0,1.4605484603828593
279,p1,1160.0,1.7077713494804132
279,p1,1161.0,1.971634016334718
279,p1,1162.0,2.238796545113516
279,p1,1163.0,2.500509675532654
279,p1,1164.0,2.7402733888139292
279,p1,1165.0,2.9460080686819774
279,p1,1166.0,3.101113561273244
279,p1,1167.0,3.198129817737829
279,p1,1168.0,3.231266726513372
279,p1,1169.0,3.2071293771136027
279,p1,1170.0,3.1306100544859805
279,p1,1171.0,3.017761977683749
279,p1,1172.0,2.8734452644240225
279,p1,1173.0,2.7146453581829246
279,p1,1174.0,2.540645061402302
279,p1,1175.0,2.36191933005252
279,p1,1176.0,2.1751680461152065
279,p1,1177.0,1.9841863016755676
279,p1,1178.0,1.7863809807864397
279,p1,1179.0,1.58467437907517
279,p1,1180.0,1.3824337802272242
279,p1,1181.0,1.1843220932578564
279,p1,1182.0,0.9949704356272542
279,p1,1183.0,0.8187786273756118
279,p1,1184.0,0.6585485246318931
279,p1,1185.0,0.5153377586088543
279,p1,1186.0,0.38690841457513925
279,p1,1187.0,0.271300189458441
279,p1,1188.0,0.16549243593959415
279,p1,1189.0,0.06724490847902123
279,p1,1190.0,-0.025244492491716643
279,p1,1191.0,-0.11215888154979532
279,p1,1192.0,-0.19371632205030173
279,p1,1193.0,-0.2679390567524166
279,p1,1194.0,-0.33346509274949576
279,p1,1195.0,-0.3874147307777557
279,p1,1196.0,-0.430400485453183
279,p1,1197.0,-0.45943813243928217
279,p1,1198.0,-0.47509839155396916
279,p1,1199.0,-0.47392061752328707
279,p1,1200.0,-0.4598175272000346
279,p1,1201.0,-0.426248406556164
279,p1,1202.0,-0.37224216583649666
279,p1,1203.0,-0.2923798070212838
279,p1,1204.0,-0.18670135075314545
279,p1,1205.0,-0.05445881720411463
279,p1,1206.0,0.10515003359405659
279,p1,1207.0,0.28436194094301903
279,p1,1208.0,0.48016211068780185
279,p1,1209.0,0.6713818692139443
279,p1,1210.0,0.8434875895587266
279,p1,1211.0,0.976599797012813
279,p1,1212.0,1.0550468824918922
279,p1,1213.0,1.069486610494202
279,p1,1214.0,1.0168235794969802
279,p1,1215.0,0.9054454797814225
279,p1,1216.0,0.7507046142282993
279,p1,1217.0,0.5710976144200104
279,p1,1218.0,0.39325683502818604
279,p1,1219.0,0.22445194096396592
279,p1,1220.0,0.08013596135652708
279,p1,1221.0,-0.046620412954934166
279,p1,1222.0,-0.15453117931573865
279,p1,1223.0,-0.24716794299262093
279,p1,1224.0,-0.32719289490665154
279,p1,1225.0,-0.39788218349488425
279,p1,1226.0,-0.4616727093870378
279,p1,1227.0,-0.515350159609822
279,p1,1228.0,-0.5596354647959433
279,p1,1229.0,-0.595791427678888
279,p1,1230.0,-0.6257148719834156
279,p1,1231.0,-0.6524952210943238
279,p1,1232.0,-0.6762062982820727
279,p1,1233.0,-0.6938782430628643
279,p1,1234.0,-0.7069928531578533
279,p1,1235.0,-0.7199300068767528
279,p1,1236.0,-0.7320909973156373
279,p1,1237.0,-0.7425246766894926
279,p1,1238.0,-0.7510172903295588
279,p1,1239.0,-0.7574816237165962
279,p1,1240.0,-0.7618937944635555
279,p1,1241.0,-0.7641209460143007
279,p1,1242.0,-0.7646253021498476
279,p1,1243.0,-0.7644442629304579
279,p1,1244.0,-0.7655277457798148
279,p1,1245.0,-0.7694923945544775
279,p1,1246.0,-0.7740087799261475
279,p1,1247.0,-0.7781956082739632
279,p1,1248.0,-0.7832072186814287
279,p1,1249.0,-0.7891686847036924
279,p1,1250.0,-0.7939972296958822
279,p1,1251.0,-0.7963222807231232
279,p1,1252.0,-0.7975958870468539
279,p1,1253.0,-0.7986719973352085
279,p1,1254.0,-0.7989631825718928
279,p1,1255.0,-0.798503996073251
279,p1,1256.0,-0.7979643852298511
279,p1,1257.0,-0.7979553779802575
279,p1,1258.0,-0.8008270657306602
279,p1,1259.0,-0.8052405308060291
279,p1,1260.0,-0.8064947793232385
279,p1,1261.0,-0.8036319717731584
279,p1,1262.0,-0.7972186534380813
279,p1,1263.0,-0.7881390691819106
279,p1,1264.0,-0.7780230776483847
279,p1,1265.0,-0.767199861172975
279,p1,1266.0,-0.7567809367001201
279,p1,1267.0,-0.7468087585203292
279,p1,1268.0,-0.738520804882684
279,p1,1269.0,-0.7287091065980897
279,p1,1270.0,-0.7143865836021517
279,p1,1271.0,-0.6962304748553297
279,p1,1272.0,-0.6754110329535595
279,p1,1273.0,-0.6511739007149719
279,p1,1274.0,-0.6234887113286739
279,p1,1275.0,-0.5912200288482096
279,p1,1276.0,-0.554254996129789
279,p1,1277.0,-0.5101861310565895
279,p1,1278.0,-0.45846007588185556
279,p1,1279.0,-0.39873174980089277
279,p1,1280.0,-0.33105326440201605
279,p1,1281.0,-0.2540708016121977
279,p1,1282.0,-0.17001463514687234
279,p1,1283.0,-0.08008743397774398
279,p1,1284.0,0.010852162458747507
279,p1,1285.0,0.10024301289729906
279,p1,1286.0,0.1827980572143966
279,p1,1287.0,0.25867914804372205
279,p1,1288.0,0.3203131421424134
279,p1,1289.0,0.36348911696931147
279,p1,1290.0,0.38617329912002724
279,p1,1291.0,0.3938520335725785
279,p1,1292.0,0.38138113032348103
279,p1,1293.0,0.3461945702470492
279,p1,1294.0,0.29080254703619035
279,p1,1295.0,0.22086300458021318
279,p1,1296.0,0.14073106716395262
279,p1,1297.0,0.05788537898020038
279,p1,1298.0,-0.02932769427381784
279,p1,1299.0,-0.11718961182624531
279,p1,1300.0,-0.20126348175343778
279,p1,1301.0,-0.27574629975191167
279,p1,1302.0,-0.34288124761628463
279,p1,1303.0,-0.4023385521278537
279,p1,1304.0,-0.4529181425663625
279,p1,1305.0,-0.49394493162694303
279,p1,1306.0,-0.5259078738240724
279,p1,1307.0,-0.5497369957710951
279,p1,1308.0,-0.56788771287721
279,p1,1309.0,-0.5814219233539363
279,p1,1310.0,-0.58838378633147
279,p1,1311.0,-0.5908124511996207
279,p1,1312.0,-0.5921920120330383
279,p1,1313.0,-0.5927559953242039
279,p1,1314.0,-0.5938288509270778
279,p1,1315.0,-0.5941438104197115
279,p1,1316.0,-0.5929322292537208
279,p1,1317.0,-0.5889395337264013
279,p1,1318.0,-0.5813294774414008
279,p1,1319.0,-0.5695940052007333
279,p1,1320.0,-0.5529286597768062
279,p1,1321.0,-0.533012734676728
279,p1,1322.0,-0.5100904676360823
279,p1,1323.0,-0.4790095934691472
279,p1,1324.0,-0.43824344805412657
279,p1,1325.0,-0.38737337250464476
279,p1,1326.0,-0.32771997602485053
279,p1,1327.0,-0.2585958788821887
279,p1,1328.0,-0.1860259046496595
279,p1,1329.0,-0.11356972391419835
279,p1,1330.0,-0.049139287580805366
279,p1,1331.0,0.0009372237711674178
279,p1,1332.0,0.035579613033042364
279,p1,1333.0,0.05597197190549125
279,p1,1334.0,0.06397170928738381
279,p1,1335.0,0.06245374264002656
279,p1,1336.0,0.059110727189050756
279,p1,1337.0,0.06231383650766588
279,p1,1338.0,0.07177377339989087
279,p1,1339.0,0.09053753293101202
279,p1,1340.0,0.11886938954144734
279,p1,1341.0,0.15736967805200647
279,p1,1342.0,0.20584290152235188
279,p1,1343.0,0.26387582014376526
279,p1,1344.0,0.3296604108209523
279,p1,1345.0,0.40385985235373983
279,p1,1346.0,0.4869128433600528
279,p1,1347.0,0.581359417465961
279,p1,1348.0,0.6869184498945233
279,p1,1349.0,0.8058547012227935
279,p1,1350.0,0.9412075104655201
279,p1,1351.0,1.0904978491782467
279,p1,1352.0,1.249057827242573
279,p1,1353.0,1.416198829721753
279,p1,1354.0,1.5891983766691211
279,p1,1355.0,1.764028615023725
279,p1,1356.0,1.932973470247844
279,p1,1357.0,2.0906429978804106
279,p1,1358.0,2.228002542637535
279,p1,1359.0,2.337424884675931
279,p1,1360.0,2.411893856643217
279,p1,1361.0,2.4488352290473414
279,p1,1362.0,2.4472063807881974
279,p1,1363.0,2.4097338258306187
279,p1,1364.0,2.3455121911548846
279,p1,1365.0,2.262421892932826
279,p1,1366.0,2.16984078912699
279,p1,1367.0,2.072515135211191
279,p1,1368.0,1.9774812895262495
279,p1,1369.0,1.888961720569793
279,p1,1370.0,1.8123444269025395
279,p1,1371.0,1.7519617403482095
279,p1,1372.0,1.7073740102419208
279,p1,1373.0,1.6775667929593023
279,p1,1374.0,1.6651487688053204
279,p1,1375.0,1.6704273228397168
279,p1,1376.0,1.694032373743706
279,p1,1377.0,1.7336949049631705
279,p1,1378.0,1.7875305908503751
279,p1,1379.0,1.853524866127494
279,p1,1380.0,1.9269022231484472
279,p1,1381.0,2.011223507041001
279,p1,1382.0,2.1104124991225275
279,p1,1383.0,2.2252771391054833
279,p1,1384.0,2.3572040845807716
279,p1,1385.0,2.503316164742177
279,p1,1386.0,2.6594333045339353
279,p1,1387.0,2.8087578345594135
279,p1,1388.0,2.932953492060682
279,p1,1389.0,3.0168868689096446
279,p1,1390.0,3.052015869747102
279,p1,1391.0,3.011291871372734
279,p1,1392.0,2.893927222042741
279,p1,1393.0,2.7137746119249044
279,p1,1394.0,2.485747178571193
279,p1,1395.0,2.223359718518152
279,p1,1396.0,1.9479371940194776
279,p1,1397.0,1.668449449842566
279,p1,1398.0,1.402392350228686
279,p1,1399.0,1.1608771216425224
279,p1,1400.0,0.950371841009266
279,p1,1401.0,0.7490980131485739
279,p1,1402.0,0.5710834892510509
279,p1,1403.0,0.42282042371319667
279,p1,1404.0,0.2989026648542343
279,p1,1405.0,0.1939310191049109
279,p1,1406.0,0.10536147753384806
279,p1,1407.0,0.026508376249339157
279,p1,1408.0,-0.043096712205379
279,p1,1409.0,-0.10904670496457433
279,p1,1410.0,-0.17460032331575193
279,p1,1411.0,-0.24125460283430536
279,p1,1412.0,-0.3075413916074544
279,p1,1413.0,-0.3711528527899223
279,p1,1414.0,-0.4305745016514319
279,p1,1415.0,-0.4846658920530356
279,p1,1416.0,-0.5328644759651491
279,p1,1417.0,-0.5746104053076134
279,p1,1418.0,-0.6087795141283439
279,p1,1419.0,-0.6355024004899017
279,p1,1420.0,-0.6554379898691975
279,p1,1421.0,-0.669037664702046
279,p1,1422.0,-0.6771617750950993
279,p1,1423.0,-0.6806311091678922
279,p1,1424.0,-0.6768086600756552
279,p1,1425.0,-0.663344829343151
279,p1,1426.0,-0.6430741735063599
279,p1,1427.0,-0.6193448744174554
279,p1,1428.0,-0.5909592582147447
279,p1,1429.0,-0.5576224534018249
279,p1,1430.0,-0.5227593444781132
279,p1,1431.0,-0.48853427658224097
279,p1,1432.0,-0.45255025252626113
279,p1,1433.0,-0.4175809376186928
279,p1,1434.0,-0.382197441891452
279,p1,1435.0,-0.34742247124763026
279,p1,1436.0,-0.31535265426167125
279,p1,1437.0,-0.2898468092049896
279,p1,1438.0,-0.27211938900978905
279,p1,1439.0,-0.26131260752140784
279,p1,1440.0,-0.25736350391344
279,p1,1441.0,-0.25900511963725664
279,p1,1442.0,-0.2625271801168582
279,p1,1443.0,-0.2685829180868276
279,p1,1444.0,-0.27740599437701385
279,p1,1445.0,-0.2873895534523862
279,p1,1446.0,-0.29772936779351983
279,p1,1447.0,-0.3145373884348241
279,p1,1448.0,-0.3364991504873951
279,p1,1449.0,-0.35848384429751223
279,p1,1450.0,-0.3785216920898757
279,p1,1451.0,-0.3978256164571878
279,p1,1452.0,-0.4133317684565097
279,p1,1453.0,-0.4224637721646301
279,p1,1454.0,-0.4264580716692562
279,p1,1455.0,-0.4258254100612005
279,p1,1456.0,-0.42156061943475936
279,p1,1457.0,-0.41523495704180424
279,p1,1458.0,-0.40331245311435154
279,p1,1459.0,-0.38595060619760696
279,p1,1460.0,-0.36544158952697775
279,p1,1461.0,-0.34271847071582695
279,p1,1462.0,-0.31724448822124324
279,p1,1463.0,-0.28890072611851964
279,p1,1464.0,-0.25945077086658214
279,p1,1465.0,-0.22999686789715923
279,p1,1466.0,-0.20015648801256442
279,p1,1467.0,-0.16848402165166979
279,p1,1468.0,-0.13453664506253007
279,p1,1469.0,-0.09984096263111183
279,p1,1470.0,-0.06721083382441703
279,p1,1471.0,-0.03612974273447528
279,p1,1472.0,-0.010789007003977998
279,p1,1473.0,0.003591046461341909
279,p1,1474.0,0.011451319096577475
279,p1,1475.0,0.016193192725877815
279,p1,1476.0,0.020653436877494446
279,p1,1477.0,0.02806549371001597
279,p1,1478.0,0.03788099622798764
279,p1,1479.0,0.04955568803517866
279,p1,1480.0,0.06472034698298833
279,p1,1481.0,0.07916473638311816
279,p1,1482.0,0.08356523844643557
279,p1,1483.0,0.06860850838291396
279,p1,1484.0,0.03613876241702893
279,p1,1485.0,-0.012952075891250503
279,p1,1486.0,-0.07803633071822334
279,p1,1487.0,-0.1552841009448638
279,p1,1488.0,-0.24108769438874797
279,p1,1489.0,-0.329730359930214
279,p1,1490.0,-0.41286293376345884
279,p1,1491.0,-0.48778449428111353
279,p1,1492.0,-0.5523139555992317
279,p1,1493.0,-0.6096864442996098
279,p1,1494.0,-0.6596875765804249
279,p1,1495.0,-0.7017002619140752
279,p1,1496.0,-0.7367635234840885
279,p1,1497.0,-0.7660901529903735
279,p1,1498.0,-0.7889934521717592
279,p1,1499.0,-0.8054836761991262
279,p1,1500.0,-0.813603415207865
279,p1,1501.0,-0.8126694372718358
279,p1,1502.0,-0.8053550520421945
279,p1,1503.0,-0.7953273432520384
279,p1,1504.0,-0.7833831514379128
279,p1,1505.0,-0.7710654221789786
279,p1,1506.0,-0.7593251715068233
279,p1,1507.0,-0.7513518907958231
279,p1,1508.0,-0.7470601867410097
279,p1,1509.0,-0.7428948528646365
279,p1,1510.0,-0.7358839465521023
279,p1,1511.0,-0.7289458756809009
279,p1,1512.0,-0.7237662116797597
279,p1,1513.0,-0.7195713263674689
279,p1,1514.0,-0.7168669167913798
279,p1,1515.0,-0.71729163825336
279,p1,1516.0,-0.7185053663239923
279,p1,1517.0,-0.7204136699877849
279,p1,1518.0,-0.7217268845297586
279,p1,1519.0,-0.718273730911922
279,p1,1520.0,-0.7105183918056451
279,p1,1521.0,-0.7012374143060974
279,p1,1522.0,-0.6896386494615703
279,p1,1523.0,-0.6745773194141383
279,p1,1524.0,-0.6562910776510095
279,p1,1525.0,-0.6377434014886769
279,p1,1526.0,-0.6189956723069924
279,p1,1527.0,-0.5992044811818816
279,p1,1528.0,-0.5785213439899466
279,p1,1529.0,-0.5565507217873792
279,p1,1530.0,-0.5337026622341053
279,p1,1531.0,-0.5112764520017968
279,p1,1532.0,-0.4896200756723943
279,p1,1533.0,-0.46849614936020184
279,p1,1534.0,-0.4473852034492247
279,p1,1535.0,-0.42646827310683055
279,p1,1536.0,-0.4090318907720829
279,p1,1537.0,-0.3945080549063847
279,p1,1538.0,-0.3847420592717744
279,p1,1539.0,-0.3803289376811875
279,p1,1540.0,-0.38066607476622355
279,p1,1541.0,-0.3862231402348152
279,p1,1542.0,-0.39614916762162083
279,p1,1543.0,-0.4094043712265164
279,p1,1544.0,-0.4257267500710376
279,p1,1545.0,-0.44143112124524486
279,p1,1546.0,-0.45645865410047987
279,p1,1547.0,-0.46981128402466016
279,p1,1548.0,-0.4824116191749366
279,p1,1549.0,-0.4946000524113587
279,p1,1550.0,-0.504833038767673
279,p1,1551.0,-0.5137830797674434
279,p1,1552.0,-0.5184852409807609
279,p1,1553.0,-0.5145085514445207
279,p1,1554.0,-0.5006763404242419
279,p1,1555.0,-0.47743494934772185
279,p1,1556.0,-0.44149627094585286
279,p1,1557.0,-0.3932147124869431
279,p1,1558.0,-0.3295976677037434
279,p1,1559.0,-0.2495541274064108
279,p1,1560.0,-0.15199495373778596
279,p1,1561.0,-0.03493126445178357
279,p1,1562.0,0.16131125243657782
279,p1,1563.0,0.3293395432422934
279,p1,1564.0,0.4075316452297933
279,p1,1565.0,0.46433682926687697
279,p1,1566.0,0.5627535536544956
279,p1,1567.0,0.7488573436226488
279,p1,1568.0,1.1181566982050921
279,p1,1569.0,1.6532627533966193
279,p1,1570.0,2.2010813009975685
279,p1,1571.0,2.7533331031320376
279,p1,1572.0,3.2914985361736906
279,p1,1573.0,3.6696739430383314
279,p1,1574.0,3.8656135910612375
279,p1,1575.0,3.967350321806931
279,p1,1576.0,3.9845399436550717
279,p1,1577.0,3.9887345509270897
279,p1,1578.0,4.062485888548152
279,p1,1579.0,4.147964839199229
279,p1,1580.0,4.152171184097577
279,p1,1581.0,4.405634660894033
279,p1,1582.0,4.323302545843118
279,p1,1583.0,3.987797773115953
279,p1,1584.0,3.4599958753570372
279,p1,1585.0,2.809212843169214
279,p1,1586.0,2.0462104117621416
279,p1,1587.0,1.3680772761858708
279,p1,1588.0,0.8274756416195154
279,p1,1589.0,0.48044890218315855
279,p1,1590.0,0.3919482510315328
279,p1,1591.0,0.6168110332286423
279,p1,1592.0,0.5637423484253156
279,p1,1593.0,0.4912344936368458
279,p1,1594.0,0.3995317556909622
279,p1,1595.0,0.29406834183649255
279,p1,1596.0,0.18371609473176653
279,p1,1597.0,0.21579418036771272
279,p1,1598.0,0.2651675314265336
279,p1,1599.0,0.2607087289830725
279,p1,1600.0,0.2703900578092957
279,p1,1601.0,0.344844797855043
279,p1,1602.0,0.5391877897354121
279,p1,1603.0,0.9274327346988935
279,p1,1604.0,1.451518848692387
279,p1,1605.0,2.005679582621325
279,p1,1606.0,2.5635431465566505
279,p1,1607.0,3.1216911621525574
279,p1,1608.0,3.5013098196746095
279,p1,1609.0,3.66375539096495
279,p1,1610.0,3.757283388242692
279,p1,1611.0,3.7694370401428006
279,p1,1612.0,3.7086222425621225
279,p1,1613.0,3.585278024399596
279,p1,1614.0,3.237209143325083
279,p1,1615.0,2.658660973171036
279,p1,1616.0,2.0636996321318897
279,p1,1617.0,1.5094037453738782
279,p1,1618.0,1.0004872125132738
279,p1,1619.0,0.6138557131444641
279,p1,1620.0,0.41378024638368904
279,p1,1621.0,0.32429816516784504
279,p1,1622.0,0.29688081930647847
279,p1,1623.0,0.25884962498456954
279,p1,1624.0,0.1275996671735336
279,p1,1625.0,-0.03194814507677083
279,p1,1626.0,-0.12164290081283403
279,p1,1627.0,-0.1991208040284103
279,p1,1628.0,-0.27065770964737734
279,p1,1629.0,-0.3354495605608826
279,p1,1630.0,-0.3936672336033884
279,p1,1631.0,-0.44596265937713625
279,p1,1632.0,-0.4913063234461219
279,p1,1633.0,-0.529618445650479
279,p1,1634.0,-0.5619598423422076
279,p1,1635.0,-0.5896283155380139
279,p1,1636.0,-0.6133080663176127
279,p1,1637.0,-0.6331942586166381
279,p1,1638.0,-0.6501242563273159
279,p1,1639.0,-0.6644571264431797
279,p1,1640.0,-0.6751239153384785
279,p1,1641.0,-0.6827583741213131
279,p1,1642.0,-0.687196354354489
279,p1,1643.0,-0.6888338002870774
279,p1,1644.0,-0.691027542113715
279,p1,1645.0,-0.6946230080410137
279,p1,1646.0,-0.6997395867561652
279,p1,1647.0,-0.7050568716813383
279,p1,1648.0,-0.7105972042058492
279,p1,1649.0,-0.7160051288206586
279,p1,1650.0,-0.7196157425523536
279,p1,1651.0,-0.7213492874886847
279,p1,1652.0,-0.7204021310158495
279,p1,1653.0,-0.7175298201318165
279,p1,1654.0,-0.7158766760950938
279,p1,1655.0,-0.7167379512922255
279,p1,1656.0,-0.7191503661926798
279,p1,1657.0,-0.7214256454911525
279,p1,1658.0,-0.7258768489155065
279,p1,1659.0,-0.7322846386152404
279,p1,1660.0,-0.737673220728192
279,p1,1661.0,-0.7417317264964692
279,p1,1662.0,-0.7437066013258526
279,p1,1663.0,-0.7444377167600891
279,p1,1664.0,-0.745868693412455
279,p1,1665.0,-0.7464223035012594
279,p1,1666.0,-0.7438467995507716
279,p1,1667.0,-0.7394854903007801
279,p1,1668.0,-0.7369389856545031
279,p1,1669.0,-0.7360854494685145
279,p1,1670.0,-0.7342199025292093
279,p1,1671.0,-0.7314167018769486
279,p1,1672.0,-0.7285761245245241
279,p1,1673.0,-0.727398250209376
279,p1,1674.0,-0.7270302878347327
279,p1,1675.0,-0.7249094431894401
279,p1,1676.0,-0.7208436547328875
279,p1,1677.0,-0.7171349800724622
279,p1,1678.0,-0.7158836541738474
279,p1,1679.0,-0.7159981663809803
279,p1,1680.0,-0.7158172958767007
279,p1,1681.0,-0.7146962325861154
279,p1,1682.0,-0.7133222405130509
279,p1,1683.0,-0.7127541605319594
279,p1,1684.0,-0.7110032582435063
279,p1,1685.0,-0.7070119831793127
279,p1,1686.0,-0.7014360059179723
279,p1,1687.0,-0.696278323491661
279,p1,1688.0,-0.6924314331269816
279,p1,1689.0,-0.687958015996194
279,p1,1690.0,-0.682424356437437
279,p1,1691.0,-0.6763042111802271
279,p1,1692.0,-0.6706370052443852
279,p1,1693.0,-0.6666104159752476
279,p1,1694.0,-0.6628034687348936
279,p1,1695.0,-0.6587010341028648
279,p1,1696.0,-0.6552252056844742
279,p1,1697.0,-0.6537737373081141
279,p1,1698.0,-0.6526246043733654
279,p1,1699.0,-0.6491757112969365
279,p1,1700.0,-0.6438223055406626
279,p1,1701.0,-0.6374196288171105
279,p1,1702.0,-0.6315935390606509
279,p1,1703.0,-0.62697788302647
279,p1,1704.0,-0.6236064895390414
279,p1,1705.0,-0.6219954059613064
279,p1,1706.0,-0.6235033268504031
279,p1,1707.0,-0.6256325270766341
279,p1,1708.0,-0.6239723292361817
279,p1,1709.0,-0.6188896817629986
279,p1,1710.0,-0.6128208173098242
279,p1,1711.0,-0.606854260637728
279,p1,1712.0,-0.6025041123292655
279,p1,1713.0,-0.5998287515397778
279,p1,1714.0,-0.5999742034259783
279,p1,1715.0,-0.6037101257481721
279,p1,1716.0,-0.6093361743121783
279,p1,1717.0,-0.6123466034390541
279,p1,1718.0,-0.6109104843560349
279,p1,1719.0,-0.6077866873817878
279,p1,1720.0,-0.6034837898949973
279,p1,1721.0,-0.5997909085319975
279,p1,1722.0,-0.5976842588159735
279,p1,1723.0,-0.5964636866934239
279,p1,1724.0,-0.5967578057282159
279,p1,1725.0,-0.5971049162608861
279,p1,1726.0,-0.5968408889401488
279,p1,1727.0,-0.5961105674624851
279,p1,1728.0,-0.5930173493671622
279,p1,1729.0,-0.588395923181927
279,p1,1730.0,-0.582942832189421
279,p1,1731.0,-0.5786313962775943
279,p1,1732.0,-0.5756051244800506
279,p1,1733.0,-0.5733021787073733
279,p1,1734.0,-0.5720474291910099
279,p1,1735.0,-0.5700748749548237
279,p1,1736.0,-0.5681232328023397
279,p1,1737.0,-0.5662532928142368
279,p1,1738.0,-0.5629531747542031
279,p1,1739.0,-0.5573749196104969
279,p1,1740.0,-0.5517504951009263
279,p1,1741.0,-0.5478725268160332
279,p1,1742.0,-0.5443363426350375
279,p1,1743.0,-0.5414085186220882
279,p1,1744.0,-0.5395715688172256
279,p1,1745.0,-0.5370411385278138
279,p1,1746.0,-0.5332270119349306
279,p1,1747.0,-0.5297388306433879
279,p1,1748.0,-0.526711532245129
279,p1,1749.0,-0.5211835379130648
279,p1,1750.0,-0.5152799085016811
279,p1,1751.0,-0.5096808959612986
279,p1,1752.0,-0.5030040552616886
279,p1,1753.0,-0.49638359901811946
279,p1,1754.0,-0.4905509472407185
279,p1,1755.0,-0.4851696710877659
279,p1,1756.0,-0.4805758016406666
279,p1,1757.0,-0.47778770606661075
279,p1,1758.0,-0.4744435762401838
279,p1,1759.0,-0.46939256352761605
279,p1,1760.0,-0.4647493886539986
279,p1,1761.0,-0.4612040560459847
279,p1,1762.0,-0.4579576450670461
279,p1,1763.0,-0.4517904508548326
279,p1,1764.0,-0.44377380153330165
279,p1,1765.0,-0.43527920304199036
279,p1,1766.0,-0.42694404049192963
279,p1,1767.0,-0.4185381873959169
279,p1,1768.0,-0.4091551101468221
279,p1,1769.0,-0.4014100857103152
279,p1,1770.0,-0.3961257834020623
279,p1,1771.0,-0.3925632532331585
279,p1,1772.0,-0.3889601703183642
279,p1,1773.0,-0.38324117832629995
279,p1,1774.0,-0.3777770285696479
279,p1,1775.0,-0.37211533068817276
279,p1,1776.0,-0.3671135277519222
279,p1,1777.0,-0.3637528764192308
279,p1,1778.0,-0.3599821100935887
279,p1,1779.0,-0.35543284081073334
279,p1,1780.0,-0.34877648159895874
279,p1,1781.0,-0.34108583939666676
279,p1,1782.0,-0.3354932224039781
279,p1,1783.0,-0.3310845438940524
279,p1,1784.0,-0.3266731833534977
279,p1,1785.0,-0.32187663259006444
279,p1,1786.0,-0.31818000098666355
279,p1,1787.0,-0.314998606289563
279,p1,1788.0,-0.3113104941153463
279,p1,1789.0,-0.3075613980397499
279,p1,1790.0,-0.302653758515405
279,p1,1791.0,-0.29831840223989836
279,p1,1792.0,-0.294874307884766
279,p1,1793.0,-0.2906779241085003
279,p1,1794.0,-0.28708727333742823
279,p1,1795.0,-0.2839167793540972
279,p1,1796.0,-0.2794734615857799
279,p1,1797.0,-0.27533969390074814
279,p1,1798.0,-0.27186618750437125
279,p1,1799.0,-0.2694036577798888
279,p1,1800.0,-0.2683028243231482
279,p2,400.0,1.2767206516760332
279,p2,401.0,1.5261227482549768
279,p2,402.0,1.7519671502847796
279,p2,403.0,1.9542538577654416
279,p2,404.0,2.1329828706969627
279,p2,405.0,2.288154189079343
279,p2,406.0,2.453274544255282
279,p2,407.0,2.5775640706588776
279,p2,408.0,2.6401449765728477
279,p2,409.0,2.609541842776827
279,p2,410.0,2.467234293027384
279,p2,411.0,2.210446585779276
279,p2,412.0,1.845455832128109
279,p2,413.0,1.383464639878325
279,p2,414.0,0.8482065940106386
279,p2,415.0,0.2613570203196665
279,p2,416.0,-0.3315273289198569
279,p2,417.0,-0.8867960579486159
279,p2,418.0,-1.351657335135378
279,p2,419.0,-1.6742156023910924
279,p2,420.0,-1.8143025278167442
279,p2,421.0,-1.7486696103561117
279,p2,422.0,-1.473782772274878
279,p2,423.0,-1.0258337783418565
279,p2,424.0,-0.44859330280787857
279,p2,425.0,0.18344034123766967
279,p2,426.0,0.8000543733686696
279,p2,427.0,1.3372564264262776
279,p2,428.0,1.719438025753504
279,p2,429.0,1.892435769204023
279,p2,430.0,1.8123507535288215
279,p2,431.0,1.468347204588686
279,p2,432.0,0.894101526145221
279,p2,433.0,0.1533714716448608
279,p2,434.0,-0.6614360273025279
279,p2,435.0,-1.4422172340071073
279,p2,436.0,-2.09949312732511
279,p2,437.0,-2.5630595031781853
279,p2,438.0,-2.816812098583111
279,p2,439.0,-2.8712394417618636
279,p2,440.0,-2.762907613594095
279,p2,441.0,-2.5391486048604692
279,p2,442.0,-2.248434124870457
279,p2,443.0,-1.924344800128177
279,p2,444.0,-1.596242608851402
279,p2,445.0,-1.2703044236486756
279,p2,446.0,-0.9693245741512453
279,p2,447.0,-0.7048888550675112
279,p2,448.0,-0.4823668211660774
279,p2,449.0,-0.3012001545489434
279,p2,450.0,-0.15591232689143927
279,p2,451.0,-0.044010830207075274
279,p2,452.0,0.03349882006790786
279,p2,453.0,0.08321808558196175
279,p2,454.0,0.107235503974929
279,p2,455.0,0.11125404062181446
279,p2,456.0,0.09887518087165194
279,p2,457.0,0.07533330682160448
279,p2,458.0,0.05018872997499662
279,p2,459.0,0.027930936803983994
279,p2,460.0,0.008388138473008672
279,p2,461.0,-0.014888759583433856
279,p2,462.0,-0.041174499198971114
279,p2,463.0,-0.06541307266197935
279,p2,464.0,-0.08125879895121474
279,p2,465.0,-0.08667301985196244
279,p2,466.0,-0.08105911506203708
279,p2,467.0,-0.06586135082098367
279,p2,468.0,-0.04461054151233862
279,p2,469.0,-0.024819411981944015
279,p2,470.0,-0.011106952026239236
279,p2,471.0,-5.2545154716185073e-05
279,p2,472.0,0.017566369729721688
279,p2,473.0,0.04718836604757844
279,p2,474.0,0.08893337288472694
279,p2,475.0,0.1357613354440929
279,p2,476.0,0.17972470484094283
279,p2,477.0,0.21043216313653718
279,p2,478.0,0.21591662377347656
279,p2,479.0,0.18860347648883238
279,p2,480.0,0.13042405492325865
279,p2,481.0,0.048034497144994755
279,p2,482.0,-0.049281698372018345
279,p2,483.0,-0.1533698378579293
279,p2,484.0,-0.25009420508332747
279,p2,485.0,-0.3261240933378634
279,p2,486.0,-0.37101120498473683
279,p2,487.0,-0.3768030068046027
279,p2,488.0,-0.3394222197027395
279,p2,489.0,-0.26140442681297604
279,p2,490.0,-0.15573369595602216
279,p2,491.0,-0.03649376953582175
279,p2,492.0,0.08594940821391599
279,p2,493.0,0.20888504111503445
279,p2,494.0,0.3307918441805255
279,p2,495.0,0.45388790043677013
279,p2,496.0,0.579919184267997
279,p2,497.0,0.7097566325302275
279,p2,498.0,0.8395539683465438
279,p2,499.0,0.9625569472092598
279,p2,500.0,1.0701375201448808
279,p2,501.0,1.1575032579822808
279,p2,502.0,1.2172768297474
279,p2,503.0,1.2412521191711734
279,p2,504.0,1.2207509811802637
279,p2,505.0,1.1590565651856233
279,p2,506.0,1.0643575501593234
279,p2,507.0,0.9483985153040871
279,p2,508.0,0.8250343321391262
279,p2,509.0,0.7095173371373192
279,p2,510.0,0.6181604458022837
279,p2,511.0,0.5539670184588786
279,p2,512.0,0.5124667613900401
279,p2,513.0,0.4802934400688563
279,p2,514.0,0.4501502279976076
279,p2,515.0,0.41669374458939035
279,p2,516.0,0.37403920386658596
279,p2,517.0,0.317607242943088
279,p2,518.0,0.2389398242433124
279,p2,519.0,0.12850776738574157
279,p2,520.0,-0.021044636935832233
279,p2,521.0,-0.2076523865058229
279,p2,522.0,-0.41660234999284784
279,p2,523.0,-0.6343941468981218
279,p2,524.0,-0.8480226652605122
279,p2,525.0,-1.0453346892418325
279,p2,526.0,-1.2129521505909961
279,p2,527.0,-1.3381855935721656
279,p2,528.0,-1.41565882524142
279,p2,529.0,-1.4408156654341686
279,p2,530.0,-1.4092769679115664
279,p2,531.0,-1.3182833686718964
279,p2,532.0,-1.1832161079785881
279,p2,533.0,-1.0246106459245317
279,p2,534.0,-0.8648781693399094
279,p2,535.0,-0.7180068712802591
279,p2,536.0,-0.5912995296239577
279,p2,537.0,-0.4890796787762488
279,p2,538.0,-0.40430739087778556
279,p2,539.0,-0.32689230728514107
279,p2,540.0,-0.2463828177986127
279,p2,541.0,-0.16583404178771388
279,p2,542.0,-0.08987602055895696
279,p2,543.0,-0.00961986743330615
279,p2,544.0,0.08377814904113622
279,p2,545.0,0.19222404345348973
279,p2,546.0,0.31061839479149234
279,p2,547.0,0.42629962763634244
279,p2,548.0,0.5240625528712358
279,p2,549.0,0.5822197614744016
279,p2,550.0,0.5860411280764657
279,p2,551.0,0.5303590087852457
279,p2,552.0,0.4272832791934473
279,p2,553.0,0.29820770807094754
279,p2,554.0,0.1614067527522947
279,p2,555.0,0.027302146697812807
279,p2,556.0,-0.09681742487640292
279,p2,557.0,-0.20577543064490808
279,p2,558.0,-0.2920675139518508
279,p2,559.0,-0.34583962626413933
279,p2,560.0,-0.35795521569420713
279,p2,561.0,-0.31544123454362266
279,p2,562.0,-0.2145952679537316
279,p2,563.0,-0.062189879259765345
279,p2,564.0,0.1235627758512818
279,p2,565.0,0.3151179724763425
279,p2,566.0,0.48355583438656413
279,p2,567.0,0.5998798557873491
279,p2,568.0,0.6351958388890225
279,p2,569.0,0.574024365895014
279,p2,570.0,0.4120314035082228
279,p2,571.0,0.16812053205483798
279,p2,572.0,-0.12256702480048426
279,p2,573.0,-0.4138174387628657
279,p2,574.0,-0.6540174433674252
279,p2,575.0,-0.8013493946261051
279,p2,576.0,-0.841186089702197
279,p2,577.0,-0.7881699249427714
279,p2,578.0,-0.676871682818185
279,p2,579.0,-0.5436542234216969
279,p2,580.0,-0.4205659056211373
279,p2,581.0,-0.32977306697028835
279,p2,582.0,-0.27553032570388064
279,p2,583.0,-0.2514835057828925
279,p2,584.0,-0.24170218789932627
279,p2,585.0,-0.23247363677090932
279,p2,586.0,-0.2193536965294252
279,p2,587.0,-0.2000260971313112
279,p2,588.0,-0.1755577747802363
279,p2,589.0,-0.15129926799270266
279,p2,590.0,-0.1300753469418833
279,p2,591.0,-0.11528276793684947
279,p2,592.0,-0.10516903176597445
279,p2,593.0,-0.09618917447578634
279,p2,594.0,-0.08600908832126741
279,p2,595.0,-0.07316329749383065
279,p2,596.0,-0.05756722047879306
279,p2,597.0,-0.041560706238945574
279,p2,598.0,-0.027252027695914578
279,p2,599.0,-0.011589618344783097
279,p2,600.0,0.009456672860676167
279,p2,601.0,0.0391724796191505
279,p2,602.0,0.07580846455033546
279,p2,603.0,0.11408082780574481
279,p2,604.0,0.1463360677463427
279,p2,605.0,0.16278209347375328
279,p2,606.0,0.1560660512410247
279,p2,607.0,0.12566391005140462
279,p2,608.0,0.07823114631681163
279,p2,609.0,0.02564604296139515
279,p2,610.0,-0.015415628686818204
279,p2,611.0,-0.030931955751520756
279,p2,612.0,-0.015987638894684093
279,p2,613.0,0.02334873702488468
279,p2,614.0,0.07677087263593162
279,p2,615.0,0.12997250789791442
279,p2,616.0,0.17129905603738035
279,p2,617.0,0.19428333132085202
279,p2,618.0,0.19479538545201958
279,p2,619.0,0.17071840086933707
279,p2,620.0,0.12512327149589555
279,p2,621.0,0.062073111253086524
279,p2,622.0,-0.011004947564523802
279,p2,623.0,-0.08458030846116235
279,p2,624.0,-0.14785869213345595
279,p2,625.0,-0.19035680192322726
279,p2,626.0,-0.2054647412167196
279,p2,627.0,-0.1908838468642234
279,p2,628.0,-0.14928244399231153
279,p2,629.0,-0.09214500674199753
279,p2,630.0,-0.037394324163294475
279,p2,631.0,0.002248490795192592
279,p2,632.0,0.02393936322659173
279,p2,633.0,0.03159642383374529
279,p2,634.0,0.030592771780000017
279,p2,635.0,0.029075513170891756
279,p2,636.0,0.031988485973644835
279,p2,637.0,0.04141642872624132
279,p2,638.0,0.05548187063468372
279,p2,639.0,0.07069468854715268
279,p2,640.0,0.08319099461939963
279,p2,641.0,0.09121627977546615
279,p2,642.0,0.09699125146687206
279,p2,643.0,0.10911186701555854
279,p2,644.0,0.13522135119934608
279,p2,645.0,0.17714812521727438
279,p2,646.0,0.22928499331071053
279,p2,647.0,0.2865257698540941
279,p2,648.0,0.34027173594157295
279,p2,649.0,0.37970782839643763
279,p2,650.0,0.3943572166013777
279,p2,651.0,0.3805181015039716
279,p2,652.0,0.34152356722604277
279,p2,653.0,0.28364006255728996
279,p2,654.0,0.21393799783429807
279,p2,655.0,0.13860046585358485
279,p2,656.0,0.06335546812632993
279,p2,657.0,-0.008319022564513518
279,p2,658.0,-0.07863608381844932
279,p2,659.0,-0.1493364106896937
279,p2,660.0,-0.2161625814599138
279,p2,661.0,-0.26932733364316813
279,p2,662.0,-0.30228467727275765
279,p2,663.0,-0.3128357695365187
279,p2,664.0,-0.2978942463173036
279,p2,665.0,-0.25490664630600823
279,p2,666.0,-0.18775328757918203
279,p2,667.0,-0.11241711329987386
279,p2,668.0,-0.043479235436069165
279,p2,669.0,0.009965634775895887
279,p2,670.0,0.044383254104692016
279,p2,671.0,0.057124271551538625
279,p2,672.0,0.05041134569404104
279,p2,673.0,0.031077650265911694
279,p2,674.0,0.00789673761703125
279,p2,675.0,-0.010814264673540934
279,p2,676.0,-0.019521760493618017
279,p2,677.0,-0.01669868363175752
279,p2,678.0,-0.001510892813857294
279,p2,679.0,0.021609734320783714
279,p2,680.0,0.043961926755793065
279,p2,681.0,0.059326033532911764
279,p2,682.0,0.0710561530933365
279,p2,683.0,0.08722399503074668
279,p2,684.0,0.11324448833701682
279,p2,685.0,0.1507436549804274
279,p2,686.0,0.2015359378613603
279,p2,687.0,0.2631245133261331
279,p2,688.0,0.32725790444012515
279,p2,689.0,0.38088737314693993
279,p2,690.0,0.41414310755459743
279,p2,691.0,0.425302521543471
279,p2,692.0,0.4143343571896014
279,p2,693.0,0.3811781134042874
279,p2,694.0,0.3283983374063301
279,p2,695.0,0.2598377677377592
279,p2,696.0,0.1823973431004412
279,p2,697.0,0.10818307807239375
279,p2,698.0,0.04835439532438843
279,p2,699.0,0.019461545075324493
279,p2,700.0,0.03333187958100119
279,p2,701.0,0.08486501459370034
279,p2,702.0,0.15243342900252063
279,p2,703.0,0.20865275418264104
279,p2,704.0,0.23159368532266536
279,p2,705.0,0.20715040098984558
279,p2,706.0,0.13003673631523402
279,p2,707.0,0.014192806840485163
279,p2,708.0,-0.11664925891209588
279,p2,709.0,-0.229518433034736
279,p2,710.0,-0.29515271196940224
279,p2,711.0,-0.29485547812890117
279,p2,712.0,-0.2151301890142992
279,p2,713.0,-0.05903015495098352
279,p2,714.0,0.15513485831349522
279,p2,715.0,0.3972237574501788
279,p2,716.0,0.6244858932917624
279,p2,717.0,0.7916887172818747
279,p2,718.0,0.871893684988164
279,p2,719.0,0.8577147201396598
279,p2,720.0,0.7684243385571947
279,p2,721.0,0.650910274708134
279,p2,722.0,0.5447821972704142
279,p2,723.0,0.475484290822589
279,p2,724.0,0.4369633772206231
279,p2,725.0,0.378641313211654
279,p2,726.0,0.24452164730568107
279,p2,727.0,-0.011995581789877169
279,p2,728.0,-0.3887809068379422
279,p2,729.0,-0.8399017797762276
279,p2,730.0,-1.277567218489518
279,p2,731.0,-1.6054371710949582
279,p2,732.0,-1.7517277873454722
279,p2,733.0,-1.687612934416163
279,p2,734.0,-1.4480686527034652
279,p2,735.0,-1.0993961249407342
279,p2,736.0,-0.7101066320544935
279,p2,737.0,-0.33588792776853144
279,p2,738.0,0.010833602109490208
279,p2,739.0,0.32983102318406216
279,p2,740.0,0.6328035598021575
279,p2,741.0,0.9092126080746644
279,p2,742.0,1.1168895987899552
279,p2,743.0,1.1899578624078588
279,p2,744.0,1.077776215606323
279,p2,745.0,0.7770098222860541
279,p2,746.0,0.334563050924064
279,p2,747.0,-0.14371103588749706
279,p2,748.0,-0.5484249143914982
279,p2,749.0,-0.7958781734765072
279,p2,750.0,-0.8568575904001481
279,p2,751.0,-0.7641117989573579
279,p2,752.0,-0.5909727883457582
279,p2,753.0,-0.42264152575265157
279,p2,754.0,-0.3187446450634775
279,p2,755.0,-0.2942906783785539
279,p2,756.0,-0.317773217132148
279,p2,757.0,-0.3446021342147847
279,p2,758.0,-0.34625371629135804
279,p2,759.0,-0.29779654492015284
279,p2,760.0,-0.20875265649017188
279,p2,761.0,-0.09750352598002247
279,p2,762.0,0.017712443286290368
279,p2,763.0,0.12065350760267633
279,p2,764.0,0.2127895541991512
279,p2,765.0,0.2979314410528064
279,p2,766.0,0.36817650963158094
279,p2,767.0,0.4129649893844884
279,p2,768.0,0.42804171173079436
279,p2,769.0,0.4166239373478473
279,p2,770.0,0.3834759729080591
279,p2,771.0,0.3399203696544338
279,p2,772.0,0.2972447055427131
279,p2,773.0,0.27221686276728224
279,p2,774.0,0.2775846418308653
279,p2,775.0,0.31736076155656023
279,p2,776.0,0.38910337556167635
279,p2,777.0,0.48952965728747583
279,p2,778.0,0.607214183789058
279,p2,779.0,0.7243387832564568
279,p2,780.0,0.8232028215190725
279,p2,781.0,0.8905450928470192
279,p2,782.0,0.9222290160597829
279,p2,783.0,0.926114118099231
279,p2,784.0,0.9124879816351873
279,p2,785.0,0.8934436256301769
279,p2,786.0,0.8721679189701438
279,p2,787.0,0.8527677112448158
279,p2,788.0,0.8277367144981197
279,p2,789.0,0.784215273987829
279,p2,790.0,0.7058454017052304
279,p2,791.0,0.5797494019772438
279,p2,792.0,0.40585147490895856
279,p2,793.0,0.1901705164221926
279,p2,794.0,-0.05625318101917419
279,p2,795.0,-0.3188832219785805
279,p2,796.0,-0.5795420343455603
279,p2,797.0,-0.8211866603243636
279,p2,798.0,-1.0319237886213655
279,p2,799.0,-1.2010153044836416
279,p2,800.0,-1.31883673557923
279,p2,801.0,-1.3775176924048957
279,p2,802.0,-1.3795701360414623
279,p2,803.0,-1.3329659008952661
279,p2,804.0,-1.2494334408405234
279,p2,805.0,-1.1407157168822881
279,p2,806.0,-1.015487219080344
279,p2,807.0,-0.885878501178497
279,p2,808.0,-0.7564250727850316
279,p2,809.0,-0.6305993129095284
279,p2,810.0,-0.5058663807487801
279,p2,811.0,-0.38148298068595377
279,p2,812.0,-0.25804858492582117
279,p2,813.0,-0.14086584520971004
279,p2,814.0,-0.03461216621560676
279,p2,815.0,0.06093727659643706
279,p2,816.0,0.1449581490647664
279,p2,817.0,0.21485198601092353
279,p2,818.0,0.2687665072317111
279,p2,819.0,0.3050624768279358
279,p2,820.0,0.3223176867348481
279,p2,821.0,0.3209551732927666
279,p2,822.0,0.30510001870425696
279,p2,823.0,0.2866148216495316
279,p2,824.0,0.2776667198106348
279,p2,825.0,0.27816394957544305
279,p2,826.0,0.2769680554845561
279,p2,827.0,0.26106226414552486
279,p2,828.0,0.22293572656897573
279,p2,829.0,0.156110284832605
279,p2,830.0,0.05946268166445479
279,p2,831.0,-0.0602331171241822
279,p2,832.0,-0.1861382093977998
279,p2,833.0,-0.3003635754899301
279,p2,834.0,-0.3926550006291149
279,p2,835.0,-0.45900326450874307
279,p2,836.0,-0.4978925835130191
279,p2,837.0,-0.5092107689449644
279,p2,838.0,-0.4960129287391319
279,p2,839.0,-0.4634843975615159
279,p2,840.0,-0.4160369468881323
279,p2,841.0,-0.3573229293790862
279,p2,842.0,-0.2951115886157061
279,p2,843.0,-0.24366538140058489
279,p2,844.0,-0.2083947297800298
279,p2,845.0,-0.18911531915721416
279,p2,846.0,-0.17782502470703726
279,p2,847.0,-0.16691907855626426
279,p2,848.0,-0.15392927428078412
279,p2,849.0,-0.14031454312171124
279,p2,850.0,-0.13115821247041837
279,p2,851.0,-0.13178299767448431
279,p2,852.0,-0.14456046837584083
279,p2,853.0,-0.16551958528953645
279,p2,854.0,-0.18649916454626955
279,p2,855.0,-0.19715713197423454
279,p2,856.0,-0.18918689960581037
279,p2,857.0,-0.1628238162610148
279,p2,858.0,-0.12508827255156216
279,p2,859.0,-0.08464618036256459
279,p2,860.0,-0.0511723919931099
279,p2,861.0,-0.03354795945748181
279,p2,862.0,-0.03344590060386251
279,p2,863.0,-0.04578733926772657
279,p2,864.0,-0.06278524761747854
279,p2,865.0,-0.07785984852470088
279,p2,866.0,-0.08935777339514589
279,p2,867.0,-0.09567267852366379
279,p2,868.0,-0.0935231812659852
279,p2,869.0,-0.08468619814257738
279,p2,870.0,-0.0734946846257615
279,p2,871.0,-0.06275095852639853
279,p2,872.0,-0.05186051348787132
279,p2,873.0,-0.04096145220395394
279,p2,874.0,-0.03094712937772184
279,p2,875.0,-0.021101434950928054
279,p2,876.0,-0.008979782653542007
279,p2,877.0,0.006203491449081721
279,p2,878.0,0.022392513073051915
279,p2,879.0,0.03691951643078739
279,p2,880.0,0.05135809653406756
279,p2,881.0,0.0694934360668834
279,p2,882.0,0.09063276161602396
279,p2,883.0,0.11268529924760035
279,p2,884.0,0.1373004484447568
279,p2,885.0,0.16921870673207523
279,p2,886.0,0.2098005092130054
279,p2,887.0,0.25852924276551936
279,p2,888.0,0.31480869226470576
279,p2,889.0,0.3774935479481245
279,p2,890.0,0.4467957633927654
279,p2,891.0,0.5172245560825388
279,p2,892.0,0.5849593314142779
279,p2,893.0,0.6461945134767456
279,p2,894.0,0.6891223348873533
279,p2,895.0,0.7019275149717603
279,p2,896.0,0.6695885211216365
279,p2,897.0,0.5914957162274977
279,p2,898.0,0.47646608486450975
279,p2,899.0,0.34692981705866766
279,p2,900.0,0.24003880122979163
279,p2,901.0,0.19202721098999875
279,p2,902.0,0.2409922593216218
279,p2,903.0,0.39916188294519656
279,p2,904.0,0.6489641260293587
279,p2,905.0,0.9417188381901074
279,p2,906.0,1.20158850276467
279,p2,907.0,1.345663953028099
279,p2,908.0,1.3039739016896177
279,p2,909.0,1.042020085252941
279,p2,910.0,0.5756094654639641
279,p2,911.0,-0.025338063815219972
279,p2,912.0,-0.6578387019313916
279,p2,913.0,-1.2143880456655745
279,p2,914.0,-1.604806823708396
279,p2,915.0,-1.7876851200830994
279,p2,916.0,-1.7631204077414604
279,p2,917.0,-1.5786493606621992
279,p2,918.0,-1.2961574376348588
279,p2,919.0,-0.9760097996248422
279,p2,920.0,-0.660183927983468
279,p2,921.0,-0.3707070537557744
279,p2,922.0,-0.12403700833062384
279,p2,923.0,0.0886335205713531
279,p2,924.0,0.27459673626754927
279,p2,925.0,0.4402690209035905
279,p2,926.0,0.5822452916169312
279,p2,927.0,0.6959208942074211
279,p2,928.0,0.7752803610891614
279,p2,929.0,0.8091311133566466
279,p2,930.0,0.779080674876094
279,p2,931.0,0.671247021407307
279,p2,932.0,0.4859991169186072
279,p2,933.0,0.23680791599502
279,p2,934.0,-0.05554056518964119
279,p2,935.0,-0.3561300011017064
279,p2,936.0,-0.6245644326857007
279,p2,937.0,-0.8224147536410052
279,p2,938.0,-0.9307610891795465
279,p2,939.0,-0.9514596861128126
279,p2,940.0,-0.9040786599717435
279,p2,941.0,-0.8097876531166953
279,p2,942.0,-0.6926230240831129
279,p2,943.0,-0.5776086321337489
279,p2,944.0,-0.47273365890854935
279,p2,945.0,-0.37749050040952464
279,p2,946.0,-0.28551242631580476
279,p2,947.0,-0.19965059493831977
279,p2,948.0,-0.1207682841726104
279,p2,949.0,-0.052570091634797124
279,p2,950.0,0.0012370432530878956
279,p2,951.0,0.038681218798386235
279,p2,952.0,0.05755846351914787
279,p2,953.0,0.06205615429475629
279,p2,954.0,0.06041712840620102
279,p2,955.0,0.05882672360515569
279,p2,956.0,0.05881049482927423
279,p2,957.0,0.06037016146867567
279,p2,958.0,0.06288194040968395
279,p2,959.0,0.06660405414574887
279,p2,960.0,0.07310111711514038
279,p2,961.0,0.08136693714204621
279,p2,962.0,0.08935675340561618
279,p2,963.0,0.0952946764325047
279,p2,964.0,0.09859048433855752
279,p2,965.0,0.0991295290283619
279,p2,966.0,0.09880950730348201
279,p2,967.0,0.0989628687501068
279,p2,968.0,0.09749568829904229
279,p2,969.0,0.09136790864578692
279,p2,970.0,0.07825965753673418
279,p2,971.0,0.058191138566616174
279,p2,972.0,0.035997116146256815
279,p2,973.0,0.016783428399828416
279,p2,974.0,0.003424593339000514
279,p2,975.0,-0.001867986864853064
279,p2,976.0,0.0015711894197746367
279,p2,977.0,0.009517251357987963
279,p2,978.0,0.015158674004405218
279,p2,979.0,0.012980378066467957
279,p2,980.0,-0.0011211812552911417
279,p2,981.0,-0.027925799620329393
279,p2,982.0,-0.06383529345404344
279,p2,983.0,-0.10263458091097752
279,p2,984.0,-0.13835892972910535
279,p2,985.0,-0.1679796438763469
279,p2,986.0,-0.18829193094518384
279,p2,987.0,-0.1904605161153644
279,p2,988.0,-0.1684473413585577
279,p2,989.0,-0.12462989835976215
279,p2,990.0,-0.07066110526890393
279,p2,991.0,-0.02614230339512853
279,p2,992.0,-0.009055458466736084
279,p2,993.0,-0.033830799814613705
279,p2,994.0,-0.09989016771243772
279,p2,995.0,-0.189259713832599
279,p2,996.0,-0.26827760733764244
279,p2,997.0,-0.30061644416609057
279,p2,998.0,-0.2652445501019584
279,p2,999.0,-0.15181094361859013
279,p2,1000.0,0.023425589933665922
279,p2,1001.0,0.22915409821323382
279,p2,1002.0,0.4199377600448819
279,p2,1003.0,0.5430868031649635
279,p2,1004.0,0.5618512849261009
279,p2,1005.0,0.4639491380959408
279,p2,1006.0,0.2645357447673789
279,p2,1007.0,-0.002843608820226969
279,p2,1008.0,-0.2831234929624018
279,p2,1009.0,-0.5203486812064522
279,p2,1010.0,-0.6699998544447769
279,p2,1011.0,-0.7155203467676947
279,p2,1012.0,-0.671392542551485
279,p2,1013.0,-0.5627456298242507
279,p2,1014.0,-0.42239118871412984
279,p2,1015.0,-0.2766000231740333
279,p2,1016.0,-0.14319983211754433
279,p2,1017.0,-0.030681775316727364
279,p2,1018.0,0.061540259744855545
279,p2,1019.0,0.12698920958827967
279,p2,1020.0,0.1622396359430677
279,p2,1021.0,0.16427000709379158
279,p2,1022.0,0.1439858130575946
279,p2,1023.0,0.11868993967241065
279,p2,1024.0,0.10060939434414634
279,p2,1025.0,0.09675863091245433
279,p2,1026.0,0.10418522082212349
279,p2,1027.0,0.11829359409011363
279,p2,1028.0,0.1310892093703628
279,p2,1029.0,0.13426593067977455
279,p2,1030.0,0.12467502108858759
279,p2,1031.0,0.11345686736761618
279,p2,1032.0,0.1128837132260782
279,p2,1033.0,0.12774227437413443
279,p2,1034.0,0.15780842286717145
279,p2,1035.0,0.1966263666599104
279,p2,1036.0,0.23734218884720715
279,p2,1037.0,0.27168133469078404
279,p2,1038.0,0.2920591552837641
279,p2,1039.0,0.3012402780742681
279,p2,1040.0,0.31078155967719245
279,p2,1041.0,0.32928272837995365
279,p2,1042.0,0.3633934168611805
279,p2,1043.0,0.4144608529954742
279,p2,1044.0,0.4789667622488399
279,p2,1045.0,0.5536352486609913
279,p2,1046.0,0.6364699094523797
279,p2,1047.0,0.7241752593032987
279,p2,1048.0,0.8183695017212145
279,p2,1049.0,0.9258396663701534
279,p2,1050.0,1.0516668844765074
279,p2,1051.0,1.1951497368450463
279,p2,1052.0,1.3522349253082486
279,p2,1053.0,1.5245545313239122
279,p2,1054.0,1.7189932732301485
279,p2,1055.0,1.9407624068263847
279,p2,1056.0,2.183578153874894
279,p2,1057.0,2.44232204685281
279,p2,1058.0,2.7088637639114244
279,p2,1059.0,2.9639366498366932
279,p2,1060.0,3.1764481423658086
279,p2,1061.0,3.3167470243878867
279,p2,1062.0,3.3629501845003933
279,p2,1063.0,3.300620115256302
279,p2,1064.0,3.1196760163352173
279,p2,1065.0,2.807714035830498
279,p2,1066.0,2.3593099844985344
279,p2,1067.0,1.782460304377408
279,p2,1068.0,1.0981769633782184
279,p2,1069.0,0.33845815349765257
279,p2,1070.0,-0.4530596285694317
279,p2,1071.0,-1.2259852269203775
279,p2,1072.0,-1.9329452648408871
279,p2,1073.0,-2.541541230032537
279,p2,1074.0,-3.034483522934241
279,p2,1075.0,-3.400166727454767
279,p2,1076.0,-3.63037480170992
279,p2,1077.0,-3.7293614532665624
279,p2,1078.0,-3.7101763464949737
279,p2,1079.0,-3.584922738809239
279,p2,1080.0,-3.3638603328416696
279,p2,1081.0,-3.06790522962701
279,p2,1082.0,-2.7296665179585267
279,p2,1083.0,-2.382430350152156
279,p2,1084.0,-2.0554443443382193
279,p2,1085.0,-1.7635513306195572
279,p2,1086.0,-1.5111927933343194
279,p2,1087.0,-1.2961781694518049
279,p2,1088.0,-1.1142426239236973
279,p2,1089.0,-0.9572162299341703
279,p2,1090.0,-0.8219667919954372
279,p2,1091.0,-0.7068875353225739
279,p2,1092.0,-0.608704454167869
279,p2,1093.0,-0.5210124609437898
279,p2,1094.0,-0.43622960444642966
279,p2,1095.0,-0.35212448526570267
279,p2,1096.0,-0.27201384616626767
279,p2,1097.0,-0.20100340502715008
279,p2,1098.0,-0.14216221892568912
279,p2,1099.0,-0.10024239879653374
279,p2,1100.0,-0.07659188856548778
279,p2,1101.0,-0.0654079258523575
279,p2,1102.0,-0.057788331787605805
279,p2,1103.0,-0.046839941728722655
279,p2,1104.0,-0.028279206104654907
279,p2,1105.0,-0.004349547765401438
279,p2,1106.0,0.01885422107061158
279,p2,1107.0,0.03656884455824056
279,p2,1108.0,0.0465246549754417
279,p2,1109.0,0.050706892431906764
279,p2,1110.0,0.054961633678792976
279,p2,1111.0,0.06249466907582007
279,p2,1112.0,0.07412412281451541
279,p2,1113.0,0.08891175774501148
279,p2,1114.0,0.1041701781943239
279,p2,1115.0,0.1164073329521744
279,p2,1116.0,0.12346404183773099
279,p2,1117.0,0.1253864034083612
279,p2,1118.0,0.12559326662500286
279,p2,1119.0,0.1315159265836499
279,p2,1120.0,0.15073600045964514
279,p2,1121.0,0.1882274670189064
279,p2,1122.0,0.243582119751576
279,p2,1123.0,0.30917904714063527
279,p2,1124.0,0.37152969842819933
279,p2,1125.0,0.4191903525697131
279,p2,1126.0,0.44494580221834956
279,p2,1127.0,0.44858205094375936
279,p2,1128.0,0.43514755852691306
279,p2,1129.0,0.4079137100584065
279,p2,1130.0,0.366935496180998
279,p2,1131.0,0.3140461795974965
279,p2,1132.0,0.25284761026240016
279,p2,1133.0,0.18479613965519678
279,p2,1134.0,0.11285104039114302
279,p2,1135.0,0.040739631407972904
279,p2,1136.0,-0.025539655664391453
279,p2,1137.0,-0.07795047563214973
279,p2,1138.0,-0.10729326108185425
279,p2,1139.0,-0.11195386356175903
279,p2,1140.0,-0.09130097413887618
279,p2,1141.0,-0.04640097171913197
279,p2,1142.0,0.02097513886021013
279,p2,1143.0,0.10588336475540347
279,p2,1144.0,0.20453675808044583
279,p2,1145.0,0.31081223167818295
279,p2,1146.0,0.42396953708205576
279,p2,1147.0,0.53714097770082
279,p2,1148.0,0.6477085403544052
279,p2,1149.0,0.7503081278462591
279,p2,1150.0,0.8473111405110666
279,p2,1151.0,0.9447112352001185
279,p2,1152.0,1.055372667314999
279,p2,1153.0,1.190164987841616
279,p2,1154.0,1.3550240193845626
279,p2,1155.0,1.5579046860894734
279,p2,1156.0,1.7908658879175035
279,p2,1157.0,2.045942262744538
279,p2,1158.0,2.297148691950355
279,p2,1159.0,2.5278193684205252
279,p2,1160.0,2.7084410290696073
279,p2,1161.0,2.8107457667334903
279,p2,1162.0,2.7975625382522544
279,p2,1163.0,2.643357433200906
279,p2,1164.0,2.3355825481649446
279,p2,1165.0,1.8835163687959473
279,p2,1166.0,1.3171400728329081
279,p2,1167.0,0.6890367659204377
279,p2,1168.0,0.05714841084223289
279,p2,1169.0,-0.5170914178423267
279,p2,1170.0,-0.9950206349237631
279,p2,1171.0,-1.3579165776169138
279,p2,1172.0,-1.6118164746375805
279,p2,1173.0,-1.7762918084448525
279,p2,1174.0,-1.8814037287072476
279,p2,1175.0,-1.9570100453350665
279,p2,1176.0,-2.0183533363891675
279,p2,1177.0,-2.075639288612272
279,p2,1178.0,-2.1178809303815607
279,p2,1179.0,-2.1377314896739645
279,p2,1180.0,-2.116528596011781
279,p2,1181.0,-2.0483923288379953
279,p2,1182.0,-1.9323438542712683
279,p2,1183.0,-1.7820241053135104
279,p2,1184.0,-1.61446806262954
279,p2,1185.0,-1.4486470070659045
279,p2,1186.0,-1.3005588063721867
279,p2,1187.0,-1.1788930595318654
279,p2,1188.0,-1.0850560540131757
279,p2,1189.0,-1.0128235404562165
279,p2,1190.0,-0.9526991442707988
279,p2,1191.0,-0.8926570367854572
279,p2,1192.0,-0.8241161325336068
279,p2,1193.0,-0.7400093604793792
279,p2,1194.0,-0.639504504468897
279,p2,1195.0,-0.5196479184502532
279,p2,1196.0,-0.3871238305981777
279,p2,1197.0,-0.24504635436907246
279,p2,1198.0,-0.09489087767873013
279,p2,1199.0,0.06911037704829989
279,p2,1200.0,0.25473934981911683
279,p2,1201.0,0.46534484822075195
279,p2,1202.0,0.7087300344136251
279,p2,1203.0,0.9781786774076867
279,p2,1204.0,1.2707661897849354
279,p2,1205.0,1.5588536085760591
279,p2,1206.0,1.8120704084076682
279,p2,1207.0,1.9846133134809523
279,p2,1208.0,2.02962456700129
279,p2,1209.0,1.9053894773109665
279,p2,1210.0,1.5908380070811925
279,p2,1211.0,1.0981908186708056
279,p2,1212.0,0.4728589166538005
279,p2,1213.0,-0.20999885642198846
279,p2,1214.0,-0.8583210791752266
279,p2,1215.0,-1.3880234830044296
279,p2,1216.0,-1.7333078234868267
279,p2,1217.0,-1.8772024346807732
279,p2,1218.0,-1.8440655944401532
279,p2,1219.0,-1.6897979466567443
279,p2,1220.0,-1.4769971567106566
279,p2,1221.0,-1.2596506718358758
279,p2,1222.0,-1.074077846966392
279,p2,1223.0,-0.9240458023623321
279,p2,1224.0,-0.8066476984662919
279,p2,1225.0,-0.7028242639911322
279,p2,1226.0,-0.6083909021786172
279,p2,1227.0,-0.5182610376629408
279,p2,1228.0,-0.43686049004515914
279,p2,1229.0,-0.36578959588618615
279,p2,1230.0,-0.3045008258841788
279,p2,1231.0,-0.25479990777085837
279,p2,1232.0,-0.2137900479010952
279,p2,1233.0,-0.18017316327181745
279,p2,1234.0,-0.15286553407132045
279,p2,1235.0,-0.1316390045562083
279,p2,1236.0,-0.1165770933841672
279,p2,1237.0,-0.10312920405653031
279,p2,1238.0,-0.08440138223888577
279,p2,1239.0,-0.06020698835876738
279,p2,1240.0,-0.03662866518070018
279,p2,1241.0,-0.020102410597699072
279,p2,1242.0,-0.013918719107230195
279,p2,1243.0,-0.016948223306849555
279,p2,1244.0,-0.02642294367184624
279,p2,1245.0,-0.03994059397266355
279,p2,1246.0,-0.05339122441663603
279,p2,1247.0,-0.0608838089206751
279,p2,1248.0,-0.059834359536933224
279,p2,1249.0,-0.05300309738586078
279,p2,1250.0,-0.043709785144495895
279,p2,1251.0,-0.03165828121464113
279,p2,1252.0,-0.01843429569605331
279,p2,1253.0,-0.006812960475535952
279,p2,1254.0,-0.0012304518283457308
279,p2,1255.0,-0.004812646045251463
279,p2,1256.0,-0.014580080841802824
279,p2,1257.0,-0.02509419994933677
279,p2,1258.0,-0.029217360063922643
279,p2,1259.0,-0.02007859813401238
279,p2,1260.0,0.0032360137857977015
279,p2,1261.0,0.03645821927613859
279,p2,1262.0,0.07050611059092271
279,p2,1263.0,0.09553661905435293
279,p2,1264.0,0.1054960004871705
279,p2,1265.0,0.10324959710631756
279,p2,1266.0,0.0969986447782095
279,p2,1267.0,0.09585902971648931
279,p2,1268.0,0.1049267151410159
279,p2,1269.0,0.12568078295923094
279,p2,1270.0,0.15648702670497575
279,p2,1271.0,0.19362677859620664
279,p2,1272.0,0.23195901611882283
279,p2,1273.0,0.2693597754104221
279,p2,1274.0,0.3110492933774156
279,p2,1275.0,0.36315648691017927
279,p2,1276.0,0.42597139862075023
279,p2,1277.0,0.4998701723870492
279,p2,1278.0,0.5835084643565727
279,p2,1279.0,0.6744709019701247
279,p2,1280.0,0.7658286680948506
279,p2,1281.0,0.8490753342673315
279,p2,1282.0,0.9123770920788514
279,p2,1283.0,0.9492705499350161
279,p2,1284.0,0.952737885912525
279,p2,1285.0,0.9159538152967823
279,p2,1286.0,0.8320573970715702
279,p2,1287.0,0.7068733502043545
279,p2,1288.0,0.5505611280756726
279,p2,1289.0,0.36760014926891527
279,p2,1290.0,0.16305660067058853
279,p2,1291.0,-0.054869005197996
279,p2,1292.0,-0.272905045676676
279,p2,1293.0,-0.47583447525691835
279,p2,1294.0,-0.6513279411835602
279,p2,1295.0,-0.7891310777328068
279,p2,1296.0,-0.87998497670867
279,p2,1297.0,-0.9241748498234209
279,p2,1298.0,-0.9283956507687353
279,p2,1299.0,-0.9002926578076695
279,p2,1300.0,-0.8458515852041253
279,p2,1301.0,-0.7706377438370485
279,p2,1302.0,-0.6787620263548881
279,p2,1303.0,-0.5811198291051309
279,p2,1304.0,-0.48425965979246727
279,p2,1305.0,-0.39335633648236545
279,p2,1306.0,-0.30731563254575905
279,p2,1307.0,-0.2289664893110473
279,p2,1308.0,-0.16130935153699563
279,p2,1309.0,-0.10507377866388894
279,p2,1310.0,-0.06202397586966876
279,p2,1311.0,-0.03282370245471867
279,p2,1312.0,-0.016619238703025684
279,p2,1313.0,-0.010609994113754363
279,p2,1314.0,-0.007537628699720159
279,p2,1315.0,0.002372166208246121
279,p2,1316.0,0.02452028292453753
279,p2,1317.0,0.05762137265679271
279,p2,1318.0,0.09537570861586309
279,p2,1319.0,0.1342170849796511
279,p2,1320.0,0.17693754451092092
279,p2,1321.0,0.22923223618764385
279,p2,1322.0,0.29494843134812676
279,p2,1323.0,0.3793419608016478
279,p2,1324.0,0.47939276747054
279,p2,1325.0,0.5866794748203693
279,p2,1326.0,0.6822864758014889
279,p2,1327.0,0.7425224651329217
279,p2,1328.0,0.7515009466133782
279,p2,1329.0,0.7013509906873889
279,p2,1330.0,0.5964443985739685
279,p2,1331.0,0.45021003931641396
279,p2,1332.0,0.28787753199528066
279,p2,1333.0,0.1414490744666651
279,p2,1334.0,0.03759909296138859
279,p2,1335.0,-0.011217298572031466
279,p2,1336.0,-0.005298037549996733
279,p2,1337.0,0.048046477385514576
279,p2,1338.0,0.1351696488701863
279,p2,1339.0,0.24004002294231472
279,p2,1340.0,0.3473004712762999
279,p2,1341.0,0.4512546688624682
279,p2,1342.0,0.5505738547611108
279,p2,1343.0,0.6442224475305449
279,p2,1344.0,0.7357807509290086
279,p2,1345.0,0.8288658825094221
279,p2,1346.0,0.9329695251955323
279,p2,1347.0,1.0561104250540303
279,p2,1348.0,1.1958183042200743
279,p2,1349.0,1.3430975045188291
279,p2,1350.0,1.4879896830658386
279,p2,1351.0,1.621152848480735
279,p2,1352.0,1.7312482390806856
279,p2,1353.0,1.8068822003675293
279,p2,1354.0,1.8385029084768354
279,p2,1355.0,1.816537003859876
279,p2,1356.0,1.7247006793874666
279,p2,1357.0,1.5504147189627935
279,p2,1358.0,1.2935405132394002
279,p2,1359.0,0.9623000751942163
279,p2,1360.0,0.5796951725604329
279,p2,1361.0,0.17733141196017765
279,p2,1362.0,-0.20312331715202422
279,p2,1363.0,-0.5292355024017663
279,p2,1364.0,-0.7779323589758336
279,p2,1365.0,-0.941669276367342
279,p2,1366.0,-1.0232149236366557
279,p2,1367.0,-1.0312204757156993
279,p2,1368.0,-0.9774507647049273
279,p2,1369.0,-0.8754322253753447
279,p2,1370.0,-0.738532170695263
279,p2,1371.0,-0.5778276696309059
279,p2,1372.0,-0.4032605503642419
279,p2,1373.0,-0.22075567947899422
279,p2,1374.0,-0.03616356829797683
279,p2,1375.0,0.14886865947211253
279,p2,1376.0,0.3249009936521284
279,p2,1377.0,0.48001640965464076
279,p2,1378.0,0.6120122596836715
279,p2,1379.0,0.7298045604118246
279,p2,1380.0,0.84855862504555
279,p2,1381.0,0.9826441652823291
279,p2,1382.0,1.1433725622191244
279,p2,1383.0,1.32441375225226
279,p2,1384.0,1.4928177892905028
279,p2,1385.0,1.5994962398441444
279,p2,1386.0,1.5891342390909957
279,p2,1387.0,1.4217450923536092
279,p2,1388.0,1.0828390111796509
279,p2,1389.0,0.5794677329003912
279,p2,1390.0,-0.04859509341007699
279,p2,1391.0,-0.74052823094365
279,p2,1392.0,-1.4226238798425344
279,p2,1393.0,-2.031165261157881
279,p2,1394.0,-2.512412484136991
279,p2,1395.0,-2.8341845011735254
279,p2,1396.0,-2.978859111654856
279,p2,1397.0,-2.9601126987629263
279,p2,1398.0,-2.8122423065484465
279,p2,1399.0,-2.575363353515186
279,p2,1400.0,-2.289179186513025
279,p2,1401.0,-1.9863019518582612
279,p2,1402.0,-1.6969900835686071
279,p2,1403.0,-1.4375228897889258
279,p2,1404.0,-1.2138263742616169
279,p2,1405.0,-1.028661999612889
279,p2,1406.0,-0.8848442566341426
279,p2,1407.0,-0.7848975207471781
279,p2,1408.0,-0.7287882869923985
279,p2,1409.0,-0.7041497515318524
279,p2,1410.0,-0.6982479909056974
279,p2,1411.0,-0.6950749728012847
279,p2,1412.0,-0.6838750483122106
279,p2,1413.0,-0.6549896344866873
279,p2,1414.0,-0.6085356160080466
279,p2,1415.0,-0.5480488580400946
279,p2,1416.0,-0.47887660998127396
279,p2,1417.0,-0.40459537204362217
279,p2,1418.0,-0.3281312869469897
279,p2,1419.0,-0.2550416224222939
279,p2,1420.0,-0.1885713185603785
279,p2,1421.0,-0.12473048257983146
279,p2,1422.0,-0.057613368617753964
279,p2,1423.0,0.013434246561453924
279,p2,1424.0,0.08599487402138292
279,p2,1425.0,0.15853525410763086
279,p2,1426.0,0.226832019372787
279,p2,1427.0,0.281775365774033
279,p2,1428.0,0.3210972291141027
279,p2,1429.0,0.34657676324452286
279,p2,1430.0,0.3632360648533119
279,p2,1431.0,0.3726459954558028
279,p2,1432.0,0.3763357042798817
279,p2,1433.0,0.37532510412376646
279,p2,1434.0,0.36517444000717697
279,p2,1435.0,0.3383519105585577
279,p2,1436.0,0.29084833566952795
279,p2,1437.0,0.22527995967453654
279,p2,1438.0,0.14931524420449754
279,p2,1439.0,0.07661347027564476
279,p2,1440.0,0.015515242226019143
279,p2,1441.0,-0.030739677694758702
279,p2,1442.0,-0.06020011809995115
279,p2,1443.0,-0.0798668225401245
279,p2,1444.0,-0.101303397621785
279,p2,1445.0,-0.13097535323109818
279,p2,1446.0,-0.16518033711967336
279,p2,1447.0,-0.19750206540297272
279,p2,1448.0,-0.22298316835374726
279,p2,1449.0,-0.23249525558540612
279,p2,1450.0,-0.21852462651845006
279,p2,1451.0,-0.1813415612306685
279,p2,1452.0,-0.13230691251847707
279,p2,1453.0,-0.08196066207504527
279,p2,1454.0,-0.03255912235304539
279,p2,1455.0,0.015539044370848614
279,p2,1456.0,0.06022647442684114
279,p2,1457.0,0.10290645589182208
279,p2,1458.0,0.14522103559001587
279,p2,1459.0,0.18666504992875105
279,p2,1460.0,0.2254162580460035
279,p2,1461.0,0.25712564188485026
279,p2,1462.0,0.27818487792775465
279,p2,1463.0,0.2928155248188595
279,p2,1464.0,0.30520841604844695
279,p2,1465.0,0.3178983107449248
279,p2,1466.0,0.32999953761555695
279,p2,1467.0,0.34311549154837867
279,p2,1468.0,0.35573025898182203
279,p2,1469.0,0.35360226598676187
279,p2,1470.0,0.32558239530363414
279,p2,1471.0,0.2710547867856407
279,p2,1472.0,0.19975148319657748
279,p2,1473.0,0.1295531744541746
279,p2,1474.0,0.07668727869119674
279,p2,1475.0,0.049510302914322075
279,p2,1476.0,0.05430075201428096
279,p2,1477.0,0.0856282384978918
279,p2,1478.0,0.1258504626740364
279,p2,1479.0,0.1492471756805127
279,p2,1480.0,0.13177067356480254
279,p2,1481.0,0.06026851367060942
279,p2,1482.0,-0.0662289647157617
279,p2,1483.0,-0.23668107753420992
279,p2,1484.0,-0.42849046544981484
279,p2,1485.0,-0.6128452608934761
279,p2,1486.0,-0.7633116902308317
279,p2,1487.0,-0.8658253050231932
279,p2,1488.0,-0.9128299679267569
279,p2,1489.0,-0.90240068325396
279,p2,1490.0,-0.8456403876033555
279,p2,1491.0,-0.7601611700862938
279,p2,1492.0,-0.6632401962185346
279,p2,1493.0,-0.5708624247317908
279,p2,1494.0,-0.4893846607798269
279,p2,1495.0,-0.4168120171588654
279,p2,1496.0,-0.34913869952849863
279,p2,1497.0,-0.2787049141234538
279,p2,1498.0,-0.2030901730686015
279,p2,1499.0,-0.12331237421038034
279,p2,1500.0,-0.04362404029793091
279,p2,1501.0,0.027510385855716586
279,p2,1502.0,0.08315773026601629
279,p2,1503.0,0.11743401217959054
279,p2,1504.0,0.12585274129974436
279,p2,1505.0,0.11293527845869009
279,p2,1506.0,0.09210643947525224
279,p2,1507.0,0.07322090331334431
279,p2,1508.0,0.05965483652949822
279,p2,1509.0,0.05385905324555273
279,p2,1510.0,0.05472700602255417
279,p2,1511.0,0.05481909941206555
279,p2,1512.0,0.046453030496184836
279,p2,1513.0,0.028146640679926418
279,p2,1514.0,0.004487163278246302
279,p2,1515.0,-0.01385189193665759
279,p2,1516.0,-0.019602301965398253
279,p2,1517.0,-0.011026167974059765
279,p2,1518.0,0.01076998942598245
279,p2,1519.0,0.04157971040291972
279,p2,1520.0,0.07707418134439119
279,p2,1521.0,0.11285659011578551
279,p2,1522.0,0.14247421846529904
279,p2,1523.0,0.16442708907972484
279,p2,1524.0,0.18180529168870502
279,p2,1525.0,0.1952553665697615
279,p2,1526.0,0.204725876533372
279,p2,1527.0,0.21266959758471632
279,p2,1528.0,0.22076427532293397
279,p2,1529.0,0.22779272044660204
279,p2,1530.0,0.2304969703900308
279,p2,1531.0,0.23085238654523982
279,p2,1532.0,0.22840029190442623
279,p2,1533.0,0.22282819509945365
279,p2,1534.0,0.21263049548107096
279,p2,1535.0,0.19400160410170988
279,p2,1536.0,0.16410822703280997
279,p2,1537.0,0.12232425428302686
279,p2,1538.0,0.07134984290536697
279,p2,1539.0,0.017015646735588863
279,p2,1540.0,-0.03754179253708028
279,p2,1541.0,-0.08836053017127811
279,p2,1542.0,-0.1293155100088127
279,p2,1543.0,-0.1566745698522701
279,p2,1544.0,-0.1691224607568257
279,p2,1545.0,-0.16926442227783284
279,p2,1546.0,-0.16092131791489112
279,p2,1547.0,-0.14978264774500225
279,p2,1548.0,-0.14034539933006263
279,p2,1549.0,-0.12977509091655795
279,p2,1550.0,-0.10728985376529832
279,p2,1551.0,-0.06766641645502519
279,p2,1552.0,-0.004923277452102989
279,p2,1553.0,0.07957190930531648
279,p2,1554.0,0.18352933724460477
279,p2,1555.0,0.3046648553159065
279,p2,1556.0,0.4384901450673358
279,p2,1557.0,0.5850950635450322
279,p2,1558.0,0.7457302885243188
279,p2,1559.0,0.9280425169250942
279,p2,1560.0,1.1332734570389738
279,p2,1561.0,1.3605447903073997
279,p2,1562.0,1.6072316552401114
279,p2,1563.0,1.8697717662652547
279,p2,1564.0,2.139776593526095
279,p2,1565.0,2.4165544238200285
279,p2,1566.0,2.6993142635280796
279,p2,1567.0,2.9886912323058437
279,p2,1568.0,3.2623501695055497
279,p2,1569.0,3.4968594653316725
279,p2,1570.0,3.6540648712471846
279,p2,1571.0,3.7085406369987783
279,p2,1572.0,3.6327493744396815
279,p2,1573.0,3.411088902397722
279,p2,1574.0,3.032825626713017
279,p2,1575.0,2.4949509861526327
279,p2,1576.0,1.8094064917111548
279,p2,1577.0,1.0038366110117358
279,p2,1578.0,0.13068925601378026
279,p2,1579.0,-0.7451093684934923
279,p2,1580.0,-1.5506586062121763
279,p2,1581.0,-2.228913397919862
279,p2,1582.0,-2.744744706872696
279,p2,1583.0,-3.096342513165672
279,p2,1584.0,-3.3037769789044353
279,p2,1585.0,-3.404588130673654
279,p2,1586.0,-3.4223944789352054
279,p2,1587.0,-3.3795695993183044
279,p2,1588.0,-3.273699732946335
279,p2,1589.0,-3.1030546048473573
279,p2,1590.0,-2.855526771026623
279,p2,1591.0,-2.538127733489738
279,p2,1592.0,-2.1651452093976187
279,p2,1593.0,-1.7512126281752016
279,p2,1594.0,-1.3087232651241143
279,p2,1595.0,-0.8390050570759756
279,p2,1596.0,-0.3512766438293978
279,p2,1597.0,0.15213042024227466
279,p2,1598.0,0.6699428253286778
279,p2,1599.0,1.2069828820092858
279,p2,1600.0,1.7606440915558397
279,p2,1601.0,2.333640377410828
279,p2,1602.0,2.896629583834049
279,p2,1603.0,3.4395024604586135
279,p2,1604.0,3.910894342505246
279,p2,1605.0,4.235365680255423
279,p2,1606.0,4.315497296052112
279,p2,1607.0,4.080280929665659
279,p2,1608.0,3.48281204807174
279,p2,1609.0,2.534182667971855
279,p2,1610.0,1.3032189544936255
279,p2,1611.0,-0.07926380758491472
279,p2,1612.0,-1.4572840034421317
279,p2,1613.0,-2.6768624571989257
279,p2,1614.0,-3.616957350368298
279,p2,1615.0,-4.2107065573907025
279,p2,1616.0,-4.439463448497763
279,p2,1617.0,-4.342101051764848
279,p2,1618.0,-3.9927262852413663
279,p2,1619.0,-3.4892697869718607
279,p2,1620.0,-2.921772970158884
279,p2,1621.0,-2.369526505940443
279,p2,1622.0,-1.8749073052585528
279,p2,1623.0,-1.4838697983531166
279,p2,1624.0,-1.1952423129859664
279,p2,1625.0,-0.998887537136973
279,p2,1626.0,-0.868974623223609
279,p2,1627.0,-0.7821826881027897
279,p2,1628.0,-0.7141257687929922
279,p2,1629.0,-0.6507262593628893
279,p2,1630.0,-0.583123443430092
279,p2,1631.0,-0.5157356176303521
279,p2,1632.0,-0.4465505102191276
279,p2,1633.0,-0.38201895977494116
279,p2,1634.0,-0.32393489951509735
279,p2,1635.0,-0.2749793442570891
279,p2,1636.0,-0.23471816432540912
279,p2,1637.0,-0.19984646992662503
279,p2,1638.0,-0.16689566460955182
279,p2,1639.0,-0.13227503559826814
279,p2,1640.0,-0.09722839680364333
279,p2,1641.0,-0.06583595016843737
279,p2,1642.0,-0.04355502700912669
279,p2,1643.0,-0.0335301837456713
279,p2,1644.0,-0.035291780387848116
279,p2,1645.0,-0.045073556402330406
279,p2,1646.0,-0.05682865480470732
279,p2,1647.0,-0.06387972429070102
279,p2,1648.0,-0.061227225873564994
279,p2,1649.0,-0.04819548716410613
279,p2,1650.0,-0.027915321282809994
279,p2,1651.0,-0.00771310049315273
279,p2,1652.0,0.005502427672769763
279,p2,1653.0,0.00936113498433277
279,p2,1654.0,0.0031395080166727574
279,p2,1655.0,-0.012269804388203751
279,p2,1656.0,-0.03196162294461913
279,p2,1657.0,-0.04900370631527092
279,p2,1658.0,-0.05805141433944403
279,p2,1659.0,-0.058006827103524436
279,p2,1660.0,-0.051932627525600975
279,p2,1661.0,-0.04273025989652671
279,p2,1662.0,-0.03007360539612577
279,p2,1663.0,-0.015235022701529922
279,p2,1664.0,-0.0009146929731660403
279,p2,1665.0,0.010213965598688967
279,p2,1666.0,0.01713051114274992
279,p2,1667.0,0.02133350772448063
279,p2,1668.0,0.0235370646812079
279,p2,1669.0,0.02174026199036829
279,p2,1670.0,0.016771377194956364
279,p2,1671.0,0.01304851336142216
279,p2,1672.0,0.013216861061288485
279,p2,1673.0,0.01593326316707009
279,p2,1674.0,0.018985488661905376
279,p2,1675.0,0.021386300107930536
279,p2,1676.0,0.021281941724028263
279,p2,1677.0,0.017927150147232798
279,p2,1678.0,0.011482001676992884
279,p2,1679.0,0.0034294848065290926
279,p2,1680.0,-0.001673186690057531
279,p2,1681.0,-0.00045772067830395554
279,p2,1682.0,0.007029433764616174
279,p2,1683.0,0.0176984031764641
279,p2,1684.0,0.027913527800814627
279,p2,1685.0,0.03640478980890926
279,p2,1686.0,0.042974915387038945
279,p2,1687.0,0.04726013014436312
279,p2,1688.0,0.04935900580365651
279,p2,1689.0,0.050232059916378954
279,p2,1690.0,0.05074041296816855
279,p2,1691.0,0.0509725538427441
279,p2,1692.0,0.04957014265135864
279,p2,1693.0,0.04394532306615693
279,p2,1694.0,0.03461303380861796
279,p2,1695.0,0.0253157746671293
279,p2,1696.0,0.01996510394102306
279,p2,1697.0,0.02090121059264359
279,p2,1698.0,0.027421946080383425
279,p2,1699.0,0.03823470788223969
279,p2,1700.0,0.04978671942244887
279,p2,1701.0,0.05687165461726685
279,p2,1702.0,0.052332653535508186
279,p2,1703.0,0.03471617268121603
279,p2,1704.0,0.012761560329747972
279,p2,1705.0,-0.0029571432717362747
279,p2,1706.0,-0.0060725166189166
279,p2,1707.0,0.004108253662900493
279,p2,1708.0,0.02285825500367913
279,p2,1709.0,0.043104535025140125
279,p2,1710.0,0.055782732991378266
279,p2,1711.0,0.05184627398079612
279,p2,1712.0,0.029940965895178116
279,p2,1713.0,-0.00033193481755949296
279,p2,1714.0,-0.025925874549306942
279,p2,1715.0,-0.03893963234763838
279,p2,1716.0,-0.03500409932853659
279,p2,1717.0,-0.016773920012784174
279,p2,1718.0,0.007576738106757916
279,p2,1719.0,0.027770450145239583
279,p2,1720.0,0.034560843860396595
279,p2,1721.0,0.027350279271719166
279,p2,1722.0,0.01429757695487874
279,p2,1723.0,0.0017893846015353695
279,p2,1724.0,-0.0059549304961310145
279,p2,1725.0,-0.005192694497615819
279,p2,1726.0,0.004313419613684878
279,p2,1727.0,0.018740104371628978
279,p2,1728.0,0.03288909089846586
279,p2,1729.0,0.04168383110446764
279,p2,1730.0,0.042313006197440814
279,p2,1731.0,0.03614596350194496
279,p2,1732.0,0.026305295773805505
279,p2,1733.0,0.01720042353166367
279,p2,1734.0,0.011334041805818332
279,p2,1735.0,0.012268401183756883
279,p2,1736.0,0.019730762292322054
279,p2,1737.0,0.029683028130060147
279,p2,1738.0,0.0388026968005056
279,p2,1739.0,0.044237426080323314
279,p2,1740.0,0.04419035482342618
279,p2,1741.0,0.03783739258784463
279,p2,1742.0,0.029333033117645926
279,p2,1743.0,0.023837766526570006
279,p2,1744.0,0.02192069301670785
279,p2,1745.0,0.023968938111733635
279,p2,1746.0,0.0289890800673954
279,p2,1747.0,0.0357260885461088
279,p2,1748.0,0.04312203874198508
279,p2,1749.0,0.05018423280310255
279,p2,1750.0,0.05687983478985112
279,p2,1751.0,0.062204327895233044
279,p2,1752.0,0.06396818715069753
279,p2,1753.0,0.05995063345211115
279,p2,1754.0,0.05272500201438046
279,p2,1755.0,0.044819810076307975
279,p2,1756.0,0.03899704717904163
279,p2,1757.0,0.036853917164096694
279,p2,1758.0,0.034992743297644985
279,p2,1759.0,0.03422154654067855
279,p2,1760.0,0.03704474996772515
279,p2,1761.0,0.0435921649993998
279,p2,1762.0,0.05198295149349463
279,p2,1763.0,0.06233094013832905
279,p2,1764.0,0.07551102525683037
279,p2,1765.0,0.08685919456114305
279,p2,1766.0,0.09115917525478626
279,p2,1767.0,0.0862455887478345
279,p2,1768.0,0.07491827938390544
279,p2,1769.0,0.062153817443317196
279,p2,1770.0,0.05072017142660961
279,p2,1771.0,0.04372241925308938
279,p2,1772.0,0.04340601435606602
279,p2,1773.0,0.04720655231767555
279,p2,1774.0,0.049450420645471345
279,p2,1775.0,0.04666760898212486
279,p2,1776.0,0.04154317913330039
279,p2,1777.0,0.040913097535656494
279,p2,1778.0,0.04644477130463974
279,p2,1779.0,0.053207373403679356
279,p2,1780.0,0.05831900545090973
279,p2,1781.0,0.05989763580195378
279,p2,1782.0,0.05592045380890754
279,p2,1783.0,0.04820633933224996
279,p2,1784.0,0.04026004541797714
279,p2,1785.0,0.035176012451245
279,p2,1786.0,0.034380272154765974
279,p2,1787.0,0.03511450398472273
279,p2,1788.0,0.035753277619274805
279,p2,1789.0,0.03755349167566788
279,p2,1790.0,0.039703939505875946
279,p2,1791.0,0.03870349701553296
279,p2,1792.0,0.036496260600620084
279,p2,1793.0,0.03523958420001764
279,p2,1794.0,0.03535462724949745
279,p2,1795.0,0.03705452327122203
279,p2,1796.0,0.03467092536265166
279,p2,1797.0,0.030950623296763232
279,p2,1798.0,0.025893617073556682
279,p2,1799.0,0.01949990669303201
279,p2,1800.0,0.01176949215518922
279,p3,400.0,-0.00395120670697463
279,p3,401.0,-0.0005176323070238582
279,p3,402.0,0.002915946004621591
279,p3,403.0,0.00675638503994214
279,p3,404.0,0.010718364142723813
279,p3,405.0,0.015225557815177537
279,p3,406.0,0.02032340340349771
279,p3,407.0,0.025510697272677893
279,p3,408.0,0.031079244441713446
279,p3,409.0,0.03664782443164613
279,p3,410.0,0.04206282135303347
279,p3,411.0,0.047460788527849455
279,p3,412.0,0.05159175272777082
279,p3,413.0,0.0549126828727734
279,p3,414.0,0.0574512060881675
279,p3,415.0,0.05832706478771971
279,p3,416.0,0.05909364159321622
279,p3,417.0,0.057236383441549805
279,p3,418.0,0.05537917081949234
279,p3,419.0,0.051787383233109656
279,p3,420.0,0.04761743154292094
279,p3,421.0,0.0437818638871149
279,p3,422.0,0.04032335960425059
279,p3,423.0,0.03728276702585802
279,p3,424.0,0.03614587113851794
279,p3,425.0,0.03500900102830873
279,p3,426.0,0.036771952202777826
279,p3,427.0,0.03885711985770213
279,p3,428.0,0.042258427810237274
279,p3,429.0,0.04646640118962617
279,p3,430.0,0.050457935551191276
279,p3,431.0,0.054029317388309184
279,p3,432.0,0.05743028254575972
279,p3,433.0,0.05816158015007796
279,p3,434.0,0.05889284843564521
279,p3,435.0,0.05564589200314283
279,p3,436.0,0.05127683566158173
279,p3,437.0,0.04612617297688796
279,p3,438.0,0.040193893624319514
279,p3,439.0,0.03428216681039948
279,p3,440.0,0.02844349586192609
279,p3,441.0,0.02260472403117428
279,p3,442.0,0.018016794271757054
279,p3,443.0,0.013494579498289697
279,p3,444.0,0.00995114140739761
279,p3,445.0,0.006889705495671288
279,p3,446.0,0.004492565758156692
279,p3,447.0,0.00309193864337646
279,p3,448.0,0.001784614705159995
279,p3,449.0,0.0011027554360865204
279,p3,450.0,0.0004206840811037252
279,p3,451.0,0.0003383499820803367
279,p3,452.0,0.00035344676186041795
279,p3,453.0,0.000481838884452144
279,p3,454.0,0.0006888727614178827
279,p3,455.0,0.0009272336343609764
279,p3,456.0,0.0012324614026766021
279,p3,457.0,0.0015206758468806212
279,p3,458.0,0.0014910350093135206
279,p3,459.0,0.0014610682225800098
279,p3,460.0,0.001543345863077072
279,p3,461.0,0.0016570263339018253
279,p3,462.0,0.001645893137424046
279,p3,463.0,0.0015148138979511918
279,p3,464.0,0.00137439678434698
279,p3,465.0,0.0012067325134521114
279,p3,466.0,0.0010386530406221834
279,p3,467.0,0.0007544222843127917
279,p3,468.0,0.00046738900008890937
279,p3,469.0,0.0005919389524588264
279,p3,470.0,0.0008762589884439529
279,p3,471.0,0.0009290412820946516
279,p3,472.0,0.0007100889149061946
279,p3,473.0,0.0005749538774286468
279,p3,474.0,0.0007987804546739841
279,p3,475.0,0.0010220762809646008
279,p3,476.0,0.0014352429366713514
279,p3,477.0,0.0018621853511080419
279,p3,478.0,0.0023609827389813732
279,p3,479.0,0.002894869508307248
279,p3,480.0,0.0032614134615604118
279,p3,481.0,0.003387395389153456
279,p3,482.0,0.0034579815006980045
279,p3,483.0,0.0032403668453198546
279,p3,484.0,0.003022104831664456
279,p3,485.0,0.002272112584340565
279,p3,486.0,0.0014624389868043682
279,p3,487.0,0.0006381410478276622
279,p3,488.0,-0.00019469671104330129
279,p3,489.0,-0.0008337654855849291
279,p3,490.0,-0.0011693704155974365
279,p3,491.0,-0.001442177962056969
279,p3,492.0,-0.0012905347357629235
279,p3,493.0,-0.0011396503401957944
279,p3,494.0,-0.00028473091432213045
279,p3,495.0,0.0006655235994894441
279,p3,496.0,0.0016600625734722802
279,p3,497.0,0.002680280593634857
279,p3,498.0,0.0041753965416050825
279,p3,499.0,0.006445841111746625
279,p3,500.0,0.00871896399891809
279,p3,501.0,0.01101460850309279
279,p3,502.0,0.013309429927497403
279,p3,503.0,0.015921537475969326
279,p3,504.0,0.01857618684499542
279,p3,505.0,0.021158368800776577
279,p3,506.0,0.023697633986590284
279,p3,507.0,0.0259189523008821
279,p3,508.0,0.027622050737696868
279,p3,509.0,0.02924545073426198
279,p3,510.0,0.030383778605777803
279,p3,511.0,0.03152121130743221
279,p3,512.0,0.03272602219891756
279,p3,513.0,0.033938358436643286
279,p3,514.0,0.03492292326644537
279,p3,515.0,0.03578440519927231
279,p3,516.0,0.036582698763655636
279,p3,517.0,0.03729046658672817
279,p3,518.0,0.03793533471623203
279,p3,519.0,0.03825407866213799
279,p3,520.0,0.038571831496219004
279,p3,521.0,0.03833141892273296
279,p3,522.0,0.038041541021374255
279,p3,523.0,0.03679263944009506
279,p3,524.0,0.035091873806742134
279,p3,525.0,0.033038899259338374
279,p3,526.0,0.030537932839876308
279,p3,527.0,0.027996490219634566
279,p3,528.0,0.025296387068828093
279,p3,529.0,0.022595167230587496
279,p3,530.0,0.019131750967245943
279,p3,531.0,0.015643648670579102
279,p3,532.0,0.013288657871759193
279,p3,533.0,0.01135201358547056
279,p3,534.0,0.009493226493133238
279,p3,535.0,0.0077155069196341314
279,p3,536.0,0.00618854979899006
279,p3,537.0,0.005377553651982372
279,p3,538.0,0.004563058517652996
279,p3,539.0,0.003674959387107154
279,p3,540.0,0.0027855648193973927
279,p3,541.0,0.002514775717470811
279,p3,542.0,0.0024074459463352565
279,p3,543.0,0.0023565099643215875
279,p3,544.0,0.002349578237953456
279,p3,545.0,0.0025211746140753706
279,p3,546.0,0.0030566413695427134
279,p3,547.0,0.003649852308733183
279,p3,548.0,0.0047740478557246405
279,p3,549.0,0.005896796593093895
279,p3,550.0,0.007335403666924484
279,p3,551.0,0.008819945861738985
279,p3,552.0,0.009834159858269237
279,p3,553.0,0.010583141693218405
279,p3,554.0,0.010985444228196634
279,p3,555.0,0.010909565540685184
279,p3,556.0,0.010814349353107303
279,p3,557.0,0.010641791271017248
279,p3,558.0,0.01046763047249247
279,p3,559.0,0.009712483358692252
279,p3,560.0,0.008937779218369577
279,p3,561.0,0.008032424129259755
279,p3,562.0,0.007080072012044054
279,p3,563.0,0.006809334130996938
279,p3,564.0,0.007167630119783989
279,p3,565.0,0.007662851758700515
279,p3,566.0,0.008479854169977553
279,p3,567.0,0.009352675417217305
279,p3,568.0,0.010885942152234372
279,p3,569.0,0.01241740520559795
279,p3,570.0,0.013535093683258437
279,p3,571.0,0.014583878815218578
279,p3,572.0,0.014610840140687042
279,p3,573.0,0.0140621924524575
279,p3,574.0,0.01287002587854326
279,p3,575.0,0.010789894297939761
279,p3,576.0,0.008794824006669583
279,p3,577.0,0.007145793234381249
279,p3,578.0,0.005494784923380989
279,p3,579.0,0.004524160388960395
279,p3,580.0,0.003565444662856465
279,p3,581.0,0.0029537530003773626
279,p3,582.0,0.0024442691046859468
279,p3,583.0,0.0018729248210603957
279,p3,584.0,0.0012505697293366208
279,p3,585.0,0.0007056871696204809
279,p3,586.0,0.0003131653138584873
279,p3,587.0,-8.979836160147009e-05
279,p3,588.0,-0.0005503797537995184
279,p3,589.0,-0.0010131589581268401
279,p3,590.0,-0.0011790425792538614
279,p3,591.0,-0.0013211521347744326
279,p3,592.0,-0.0015338425209243955
279,p3,593.0,-0.0017767104777924652
279,p3,594.0,-0.0019952018879506243
279,p3,595.0,-0.002189329465557717
279,p3,596.0,-0.0023393755053295485
279,p3,597.0,-0.0023781652282433533
279,p3,598.0,-0.0024160515272183634
279,p3,599.0,-0.002419173525063358
279,p3,600.0,-0.0024246227262739923
279,p3,601.0,-0.0023627126322212757
279,p3,602.0,-0.0022927127768999403
279,p3,603.0,-0.002163680860448478
279,p3,604.0,-0.002006741553379982
279,p3,605.0,-0.0016117781293578627
279,p3,606.0,-0.0009369831575005101
279,p3,607.0,-0.000442785895073867
279,p3,608.0,-0.00045838510903073394
279,p3,609.0,-0.0004716514854603836
279,p3,610.0,-0.00041543825433144047
279,p3,611.0,-0.00036143797660655934
279,p3,612.0,-0.00046109155289129764
279,p3,613.0,-0.0005896528343405908
279,p3,614.0,-0.0005437513891731542
279,p3,615.0,-0.0004048889892106723
279,p3,616.0,1.6838920900112943e-06
279,p3,617.0,0.0007359497629407357
279,p3,618.0,0.0013074386321864063
279,p3,619.0,0.0013947942453277887
279,p3,620.0,0.0014942568396917751
279,p3,621.0,0.0018607115462444621
279,p3,622.0,0.002225151208877654
279,p3,623.0,0.0020732904172426755
279,p3,624.0,0.0018357278262478704
279,p3,625.0,0.0013832362255646676
279,p3,626.0,0.0008190921577043013
279,p3,627.0,0.00036203005470011765
279,p3,628.0,3.102568545045592e-05
279,p3,629.0,-0.0002221376770263432
279,p3,630.0,-0.00026161151310333085
279,p3,631.0,-0.00028865870110577534
279,p3,632.0,-0.0001533755040599402
279,p3,633.0,-1.9902155560491412e-05
279,p3,634.0,2.2896744687220182e-05
279,p3,635.0,5.180410027124134e-05
279,p3,636.0,7.986542759365037e-05
279,p3,637.0,0.0001066014618988807
279,p3,638.0,0.0002241467012139616
279,p3,639.0,0.00043252057850991997
279,p3,640.0,0.0006363727895092217
279,p3,641.0,0.0008322318634768225
279,p3,642.0,0.0010335427383991386
279,p3,643.0,0.0012852077892151052
279,p3,644.0,0.0015352766704204526
279,p3,645.0,0.0018358864296608714
279,p3,646.0,0.0021388616155563526
279,p3,647.0,0.002680755449262379
279,p3,648.0,0.003301282796947174
279,p3,649.0,0.004162337276682763
279,p3,650.0,0.005212075330990626
279,p3,651.0,0.006076172195764886
279,p3,652.0,0.006638322662176144
279,p3,653.0,0.007222505414207419
279,p3,654.0,0.00790527652737548
279,p3,655.0,0.008579003234623735
279,p3,656.0,0.00849304103135337
279,p3,657.0,0.008405731969933205
279,p3,658.0,0.00835867671902984
279,p3,659.0,0.00831882876983493
279,p3,660.0,0.00797437201021397
279,p3,661.0,0.007465317793630624
279,p3,662.0,0.006854421602011797
279,p3,663.0,0.006124208206522483
279,p3,664.0,0.0054274973608621074
279,p3,665.0,0.004814591405957836
279,p3,666.0,0.004254597767162656
279,p3,667.0,0.004131106161904441
279,p3,668.0,0.004006469582607768
279,p3,669.0,0.003967759157358725
279,p3,670.0,0.003934492122139906
279,p3,671.0,0.004166988993078124
279,p3,672.0,0.004487364346038236
279,p3,673.0,0.004562083293659851
279,p3,674.0,0.004458639799408446
279,p3,675.0,0.0044089631305962605
279,p3,676.0,0.004440464295818422
279,p3,677.0,0.004448272434128824
279,p3,678.0,0.004379089220472947
279,p3,679.0,0.00431932379097999
279,p3,680.0,0.004455598961205103
279,p3,681.0,0.004590959986116146
279,p3,682.0,0.004830321776245448
279,p3,683.0,0.00508310847258823
279,p3,684.0,0.0052720285306954735
279,p3,685.0,0.005434369640524313
279,p3,686.0,0.005723905951120796
279,p3,687.0,0.0061216883507627246
279,p3,688.0,0.00674459134059714
279,p3,689.0,0.0077513821219927954
279,p3,690.0,0.008707203313074232
279,p3,691.0,0.009461439946279598
279,p3,692.0,0.01022260949642852
279,p3,693.0,0.011166864866478544
279,p3,694.0,0.012110428461447316
279,p3,695.0,0.012630429060854936
279,p3,696.0,0.013086580715188983
279,p3,697.0,0.013440028936414761
279,p3,698.0,0.013749110400466969
279,p3,699.0,0.013778076803465404
279,p3,700.0,0.013568352139339603
279,p3,701.0,0.013528607826917241
279,p3,702.0,0.013766580991217605
279,p3,703.0,0.014107583035706904
279,p3,704.0,0.014837697712865574
279,p3,705.0,0.015552791836337265
279,p3,706.0,0.015991817783825878
279,p3,707.0,0.016430356607868925
279,p3,708.0,0.01602525181454618
279,p3,709.0,0.015515477031904975
279,p3,710.0,0.014991660168895611
279,p3,711.0,0.014462384511968959
279,p3,712.0,0.013890221233974978
279,p3,713.0,0.013285616159361914
279,p3,714.0,0.013180887509148356
279,p3,715.0,0.013795676930022392
279,p3,716.0,0.014735950414624992
279,p3,717.0,0.01665340952009994
279,p3,718.0,0.018582571317543345
279,p3,719.0,0.020619736932898605
279,p3,720.0,0.02265659526564327
279,p3,721.0,0.023959271830262346
279,p3,722.0,0.02521482245144633
279,p3,723.0,0.025793941941648024
279,p3,724.0,0.026193064517633823
279,p3,725.0,0.027032623926495997
279,p3,726.0,0.02813076249963923
279,p3,727.0,0.028813526181520492
279,p3,728.0,0.029046329940602595
279,p3,729.0,0.028334895353321114
279,p3,730.0,0.025706589104343983
279,p3,731.0,0.02271861359956464
279,p3,732.0,0.01809279975052201
279,p3,733.0,0.01352100367902937
279,p3,734.0,0.010700869598450223
279,p3,735.0,0.007880592121387501
279,p3,736.0,0.006721214087240655
279,p3,737.0,0.005788215482320956
279,p3,738.0,0.005642613240263589
279,p3,739.0,0.005788175548508726
279,p3,740.0,0.00659528240796866
279,p3,741.0,0.007881420488195323
279,p3,742.0,0.009814266690328024
279,p3,743.0,0.012570226658031923
279,p3,744.0,0.015305667428811474
279,p3,745.0,0.01799097185085638
279,p3,746.0,0.02020865370504765
279,p3,747.0,0.019776700068393636
279,p3,748.0,0.019320822369133624
279,p3,749.0,0.016499464799404267
279,p3,750.0,0.013678091951406327
279,p3,751.0,0.012160798835249155
279,p3,752.0,0.010855798395125772
279,p3,753.0,0.010546795562384711
279,p3,754.0,0.010625136091108094
279,p3,755.0,0.010025803990349065
279,p3,756.0,0.008935755853900782
279,p3,757.0,0.007997020505930664
279,p3,758.0,0.0072508624416709145
279,p3,759.0,0.006552294657389081
279,p3,760.0,0.00596471463244822
279,p3,761.0,0.005517492063017161
279,p3,762.0,0.005806898054323395
279,p3,763.0,0.00609339915056482
279,p3,764.0,0.006283710787958903
279,p3,765.0,0.006474107271990834
279,p3,766.0,0.007403288131857676
279,p3,767.0,0.008423865151834763
279,p3,768.0,0.009311405414993238
279,p3,769.0,0.010154674582829305
279,p3,770.0,0.011061639014822228
279,p3,771.0,0.012007692509724477
279,p3,772.0,0.01266880371824977
279,p3,773.0,0.0130333426538871
279,p3,774.0,0.013513796518017788
279,p3,775.0,0.014209409077461089
279,p3,776.0,0.014967210912456064
279,p3,777.0,0.015945133155114668
279,p3,778.0,0.01696012972222016
279,p3,779.0,0.018348567555330212
279,p3,780.0,0.019737170931861767
279,p3,781.0,0.021909638125313224
279,p3,782.0,0.02411493308249645
279,p3,783.0,0.026037058770297317
279,p3,784.0,0.027901330812867376
279,p3,785.0,0.0296579500987008
279,p3,786.0,0.03136854102984636
279,p3,787.0,0.033140499206626726
279,p3,788.0,0.03495695070431518
279,p3,789.0,0.036735283362642486
279,p3,790.0,0.03846698476405642
279,p3,791.0,0.039897028085971405
279,p3,792.0,0.040714410977141555
279,p3,793.0,0.041418038415905384
279,p3,794.0,0.04166604501558931
279,p3,795.0,0.041781829100219166
279,p3,796.0,0.0403749563911362
279,p3,797.0,0.03896828174730017
279,p3,798.0,0.03677743311930606
279,p3,799.0,0.03454549660614832
279,p3,800.0,0.031930048828784745
279,p3,801.0,0.02923620112922824
279,p3,802.0,0.02626340190152042
279,p3,803.0,0.02317677227029422
279,p3,804.0,0.020423866126399143
279,p3,805.0,0.017902920952850183
279,p3,806.0,0.01577209035423676
279,p3,807.0,0.014081150059951714
279,p3,808.0,0.01241234616190709
279,p3,809.0,0.010782763339585867
279,p3,810.0,0.00935896912523742
279,p3,811.0,0.008586496270849784
279,p3,812.0,0.007885792012902003
279,p3,813.0,0.0077104565610667955
279,p3,814.0,0.007536827495977014
279,p3,815.0,0.0075186821921195395
279,p3,816.0,0.007500664178859495
279,p3,817.0,0.008036539752706339
279,p3,818.0,0.008640976077698719
279,p3,819.0,0.009251909060325565
279,p3,820.0,0.00986474946402918
279,p3,821.0,0.010613431995675835
279,p3,822.0,0.011432137380049003
279,p3,823.0,0.012016442995372979
279,p3,824.0,0.012408977654206881
279,p3,825.0,0.012917262565615754
279,p3,826.0,0.013572838597561534
279,p3,827.0,0.014171843985974717
279,p3,828.0,0.01465591906086514
279,p3,829.0,0.015132556393049933
279,p3,830.0,0.015582679719333869
279,p3,831.0,0.01590900691176265
279,p3,832.0,0.015233414865294559
279,p3,833.0,0.014557883795869461
279,p3,834.0,0.013885737427125733
279,p3,835.0,0.013213603647810913
279,p3,836.0,0.012113462181682357
279,p3,837.0,0.010965761365217881
279,p3,838.0,0.00992826072945934
279,p3,839.0,0.008918294842180182
279,p3,840.0,0.008034223009209893
279,p3,841.0,0.007206690169042984
279,p3,842.0,0.0065221851841959656
279,p3,843.0,0.00593705160567691
279,p3,844.0,0.005516632070749956
279,p3,845.0,0.005274649341578963
279,p3,846.0,0.00496706297256921
279,p3,847.0,0.004552477799482066
279,p3,848.0,0.004130903565165408
279,p3,849.0,0.0036914924224463103
279,p3,850.0,0.00331848762101045
279,p3,851.0,0.003248376734736564
279,p3,852.0,0.0031621552035768366
279,p3,853.0,0.0028919679067793405
279,p3,854.0,0.0026216381442385524
279,p3,855.0,0.0019581741165179633
279,p3,856.0,0.0012865302379951107
279,p3,857.0,0.001031640211033133
279,p3,858.0,0.0008334260437733343
279,p3,859.0,0.000707280354058888
279,p3,860.0,0.0006001468983929776
279,p3,861.0,0.0004970709199946255
279,p3,862.0,0.00039569713431774484
279,p3,863.0,0.00033391928723253616
279,p3,864.0,0.0002984563732509125
279,p3,865.0,0.00020344643655017283
279,p3,866.0,4.888072423411326e-05
279,p3,867.0,-0.0001944598824257418
279,p3,868.0,-0.000565446161624413
279,p3,869.0,-0.0007950091109269364
279,p3,870.0,-0.0007237481814240343
279,p3,871.0,-0.0007252053112678339
279,p3,872.0,-0.0009694392907447959
279,p3,873.0,-0.0011791273758557132
279,p3,874.0,-0.00117506353182436
279,p3,875.0,-0.0011736465973047156
279,p3,876.0,-0.0012169589607651647
279,p3,877.0,-0.0012605842821475461
279,p3,878.0,-0.0011447840955160719
279,p3,879.0,-0.0010226400932187196
279,p3,880.0,-0.0009833566503350745
279,p3,881.0,-0.0009567148259087843
279,p3,882.0,-0.0007019112591505916
279,p3,883.0,-0.00038296614756487676
279,p3,884.0,-0.00012206424521380697
279,p3,885.0,0.00011380190829429917
279,p3,886.0,0.0005362630682381292
279,p3,887.0,0.001077928627935799
279,p3,888.0,0.0016668674348939536
279,p3,889.0,0.0022977040884492334
279,p3,890.0,0.003161196231677245
279,p3,891.0,0.004320870685926053
279,p3,892.0,0.005494233033365404
279,p3,893.0,0.006692122614705983
279,p3,894.0,0.007985347593953175
279,p3,895.0,0.009524085016715022
279,p3,896.0,0.011053487019510016
279,p3,897.0,0.012546200484927963
279,p3,898.0,0.013956632802702918
279,p3,899.0,0.014764967296762578
279,p3,900.0,0.015546966049545906
279,p3,901.0,0.015701342856730954
279,p3,902.0,0.015855537747546635
279,p3,903.0,0.01646454552499228
279,p3,904.0,0.01709233937170628
279,p3,905.0,0.018863707622380117
279,p3,906.0,0.020790878204254033
279,p3,907.0,0.023790555736067066
279,p3,908.0,0.02704169228418353
279,p3,909.0,0.029888485517090113
279,p3,910.0,0.032585636470205626
279,p3,911.0,0.03307815112321143
279,p3,912.0,0.032434877999347106
279,p3,913.0,0.03005980806254356
279,p3,914.0,0.026430643083329878
279,p3,915.0,0.022522351479066168
279,p3,916.0,0.018345876085661836
279,p3,917.0,0.014846167549726487
279,p3,918.0,0.012207835200721814
279,p3,919.0,0.00998343955291229
279,p3,920.0,0.008463944675702427
279,p3,921.0,0.007292132122294671
279,p3,922.0,0.006931744074022867
279,p3,923.0,0.00677657179559054
279,p3,924.0,0.007308712590303811
279,p3,925.0,0.00795847373167979
279,p3,926.0,0.009226252108518648
279,p3,927.0,0.010502784113222235
279,p3,928.0,0.011868905665515114
279,p3,929.0,0.013248489499406196
279,p3,930.0,0.015293367149293809
279,p3,931.0,0.017338127800133857
279,p3,932.0,0.018283082961436617
279,p3,933.0,0.019182100692176938
279,p3,934.0,0.01931864133488216
279,p3,935.0,0.019360839862942732
279,p3,936.0,0.017954255669075065
279,p3,937.0,0.016250837671890516
279,p3,938.0,0.014276826244620858
279,p3,939.0,0.01222190245612601
279,p3,940.0,0.010207647565794205
279,p3,941.0,0.008210750353589568
279,p3,942.0,0.006849485579154367
279,p3,943.0,0.005845707155897717
279,p3,944.0,0.004864456928584369
279,p3,945.0,0.003899482656882108
279,p3,946.0,0.0030787490069807406
279,p3,947.0,0.0023911484013870517
279,p3,948.0,0.002055109338514782
279,p3,949.0,0.002131794854338244
279,p3,950.0,0.0022056415355019465
279,p3,951.0,0.002275298486349602
279,p3,952.0,0.0023159188252128496
279,p3,953.0,0.00230273629626412
279,p3,954.0,0.002383272816307674
279,p3,955.0,0.0026934732925788696
279,p3,956.0,0.0029448346399521645
279,p3,957.0,0.0029995705871348724
279,p3,958.0,0.003054148953595754
279,p3,959.0,0.003108567549753259
279,p3,960.0,0.0032032493822378486
279,p3,961.0,0.0035683050290534297
279,p3,962.0,0.0039111323027912065
279,p3,963.0,0.003960683320911585
279,p3,964.0,0.0040150261904069754
279,p3,965.0,0.004312385067791009
279,p3,966.0,0.004609567907903137
279,p3,967.0,0.004831775933544713
279,p3,968.0,0.005051489626471461
279,p3,969.0,0.005200078881774963
279,p3,970.0,0.005342313123998669
279,p3,971.0,0.00555632271356839
279,p3,972.0,0.005780893929605545
279,p3,973.0,0.005827077465129454
279,p3,974.0,0.005833948124817946
279,p3,975.0,0.005761383961421931
279,p3,976.0,0.005664949159056687
279,p3,977.0,0.005717115457324577
279,p3,978.0,0.0058241108156585905
279,p3,979.0,0.005898479730755744
279,p3,980.0,0.005957379399064585
279,p3,981.0,0.005946958515439342
279,p3,982.0,0.0058957319458772875
279,p3,983.0,0.005698814573313712
279,p3,984.0,0.005400582215590106
279,p3,985.0,0.005096020498624859
279,p3,986.0,0.004786234419684735
279,p3,987.0,0.004411308235321914
279,p3,988.0,0.0039712383078071446
279,p3,989.0,0.003608690866600176
279,p3,990.0,0.0033371872936141613
279,p3,991.0,0.003161880276904565
279,p3,992.0,0.003119509223212345
279,p3,993.0,0.0032358807156897345
279,p3,994.0,0.003611414793758623
279,p3,995.0,0.003577122140950093
279,p3,996.0,0.0027475333861276714
279,p3,997.0,0.0019253415562701301
279,p3,998.0,0.0011207753282652605
279,p3,999.0,0.00050301719377608
279,p3,1000.0,0.00039081529099178533
279,p3,1001.0,0.0005161643688952588
279,p3,1002.0,0.0014374781119721328
279,p3,1003.0,0.0024370839051772665
279,p3,1004.0,0.00377144137114334
279,p3,1005.0,0.005058144544711658
279,p3,1006.0,0.006095975089125058
279,p3,1007.0,0.006915064329593732
279,p3,1008.0,0.006272075573327241
279,p3,1009.0,0.005511497258486219
279,p3,1010.0,0.003564928613890641
279,p3,1011.0,0.001661008522321436
279,p3,1012.0,0.0004301622673399768
279,p3,1013.0,-0.0007875213962714866
279,p3,1014.0,-0.0015688344499558138
279,p3,1015.0,-0.0023504998372214873
279,p3,1016.0,-0.002605840165189401
279,p3,1017.0,-0.0028615347574732753
279,p3,1018.0,-0.00290334119844542
279,p3,1019.0,-0.002938867546813538
279,p3,1020.0,-0.002313295428173639
279,p3,1021.0,-0.0016458299952999268
279,p3,1022.0,-0.0013484427086598112
279,p3,1023.0,-0.0010879226663398816
279,p3,1024.0,-0.001024394661195929
279,p3,1025.0,-0.000987953598952745
279,p3,1026.0,-0.0008374413651689468
279,p3,1027.0,-0.0006685438671113009
279,p3,1028.0,-0.00010473682124349821
279,p3,1029.0,0.000539814610922234
279,p3,1030.0,0.0006575559170262542
279,p3,1031.0,0.0006516224792065841
279,p3,1032.0,0.0008497400349707539
279,p3,1033.0,0.0011053466637332152
279,p3,1034.0,0.0015328102445687198
279,p3,1035.0,0.0020145137824400584
279,p3,1036.0,0.0023708909409614985
279,p3,1037.0,0.002683234101144121
279,p3,1038.0,0.003444285002434668
279,p3,1039.0,0.004379860099948524
279,p3,1040.0,0.005013707755529229
279,p3,1041.0,0.005518294149089805
279,p3,1042.0,0.006219379401803297
279,p3,1043.0,0.007013005264439866
279,p3,1044.0,0.007918514495693661
279,p3,1045.0,0.008881747207596505
279,p3,1046.0,0.01030136824923869
279,p3,1047.0,0.011977805963379608
279,p3,1048.0,0.013628594732289227
279,p3,1049.0,0.01526376825174214
279,p3,1050.0,0.017237969266963984
279,p3,1051.0,0.01942903929621708
279,p3,1052.0,0.022261242876227813
279,p3,1053.0,0.02553909116020458
279,p3,1054.0,0.029028217639015228
279,p3,1055.0,0.03267045153757553
279,p3,1056.0,0.036858089265705926
279,p3,1057.0,0.04147435817802248
279,p3,1058.0,0.046870404647908516
279,p3,1059.0,0.05290454424925879
279,p3,1060.0,0.059496620373568704
279,p3,1061.0,0.06656405936449093
279,p3,1062.0,0.07343570020585743
279,p3,1063.0,0.08013377912145643
279,p3,1064.0,0.08694464709603342
279,p3,1065.0,0.09385968173149872
279,p3,1066.0,0.0993364566724548
279,p3,1067.0,0.10343140783423908
279,p3,1068.0,0.10645879410590854
279,p3,1069.0,0.10841862580604021
279,p3,1070.0,0.10846697517119293
279,p3,1071.0,0.10652580682326046
279,p3,1072.0,0.1030623407374432
279,p3,1073.0,0.09794967480181521
279,p3,1074.0,0.09209899888048095
279,p3,1075.0,0.08544876524664854
279,p3,1076.0,0.07818979882581777
279,p3,1077.0,0.07024431239630356
279,p3,1078.0,0.06239199219586477
279,p3,1079.0,0.054644653177549726
279,p3,1080.0,0.04732958226729194
279,p3,1081.0,0.040521847843630866
279,p3,1082.0,0.034451132547033
279,p3,1083.0,0.029245504283290945
279,p3,1084.0,0.02462948041087556
279,p3,1085.0,0.02070549136498959
279,p3,1086.0,0.017366475316288404
279,p3,1087.0,0.014714057502968602
279,p3,1088.0,0.012137607372009774
279,p3,1089.0,0.009650228038605567
279,p3,1090.0,0.007692944935833485
279,p3,1091.0,0.006357840802709768
279,p3,1092.0,0.0051185240605777105
279,p3,1093.0,0.0039915463676290916
279,p3,1094.0,0.002924653748253241
279,p3,1095.0,0.0019281897470494421
279,p3,1096.0,0.0011671194364032509
279,p3,1097.0,0.0006822758715748207
279,p3,1098.0,0.0004261570372340513
279,p3,1099.0,0.0004278847257815444
279,p3,1100.0,0.0003276174400881902
279,p3,1101.0,0.00011225825159101412
279,p3,1102.0,-0.00013643140740284793
279,p3,1103.0,-0.0004212794670819024
279,p3,1104.0,-0.0004851884540341969
279,p3,1105.0,-0.000309796089048842
279,p3,1106.0,-0.0002116949508253596
279,p3,1107.0,-0.00019406431954540346
279,p3,1108.0,-0.00016866138238393053
279,p3,1109.0,-0.00013548763798610695
279,p3,1110.0,3.7446828842522583e-05
279,p3,1111.0,0.0003446815043027586
279,p3,1112.0,0.0004857361565594413
279,p3,1113.0,0.00047343464467774517
279,p3,1114.0,0.0006262503203379184
279,p3,1115.0,0.0009255509726488639
279,p3,1116.0,0.001277646007177566
279,p3,1117.0,0.0016747929447668967
279,p3,1118.0,0.001939822735110166
279,p3,1119.0,0.0020968533236875105
279,p3,1120.0,0.002379116098765585
279,p3,1121.0,0.0027598891374783882
279,p3,1122.0,0.0031720413116911
279,p3,1123.0,0.003607062081229208
279,p3,1124.0,0.004358085530934427
279,p3,1125.0,0.005328864521542376
279,p3,1126.0,0.006343558286518108
279,p3,1127.0,0.00738651752013321
279,p3,1128.0,0.008262154973828506
279,p3,1129.0,0.009039738941880688
279,p3,1130.0,0.009820206324000404
279,p3,1131.0,0.01060252184664227
279,p3,1132.0,0.011242608670212973
279,p3,1133.0,0.011809675044692783
279,p3,1134.0,0.012131476979576781
279,p3,1135.0,0.012338129860520295
279,p3,1136.0,0.012231319479129388
279,p3,1137.0,0.011990455879987703
279,p3,1138.0,0.011903728728522606
279,p3,1139.0,0.011877248520433124
279,p3,1140.0,0.011619249270128923
279,p3,1141.0,0.011280225510357999
279,p3,1142.0,0.011218486401602461
279,p3,1143.0,0.011244644204717519
279,p3,1144.0,0.01181494829295041
279,p3,1145.0,0.012530251755315079
279,p3,1146.0,0.013247209334524696
279,p3,1147.0,0.013964917385447471
279,p3,1148.0,0.015336143027609512
279,p3,1149.0,0.016841592140937302
279,p3,1150.0,0.01868700177371843
279,p3,1151.0,0.02058813701046063
279,p3,1152.0,0.022773989974131353
279,p3,1153.0,0.024999055571762657
279,p3,1154.0,0.02767330218511804
279,p3,1155.0,0.03039236870281921
279,p3,1156.0,0.03404167197610542
279,p3,1157.0,0.037750752591172027
279,p3,1158.0,0.04275229494295099
279,p3,1159.0,0.047794213001189266
279,p3,1160.0,0.05320273036927927
279,p3,1161.0,0.05863226386579597
279,p3,1162.0,0.06472873056823449
279,p3,1163.0,0.07078076421612726
279,p3,1164.0,0.07613102193651691
279,p3,1165.0,0.0812699848750048
279,p3,1166.0,0.08426917552617663
279,p3,1167.0,0.08691259607956206
279,p3,1168.0,0.08694484346467124
279,p3,1169.0,0.08665180363682917
279,p3,1170.0,0.08464963664224065
279,p3,1171.0,0.08236380216030532
279,p3,1172.0,0.07886768612394914
279,p3,1173.0,0.07529578925591938
279,p3,1174.0,0.07146956858952538
279,p3,1175.0,0.06758922499896024
279,p3,1176.0,0.0635544096622122
279,p3,1177.0,0.0594353157406868
279,p3,1178.0,0.055119305965474714
279,p3,1179.0,0.050668328442198346
279,p3,1180.0,0.04595519836961102
279,p3,1181.0,0.04144945489953539
279,p3,1182.0,0.03728199332045939
279,p3,1183.0,0.03340343302330281
279,p3,1184.0,0.02992378740561959
279,p3,1185.0,0.026742293559423425
279,p3,1186.0,0.023910778701831996
279,p3,1187.0,0.021344638751588905
279,p3,1188.0,0.01904384958894541
279,p3,1189.0,0.0169171786893353
279,p3,1190.0,0.014938793423528026
279,p3,1191.0,0.012990890289539328
279,p3,1192.0,0.01106499815607142
279,p3,1193.0,0.009405814103613727
279,p3,1194.0,0.007909999412707945
279,p3,1195.0,0.006769048060796947
279,p3,1196.0,0.00580273525932414
279,p3,1197.0,0.005258287262502154
279,p3,1198.0,0.004885955488468611
279,p3,1199.0,0.004907267163367994
279,p3,1200.0,0.005052631141169253
279,p3,1201.0,0.006003271053645452
279,p3,1202.0,0.00715491325416495
279,p3,1203.0,0.00891748543520767
279,p3,1204.0,0.010787481235990173
279,p3,1205.0,0.014041852698973544
279,p3,1206.0,0.01744958141875976
279,p3,1207.0,0.021538662250011078
279,p3,1208.0,0.025663063207217545
279,p3,1209.0,0.03003448207264784
279,p3,1210.0,0.03432745735077923
279,p3,1211.0,0.03714117748078591
279,p3,1212.0,0.03964765203569335
279,p3,1213.0,0.039394301206718586
279,p3,1214.0,0.038691753688721915
279,p3,1215.0,0.03544714756468681
279,p3,1216.0,0.032001025234960984
279,p3,1217.0,0.02779897018475782
279,p3,1218.0,0.02369761752915458
279,p3,1219.0,0.019884416166995583
279,p3,1220.0,0.016561508222690365
279,p3,1221.0,0.01433098191412219
279,p3,1222.0,0.012182805188810224
279,p3,1223.0,0.010175495819206508
279,p3,1224.0,0.008221758354052425
279,p3,1225.0,0.006339339520239535
279,p3,1226.0,0.0048983453776978575
279,p3,1227.0,0.003935621380322252
279,p3,1228.0,0.003065343519443803
279,p3,1229.0,0.002273614032804772
279,p3,1230.0,0.001550890698829775
279,p3,1231.0,0.0008737349265643795
279,p3,1232.0,0.00035565675386089145
279,p3,1233.0,-8.112337210047953e-05
279,p3,1234.0,-0.0003709770807191165
279,p3,1235.0,-0.0006045431539079811
279,p3,1236.0,-0.000732044682770595
279,p3,1237.0,-0.0008306675828665042
279,p3,1238.0,-0.001265309313670094
279,p3,1239.0,-0.0017651666462946674
279,p3,1240.0,-0.001661437572040266
279,p3,1241.0,-0.00149940632575624
279,p3,1242.0,-0.0014826464874297446
279,p3,1243.0,-0.0014746030328032316
279,p3,1244.0,-0.001554898951927568
279,p3,1245.0,-0.0016506986500068065
279,p3,1246.0,-0.001873010295316189
279,p3,1247.0,-0.002049293664457835
279,p3,1248.0,-0.001976870013285414
279,p3,1249.0,-0.001960596158965239
279,p3,1250.0,-0.0021283420946664184
279,p3,1251.0,-0.002304499355680491
279,p3,1252.0,-0.002498009334212285
279,p3,1253.0,-0.002524636923579448
279,p3,1254.0,-0.0022659059797920595
279,p3,1255.0,-0.0021530474695772186
279,p3,1256.0,-0.002225372212129146
279,p3,1257.0,-0.0023313079886300696
279,p3,1258.0,-0.00246959648497339
279,p3,1259.0,-0.002498161830827225
279,p3,1260.0,-0.002447728179282446
279,p3,1261.0,-0.0024483294871584125
279,p3,1262.0,-0.0024771644948141385
279,p3,1263.0,-0.002194550535355758
279,p3,1264.0,-0.0017917933213652333
279,p3,1265.0,-0.001537916505047559
279,p3,1266.0,-0.0013247544414871696
279,p3,1267.0,-0.0011620942334140932
279,p3,1268.0,-0.0010082557352536201
279,p3,1269.0,-0.0008001691603343752
279,p3,1270.0,-0.0005849007416913744
279,p3,1271.0,-0.00012266869978412866
279,p3,1272.0,0.000359158287147047
279,p3,1273.0,0.0010517168646686963
279,p3,1274.0,0.001718276058409219
279,p3,1275.0,0.002263035464278007
279,p3,1276.0,0.002931537101395489
279,p3,1277.0,0.003973798754072455
279,p3,1278.0,0.005135406411467107
279,p3,1279.0,0.006540576715773395
279,p3,1280.0,0.008067986633668402
279,p3,1281.0,0.00977182681959703
279,p3,1282.0,0.011519352602153421
279,p3,1283.0,0.013312422169018099
279,p3,1284.0,0.015424464638313517
279,p3,1285.0,0.017776923460528414
279,p3,1286.0,0.019615682385576295
279,p3,1287.0,0.021177435674092943
279,p3,1288.0,0.022340559888662435
279,p3,1289.0,0.023355730105482853
279,p3,1290.0,0.023927263531636378
279,p3,1291.0,0.024394147521480614
279,p3,1292.0,0.02377606464212113
279,p3,1293.0,0.023036797417592413
279,p3,1294.0,0.021865636873911475
279,p3,1295.0,0.020612024492047177
279,p3,1296.0,0.018387985117511267
279,p3,1297.0,0.01625018647841612
279,p3,1298.0,0.014567719996582707
279,p3,1299.0,0.01286641026036183
279,p3,1300.0,0.011106628364685487
279,p3,1301.0,0.009340404996439743
279,p3,1302.0,0.007561629143380485
279,p3,1303.0,0.006148353977092714
279,p3,1304.0,0.005240008343315285
279,p3,1305.0,0.004494754826588084
279,p3,1306.0,0.0039062112756334147
279,p3,1307.0,0.0032830459003572476
279,p3,1308.0,0.0026367228749041437
279,p3,1309.0,0.0023525028470802517
279,p3,1310.0,0.0022308530068281293
279,p3,1311.0,0.0022597493088708765
279,p3,1312.0,0.0023309906338660814
279,p3,1313.0,0.0023763483439817983
279,p3,1314.0,0.0024180785744345257
279,p3,1315.0,0.0021604981167276808
279,p3,1316.0,0.001927751063690483
279,p3,1317.0,0.002229982192273545
279,p3,1318.0,0.0025345561588984346
279,p3,1319.0,0.002851485340221931
279,p3,1320.0,0.0031863483627873157
279,p3,1321.0,0.003574942577748321
279,p3,1322.0,0.004047292188146199
279,p3,1323.0,0.004675125681458926
279,p3,1324.0,0.0055202634765916525
279,p3,1325.0,0.006630987495088768
279,p3,1326.0,0.008018972842984943
279,p3,1327.0,0.009633874842128892
279,p3,1328.0,0.011211683242716354
279,p3,1329.0,0.012769669809312842
279,p3,1330.0,0.014250833800520474
279,p3,1331.0,0.01570663321972521
279,p3,1332.0,0.016374630581386086
279,p3,1333.0,0.016903941894992155
279,p3,1334.0,0.016725222451430304
279,p3,1335.0,0.016523816518700028
279,p3,1336.0,0.016591621158047482
279,p3,1337.0,0.016679189728020273
279,p3,1338.0,0.016876401072799408
279,p3,1339.0,0.017246100187870556
279,p3,1340.0,0.018105715278456027
279,p3,1341.0,0.018951248065156343
279,p3,1342.0,0.019771294638059305
279,p3,1343.0,0.021024254702635817
279,p3,1344.0,0.02276533405115472
279,p3,1345.0,0.024487376214580105
279,p3,1346.0,0.026195256213633035
279,p3,1347.0,0.02825030741276897
279,p3,1348.0,0.030469159715529562
279,p3,1349.0,0.033135717177422225
279,p3,1350.0,0.035921901241896
279,p3,1351.0,0.03946441300087925
279,p3,1352.0,0.04309314194650353
279,p3,1353.0,0.046861273232005445
279,p3,1354.0,0.0506104346305777
279,p3,1355.0,0.05421467433635684
279,p3,1356.0,0.05785590162699344
279,p3,1357.0,0.06161871694893376
279,p3,1358.0,0.06495908642083083
279,p3,1359.0,0.06747848937824762
279,p3,1360.0,0.0691517617681255
279,p3,1361.0,0.06979066117988121
279,p3,1362.0,0.06958935984615301
279,p3,1363.0,0.06872814743801
279,p3,1364.0,0.06734056562128131
279,p3,1365.0,0.0657058814556618
279,p3,1366.0,0.06342185411393392
279,p3,1367.0,0.060966064228640746
279,p3,1368.0,0.05904484747197802
279,p3,1369.0,0.05718289836468512
279,p3,1370.0,0.0555836856804715
279,p3,1371.0,0.0540794150964288
279,p3,1372.0,0.0531522096592085
279,p3,1373.0,0.0524245654347721
279,p3,1374.0,0.05226266260623708
279,p3,1375.0,0.052358188239051966
279,p3,1376.0,0.05287295571722051
279,p3,1377.0,0.05371613364461643
279,p3,1378.0,0.05488772951139111
279,p3,1379.0,0.056448258921594795
279,p3,1380.0,0.05824766437868199
279,p3,1381.0,0.060153560383682254
279,p3,1382.0,0.0620977079748679
279,p3,1383.0,0.06444282738518169
279,p3,1384.0,0.06685430583410455
279,p3,1385.0,0.07052106985306648
279,p3,1386.0,0.07418119796327076
279,p3,1387.0,0.07754087451426668
279,p3,1388.0,0.08058445616663962
279,p3,1389.0,0.08256674586255502
279,p3,1390.0,0.08342169919490405
279,p3,1391.0,0.08218190878821002
279,p3,1392.0,0.07985322687077268
279,p3,1393.0,0.07634480126549188
279,p3,1394.0,0.07149846446521234
279,p3,1395.0,0.06576061411117114
279,p3,1396.0,0.05922969520338098
279,p3,1397.0,0.05240625380275985
279,p3,1398.0,0.046642824679793256
279,p3,1399.0,0.04105301489614737
279,p3,1400.0,0.03630285164477066
279,p3,1401.0,0.031694647042618485
279,p3,1402.0,0.028057435744739935
279,p3,1403.0,0.024631636470314962
279,p3,1404.0,0.021837594610604017
279,p3,1405.0,0.019465861941454277
279,p3,1406.0,0.017782382037798604
279,p3,1407.0,0.01613380621885741
279,p3,1408.0,0.014518803199232048
279,p3,1409.0,0.012957113028611675
279,p3,1410.0,0.011425917643880349
279,p3,1411.0,0.01003933374919093
279,p3,1412.0,0.0086967489032442
279,p3,1413.0,0.0072291273237133
279,p3,1414.0,0.005759287323237442
279,p3,1415.0,0.00450971280991648
279,p3,1416.0,0.003358482046208781
279,p3,1417.0,0.0026513089902871047
279,p3,1418.0,0.0019736803242340604
279,p3,1419.0,0.0013604677352554236
279,p3,1420.0,0.0008317631951849494
279,p3,1421.0,0.0004060986645221084
279,p3,1422.0,0.0002695683114503879
279,p3,1423.0,0.00033427024567125613
279,p3,1424.0,0.00048798102052135845
279,p3,1425.0,0.0006752480806451805
279,p3,1426.0,0.0009912301641631061
279,p3,1427.0,0.0013340103382151836
279,p3,1428.0,0.0023432163617927975
279,p3,1429.0,0.0032778337821186133
279,p3,1430.0,0.003785235830397913
279,p3,1431.0,0.00441950755241721
279,p3,1432.0,0.005363003577066515
279,p3,1433.0,0.006135339329660662
279,p3,1434.0,0.006680474849520208
279,p3,1435.0,0.007523793981807218
279,p3,1436.0,0.008592270723194084
279,p3,1437.0,0.00907251775464454
279,p3,1438.0,0.009324539144479659
279,p3,1439.0,0.009572977926954034
279,p3,1440.0,0.009816049801466714
279,p3,1441.0,0.009515899407351444
279,p3,1442.0,0.009280136864565216
279,p3,1443.0,0.009405355162273369
279,p3,1444.0,0.009381306235602136
279,p3,1445.0,0.00900787994744842
279,p3,1446.0,0.00866949270917154
279,p3,1447.0,0.008373745062427003
279,p3,1448.0,0.008004827231080237
279,p3,1449.0,0.007587370270076694
279,p3,1450.0,0.006966371950516044
279,p3,1451.0,0.006274323611498753
279,p3,1452.0,0.006120843446834692
279,p3,1453.0,0.006033067019384945
279,p3,1454.0,0.0059106685944528585
279,p3,1455.0,0.005865898581743574
279,p3,1456.0,0.0061296100925821205
279,p3,1457.0,0.006304795368085611
279,p3,1458.0,0.006315006638794083
279,p3,1459.0,0.006602374127193763
279,p3,1460.0,0.007166885049387342
279,p3,1461.0,0.007821037714103024
279,p3,1462.0,0.008523721649104135
279,p3,1463.0,0.009045543880921627
279,p3,1464.0,0.009525365837324684
279,p3,1465.0,0.010151786137275416
279,p3,1466.0,0.01081275219911471
279,p3,1467.0,0.011679046245219198
279,p3,1468.0,0.012475054071747845
279,p3,1469.0,0.013089519138551593
279,p3,1470.0,0.013768175034377746
279,p3,1471.0,0.014531751805377304
279,p3,1472.0,0.015123442429007468
279,p3,1473.0,0.015595809771522192
279,p3,1474.0,0.015844841423500587
279,p3,1475.0,0.016019694174804172
279,p3,1476.0,0.01562494873055321
279,p3,1477.0,0.015257853201511197
279,p3,1478.0,0.0160024067420938
279,p3,1479.0,0.016656773985561098
279,p3,1480.0,0.017008382409557224
279,p3,1481.0,0.017160586097390435
279,p3,1482.0,0.01700070608698842
279,p3,1483.0,0.01678762444671037
279,p3,1484.0,0.016532786780749365
279,p3,1485.0,0.015354871678546319
279,p3,1486.0,0.013818120659017434
279,p3,1487.0,0.011834286893365943
279,p3,1488.0,0.009798519211353248
279,p3,1489.0,0.007931236378499698
279,p3,1490.0,0.0061271850166437275
279,p3,1491.0,0.004560515665382714
279,p3,1492.0,0.0030799233038032573
279,p3,1493.0,0.0017396687879494392
279,p3,1494.0,0.0007027521269246756
279,p3,1495.0,-8.59772284620804e-05
279,p3,1496.0,-0.0008992236562537739
279,p3,1497.0,-0.001722460027625468
279,p3,1498.0,-0.002110306923128714
279,p3,1499.0,-0.00243593847554688
279,p3,1500.0,-0.0027078478115924254
279,p3,1501.0,-0.002858480197842692
279,p3,1502.0,-0.002579137820037919
279,p3,1503.0,-0.0022470468837943883
279,p3,1504.0,-0.0018324470954671336
279,p3,1505.0,-0.0015898626392843952
279,p3,1506.0,-0.001477044959312017
279,p3,1507.0,-0.001366558204984489
279,p3,1508.0,-0.0012568893309907799
279,p3,1509.0,-0.0010557468444032589
279,p3,1510.0,-0.0008681044805954795
279,p3,1511.0,-0.0009398777686548176
279,p3,1512.0,-0.0008790901226632919
279,p3,1513.0,-0.0004410623663120248
279,p3,1514.0,-0.0003063633305175827
279,p3,1515.0,-0.000573756912585994
279,p3,1516.0,-0.0006301104936420273
279,p3,1517.0,-0.0005514954147904966
279,p3,1518.0,-0.0006476761134932061
279,p3,1519.0,-0.0007902299153244811
279,p3,1520.0,-0.00044874688975763256
279,p3,1521.0,-9.888983158217149e-05
279,p3,1522.0,0.00017779661057901674
279,p3,1523.0,0.0004516330398559663
279,p3,1524.0,0.0007192245280126726
279,p3,1525.0,0.0010983614409382778
279,p3,1526.0,0.0015890598400573363
279,p3,1527.0,0.0021444345069855106
279,p3,1528.0,0.0027303914625820555
279,p3,1529.0,0.0030409356804594815
279,p3,1530.0,0.0033196361125013224
279,p3,1531.0,0.003904451737865771
279,p3,1532.0,0.004493691150006894
279,p3,1533.0,0.005096990763562318
279,p3,1534.0,0.005566624322685451
279,p3,1535.0,0.005843767841004176
279,p3,1536.0,0.006154692986676234
279,p3,1537.0,0.006489227971571277
279,p3,1538.0,0.0068241836343874325
279,p3,1539.0,0.007159575521826412
279,p3,1540.0,0.0070238725149291865
279,p3,1541.0,0.006836216813789322
279,p3,1542.0,0.006434640189324549
279,p3,1543.0,0.006108605054751828
279,p3,1544.0,0.005928756049335426
279,p3,1545.0,0.0056678015787211145
279,p3,1546.0,0.005334998257785752
279,p3,1547.0,0.004919180434413206
279,p3,1548.0,0.004471435272047121
279,p3,1549.0,0.004343109440080265
279,p3,1550.0,0.004247698396994701
279,p3,1551.0,0.004121420593744317
279,p3,1552.0,0.00400626939505372
279,p3,1553.0,0.003917457796864023
279,p3,1554.0,0.004059489064574223
279,p3,1555.0,0.004451559606572966
279,p3,1556.0,0.005550742883536487
279,p3,1557.0,0.006998570989807625
279,p3,1558.0,0.008307981414243753
279,p3,1559.0,0.00964986696861785
279,p3,1560.0,0.01184462113188461
279,p3,1561.0,0.014327653199490928
279,p3,1562.0,0.01767400595237574
279,p3,1563.0,0.021413248654455635
279,p3,1564.0,0.025632528076345747
279,p3,1565.0,0.03042621568304541
279,p3,1566.0,0.03554337969288137
279,p3,1567.0,0.04155316541983129
279,p3,1568.0,0.04777027362951741
279,p3,1569.0,0.05517171621083827
279,p3,1570.0,0.06264565393313017
279,p3,1571.0,0.07036023200837775
279,p3,1572.0,0.07817389645150577
279,p3,1573.0,0.08611862340830333
279,p3,1574.0,0.09267609110343086
279,p3,1575.0,0.09841920867446628
279,p3,1576.0,0.10280221081423123
279,p3,1577.0,0.10680842401408369
279,p3,1578.0,0.10761574217243296
279,p3,1579.0,0.10755815855301656
279,p3,1580.0,0.10460279466504442
279,p3,1581.0,0.10035338420778322
279,p3,1582.0,0.09445674450074455
279,p3,1583.0,0.08822281875906941
279,p3,1584.0,0.08179958954314993
279,p3,1585.0,0.0748637297081553
279,p3,1586.0,0.06783051461003667
279,p3,1587.0,0.060789032924117324
279,p3,1588.0,0.05381876489161391
279,p3,1589.0,0.04706023455857119
279,p3,1590.0,0.04067193961112431
279,p3,1591.0,0.03471809980067677
279,p3,1592.0,0.03010691205755821
279,p3,1593.0,0.026157495130962834
279,p3,1594.0,0.023051022082703102
279,p3,1595.0,0.020256246534902937
279,p3,1596.0,0.01958951556697777
279,p3,1597.0,0.01929665085540686
279,p3,1598.0,0.01991781217458287
279,p3,1599.0,0.021860485585733263
279,p3,1600.0,0.025124663150941254
279,p3,1601.0,0.02958898291171732
279,p3,1602.0,0.03454400322581953
279,p3,1603.0,0.04127839707071542
279,p3,1604.0,0.04841207869545645
279,p3,1605.0,0.05717815203988243
279,p3,1606.0,0.06622434833219343
279,p3,1607.0,0.0757900624651794
279,p3,1608.0,0.084011435770664
279,p3,1609.0,0.09117669968898363
279,p3,1610.0,0.09521638226366284
279,p3,1611.0,0.09832297609751324
279,p3,1612.0,0.0947661333697859
279,p3,1613.0,0.09036655384263044
279,p3,1614.0,0.08304788865987593
279,p3,1615.0,0.07474184419759568
279,p3,1616.0,0.06507199396024449
279,p3,1617.0,0.05576344774032319
279,p3,1618.0,0.04665840182365926
279,p3,1619.0,0.03909668502814138
279,p3,1620.0,0.03196924046821302
279,p3,1621.0,0.027267523996474374
279,p3,1622.0,0.022999021862103917
279,p3,1623.0,0.019790327356721184
279,p3,1624.0,0.016983995931061688
279,p3,1625.0,0.014564246419479177
279,p3,1626.0,0.012708031552426093
279,p3,1627.0,0.011060516913355153
279,p3,1628.0,0.009503780058338332
279,p3,1629.0,0.007985499187759417
279,p3,1630.0,0.006623825226240514
279,p3,1631.0,0.00537940232866499
279,p3,1632.0,0.004310658042401874
279,p3,1633.0,0.0035550260772368044
279,p3,1634.0,0.0029913963774042015
279,p3,1635.0,0.002393069771293217
279,p3,1636.0,0.0017955528520529217
279,p3,1637.0,0.0012878364691876996
279,p3,1638.0,0.0008473196916875323
279,p3,1639.0,0.0005633272158722974
279,p3,1640.0,0.0003904588070960554
279,p3,1641.0,0.0003201542484257102
279,p3,1642.0,0.0001610439942720319
279,p3,1643.0,-2.7627284660763408e-05
279,p3,1644.0,-4.5979632604592673e-05
279,p3,1645.0,-4.3439877078578414e-05
279,p3,1646.0,2.452530837250207e-05
279,p3,1647.0,-0.00010114820765071534
279,p3,1648.0,-0.00047328869764835156
279,p3,1649.0,-0.0006442276891204775
279,p3,1650.0,-0.0007161232173510784
279,p3,1651.0,-0.0006639097874367065
279,p3,1652.0,-0.000592536983573537
279,p3,1653.0,-0.00048458593215852414
279,p3,1654.0,-0.0004440307075777529
279,p3,1655.0,-0.000523176334774274
279,p3,1656.0,-0.0005869693262073309
279,p3,1657.0,-0.0006401760302117166
279,p3,1658.0,-0.0007761700394731015
279,p3,1659.0,-0.0009171939491291059
279,p3,1660.0,-0.0008683111353462655
279,p3,1661.0,-0.0009476460660598944
279,p3,1662.0,-0.0013257764175380697
279,p3,1663.0,-0.0013587970407409754
279,p3,1664.0,-0.0010858261024618329
279,p3,1665.0,-0.001019986630955927
279,p3,1666.0,-0.0010162713979346093
279,p3,1667.0,-0.0011509899562609468
279,p3,1668.0,-0.0011837919147149362
279,p3,1669.0,-0.0008930530527370088
279,p3,1670.0,-0.0007626050791522892
279,p3,1671.0,-0.0008057781241316177
279,p3,1672.0,-0.0008270078767481882
279,p3,1673.0,-0.0008399495149833472
279,p3,1674.0,-0.0007451229814585185
279,p3,1675.0,-0.0006670953370221365
279,p3,1676.0,-0.0006730818553160933
279,p3,1677.0,-0.0006033097951919502
279,p3,1678.0,-0.00043700692615477357
279,p3,1679.0,-0.00038833181897229824
279,p3,1680.0,-0.00039522293666367184
279,p3,1681.0,-0.0005626361663714066
279,p3,1682.0,-0.0006730966227127682
279,p3,1683.0,-0.00044510387231282204
279,p3,1684.0,-0.0002745656516100713
279,p3,1685.0,-0.00018653017827310861
279,p3,1686.0,-0.00018700972071834394
279,p3,1687.0,-0.00023326937030921505
279,p3,1688.0,-1.0435558129279854e-05
279,p3,1689.0,0.0002136392870824386
279,p3,1690.0,0.0002768112010900322
279,p3,1691.0,0.000358767508892265
279,p3,1692.0,0.0004690851905771623
279,p3,1693.0,0.0005852097045965892
279,p3,1694.0,0.0007044520273821482
279,p3,1695.0,0.000775118122722462
279,p3,1696.0,0.0008392565053668742
279,p3,1697.0,0.0009016511240229411
279,p3,1698.0,0.0009541114804646129
279,p3,1699.0,0.0009912226118967806
279,p3,1700.0,0.0010143523853723404
279,p3,1701.0,0.0010294836165510126
279,p3,1702.0,0.001371722843052938
279,p3,1703.0,0.0016976593285950952
279,p3,1704.0,0.001676429754880427
279,p3,1705.0,0.0016093062730057968
279,p3,1706.0,0.0014734934086086293
279,p3,1707.0,0.001456958091461442
279,p3,1708.0,0.001504522520617337
279,p3,1709.0,0.0015364361660991591
279,p3,1710.0,0.0016329582521668736
279,p3,1711.0,0.002078798182192128
279,p3,1712.0,0.0022657070200114812
279,p3,1713.0,0.002080127006045424
279,p3,1714.0,0.0019927898414878282
279,p3,1715.0,0.0019537173802762833
279,p3,1716.0,0.0019169032618461426
279,p3,1717.0,0.0018620124853650694
279,p3,1718.0,0.0017247686297653753
279,p3,1719.0,0.0017428256176402171
279,p3,1720.0,0.0019586053729075247
279,p3,1721.0,0.00214988278108186
279,p3,1722.0,0.002330537096920762
279,p3,1723.0,0.002260437948854797
279,p3,1724.0,0.002157161155417115
279,p3,1725.0,0.0019738006688306523
279,p3,1726.0,0.001976560451553348
279,p3,1727.0,0.002180971422318127
279,p3,1728.0,0.0023375139682846
279,p3,1729.0,0.002475086486133259
279,p3,1730.0,0.002411349300243966
279,p3,1731.0,0.002416560172120789
279,p3,1732.0,0.0026084946364182374
279,p3,1733.0,0.0027308561110839912
279,p3,1734.0,0.002791505587752039
279,p3,1735.0,0.0027902528323437126
279,p3,1736.0,0.0027720566411866317
279,p3,1737.0,0.0027325523224227422
279,p3,1738.0,0.0027882908372957164
279,p3,1739.0,0.0030375598605107547
279,p3,1740.0,0.0031981038165174477
279,p3,1741.0,0.0032994541853904047
279,p3,1742.0,0.0034019098801616847
279,p3,1743.0,0.0034679374802227708
279,p3,1744.0,0.0032895741972853963
279,p3,1745.0,0.003303800927042097
279,p3,1746.0,0.0036069779875748977
279,p3,1747.0,0.003730832661283548
279,p3,1748.0,0.0037663092922710687
279,p3,1749.0,0.003876636242838781
279,p3,1750.0,0.003956406310724633
279,p3,1751.0,0.0039035182827204615
279,p3,1752.0,0.004094547185372365
279,p3,1753.0,0.004549831048657365
279,p3,1754.0,0.004664274584911489
279,p3,1755.0,0.004665469914691245
279,p3,1756.0,0.004680241136683413
279,p3,1757.0,0.00472234321518071
279,p3,1758.0,0.0048283284418202885
279,p3,1759.0,0.004950326354688797
279,p3,1760.0,0.005084388860292793
279,p3,1761.0,0.005267823812915875
279,p3,1762.0,0.005422660371976581
279,p3,1763.0,0.005304209301347594
279,p3,1764.0,0.005324724428545801
279,p3,1765.0,0.005553721379207884
279,p3,1766.0,0.005956277004870576
279,p3,1767.0,0.006440481717119567
279,p3,1768.0,0.006416990961949647
279,p3,1769.0,0.006395560892207438
279,p3,1770.0,0.00647058704305309
279,p3,1771.0,0.006623123032304845
279,p3,1772.0,0.006850130136514396
279,p3,1773.0,0.006953014852335889
279,p3,1774.0,0.007024284920985534
279,p3,1775.0,0.007114172236521819
279,p3,1776.0,0.00720753991047611
279,p3,1777.0,0.007307397819010221
279,p3,1778.0,0.007457921661762735
279,p3,1779.0,0.0076381935271577035
279,p3,1780.0,0.0076045261293646695
279,p3,1781.0,0.007621082600489383
279,p3,1782.0,0.0079129993454841
279,p3,1783.0,0.008172259662646151
279,p3,1784.0,0.008396145057029732
279,p3,1785.0,0.008287670061351239
279,p3,1786.0,0.00810174448462729
279,p3,1787.0,0.00833063920430162
279,p3,1788.0,0.008514952048242621
279,p3,1789.0,0.008612732640393405
279,p3,1790.0,0.008743282958642212
279,p3,1791.0,0.008893077475655148
279,p3,1792.0,0.008834929189362324
279,p3,1793.0,0.008802264773419327
279,p3,1794.0,0.008953808068813839
279,p3,1795.0,0.009136644983764597
279,p3,1796.0,0.009352053448549596
279,p3,1797.0,0.0093236175951029
279,p3,1798.0,0.009242876200348292
279,p3,1799.0,0.009380968323003402
279,p3,1800.0,0.00950332851974937
279,p4,400.0,-656.6495485037012
279,p4,401.0,-126.2428746280857
279,p4,402.0,479.2639088230608
279,p4,403.0,1154.1967797308062
279,p4,404.0,1892.8817111835924
279,p4,405.0,2689.6446647279336
279,p4,406.0,3541.7517759761213
279,p4,407.0,4464.798087083389
279,p4,408.0,5428.01160933746
279,p4,409.0,6397.621209956051
279,p4,410.0,7339.080891113361
279,p4,411.0,8188.943981210858
279,p4,412.0,8947.041757423442
279,p4,413.0,9539.26150508153
279,p4,414.0,9958.145086148157
279,p4,415.0,10172.247318677251
279,p4,416.0,10157.72950389238
279,p4,417.0,9936.714511213282
279,p4,418.0,9528.54676793261
279,p4,419.0,8957.887671732922
279,p4,420.0,8320.679422355242
279,p4,421.0,7635.50174758552
279,p4,422.0,7039.883488366933
279,p4,423.0,6563.452462153866
279,p4,424.0,6289.6107207594105
279,p4,425.0,6246.081711195919
279,p4,426.0,6431.970498429106
279,p4,427.0,6822.752707570791
279,p4,428.0,7406.276294246069
279,p4,429.0,8064.799280382023
279,p4,430.0,8787.51001552974
279,p4,431.0,9413.938172572492
279,p4,432.0,9870.854953507227
279,p4,433.0,10082.671258883303
279,p4,434.0,10004.687826088375
279,p4,435.0,9630.717733649253
279,p4,436.0,8887.650587858148
279,p4,437.0,7937.091118135537
279,p4,438.0,6895.156752209881
279,p4,439.0,5802.201928344737
279,p4,440.0,4783.971334842176
279,p4,441.0,3842.873410563345
279,p4,442.0,3004.5056278582088
279,p4,443.0,2312.6523549556623
279,p4,444.0,1742.4975061763726
279,p4,445.0,1268.6413550993748
279,p4,446.0,819.8189355363538
279,p4,447.0,512.8674565874098
279,p4,448.0,303.73193793354585
279,p4,449.0,165.33331284859378
279,p4,450.0,89.01900865573043
279,p4,451.0,54.47845697848243
279,p4,452.0,47.94197999510288
279,p4,453.0,75.83849663014917
279,p4,454.0,116.20769928314985
279,p4,455.0,161.97770981405483
279,p4,456.0,197.5227329395202
279,p4,457.0,229.1058355338464
279,p4,458.0,254.6865073368608
279,p4,459.0,271.2855377917731
279,p4,460.0,278.3150771681794
279,p4,461.0,275.71530077911666
279,p4,462.0,268.7651396501351
279,p4,463.0,259.2845491355438
279,p4,464.0,233.8329646977254
279,p4,465.0,195.82877198266215
279,p4,466.0,160.83876565690662
279,p4,467.0,139.49225038428267
279,p4,468.0,127.45177226596206
279,p4,469.0,116.1312272098512
279,p4,470.0,110.16605873498702
279,p4,471.0,109.05615168097938
279,p4,472.0,117.1340327739963
279,p4,473.0,131.4984573817419
279,p4,474.0,149.80444179186816
279,p4,475.0,185.34519998399992
279,p4,476.0,247.6564619222445
279,p4,477.0,327.970704819214
279,p4,478.0,412.96384183906775
279,p4,479.0,485.740559898044
279,p4,480.0,549.504266696913
279,p4,481.0,587.3965843844817
279,p4,482.0,591.7735906991147
279,p4,483.0,557.3310194067526
279,p4,484.0,483.1798625243973
279,p4,485.0,376.0116358418418
279,p4,486.0,249.6380042503406
279,p4,487.0,110.1499503920204
279,p4,488.0,-19.323613051226857
279,p4,489.0,-136.11205982560568
279,p4,490.0,-213.12188541330033
279,p4,491.0,-244.73924105329206
279,p4,492.0,-225.60515300261613
279,p4,493.0,-163.4348932425164
279,p4,494.0,-69.24500632646959
279,p4,495.0,69.21110862974092
279,p4,496.0,260.51028226189374
279,p4,497.0,501.2893272316978
279,p4,498.0,787.8569068228244
279,p4,499.0,1111.407105567745
279,p4,500.0,1481.600221306595
279,p4,501.0,1892.2845179734104
279,p4,502.0,2334.164814967793
279,p4,503.0,2789.1045673989247
279,p4,504.0,3235.3879398662903
279,p4,505.0,3676.597829993352
279,p4,506.0,4091.8008562871873
279,p4,507.0,4464.444427994727
279,p4,508.0,4784.416907034618
279,p4,509.0,5061.3198740380685
279,p4,510.0,5301.684394481643
279,p4,511.0,5512.398340260559
279,p4,512.0,5706.047585022505
279,p4,513.0,5889.116275722008
279,p4,514.0,6062.439321017679
279,p4,515.0,6225.069479758637
279,p4,516.0,6372.729298885675
279,p4,517.0,6493.905308857957
279,p4,518.0,6597.546725371321
279,p4,519.0,6673.053523774644
279,p4,520.0,6701.590686701391
279,p4,521.0,6668.966944573316
279,p4,522.0,6558.150439159839
279,p4,523.0,6364.057069669103
279,p4,524.0,6088.584124110454
279,p4,525.0,5747.167374489618
279,p4,526.0,5347.537982327158
279,p4,527.0,4874.824486986112
279,p4,528.0,4364.760805381426
279,p4,529.0,3839.392066284843
279,p4,530.0,3322.251924733391
279,p4,531.0,2830.1161647692898
279,p4,532.0,2365.038896371774
279,p4,533.0,1953.7392572951067
279,p4,534.0,1611.6146067678164
279,p4,535.0,1346.2920349949127
279,p4,536.0,1120.8620589424281
279,p4,537.0,916.1262909317884
279,p4,538.0,746.5602835913778
279,p4,539.0,617.6308029876818
279,p4,540.0,522.7625846287992
279,p4,541.0,450.27776593172894
279,p4,542.0,399.7729788760262
279,p4,543.0,379.3861765784459
279,p4,544.0,398.44217624603334
279,p4,545.0,451.0802566519051
279,p4,546.0,534.016473893862
279,p4,547.0,665.7483318352461
279,p4,548.0,843.0793736109772
279,p4,549.0,1054.308766452239
279,p4,550.0,1280.8858358365142
279,p4,551.0,1493.1214794386942
279,p4,552.0,1673.6454723405623
279,p4,553.0,1801.9469202717464
279,p4,554.0,1887.8009231885808
279,p4,555.0,1919.6443254363112
279,p4,556.0,1906.471229003564
279,p4,557.0,1859.7297348293741
279,p4,558.0,1771.0382060480333
279,p4,559.0,1650.2743455545078
279,p4,560.0,1521.1928439059411
279,p4,561.0,1394.9419242139174
279,p4,562.0,1296.375835330793
279,p4,563.0,1236.2696046475412
279,p4,564.0,1243.9490882543378
279,p4,565.0,1326.3811237371228
279,p4,566.0,1476.434412231676
279,p4,567.0,1687.4218528882502
279,p4,568.0,1919.744069875569
279,p4,569.0,2146.157098009475
279,p4,570.0,2345.631489122892
279,p4,571.0,2468.8860778354956
279,p4,572.0,2484.7011108720653
279,p4,573.0,2382.01792242965
279,p4,574.0,2173.5639089927627
279,p4,575.0,1897.4459674355767
279,p4,576.0,1581.9995924759423
279,p4,577.0,1277.3850829320418
279,p4,578.0,1008.054794488964
279,p4,579.0,793.0252327476555
279,p4,580.0,633.2541620374323
279,p4,581.0,504.33565592758714
279,p4,582.0,396.897236398745
279,p4,583.0,307.0938188590044
279,p4,584.0,219.04204306441352
279,p4,585.0,132.76129227478305
279,p4,586.0,46.12336620602582
279,p4,587.0,-31.771564589660557
279,p4,588.0,-96.89983711253808
279,p4,589.0,-151.56338720183157
279,p4,590.0,-199.93050468103138
279,p4,591.0,-244.04685492283716
279,p4,592.0,-283.0652527724851
279,p4,593.0,-316.09013257904917
279,p4,594.0,-346.1543630305041
279,p4,595.0,-376.06900192654757
279,p4,596.0,-400.5806709191729
279,p4,597.0,-416.44910651619466
279,p4,598.0,-424.8091277237945
279,p4,599.0,-426.4935284036237
279,p4,600.0,-425.0612999180303
279,p4,601.0,-421.317433153994
279,p4,602.0,-405.35659099640725
279,p4,603.0,-365.64598319460674
279,p4,604.0,-311.184493448598
279,p4,605.0,-250.72937394035944
279,p4,606.0,-191.27561651921314
279,p4,607.0,-135.37810702176466
279,p4,608.0,-90.8695646497381
279,p4,609.0,-66.33087774794694
279,p4,610.0,-64.75678770918603
279,p4,611.0,-81.17023809668899
279,p4,612.0,-98.69439959595002
279,p4,613.0,-96.97429023256154
279,p4,614.0,-71.08368177624652
279,p4,615.0,-27.027777545763456
279,p4,616.0,27.81001616739195
279,p4,617.0,93.57426091737761
279,p4,618.0,170.97567900782633
279,p4,619.0,244.31149338666
279,p4,620.0,305.1561517389364
279,p4,621.0,341.6873309234579
279,p4,622.0,347.7720894702634
279,p4,623.0,331.0754197876795
279,p4,624.0,296.30688858913345
279,p4,625.0,235.7837822586116
279,p4,626.0,157.55646954874646
279,p4,627.0,77.95300009538914
279,p4,628.0,16.283562165366675
279,p4,629.0,-24.971410126427145
279,p4,630.0,-42.889453810883424
279,p4,631.0,-42.809236625402264
279,p4,632.0,-33.01257894561968
279,p4,633.0,-19.97047161487353
279,p4,634.0,-7.370390108200809
279,p4,635.0,3.36293879749428
279,p4,636.0,15.650598221209293
279,p4,637.0,28.923764420685984
279,p4,638.0,46.96262057141939
279,p4,639.0,72.52028264569344
279,p4,640.0,103.76062863534753
279,p4,641.0,140.44370937136046
279,p4,642.0,177.98912845164887
279,p4,643.0,217.3649557268982
279,p4,644.0,259.8921080201126
279,p4,645.0,312.0239939929943
279,p4,646.0,384.9822757844304
279,p4,647.0,484.63966587553296
279,p4,648.0,604.237173511845
279,p4,649.0,736.6155602468098
279,p4,650.0,875.8435360131825
279,p4,651.0,1026.9169200797132
279,p4,652.0,1167.7339387094526
279,p4,653.0,1285.9202829786918
279,p4,654.0,1372.284051186367
279,p4,655.0,1432.7522524176566
279,p4,656.0,1472.7540976881974
279,p4,657.0,1489.847601256115
279,p4,658.0,1477.123434362411
279,p4,659.0,1433.2419711658822
279,p4,660.0,1365.3872570380772
279,p4,661.0,1286.544698435384
279,p4,662.0,1182.3805974651168
279,p4,663.0,1065.8789386707685
279,p4,664.0,950.383535237359
279,p4,665.0,851.9740860577585
279,p4,666.0,771.6786434877868
279,p4,667.0,715.0828690643793
279,p4,668.0,689.8828219030493
279,p4,669.0,691.6135624750568
279,p4,670.0,708.8871255425056
279,p4,671.0,731.0942231752997
279,p4,672.0,749.0830520834224
279,p4,673.0,766.9844200044627
279,p4,674.0,779.3156130235075
279,p4,675.0,781.0040384423883
279,p4,676.0,772.4616735378859
279,p4,677.0,761.5925167105979
279,p4,678.0,759.2777240182295
279,p4,679.0,767.7520957750021
279,p4,680.0,783.8301658155433
279,p4,681.0,804.996011866022
279,p4,682.0,832.6824106268887
279,p4,683.0,865.4854284600806
279,p4,684.0,899.7147243651852
279,p4,685.0,943.6986467771967
279,p4,686.0,1009.8059914058413
279,p4,687.0,1097.4637442333897
279,p4,688.0,1204.995347182985
279,p4,689.0,1333.6092864107595
279,p4,690.0,1485.3179471655167
279,p4,691.0,1646.0442853995846
279,p4,692.0,1804.7447839391934
279,p4,693.0,1949.1120950072818
279,p4,694.0,2076.377893487721
279,p4,695.0,2190.209965398917
279,p4,696.0,2280.4343651873805
279,p4,697.0,2336.4378661800256
279,p4,698.0,2361.6438691766707
279,p4,699.0,2365.9561898572993
279,p4,700.0,2372.0271467739076
279,p4,701.0,2391.2911150942764
279,p4,702.0,2429.1576844387346
279,p4,703.0,2500.548146642006
279,p4,704.0,2593.7175657772714
279,p4,705.0,2686.8948441159337
279,p4,706.0,2755.3930978264507
279,p4,707.0,2786.00322573453
279,p4,708.0,2774.3330900162982
279,p4,709.0,2710.6603165413744
279,p4,710.0,2607.867731342345
279,p4,711.0,2494.8712565209407
279,p4,712.0,2387.450821999135
279,p4,713.0,2335.2929242565897
279,p4,714.0,2349.7690494206745
279,p4,715.0,2444.790422828839
279,p4,716.0,2635.6578032396555
279,p4,717.0,2903.863605082406
279,p4,718.0,3230.295424724227
279,p4,719.0,3568.266892599344
279,p4,720.0,3872.869417217684
279,p4,721.0,4127.097734469677
279,p4,722.0,4329.099721297354
279,p4,723.0,4500.616865004364
279,p4,724.0,4653.568550209991
279,p4,725.0,4807.536358104311
279,p4,726.0,4933.946833571226
279,p4,727.0,5008.152424642911
279,p4,728.0,4977.297167315321
279,p4,729.0,4764.303562276926
279,p4,730.0,4373.754142831425
279,p4,731.0,3817.9153372759356
279,p4,732.0,3178.258358868454
279,p4,733.0,2522.2467843430295
279,p4,734.0,1934.9689160642502
279,p4,735.0,1474.6779791509707
279,p4,736.0,1153.936060232887
279,p4,737.0,992.3789013031201
279,p4,738.0,946.346495241407
279,p4,739.0,998.8224074518148
279,p4,740.0,1166.9844890747754
279,p4,741.0,1425.0840764842233
279,p4,742.0,1809.660768064492
279,p4,743.0,2240.9825530692633
279,p4,744.0,2696.7847471165587
279,p4,745.0,3077.611424545057
279,p4,746.0,3297.1616428100497
279,p4,747.0,3331.604522048654
279,p4,748.0,3177.7823997940523
279,p4,749.0,2893.662488854743
279,p4,750.0,2559.48373899113
279,p4,751.0,2249.6137988954906
279,p4,752.0,2016.8881178295578
279,p4,753.0,1838.7632965562425
279,p4,754.0,1738.180416834577
279,p4,755.0,1652.2580168070835
279,p4,756.0,1545.6353582658812
279,p4,757.0,1415.87358951663
279,p4,758.0,1269.2292587465581
279,p4,759.0,1140.4575830873437
279,p4,760.0,1058.4916731550911
279,p4,761.0,1010.3655583837499
279,p4,762.0,994.6280496838754
279,p4,763.0,1019.3314862484222
279,p4,764.0,1085.75679219021
279,p4,765.0,1185.1206598138433
279,p4,766.0,1307.3098257828133
279,p4,767.0,1445.1533485034415
279,p4,768.0,1605.9346091205662
279,p4,769.0,1773.134814174291
279,p4,770.0,1927.0779281608739
279,p4,771.0,2054.4781777823337
279,p4,772.0,2166.091968710154
279,p4,773.0,2272.647190638867
279,p4,774.0,2374.567073857612
279,p4,775.0,2484.330526513839
279,p4,776.0,2603.764500208379
279,p4,777.0,2758.523887160518
279,p4,778.0,2963.416728843262
279,p4,779.0,3211.7479299906336
279,p4,780.0,3498.7844457952724
279,p4,781.0,3817.565084814978
279,p4,782.0,4153.572150278464
279,p4,783.0,4497.00546652716
279,p4,784.0,4835.017493137557
279,p4,785.0,5164.17892322574
279,p4,786.0,5476.905803568281
279,p4,787.0,5792.1823407228385
279,p4,788.0,6103.307930668523
279,p4,789.0,6401.196321161931
279,p4,790.0,6670.665923619907
279,p4,791.0,6917.847137466544
279,p4,792.0,7105.379444020098
279,p4,793.0,7222.935310474655
279,p4,794.0,7248.665168967338
279,p4,795.0,7179.1628291892175
279,p4,796.0,7014.667534645465
279,p4,797.0,6764.093103512207
279,p4,798.0,6427.370792585702
279,p4,799.0,6015.937110420635
279,p4,800.0,5549.021572419868
279,p4,801.0,5061.71926821488
279,p4,802.0,4551.95069068816
279,p4,803.0,4056.9343243106578
279,p4,804.0,3586.2551586954432
279,p4,805.0,3155.5969476000973
279,p4,806.0,2761.899221171436
279,p4,807.0,2420.3210896913224
279,p4,808.0,2123.768317432483
279,p4,809.0,1873.0365559851343
279,p4,810.0,1668.8787117933389
279,p4,811.0,1510.3815011092247
279,p4,812.0,1389.4101144915676
279,p4,813.0,1316.9926139997588
279,p4,814.0,1291.6790813521275
279,p4,815.0,1304.1108742812212
279,p4,816.0,1340.9446341933035
279,p4,817.0,1405.0488731464502
279,p4,818.0,1491.9854538635918
279,p4,819.0,1604.59459553335
279,p4,820.0,1727.0403104199722
279,p4,821.0,1848.5553152511875
279,p4,822.0,1959.6363310897032
279,p4,823.0,2068.306309744823
279,p4,824.0,2173.1095443936374
279,p4,825.0,2272.460021529534
279,p4,826.0,2366.2282281311564
279,p4,827.0,2470.4899709088368
279,p4,828.0,2570.723561165183
279,p4,829.0,2648.747428843404
279,p4,830.0,2687.94503413458
279,p4,831.0,2689.3372096782914
279,p4,832.0,2649.112676258039
279,p4,833.0,2563.1711205626125
279,p4,834.0,2434.2979368555098
279,p4,835.0,2271.91873767415
279,p4,836.0,2093.927639919637
279,p4,837.0,1919.2170162463444
279,p4,838.0,1739.4397943652457
279,p4,839.0,1561.7735169550979
279,p4,840.0,1395.9585982280496
279,p4,841.0,1257.4845783163037
279,p4,842.0,1143.7091056335703
279,p4,843.0,1049.8565975257734
279,p4,844.0,972.9703180314991
279,p4,845.0,905.4477926431409
279,p4,846.0,839.3760368022176
279,p4,847.0,775.2025198398787
279,p4,848.0,716.9123601124593
279,p4,849.0,661.6028486452014
279,p4,850.0,615.4563376750393
279,p4,851.0,575.432721077661
279,p4,852.0,528.8224307701785
279,p4,853.0,474.26324211055726
279,p4,854.0,411.8590019944204
279,p4,855.0,342.3412845716339
279,p4,856.0,268.4475213431924
279,p4,857.0,202.1534687515741
279,p4,858.0,150.0300305137971
279,p4,859.0,113.07242361664248
279,p4,860.0,95.84481793086343
279,p4,861.0,86.36692011947343
279,p4,862.0,75.13041266093569
279,p4,863.0,64.97621150825762
279,p4,864.0,48.44838437252292
279,p4,865.0,20.877442147644615
279,p4,866.0,-11.394421092372795
279,p4,867.0,-41.72061478916294
279,p4,868.0,-72.3419338379208
279,p4,869.0,-105.46929372595696
279,p4,870.0,-135.26098003505467
279,p4,871.0,-158.0511096394257
279,p4,872.0,-173.35792940689498
279,p4,873.0,-185.89510051157777
279,p4,874.0,-199.45653208366457
279,p4,875.0,-211.30978957140906
279,p4,876.0,-213.6493497374904
279,p4,877.0,-209.3612552786508
279,p4,878.0,-202.78486548636283
279,p4,879.0,-192.50994821905624
279,p4,880.0,-173.42742303349587
279,p4,881.0,-148.23433749865762
279,p4,882.0,-117.80156859430645
279,p4,883.0,-81.02195265107002
279,p4,884.0,-32.33290167534324
279,p4,885.0,27.795940096182676
279,p4,886.0,96.99988546167151
279,p4,887.0,179.84397755913778
279,p4,888.0,284.9943859977193
279,p4,889.0,415.8423130233805
279,p4,890.0,568.6836678557956
279,p4,891.0,743.752234333373
279,p4,892.0,943.4786398455672
279,p4,893.0,1167.475596715958
279,p4,894.0,1417.590552106225
279,p4,895.0,1673.8028746962918
279,p4,896.0,1931.6434724698338
279,p4,897.0,2173.894123345619
279,p4,898.0,2376.9488459515687
279,p4,899.0,2536.704954372286
279,p4,900.0,2638.530151175066
279,p4,901.0,2713.4475052698926
279,p4,902.0,2777.068452115149
279,p4,903.0,2873.7316335384203
279,p4,904.0,3053.326502007094
279,p4,905.0,3326.1634690914307
279,p4,906.0,3729.374201995335
279,p4,907.0,4213.712719917041
279,p4,908.0,4725.6922399284995
279,p4,909.0,5193.269783878486
279,p4,910.0,5513.4383858106885
279,p4,911.0,5637.126941730199
279,p4,912.0,5508.662240558642
279,p4,913.0,5144.0810580199795
279,p4,914.0,4601.649541474151
279,p4,915.0,3948.2306237834036
279,p4,916.0,3289.710994994637
279,p4,917.0,2669.4795527054284
279,p4,918.0,2151.603151802392
279,p4,919.0,1748.3819674211663
279,p4,920.0,1462.9761753977928
279,p4,921.0,1284.5199866329385
279,p4,922.0,1198.0143699164619
279,p4,923.0,1194.251814136731
279,p4,924.0,1269.3092849180757
279,p4,925.0,1396.4548328712644
279,p4,926.0,1576.1659292741024
279,p4,927.0,1813.0573552576298
279,p4,928.0,2088.112909796646
279,p4,929.0,2382.3724202871726
279,p4,930.0,2671.3004083247033
279,p4,931.0,2944.3237413978004
279,p4,932.0,3171.1672508762404
279,p4,933.0,3317.901786401635
279,p4,934.0,3358.153779021155
279,p4,935.0,3275.0320315859917
279,p4,936.0,3091.009853661104
279,p4,937.0,2826.595119094891
279,p4,938.0,2493.7616007027063
279,p4,939.0,2139.6093963485782
279,p4,940.0,1791.9906152650838
279,p4,941.0,1489.368890736363
279,p4,942.0,1225.0001966405125
279,p4,943.0,999.2019862928555
279,p4,944.0,808.0427633540021
279,p4,945.0,655.5114634335114
279,p4,946.0,539.6028183952712
279,p4,947.0,450.1769752359505
279,p4,948.0,391.74841667213514
279,p4,949.0,363.92389905254277
279,p4,950.0,357.63119682845536
279,p4,951.0,368.16684913412064
279,p4,952.0,391.6792969549115
279,p4,953.0,416.32031714313416
279,p4,954.0,438.2584009384991
279,p4,955.0,461.5831305194206
279,p4,956.0,481.7197764718512
279,p4,957.0,503.10147693557883
279,p4,958.0,531.5044383255427
279,p4,959.0,560.2145429990487
279,p4,960.0,583.1168567013556
279,p4,961.0,609.2945978463958
279,p4,962.0,643.4477048556
279,p4,963.0,681.2670319818553
279,p4,964.0,721.5853654351085
279,p4,965.0,760.31877530569
279,p4,966.0,793.2330177339973
279,p4,967.0,827.4940945874532
279,p4,968.0,869.0642878883045
279,p4,969.0,908.6017274931728
279,p4,970.0,941.1048284877761
279,p4,971.0,968.401704693888
279,p4,972.0,987.3128850154662
279,p4,973.0,997.5716121159148
279,p4,974.0,1002.880460837514
279,p4,975.0,1003.9649990600738
279,p4,976.0,1003.1594585049716
279,p4,977.0,1004.1961943798942
279,p4,978.0,1011.846144831814
279,p4,979.0,1021.9550849623574
279,p4,980.0,1029.2726009653616
279,p4,981.0,1027.2964863953894
279,p4,982.0,1011.52345716938
279,p4,983.0,982.9589793363739
279,p4,984.0,940.9228811428657
279,p4,985.0,886.1662939141024
279,p4,986.0,822.7037744892332
279,p4,987.0,754.7765583699111
279,p4,988.0,688.8498243534905
279,p4,989.0,628.0030089277261
279,p4,990.0,586.9289552391256
279,p4,991.0,576.9824202323271
279,p4,992.0,582.0905460522827
279,p4,993.0,585.9464826372259
279,p4,994.0,570.4559259959897
279,p4,995.0,521.5700948381073
279,p4,996.0,441.64129926843816
279,p4,997.0,330.7793970807379
279,p4,998.0,216.3785642713683
279,p4,999.0,123.52703324423965
279,p4,1000.0,92.66895936011133
279,p4,1001.0,143.521150673816
279,p4,1002.0,262.0967112664912
279,p4,1003.0,452.8787391650567
279,p4,1004.0,667.9285459867915
279,p4,1005.0,878.7400580659269
279,p4,1006.0,1033.7363760015687
279,p4,1007.0,1081.7398993632341
279,p4,1008.0,1027.623619305381
279,p4,1009.0,870.318947760521
279,p4,1010.0,643.2977430546853
279,p4,1011.0,374.2705930839329
279,p4,1012.0,108.14093243523712
279,p4,1013.0,-112.51673230633969
279,p4,1014.0,-284.5963906028519
279,p4,1015.0,-399.86975311028436
279,p4,1016.0,-473.9943277498314
279,p4,1017.0,-507.39158155403857
279,p4,1018.0,-498.3128486313999
279,p4,1019.0,-458.882212307828
279,p4,1020.0,-397.38241138562626
279,p4,1021.0,-334.4606815713687
279,p4,1022.0,-271.17553185072575
279,p4,1023.0,-223.0893272115227
279,p4,1024.0,-187.7951799072598
279,p4,1025.0,-157.88984099332265
279,p4,1026.0,-119.92220542780524
279,p4,1027.0,-73.52830197187359
279,p4,1028.0,-24.01851305600212
279,p4,1029.0,27.120972195963986
279,p4,1030.0,76.54577825219349
279,p4,1031.0,124.92317272484979
279,p4,1032.0,172.2459450090937
279,p4,1033.0,208.6882655421814
279,p4,1034.0,250.33827136828222
279,p4,1035.0,319.83618434152777
279,p4,1036.0,409.99889609337333
279,p4,1037.0,507.5627477164562
279,p4,1038.0,611.6327412245319
279,p4,1039.0,719.8231763617168
279,p4,1040.0,835.9016009785246
279,p4,1041.0,956.4230306285735
279,p4,1042.0,1081.8149712947907
279,p4,1043.0,1217.2080500418888
279,p4,1044.0,1378.787906069927
279,p4,1045.0,1573.5596001298218
279,p4,1046.0,1799.978958045509
279,p4,1047.0,2048.464975345565
279,p4,1048.0,2326.289515392702
279,p4,1049.0,2644.1824229788454
279,p4,1050.0,3010.282008070835
279,p4,1051.0,3419.8131855319116
279,p4,1052.0,3884.793597239757
279,p4,1053.0,4612.081275100032
279,p4,1054.0,5216.79122455367
279,p4,1055.0,5482.003588924852
279,p4,1056.0,5665.378560261666
279,p4,1057.0,5985.353077683036
279,p4,1058.0,6627.237563074625
279,p4,1059.0,7928.964383631192
279,p4,1060.0,9839.617831237716
279,p4,1061.0,11789.501855069937
279,p4,1062.0,13751.958722412686
279,p4,1063.0,15673.154369110203
279,p4,1064.0,16997.446252951577
279,p4,1065.0,17682.975071818546
279,p4,1066.0,18031.96439874836
279,p4,1067.0,18177.174492720376
279,p4,1068.0,18293.268893983826
279,p4,1069.0,18391.359401423273
279,p4,1070.0,18544.36711861076
279,p4,1071.0,18401.691152670697
279,p4,1072.0,18549.678084377596
279,p4,1073.0,18615.60410582089
279,p4,1074.0,18300.218361091418
279,p4,1075.0,17072.34861403615
279,p4,1076.0,15183.039887590116
279,p4,1077.0,12690.048025951302
279,p4,1078.0,10202.96162047721
279,p4,1079.0,7758.303906769128
279,p4,1080.0,5872.509020277452
279,p4,1081.0,4656.916662991593
279,p4,1082.0,4336.751920675855
279,p4,1083.0,4341.366379924368
279,p4,1084.0,4322.770937429506
279,p4,1085.0,3853.1883141131148
279,p4,1086.0,3244.966187669339
279,p4,1087.0,2510.470940850213
279,p4,1088.0,2071.4638820000637
279,p4,1089.0,1698.535205780414
279,p4,1090.0,1379.251004553067
279,p4,1091.0,1102.5920884990155
279,p4,1092.0,860.8510611192305
279,p4,1093.0,658.3978410885193
279,p4,1094.0,487.34102233538215
279,p4,1095.0,342.5161969249002
279,p4,1096.0,225.25655808592637
279,p4,1097.0,141.2920033449136
279,p4,1098.0,85.69643519129932
279,p4,1099.0,47.86062659018535
279,p4,1100.0,18.101345011124067
279,p4,1101.0,-6.621396956315948
279,p4,1102.0,-27.80532600701372
279,p4,1103.0,-46.432024892099435
279,p4,1104.0,-60.97094249955444
279,p4,1105.0,-66.64218105034524
279,p4,1106.0,-63.691320936028205
279,p4,1107.0,-49.39258714155949
279,p4,1108.0,-25.90893615301502
279,p4,1109.0,-5.279382081102085
279,p4,1110.0,11.318015968723557
279,p4,1111.0,31.47257348189669
279,p4,1112.0,57.00183649448081
279,p4,1113.0,90.26072290336924
279,p4,1114.0,130.76369484573115
279,p4,1115.0,171.85107149596843
279,p4,1116.0,214.08036870481556
279,p4,1117.0,263.2591099812853
279,p4,1118.0,317.5004125663181
279,p4,1119.0,366.7227722512125
279,p4,1120.0,414.5343713595412
279,p4,1121.0,471.68992797169994
279,p4,1122.0,547.0607535556319
279,p4,1123.0,651.0941049135381
279,p4,1124.0,782.0206028804587
279,p4,1125.0,930.2751672841332
279,p4,1126.0,1090.0419974080924
279,p4,1127.0,1257.4290679403675
279,p4,1128.0,1423.0300481378308
279,p4,1129.0,1578.0821324727785
279,p4,1130.0,1718.2392314207555
279,p4,1131.0,1845.18594936913
279,p4,1132.0,1953.7786081762279
279,p4,1133.0,2037.1699547040407
279,p4,1134.0,2091.3151086334165
279,p4,1135.0,2120.2548904022788
279,p4,1136.0,2126.406738563932
279,p4,1137.0,2109.7159601990425
279,p4,1138.0,2077.224402585427
279,p4,1139.0,2033.145005797276
279,p4,1140.0,1991.656234422926
279,p4,1141.0,1969.9987770132666
279,p4,1142.0,1973.5075017740983
279,p4,1143.0,1994.2901237548685
279,p4,1144.0,2047.718884445194
279,p4,1145.0,2142.6726448580393
279,p4,1146.0,2282.7480587112386
279,p4,1147.0,2461.0758147981123
279,p4,1148.0,2681.897336415832
279,p4,1149.0,2934.265733126198
279,p4,1150.0,3231.214220935857
279,p4,1151.0,3562.5429727186693
279,p4,1152.0,3937.553703147185
279,p4,1153.0,4336.75559144153
279,p4,1154.0,4794.496886294153
279,p4,1155.0,5321.791109716045
279,p4,1156.0,5937.075134982486
279,p4,1157.0,6637.633390162626
279,p4,1158.0,7423.215409202996
279,p4,1159.0,8301.863134120407
279,p4,1160.0,9254.843607949862
279,p4,1161.0,10271.966133305898
279,p4,1162.0,11301.808775281614
279,p4,1163.0,12310.64539208777
279,p4,1164.0,13234.872667013506
279,p4,1165.0,14027.926794887719
279,p4,1166.0,14625.818464072323
279,p4,1167.0,14999.791110344155
279,p4,1168.0,15127.525347013881
279,p4,1169.0,15034.482090574535
279,p4,1170.0,14739.519837682146
279,p4,1171.0,14304.519607346281
279,p4,1172.0,13748.215899846553
279,p4,1173.0,13136.083218903734
279,p4,1174.0,12465.356952910493
279,p4,1175.0,11776.415355435583
279,p4,1176.0,11056.537322683474
279,p4,1177.0,10320.351955813801
279,p4,1178.0,9557.863461665815
279,p4,1179.0,8780.336536165465
279,p4,1180.0,8000.751189431585
279,p4,1181.0,7237.081733062107
279,p4,1182.0,6507.179930409848
279,p4,1183.0,5828.005952929701
279,p4,1184.0,5210.360233345065
279,p4,1185.0,4658.31966719724
279,p4,1186.0,4163.257670399036
279,p4,1187.0,3717.617780207398
279,p4,1188.0,3309.7561802912496
279,p4,1189.0,2931.0373018988703
279,p4,1190.0,2574.5145159908225
279,p4,1191.0,2239.4819631009414
279,p4,1192.0,1925.0990652381915
279,p4,1193.0,1638.9895664634714
279,p4,1194.0,1386.403598147157
279,p4,1195.0,1178.441658220101
279,p4,1196.0,1012.7426608172318
279,p4,1197.0,900.8100210656357
279,p4,1198.0,840.4437612671045
279,p4,1199.0,844.9837763843152
279,p4,1200.0,899.3475521163
279,p4,1201.0,1028.7478540624943
279,p4,1202.0,1236.9279827659793
279,p4,1203.0,1544.7767779268015
279,p4,1204.0,1952.1399702897706
279,p4,1205.0,2461.9008291730024
279,p4,1206.0,3077.1517827406387
279,p4,1207.0,3767.967463298044
279,p4,1208.0,4522.726616952466
279,p4,1209.0,5259.829466737099
279,p4,1210.0,5923.252629218672
279,p4,1211.0,6436.365856699902
279,p4,1212.0,6738.759138176736
279,p4,1213.0,6794.420565336013
279,p4,1214.0,6591.4181636723715
279,p4,1215.0,6162.084315869657
279,p4,1216.0,5565.598189872619
279,p4,1217.0,4873.259529786619
279,p4,1218.0,4187.729193863135
279,p4,1219.0,3537.0298653451628
279,p4,1220.0,2980.7289858857785
279,p4,1221.0,2492.115855875094
279,p4,1222.0,2076.14768386154
279,p4,1223.0,1719.0568527290434
279,p4,1224.0,1410.5813031082344
279,p4,1225.0,1138.0923277573365
279,p4,1226.0,892.1963032733474
279,p4,1227.0,685.2835771338159
279,p4,1228.0,514.5751476918376
279,p4,1229.0,375.2032361114634
279,p4,1230.0,259.8560761618628
279,p4,1231.0,156.62473751764446
279,p4,1232.0,65.22465051165818
279,p4,1233.0,-2.896138676438568
279,p4,1234.0,-53.44957807694482
279,p4,1235.0,-103.31896891711222
279,p4,1236.0,-150.19645050058534
279,p4,1237.0,-190.4155934358405
279,p4,1238.0,-223.1524286063377
279,p4,1239.0,-248.07076653474724
279,p4,1240.0,-265.07854677873
279,p4,1241.0,-273.6636415806988
279,p4,1242.0,-275.6078043998732
279,p4,1243.0,-274.90994490269804
279,p4,1244.0,-279.0864918354491
279,p4,1245.0,-294.3691903009403
279,p4,1246.0,-311.7786910441828
279,p4,1247.0,-327.9178344597003
279,p4,1248.0,-347.2362999876659
279,p4,1249.0,-370.2162139242482
279,p4,1250.0,-388.82900949249415
279,p4,1251.0,-397.7914815261556
279,p4,1252.0,-402.70090541603713
279,p4,1253.0,-406.8490330276527
279,p4,1254.0,-407.9714770126757
279,p4,1255.0,-406.2014314936332
279,p4,1256.0,-404.1213708685682
279,p4,1257.0,-404.0866502445315
279,p4,1258.0,-415.15626585762766
279,p4,1259.0,-432.16903540379644
279,p4,1260.0,-437.0038399422974
279,p4,1261.0,-425.9684552110666
279,p4,1262.0,-401.24676715017995
279,p4,1263.0,-366.2473116458568
279,p4,1264.0,-327.25277339713466
279,p4,1265.0,-285.5320654046609
279,p4,1266.0,-245.36979880718354
279,p4,1267.0,-206.92962394481947
279,p4,1268.0,-174.98170029781795
279,p4,1269.0,-137.16013404051773
279,p4,1270.0,-81.95050195132899
279,p4,1271.0,-11.963385549586746
279,p4,1272.0,68.29019323851935
279,p4,1273.0,161.71808678555317
279,p4,1274.0,268.43735131530957
279,p4,1275.0,392.8247995501315
279,p4,1276.0,535.3154666712544
279,p4,1277.0,705.1895753020781
279,p4,1278.0,904.5801768345082
279,p4,1279.0,1134.81746876752
279,p4,1280.0,1395.7005743687623
279,p4,1281.0,1692.4481131334705
279,p4,1282.0,2016.462955120065
279,p4,1283.0,2363.1091216345903
279,p4,1284.0,2713.657810788165
279,p4,1285.0,3058.236483571711
279,p4,1286.0,3376.46488684579
279,p4,1287.0,3668.966920768271
279,p4,1288.0,3906.550071400394
279,p4,1289.0,4072.9823184256675
279,p4,1290.0,4160.423989920302
279,p4,1291.0,4190.023530738366
279,p4,1292.0,4141.9514152041265
279,p4,1293.0,4006.316301414825
279,p4,1294.0,3792.794338628335
279,p4,1295.0,3523.1954412430205
279,p4,1296.0,3214.3074901047785
279,p4,1297.0,2894.9587296875106
279,p4,1298.0,2558.7748262588066
279,p4,1299.0,2220.0897954094307
279,p4,1300.0,1896.0067111434091
279,p4,1301.0,1608.8946583418183
279,p4,1302.0,1350.1067497470758
279,p4,1303.0,1120.9141760622879
279,p4,1304.0,925.9429003922196
279,p4,1305.0,767.7952101788542
279,p4,1306.0,644.5863118798607
279,p4,1307.0,552.731192772937
279,p4,1308.0,482.76485975551077
279,p4,1309.0,430.59396910659234
279,p4,1310.0,403.7577829294787
279,p4,1311.0,394.3959062631566
279,p4,1312.0,389.07805506618206
279,p4,1313.0,386.90404494111317
279,p4,1314.0,382.7684633025783
279,p4,1315.0,381.55437569271817
279,p4,1316.0,386.22470859701934
279,p4,1317.0,401.6155200601934
279,p4,1318.0,430.9503242557985
279,p4,1319.0,476.187542934651
279,p4,1320.0,540.4281512237922
279,p4,1321.0,617.1989057761148
279,p4,1322.0,705.5583331146572
279,p4,1323.0,825.3670866599314
279,p4,1324.0,982.5100628447817
279,p4,1325.0,1178.6010836958321
279,p4,1326.0,1408.5495413421559
279,p4,1327.0,1675.0051073640116
279,p4,1328.0,1954.7436408078847
279,p4,1329.0,2234.04352967014
279,p4,1330.0,2482.4062438596284
279,p4,1331.0,2675.4382794050834
279,p4,1332.0,2808.9757550566155
279,p4,1333.0,2887.5830389197945
279,p4,1334.0,2918.4199632375057
279,p4,1335.0,2912.5685933253735
279,p4,1336.0,2899.682130991245
279,p4,1337.0,2912.029291269664
279,p4,1338.0,2948.4949080855567
279,p4,1339.0,3020.8243615356932
279,p4,1340.0,3130.0363614263133
279,p4,1341.0,3278.44504365349
279,p4,1342.0,3465.2968179347245
279,p4,1343.0,3688.998751390076
279,p4,1344.0,3942.581381311873
279,p4,1345.0,4228.601090926602
279,p4,1346.0,4548.74895025737
279,p4,1347.0,4912.8161338080845
279,p4,1348.0,5319.718978071243
279,p4,1349.0,5778.187550945127
279,p4,1350.0,6299.937720426331
279,p4,1351.0,6875.413471251628
279,p4,1352.0,7486.621290955183
279,p4,1353.0,8130.906746563165
279,p4,1354.0,8797.77538006226
279,p4,1355.0,9471.700856764957
279,p4,1356.0,10122.939699455606
279,p4,1357.0,10730.715062409394
279,p4,1358.0,11260.200679722075
279,p4,1359.0,11681.99558610767
279,p4,1360.0,11969.054266030193
279,p4,1361.0,12111.453728742166
279,p4,1362.0,12105.174938815142
279,p4,1363.0,11960.727904362024
279,p4,1364.0,11713.17006670876
279,p4,1365.0,11392.878397683557
279,p4,1366.0,11036.002120998171
279,p4,1367.0,10660.836827351588
279,p4,1368.0,10294.505863332583
279,p4,1369.0,9953.285755941897
279,p4,1370.0,9657.945849960382
279,p4,1371.0,9425.186167174967
279,p4,1372.0,9253.311967667072
279,p4,1373.0,9138.412832909698
279,p4,1374.0,9090.544552648571
279,p4,1375.0,9110.892017008347
279,p4,1376.0,9201.883400036702
279,p4,1377.0,9354.772228141474
279,p4,1378.0,9562.294911955258
279,p4,1379.0,9816.685821928013
279,p4,1380.0,10099.536607781372
279,p4,1381.0,10424.573409070937
279,p4,1382.0,10806.921390754866
279,p4,1383.0,11249.694952041147
279,p4,1384.0,11758.239300296465
279,p4,1385.0,12321.463684141763
279,p4,1386.0,12923.254992360564
279,p4,1387.0,13498.862541877907
279,p4,1388.0,13977.60476904449
279,p4,1389.0,14301.146288729862
279,p4,1390.0,14436.559526498575
279,p4,1391.0,14279.579016284888
279,p4,1392.0,13827.168563767325
279,p4,1393.0,13132.726716661638
279,p4,1394.0,12253.739773839425
279,p4,1395.0,11242.303790217436
279,p4,1396.0,10180.62099515682
279,p4,1397.0,9103.267826736646
279,p4,1398.0,8077.686329079783
279,p4,1399.0,7146.707414403923
279,p4,1400.0,6335.263851011523
279,p4,1401.0,5559.405157084269
279,p4,1402.0,4873.205080903439
279,p4,1403.0,4301.689203213335
279,p4,1404.0,3824.0182036373226
279,p4,1405.0,3419.3795835240617
279,p4,1406.0,3077.9668445929874
279,p4,1407.0,2774.0084769056775
279,p4,1408.0,2505.6988134329567
279,p4,1409.0,2251.4786011454653
279,p4,1410.0,1998.7863099681326
279,p4,1411.0,1741.8512538727118
279,p4,1412.0,1486.3327798177397
279,p4,1413.0,1241.127003605281
279,p4,1414.0,1012.0718732551795
279,p4,1415.0,803.563514489606
279,p4,1416.0,617.7704048704163
279,p4,1417.0,456.85061435080024
279,p4,1418.0,325.1375127315532
279,p4,1419.0,222.12767816530868
279,p4,1420.0,145.28112288840566
279,p4,1421.0,92.85788403118022
279,p4,1422.0,61.541533833687936
279,p4,1423.0,48.16814579250968
279,p4,1424.0,62.9027011583421
279,p4,1425.0,114.80229604560373
279,p4,1426.0,192.94044609592675
279,p4,1427.0,284.4107738310813
279,p4,1428.0,393.83000308426745
279,p4,1429.0,522.3347874209649
279,p4,1430.0,656.7230804409392
279,p4,1431.0,788.6518898619124
279,p4,1432.0,927.361021610739
279,p4,1433.0,1062.1587113058704
279,p4,1434.0,1198.5529612354658
279,p4,1435.0,1332.6015039190588
279,p4,1436.0,1456.2223769638822
279,p4,1437.0,1554.5408311986994
279,p4,1438.0,1622.8754638011433
279,p4,1439.0,1664.5328191575281
279,p4,1440.0,1679.7555950148144
279,p4,1441.0,1673.427589804458
279,p4,1442.0,1659.8509550642084
279,p4,1443.0,1636.5076470838085
279,p4,1444.0,1602.4969636299102
279,p4,1445.0,1564.012918350436
279,p4,1446.0,1524.1556009066862
279,p4,1447.0,1459.3650164532992
279,p4,1448.0,1374.7080881106722
279,p4,1449.0,1289.9627637572557
279,p4,1450.0,1212.7220286724314
279,p4,1451.0,1138.3103790979058
279,p4,1452.0,1078.5381624818529
279,p4,1453.0,1043.3366435102707
279,p4,1454.0,1027.9396491282769
279,p4,1455.0,1030.3783964514696
279,p4,1456.0,1046.8180643430842
279,p4,1457.0,1071.201861355281
279,p4,1458.0,1117.1600389475425
279,p4,1459.0,1184.0854808500717
279,p4,1460.0,1263.142450436897
279,p4,1461.0,1350.7342127149786
279,p4,1462.0,1448.9298449908893
279,p4,1463.0,1558.1877374836204
279,p4,1464.0,1671.7097192576184
279,p4,1465.0,1785.2469184643287
279,p4,1466.0,1900.2738864990351
279,p4,1467.0,2022.3630753687703
279,p4,1468.0,2153.221456424335
279,p4,1469.0,2286.9643634991007
279,p4,1470.0,2412.7450940974304
279,p4,1471.0,2532.5546838249466
279,p4,1472.0,2630.236684192263
279,p4,1473.0,2685.6680814026804
279,p4,1474.0,2715.967405092728
279,p4,1475.0,2734.2461049112826
279,p4,1476.0,2751.4391957311436
279,p4,1477.0,2780.0107631053925
279,p4,1478.0,2817.846993701176
279,p4,1479.0,2862.849919485445
279,p4,1480.0,2921.305768465687
279,p4,1481.0,2976.9851641112946
279,p4,1482.0,2993.9479645894207
279,p4,1483.0,2936.2936278291636
279,p4,1484.0,2811.131131716269
279,p4,1485.0,2621.898611529803
279,p4,1486.0,2371.0155956802028
279,p4,1487.0,2073.2453651745473
279,p4,1488.0,1742.4946428813673
279,p4,1489.0,1400.800029904498
279,p4,1490.0,1080.345399301883
279,p4,1491.0,791.5421072491681
279,p4,1492.0,542.7976772840539
279,p4,1493.0,321.6415308364376
279,p4,1494.0,128.9000621685518
279,p4,1495.0,-33.04800389547381
279,p4,1496.0,-168.20783374363964
279,p4,1497.0,-281.2544265762808
279,p4,1498.0,-369.54073770955983
279,p4,1499.0,-433.1062981822106
279,p4,1500.0,-464.4057978206365
279,p4,1501.0,-460.8055537685086
279,p4,1502.0,-432.61048523193676
279,p4,1503.0,-393.95625418905
279,p4,1504.0,-347.91447538739703
279,p4,1505.0,-300.4328060786538
279,p4,1506.0,-255.17716777886744
279,p4,1507.0,-224.44222710375107
279,p4,1508.0,-207.89881488726314
279,p4,1509.0,-191.84252711531008
279,p4,1510.0,-164.8172915310097
279,p4,1511.0,-138.07281778735523
279,p4,1512.0,-118.10654900009467
279,p4,1513.0,-101.93634806457521
279,p4,1514.0,-91.51154666912953
279,p4,1515.0,-93.14873836105107
279,p4,1516.0,-97.82734702901689
279,p4,1517.0,-105.18336546391947
279,p4,1518.0,-110.24546881939023
279,p4,1519.0,-96.93445225881078
279,p4,1520.0,-67.03962025847977
279,p4,1521.0,-31.26384574421354
279,p4,1522.0,13.446401182041882
279,p4,1523.0,71.50394390188194
279,p4,1524.0,141.99268951762497
279,p4,1525.0,213.48919731322894
279,p4,1526.0,285.75685790082935
279,p4,1527.0,362.04679515099633
279,p4,1528.0,441.7749544383514
279,p4,1529.0,526.4660363740077
279,p4,1530.0,614.5394129883007
279,p4,1531.0,700.9866692735031
279,p4,1532.0,784.4664144182952
279,p4,1533.0,865.8937020760659
279,p4,1534.0,947.2709536350521
279,p4,1535.0,1027.900325217579
279,p4,1536.0,1095.1130819323607
279,p4,1537.0,1151.0987232119296
279,p4,1538.0,1188.7441175411532
279,p4,1539.0,1205.7555630420793
279,p4,1540.0,1204.455986533545
279,p4,1541.0,1183.034932428518
279,p4,1542.0,1144.7726569699153
279,p4,1543.0,1093.6772658505488
279,p4,1544.0,1030.758705267197
279,p4,1545.0,970.2224048565822
279,p4,1546.0,912.2951415957014
279,p4,1547.0,860.8241971436546
279,p4,1548.0,812.2531550134008
279,p4,1549.0,765.2698885234568
279,p4,1550.0,725.8243654081489
279,p4,1551.0,691.3242657454975
279,p4,1552.0,673.1986470479442
279,p4,1553.0,688.5277595437674
279,p4,1554.0,741.8473654278841
279,p4,1555.0,831.4369336163618
279,p4,1556.0,969.9712695641265
279,p4,1557.0,1156.0842246604498
279,p4,1558.0,1401.3115242136091
279,p4,1559.0,1709.8587272577379
279,p4,1560.0,2085.924179322128
279,p4,1561.0,2537.174508493621
279,p4,1562.0,3293.6387962965173
279,p4,1563.0,3941.344519554197
279,p4,1564.0,4242.754905436246
279,p4,1565.0,4461.724238725884
279,p4,1566.0,4841.095327632812
279,p4,1567.0,5558.477438135228
279,p4,1568.0,6982.031200489391
279,p4,1569.0,9044.72702888499
279,p4,1570.0,11156.426236717289
279,p4,1571.0,13285.214497352836
279,p4,1572.0,15359.703438286999
279,p4,1573.0,16817.472092880715
279,p4,1574.0,17572.768899323113
279,p4,1575.0,17964.937756445535
279,p4,1576.0,18031.199315128826
279,p4,1577.0,18047.368444290805
279,p4,1578.0,18331.66082890064
279,p4,1579.0,18661.160136959305
279,p4,1580.0,18677.374511643422
279,p4,1581.0,19654.410841481935
279,p4,1582.0,19337.041773031153
279,p4,1583.0,18043.75740744228
279,p4,1584.0,16009.217222063653
279,p4,1585.0,13500.616482713027
279,p4,1586.0,10559.438902960632
279,p4,1587.0,7945.410569176699
279,p4,1588.0,5861.530699709059
279,p4,1589.0,4523.832124197904
279,p4,1590.0,4182.6849400655665
279,p4,1591.0,5049.472968904807
279,p4,1592.0,4844.906876444719
279,p4,1593.0,4565.40779743587
279,p4,1594.0,4211.917394592781
279,p4,1595.0,3805.3831352708403
279,p4,1596.0,3380.0036846953335
279,p4,1597.0,3503.65643125321
279,p4,1598.0,3693.977965227423
279,p4,1599.0,3676.7904318206565
279,p4,1600.0,3714.1094574407816
279,p4,1601.0,4001.113276976467
279,p4,1602.0,4750.255385798383
279,p4,1603.0,6246.839512631363
279,p4,1604.0,8267.056309967944
279,p4,1605.0,10403.203010320147
279,p4,1606.0,12553.623165314344
279,p4,1607.0,14705.13980809441
279,p4,1608.0,16168.471821729738
279,p4,1609.0,16794.657601148723
279,p4,1610.0,17155.183907945873
279,p4,1611.0,17202.03310135512
279,p4,1612.0,16967.607742013057
279,p4,1613.0,16492.147593894388
279,p4,1614.0,15150.431831156948
279,p4,1615.0,12920.277854156026
279,p4,1616.0,10626.855336672372
279,p4,1617.0,8490.187657022663
279,p4,1618.0,6528.445682420276
279,p4,1619.0,5038.080972215429
279,p4,1620.0,4266.841651247477
279,p4,1621.0,3921.911307347679
279,p4,1622.0,3816.2245105244247
279,p4,1623.0,3669.6240654058847
279,p4,1624.0,3163.689329987834
279,p4,1625.0,2548.673664279183
279,p4,1626.0,2202.9235149568785
279,p4,1627.0,1904.2661811346961
279,p4,1628.0,1628.5098607474074
279,p4,1629.0,1378.753986567509
279,p4,1630.0,1154.3398724706421
279,p4,1631.0,952.7544941308806
279,p4,1632.0,777.966364167015
279,p4,1633.0,630.2830145184589
279,p4,1634.0,505.615271753637
279,p4,1635.0,398.96044382679247
279,p4,1636.0,307.68111204452816
279,p4,1637.0,231.0249697715899
279,p4,1638.0,165.76419517605154
279,p4,1639.0,110.51467760827472
279,p4,1640.0,69.39695759138158
279,p4,1641.0,39.96808806050922
279,p4,1642.0,22.86081890393507
279,p4,1643.0,16.54888716329242
279,p4,1644.0,8.092578230734034
279,p4,1645.0,-5.767015577680468
279,p4,1646.0,-25.490106858385843
279,p4,1647.0,-45.986868812648936
279,p4,1648.0,-67.3434217339991
279,p4,1649.0,-88.18957631405283
279,p4,1650.0,-102.10756100149865
279,p4,1651.0,-108.7899296157475
279,p4,1652.0,-105.13888570323616
279,p4,1653.0,-94.06686807071401
279,p4,1654.0,-87.69442418748258
279,p4,1655.0,-91.0144179326262
279,p4,1656.0,-100.31365516466485
279,p4,1657.0,-109.08427002103144
279,p4,1658.0,-126.24251116907635
279,p4,1659.0,-150.9428877666587
279,p4,1660.0,-171.7144819908617
279,p4,1661.0,-187.3589749591738
279,p4,1662.0,-194.97160806741704
279,p4,1663.0,-197.7898694973601
279,p4,1664.0,-203.30591541522972
279,p4,1665.0,-205.4399395206492
279,p4,1666.0,-195.5120360646024
279,p4,1667.0,-178.70031377325085
279,p4,1668.0,-168.88419515544592
279,p4,1669.0,-165.5940333022163
279,p4,1670.0,-158.40283101241312
279,p4,1671.0,-147.59721549848564
279,p4,1672.0,-136.6475224456126
279,p4,1673.0,-132.1071207576506
279,p4,1674.0,-130.68872070812813
279,p4,1675.0,-122.51341160803895
279,p4,1676.0,-106.84084575477391
279,p4,1677.0,-92.54486147891384
279,p4,1678.0,-87.72132288129433
279,p4,1679.0,-88.1627379048432
279,p4,1680.0,-87.465528760903
279,p4,1681.0,-83.14411891995042
279,p4,1682.0,-77.84773385784501
279,p4,1683.0,-75.65793204972852
279,p4,1684.0,-68.90865531985128
279,p4,1685.0,-53.52331937566214
279,p4,1686.0,-32.02936518731167
279,p4,1687.0,-12.147829701540104
279,p4,1688.0,2.6809404656733022
279,p4,1689.0,19.924809722668215
279,p4,1690.0,41.255640082126774
279,p4,1691.0,64.84722154293377
279,p4,1692.0,86.69283874181929
279,p4,1693.0,102.21430183784014
279,p4,1694.0,116.88910156289603
279,p4,1695.0,132.70292897085255
279,p4,1696.0,146.10135103929133
279,p4,1697.0,151.69638726794074
279,p4,1698.0,156.12599834742923
279,p4,1699.0,169.42059161975976
279,p4,1700.0,190.05659006164387
279,p4,1701.0,214.7372574547826
279,p4,1702.0,237.19533080288966
279,p4,1703.0,254.98749434625734
279,p4,1704.0,267.98334669165797
279,p4,1705.0,274.1936583537099
279,p4,1706.0,268.38101224867387
279,p4,1707.0,260.1734945391354
279,p4,1708.0,266.57312901642945
279,p4,1709.0,286.16542411088085
279,p4,1710.0,309.55933129845835
279,p4,1711.0,332.5588683771666
279,p4,1712.0,349.3275681175501
279,p4,1713.0,359.6403939329002
279,p4,1714.0,359.07971442649705
279,p4,1715.0,344.6786974422266
279,p4,1716.0,322.9917312964726
279,p4,1717.0,311.3873034612002
279,p4,1718.0,316.9231721229048
279,p4,1719.0,328.96460376999767
279,p4,1720.0,345.5511637797508
279,p4,1721.0,359.786268967438
279,p4,1722.0,367.90686027634774
279,p4,1723.0,372.6118509992393
279,p4,1724.0,371.4780979791949
279,p4,1725.0,370.14007640237924
279,p4,1726.0,371.1578336259872
279,p4,1727.0,373.9730345581188
279,p4,1728.0,385.89659251385274
279,p4,1729.0,403.7109985012994
279,p4,1730.0,424.73125781807676
279,p4,1731.0,441.3507312541169
279,p4,1732.0,453.0162284986777
279,p4,1733.0,461.89349047737596
279,p4,1734.0,466.7302262383978
279,p4,1735.0,474.33391405839257
279,p4,1736.0,481.8569911893528
279,p4,1737.0,489.06512754921823
279,p4,1738.0,501.78623150534486
279,p4,1739.0,523.288966342705
279,p4,1740.0,544.9696721774849
279,p4,1741.0,559.9182397115164
279,p4,1742.0,573.54931767786
279,p4,1743.0,584.8353241044279
279,p4,1744.0,591.9162918167181
279,p4,1745.0,601.6704479347
279,p4,1746.0,616.3729222120596
279,p4,1747.0,629.8189614204507
279,p4,1748.0,641.488415945988
279,p4,1749.0,662.7974083177191
279,p4,1750.0,685.5543770365575
279,p4,1751.0,707.1371262843645
279,p4,1752.0,732.8746250929289
279,p4,1753.0,758.3947763661149
279,p4,1754.0,780.8781446124767
279,p4,1755.0,801.6215762452343
279,p4,1756.0,819.3297581145912
279,p4,1757.0,830.0771474479352
279,p4,1758.0,842.9679054120088
279,p4,1759.0,862.4382566635145
279,p4,1760.0,880.3364982352605
279,p4,1761.0,894.0028410282002
279,p4,1762.0,906.5169180388175
279,p4,1763.0,930.2898610863131
279,p4,1764.0,961.1919765694088
279,p4,1765.0,993.9364628295239
279,p4,1766.0,1026.0663646577805
279,p4,1767.0,1058.4687603082011
279,p4,1768.0,1094.6381030234393
279,p4,1769.0,1124.4931746321631
279,p4,1770.0,1144.8627971050637
279,p4,1771.0,1158.5954320596452
279,p4,1772.0,1172.4843873902842
279,p4,1773.0,1194.5296264792655
279,p4,1774.0,1215.5925144795533
279,p4,1775.0,1237.4168995494906
279,p4,1776.0,1256.6975598054619
279,p4,1777.0,1269.6520039149636
279,p4,1778.0,1284.1873355455741
279,p4,1779.0,1301.7235952850297
279,p4,1780.0,1327.3821432405666
279,p4,1781.0,1357.027585362639
279,p4,1782.0,1378.585681423623
279,p4,1783.0,1395.579999994558
279,p4,1784.0,1412.5846571018192
279,p4,1785.0,1431.074123170149
279,p4,1786.0,1445.3236845673214
279,p4,1787.0,1457.5871405804296
279,p4,1788.0,1471.803861775425
279,p4,1789.0,1486.2556601812926
279,p4,1790.0,1505.173344770962
279,p4,1791.0,1521.8850250394567
279,p4,1792.0,1535.1611204788733
279,p4,1793.0,1551.3370976065326
279,p4,1794.0,1565.1781302296167
279,p4,1795.0,1577.3995668026519
279,p4,1796.0,1594.5274107805408
279,p4,1797.0,1610.462019026414
279,p4,1798.0,1623.8514902988845
279,p4,1799.0,1633.343907251954
279,p4,1800.0,1637.5873363011065
279,p5,400.0,1.2112353828431415
279,p5,401.0,1.1023103630585704
279,p5,402.0,0.9933853432739996
279,p5,403.0,0.8844603234894287
279,p5,404.0,0.7755353037048578
279,p5,405.0,0.6666102839202757
279,p5,406.0,0.4931560239311344
279,p5,407.0,0.24953204852611072
279,p5,408.0,-0.07808471749681473
279,p5,409.0,-0.47373961849236296
279,p5,410.0,-0.912412623151129
279,p5,411.0,-1.3604514981616311
279,p5,412.0,-1.7648082602220334
279,p5,413.0,-2.090132655088542
279,p5,414.0,-2.3074011273122315
279,p5,415.0,-2.37000654917441
279,p5,416.0,-2.271977683001254
279,p5,417.0,-1.9690265263199271
279,p5,418.0,-1.488373725054002
279,p5,419.0,-0.8452044650048258
279,p5,420.0,-0.0998058360751797
279,p5,421.0,0.665447350411498
279,p5,422.0,1.3659494767426508
279,p5,423.0,1.9263777567957503
279,p5,424.0,2.256376441665884
279,p5,425.0,2.341352379911445
279,p5,426.0,2.130260727632004
279,p5,427.0,1.6529382428010713
279,p5,428.0,0.9382432544031171
279,p5,429.0,0.07074002506681688
279,p5,430.0,-0.8528206246873349
279,p5,431.0,-1.7649548141061717
279,p5,432.0,-2.5220852798729076
279,p5,433.0,-2.984614879311258
279,p5,434.0,-3.107302351738829
279,p5,435.0,-2.8438551264451264
279,p5,436.0,-2.2863800665988028
279,p5,437.0,-1.536616576646749
279,p5,438.0,-0.7093010916976082
279,p5,439.0,0.06748720825348524
279,p5,440.0,0.6826516975372334
279,p5,441.0,1.0377632951407612
279,p5,442.0,1.226014722667812
279,p5,443.0,1.29654159404836
279,p5,444.0,1.2767306304536155
279,p5,445.0,1.2192381129105234
279,p5,446.0,1.1275916994048107
279,p5,447.0,1.0176345155493214
279,p5,448.0,0.9094509493768733
279,p5,449.0,0.7863607019975416
279,p5,450.0,0.6392111544869459
279,p5,451.0,0.46652625931678066
279,p5,452.0,0.32649050532775337
279,p5,453.0,0.2081555948503022
279,p5,454.0,0.10858929297765414
279,p5,455.0,0.029869317267906422
279,p5,456.0,-0.030593349287728534
279,p5,457.0,-0.0701368282503122
279,p5,458.0,-0.08524711600286485
279,p5,459.0,-0.09176264825204114
279,p5,460.0,-0.09628785132358368
279,p5,461.0,-0.09769918962000784
279,p5,462.0,-0.08566395098174959
279,p5,463.0,-0.06105817919081067
279,p5,464.0,-0.03131170568283722
279,p5,465.0,2.571359702320342e-05
279,p5,466.0,0.02947947011341961
279,p5,467.0,0.056592843064294726
279,p5,468.0,0.07634157816267267
279,p5,469.0,0.08189395149661989
279,p5,470.0,0.08382156829177376
279,p5,471.0,0.09749059441417451
279,p5,472.0,0.12372711366914854
279,p5,473.0,0.14926667050243217
279,p5,474.0,0.15701713980227752
279,p5,475.0,0.14386271251598381
279,p5,476.0,0.10278656151870058
279,p5,477.0,0.033029078324520414
279,p5,478.0,-0.062208636629933034
279,p5,479.0,-0.17077102334939698
279,p5,480.0,-0.2701015588603025
279,p5,481.0,-0.3396995524005027
279,p5,482.0,-0.3726203295440364
279,p5,483.0,-0.36129644247769943
279,p5,484.0,-0.3082460422713597
279,p5,485.0,-0.2085663548961055
279,p5,486.0,-0.07514017919436043
279,p5,487.0,0.07701502838594063
279,p5,488.0,0.22613849376311174
279,p5,489.0,0.3499824185002046
279,p5,490.0,0.4422239603927235
279,p5,491.0,0.5062851813493077
279,p5,492.0,0.5446808300255147
279,p5,493.0,0.5654681669670634
279,p5,494.0,0.5695899529180803
279,p5,495.0,0.5717172957986068
279,p5,496.0,0.5724736490450504
279,p5,497.0,0.56677987846388
279,p5,498.0,0.5404885161186191
279,p5,499.0,0.48076866837241017
279,p5,500.0,0.3963690280680477
279,p5,501.0,0.2891000516205862
279,p5,502.0,0.15726596940366874
279,p5,503.0,0.004648119828083897
279,p5,504.0,-0.15216166195274014
279,p5,505.0,-0.2883654791799193
279,p5,506.0,-0.38859570983008496
279,p5,507.0,-0.44212857197194083
279,p5,508.0,-0.4486669826672574
279,p5,509.0,-0.4156068376961239
279,p5,510.0,-0.35180042522072275
279,p5,511.0,-0.2812242474619789
279,p5,512.0,-0.22770858956916853
279,p5,513.0,-0.19871338996684515
279,p5,514.0,-0.19499226044346016
279,p5,515.0,-0.2212066297378604
279,p5,516.0,-0.27873698711193057
279,p5,517.0,-0.3661813807612161
279,p5,518.0,-0.4780087946719196
279,p5,519.0,-0.6031281805762876
279,p5,520.0,-0.7214555806109371
279,p5,521.0,-0.8145708178898323
279,p5,522.0,-0.878191917835751
279,p5,523.0,-0.8913928406954934
279,p5,524.0,-0.8469097151290551
279,p5,525.0,-0.7454039089813448
279,p5,526.0,-0.594185431154942
279,p5,527.0,-0.4123834516040725
279,p5,528.0,-0.20867058206337413
279,p5,529.0,0.009189210042463335
279,p5,530.0,0.2311899864218485
279,p5,531.0,0.42119233587373744
279,p5,532.0,0.5439301356554509
279,p5,533.0,0.6056958068908009
279,p5,534.0,0.6179909874400774
279,p5,535.0,0.5939224762823595
279,p5,536.0,0.5426855531349735
279,p5,537.0,0.4767367999088668
279,p5,538.0,0.4213907875478866
279,p5,539.0,0.3932623779059722
279,p5,540.0,0.38967023292001773
279,p5,541.0,0.39054557846433313
279,p5,542.0,0.3981469591890493
279,p5,543.0,0.420346760646302
279,p5,544.0,0.44973981089414217
279,p5,545.0,0.4665517810219787
279,p5,546.0,0.4457128214927815
279,p5,547.0,0.3751666558040345
279,p5,548.0,0.25206107925988036
279,p5,549.0,0.09202339187254098
279,p5,550.0,-0.09132235081890214
279,p5,551.0,-0.27037068070815146
279,p5,552.0,-0.41009086405141615
279,p5,553.0,-0.49998164466686645
279,p5,554.0,-0.5379604170415564
279,p5,555.0,-0.5244400472995474
279,p5,556.0,-0.46906750345051573
279,p5,557.0,-0.3744234489903217
279,p5,558.0,-0.247672952307384
279,p5,559.0,-0.08363775634535826
279,p5,560.0,0.10624949936603839
279,p5,561.0,0.30557583497971774
279,p5,562.0,0.4906155905190395
279,p5,563.0,0.6193676720054562
279,p5,564.0,0.6646649598882518
279,p5,565.0,0.6166105307612363
279,p5,566.0,0.4633203117867958
279,p5,567.0,0.21290026378244095
279,p5,568.0,-0.10814038252207728
279,p5,569.0,-0.4466519801202777
279,p5,570.0,-0.7420124522820865
279,p5,571.0,-0.9432053275841259
279,p5,572.0,-1.0065313451742623
279,p5,573.0,-0.9246896585967029
279,p5,574.0,-0.7111901828945965
279,p5,575.0,-0.40921266898301567
279,p5,576.0,-0.09546470568582077
279,p5,577.0,0.16637516336574956
279,p5,578.0,0.339071250416332
279,p5,579.0,0.4097945826714085
279,p5,580.0,0.3947615614045981
279,p5,581.0,0.32099407129779484
279,p5,582.0,0.2310871141771794
279,p5,583.0,0.1548612087842341
279,p5,584.0,0.10881179242803485
279,p5,585.0,0.09079112170830157
279,p5,586.0,0.08716069495121709
279,p5,587.0,0.09090077506189204
279,p5,588.0,0.09621692656783984
279,p5,589.0,0.09439191227597608
279,p5,590.0,0.08450219857214344
279,p5,591.0,0.07075619056150527
279,p5,592.0,0.06175259181135465
279,p5,593.0,0.06008410634836032
279,p5,594.0,0.06370958760072652
279,p5,595.0,0.06820859564155088
279,p5,596.0,0.07090714077978606
279,p5,597.0,0.07537560492527996
279,p5,598.0,0.08784329680749738
279,p5,599.0,0.10513797714579037
279,p5,600.0,0.12096316447630552
279,p5,601.0,0.13052079376273534
279,p5,602.0,0.1294027439781296
279,p5,603.0,0.11139132468639039
279,p5,604.0,0.07179813616155102
279,p5,605.0,0.011242474568813037
279,p5,606.0,-0.059227866387948254
279,p5,607.0,-0.11668601585142678
279,p5,608.0,-0.13844034615018488
279,p5,609.0,-0.11954567897824929
279,p5,610.0,-0.06719890059718556
279,p5,611.0,0.0035436766508797402
279,p5,612.0,0.07727917863821893
279,p5,613.0,0.13802943674187998
279,p5,614.0,0.16751791863252985
279,p5,615.0,0.15705403867339762
279,p5,616.0,0.10770564938983487
279,p5,617.0,0.03143277548140664
279,p5,618.0,-0.052299885840993786
279,p5,619.0,-0.12976421458379203
279,p5,620.0,-0.19696053129490043
279,p5,621.0,-0.24629892622715144
279,p5,622.0,-0.26465583545082055
279,p5,623.0,-0.24146251303169552
279,p5,624.0,-0.18251039314722645
279,p5,625.0,-0.09766234978501127
279,p5,626.0,-0.004332049382788296
279,p5,627.0,0.0800977548879645
279,p5,628.0,0.14325309262672825
279,p5,629.0,0.17448948319589894
279,p5,630.0,0.16819315232101648
279,p5,631.0,0.1353407264671064
279,p5,632.0,0.09264141282003127
279,p5,633.0,0.05677723391499582
279,p5,634.0,0.035482775797828756
279,p5,635.0,0.03065431085388178
279,p5,636.0,0.03763755845716614
279,p5,637.0,0.047721486406679475
279,p5,638.0,0.05507084057871845
279,p5,639.0,0.05740260183576634
279,p5,640.0,0.05779098429974156
279,p5,641.0,0.0647371957063974
279,p5,642.0,0.08423159100476232
279,p5,643.0,0.11568493642860173
279,p5,644.0,0.15191178011752982
279,p5,645.0,0.18203610053395947
279,p5,646.0,0.20085483451264383
279,p5,647.0,0.19493670636469265
279,p5,648.0,0.15660403878397727
279,p5,649.0,0.0852032477655087
279,p5,650.0,-0.005780025426278274
279,p5,651.0,-0.09695804743109883
279,p5,652.0,-0.1758338992669706
279,p5,653.0,-0.24011081834940645
279,p5,654.0,-0.2885210326258011
279,p5,655.0,-0.31712727394280443
279,p5,656.0,-0.3198750290180883
279,p5,657.0,-0.3124458460653953
279,p5,658.0,-0.2984885985620452
279,p5,659.0,-0.2740931790969648
279,p5,660.0,-0.22794106693484406
279,p5,661.0,-0.15894245799990664
279,p5,662.0,-0.0734932297720365
279,p5,663.0,0.02053818478996671
279,p5,664.0,0.1133541959553684
279,p5,665.0,0.1929312421724364
279,p5,666.0,0.24571333161758513
279,p5,667.0,0.255622582858412
279,p5,668.0,0.23009181567936546
279,p5,669.0,0.17962152375001014
279,p5,670.0,0.11564671834420634
279,p5,671.0,0.047488750490452154
279,p5,672.0,-0.009734151546564346
279,p5,673.0,-0.04140072654216188
279,p5,674.0,-0.04508904799268445
279,p5,675.0,-0.028081459686508128
279,p5,676.0,-0.0004038153093775044
279,p5,677.0,0.03022844650422369
279,p5,678.0,0.05910981195715511
279,p5,679.0,0.07730853567595314
279,p5,680.0,0.08432717485727279
279,p5,681.0,0.0895592464100479
279,p5,682.0,0.10190309304959057
279,p5,683.0,0.1254469270023628
279,p5,684.0,0.1577479827093853
279,p5,685.0,0.1936427739531187
279,p5,686.0,0.22162630039503164
279,p5,687.0,0.230377453222882
279,p5,688.0,0.20915214565052048
279,p5,689.0,0.15649386701158977
279,p5,690.0,0.08488656514834694
279,p5,691.0,0.0045132993199137285
279,p5,692.0,-0.08141487681211469
279,p5,693.0,-0.16439371951484985
279,p5,694.0,-0.23092579883046338
279,p5,695.0,-0.2641700517766203
279,p5,696.0,-0.25843077875435005
279,p5,697.0,-0.21442234771652524
279,p5,698.0,-0.13399959408576237
279,p5,699.0,-0.030166812674119504
279,p5,700.0,0.07110160910843026
279,p5,701.0,0.13361180218212623
279,p5,702.0,0.13284175022077555
279,p5,703.0,0.06694436904985916
279,p5,704.0,-0.05199889320660554
279,p5,705.0,-0.19214253473395332
279,p5,706.0,-0.3130497552392711
279,p5,707.0,-0.3803665156275399
279,p5,708.0,-0.3554590515069383
279,p5,709.0,-0.23545004716604293
279,p5,710.0,-0.038193832286432416
279,p5,711.0,0.20881234652651173
279,p5,712.0,0.4634498426060377
279,p5,713.0,0.6799625113734312
279,p5,714.0,0.8061467297980646
279,p5,715.0,0.8080201828944377
279,p5,716.0,0.6836824627767049
279,p5,717.0,0.45838798686670007
279,p5,718.0,0.19381628829541056
279,p5,719.0,-0.056662736769527586
279,p5,720.0,-0.2395427684079856
279,p5,721.0,-0.33841900370932554
279,p5,722.0,-0.3749385505004953
279,p5,723.0,-0.40103994013925115
279,p5,724.0,-0.49680756502689394
279,p5,725.0,-0.69602454550331
279,p5,726.0,-0.9816220791384392
279,p5,727.0,-1.273627859105287
279,p5,728.0,-1.4699511895456667
279,p5,729.0,-1.475906862977224
279,p5,730.0,-1.2374270364962063
279,p5,731.0,-0.781411001457708
279,p5,732.0,-0.17785060469431305
279,p5,733.0,0.44303809210641454
279,p5,734.0,0.9564179203283586
279,p5,735.0,1.3113444211932481
279,p5,736.0,1.4860679215380241
279,p5,737.0,1.5324313072330316
279,p5,738.0,1.4725343072136994
279,p5,739.0,1.3421219750164521
279,p5,740.0,1.1305458079452415
279,p5,741.0,0.8033906602214868
279,p5,742.0,0.3573535154125465
279,p5,743.0,-0.1915529009769579
279,p5,744.0,-0.758163361549735
279,p5,745.0,-1.2179392164816523
279,p5,746.0,-1.4651772211801897
279,p5,747.0,-1.4247313359451999
279,p5,748.0,-1.142847520517594
279,p5,749.0,-0.6864615073921911
279,p5,750.0,-0.20511617372330804
279,p5,751.0,0.167646403149134
279,p5,752.0,0.36580405698924434
279,p5,753.0,0.3837213037505551
279,p5,754.0,0.28855363952010027
279,p5,755.0,0.17261324026000943
279,p5,756.0,0.09990191682192508
279,p5,757.0,0.09881677527500142
279,p5,758.0,0.15968169127173681
279,p5,759.0,0.2677010327658362
279,p5,760.0,0.3697008355656976
279,p5,761.0,0.4322428160431549
279,p5,762.0,0.4459941677280708
279,p5,763.0,0.4228138291941542
279,p5,764.0,0.37966878728064724
279,p5,765.0,0.3200506531465085
279,p5,766.0,0.23454005425526298
279,p5,767.0,0.13423568140343956
279,p5,768.0,0.03967936862121566
279,p5,769.0,-0.03624273365722452
279,p5,770.0,-0.08317263171246198
279,p5,771.0,-0.09674470435724727
279,p5,772.0,-0.06611526129823363
279,p5,773.0,0.014655151864769674
279,p5,774.0,0.12551902026965597
279,p5,775.0,0.24062053726656346
279,p5,776.0,0.33855044539309287
279,p5,777.0,0.4054051951174449
279,p5,778.0,0.4300303274595223
279,p5,779.0,0.4037526680567973
279,p5,780.0,0.3331404848123972
279,p5,781.0,0.22962683507409845
279,p5,782.0,0.12644505339842765
279,p5,783.0,0.04174884085587433
279,p5,784.0,-0.022605768320701984
279,p5,785.0,-0.0728457983860835
279,p5,786.0,-0.1124772159507999
279,p5,787.0,-0.16391085789588683
279,p5,788.0,-0.2416670633595879
279,p5,789.0,-0.3581854446204474
279,p5,790.0,-0.5088855751545519
279,p5,791.0,-0.6778121276725307
279,p5,792.0,-0.834651726946865
279,p5,793.0,-0.9636770967752178
279,p5,794.0,-1.0503032645914048
279,p5,795.0,-1.0815099742774223
279,p5,796.0,-1.0399195325967283
279,p5,797.0,-0.9426493813642874
279,p5,798.0,-0.7918029533363031
279,p5,799.0,-0.6030464034023868
279,p5,800.0,-0.3882364265309361
279,p5,801.0,-0.16810322318718965
279,p5,802.0,0.042940189795646164
279,p5,803.0,0.22395771888631283
279,p5,804.0,0.36504674722413233
279,p5,805.0,0.46604269138715015
279,p5,806.0,0.532998638298263
279,p5,807.0,0.5628176292286055
279,p5,808.0,0.5749692776445968
279,p5,809.0,0.5770523918322479
279,p5,810.0,0.5728062286028123
279,p5,811.0,0.5563770288090338
279,p5,812.0,0.532222692521735
279,p5,813.0,0.49736446783646726
279,p5,814.0,0.4564956649807234
279,p5,815.0,0.4078796500790098
279,p5,816.0,0.3483919261842964
279,p5,817.0,0.2758083482538311
279,p5,818.0,0.2021935790812093
279,p5,819.0,0.1326514315075121
279,p5,820.0,0.06864462315246218
279,p5,821.0,0.012597694752372322
279,p5,822.0,-0.02133430072077403
279,p5,823.0,-0.03499584478268199
279,p5,824.0,-0.040300962908710825
279,p5,825.0,-0.0594409509363384
279,p5,826.0,-0.10204995659686493
279,p5,827.0,-0.16924135968158818
279,p5,828.0,-0.25237271460958866
279,p5,829.0,-0.34112301302309256
279,p5,830.0,-0.419174668816664
279,p5,831.0,-0.4647020722128965
279,p5,832.0,-0.45694996052099757
279,p5,833.0,-0.4063350520130719
279,p5,834.0,-0.3274866319047273
279,p5,835.0,-0.2325481648842309
279,p5,836.0,-0.12507416964959148
279,p5,837.0,-0.01734238393281265
279,p5,838.0,0.07663474512678141
279,p5,839.0,0.1485670098614924
279,p5,840.0,0.19453530801649327
279,p5,841.0,0.21440873736694785
279,p5,842.0,0.21061819475904237
279,p5,843.0,0.18403010458710758
279,p5,844.0,0.14453970409514638
279,p5,845.0,0.10730250290371417
279,p5,846.0,0.08275081255407721
279,p5,847.0,0.06537342515879625
279,p5,848.0,0.04976843874145972
279,p5,849.0,0.0323043955247967
279,p5,850.0,0.009878472482888605
279,p5,851.0,-0.016324658077276767
279,p5,852.0,-0.03572965606941033
279,p5,853.0,-0.03814744259138283
279,p5,854.0,-0.02052109945439283
279,p5,855.0,0.018878132565272095
279,p5,856.0,0.06658631873955831
279,p5,857.0,0.1039299478203394
279,p5,858.0,0.12354301077094196
279,p5,859.0,0.11974512216164813
279,p5,860.0,0.09160988530506235
279,p5,861.0,0.0486589960912067
279,p5,862.0,0.007299068887518208
279,p5,863.0,-0.02289313258053116
279,p5,864.0,-0.038635799158010464
279,p5,865.0,-0.03749136793056348
279,p5,866.0,-0.024494960407672725
279,p5,867.0,-0.004281511486312446
279,p5,868.0,0.018433966629423825
279,p5,869.0,0.034666327108171004
279,p5,870.0,0.04215020642256224
279,p5,871.0,0.047461003553911
279,p5,872.0,0.05301018954311043
279,p5,873.0,0.05571325994053816
279,p5,874.0,0.05563731313363983
279,p5,875.0,0.05812375755334907
279,p5,876.0,0.06386729814783648
279,p5,877.0,0.07053901402256442
279,p5,878.0,0.07509701156899282
279,p5,879.0,0.07916966549627859
279,p5,880.0,0.08593918427118541
279,p5,881.0,0.09640967266509379
279,p5,882.0,0.10889689395458159
279,p5,883.0,0.1252836861681703
279,p5,884.0,0.14884604124351175
279,p5,885.0,0.17838197467441422
279,p5,886.0,0.20894206217928268
279,p5,887.0,0.23785746453312062
279,p5,888.0,0.2632704802423558
279,p5,889.0,0.28513912471600833
279,p5,890.0,0.29232817014460655
279,p5,891.0,0.2784941436576793
279,p5,892.0,0.23891548897127457
279,p5,893.0,0.16724457131959214
279,p5,894.0,0.06406886656467593
279,p5,895.0,-0.0690645649795765
279,p5,896.0,-0.2052478246981679
279,p5,897.0,-0.31384047591036995
279,p5,898.0,-0.3565555028505249
279,p5,899.0,-0.2975414541067556
279,p5,900.0,-0.13526885416153314
279,p5,901.0,0.12617671025185528
279,p5,902.0,0.4286388247872453
279,p5,903.0,0.6899662956561736
279,p5,904.0,0.8262350101027908
279,p5,905.0,0.7538219300827482
279,p5,906.0,0.4500694149728115
279,p5,907.0,-0.07220144145129657
279,p5,908.0,-0.7263613728156442
279,p5,909.0,-1.3789019008797003
279,p5,910.0,-1.8957081998998404
279,p5,911.0,-2.143764340391211
279,p5,912.0,-2.0830506169173164
279,p5,913.0,-1.7226264658736892
279,p5,914.0,-1.143882472533715
279,p5,915.0,-0.4718026767894608
279,p5,916.0,0.1745889467064791
279,p5,917.0,0.69100505440619
279,p5,918.0,1.0334098817269486
279,p5,919.0,1.2061478182099945
279,p5,920.0,1.2340617388692425
279,p5,921.0,1.1712884591024078
279,p5,922.0,1.0608847775222163
279,p5,923.0,0.9401327776003525
279,p5,924.0,0.8167464323939794
279,p5,925.0,0.6865977845225579
279,p5,926.0,0.5438145988125489
279,p5,927.0,0.37733006702643773
279,p5,928.0,0.17676208429610188
279,p5,929.0,-0.06295165109012553
279,p5,930.0,-0.34102820590855004
279,p5,931.0,-0.6210488891524525
279,p5,932.0,-0.860394855694873
279,p5,933.0,-1.03188917885734
279,p5,934.0,-1.1028849651316546
279,p5,935.0,-1.0564856737122776
279,p5,936.0,-0.8861968262158351
279,p5,937.0,-0.6282467797682348
279,p5,938.0,-0.33448807867246816
279,p5,939.0,-0.05672584314283341
279,p5,940.0,0.1700774014580095
279,p5,941.0,0.3337120580845827
279,p5,942.0,0.4264688481586739
279,p5,943.0,0.45666456216874785
279,p5,944.0,0.4514732821176471
279,p5,945.0,0.4281778372125236
279,p5,946.0,0.4010664797175745
279,p5,947.0,0.36674058237778295
279,p5,948.0,0.32216138265359473
279,p5,949.0,0.2666275513771569
279,p5,950.0,0.20725405541419856
279,p5,951.0,0.1470289919940901
279,p5,952.0,0.09113120468331962
279,p5,953.0,0.05089568435380292
279,p5,954.0,0.02728536722668759
279,p5,955.0,0.013828740284129141
279,p5,956.0,0.009988971282728272
279,p5,957.0,0.014781522003883718
279,p5,958.0,0.021603924124781532
279,p5,959.0,0.027875339685291333
279,p5,960.0,0.03189592387996832
279,p5,961.0,0.02933316426660213
279,p5,962.0,0.024553788377664438
279,p5,963.0,0.02259462440942763
279,p5,964.0,0.018325746698927017
279,p5,965.0,0.008595406587288239
279,p5,966.0,-0.0018283295395018946
279,p5,967.0,-0.012725828956475834
279,p5,968.0,-0.026375199001279482
279,p5,969.0,-0.041294469397927636
279,p5,970.0,-0.05628742786656461
279,p5,971.0,-0.06774326741320501
279,p5,972.0,-0.06835058644522153
279,p5,973.0,-0.05478045741771711
279,p5,974.0,-0.03428701230147171
279,p5,975.0,-0.014308766121119202
279,p5,976.0,-0.0016596736440120424
279,p5,977.0,-0.003284634650600321
279,p5,978.0,-0.01960808941842067
279,p5,979.0,-0.047072914404355695
279,p5,980.0,-0.08053281731023827
279,p5,981.0,-0.11142538067641788
279,p5,982.0,-0.13071337186301937
279,p5,983.0,-0.13126284175494535
279,p5,984.0,-0.1134475521350729
279,p5,985.0,-0.07578585198661382
279,p5,986.0,-0.017980630642406258
279,p5,987.0,0.04790474864675358
279,p5,988.0,0.10458447182061162
279,p5,989.0,0.13203151473731098
279,p5,990.0,0.11573380267871894
279,p5,991.0,0.056475172153778834
279,p5,992.0,-0.035257912405343844
279,p5,993.0,-0.13001035515599307
279,p5,994.0,-0.19231848594113657
279,p5,995.0,-0.18040336105494845
279,p5,996.0,-0.0750665320478164
279,p5,997.0,0.10040968463706168
279,p5,998.0,0.3125423375890403
279,p5,999.0,0.5017354605156401
279,p5,1000.0,0.6146604061423658
279,p5,1001.0,0.606962065805365
279,p5,1002.0,0.4508420453944517
279,p5,1003.0,0.17301066906290605
279,p5,1004.0,-0.1747380519784911
279,p5,1005.0,-0.5128909397160891
279,p5,1006.0,-0.7729987922479927
279,p5,1007.0,-0.9024312329490759
279,p5,1008.0,-0.8651771534348969
279,p5,1009.0,-0.6841400634074637
279,p5,1010.0,-0.4024525348839519
279,p5,1011.0,-0.09416352207528904
279,p5,1012.0,0.17728100679863856
279,p5,1013.0,0.38230257230443615
279,p5,1014.0,0.5008761831712738
279,p5,1015.0,0.538985133709763
279,p5,1016.0,0.5070438638577252
279,p5,1017.0,0.43304361322005525
279,p5,1018.0,0.33675327408392974
279,p5,1019.0,0.22886670398019177
279,p5,1020.0,0.12547742160159983
279,p5,1021.0,0.04021784414343736
279,p5,1022.0,-0.013117599169557626
279,p5,1023.0,-0.031757000376581926
279,p5,1024.0,-0.024282933803164063
279,p5,1025.0,-0.003296480301646597
279,p5,1026.0,0.016542654349690454
279,p5,1027.0,0.028826766541778296
279,p5,1028.0,0.02256449138951874
279,p5,1029.0,0.007685721602451088
279,p5,1030.0,0.005174475799089709
279,p5,1031.0,0.024269653691394874
279,p5,1032.0,0.056591061344678416
279,p5,1033.0,0.0915777503558889
279,p5,1034.0,0.12024626590950234
279,p5,1035.0,0.13754109303586612
279,p5,1036.0,0.14019350471675562
279,p5,1037.0,0.12792678345859357
279,p5,1038.0,0.10605315758846279
279,p5,1039.0,0.09690641572295236
279,p5,1040.0,0.11598464899396045
279,p5,1041.0,0.15727322003995742
279,p5,1042.0,0.20596389514814312
279,p5,1043.0,0.2561298365758387
279,p5,1044.0,0.3059993096995043
279,p5,1045.0,0.35673891650575057
279,p5,1046.0,0.4027371180226574
279,p5,1047.0,0.44701821339575576
279,p5,1048.0,0.5848639330785912
279,p5,1049.0,0.6857238437931625
279,p5,1050.0,0.5747888848315225
279,p5,1051.0,0.29405754085672925
279,p5,1052.0,-0.0013164676136363659
279,p5,1053.0,-0.11583628959313395
279,p5,1054.0,0.20164064716163455
279,p5,1055.0,1.0079254658459758
279,p5,1056.0,1.9842086793642681
279,p5,1057.0,2.8687176630207096
279,p5,1058.0,3.4401612109693156
279,p5,1059.0,3.1534582002991116
279,p5,1060.0,1.884753767848711
279,p5,1061.0,0.0631023986542975
279,p5,1062.0,-1.7968526550054809
279,p5,1063.0,-3.180289474331537
279,p5,1064.0,-3.7568347856393083
279,p5,1065.0,-3.554374639734557
279,p5,1066.0,-3.0173316671744326
279,p5,1067.0,-2.115670818668824
279,p5,1068.0,-1.1778350164243834
279,p5,1069.0,-0.7130600434763611
279,p5,1070.0,-1.0339343502683591
279,p5,1071.0,-1.9697823477700804
279,p5,1072.0,-3.286064259455858
279,p5,1073.0,-4.442360018452951
279,p5,1074.0,-5.107519246016458
279,p5,1075.0,-4.885682603566066
279,p5,1076.0,-3.6807396815467297
279,p5,1077.0,-1.3439631089691728
279,p5,1078.0,1.364444028135669
279,p5,1079.0,3.6078680176617137
279,p5,1080.0,4.619225264884597
279,p5,1081.0,4.439462649773775
279,p5,1082.0,3.3004328970944776
279,p5,1083.0,1.900888847318519
279,p5,1084.0,0.591095216249538
279,p5,1085.0,-0.21070224124490342
279,p5,1086.0,-0.3935590584560946
279,p5,1087.0,-0.0359164999953646
279,p5,1088.0,0.4410117443981304
279,p5,1089.0,0.7540805378784426
279,p5,1090.0,0.7590683956132254
279,p5,1091.0,0.6325861990310688
279,p5,1092.0,0.47225792156261087
279,p5,1093.0,0.42925255513014055
279,p5,1094.0,0.39792593207922483
279,p5,1095.0,0.3664919418883996
279,p5,1096.0,0.32754753788703794
279,p5,1097.0,0.2798266009431387
279,p5,1098.0,0.2276428433623182
279,p5,1099.0,0.173635637036056
279,p5,1100.0,0.12563287703155943
279,p5,1101.0,0.09200790647834467
279,p5,1102.0,0.07872202618001839
279,p5,1103.0,0.08150121377282686
279,p5,1104.0,0.0870613035482683
279,p5,1105.0,0.08595858498082705
279,p5,1106.0,0.0783084584941771
279,p5,1107.0,0.06653611515611002
279,p5,1108.0,0.054847110673870075
279,p5,1109.0,0.04754070790512109
279,p5,1110.0,0.04509672020739304
279,p5,1111.0,0.04633838745298062
279,p5,1112.0,0.052429280125117314
279,p5,1113.0,0.05927256171026803
279,p5,1114.0,0.05699055455128229
279,p5,1115.0,0.04672226722921776
279,p5,1116.0,0.03827220199860667
279,p5,1117.0,0.04021649828253927
279,p5,1118.0,0.06055173415873168
279,p5,1119.0,0.09825608038650839
279,p5,1120.0,0.14295838960934748
279,p5,1121.0,0.18520729958176219
279,p5,1122.0,0.21647996688808538
279,p5,1123.0,0.2241706676641521
279,p5,1124.0,0.1984416579684579
279,p5,1125.0,0.1430166162633578
279,p5,1126.0,0.07144171380805296
279,p5,1127.0,-0.003850254323056147
279,p5,1128.0,-0.07430897421196149
279,p5,1129.0,-0.1384593254787493
279,p5,1130.0,-0.19443432399573152
279,p5,1131.0,-0.23852250079771156
279,p5,1132.0,-0.2691920443297064
279,p5,1133.0,-0.2855453568041637
279,p5,1134.0,-0.28674431780470855
279,p5,1135.0,-0.26697830272023104
279,p5,1136.0,-0.21848424219092774
279,p5,1137.0,-0.14359717430417615
279,p5,1138.0,-0.05538067991944153
279,p5,1139.0,0.04033819466785455
279,p5,1140.0,0.1405851114379162
279,p5,1141.0,0.2392957312006384
279,p5,1142.0,0.3255975639812346
279,p5,1143.0,0.3956895402198808
279,p5,1144.0,0.4431573197559981
279,p5,1145.0,0.4758446942127634
279,p5,1146.0,0.4956112618493344
279,p5,1147.0,0.5052097759683892
279,p5,1148.0,0.49745229721837037
279,p5,1149.0,0.49378327238838976
279,p5,1150.0,0.5098991364581261
279,p5,1151.0,0.557632209015161
279,p5,1152.0,0.6334994753619695
279,p5,1153.0,0.7299236587424592
279,p5,1154.0,0.8354509428750313
279,p5,1155.0,0.9335481883537872
279,p5,1156.0,1.0001412793160422
279,p5,1157.0,1.0034214619720048
279,p5,1158.0,0.9154568284811775
279,p5,1159.0,0.7251875798809173
279,p5,1160.0,0.4251929388648652
279,p5,1161.0,0.014654228288225251
279,p5,1162.0,-0.48915566279232336
279,p5,1163.0,-1.0468466885510745
279,p5,1164.0,-1.589081199171429
279,p5,1165.0,-2.0521415407814505
279,p5,1166.0,-2.3644658012318502
279,p5,1167.0,-2.499033805481509
279,p5,1168.0,-2.4347059159110565
279,p5,1169.0,-2.2086884377901375
279,p5,1170.0,-1.8648123676574362
279,p5,1171.0,-1.4786897219846433
279,p5,1172.0,-1.1070044157482657
279,p5,1173.0,-0.798882494480045
279,p5,1174.0,-0.5671365242921707
279,p5,1175.0,-0.40695895852207753
279,p5,1176.0,-0.2882041560442865
279,p5,1177.0,-0.1875976393312419
279,p5,1178.0,-0.07162584333079637
279,p5,1179.0,0.06338490535483618
279,p5,1180.0,0.22286116582761523
279,p5,1181.0,0.3821162418747501
279,p5,1182.0,0.5217463258167764
279,p5,1183.0,0.6161452191933714
279,p5,1184.0,0.65598472419575
279,p5,1185.0,0.6419613651620578
279,p5,1186.0,0.5870418649146703
279,p5,1187.0,0.5099678635522471
279,p5,1188.0,0.4338122265572573
279,p5,1189.0,0.3770057938989989
279,p5,1190.0,0.352426785292546
279,p5,1191.0,0.3584810801077072
279,p5,1192.0,0.39307147765584943
279,p5,1193.0,0.4455759725796268
279,p5,1194.0,0.5101751148343575
279,p5,1195.0,0.5719935160898092
279,p5,1196.0,0.6325967310801539
279,p5,1197.0,0.6928643877305002
279,p5,1198.0,0.7630926590503747
279,p5,1199.0,0.8453158554883868
279,p5,1200.0,0.9382592001180396
279,p5,1201.0,1.0343631913069917
279,p5,1202.0,1.1144743989005166
279,p5,1203.0,1.1577702138580066
279,p5,1204.0,1.1219075552659632
279,p5,1205.0,0.9655699627699308
279,p5,1206.0,0.6668556757242511
279,p5,1207.0,0.2174913132552665
279,p5,1208.0,-0.35530447729556863
279,p5,1209.0,-1.0000701303795874
279,p5,1210.0,-1.6294016194964815
279,p5,1211.0,-2.1401047672149254
279,p5,1212.0,-2.444089472845388
279,p5,1213.0,-2.4651816260983708
279,p5,1214.0,-2.213980984049865
279,p5,1215.0,-1.7271620071726717
279,p5,1216.0,-1.1115860538866396
279,p5,1217.0,-0.4791802034509918
279,p5,1218.0,0.06877602121056797
279,p5,1219.0,0.4645056796050163
279,p5,1220.0,0.6866820661358584
279,p5,1221.0,0.7532511374884535
279,p5,1222.0,0.717952215328076
279,p5,1223.0,0.6431989621835288
279,p5,1224.0,0.5605878925027863
279,p5,1225.0,0.49682338969300904
279,p5,1226.0,0.44007106844705945
279,p5,1227.0,0.3910470700864297
279,p5,1228.0,0.3493608205420113
279,p5,1229.0,0.31204500421359166
279,p5,1230.0,0.2698006889482267
279,p5,1231.0,0.2233141187417376
279,p5,1232.0,0.18277815710834752
279,p5,1233.0,0.15057800917868117
279,p5,1234.0,0.12657297474182758
279,p5,1235.0,0.10870952416059627
279,p5,1236.0,0.09525323918809801
279,p5,1237.0,0.08859245998419081
279,p5,1238.0,0.0894507168697853
279,p5,1239.0,0.0871619967390525
279,p5,1240.0,0.07048310919724404
279,p5,1241.0,0.04510788381253727
279,p5,1242.0,0.018850307936605117
279,p5,1243.0,-0.004833990608472687
279,p5,1244.0,-0.02323181861685142
279,p5,1245.0,-0.030994765428738802
279,p5,1246.0,-0.024091739459647665
279,p5,1247.0,-0.00659936786030733
279,p5,1248.0,0.013477292215262787
279,p5,1249.0,0.029672995608300366
279,p5,1250.0,0.03928872899708099
279,p5,1251.0,0.04426464001313853
279,p5,1252.0,0.04313321392764653
279,p5,1253.0,0.030188307533177652
279,p5,1254.0,0.008926953543239902
279,p5,1255.0,-0.005648872668661887
279,p5,1256.0,-0.004765322281035835
279,p5,1257.0,0.010497735059489617
279,p5,1258.0,0.0362549482517337
279,p5,1259.0,0.06606542205156954
279,p5,1260.0,0.09218966567274005
279,p5,1261.0,0.10575367779893334
279,p5,1262.0,0.1016306464438288
279,p5,1263.0,0.07699704649908294
279,p5,1264.0,0.04613298295563881
279,p5,1265.0,0.029047102449602125
279,p5,1266.0,0.031215605848329886
279,p5,1267.0,0.048937907024263295
279,p5,1268.0,0.07707518017296049
279,p5,1269.0,0.10848861453356705
279,p5,1270.0,0.13938413645209416
279,p5,1271.0,0.16514042534191378
279,p5,1272.0,0.1877268627656821
279,p5,1273.0,0.20945561562958295
279,p5,1274.0,0.23737130836535122
279,p5,1275.0,0.2727308934997339
279,p5,1276.0,0.3115698646677946
279,p5,1277.0,0.34508357149051433
279,p5,1278.0,0.36722485909272334
279,p5,1279.0,0.3664609175116019
279,p5,1280.0,0.3364383779656238
279,p5,1281.0,0.270085253272572
279,p5,1282.0,0.174550978110732
279,p5,1283.0,0.048258371554698226
279,p5,1284.0,-0.1062511234403517
279,p5,1285.0,-0.2793470627151629
279,p5,1286.0,-0.44465949079829203
279,p5,1287.0,-0.593447294246344
279,p5,1288.0,-0.7215382479516045
279,p5,1289.0,-0.8244755278568043
279,p5,1290.0,-0.8888902263904994
279,p5,1291.0,-0.9060788949447405
279,p5,1292.0,-0.862809914364251
279,p5,1293.0,-0.774873847917239
279,p5,1294.0,-0.6525994320162103
279,p5,1295.0,-0.5016561506818213
279,p5,1296.0,-0.3223830126970067
279,p5,1297.0,-0.1436797968524356
279,p5,1298.0,0.013903910200448549
279,p5,1299.0,0.1443925152313539
279,p5,1300.0,0.2493621886585249
279,p5,1301.0,0.3294172736982805
279,p5,1302.0,0.3861976030952676
279,p5,1303.0,0.41040414088827665
279,p5,1304.0,0.40684570991618796
279,p5,1305.0,0.3891337314715509
279,p5,1306.0,0.3652630313152805
279,p5,1307.0,0.3282618744429953
279,p5,1308.0,0.2807256905444063
279,p5,1309.0,0.22694761190810028
279,p5,1310.0,0.17414978222790542
279,p5,1311.0,0.12824601788890286
279,p5,1312.0,0.09448206558132656
279,p5,1313.0,0.07563638285876226
279,p5,1314.0,0.07506577641774609
279,p5,1315.0,0.09517090887119913
279,p5,1316.0,0.124608252350281
279,p5,1317.0,0.15147127306600777
279,p5,1318.0,0.17930465572253038
279,p5,1319.0,0.21081098601477852
279,p5,1320.0,0.24958896723600685
279,p5,1321.0,0.2930397334027333
279,p5,1322.0,0.33916922666549176
279,p5,1323.0,0.37366501714684885
279,p5,1324.0,0.381476522691225
279,p5,1325.0,0.34291272798956435
279,p5,1326.0,0.24197974429552258
279,p5,1327.0,0.08523278467896601
279,p5,1328.0,-0.09940424429078823
279,p5,1329.0,-0.2825808707202973
279,p5,1330.0,-0.43450891553805
279,p5,1331.0,-0.5233390969232646
279,p5,1332.0,-0.5217321036157616
279,p5,1333.0,-0.4369488907103713
279,p5,1334.0,-0.2865006350266543
279,p5,1335.0,-0.10513891722392206
279,p5,1336.0,0.0749443394701377
279,p5,1337.0,0.2313733682353416
279,p5,1338.0,0.34939003866265894
279,p5,1339.0,0.42032991375567275
279,p5,1340.0,0.44964515149433154
279,p5,1341.0,0.4550893788653105
279,p5,1342.0,0.45607245226186793
279,p5,1343.0,0.4570195243370262
279,p5,1344.0,0.46827487036240223
279,p5,1345.0,0.4966908325623877
279,p5,1346.0,0.5384341621079718
279,p5,1347.0,0.5780212290599521
279,p5,1348.0,0.6023668171095949
279,p5,1349.0,0.5987444350142292
279,p5,1350.0,0.5597729047094241
279,p5,1351.0,0.4757587344811039
279,p5,1352.0,0.3449154728258835
279,p5,1353.0,0.16253039456831084
279,p5,1354.0,-0.06735967252545523
279,p5,1355.0,-0.3374516512643919
279,p5,1356.0,-0.6369376385961413
279,p5,1357.0,-0.9454164368552407
279,p5,1358.0,-1.2275201434210057
279,p5,1359.0,-1.4416641283953964
279,p5,1360.0,-1.554680528366158
279,p5,1361.0,-1.5474901513828476
279,p5,1362.0,-1.4213761915709935
279,p5,1363.0,-1.1969792837371875
279,p5,1364.0,-0.9072828213683168
279,p5,1365.0,-0.5876485024753431
279,p5,1366.0,-0.267547416580935
279,p5,1367.0,0.023155002922590193
279,p5,1368.0,0.2646056396200507
279,p5,1369.0,0.456723820305085
279,p5,1370.0,0.6018506259864089
279,p5,1371.0,0.7072409871381218
279,p5,1372.0,0.7734851955985392
279,p5,1373.0,0.805796960922304
279,p5,1374.0,0.8077318628464747
279,p5,1375.0,0.780759123970631
279,p5,1376.0,0.7359450908490797
279,p5,1377.0,0.6862681871613815
279,p5,1378.0,0.6447715295121368
279,p5,1379.0,0.6267655538412693
279,p5,1380.0,0.6318647207927893
279,p5,1381.0,0.6481836437818117
279,p5,1382.0,0.632922073639738
279,p5,1383.0,0.5328583790652647
279,p5,1384.0,0.3051193594036109
279,p5,1385.0,-0.062248850695834336
279,p5,1386.0,-0.574387167600616
279,p5,1387.0,-1.1885270386588647
279,p5,1388.0,-1.8134784476915988
279,p5,1389.0,-2.338556967533798
279,p5,1390.0,-2.6718656398894787
279,p5,1391.0,-2.744709051910297
279,p5,1392.0,-2.5581640368998
279,p5,1393.0,-2.1403476622541637
279,p5,1394.0,-1.5490372639844268
279,p5,1395.0,-0.8687205524176754
279,p5,1396.0,-0.25128738258795436
279,p5,1397.0,0.2511828428871272
279,p5,1398.0,0.6346615855047882
279,p5,1399.0,0.8965695494269751
279,p5,1400.0,1.0419152948990407
279,p5,1401.0,1.0956178516315287
279,p5,1402.0,1.0701155361133887
279,p5,1403.0,0.9994224438947921
279,p5,1404.0,0.897499909251213
279,p5,1405.0,0.7640126641563428
279,p5,1406.0,0.5857503489705091
279,p5,1407.0,0.41181025768244506
279,p5,1408.0,0.2724114802763864
279,p5,1409.0,0.17469908281187568
279,p5,1410.0,0.12148882253162857
279,p5,1411.0,0.11127207835725662
279,p5,1412.0,0.1328414451624027
279,p5,1413.0,0.17874128792859212
279,p5,1414.0,0.2311909131534751
279,p5,1415.0,0.2766996661179434
279,p5,1416.0,0.30805575313142375
279,p5,1417.0,0.32441189217455096
279,p5,1418.0,0.32702284491641126
279,p5,1419.0,0.32283247125903647
279,p5,1420.0,0.32118790718425855
279,p5,1421.0,0.32248911066277536
279,p5,1422.0,0.32148208590613614
279,p5,1423.0,0.31797056465977924
279,p5,1424.0,0.31099039143238527
279,p5,1425.0,0.2937934578107841
279,p5,1426.0,0.2606729679953652
279,p5,1427.0,0.21598889903410295
279,p5,1428.0,0.16306322196541745
279,p5,1429.0,0.11431877640903754
279,p5,1430.0,0.07512068461243902
279,p5,1431.0,0.03896977689976057
279,p5,1432.0,-0.003283972581191438
279,p5,1433.0,-0.05206067098285855
279,p5,1434.0,-0.10581639274931351
279,p5,1435.0,-0.16494063208741516
279,p5,1436.0,-0.22182060911604692
279,p5,1437.0,-0.2593172086418416
279,p5,1438.0,-0.2739510944091365
279,p5,1439.0,-0.2630343255036608
279,p5,1440.0,-0.23060346719768116
279,p5,1441.0,-0.1856926813474479
279,p5,1442.0,-0.15063964635483948
279,p5,1443.0,-0.13374791184129703
279,p5,1444.0,-0.12708832394549993
279,p5,1445.0,-0.12117849767574643
279,p5,1446.0,-0.10958994010673864
279,p5,1447.0,-0.08203560067211559
279,p5,1448.0,-0.03572728693774869
279,p5,1449.0,0.025036131470169233
279,p5,1450.0,0.09298174519477262
279,p5,1451.0,0.15420161558974993
279,p5,1452.0,0.18987004388172252
279,p5,1453.0,0.20696669747684782
279,p5,1454.0,0.21594652548647253
279,p5,1455.0,0.2167525617714715
279,p5,1456.0,0.20766587519948596
279,p5,1457.0,0.1960054797372638
279,p5,1458.0,0.18605417485960957
279,p5,1459.0,0.17308598869819422
279,p5,1460.0,0.15357038342840273
279,p5,1461.0,0.1273208716153878
279,p5,1462.0,0.09993986326314938
279,p5,1463.0,0.08183746801907364
279,p5,1464.0,0.0712024157580071
279,p5,1465.0,0.05911929168334476
279,p5,1466.0,0.04359523607486497
279,p5,1467.0,0.018645179411516968
279,p5,1468.0,-0.027210861783283302
279,p5,1469.0,-0.0904568017518724
279,p5,1470.0,-0.15663415664997937
279,p5,1471.0,-0.20628035244472714
279,p5,1472.0,-0.220887080362032
279,p5,1473.0,-0.1964576552884088
279,p5,1474.0,-0.14152406982808607
279,p5,1475.0,-0.06756498246727702
279,p5,1476.0,0.005320237562517055
279,p5,1477.0,0.03891836543803279
279,p5,1478.0,-3.588716912676051e-05
279,p5,1479.0,-0.10392686294715835
279,p5,1480.0,-0.25176218715891185
279,p5,1481.0,-0.41552925079129105
279,p5,1482.0,-0.5610332163342723
279,p5,1483.0,-0.660512468072365
279,p5,1484.0,-0.6890280354508657
279,p5,1485.0,-0.6276484410932661
279,p5,1486.0,-0.4884914053822325
279,p5,1487.0,-0.3026644790056227
279,p5,1488.0,-0.1093006468235957
279,p5,1489.0,0.06996145406345618
279,p5,1490.0,0.2161103739029236
279,p5,1491.0,0.31547833505778683
279,p5,1492.0,0.3657813870011504
279,p5,1493.0,0.3755647354017231
279,p5,1494.0,0.36224501361871825
279,p5,1495.0,0.348128409955047
279,p5,1496.0,0.3433743458993387
279,p5,1497.0,0.3464781448748596
279,p5,1498.0,0.34366091976461244
279,p5,1499.0,0.32992843239077324
279,p5,1500.0,0.3014378114329775
279,p5,1501.0,0.25538672501132503
279,p5,1502.0,0.18956035584000508
279,p5,1503.0,0.11129908431609456
279,p5,1504.0,0.03706850513085022
279,p5,1505.0,-0.013280614672096883
279,p5,1506.0,-0.03692922555727931
279,p5,1507.0,-0.04292898818691618
279,p5,1508.0,-0.039266060466218194
279,p5,1509.0,-0.03140133985446934
279,p5,1510.0,-0.028436457060269368
279,p5,1511.0,-0.03220297321913738
279,p5,1512.0,-0.044116642688097764
279,p5,1513.0,-0.05545845828466202
279,p5,1514.0,-0.04877587950518001
279,p5,1515.0,-0.019489737662831484
279,p5,1516.0,0.01901774870832625
279,p5,1517.0,0.058401445455627546
279,p5,1518.0,0.09551344313416353
279,p5,1519.0,0.1246243273921345
279,p5,1520.0,0.13684206756278347
279,p5,1521.0,0.13317279980214888
279,p5,1522.0,0.11717125648712812
279,p5,1523.0,0.09632031076587642
279,p5,1524.0,0.07985868718968986
279,p5,1525.0,0.06691570889326702
279,p5,1526.0,0.05312205285092704
279,p5,1527.0,0.0402175222600602
279,p5,1528.0,0.0298737798187643
279,p5,1529.0,0.02119248616341896
279,p5,1530.0,0.010725557468687369
279,p5,1531.0,-0.005012233069674017
279,p5,1532.0,-0.024573153780212655
279,p5,1533.0,-0.049723990448671894
279,p5,1534.0,-0.08042919215313131
279,p5,1535.0,-0.1149119620985892
279,p5,1536.0,-0.1517268630514765
279,p5,1537.0,-0.1851562670260514
279,p5,1538.0,-0.20804278497596138
279,p5,1539.0,-0.2163020185123405
279,p5,1540.0,-0.20511198797237454
279,p5,1541.0,-0.17815982195563929
279,p5,1542.0,-0.13648743210807623
279,p5,1543.0,-0.08914763170990496
279,p5,1544.0,-0.043782255083142214
279,p5,1545.0,-0.0031893835643786957
279,p5,1546.0,0.027819323724565633
279,p5,1547.0,0.05327207090848112
279,p5,1548.0,0.0836608396117267
279,p5,1549.0,0.12617545716090695
279,p5,1550.0,0.18446045441591907
279,p5,1551.0,0.2579309402091812
279,p5,1552.0,0.34030306741201827
279,p5,1553.0,0.4255596306746421
279,p5,1554.0,0.5085011132839703
279,p5,1555.0,0.5863781353608041
279,p5,1556.0,0.657807552043149
279,p5,1557.0,0.8274769078030494
279,p5,1558.0,0.9537107904723259
279,p5,1559.0,0.8457994767598003
279,p5,1560.0,0.545114442847027
279,p5,1561.0,0.2262370737778434
279,p5,1562.0,0.08593551977923736
279,p5,1563.0,0.3936497930031879
279,p5,1564.0,1.2083575235579167
279,p5,1565.0,2.204643265560824
279,p5,1566.0,3.109779276057671
279,p5,1567.0,3.689591679829535
279,p5,1568.0,3.3730029504235546
279,p5,1569.0,2.0117133147826447
279,p5,1570.0,0.060428301612959166
279,p5,1571.0,-1.9764023798160453
279,p5,1572.0,-3.5349374174911126
279,p5,1573.0,-4.104068598269649
279,p5,1574.0,-3.777015365606076
279,p5,1575.0,-3.0633234404747864
279,p5,1576.0,-1.6811982045159748
279,p5,1577.0,-0.7193537665593981
279,p5,1578.0,-0.7998291112190887
279,p5,1579.0,-1.87265911760612
279,p5,1580.0,-3.4685171747417223
279,p5,1581.0,-5.170875145250853
279,p5,1582.0,-6.1933837745368185
279,p5,1583.0,-6.0304516012478855
279,p5,1584.0,-4.605401089557572
279,p5,1585.0,-1.984881010175609
279,p5,1586.0,1.755325646434645
279,p5,1587.0,4.309550098255423
279,p5,1588.0,5.512725187295069
279,p5,1589.0,5.402861086754158
279,p5,1590.0,4.243793958920494
279,p5,1591.0,2.4636462508477175
279,p5,1592.0,0.9937530132796875
279,p5,1593.0,0.11117566806143339
279,p5,1594.0,-0.14680838603990184
279,p5,1595.0,0.22450393635613644
279,p5,1596.0,0.9449489858564155
279,p5,1597.0,1.2981308142208132
279,p5,1598.0,1.8955757553892267
279,p5,1599.0,2.6898354137348344
279,p5,1600.0,3.4420735375622424
279,p5,1601.0,3.9858112371555454
279,p5,1602.0,4.286181706968809
279,p5,1603.0,3.7245166813640114
279,p5,1604.0,2.111157276956386
279,p5,1605.0,-0.0033375490684307532
279,p5,1606.0,-2.11487622059527
279,p5,1607.0,-3.770157125600942
279,p5,1608.0,-4.681830317147071
279,p5,1609.0,-5.203162710938146
279,p5,1610.0,-5.6544217743206895
279,p5,1611.0,-5.809458805790912
279,p5,1612.0,-5.545409494704027
279,p5,1613.0,-5.0302115812279435
279,p5,1614.0,-4.071110123689227
279,p5,1615.0,-2.355170387612474
279,p5,1616.0,-0.18259019169839563
279,p5,1617.0,2.006486365300962
279,p5,1618.0,3.638010928241218
279,p5,1619.0,4.075792325231782
279,p5,1620.0,3.4683256213122586
279,p5,1621.0,2.508870383913831
279,p5,1622.0,1.470831004547524
279,p5,1623.0,0.5709894443821117
279,p5,1624.0,0.06512628881262948
279,p5,1625.0,0.01682020226588354
279,p5,1626.0,0.21153060897544618
279,p5,1627.0,0.4539425417609778
279,p5,1628.0,0.5553734109629884
279,p5,1629.0,0.4515231281389151
279,p5,1630.0,0.3276483262223568
279,p5,1631.0,0.310106746579776
279,p5,1632.0,0.29563466635898805
279,p5,1633.0,0.27386490187191986
279,p5,1634.0,0.2471863764652489
279,p5,1635.0,0.21976709290651006
279,p5,1636.0,0.19448372421012766
279,p5,1637.0,0.175911114149356
279,p5,1638.0,0.16437532197034202
279,p5,1639.0,0.1519674940239649
279,p5,1640.0,0.13259104469027752
279,p5,1641.0,0.10461315863397537
279,p5,1642.0,0.07187229850800685
279,p5,1643.0,0.03818367620039129
279,p5,1644.0,0.009244321305819545
279,p5,1645.0,-0.006585524461149788
279,p5,1646.0,-0.0070390521222857124
279,p5,1647.0,0.008490096145970604
279,p5,1648.0,0.033627391771384886
279,p5,1649.0,0.05304594196643732
279,p5,1650.0,0.05791602670740978
279,p5,1651.0,0.04770931653141997
279,p5,1652.0,0.029105591251545777
279,p5,1653.0,0.0033029953492976984
279,p5,1654.0,-0.024883955391187016
279,p5,1655.0,-0.044075087947414264
279,p5,1656.0,-0.048728809376194386
279,p5,1657.0,-0.03627301538434824
279,p5,1658.0,-0.012968950138902355
279,p5,1659.0,0.008538798210333397
279,p5,1660.0,0.025097774657988313
279,p5,1661.0,0.04116498452797611
279,p5,1662.0,0.056061775133180725
279,p5,1663.0,0.05920587328395104
279,p5,1664.0,0.05027482260437825
279,p5,1665.0,0.03897521087554073
279,p5,1666.0,0.0291413882083399
279,p5,1667.0,0.021562892602308897
279,p5,1668.0,0.011750702619653346
279,p5,1669.0,-0.0006486296361605032
279,p5,1670.0,-0.006146024189774798
279,p5,1671.0,-0.00010595886585851198
279,p5,1672.0,0.009020124868283751
279,p5,1673.0,0.009955317266274254
279,p5,1674.0,0.004085064480216902
279,p5,1675.0,-0.0013481441234158018
279,p5,1676.0,-0.004413615081789834
279,p5,1677.0,-0.006750644636379136
279,p5,1678.0,-0.01095886489397336
279,p5,1679.0,-0.010759095104188496
279,p5,1680.0,0.000140995051608292
279,p5,1681.0,0.018355899399215024
279,p5,1682.0,0.033113624215658485
279,p5,1683.0,0.03727115162302713
279,p5,1684.0,0.03533781586944153
279,p5,1685.0,0.03235945778965127
279,p5,1686.0,0.02932194159066136
279,p5,1687.0,0.023773334409777504
279,p5,1688.0,0.013693010997467302
279,p5,1689.0,0.0049677157588646735
279,p5,1690.0,0.0004971736434279886
279,p5,1691.0,-0.00284344086072443
279,p5,1692.0,-0.010764975300840703
279,p5,1693.0,-0.020492071669918413
279,p5,1694.0,-0.022169946791062822
279,p5,1695.0,-0.013687080404876541
279,p5,1696.0,0.0013509976664319728
279,p5,1697.0,0.015518389943640184
279,p5,1698.0,0.02330530053621823
279,p5,1699.0,0.02450655114510421
279,p5,1700.0,0.017292210409385462
279,p5,1701.0,-0.0020342795836970806
279,p5,1702.0,-0.027910606633026563
279,p5,1703.0,-0.04281121267902947
279,p5,1704.0,-0.037102027427263116
279,p5,1705.0,-0.0160323129704175
279,p5,1706.0,0.010938659710828764
279,p5,1707.0,0.03217888609021399
279,p5,1708.0,0.04101511888251445
279,p5,1709.0,0.03279648973182665
279,p5,1710.0,0.005623897298049971
279,p5,1711.0,-0.03352888853667719
279,p5,1712.0,-0.0630393662620719
279,p5,1713.0,-0.06526578341745715
279,p5,1714.0,-0.04432518919259933
279,p5,1715.0,-0.010646544661547137
279,p5,1716.0,0.023555988002456927
279,p5,1717.0,0.04661142332284897
279,p5,1718.0,0.05376608192030233
279,p5,1719.0,0.04178783859905263
279,p5,1720.0,0.016656637996046688
279,p5,1721.0,-0.00867803598500677
279,p5,1722.0,-0.02190565773314952
279,p5,1723.0,-0.01758771623111593
279,p5,1724.0,-0.0019826586353397886
279,p5,1725.0,0.018871013295221877
279,p5,1726.0,0.03444299287234399
279,p5,1727.0,0.03921179665701399
279,p5,1728.0,0.03373025916661322
279,p5,1729.0,0.01886114158028993
279,p5,1730.0,0.002778236597007043
279,p5,1731.0,-0.010421231487823627
279,p5,1732.0,-0.018094601247921067
279,p5,1733.0,-0.014884353504250877
279,p5,1734.0,-0.0013923394902548715
279,p5,1735.0,0.015188553314012984
279,p5,1736.0,0.02492104801195472
279,p5,1737.0,0.026900110763745207
279,p5,1738.0,0.021872475917945094
279,p5,1739.0,0.010446626424991693
279,p5,1740.0,-0.0005906069045406201
279,p5,1741.0,-0.007939300832282517
279,p5,1742.0,-0.01095050383950716
279,p5,1743.0,-0.008241079348276262
279,p5,1744.0,0.003098345448307556
279,p5,1745.0,0.015416397052854417
279,p5,1746.0,0.023258751938085628
279,p5,1747.0,0.029160794018198006
279,p5,1748.0,0.031034980484314644
279,p5,1749.0,0.027535140305980064
279,p5,1750.0,0.021730389780487636
279,p5,1751.0,0.013570801578742263
279,p5,1752.0,0.00010603571240037949
279,p5,1753.0,-0.012390656535159002
279,p5,1754.0,-0.015601006968730607
279,p5,1755.0,-0.014692132912827728
279,p5,1756.0,-0.012540257803237554
279,p5,1757.0,-0.008274002344283882
279,p5,1758.0,0.0006053803320749269
279,p5,1759.0,0.012998677800279084
279,p5,1760.0,0.025700711929015935
279,p5,1761.0,0.03441549091927512
279,p5,1762.0,0.03767388636894351
279,p5,1763.0,0.04033858930213909
279,p5,1764.0,0.03834903121221338
279,p5,1765.0,0.025188837075209598
279,p5,1766.0,0.0028654625320963896
279,p5,1767.0,-0.0191362799241072
279,p5,1768.0,-0.028813575275919167
279,p5,1769.0,-0.029464224683339615
279,p5,1770.0,-0.023940739041724394
279,p5,1771.0,-0.015600210716485803
279,p5,1772.0,-0.008156404816837323
279,p5,1773.0,-0.0013766889091629895
279,p5,1774.0,0.001257566920882173
279,p5,1775.0,0.002979796024779339
279,p5,1776.0,0.00679110752341448
279,p5,1777.0,0.010487369540445038
279,p5,1778.0,0.013455715146242215
279,p5,1779.0,0.012580376815315628
279,p5,1780.0,0.009468233365224189
279,p5,1781.0,0.0015331768054837821
279,p5,1782.0,-0.009589220228355917
279,p5,1783.0,-0.01655306365233582
279,p5,1784.0,-0.017353422425439503
279,p5,1785.0,-0.00979627942410781
279,p5,1786.0,-0.0009257714192467935
279,p5,1787.0,0.0023943412702023383
279,p5,1788.0,0.0042392727972510175
279,p5,1789.0,0.005024586777103197
279,p5,1790.0,0.0040246215645534196
279,p5,1791.0,0.0025140728495057422
279,p5,1792.0,0.0013042975548229478
279,p5,1793.0,0.0007414241243729239
279,p5,1794.0,-0.0009149941290822752
279,p5,1795.0,-0.004331866627752365
279,p5,1796.0,-0.010512460596905698
279,p5,1797.0,-0.016693054566064684
279,p5,1798.0,-0.02287364853522367
279,p5,1799.0,-0.029054242504382658
279,p5,1800.0,-0.03523483647354164
