run_id,task,task_name,retention_pct,selection_rank,feature_index,wavenumber,mean_abs_shap
shap_feature_selection_extratrees_p1_20260527_001506,P1_thiram_presence,Thiram Presence,30,1,520,920.0,0.0047002977300326
shap_feature_selection_extratrees_p1_20260527_001506,P1_thiram_presence,Thiram Presence,30,2,372,772.0,0.0046726903195006
shap_feature_selection_extratrees_p1_20260527_001506,P1_thiram_presence,Thiram Presence,30,3,365,765.0,0.0040559917849909
shap_feature_selection_extratrees_p1_20260527_001506,P1_thiram_presence,Thiram Presence,30,4,1148,1548.0,0.0036074389478967
shap_feature_selection_extratrees_p1_20260527_001506,P1_thiram_presence,Thiram Presence,30,5,363,763.0,0.0032970371323022
shap_feature_selection_extratrees_p1_20260527_001506,P1_thiram_presence,Thiram Presence,30,6,519,919.0,0.003204997074971
shap_feature_selection_extratrees_p1_20260527_001506,P1_thiram_presence,Thiram Presence,30,7,364,764.0,0.0031210956790439
shap_feature_selection_extratrees_p1_20260527_001506,P1_thiram_presence,Thiram Presence,30,8,371,771.0,0.0030102295331909
shap_feature_selection_extratrees_p1_20260527_001506,P1_thiram_presence,Thiram Presence,30,9,523,923.0,0.0029275932008685
shap_feature_selection_extratrees_p1_20260527_001506,P1_thiram_presence,Thiram Presence,30,10,373,773.0,0.0028950390776203
shap_feature_selection_extratrees_p1_20260527_001506,P1_thiram_presence,Thiram Presence,30,11,1187,1587.0,0.0028581152759317
shap_feature_selection_extratrees_p1_20260527_001506,P1_thiram_presence,Thiram Presence,30,12,521,921.0,0.0028301175447872
shap_feature_selection_extratrees_p1_20260527_001506,P1_thiram_presence,Thiram Presence,30,13,975,1375.0,0.0028005393677081
shap_feature_selection_extratrees_p1_20260527_001506,P1_thiram_presence,Thiram Presence,30,14,526,926.0,0.0027871139884045
shap_feature_selection_extratrees_p1_20260527_001506,P1_thiram_presence,Thiram Presence,30,15,518,918.0,0.0027207565059157
shap_feature_selection_extratrees_p1_20260527_001506,P1_thiram_presence,Thiram Presence,30,16,1110,1510.0,0.0026789247694794
shap_feature_selection_extratrees_p1_20260527_001506,P1_thiram_presence,Thiram Presence,30,17,1188,1588.0,0.0025947344069229
shap_feature_selection_extratrees_p1_20260527_001506,P1_thiram_presence,Thiram Presence,30,18,525,925.0,0.0025180489512416
shap_feature_selection_extratrees_p1_20260527_001506,P1_thiram_presence,Thiram Presence,30,19,289,689.0,0.0024859525774491
shap_feature_selection_extratrees_p1_20260527_001506,P1_thiram_presence,Thiram Presence,30,20,524,924.0,0.0023176897074721
shap_feature_selection_extratrees_p1_20260527_001506,P1_thiram_presence,Thiram Presence,30,21,374,774.0,0.0023112257138869
shap_feature_selection_extratrees_p1_20260527_001506,P1_thiram_presence,Thiram Presence,30,22,977,1377.0,0.0023001380603346
shap_feature_selection_extratrees_p1_20260527_001506,P1_thiram_presence,Thiram Presence,30,23,1103,1503.0,0.0022487087998102
shap_feature_selection_extratrees_p1_20260527_001506,P1_thiram_presence,Thiram Presence,30,24,157,557.0,0.0022457500977654
shap_feature_selection_extratrees_p1_20260527_001506,P1_thiram_presence,Thiram Presence,30,25,974,1374.0,0.0022353003761277
shap_feature_selection_extratrees_p1_20260527_001506,P1_thiram_presence,Thiram Presence,30,26,1108,1508.0,0.0021951394806909
shap_feature_selection_extratrees_p1_20260527_001506,P1_thiram_presence,Thiram Presence,30,27,370,770.0,0.0021939121690982
shap_feature_selection_extratrees_p1_20260527_001506,P1_thiram_presence,Thiram Presence,30,28,1099,1499.0,0.0021259288247469
shap_feature_selection_extratrees_p1_20260527_001506,P1_thiram_presence,Thiram Presence,30,29,1109,1509.0,0.002114756324216
shap_feature_selection_extratrees_p1_20260527_001506,P1_thiram_presence,Thiram Presence,30,30,1107,1507.0,0.0020895779904198
shap_feature_selection_extratrees_p1_20260527_001506,P1_thiram_presence,Thiram Presence,30,31,159,559.0,0.0020814851620902
shap_feature_selection_extratrees_p1_20260527_001506,P1_thiram_presence,Thiram Presence,30,32,1115,1515.0,0.0019967109193368
shap_feature_selection_extratrees_p1_20260527_001506,P1_thiram_presence,Thiram Presence,30,33,1113,1513.0,0.0019420828457364
shap_feature_selection_extratrees_p1_20260527_001506,P1_thiram_presence,Thiram Presence,30,34,1150,1550.0,0.0019383691009029
shap_feature_selection_extratrees_p1_20260527_001506,P1_thiram_presence,Thiram Presence,30,35,1100,1500.0,0.0019269574399939
shap_feature_selection_extratrees_p1_20260527_001506,P1_thiram_presence,Thiram Presence,30,36,928,1328.0,0.0019213203225131
shap_feature_selection_extratrees_p1_20260527_001506,P1_thiram_presence,Thiram Presence,30,37,931,1331.0,0.0019148496375759
shap_feature_selection_extratrees_p1_20260527_001506,P1_thiram_presence,Thiram Presence,30,38,731,1131.0,0.0018955358207203
shap_feature_selection_extratrees_p1_20260527_001506,P1_thiram_presence,Thiram Presence,30,39,354,754.0,0.0018922195507427
shap_feature_selection_extratrees_p1_20260527_001506,P1_thiram_presence,Thiram Presence,30,40,145,545.0,0.0018899603483991
shap_feature_selection_extratrees_p1_20260527_001506,P1_thiram_presence,Thiram Presence,30,41,1007,1407.0,0.0018694811482438
shap_feature_selection_extratrees_p1_20260527_001506,P1_thiram_presence,Thiram Presence,30,42,743,1143.0,0.0018692343179533
shap_feature_selection_extratrees_p1_20260527_001506,P1_thiram_presence,Thiram Presence,30,43,1111,1511.0,0.001864733931751
shap_feature_selection_extratrees_p1_20260527_001506,P1_thiram_presence,Thiram Presence,30,44,375,775.0,0.0018557989822389
shap_feature_selection_extratrees_p1_20260527_001506,P1_thiram_presence,Thiram Presence,30,45,1116,1516.0,0.0018333746401892
shap_feature_selection_extratrees_p1_20260527_001506,P1_thiram_presence,Thiram Presence,30,46,522,922.0,0.0018306718466218
shap_feature_selection_extratrees_p1_20260527_001506,P1_thiram_presence,Thiram Presence,30,47,287,687.0,0.0018283182256988
shap_feature_selection_extratrees_p1_20260527_001506,P1_thiram_presence,Thiram Presence,30,48,1026,1426.0,0.0018082292553855
shap_feature_selection_extratrees_p1_20260527_001506,P1_thiram_presence,Thiram Presence,30,49,1147,1547.0,0.0018063154787143
shap_feature_selection_extratrees_p1_20260527_001506,P1_thiram_presence,Thiram Presence,30,50,1112,1512.0,0.0017958886651314
shap_feature_selection_extratrees_p1_20260527_001506,P1_thiram_presence,Thiram Presence,30,51,379,779.0,0.001792953264394
shap_feature_selection_extratrees_p1_20260527_001506,P1_thiram_presence,Thiram Presence,30,52,367,767.0,0.0017813180222943
shap_feature_selection_extratrees_p1_20260527_001506,P1_thiram_presence,Thiram Presence,30,53,288,688.0,0.0017695163910421
shap_feature_selection_extratrees_p1_20260527_001506,P1_thiram_presence,Thiram Presence,30,54,1117,1517.0,0.0017584441499315
shap_feature_selection_extratrees_p1_20260527_001506,P1_thiram_presence,Thiram Presence,30,55,891,1291.0,0.0017245203143726
shap_feature_selection_extratrees_p1_20260527_001506,P1_thiram_presence,Thiram Presence,30,56,980,1380.0,0.0017210162413319
shap_feature_selection_extratrees_p1_20260527_001506,P1_thiram_presence,Thiram Presence,30,57,1186,1586.0,0.0017054243289571
shap_feature_selection_extratrees_p1_20260527_001506,P1_thiram_presence,Thiram Presence,30,58,517,917.0,0.0017038097240975
shap_feature_selection_extratrees_p1_20260527_001506,P1_thiram_presence,Thiram Presence,30,59,369,769.0,0.0016818205118434
shap_feature_selection_extratrees_p1_20260527_001506,P1_thiram_presence,Thiram Presence,30,60,153,553.0,0.0016645754688465
shap_feature_selection_extratrees_p1_20260527_001506,P1_thiram_presence,Thiram Presence,30,61,146,546.0,0.0016537350450247
shap_feature_selection_extratrees_p1_20260527_001506,P1_thiram_presence,Thiram Presence,30,62,933,1333.0,0.0016086044777778
shap_feature_selection_extratrees_p1_20260527_001506,P1_thiram_presence,Thiram Presence,30,63,934,1334.0,0.001607136267221
shap_feature_selection_extratrees_p1_20260527_001506,P1_thiram_presence,Thiram Presence,30,64,139,539.0,0.0016036817616945
shap_feature_selection_extratrees_p1_20260527_001506,P1_thiram_presence,Thiram Presence,30,65,1120,1520.0,0.0015927465834506
shap_feature_selection_extratrees_p1_20260527_001506,P1_thiram_presence,Thiram Presence,30,66,662,1062.0,0.0015833221139485
shap_feature_selection_extratrees_p1_20260527_001506,P1_thiram_presence,Thiram Presence,30,67,1106,1506.0,0.0015808421824231
shap_feature_selection_extratrees_p1_20260527_001506,P1_thiram_presence,Thiram Presence,30,68,516,916.0,0.0015758443899289
shap_feature_selection_extratrees_p1_20260527_001506,P1_thiram_presence,Thiram Presence,30,69,725,1125.0,0.0015677245220964
shap_feature_selection_extratrees_p1_20260527_001506,P1_thiram_presence,Thiram Presence,30,70,976,1376.0,0.0015599938187709
shap_feature_selection_extratrees_p1_20260527_001506,P1_thiram_presence,Thiram Presence,30,71,727,1127.0,0.0015430832280741
shap_feature_selection_extratrees_p1_20260527_001506,P1_thiram_presence,Thiram Presence,30,72,1149,1549.0,0.0015419570276845
shap_feature_selection_extratrees_p1_20260527_001506,P1_thiram_presence,Thiram Presence,30,73,738,1138.0,0.0015318096990358
shap_feature_selection_extratrees_p1_20260527_001506,P1_thiram_presence,Thiram Presence,30,74,156,556.0,0.001503942769241
shap_feature_selection_extratrees_p1_20260527_001506,P1_thiram_presence,Thiram Presence,30,75,160,560.0,0.0014982818920558
shap_feature_selection_extratrees_p1_20260527_001506,P1_thiram_presence,Thiram Presence,30,76,1101,1501.0,0.0014968013530964
shap_feature_selection_extratrees_p1_20260527_001506,P1_thiram_presence,Thiram Presence,30,77,366,766.0,0.0014914975573076
shap_feature_selection_extratrees_p1_20260527_001506,P1_thiram_presence,Thiram Presence,30,78,730,1130.0,0.0014851227576254
shap_feature_selection_extratrees_p1_20260527_001506,P1_thiram_presence,Thiram Presence,30,79,562,962.0,0.0014846914197812
shap_feature_selection_extratrees_p1_20260527_001506,P1_thiram_presence,Thiram Presence,30,80,141,541.0,0.0014804310237313
shap_feature_selection_extratrees_p1_20260527_001506,P1_thiram_presence,Thiram Presence,30,81,384,784.0,0.0014746941798869
shap_feature_selection_extratrees_p1_20260527_001506,P1_thiram_presence,Thiram Presence,30,82,1012,1412.0,0.0014746133471663
shap_feature_selection_extratrees_p1_20260527_001506,P1_thiram_presence,Thiram Presence,30,83,972,1372.0,0.001462244964934
shap_feature_selection_extratrees_p1_20260527_001506,P1_thiram_presence,Thiram Presence,30,84,602,1002.0,0.0014511451299702
shap_feature_selection_extratrees_p1_20260527_001506,P1_thiram_presence,Thiram Presence,30,85,183,583.0,0.0014293038045737
shap_feature_selection_extratrees_p1_20260527_001506,P1_thiram_presence,Thiram Presence,30,86,578,978.0,0.0014288660663868
shap_feature_selection_extratrees_p1_20260527_001506,P1_thiram_presence,Thiram Presence,30,87,147,547.0,0.0014189882197702
shap_feature_selection_extratrees_p1_20260527_001506,P1_thiram_presence,Thiram Presence,30,88,729,1129.0,0.0014172182027661
shap_feature_selection_extratrees_p1_20260527_001506,P1_thiram_presence,Thiram Presence,30,89,528,928.0,0.0014107801337311
shap_feature_selection_extratrees_p1_20260527_001506,P1_thiram_presence,Thiram Presence,30,90,785,1185.0,0.0014075465860207
shap_feature_selection_extratrees_p1_20260527_001506,P1_thiram_presence,Thiram Presence,30,91,527,927.0,0.0013969910546562
shap_feature_selection_extratrees_p1_20260527_001506,P1_thiram_presence,Thiram Presence,30,92,151,551.0,0.0013927296142581
shap_feature_selection_extratrees_p1_20260527_001506,P1_thiram_presence,Thiram Presence,30,93,377,777.0,0.0013899162163342
shap_feature_selection_extratrees_p1_20260527_001506,P1_thiram_presence,Thiram Presence,30,94,380,780.0,0.0013827776301476
shap_feature_selection_extratrees_p1_20260527_001506,P1_thiram_presence,Thiram Presence,30,95,1097,1497.0,0.0013783417549972
shap_feature_selection_extratrees_p1_20260527_001506,P1_thiram_presence,Thiram Presence,30,96,930,1330.0,0.0013586672812382
shap_feature_selection_extratrees_p1_20260527_001506,P1_thiram_presence,Thiram Presence,30,97,1185,1585.0,0.0013428106528259
shap_feature_selection_extratrees_p1_20260527_001506,P1_thiram_presence,Thiram Presence,30,98,362,762.0,0.0013418542255824
shap_feature_selection_extratrees_p1_20260527_001506,P1_thiram_presence,Thiram Presence,30,99,1028,1428.0,0.0013270981278417
shap_feature_selection_extratrees_p1_20260527_001506,P1_thiram_presence,Thiram Presence,30,100,1027,1427.0,0.001320372185788
shap_feature_selection_extratrees_p1_20260527_001506,P1_thiram_presence,Thiram Presence,30,101,927,1327.0,0.0013125553819941
shap_feature_selection_extratrees_p1_20260527_001506,P1_thiram_presence,Thiram Presence,30,102,726,1126.0,0.0013120670774731
shap_feature_selection_extratrees_p1_20260527_001506,P1_thiram_presence,Thiram Presence,30,103,386,786.0,0.0013078143524979
shap_feature_selection_extratrees_p1_20260527_001506,P1_thiram_presence,Thiram Presence,30,104,368,768.0,0.0013025129320573
shap_feature_selection_extratrees_p1_20260527_001506,P1_thiram_presence,Thiram Presence,30,105,1104,1504.0,0.0012955116389013
shap_feature_selection_extratrees_p1_20260527_001506,P1_thiram_presence,Thiram Presence,30,106,742,1142.0,0.0012936433337811
shap_feature_selection_extratrees_p1_20260527_001506,P1_thiram_presence,Thiram Presence,30,107,267,667.0,0.0012822583463384
shap_feature_selection_extratrees_p1_20260527_001506,P1_thiram_presence,Thiram Presence,30,108,1013,1413.0,0.001276817234071
shap_feature_selection_extratrees_p1_20260527_001506,P1_thiram_presence,Thiram Presence,30,109,982,1382.0,0.0012735857626757
shap_feature_selection_extratrees_p1_20260527_001506,P1_thiram_presence,Thiram Presence,30,110,140,540.0,0.001265228213942
shap_feature_selection_extratrees_p1_20260527_001506,P1_thiram_presence,Thiram Presence,30,111,979,1379.0,0.0012579528417207
shap_feature_selection_extratrees_p1_20260527_001506,P1_thiram_presence,Thiram Presence,30,112,1189,1589.0,0.0012520378771521
shap_feature_selection_extratrees_p1_20260527_001506,P1_thiram_presence,Thiram Presence,30,113,142,542.0,0.0012467412454578
shap_feature_selection_extratrees_p1_20260527_001506,P1_thiram_presence,Thiram Presence,30,114,1183,1583.0,0.001234283532872
shap_feature_selection_extratrees_p1_20260527_001506,P1_thiram_presence,Thiram Presence,30,115,1098,1498.0,0.0012324606695934
shap_feature_selection_extratrees_p1_20260527_001506,P1_thiram_presence,Thiram Presence,30,116,1190,1590.0,0.0012298460047477
shap_feature_selection_extratrees_p1_20260527_001506,P1_thiram_presence,Thiram Presence,30,117,783,1183.0,0.0012226545227884
shap_feature_selection_extratrees_p1_20260527_001506,P1_thiram_presence,Thiram Presence,30,118,530,930.0,0.001216464502789
shap_feature_selection_extratrees_p1_20260527_001506,P1_thiram_presence,Thiram Presence,30,119,404,804.0,0.0012155778107488
shap_feature_selection_extratrees_p1_20260527_001506,P1_thiram_presence,Thiram Presence,30,120,983,1383.0,0.00121315626388
shap_feature_selection_extratrees_p1_20260527_001506,P1_thiram_presence,Thiram Presence,30,121,1010,1410.0,0.0012121554134324
shap_feature_selection_extratrees_p1_20260527_001506,P1_thiram_presence,Thiram Presence,30,122,1029,1429.0,0.0012116826590288
shap_feature_selection_extratrees_p1_20260527_001506,P1_thiram_presence,Thiram Presence,30,123,603,1003.0,0.0012100695809116
shap_feature_selection_extratrees_p1_20260527_001506,P1_thiram_presence,Thiram Presence,30,124,973,1373.0,0.0012046582111971
shap_feature_selection_extratrees_p1_20260527_001506,P1_thiram_presence,Thiram Presence,30,125,1032,1432.0,0.001199200265097
shap_feature_selection_extratrees_p1_20260527_001506,P1_thiram_presence,Thiram Presence,30,126,290,690.0,0.0011951017151977
shap_feature_selection_extratrees_p1_20260527_001506,P1_thiram_presence,Thiram Presence,30,127,265,665.0,0.0011868279206623
shap_feature_selection_extratrees_p1_20260527_001506,P1_thiram_presence,Thiram Presence,30,128,529,929.0,0.0011798043479195
shap_feature_selection_extratrees_p1_20260527_001506,P1_thiram_presence,Thiram Presence,30,129,589,989.0,0.0011776609301204
shap_feature_selection_extratrees_p1_20260527_001506,P1_thiram_presence,Thiram Presence,30,130,1151,1551.0,0.0011747311184649
shap_feature_selection_extratrees_p1_20260527_001506,P1_thiram_presence,Thiram Presence,30,131,388,788.0,0.0011675804564974
shap_feature_selection_extratrees_p1_20260527_001506,P1_thiram_presence,Thiram Presence,30,132,144,544.0,0.001160893189673
shap_feature_selection_extratrees_p1_20260527_001506,P1_thiram_presence,Thiram Presence,30,133,1220,1620.0,0.0011435554095297
shap_feature_selection_extratrees_p1_20260527_001506,P1_thiram_presence,Thiram Presence,30,134,1114,1514.0,0.0011421237639386
shap_feature_selection_extratrees_p1_20260527_001506,P1_thiram_presence,Thiram Presence,30,135,971,1371.0,0.0011358775589378
shap_feature_selection_extratrees_p1_20260527_001506,P1_thiram_presence,Thiram Presence,30,136,978,1378.0,0.0011356549827569
shap_feature_selection_extratrees_p1_20260527_001506,P1_thiram_presence,Thiram Presence,30,137,630,1030.0,0.0011349319903997
shap_feature_selection_extratrees_p1_20260527_001506,P1_thiram_presence,Thiram Presence,30,138,1173,1573.0,0.0011296542641544
shap_feature_selection_extratrees_p1_20260527_001506,P1_thiram_presence,Thiram Presence,30,139,390,790.0,0.0011294684743055
shap_feature_selection_extratrees_p1_20260527_001506,P1_thiram_presence,Thiram Presence,30,140,1102,1502.0,0.0011288729286871
shap_feature_selection_extratrees_p1_20260527_001506,P1_thiram_presence,Thiram Presence,30,141,163,563.0,0.0011227072630583
shap_feature_selection_extratrees_p1_20260527_001506,P1_thiram_presence,Thiram Presence,30,142,740,1140.0,0.0010998867459172
shap_feature_selection_extratrees_p1_20260527_001506,P1_thiram_presence,Thiram Presence,30,143,1207,1607.0,0.001096086650095
shap_feature_selection_extratrees_p1_20260527_001506,P1_thiram_presence,Thiram Presence,30,144,1121,1521.0,0.0010875437644269
shap_feature_selection_extratrees_p1_20260527_001506,P1_thiram_presence,Thiram Presence,30,145,744,1144.0,0.0010794667298727
shap_feature_selection_extratrees_p1_20260527_001506,P1_thiram_presence,Thiram Presence,30,146,1011,1411.0,0.0010752666130054
shap_feature_selection_extratrees_p1_20260527_001506,P1_thiram_presence,Thiram Presence,30,147,1176,1576.0,0.0010682729254108
shap_feature_selection_extratrees_p1_20260527_001506,P1_thiram_presence,Thiram Presence,30,148,601,1001.0,0.0010682384015575
shap_feature_selection_extratrees_p1_20260527_001506,P1_thiram_presence,Thiram Presence,30,149,1017,1417.0,0.0010654338616139
shap_feature_selection_extratrees_p1_20260527_001506,P1_thiram_presence,Thiram Presence,30,150,600,1000.0,0.0010619648835706
shap_feature_selection_extratrees_p1_20260527_001506,P1_thiram_presence,Thiram Presence,30,151,1025,1425.0,0.0010559720997467
shap_feature_selection_extratrees_p1_20260527_001506,P1_thiram_presence,Thiram Presence,30,152,1018,1418.0,0.0010557858067536
shap_feature_selection_extratrees_p1_20260527_001506,P1_thiram_presence,Thiram Presence,30,153,586,986.0,0.0010535645729408
shap_feature_selection_extratrees_p1_20260527_001506,P1_thiram_presence,Thiram Presence,30,154,155,555.0,0.0010509693389269
shap_feature_selection_extratrees_p1_20260527_001506,P1_thiram_presence,Thiram Presence,30,155,385,785.0,0.001049236306327
shap_feature_selection_extratrees_p1_20260527_001506,P1_thiram_presence,Thiram Presence,30,156,1105,1505.0,0.0010486052638299
shap_feature_selection_extratrees_p1_20260527_001506,P1_thiram_presence,Thiram Presence,30,157,1155,1555.0,0.0010411337021432
shap_feature_selection_extratrees_p1_20260527_001506,P1_thiram_presence,Thiram Presence,30,158,661,1061.0,0.0010402631710882
shap_feature_selection_extratrees_p1_20260527_001506,P1_thiram_presence,Thiram Presence,30,159,560,960.0,0.0010387524255375
shap_feature_selection_extratrees_p1_20260527_001506,P1_thiram_presence,Thiram Presence,30,160,782,1182.0,0.0010386601863832
shap_feature_selection_extratrees_p1_20260527_001506,P1_thiram_presence,Thiram Presence,30,161,1171,1571.0,0.0010358080470798
shap_feature_selection_extratrees_p1_20260527_001506,P1_thiram_presence,Thiram Presence,30,162,1019,1419.0,0.0010338344890729
shap_feature_selection_extratrees_p1_20260527_001506,P1_thiram_presence,Thiram Presence,30,163,728,1128.0,0.0010338169446497
shap_feature_selection_extratrees_p1_20260527_001506,P1_thiram_presence,Thiram Presence,30,164,158,558.0,0.0010329260292878
shap_feature_selection_extratrees_p1_20260527_001506,P1_thiram_presence,Thiram Presence,30,165,579,979.0,0.0010321754267132
shap_feature_selection_extratrees_p1_20260527_001506,P1_thiram_presence,Thiram Presence,30,166,1009,1409.0,0.0010277473011558
shap_feature_selection_extratrees_p1_20260527_001506,P1_thiram_presence,Thiram Presence,30,167,679,1079.0,0.0010261015905417
shap_feature_selection_extratrees_p1_20260527_001506,P1_thiram_presence,Thiram Presence,30,168,576,976.0,0.0010111578738567
shap_feature_selection_extratrees_p1_20260527_001506,P1_thiram_presence,Thiram Presence,30,169,564,964.0,0.0010083487151705
shap_feature_selection_extratrees_p1_20260527_001506,P1_thiram_presence,Thiram Presence,30,170,1184,1584.0,0.0010038238186102
shap_feature_selection_extratrees_p1_20260527_001506,P1_thiram_presence,Thiram Presence,30,171,929,1329.0,0.0009882196740562
shap_feature_selection_extratrees_p1_20260527_001506,P1_thiram_presence,Thiram Presence,30,172,577,977.0,0.000983395773305
shap_feature_selection_extratrees_p1_20260527_001506,P1_thiram_presence,Thiram Presence,30,173,724,1124.0,0.0009821300592644
shap_feature_selection_extratrees_p1_20260527_001506,P1_thiram_presence,Thiram Presence,30,174,1169,1569.0,0.0009681265966308
shap_feature_selection_extratrees_p1_20260527_001506,P1_thiram_presence,Thiram Presence,30,175,1177,1577.0,0.0009638197186689
shap_feature_selection_extratrees_p1_20260527_001506,P1_thiram_presence,Thiram Presence,30,176,575,975.0,0.0009632837075702
shap_feature_selection_extratrees_p1_20260527_001506,P1_thiram_presence,Thiram Presence,30,177,130,530.0,0.0009620041932459
shap_feature_selection_extratrees_p1_20260527_001506,P1_thiram_presence,Thiram Presence,30,178,1,401.0,0.0009619676688649
shap_feature_selection_extratrees_p1_20260527_001506,P1_thiram_presence,Thiram Presence,30,179,1365,1765.0,0.0009579938798922
shap_feature_selection_extratrees_p1_20260527_001506,P1_thiram_presence,Thiram Presence,30,180,1030,1430.0,0.0009544256640779
shap_feature_selection_extratrees_p1_20260527_001506,P1_thiram_presence,Thiram Presence,30,181,1146,1546.0,0.0009537546940167
shap_feature_selection_extratrees_p1_20260527_001506,P1_thiram_presence,Thiram Presence,30,182,383,783.0,0.0009531983047313
shap_feature_selection_extratrees_p1_20260527_001506,P1_thiram_presence,Thiram Presence,30,183,150,550.0,0.0009482989806425
shap_feature_selection_extratrees_p1_20260527_001506,P1_thiram_presence,Thiram Presence,30,184,632,1032.0,0.0009462507596954
shap_feature_selection_extratrees_p1_20260527_001506,P1_thiram_presence,Thiram Presence,30,185,387,787.0,0.0009462244139614
shap_feature_selection_extratrees_p1_20260527_001506,P1_thiram_presence,Thiram Presence,30,186,917,1317.0,0.0009460673419758
shap_feature_selection_extratrees_p1_20260527_001506,P1_thiram_presence,Thiram Presence,30,187,376,776.0,0.0009438751549134
shap_feature_selection_extratrees_p1_20260527_001506,P1_thiram_presence,Thiram Presence,30,188,655,1055.0,0.0009411990010853
shap_feature_selection_extratrees_p1_20260527_001506,P1_thiram_presence,Thiram Presence,30,189,1217,1617.0,0.0009308359459783
shap_feature_selection_extratrees_p1_20260527_001506,P1_thiram_presence,Thiram Presence,30,190,574,974.0,0.0009307746668845
shap_feature_selection_extratrees_p1_20260527_001506,P1_thiram_presence,Thiram Presence,30,191,956,1356.0,0.0009301541928211
shap_feature_selection_extratrees_p1_20260527_001506,P1_thiram_presence,Thiram Presence,30,192,1205,1605.0,0.0009243203106389
shap_feature_selection_extratrees_p1_20260527_001506,P1_thiram_presence,Thiram Presence,30,193,628,1028.0,0.0009231809699154
shap_feature_selection_extratrees_p1_20260527_001506,P1_thiram_presence,Thiram Presence,30,194,1195,1595.0,0.0009183366195121
shap_feature_selection_extratrees_p1_20260527_001506,P1_thiram_presence,Thiram Presence,30,195,734,1134.0,0.000916274278643
shap_feature_selection_extratrees_p1_20260527_001506,P1_thiram_presence,Thiram Presence,30,196,1191,1591.0,0.0009156317062728
shap_feature_selection_extratrees_p1_20260527_001506,P1_thiram_presence,Thiram Presence,30,197,1014,1414.0,0.0009143732548739
shap_feature_selection_extratrees_p1_20260527_001506,P1_thiram_presence,Thiram Presence,30,198,794,1194.0,0.0009103754582554
shap_feature_selection_extratrees_p1_20260527_001506,P1_thiram_presence,Thiram Presence,30,199,138,538.0,0.0009039850708036
shap_feature_selection_extratrees_p1_20260527_001506,P1_thiram_presence,Thiram Presence,30,200,329,729.0,0.0009010988300041
shap_feature_selection_extratrees_p1_20260527_001506,P1_thiram_presence,Thiram Presence,30,201,717,1117.0,0.0009007524589123
shap_feature_selection_extratrees_p1_20260527_001506,P1_thiram_presence,Thiram Presence,30,202,1095,1495.0,0.000895759375662
shap_feature_selection_extratrees_p1_20260527_001506,P1_thiram_presence,Thiram Presence,30,203,981,1381.0,0.0008949781119623
shap_feature_selection_extratrees_p1_20260527_001506,P1_thiram_presence,Thiram Presence,30,204,932,1332.0,0.0008936350953346
shap_feature_selection_extratrees_p1_20260527_001506,P1_thiram_presence,Thiram Presence,30,205,186,586.0,0.0008934574358855
shap_feature_selection_extratrees_p1_20260527_001506,P1_thiram_presence,Thiram Presence,30,206,1219,1619.0,0.0008921594381686
shap_feature_selection_extratrees_p1_20260527_001506,P1_thiram_presence,Thiram Presence,30,207,381,781.0,0.0008886427171257
shap_feature_selection_extratrees_p1_20260527_001506,P1_thiram_presence,Thiram Presence,30,208,926,1326.0,0.000883112996058
shap_feature_selection_extratrees_p1_20260527_001506,P1_thiram_presence,Thiram Presence,30,209,1024,1424.0,0.0008773157806302
shap_feature_selection_extratrees_p1_20260527_001506,P1_thiram_presence,Thiram Presence,30,210,1153,1553.0,0.0008706665497197
shap_feature_selection_extratrees_p1_20260527_001506,P1_thiram_presence,Thiram Presence,30,211,741,1141.0,0.0008656724431196
shap_feature_selection_extratrees_p1_20260527_001506,P1_thiram_presence,Thiram Presence,30,212,389,789.0,0.0008639423758428
shap_feature_selection_extratrees_p1_20260527_001506,P1_thiram_presence,Thiram Presence,30,213,626,1026.0,0.0008622788455129
shap_feature_selection_extratrees_p1_20260527_001506,P1_thiram_presence,Thiram Presence,30,214,735,1135.0,0.0008616556540269
shap_feature_selection_extratrees_p1_20260527_001506,P1_thiram_presence,Thiram Presence,30,215,1000,1400.0,0.0008606698045553
shap_feature_selection_extratrees_p1_20260527_001506,P1_thiram_presence,Thiram Presence,30,216,1008,1408.0,0.0008591280842043
shap_feature_selection_extratrees_p1_20260527_001506,P1_thiram_presence,Thiram Presence,30,217,571,971.0,0.0008590374511498
shap_feature_selection_extratrees_p1_20260527_001506,P1_thiram_presence,Thiram Presence,30,218,418,818.0,0.0008561094551671
shap_feature_selection_extratrees_p1_20260527_001506,P1_thiram_presence,Thiram Presence,30,219,286,686.0,0.0008551358617268
shap_feature_selection_extratrees_p1_20260527_001506,P1_thiram_presence,Thiram Presence,30,220,1137,1537.0,0.000853900493428
shap_feature_selection_extratrees_p1_20260527_001506,P1_thiram_presence,Thiram Presence,30,221,266,666.0,0.0008427372708875
shap_feature_selection_extratrees_p1_20260527_001506,P1_thiram_presence,Thiram Presence,30,222,4,404.0,0.0008424903463245
shap_feature_selection_extratrees_p1_20260527_001506,P1_thiram_presence,Thiram Presence,30,223,403,803.0,0.0008355645267559
shap_feature_selection_extratrees_p1_20260527_001506,P1_thiram_presence,Thiram Presence,30,224,957,1357.0,0.0008353874192888
shap_feature_selection_extratrees_p1_20260527_001506,P1_thiram_presence,Thiram Presence,30,225,582,982.0,0.0008339405687805
shap_feature_selection_extratrees_p1_20260527_001506,P1_thiram_presence,Thiram Presence,30,226,1214,1614.0,0.0008338899832872
shap_feature_selection_extratrees_p1_20260527_001506,P1_thiram_presence,Thiram Presence,30,227,1323,1723.0,0.0008264502564088
shap_feature_selection_extratrees_p1_20260527_001506,P1_thiram_presence,Thiram Presence,30,228,1198,1598.0,0.0008258868823749
shap_feature_selection_extratrees_p1_20260527_001506,P1_thiram_presence,Thiram Presence,30,229,185,585.0,0.0008223459252598
shap_feature_selection_extratrees_p1_20260527_001506,P1_thiram_presence,Thiram Presence,30,230,361,761.0,0.0008108757517671
shap_feature_selection_extratrees_p1_20260527_001506,P1_thiram_presence,Thiram Presence,30,231,1119,1519.0,0.0008087381860741
shap_feature_selection_extratrees_p1_20260527_001506,P1_thiram_presence,Thiram Presence,30,232,154,554.0,0.0008074262745344
shap_feature_selection_extratrees_p1_20260527_001506,P1_thiram_presence,Thiram Presence,30,233,629,1029.0,0.0008065848924737
shap_feature_selection_extratrees_p1_20260527_001506,P1_thiram_presence,Thiram Presence,30,234,1358,1758.0,0.0008042252965821
shap_feature_selection_extratrees_p1_20260527_001506,P1_thiram_presence,Thiram Presence,30,235,970,1370.0,0.0008037832563081
shap_feature_selection_extratrees_p1_20260527_001506,P1_thiram_presence,Thiram Presence,30,236,423,823.0,0.0008002624095122
shap_feature_selection_extratrees_p1_20260527_001506,P1_thiram_presence,Thiram Presence,30,237,264,664.0,0.0007998692503209
shap_feature_selection_extratrees_p1_20260527_001506,P1_thiram_presence,Thiram Presence,30,238,737,1137.0,0.0007991325332025
shap_feature_selection_extratrees_p1_20260527_001506,P1_thiram_presence,Thiram Presence,30,239,1222,1622.0,0.0007983548270233
shap_feature_selection_extratrees_p1_20260527_001506,P1_thiram_presence,Thiram Presence,30,240,1118,1518.0,0.0007960638975948
shap_feature_selection_extratrees_p1_20260527_001506,P1_thiram_presence,Thiram Presence,30,241,1196,1596.0,0.0007949027993411
shap_feature_selection_extratrees_p1_20260527_001506,P1_thiram_presence,Thiram Presence,30,242,640,1040.0,0.0007938171496025
shap_feature_selection_extratrees_p1_20260527_001506,P1_thiram_presence,Thiram Presence,30,243,634,1034.0,0.0007884142889466
shap_feature_selection_extratrees_p1_20260527_001506,P1_thiram_presence,Thiram Presence,30,244,1256,1656.0,0.0007873844215256
shap_feature_selection_extratrees_p1_20260527_001506,P1_thiram_presence,Thiram Presence,30,245,184,584.0,0.0007871783092414
shap_feature_selection_extratrees_p1_20260527_001506,P1_thiram_presence,Thiram Presence,30,246,2,402.0,0.0007843144100596
shap_feature_selection_extratrees_p1_20260527_001506,P1_thiram_presence,Thiram Presence,30,247,106,506.0,0.0007764012012089
shap_feature_selection_extratrees_p1_20260527_001506,P1_thiram_presence,Thiram Presence,30,248,1182,1582.0,0.0007758160319942
shap_feature_selection_extratrees_p1_20260527_001506,P1_thiram_presence,Thiram Presence,30,249,1215,1615.0,0.0007714746884
shap_feature_selection_extratrees_p1_20260527_001506,P1_thiram_presence,Thiram Presence,30,250,1202,1602.0,0.0007707445244274
shap_feature_selection_extratrees_p1_20260527_001506,P1_thiram_presence,Thiram Presence,30,251,1170,1570.0,0.0007658637306621
shap_feature_selection_extratrees_p1_20260527_001506,P1_thiram_presence,Thiram Presence,30,252,746,1146.0,0.0007610311552713
shap_feature_selection_extratrees_p1_20260527_001506,P1_thiram_presence,Thiram Presence,30,253,1034,1434.0,0.0007605733542557
shap_feature_selection_extratrees_p1_20260527_001506,P1_thiram_presence,Thiram Presence,30,254,393,793.0,0.0007600945268226
shap_feature_selection_extratrees_p1_20260527_001506,P1_thiram_presence,Thiram Presence,30,255,563,963.0,0.0007597030550448
shap_feature_selection_extratrees_p1_20260527_001506,P1_thiram_presence,Thiram Presence,30,256,663,1063.0,0.0007539300363952
shap_feature_selection_extratrees_p1_20260527_001506,P1_thiram_presence,Thiram Presence,30,257,421,821.0,0.0007531392481477
shap_feature_selection_extratrees_p1_20260527_001506,P1_thiram_presence,Thiram Presence,30,258,1325,1725.0,0.0007511254275516
shap_feature_selection_extratrees_p1_20260527_001506,P1_thiram_presence,Thiram Presence,30,259,358,758.0,0.0007510790919235
shap_feature_selection_extratrees_p1_20260527_001506,P1_thiram_presence,Thiram Presence,30,260,412,812.0,0.000749521521709
shap_feature_selection_extratrees_p1_20260527_001506,P1_thiram_presence,Thiram Presence,30,261,0,400.0,0.0007483763583051
shap_feature_selection_extratrees_p1_20260527_001506,P1_thiram_presence,Thiram Presence,30,262,561,961.0,0.0007459584907643
shap_feature_selection_extratrees_p1_20260527_001506,P1_thiram_presence,Thiram Presence,30,263,637,1037.0,0.0007406077677551
shap_feature_selection_extratrees_p1_20260527_001506,P1_thiram_presence,Thiram Presence,30,264,598,998.0,0.0007381671739921
shap_feature_selection_extratrees_p1_20260527_001506,P1_thiram_presence,Thiram Presence,30,265,1322,1722.0,0.0007331742455153
shap_feature_selection_extratrees_p1_20260527_001506,P1_thiram_presence,Thiram Presence,30,266,1152,1552.0,0.0007205019617933
shap_feature_selection_extratrees_p1_20260527_001506,P1_thiram_presence,Thiram Presence,30,267,678,1078.0,0.0007164188190588
shap_feature_selection_extratrees_p1_20260527_001506,P1_thiram_presence,Thiram Presence,30,268,397,797.0,0.0007148148468624
shap_feature_selection_extratrees_p1_20260527_001506,P1_thiram_presence,Thiram Presence,30,269,211,611.0,0.0007117033006489
shap_feature_selection_extratrees_p1_20260527_001506,P1_thiram_presence,Thiram Presence,30,270,1022,1422.0,0.0007082974053363
shap_feature_selection_extratrees_p1_20260527_001506,P1_thiram_presence,Thiram Presence,30,271,916,1316.0,0.0007061685937775
shap_feature_selection_extratrees_p1_20260527_001506,P1_thiram_presence,Thiram Presence,30,272,420,820.0,0.0007049087413897
shap_feature_selection_extratrees_p1_20260527_001506,P1_thiram_presence,Thiram Presence,30,273,1364,1764.0,0.0007024315908079
shap_feature_selection_extratrees_p1_20260527_001506,P1_thiram_presence,Thiram Presence,30,274,500,900.0,0.0006991534706308
shap_feature_selection_extratrees_p1_20260527_001506,P1_thiram_presence,Thiram Presence,30,275,498,898.0,0.0006970246665341
shap_feature_selection_extratrees_p1_20260527_001506,P1_thiram_presence,Thiram Presence,30,276,1302,1702.0,0.0006965266581851
shap_feature_selection_extratrees_p1_20260527_001506,P1_thiram_presence,Thiram Presence,30,277,587,987.0,0.0006936051109467
shap_feature_selection_extratrees_p1_20260527_001506,P1_thiram_presence,Thiram Presence,30,278,948,1348.0,0.0006898268867141
shap_feature_selection_extratrees_p1_20260527_001506,P1_thiram_presence,Thiram Presence,30,279,654,1054.0,0.0006895506131876
shap_feature_selection_extratrees_p1_20260527_001506,P1_thiram_presence,Thiram Presence,30,280,969,1369.0,0.0006883386869958
shap_feature_selection_extratrees_p1_20260527_001506,P1_thiram_presence,Thiram Presence,30,281,584,984.0,0.0006876035605569
shap_feature_selection_extratrees_p1_20260527_001506,P1_thiram_presence,Thiram Presence,30,282,565,965.0,0.000687525610975
shap_feature_selection_extratrees_p1_20260527_001506,P1_thiram_presence,Thiram Presence,30,283,1006,1406.0,0.0006873379537866
shap_feature_selection_extratrees_p1_20260527_001506,P1_thiram_presence,Thiram Presence,30,284,295,695.0,0.0006863766953225
shap_feature_selection_extratrees_p1_20260527_001506,P1_thiram_presence,Thiram Presence,30,285,793,1193.0,0.000684161744598
shap_feature_selection_extratrees_p1_20260527_001506,P1_thiram_presence,Thiram Presence,30,286,531,931.0,0.0006834633995368
shap_feature_selection_extratrees_p1_20260527_001506,P1_thiram_presence,Thiram Presence,30,287,1201,1601.0,0.0006831335780006
shap_feature_selection_extratrees_p1_20260527_001506,P1_thiram_presence,Thiram Presence,30,288,792,1192.0,0.0006812178536774
shap_feature_selection_extratrees_p1_20260527_001506,P1_thiram_presence,Thiram Presence,30,289,693,1093.0,0.000680774741587
shap_feature_selection_extratrees_p1_20260527_001506,P1_thiram_presence,Thiram Presence,30,290,1218,1618.0,0.0006800172435806
shap_feature_selection_extratrees_p1_20260527_001506,P1_thiram_presence,Thiram Presence,30,291,309,709.0,0.0006779698845326
shap_feature_selection_extratrees_p1_20260527_001506,P1_thiram_presence,Thiram Presence,30,292,422,822.0,0.0006771374037584
shap_feature_selection_extratrees_p1_20260527_001506,P1_thiram_presence,Thiram Presence,30,293,401,801.0,0.0006755345560363
shap_feature_selection_extratrees_p1_20260527_001506,P1_thiram_presence,Thiram Presence,30,294,1096,1496.0,0.0006731063398346
shap_feature_selection_extratrees_p1_20260527_001506,P1_thiram_presence,Thiram Presence,30,295,533,933.0,0.0006672650419884
shap_feature_selection_extratrees_p1_20260527_001506,P1_thiram_presence,Thiram Presence,30,296,1181,1581.0,0.0006657508771363
shap_feature_selection_extratrees_p1_20260527_001506,P1_thiram_presence,Thiram Presence,30,297,1172,1572.0,0.0006600461457349
shap_feature_selection_extratrees_p1_20260527_001506,P1_thiram_presence,Thiram Presence,30,298,1204,1604.0,0.0006590669120155
shap_feature_selection_extratrees_p1_20260527_001506,P1_thiram_presence,Thiram Presence,30,299,1016,1416.0,0.000658656093899
shap_feature_selection_extratrees_p1_20260527_001506,P1_thiram_presence,Thiram Presence,30,300,510,910.0,0.0006560298201103
shap_feature_selection_extratrees_p1_20260527_001506,P1_thiram_presence,Thiram Presence,30,301,953,1353.0,0.0006559545462237
shap_feature_selection_extratrees_p1_20260527_001506,P1_thiram_presence,Thiram Presence,30,302,997,1397.0,0.0006547801919407
shap_feature_selection_extratrees_p1_20260527_001506,P1_thiram_presence,Thiram Presence,30,303,105,505.0,0.0006534591942649
shap_feature_selection_extratrees_p1_20260527_001506,P1_thiram_presence,Thiram Presence,30,304,331,731.0,0.0006526499050847
shap_feature_selection_extratrees_p1_20260527_001506,P1_thiram_presence,Thiram Presence,30,305,382,782.0,0.0006499602565709
shap_feature_selection_extratrees_p1_20260527_001506,P1_thiram_presence,Thiram Presence,30,306,573,973.0,0.0006489226191401
shap_feature_selection_extratrees_p1_20260527_001506,P1_thiram_presence,Thiram Presence,30,307,780,1180.0,0.0006472871601741
shap_feature_selection_extratrees_p1_20260527_001506,P1_thiram_presence,Thiram Presence,30,308,391,791.0,0.0006470821857403
shap_feature_selection_extratrees_p1_20260527_001506,P1_thiram_presence,Thiram Presence,30,309,1223,1623.0,0.0006466242508983
shap_feature_selection_extratrees_p1_20260527_001506,P1_thiram_presence,Thiram Presence,30,310,514,914.0,0.0006463410246521
shap_feature_selection_extratrees_p1_20260527_001506,P1_thiram_presence,Thiram Presence,30,311,680,1080.0,0.0006460775292979
shap_feature_selection_extratrees_p1_20260527_001506,P1_thiram_presence,Thiram Presence,30,312,1005,1405.0,0.0006459106189559
shap_feature_selection_extratrees_p1_20260527_001506,P1_thiram_presence,Thiram Presence,30,313,1001,1401.0,0.0006455720250306
shap_feature_selection_extratrees_p1_20260527_001506,P1_thiram_presence,Thiram Presence,30,314,597,997.0,0.0006442869079435
shap_feature_selection_extratrees_p1_20260527_001506,P1_thiram_presence,Thiram Presence,30,315,967,1367.0,0.0006442347118724
shap_feature_selection_extratrees_p1_20260527_001506,P1_thiram_presence,Thiram Presence,30,316,918,1318.0,0.0006434724196668
shap_feature_selection_extratrees_p1_20260527_001506,P1_thiram_presence,Thiram Presence,30,317,1033,1433.0,0.000641442139238
shap_feature_selection_extratrees_p1_20260527_001506,P1_thiram_presence,Thiram Presence,30,318,1023,1423.0,0.0006388720403015
shap_feature_selection_extratrees_p1_20260527_001506,P1_thiram_presence,Thiram Presence,30,319,1224,1624.0,0.0006347756860937
shap_feature_selection_extratrees_p1_20260527_001506,P1_thiram_presence,Thiram Presence,30,320,392,792.0,0.0006339122374327
shap_feature_selection_extratrees_p1_20260527_001506,P1_thiram_presence,Thiram Presence,30,321,1002,1402.0,0.0006320968764627
shap_feature_selection_extratrees_p1_20260527_001506,P1_thiram_presence,Thiram Presence,30,322,1312,1712.0,0.0006308598635295
shap_feature_selection_extratrees_p1_20260527_001506,P1_thiram_presence,Thiram Presence,30,323,355,755.0,0.0006258554615989
shap_feature_selection_extratrees_p1_20260527_001506,P1_thiram_presence,Thiram Presence,30,324,1356,1756.0,0.0006257267016087
shap_feature_selection_extratrees_p1_20260527_001506,P1_thiram_presence,Thiram Presence,30,325,277,677.0,0.000625675075777
shap_feature_selection_extratrees_p1_20260527_001506,P1_thiram_presence,Thiram Presence,30,326,665,1065.0,0.0006240178169274
shap_feature_selection_extratrees_p1_20260527_001506,P1_thiram_presence,Thiram Presence,30,327,995,1395.0,0.0006225206640408
shap_feature_selection_extratrees_p1_20260527_001506,P1_thiram_presence,Thiram Presence,30,328,189,589.0,0.0006215632843259
shap_feature_selection_extratrees_p1_20260527_001506,P1_thiram_presence,Thiram Presence,30,329,769,1169.0,0.0006201963085279
shap_feature_selection_extratrees_p1_20260527_001506,P1_thiram_presence,Thiram Presence,30,330,1331,1731.0,0.000619473517739
shap_feature_selection_extratrees_p1_20260527_001506,P1_thiram_presence,Thiram Presence,30,331,583,983.0,0.0006181126309553
shap_feature_selection_extratrees_p1_20260527_001506,P1_thiram_presence,Thiram Presence,30,332,631,1031.0,0.0006165811345595
shap_feature_selection_extratrees_p1_20260527_001506,P1_thiram_presence,Thiram Presence,30,333,1136,1536.0,0.000616389391891
shap_feature_selection_extratrees_p1_20260527_001506,P1_thiram_presence,Thiram Presence,30,334,1270,1670.0,0.0006145350318406
shap_feature_selection_extratrees_p1_20260527_001506,P1_thiram_presence,Thiram Presence,30,335,1122,1522.0,0.0006117447238387
shap_feature_selection_extratrees_p1_20260527_001506,P1_thiram_presence,Thiram Presence,30,336,48,448.0,0.000611322869503
shap_feature_selection_extratrees_p1_20260527_001506,P1_thiram_presence,Thiram Presence,30,337,152,552.0,0.0006093343475853
shap_feature_selection_extratrees_p1_20260527_001506,P1_thiram_presence,Thiram Presence,30,338,558,958.0,0.0006088549403793
shap_feature_selection_extratrees_p1_20260527_001506,P1_thiram_presence,Thiram Presence,30,339,378,778.0,0.0006079818507957
shap_feature_selection_extratrees_p1_20260527_001506,P1_thiram_presence,Thiram Presence,30,340,1357,1757.0,0.0006059101962274
shap_feature_selection_extratrees_p1_20260527_001506,P1_thiram_presence,Thiram Presence,30,341,268,668.0,0.0006045744058186
shap_feature_selection_extratrees_p1_20260527_001506,P1_thiram_presence,Thiram Presence,30,342,572,972.0,0.0006028607358472
shap_feature_selection_extratrees_p1_20260527_001506,P1_thiram_presence,Thiram Presence,30,343,892,1292.0,0.0006024244823628
shap_feature_selection_extratrees_p1_20260527_001506,P1_thiram_presence,Thiram Presence,30,344,588,988.0,0.0006023102185748
shap_feature_selection_extratrees_p1_20260527_001506,P1_thiram_presence,Thiram Presence,30,345,1296,1696.0,0.0006017774875092
shap_feature_selection_extratrees_p1_20260527_001506,P1_thiram_presence,Thiram Presence,30,346,513,913.0,0.0006005958823743
shap_feature_selection_extratrees_p1_20260527_001506,P1_thiram_presence,Thiram Presence,30,347,704,1104.0,0.0006000854854176
shap_feature_selection_extratrees_p1_20260527_001506,P1_thiram_presence,Thiram Presence,30,348,590,990.0,0.0005955901422482
shap_feature_selection_extratrees_p1_20260527_001506,P1_thiram_presence,Thiram Presence,30,349,721,1121.0,0.0005935288135681
shap_feature_selection_extratrees_p1_20260527_001506,P1_thiram_presence,Thiram Presence,30,350,332,732.0,0.0005927887136716
shap_feature_selection_extratrees_p1_20260527_001506,P1_thiram_presence,Thiram Presence,30,351,443,843.0,0.0005872005482769
shap_feature_selection_extratrees_p1_20260527_001506,P1_thiram_presence,Thiram Presence,30,352,1031,1431.0,0.0005871479837446
shap_feature_selection_extratrees_p1_20260527_001506,P1_thiram_presence,Thiram Presence,30,353,501,901.0,0.000585676314314
shap_feature_selection_extratrees_p1_20260527_001506,P1_thiram_presence,Thiram Presence,30,354,760,1160.0,0.0005805164585357
shap_feature_selection_extratrees_p1_20260527_001506,P1_thiram_presence,Thiram Presence,30,355,112,512.0,0.000578911303553
shap_feature_selection_extratrees_p1_20260527_001506,P1_thiram_presence,Thiram Presence,30,356,77,477.0,0.0005783428120689
shap_feature_selection_extratrees_p1_20260527_001506,P1_thiram_presence,Thiram Presence,30,357,409,809.0,0.000577527074203
shap_feature_selection_extratrees_p1_20260527_001506,P1_thiram_presence,Thiram Presence,30,358,1313,1713.0,0.0005775257092549
shap_feature_selection_extratrees_p1_20260527_001506,P1_thiram_presence,Thiram Presence,30,359,301,701.0,0.0005774286383893
shap_feature_selection_extratrees_p1_20260527_001506,P1_thiram_presence,Thiram Presence,30,360,653,1053.0,0.0005768521033218
shap_feature_selection_extratrees_p1_20260527_001506,P1_thiram_presence,Thiram Presence,30,361,779,1179.0,0.0005765924473505
shap_feature_selection_extratrees_p1_20260527_001506,P1_thiram_presence,Thiram Presence,30,362,133,533.0,0.0005748492193772
shap_feature_selection_extratrees_p1_20260527_001506,P1_thiram_presence,Thiram Presence,30,363,955,1355.0,0.000571715589987
shap_feature_selection_extratrees_p1_20260527_001506,P1_thiram_presence,Thiram Presence,30,364,889,1289.0,0.0005696309962114
shap_feature_selection_extratrees_p1_20260527_001506,P1_thiram_presence,Thiram Presence,30,365,747,1147.0,0.0005690496666505
shap_feature_selection_extratrees_p1_20260527_001506,P1_thiram_presence,Thiram Presence,30,366,594,994.0,0.0005688393048715
shap_feature_selection_extratrees_p1_20260527_001506,P1_thiram_presence,Thiram Presence,30,367,30,430.0,0.0005670899332627
shap_feature_selection_extratrees_p1_20260527_001506,P1_thiram_presence,Thiram Presence,30,368,984,1384.0,0.0005670196643136
shap_feature_selection_extratrees_p1_20260527_001506,P1_thiram_presence,Thiram Presence,30,369,723,1123.0,0.0005647084434292
shap_feature_selection_extratrees_p1_20260527_001506,P1_thiram_presence,Thiram Presence,30,370,591,991.0,0.0005640654640743
shap_feature_selection_extratrees_p1_20260527_001506,P1_thiram_presence,Thiram Presence,30,371,692,1092.0,0.0005625981156185
shap_feature_selection_extratrees_p1_20260527_001506,P1_thiram_presence,Thiram Presence,30,372,1036,1436.0,0.0005617820315064
shap_feature_selection_extratrees_p1_20260527_001506,P1_thiram_presence,Thiram Presence,30,373,339,739.0,0.0005606367362764
shap_feature_selection_extratrees_p1_20260527_001506,P1_thiram_presence,Thiram Presence,30,374,1254,1654.0,0.0005589576434442
shap_feature_selection_extratrees_p1_20260527_001506,P1_thiram_presence,Thiram Presence,30,375,307,707.0,0.0005587096978039
shap_feature_selection_extratrees_p1_20260527_001506,P1_thiram_presence,Thiram Presence,30,376,808,1208.0,0.0005553908001095
shap_feature_selection_extratrees_p1_20260527_001506,P1_thiram_presence,Thiram Presence,30,377,1339,1739.0,0.0005548234095417
shap_feature_selection_extratrees_p1_20260527_001506,P1_thiram_presence,Thiram Presence,30,378,497,897.0,0.0005537605976745
shap_feature_selection_extratrees_p1_20260527_001506,P1_thiram_presence,Thiram Presence,30,379,638,1038.0,0.0005536668021423
shap_feature_selection_extratrees_p1_20260527_001506,P1_thiram_presence,Thiram Presence,30,380,134,534.0,0.0005526311921749
shap_feature_selection_extratrees_p1_20260527_001506,P1_thiram_presence,Thiram Presence,30,381,1200,1600.0,0.0005520072666425
shap_feature_selection_extratrees_p1_20260527_001506,P1_thiram_presence,Thiram Presence,30,382,1294,1694.0,0.0005514779890823
shap_feature_selection_extratrees_p1_20260527_001506,P1_thiram_presence,Thiram Presence,30,383,135,535.0,0.000549463074275
shap_feature_selection_extratrees_p1_20260527_001506,P1_thiram_presence,Thiram Presence,30,384,1300,1700.0,0.0005487481741769
shap_feature_selection_extratrees_p1_20260527_001506,P1_thiram_presence,Thiram Presence,30,385,1384,1784.0,0.000548519506376
shap_feature_selection_extratrees_p1_20260527_001506,P1_thiram_presence,Thiram Presence,30,386,781,1181.0,0.0005473673870881
shap_feature_selection_extratrees_p1_20260527_001506,P1_thiram_presence,Thiram Presence,30,387,182,582.0,0.0005454142794781
shap_feature_selection_extratrees_p1_20260527_001506,P1_thiram_presence,Thiram Presence,30,388,569,969.0,0.0005453917417604
shap_feature_selection_extratrees_p1_20260527_001506,P1_thiram_presence,Thiram Presence,30,389,416,816.0,0.0005447772232469
shap_feature_selection_extratrees_p1_20260527_001506,P1_thiram_presence,Thiram Presence,30,390,581,981.0,0.00054463859018
shap_feature_selection_extratrees_p1_20260527_001506,P1_thiram_presence,Thiram Presence,30,391,398,798.0,0.0005427452714154
shap_feature_selection_extratrees_p1_20260527_001506,P1_thiram_presence,Thiram Presence,30,392,796,1196.0,0.000540243502809
shap_feature_selection_extratrees_p1_20260527_001506,P1_thiram_presence,Thiram Presence,30,393,426,826.0,0.0005368281122157
shap_feature_selection_extratrees_p1_20260527_001506,P1_thiram_presence,Thiram Presence,30,394,359,759.0,0.0005367521321565
shap_feature_selection_extratrees_p1_20260527_001506,P1_thiram_presence,Thiram Presence,30,395,149,549.0,0.0005367251971747
shap_feature_selection_extratrees_p1_20260527_001506,P1_thiram_presence,Thiram Presence,30,396,143,543.0,0.0005356253376856
shap_feature_selection_extratrees_p1_20260527_001506,P1_thiram_presence,Thiram Presence,30,397,745,1145.0,0.0005355024832065
shap_feature_selection_extratrees_p1_20260527_001506,P1_thiram_presence,Thiram Presence,30,398,1089,1489.0,0.0005351322778261
shap_feature_selection_extratrees_p1_20260527_001506,P1_thiram_presence,Thiram Presence,30,399,402,802.0,0.0005344140154024
shap_feature_selection_extratrees_p1_20260527_001506,P1_thiram_presence,Thiram Presence,30,400,1174,1574.0,0.0005342773376426
shap_feature_selection_extratrees_p1_20260527_001506,P1_thiram_presence,Thiram Presence,30,401,263,663.0,0.0005325193116213
shap_feature_selection_extratrees_p1_20260527_001506,P1_thiram_presence,Thiram Presence,30,402,1090,1490.0,0.0005317744411032
shap_feature_selection_extratrees_p1_20260527_001506,P1_thiram_presence,Thiram Presence,30,403,212,612.0,0.0005293125719362
shap_feature_selection_extratrees_p1_20260527_001506,P1_thiram_presence,Thiram Presence,30,404,323,723.0,0.0005278813687111
shap_feature_selection_extratrees_p1_20260527_001506,P1_thiram_presence,Thiram Presence,30,405,399,799.0,0.0005263554058651
shap_feature_selection_extratrees_p1_20260527_001506,P1_thiram_presence,Thiram Presence,30,406,875,1275.0,0.0005242057716483
shap_feature_selection_extratrees_p1_20260527_001506,P1_thiram_presence,Thiram Presence,30,407,912,1312.0,0.0005233287497973
shap_feature_selection_extratrees_p1_20260527_001506,P1_thiram_presence,Thiram Presence,30,408,949,1349.0,0.0005216722123263
shap_feature_selection_extratrees_p1_20260527_001506,P1_thiram_presence,Thiram Presence,30,409,1271,1671.0,0.0005211810738862
shap_feature_selection_extratrees_p1_20260527_001506,P1_thiram_presence,Thiram Presence,30,410,1047,1447.0,0.0005159789781636
shap_feature_selection_extratrees_p1_20260527_001506,P1_thiram_presence,Thiram Presence,30,411,162,562.0,0.0005158192887602
shap_feature_selection_extratrees_p1_20260527_001506,P1_thiram_presence,Thiram Presence,30,412,161,561.0,0.0005156632240862
shap_feature_selection_extratrees_p1_20260527_001506,P1_thiram_presence,Thiram Presence,30,413,636,1036.0,0.0005134977502175
shap_feature_selection_extratrees_p1_20260527_001506,P1_thiram_presence,Thiram Presence,30,414,410,810.0,0.0005128423167457
shap_feature_selection_extratrees_p1_20260527_001506,P1_thiram_presence,Thiram Presence,30,415,998,1398.0,0.0005115755987787
shap_feature_selection_extratrees_p1_20260527_001506,P1_thiram_presence,Thiram Presence,30,416,148,548.0,0.0005104178904014
shap_feature_selection_extratrees_p1_20260527_001506,P1_thiram_presence,Thiram Presence,30,417,914,1314.0,0.0005101082873949
shap_feature_selection_extratrees_p1_20260527_001506,P1_thiram_presence,Thiram Presence,30,418,79,479.0,0.000509549566865
shap_feature_selection_extratrees_p1_20260527_001506,P1_thiram_presence,Thiram Presence,30,419,433,833.0,0.0005078569807003
shap_feature_selection_extratrees_p1_20260527_001506,P1_thiram_presence,Thiram Presence,30,420,1178,1578.0,0.0005062071800568
shap_feature_selection_extratrees_p1_20260527_001506,P1_thiram_presence,Thiram Presence,30,421,107,507.0,0.0005057244262691
shap_feature_selection_extratrees_p1_20260527_001506,P2_mg_presence,MG Presence,30,1,1208,1608.0,0.0057595097480764
shap_feature_selection_extratrees_p1_20260527_001506,P2_mg_presence,MG Presence,30,2,768,1168.0,0.0057304034377218
shap_feature_selection_extratrees_p1_20260527_001506,P2_mg_presence,MG Presence,30,3,1209,1609.0,0.005095157783385
shap_feature_selection_extratrees_p1_20260527_001506,P2_mg_presence,MG Presence,30,4,769,1169.0,0.0049209726992252
shap_feature_selection_extratrees_p1_20260527_001506,P2_mg_presence,MG Presence,30,5,1210,1610.0,0.0048043010285691
shap_feature_selection_extratrees_p1_20260527_001506,P2_mg_presence,MG Presence,30,6,816,1216.0,0.0047375398947246
shap_feature_selection_extratrees_p1_20260527_001506,P2_mg_presence,MG Presence,30,7,1207,1607.0,0.0047367861423936
shap_feature_selection_extratrees_p1_20260527_001506,P2_mg_presence,MG Presence,30,8,1206,1606.0,0.004704566852788
shap_feature_selection_extratrees_p1_20260527_001506,P2_mg_presence,MG Presence,30,9,1211,1611.0,0.0046965015977785
shap_feature_selection_extratrees_p1_20260527_001506,P2_mg_presence,MG Presence,30,10,814,1214.0,0.004356030375241
shap_feature_selection_extratrees_p1_20260527_001506,P2_mg_presence,MG Presence,30,11,1213,1613.0,0.004318940229694
shap_feature_selection_extratrees_p1_20260527_001506,P2_mg_presence,MG Presence,30,12,813,1213.0,0.0042480458423111
shap_feature_selection_extratrees_p1_20260527_001506,P2_mg_presence,MG Presence,30,13,771,1171.0,0.0042412822686473
shap_feature_selection_extratrees_p1_20260527_001506,P2_mg_presence,MG Presence,30,14,772,1172.0,0.0040146997704091
shap_feature_selection_extratrees_p1_20260527_001506,P2_mg_presence,MG Presence,30,15,1214,1614.0,0.004006685627086
shap_feature_selection_extratrees_p1_20260527_001506,P2_mg_presence,MG Presence,30,16,773,1173.0,0.0039683133312553
shap_feature_selection_extratrees_p1_20260527_001506,P2_mg_presence,MG Presence,30,17,765,1165.0,0.0035867243856998
shap_feature_selection_extratrees_p1_20260527_001506,P2_mg_presence,MG Presence,30,18,1212,1612.0,0.0032469395889714
shap_feature_selection_extratrees_p1_20260527_001506,P2_mg_presence,MG Presence,30,19,810,1210.0,0.0031178983086079
shap_feature_selection_extratrees_p1_20260527_001506,P2_mg_presence,MG Presence,30,20,994,1394.0,0.0031153188389786
shap_feature_selection_extratrees_p1_20260527_001506,P2_mg_presence,MG Presence,30,21,766,1166.0,0.0031011222729819
shap_feature_selection_extratrees_p1_20260527_001506,P2_mg_presence,MG Presence,30,22,1204,1604.0,0.0029572603519159
shap_feature_selection_extratrees_p1_20260527_001506,P2_mg_presence,MG Presence,30,23,812,1212.0,0.0028617191984152
shap_feature_selection_extratrees_p1_20260527_001506,P2_mg_presence,MG Presence,30,24,770,1170.0,0.0028521642320478
shap_feature_selection_extratrees_p1_20260527_001506,P2_mg_presence,MG Presence,30,25,1215,1615.0,0.0028167811375855
shap_feature_selection_extratrees_p1_20260527_001506,P2_mg_presence,MG Presence,30,26,764,1164.0,0.0026457007188895
shap_feature_selection_extratrees_p1_20260527_001506,P2_mg_presence,MG Presence,30,27,991,1391.0,0.0025702566137884
shap_feature_selection_extratrees_p1_20260527_001506,P2_mg_presence,MG Presence,30,28,1222,1622.0,0.0024226042234461
shap_feature_selection_extratrees_p1_20260527_001506,P2_mg_presence,MG Presence,30,29,762,1162.0,0.0024169847144642
shap_feature_selection_extratrees_p1_20260527_001506,P2_mg_presence,MG Presence,30,30,1218,1618.0,0.0023856694309222
shap_feature_selection_extratrees_p1_20260527_001506,P2_mg_presence,MG Presence,30,31,811,1211.0,0.0023508614038871
shap_feature_selection_extratrees_p1_20260527_001506,P2_mg_presence,MG Presence,30,32,1219,1619.0,0.0023163660870669
shap_feature_selection_extratrees_p1_20260527_001506,P2_mg_presence,MG Presence,30,33,992,1392.0,0.0022889791668335
shap_feature_selection_extratrees_p1_20260527_001506,P2_mg_presence,MG Presence,30,34,767,1167.0,0.0022734628185914
shap_feature_selection_extratrees_p1_20260527_001506,P2_mg_presence,MG Presence,30,35,1205,1605.0,0.0021768758283644
shap_feature_selection_extratrees_p1_20260527_001506,P2_mg_presence,MG Presence,30,36,761,1161.0,0.0021691887126987
shap_feature_selection_extratrees_p1_20260527_001506,P2_mg_presence,MG Presence,30,37,815,1215.0,0.0020311357914266
shap_feature_selection_extratrees_p1_20260527_001506,P2_mg_presence,MG Presence,30,38,888,1288.0,0.0019062652641579
shap_feature_selection_extratrees_p1_20260527_001506,P2_mg_presence,MG Presence,30,39,1223,1623.0,0.0018983605004028
shap_feature_selection_extratrees_p1_20260527_001506,P2_mg_presence,MG Presence,30,40,774,1174.0,0.0018075962216863
shap_feature_selection_extratrees_p1_20260527_001506,P2_mg_presence,MG Presence,30,41,809,1209.0,0.0018033327962388
shap_feature_selection_extratrees_p1_20260527_001506,P2_mg_presence,MG Presence,30,42,382,782.0,0.0017803496121907
shap_feature_selection_extratrees_p1_20260527_001506,P2_mg_presence,MG Presence,30,43,993,1393.0,0.001776479319598
shap_feature_selection_extratrees_p1_20260527_001506,P2_mg_presence,MG Presence,30,44,890,1290.0,0.0017694362268707
shap_feature_selection_extratrees_p1_20260527_001506,P2_mg_presence,MG Presence,30,45,1220,1620.0,0.0017671853890306
shap_feature_selection_extratrees_p1_20260527_001506,P2_mg_presence,MG Presence,30,46,1122,1522.0,0.0017637811426341
shap_feature_selection_extratrees_p1_20260527_001506,P2_mg_presence,MG Presence,30,47,1216,1616.0,0.0017636694407781
shap_feature_selection_extratrees_p1_20260527_001506,P2_mg_presence,MG Presence,30,48,775,1175.0,0.0017406423290145
shap_feature_selection_extratrees_p1_20260527_001506,P2_mg_presence,MG Presence,30,49,776,1176.0,0.0017368274598085
shap_feature_selection_extratrees_p1_20260527_001506,P2_mg_presence,MG Presence,30,50,893,1293.0,0.0016434927787151
shap_feature_selection_extratrees_p1_20260527_001506,P2_mg_presence,MG Presence,30,51,763,1163.0,0.0016383135223674
shap_feature_selection_extratrees_p1_20260527_001506,P2_mg_presence,MG Presence,30,52,897,1297.0,0.0016221445786586
shap_feature_selection_extratrees_p1_20260527_001506,P2_mg_presence,MG Presence,30,53,817,1217.0,0.001602297345195
shap_feature_selection_extratrees_p1_20260527_001506,P2_mg_presence,MG Presence,30,54,743,1143.0,0.0015652210061179
shap_feature_selection_extratrees_p1_20260527_001506,P2_mg_presence,MG Presence,30,55,386,786.0,0.0015504164940888
shap_feature_selection_extratrees_p1_20260527_001506,P2_mg_presence,MG Presence,30,56,163,563.0,0.0015487975007346
shap_feature_selection_extratrees_p1_20260527_001506,P2_mg_presence,MG Presence,30,57,760,1160.0,0.0015256640790751
shap_feature_selection_extratrees_p1_20260527_001506,P2_mg_presence,MG Presence,30,58,11,411.0,0.0015173074469589
shap_feature_selection_extratrees_p1_20260527_001506,P2_mg_presence,MG Presence,30,59,388,788.0,0.0015079488126286
shap_feature_selection_extratrees_p1_20260527_001506,P2_mg_presence,MG Presence,30,60,887,1287.0,0.001505951931227
shap_feature_selection_extratrees_p1_20260527_001506,P2_mg_presence,MG Presence,30,61,995,1395.0,0.0014868078842847
shap_feature_selection_extratrees_p1_20260527_001506,P2_mg_presence,MG Presence,30,62,1289,1689.0,0.001485888064681
shap_feature_selection_extratrees_p1_20260527_001506,P2_mg_presence,MG Presence,30,63,10,410.0,0.0014750923783939
shap_feature_selection_extratrees_p1_20260527_001506,P2_mg_presence,MG Presence,30,64,1224,1624.0,0.0014704363896138
shap_feature_selection_extratrees_p1_20260527_001506,P2_mg_presence,MG Presence,30,65,738,1138.0,0.0014616689621808
shap_feature_selection_extratrees_p1_20260527_001506,P2_mg_presence,MG Presence,30,66,886,1286.0,0.0014226476553992
shap_feature_selection_extratrees_p1_20260527_001506,P2_mg_presence,MG Presence,30,67,680,1080.0,0.0014040061054097
shap_feature_selection_extratrees_p1_20260527_001506,P2_mg_presence,MG Presence,30,68,777,1177.0,0.0014003388530212
shap_feature_selection_extratrees_p1_20260527_001506,P2_mg_presence,MG Presence,30,69,1225,1625.0,0.0013972026217121
shap_feature_selection_extratrees_p1_20260527_001506,P2_mg_presence,MG Presence,30,70,29,429.0,0.0013856996788664
shap_feature_selection_extratrees_p1_20260527_001506,P2_mg_presence,MG Presence,30,71,885,1285.0,0.0013657700135118
shap_feature_selection_extratrees_p1_20260527_001506,P2_mg_presence,MG Presence,30,72,14,414.0,0.0013653831471821
shap_feature_selection_extratrees_p1_20260527_001506,P2_mg_presence,MG Presence,30,73,12,412.0,0.0013535041562965
shap_feature_selection_extratrees_p1_20260527_001506,P2_mg_presence,MG Presence,30,74,313,713.0,0.0013236123047402
shap_feature_selection_extratrees_p1_20260527_001506,P2_mg_presence,MG Presence,30,75,944,1344.0,0.0012856104670166
shap_feature_selection_extratrees_p1_20260527_001506,P2_mg_presence,MG Presence,30,76,485,885.0,0.0012723773689726
shap_feature_selection_extratrees_p1_20260527_001506,P2_mg_presence,MG Presence,30,77,1221,1621.0,0.0012701692800493
shap_feature_selection_extratrees_p1_20260527_001506,P2_mg_presence,MG Presence,30,78,328,728.0,0.0012345725103426
shap_feature_selection_extratrees_p1_20260527_001506,P2_mg_presence,MG Presence,30,79,139,539.0,0.0012225175233963
shap_feature_selection_extratrees_p1_20260527_001506,P2_mg_presence,MG Presence,30,80,394,794.0,0.0012191062160546
shap_feature_selection_extratrees_p1_20260527_001506,P2_mg_presence,MG Presence,30,81,695,1095.0,0.001217220648618
shap_feature_selection_extratrees_p1_20260527_001506,P2_mg_presence,MG Presence,30,82,384,784.0,0.0011882650746357
shap_feature_selection_extratrees_p1_20260527_001506,P2_mg_presence,MG Presence,30,83,697,1097.0,0.0011871861512273
shap_feature_selection_extratrees_p1_20260527_001506,P2_mg_presence,MG Presence,30,84,990,1390.0,0.0011619924666447
shap_feature_selection_extratrees_p1_20260527_001506,P2_mg_presence,MG Presence,30,85,486,886.0,0.0011556073107054
shap_feature_selection_extratrees_p1_20260527_001506,P2_mg_presence,MG Presence,30,86,895,1295.0,0.0011469399265408
shap_feature_selection_extratrees_p1_20260527_001506,P2_mg_presence,MG Presence,30,87,1217,1617.0,0.0011262442691968
shap_feature_selection_extratrees_p1_20260527_001506,P2_mg_presence,MG Presence,30,88,1203,1603.0,0.0011193562132739
shap_feature_selection_extratrees_p1_20260527_001506,P2_mg_presence,MG Presence,30,89,8,408.0,0.00111471001456
shap_feature_selection_extratrees_p1_20260527_001506,P2_mg_presence,MG Presence,30,90,9,409.0,0.0011091540252117
shap_feature_selection_extratrees_p1_20260527_001506,P2_mg_presence,MG Presence,30,91,331,731.0,0.0010978566163597
shap_feature_selection_extratrees_p1_20260527_001506,P2_mg_presence,MG Presence,30,92,860,1260.0,0.0010959822410011
shap_feature_selection_extratrees_p1_20260527_001506,P2_mg_presence,MG Presence,30,93,808,1208.0,0.0010955233954721
shap_feature_selection_extratrees_p1_20260527_001506,P2_mg_presence,MG Presence,30,94,146,546.0,0.0010947389673589
shap_feature_selection_extratrees_p1_20260527_001506,P2_mg_presence,MG Presence,30,95,140,540.0,0.0010921190090443
shap_feature_selection_extratrees_p1_20260527_001506,P2_mg_presence,MG Presence,30,96,3,403.0,0.0010877402188233
shap_feature_selection_extratrees_p1_20260527_001506,P2_mg_presence,MG Presence,30,97,142,542.0,0.0010834302439766
shap_feature_selection_extratrees_p1_20260527_001506,P2_mg_presence,MG Presence,30,98,488,888.0,0.00107935029305
shap_feature_selection_extratrees_p1_20260527_001506,P2_mg_presence,MG Presence,30,99,859,1259.0,0.0010783024935749
shap_feature_selection_extratrees_p1_20260527_001506,P2_mg_presence,MG Presence,30,100,892,1292.0,0.0010729494687921
shap_feature_selection_extratrees_p1_20260527_001506,P2_mg_presence,MG Presence,30,101,1298,1698.0,0.0010670617499127
shap_feature_selection_extratrees_p1_20260527_001506,P2_mg_presence,MG Presence,30,102,312,712.0,0.00104994936466
shap_feature_selection_extratrees_p1_20260527_001506,P2_mg_presence,MG Presence,30,103,314,714.0,0.0010483767233458
shap_feature_selection_extratrees_p1_20260527_001506,P2_mg_presence,MG Presence,30,104,162,562.0,0.0010399057236161
shap_feature_selection_extratrees_p1_20260527_001506,P2_mg_presence,MG Presence,30,105,1028,1428.0,0.0010219242717407
shap_feature_selection_extratrees_p1_20260527_001506,P2_mg_presence,MG Presence,30,106,996,1396.0,0.0010106672862335
shap_feature_selection_extratrees_p1_20260527_001506,P2_mg_presence,MG Presence,30,107,103,503.0,0.0009998691237591
shap_feature_selection_extratrees_p1_20260527_001506,P2_mg_presence,MG Presence,30,108,894,1294.0,0.000993375328338
shap_feature_selection_extratrees_p1_20260527_001506,P2_mg_presence,MG Presence,30,109,1106,1506.0,0.0009837036762194
shap_feature_selection_extratrees_p1_20260527_001506,P2_mg_presence,MG Presence,30,110,141,541.0,0.0009816484748827
shap_feature_selection_extratrees_p1_20260527_001506,P2_mg_presence,MG Presence,30,111,164,564.0,0.0009774577953807
shap_feature_selection_extratrees_p1_20260527_001506,P2_mg_presence,MG Presence,30,112,444,844.0,0.0009669284787037
shap_feature_selection_extratrees_p1_20260527_001506,P2_mg_presence,MG Presence,30,113,31,431.0,0.0009594833969339
shap_feature_selection_extratrees_p1_20260527_001506,P2_mg_presence,MG Presence,30,114,737,1137.0,0.0009586312820574
shap_feature_selection_extratrees_p1_20260527_001506,P2_mg_presence,MG Presence,30,115,389,789.0,0.0009518004355227
shap_feature_selection_extratrees_p1_20260527_001506,P2_mg_presence,MG Presence,30,116,734,1134.0,0.0009423634086063
shap_feature_selection_extratrees_p1_20260527_001506,P2_mg_presence,MG Presence,30,117,889,1289.0,0.0009379681759948
shap_feature_selection_extratrees_p1_20260527_001506,P2_mg_presence,MG Presence,30,118,95,495.0,0.0009296094999879
shap_feature_selection_extratrees_p1_20260527_001506,P2_mg_presence,MG Presence,30,119,759,1159.0,0.0009044842814872
shap_feature_selection_extratrees_p1_20260527_001506,P2_mg_presence,MG Presence,30,120,1314,1714.0,0.0009033690029277
shap_feature_selection_extratrees_p1_20260527_001506,P2_mg_presence,MG Presence,30,121,1023,1423.0,0.0008944491176181
shap_feature_selection_extratrees_p1_20260527_001506,P2_mg_presence,MG Presence,30,122,682,1082.0,0.0008805021045262
shap_feature_selection_extratrees_p1_20260527_001506,P2_mg_presence,MG Presence,30,123,108,508.0,0.0008782425050508
shap_feature_selection_extratrees_p1_20260527_001506,P2_mg_presence,MG Presence,30,124,451,851.0,0.0008648587313486
shap_feature_selection_extratrees_p1_20260527_001506,P2_mg_presence,MG Presence,30,125,329,729.0,0.0008646654921672
shap_feature_selection_extratrees_p1_20260527_001506,P2_mg_presence,MG Presence,30,126,25,425.0,0.0008632158023912
shap_feature_selection_extratrees_p1_20260527_001506,P2_mg_presence,MG Presence,30,127,466,866.0,0.0008621634107249
shap_feature_selection_extratrees_p1_20260527_001506,P2_mg_presence,MG Presence,30,128,1290,1690.0,0.0008600542967807
shap_feature_selection_extratrees_p1_20260527_001506,P2_mg_presence,MG Presence,30,129,165,565.0,0.0008552368384445
shap_feature_selection_extratrees_p1_20260527_001506,P2_mg_presence,MG Presence,30,130,1016,1416.0,0.0008542387160403
shap_feature_selection_extratrees_p1_20260527_001506,P2_mg_presence,MG Presence,30,131,383,783.0,0.0008520112982471
shap_feature_selection_extratrees_p1_20260527_001506,P2_mg_presence,MG Presence,30,132,16,416.0,0.0008505494814245
shap_feature_selection_extratrees_p1_20260527_001506,P2_mg_presence,MG Presence,30,133,456,856.0,0.0008492952263581
shap_feature_selection_extratrees_p1_20260527_001506,P2_mg_presence,MG Presence,30,134,460,860.0,0.000849186153603
shap_feature_selection_extratrees_p1_20260527_001506,P2_mg_presence,MG Presence,30,135,450,850.0,0.000848231089288
shap_feature_selection_extratrees_p1_20260527_001506,P2_mg_presence,MG Presence,30,136,1296,1696.0,0.0008431351254675
shap_feature_selection_extratrees_p1_20260527_001506,P2_mg_presence,MG Presence,30,137,145,545.0,0.0008410909510512
shap_feature_selection_extratrees_p1_20260527_001506,P2_mg_presence,MG Presence,30,138,690,1090.0,0.0008399850003101
shap_feature_selection_extratrees_p1_20260527_001506,P2_mg_presence,MG Presence,30,139,896,1296.0,0.0008390974089506
shap_feature_selection_extratrees_p1_20260527_001506,P2_mg_presence,MG Presence,30,140,608,1008.0,0.0008382798179946
shap_feature_selection_extratrees_p1_20260527_001506,P2_mg_presence,MG Presence,30,141,144,544.0,0.0008353531917261
shap_feature_selection_extratrees_p1_20260527_001506,P2_mg_presence,MG Presence,30,142,161,561.0,0.0008346443233415
shap_feature_selection_extratrees_p1_20260527_001506,P2_mg_presence,MG Presence,30,143,209,609.0,0.0008338529390743
shap_feature_selection_extratrees_p1_20260527_001506,P2_mg_presence,MG Presence,30,144,951,1351.0,0.0008320138757528
shap_feature_selection_extratrees_p1_20260527_001506,P2_mg_presence,MG Presence,30,145,13,413.0,0.0008290671558584
shap_feature_selection_extratrees_p1_20260527_001506,P2_mg_presence,MG Presence,30,146,447,847.0,0.0008275967951806
shap_feature_selection_extratrees_p1_20260527_001506,P2_mg_presence,MG Presence,30,147,1026,1426.0,0.0008243885611553
shap_feature_selection_extratrees_p1_20260527_001506,P2_mg_presence,MG Presence,30,148,747,1147.0,0.0008232344516983
shap_feature_selection_extratrees_p1_20260527_001506,P2_mg_presence,MG Presence,30,149,982,1382.0,0.0008230388795809
shap_feature_selection_extratrees_p1_20260527_001506,P2_mg_presence,MG Presence,30,150,1318,1718.0,0.0008210801488803
shap_feature_selection_extratrees_p1_20260527_001506,P2_mg_presence,MG Presence,30,151,681,1081.0,0.00082096934506
shap_feature_selection_extratrees_p1_20260527_001506,P2_mg_presence,MG Presence,30,152,211,611.0,0.0008194855412531
shap_feature_selection_extratrees_p1_20260527_001506,P2_mg_presence,MG Presence,30,153,959,1359.0,0.0008185749107776
shap_feature_selection_extratrees_p1_20260527_001506,P2_mg_presence,MG Presence,30,154,843,1243.0,0.0008178950136173
shap_feature_selection_extratrees_p1_20260527_001506,P2_mg_presence,MG Presence,30,155,462,862.0,0.0008169462519482
shap_feature_selection_extratrees_p1_20260527_001506,P2_mg_presence,MG Presence,30,156,1286,1686.0,0.0008130664371078
shap_feature_selection_extratrees_p1_20260527_001506,P2_mg_presence,MG Presence,30,157,845,1245.0,0.0008099475726671
shap_feature_selection_extratrees_p1_20260527_001506,P2_mg_presence,MG Presence,30,158,26,426.0,0.000805761720422
shap_feature_selection_extratrees_p1_20260527_001506,P2_mg_presence,MG Presence,30,159,733,1133.0,0.0008055508112277
shap_feature_selection_extratrees_p1_20260527_001506,P2_mg_presence,MG Presence,30,160,1226,1626.0,0.0008050610868531
shap_feature_selection_extratrees_p1_20260527_001506,P2_mg_presence,MG Presence,30,161,148,548.0,0.000799086473409
shap_feature_selection_extratrees_p1_20260527_001506,P2_mg_presence,MG Presence,30,162,392,792.0,0.0007984626649676
shap_feature_selection_extratrees_p1_20260527_001506,P2_mg_presence,MG Presence,30,163,17,417.0,0.0007975660409504
shap_feature_selection_extratrees_p1_20260527_001506,P2_mg_presence,MG Presence,30,164,143,543.0,0.0007966784262309
shap_feature_selection_extratrees_p1_20260527_001506,P2_mg_presence,MG Presence,30,165,1285,1685.0,0.0007861846416436
shap_feature_selection_extratrees_p1_20260527_001506,P2_mg_presence,MG Presence,30,166,102,502.0,0.0007835942894635
shap_feature_selection_extratrees_p1_20260527_001506,P2_mg_presence,MG Presence,30,167,741,1141.0,0.0007748327585477
shap_feature_selection_extratrees_p1_20260527_001506,P2_mg_presence,MG Presence,30,168,1108,1508.0,0.0007718072883453
shap_feature_selection_extratrees_p1_20260527_001506,P2_mg_presence,MG Presence,30,169,922,1322.0,0.0007686418015787
shap_feature_selection_extratrees_p1_20260527_001506,P2_mg_presence,MG Presence,30,170,899,1299.0,0.0007681015861057
shap_feature_selection_extratrees_p1_20260527_001506,P2_mg_presence,MG Presence,30,171,315,715.0,0.0007627545104651
shap_feature_selection_extratrees_p1_20260527_001506,P2_mg_presence,MG Presence,30,172,1020,1420.0,0.0007609853486406
shap_feature_selection_extratrees_p1_20260527_001506,P2_mg_presence,MG Presence,30,173,24,424.0,0.000756064991711
shap_feature_selection_extratrees_p1_20260527_001506,P2_mg_presence,MG Presence,30,174,891,1291.0,0.0007516143119965
shap_feature_selection_extratrees_p1_20260527_001506,P2_mg_presence,MG Presence,30,175,1120,1520.0,0.0007511166222201
shap_feature_selection_extratrees_p1_20260527_001506,P2_mg_presence,MG Presence,30,176,1174,1574.0,0.0007507914432087
shap_feature_selection_extratrees_p1_20260527_001506,P2_mg_presence,MG Presence,30,177,672,1072.0,0.0007481384879559
shap_feature_selection_extratrees_p1_20260527_001506,P2_mg_presence,MG Presence,30,178,1300,1700.0,0.0007412543257781
shap_feature_selection_extratrees_p1_20260527_001506,P2_mg_presence,MG Presence,30,179,861,1261.0,0.0007372059047843
shap_feature_selection_extratrees_p1_20260527_001506,P2_mg_presence,MG Presence,30,180,731,1131.0,0.0007358822118111
shap_feature_selection_extratrees_p1_20260527_001506,P2_mg_presence,MG Presence,30,181,745,1145.0,0.0007352233306553
shap_feature_selection_extratrees_p1_20260527_001506,P2_mg_presence,MG Presence,30,182,97,497.0,0.0007320361584944
shap_feature_selection_extratrees_p1_20260527_001506,P2_mg_presence,MG Presence,30,183,33,433.0,0.000727055431752
shap_feature_selection_extratrees_p1_20260527_001506,P2_mg_presence,MG Presence,30,184,1117,1517.0,0.0007198421298336
shap_feature_selection_extratrees_p1_20260527_001506,P2_mg_presence,MG Presence,30,185,446,846.0,0.0007197773768935
shap_feature_selection_extratrees_p1_20260527_001506,P2_mg_presence,MG Presence,30,186,1202,1602.0,0.0007191923636628
shap_feature_selection_extratrees_p1_20260527_001506,P2_mg_presence,MG Presence,30,187,942,1342.0,0.0007189875704264
shap_feature_selection_extratrees_p1_20260527_001506,P2_mg_presence,MG Presence,30,188,678,1078.0,0.0007102272332948
shap_feature_selection_extratrees_p1_20260527_001506,P2_mg_presence,MG Presence,30,189,18,418.0,0.0007061140380826
shap_feature_selection_extratrees_p1_20260527_001506,P2_mg_presence,MG Presence,30,190,1118,1518.0,0.0007055187978753
shap_feature_selection_extratrees_p1_20260527_001506,P2_mg_presence,MG Presence,30,191,385,785.0,0.0007027956677362
shap_feature_selection_extratrees_p1_20260527_001506,P2_mg_presence,MG Presence,30,192,711,1111.0,0.0007019383559994
shap_feature_selection_extratrees_p1_20260527_001506,P2_mg_presence,MG Presence,30,193,1267,1667.0,0.000701935364056
shap_feature_selection_extratrees_p1_20260527_001506,P2_mg_presence,MG Presence,30,194,818,1218.0,0.000700286589289
shap_feature_selection_extratrees_p1_20260527_001506,P2_mg_presence,MG Presence,30,195,716,1116.0,0.0006998659411731
shap_feature_selection_extratrees_p1_20260527_001506,P2_mg_presence,MG Presence,30,196,691,1091.0,0.0006990755078754
shap_feature_selection_extratrees_p1_20260527_001506,P2_mg_presence,MG Presence,30,197,613,1013.0,0.0006968665742346
shap_feature_selection_extratrees_p1_20260527_001506,P2_mg_presence,MG Presence,30,198,2,402.0,0.000695828378702
shap_feature_selection_extratrees_p1_20260527_001506,P2_mg_presence,MG Presence,30,199,430,830.0,0.0006934147589131
shap_feature_selection_extratrees_p1_20260527_001506,P2_mg_presence,MG Presence,30,200,700,1100.0,0.0006888736747133
shap_feature_selection_extratrees_p1_20260527_001506,P2_mg_presence,MG Presence,30,201,847,1247.0,0.0006852210632378
shap_feature_selection_extratrees_p1_20260527_001506,P2_mg_presence,MG Presence,30,202,1172,1572.0,0.0006849865663449
shap_feature_selection_extratrees_p1_20260527_001506,P2_mg_presence,MG Presence,30,203,998,1398.0,0.0006829174502076
shap_feature_selection_extratrees_p1_20260527_001506,P2_mg_presence,MG Presence,30,204,602,1002.0,0.0006818828932659
shap_feature_selection_extratrees_p1_20260527_001506,P2_mg_presence,MG Presence,30,205,978,1378.0,0.0006776617993624
shap_feature_selection_extratrees_p1_20260527_001506,P2_mg_presence,MG Presence,30,206,955,1355.0,0.0006764436968359
shap_feature_selection_extratrees_p1_20260527_001506,P2_mg_presence,MG Presence,30,207,746,1146.0,0.000675336723464
shap_feature_selection_extratrees_p1_20260527_001506,P2_mg_presence,MG Presence,30,208,1293,1693.0,0.0006716429556605
shap_feature_selection_extratrees_p1_20260527_001506,P2_mg_presence,MG Presence,30,209,675,1075.0,0.0006688564652667
shap_feature_selection_extratrees_p1_20260527_001506,P2_mg_presence,MG Presence,30,210,918,1318.0,0.000664121276257
shap_feature_selection_extratrees_p1_20260527_001506,P2_mg_presence,MG Presence,30,211,1104,1504.0,0.0006602185062463
shap_feature_selection_extratrees_p1_20260527_001506,P2_mg_presence,MG Presence,30,212,414,814.0,0.0006555923005152
shap_feature_selection_extratrees_p1_20260527_001506,P2_mg_presence,MG Presence,30,213,1125,1525.0,0.0006552485914955
shap_feature_selection_extratrees_p1_20260527_001506,P2_mg_presence,MG Presence,30,214,742,1142.0,0.0006528290875857
shap_feature_selection_extratrees_p1_20260527_001506,P2_mg_presence,MG Presence,30,215,35,435.0,0.0006524057408923
shap_feature_selection_extratrees_p1_20260527_001506,P2_mg_presence,MG Presence,30,216,848,1248.0,0.0006520283452197
shap_feature_selection_extratrees_p1_20260527_001506,P2_mg_presence,MG Presence,30,217,1154,1554.0,0.0006509606639411
shap_feature_selection_extratrees_p1_20260527_001506,P2_mg_presence,MG Presence,30,218,1025,1425.0,0.0006478168989295
shap_feature_selection_extratrees_p1_20260527_001506,P2_mg_presence,MG Presence,30,219,850,1250.0,0.0006465665207954
shap_feature_selection_extratrees_p1_20260527_001506,P2_mg_presence,MG Presence,30,220,919,1319.0,0.0006454461676958
shap_feature_selection_extratrees_p1_20260527_001506,P2_mg_presence,MG Presence,30,221,748,1148.0,0.0006395702949302
shap_feature_selection_extratrees_p1_20260527_001506,P2_mg_presence,MG Presence,30,222,1351,1751.0,0.0006386281252965
shap_feature_selection_extratrees_p1_20260527_001506,P2_mg_presence,MG Presence,30,223,5,405.0,0.000636791824241
shap_feature_selection_extratrees_p1_20260527_001506,P2_mg_presence,MG Presence,30,224,949,1349.0,0.0006344437759711
shap_feature_selection_extratrees_p1_20260527_001506,P2_mg_presence,MG Presence,30,225,911,1311.0,0.0006340664701758
shap_feature_selection_extratrees_p1_20260527_001506,P2_mg_presence,MG Presence,30,226,676,1076.0,0.0006333569633592
shap_feature_selection_extratrees_p1_20260527_001506,P2_mg_presence,MG Presence,30,227,1227,1627.0,0.0006308066384213
shap_feature_selection_extratrees_p1_20260527_001506,P2_mg_presence,MG Presence,30,228,1354,1754.0,0.000629961059327
shap_feature_selection_extratrees_p1_20260527_001506,P2_mg_presence,MG Presence,30,229,988,1388.0,0.0006297461074194
shap_feature_selection_extratrees_p1_20260527_001506,P2_mg_presence,MG Presence,30,230,842,1242.0,0.0006268828973498
shap_feature_selection_extratrees_p1_20260527_001506,P2_mg_presence,MG Presence,30,231,1283,1683.0,0.0006265093430239
shap_feature_selection_extratrees_p1_20260527_001506,P2_mg_presence,MG Presence,30,232,98,498.0,0.0006257426841032
shap_feature_selection_extratrees_p1_20260527_001506,P2_mg_presence,MG Presence,30,233,863,1263.0,0.0006240373086723
shap_feature_selection_extratrees_p1_20260527_001506,P2_mg_presence,MG Presence,30,234,607,1007.0,0.0006239085912888
shap_feature_selection_extratrees_p1_20260527_001506,P2_mg_presence,MG Presence,30,235,735,1135.0,0.0006228547652456
shap_feature_selection_extratrees_p1_20260527_001506,P2_mg_presence,MG Presence,30,236,436,836.0,0.000621843581921
shap_feature_selection_extratrees_p1_20260527_001506,P2_mg_presence,MG Presence,30,237,37,437.0,0.0006216269799938
shap_feature_selection_extratrees_p1_20260527_001506,P2_mg_presence,MG Presence,30,238,1,401.0,0.000617999117078
shap_feature_selection_extratrees_p1_20260527_001506,P2_mg_presence,MG Presence,30,239,1114,1514.0,0.0006177132698664
shap_feature_selection_extratrees_p1_20260527_001506,P2_mg_presence,MG Presence,30,240,147,547.0,0.0006156678911459
shap_feature_selection_extratrees_p1_20260527_001506,P2_mg_presence,MG Presence,30,241,1350,1750.0,0.0006152428256319
shap_feature_selection_extratrees_p1_20260527_001506,P2_mg_presence,MG Presence,30,242,1082,1482.0,0.0006142269707357
shap_feature_selection_extratrees_p1_20260527_001506,P2_mg_presence,MG Presence,30,243,1315,1715.0,0.0006120955143826
shap_feature_selection_extratrees_p1_20260527_001506,P2_mg_presence,MG Presence,30,244,1175,1575.0,0.0006120933994679
shap_feature_selection_extratrees_p1_20260527_001506,P2_mg_presence,MG Presence,30,245,670,1070.0,0.000611519370755
shap_feature_selection_extratrees_p1_20260527_001506,P2_mg_presence,MG Presence,30,246,379,779.0,0.0006103522357691
shap_feature_selection_extratrees_p1_20260527_001506,P2_mg_presence,MG Presence,30,247,807,1207.0,0.0006092689230234
shap_feature_selection_extratrees_p1_20260527_001506,P2_mg_presence,MG Presence,30,248,1182,1582.0,0.0006091233627617
shap_feature_selection_extratrees_p1_20260527_001506,P2_mg_presence,MG Presence,30,249,19,419.0,0.0006078566952092
shap_feature_selection_extratrees_p1_20260527_001506,P2_mg_presence,MG Presence,30,250,806,1206.0,0.0006059505239567
shap_feature_selection_extratrees_p1_20260527_001506,P2_mg_presence,MG Presence,30,251,858,1258.0,0.000605775217647
shap_feature_selection_extratrees_p1_20260527_001506,P2_mg_presence,MG Presence,30,252,381,781.0,0.0006037258621863
shap_feature_selection_extratrees_p1_20260527_001506,P2_mg_presence,MG Presence,30,253,1123,1523.0,0.0005992383481405
shap_feature_selection_extratrees_p1_20260527_001506,P2_mg_presence,MG Presence,30,254,623,1023.0,0.0005988738048314
shap_feature_selection_extratrees_p1_20260527_001506,P2_mg_presence,MG Presence,30,255,739,1139.0,0.0005986185956082
shap_feature_selection_extratrees_p1_20260527_001506,P2_mg_presence,MG Presence,30,256,685,1085.0,0.0005982141488639
shap_feature_selection_extratrees_p1_20260527_001506,P2_mg_presence,MG Presence,30,257,1000,1400.0,0.00059784131168
shap_feature_selection_extratrees_p1_20260527_001506,P2_mg_presence,MG Presence,30,258,442,842.0,0.0005908937776285
shap_feature_selection_extratrees_p1_20260527_001506,P2_mg_presence,MG Presence,30,259,463,863.0,0.0005875799498412
shap_feature_selection_extratrees_p1_20260527_001506,P2_mg_presence,MG Presence,30,260,1165,1565.0,0.0005860637817692
shap_feature_selection_extratrees_p1_20260527_001506,P2_mg_presence,MG Presence,30,261,536,936.0,0.0005858300884708
shap_feature_selection_extratrees_p1_20260527_001506,P2_mg_presence,MG Presence,30,262,720,1120.0,0.0005842110588832
shap_feature_selection_extratrees_p1_20260527_001506,P2_mg_presence,MG Presence,30,263,520,920.0,0.000583706238354
shap_feature_selection_extratrees_p1_20260527_001506,P2_mg_presence,MG Presence,30,264,941,1341.0,0.0005828031590648
shap_feature_selection_extratrees_p1_20260527_001506,P2_mg_presence,MG Presence,30,265,522,922.0,0.0005824003919614
shap_feature_selection_extratrees_p1_20260527_001506,P2_mg_presence,MG Presence,30,266,524,924.0,0.0005819004351902
shap_feature_selection_extratrees_p1_20260527_001506,P2_mg_presence,MG Presence,30,267,1145,1545.0,0.0005807839416154
shap_feature_selection_extratrees_p1_20260527_001506,P2_mg_presence,MG Presence,30,268,1363,1763.0,0.0005804697983535
shap_feature_selection_extratrees_p1_20260527_001506,P2_mg_presence,MG Presence,30,269,987,1387.0,0.0005804621089912
shap_feature_selection_extratrees_p1_20260527_001506,P2_mg_presence,MG Presence,30,270,715,1115.0,0.0005798931362422
shap_feature_selection_extratrees_p1_20260527_001506,P2_mg_presence,MG Presence,30,271,788,1188.0,0.0005796941278757
shap_feature_selection_extratrees_p1_20260527_001506,P2_mg_presence,MG Presence,30,272,867,1267.0,0.0005779379364094
shap_feature_selection_extratrees_p1_20260527_001506,P2_mg_presence,MG Presence,30,273,778,1178.0,0.0005776550038355
shap_feature_selection_extratrees_p1_20260527_001506,P2_mg_presence,MG Presence,30,274,950,1350.0,0.0005766546012648
shap_feature_selection_extratrees_p1_20260527_001506,P2_mg_presence,MG Presence,30,275,131,531.0,0.0005758888822294
shap_feature_selection_extratrees_p1_20260527_001506,P2_mg_presence,MG Presence,30,276,965,1365.0,0.00057574167143
shap_feature_selection_extratrees_p1_20260527_001506,P2_mg_presence,MG Presence,30,277,964,1364.0,0.0005754411852496
shap_feature_selection_extratrees_p1_20260527_001506,P2_mg_presence,MG Presence,30,278,712,1112.0,0.0005719226516816
shap_feature_selection_extratrees_p1_20260527_001506,P2_mg_presence,MG Presence,30,279,958,1358.0,0.0005707913228894
shap_feature_selection_extratrees_p1_20260527_001506,P2_mg_presence,MG Presence,30,280,198,598.0,0.0005694925726296
shap_feature_selection_extratrees_p1_20260527_001506,P2_mg_presence,MG Presence,30,281,374,774.0,0.0005693990430713
shap_feature_selection_extratrees_p1_20260527_001506,P2_mg_presence,MG Presence,30,282,1299,1699.0,0.0005688097942459
shap_feature_selection_extratrees_p1_20260527_001506,P2_mg_presence,MG Presence,30,283,973,1373.0,0.0005662398787229
shap_feature_selection_extratrees_p1_20260527_001506,P2_mg_presence,MG Presence,30,284,151,551.0,0.0005640804652782
shap_feature_selection_extratrees_p1_20260527_001506,P2_mg_presence,MG Presence,30,285,736,1136.0,0.0005615860053017
shap_feature_selection_extratrees_p1_20260527_001506,P2_mg_presence,MG Presence,30,286,862,1262.0,0.0005614711595512
shap_feature_selection_extratrees_p1_20260527_001506,P2_mg_presence,MG Presence,30,287,1019,1419.0,0.0005588687221742
shap_feature_selection_extratrees_p1_20260527_001506,P2_mg_presence,MG Presence,30,288,940,1340.0,0.0005561089105531
shap_feature_selection_extratrees_p1_20260527_001506,P2_mg_presence,MG Presence,30,289,758,1158.0,0.0005557534377511
shap_feature_selection_extratrees_p1_20260527_001506,P2_mg_presence,MG Presence,30,290,799,1199.0,0.0005554419046829
shap_feature_selection_extratrees_p1_20260527_001506,P2_mg_presence,MG Presence,30,291,974,1374.0,0.0005524551416382
shap_feature_selection_extratrees_p1_20260527_001506,P2_mg_presence,MG Presence,30,292,945,1345.0,0.000552394662607
shap_feature_selection_extratrees_p1_20260527_001506,P2_mg_presence,MG Presence,30,293,470,870.0,0.0005513405282602
shap_feature_selection_extratrees_p1_20260527_001506,P2_mg_presence,MG Presence,30,294,1022,1422.0,0.000550970284897
shap_feature_selection_extratrees_p1_20260527_001506,P2_mg_presence,MG Presence,30,295,1083,1483.0,0.0005474447464706
shap_feature_selection_extratrees_p1_20260527_001506,P2_mg_presence,MG Presence,30,296,937,1337.0,0.000544862636655
shap_feature_selection_extratrees_p1_20260527_001506,P2_mg_presence,MG Presence,30,297,943,1343.0,0.0005421406350081
shap_feature_selection_extratrees_p1_20260527_001506,P2_mg_presence,MG Presence,30,298,1126,1526.0,0.0005403929133908
shap_feature_selection_extratrees_p1_20260527_001506,P2_mg_presence,MG Presence,30,299,287,687.0,0.0005393173729837
shap_feature_selection_extratrees_p1_20260527_001506,P2_mg_presence,MG Presence,30,300,1352,1752.0,0.0005389964767587
shap_feature_selection_extratrees_p1_20260527_001506,P2_mg_presence,MG Presence,30,301,915,1315.0,0.0005361716174869
shap_feature_selection_extratrees_p1_20260527_001506,P2_mg_presence,MG Presence,30,302,1180,1580.0,0.0005353287943824
shap_feature_selection_extratrees_p1_20260527_001506,P2_mg_presence,MG Presence,30,303,688,1088.0,0.0005348368692125
shap_feature_selection_extratrees_p1_20260527_001506,P2_mg_presence,MG Presence,30,304,425,825.0,0.0005347241217899
shap_feature_selection_extratrees_p1_20260527_001506,P2_mg_presence,MG Presence,30,305,137,537.0,0.0005320947626511
shap_feature_selection_extratrees_p1_20260527_001506,P2_mg_presence,MG Presence,30,306,654,1054.0,0.0005312097653119
shap_feature_selection_extratrees_p1_20260527_001506,P2_mg_presence,MG Presence,30,307,989,1389.0,0.000528886125354
shap_feature_selection_extratrees_p1_20260527_001506,P2_mg_presence,MG Presence,30,308,1102,1502.0,0.0005273451880515
shap_feature_selection_extratrees_p1_20260527_001506,P2_mg_presence,MG Presence,30,309,1017,1417.0,0.0005267523354745
shap_feature_selection_extratrees_p1_20260527_001506,P2_mg_presence,MG Presence,30,310,476,876.0,0.0005266827933935
shap_feature_selection_extratrees_p1_20260527_001506,P2_mg_presence,MG Presence,30,311,979,1379.0,0.0005251197466239
shap_feature_selection_extratrees_p1_20260527_001506,P2_mg_presence,MG Presence,30,312,1251,1651.0,0.0005208882596409
shap_feature_selection_extratrees_p1_20260527_001506,P2_mg_presence,MG Presence,30,313,160,560.0,0.0005206669234826
shap_feature_selection_extratrees_p1_20260527_001506,P2_mg_presence,MG Presence,30,314,354,754.0,0.0005189582048632
shap_feature_selection_extratrees_p1_20260527_001506,P2_mg_presence,MG Presence,30,315,1353,1753.0,0.0005187212658669
shap_feature_selection_extratrees_p1_20260527_001506,P2_mg_presence,MG Presence,30,316,841,1241.0,0.0005184858774971
shap_feature_selection_extratrees_p1_20260527_001506,P2_mg_presence,MG Presence,30,317,109,509.0,0.000517312217524
shap_feature_selection_extratrees_p1_20260527_001506,P2_mg_presence,MG Presence,30,318,693,1093.0,0.0005162871146077
shap_feature_selection_extratrees_p1_20260527_001506,P2_mg_presence,MG Presence,30,319,323,723.0,0.0005159878537232
shap_feature_selection_extratrees_p1_20260527_001506,P2_mg_presence,MG Presence,30,320,966,1366.0,0.0005148837347193
shap_feature_selection_extratrees_p1_20260527_001506,P2_mg_presence,MG Presence,30,321,393,793.0,0.0005143422795186
shap_feature_selection_extratrees_p1_20260527_001506,P2_mg_presence,MG Presence,30,322,1155,1555.0,0.0005126325560707
shap_feature_selection_extratrees_p1_20260527_001506,P2_mg_presence,MG Presence,30,323,138,538.0,0.00051240866324
shap_feature_selection_extratrees_p1_20260527_001506,P2_mg_presence,MG Presence,30,324,309,709.0,0.0005116588560517
shap_feature_selection_extratrees_p1_20260527_001506,P2_mg_presence,MG Presence,30,325,351,751.0,0.0005110087192401
shap_feature_selection_extratrees_p1_20260527_001506,P2_mg_presence,MG Presence,30,326,1173,1573.0,0.0005108842294261
shap_feature_selection_extratrees_p1_20260527_001506,P2_mg_presence,MG Presence,30,327,99,499.0,0.0005107880568055
shap_feature_selection_extratrees_p1_20260527_001506,P2_mg_presence,MG Presence,30,328,1143,1543.0,0.0005102920695083
shap_feature_selection_extratrees_p1_20260527_001506,P2_mg_presence,MG Presence,30,329,679,1079.0,0.0005070413754784
shap_feature_selection_extratrees_p1_20260527_001506,P2_mg_presence,MG Presence,30,330,90,490.0,0.0005068828545995
shap_feature_selection_extratrees_p1_20260527_001506,P2_mg_presence,MG Presence,30,331,448,848.0,0.0005054430010849
shap_feature_selection_extratrees_p1_20260527_001506,P2_mg_presence,MG Presence,30,332,1330,1730.0,0.0005051920115703
shap_feature_selection_extratrees_p1_20260527_001506,P2_mg_presence,MG Presence,30,333,477,877.0,0.0005049750379044
shap_feature_selection_extratrees_p1_20260527_001506,P2_mg_presence,MG Presence,30,334,519,919.0,0.0005041362433587
shap_feature_selection_extratrees_p1_20260527_001506,P2_mg_presence,MG Presence,30,335,509,909.0,0.0005033050868939
shap_feature_selection_extratrees_p1_20260527_001506,P2_mg_presence,MG Presence,30,336,938,1338.0,0.0005029934082406
shap_feature_selection_extratrees_p1_20260527_001506,P2_mg_presence,MG Presence,30,337,390,790.0,0.0005028258077945
shap_feature_selection_extratrees_p1_20260527_001506,P2_mg_presence,MG Presence,30,338,714,1114.0,0.0005012184100966
shap_feature_selection_extratrees_p1_20260527_001506,P2_mg_presence,MG Presence,30,339,1142,1542.0,0.0004979594613256
shap_feature_selection_extratrees_p1_20260527_001506,P2_mg_presence,MG Presence,30,340,1317,1717.0,0.0004975674409673
shap_feature_selection_extratrees_p1_20260527_001506,P2_mg_presence,MG Presence,30,341,674,1074.0,0.0004970884327335
shap_feature_selection_extratrees_p1_20260527_001506,P2_mg_presence,MG Presence,30,342,311,711.0,0.0004949801547596
shap_feature_selection_extratrees_p1_20260527_001506,P2_mg_presence,MG Presence,30,343,960,1360.0,0.0004948382530197
shap_feature_selection_extratrees_p1_20260527_001506,P2_mg_presence,MG Presence,30,344,1007,1407.0,0.0004940848261702
shap_feature_selection_extratrees_p1_20260527_001506,P2_mg_presence,MG Presence,30,345,15,415.0,0.0004927513852099
shap_feature_selection_extratrees_p1_20260527_001506,P2_mg_presence,MG Presence,30,346,967,1367.0,0.0004901118839125
shap_feature_selection_extratrees_p1_20260527_001506,P2_mg_presence,MG Presence,30,347,179,579.0,0.000489981215693
shap_feature_selection_extratrees_p1_20260527_001506,P2_mg_presence,MG Presence,30,348,1030,1430.0,0.0004897323781599
shap_feature_selection_extratrees_p1_20260527_001506,P2_mg_presence,MG Presence,30,349,948,1348.0,0.000489730362056
shap_feature_selection_extratrees_p1_20260527_001506,P2_mg_presence,MG Presence,30,350,38,438.0,0.0004889050102067
shap_feature_selection_extratrees_p1_20260527_001506,P2_mg_presence,MG Presence,30,351,1109,1509.0,0.0004863943616369
shap_feature_selection_extratrees_p1_20260527_001506,P2_mg_presence,MG Presence,30,352,326,726.0,0.0004850682463088
shap_feature_selection_extratrees_p1_20260527_001506,P2_mg_presence,MG Presence,30,353,1157,1557.0,0.0004849204802024
shap_feature_selection_extratrees_p1_20260527_001506,P2_mg_presence,MG Presence,30,354,1249,1649.0,0.0004822438755652
shap_feature_selection_extratrees_p1_20260527_001506,P2_mg_presence,MG Presence,30,355,1355,1755.0,0.0004818100558997
shap_feature_selection_extratrees_p1_20260527_001506,P2_mg_presence,MG Presence,30,356,924,1324.0,0.0004812600749371
shap_feature_selection_extratrees_p1_20260527_001506,P2_mg_presence,MG Presence,30,357,717,1117.0,0.0004779670144726
shap_feature_selection_extratrees_p1_20260527_001506,P2_mg_presence,MG Presence,30,358,662,1062.0,0.0004774425220853
shap_feature_selection_extratrees_p1_20260527_001506,P2_mg_presence,MG Presence,30,359,1181,1581.0,0.0004772365629946
shap_feature_selection_extratrees_p1_20260527_001506,P2_mg_presence,MG Presence,30,360,273,673.0,0.0004761185342303
shap_feature_selection_extratrees_p1_20260527_001506,P2_mg_presence,MG Presence,30,361,779,1179.0,0.0004757914437622
shap_feature_selection_extratrees_p1_20260527_001506,P2_mg_presence,MG Presence,30,362,864,1264.0,0.0004752928516027
shap_feature_selection_extratrees_p1_20260527_001506,P2_mg_presence,MG Presence,30,363,21,421.0,0.0004750551026819
shap_feature_selection_extratrees_p1_20260527_001506,P2_mg_presence,MG Presence,30,364,1287,1687.0,0.000474392440164
shap_feature_selection_extratrees_p1_20260527_001506,P2_mg_presence,MG Presence,30,365,489,889.0,0.000474362283496
shap_feature_selection_extratrees_p1_20260527_001506,P2_mg_presence,MG Presence,30,366,999,1399.0,0.0004725470509993
shap_feature_selection_extratrees_p1_20260527_001506,P2_mg_presence,MG Presence,30,367,1124,1524.0,0.0004718728458141
shap_feature_selection_extratrees_p1_20260527_001506,P2_mg_presence,MG Presence,30,368,1013,1413.0,0.0004703041479583
shap_feature_selection_extratrees_p1_20260527_001506,P2_mg_presence,MG Presence,30,369,401,801.0,0.0004700386470543
shap_feature_selection_extratrees_p1_20260527_001506,P2_mg_presence,MG Presence,30,370,1199,1599.0,0.0004690981234131
shap_feature_selection_extratrees_p1_20260527_001506,P2_mg_presence,MG Presence,30,371,952,1352.0,0.0004671887285997
shap_feature_selection_extratrees_p1_20260527_001506,P2_mg_presence,MG Presence,30,372,251,651.0,0.0004668952000473
shap_feature_selection_extratrees_p1_20260527_001506,P2_mg_presence,MG Presence,30,373,490,890.0,0.0004656135632885
shap_feature_selection_extratrees_p1_20260527_001506,P2_mg_presence,MG Presence,30,374,740,1140.0,0.0004654695834907
shap_feature_selection_extratrees_p1_20260527_001506,P2_mg_presence,MG Presence,30,375,626,1026.0,0.0004643474162739
shap_feature_selection_extratrees_p1_20260527_001506,P2_mg_presence,MG Presence,30,376,32,432.0,0.000463237330437
shap_feature_selection_extratrees_p1_20260527_001506,P2_mg_presence,MG Presence,30,377,744,1144.0,0.0004622399955107
shap_feature_selection_extratrees_p1_20260527_001506,P2_mg_presence,MG Presence,30,378,1261,1661.0,0.0004621240275795
shap_feature_selection_extratrees_p1_20260527_001506,P2_mg_presence,MG Presence,30,379,203,603.0,0.0004615988377488
shap_feature_selection_extratrees_p1_20260527_001506,P2_mg_presence,MG Presence,30,380,443,843.0,0.0004613775848376
shap_feature_selection_extratrees_p1_20260527_001506,P2_mg_presence,MG Presence,30,381,88,488.0,0.0004600240781483
shap_feature_selection_extratrees_p1_20260527_001506,P2_mg_presence,MG Presence,30,382,610,1010.0,0.0004576743689921
shap_feature_selection_extratrees_p1_20260527_001506,P2_mg_presence,MG Presence,30,383,511,911.0,0.0004576606236179
shap_feature_selection_extratrees_p1_20260527_001506,P2_mg_presence,MG Presence,30,384,480,880.0,0.0004576605299295
shap_feature_selection_extratrees_p1_20260527_001506,P2_mg_presence,MG Presence,30,385,28,428.0,0.0004572744090878
shap_feature_selection_extratrees_p1_20260527_001506,P2_mg_presence,MG Presence,30,386,130,530.0,0.0004563730693571
shap_feature_selection_extratrees_p1_20260527_001506,P2_mg_presence,MG Presence,30,387,976,1376.0,0.0004561185943937
shap_feature_selection_extratrees_p1_20260527_001506,P2_mg_presence,MG Presence,30,388,800,1200.0,0.0004550821880628
shap_feature_selection_extratrees_p1_20260527_001506,P2_mg_presence,MG Presence,30,389,352,752.0,0.0004547021150349
shap_feature_selection_extratrees_p1_20260527_001506,P2_mg_presence,MG Presence,30,390,449,849.0,0.000452938508326
shap_feature_selection_extratrees_p1_20260527_001506,P2_mg_presence,MG Presence,30,391,158,558.0,0.0004529261248076
shap_feature_selection_extratrees_p1_20260527_001506,P2_mg_presence,MG Presence,30,392,1162,1562.0,0.000452464348822
shap_feature_selection_extratrees_p1_20260527_001506,P2_mg_presence,MG Presence,30,393,663,1063.0,0.000450701716565
shap_feature_selection_extratrees_p1_20260527_001506,P2_mg_presence,MG Presence,30,394,178,578.0,0.0004506530717754
shap_feature_selection_extratrees_p1_20260527_001506,P2_mg_presence,MG Presence,30,395,196,596.0,0.0004499775924397
shap_feature_selection_extratrees_p1_20260527_001506,P2_mg_presence,MG Presence,30,396,1015,1415.0,0.0004496774249525
shap_feature_selection_extratrees_p1_20260527_001506,P2_mg_presence,MG Presence,30,397,471,871.0,0.0004494683370241
shap_feature_selection_extratrees_p1_20260527_001506,P2_mg_presence,MG Presence,30,398,1008,1408.0,0.0004492659004481
shap_feature_selection_extratrees_p1_20260527_001506,P2_mg_presence,MG Presence,30,399,1115,1515.0,0.0004471090859482
shap_feature_selection_extratrees_p1_20260527_001506,P2_mg_presence,MG Presence,30,400,483,883.0,0.0004468249453475
shap_feature_selection_extratrees_p1_20260527_001506,P2_mg_presence,MG Presence,30,401,970,1370.0,0.000446770192017
shap_feature_selection_extratrees_p1_20260527_001506,P2_mg_presence,MG Presence,30,402,665,1065.0,0.0004461136718726
shap_feature_selection_extratrees_p1_20260527_001506,P2_mg_presence,MG Presence,30,403,1131,1531.0,0.0004458122392779
shap_feature_selection_extratrees_p1_20260527_001506,P2_mg_presence,MG Presence,30,404,402,802.0,0.0004455435281259
shap_feature_selection_extratrees_p1_20260527_001506,P2_mg_presence,MG Presence,30,405,667,1067.0,0.0004452307000644
shap_feature_selection_extratrees_p1_20260527_001506,P2_mg_presence,MG Presence,30,406,786,1186.0,0.000445002593717
shap_feature_selection_extratrees_p1_20260527_001506,P2_mg_presence,MG Presence,30,407,453,853.0,0.0004412320577683
shap_feature_selection_extratrees_p1_20260527_001506,P2_mg_presence,MG Presence,30,408,441,841.0,0.0004409021449139
shap_feature_selection_extratrees_p1_20260527_001506,P2_mg_presence,MG Presence,30,409,780,1180.0,0.0004408884742545
shap_feature_selection_extratrees_p1_20260527_001506,P2_mg_presence,MG Presence,30,410,702,1102.0,0.0004391154597354
shap_feature_selection_extratrees_p1_20260527_001506,P2_mg_presence,MG Presence,30,411,1270,1670.0,0.0004383128636922
shap_feature_selection_extratrees_p1_20260527_001506,P2_mg_presence,MG Presence,30,412,1097,1497.0,0.0004382461085149
shap_feature_selection_extratrees_p1_20260527_001506,P2_mg_presence,MG Presence,30,413,840,1240.0,0.0004382128661033
shap_feature_selection_extratrees_p1_20260527_001506,P2_mg_presence,MG Presence,30,414,523,923.0,0.0004378196798471
shap_feature_selection_extratrees_p1_20260527_001506,P2_mg_presence,MG Presence,30,415,1119,1519.0,0.0004342762507694
shap_feature_selection_extratrees_p1_20260527_001506,P2_mg_presence,MG Presence,30,416,969,1369.0,0.0004339547296145
shap_feature_selection_extratrees_p1_20260527_001506,P2_mg_presence,MG Presence,30,417,980,1380.0,0.000432159009157
shap_feature_selection_extratrees_p1_20260527_001506,P2_mg_presence,MG Presence,30,418,391,791.0,0.00043189226555
shap_feature_selection_extratrees_p1_20260527_001506,P2_mg_presence,MG Presence,30,419,325,725.0,0.0004310291566528
shap_feature_selection_extratrees_p1_20260527_001506,P2_mg_presence,MG Presence,30,420,983,1383.0,0.0004305821145116
shap_feature_selection_extratrees_p1_20260527_001506,P2_mg_presence,MG Presence,30,421,208,608.0,0.0004295094541242
shap_feature_selection_extratrees_p1_20260527_001506,P3_mba_presence,MBA Presence,30,1,672,1072.0,0.0087413580140631
shap_feature_selection_extratrees_p1_20260527_001506,P3_mba_presence,MBA Presence,30,2,1176,1576.0,0.0080482137393489
shap_feature_selection_extratrees_p1_20260527_001506,P3_mba_presence,MBA Presence,30,3,1179,1579.0,0.0080308023623594
shap_feature_selection_extratrees_p1_20260527_001506,P3_mba_presence,MBA Presence,30,4,1174,1574.0,0.0078285295982321
shap_feature_selection_extratrees_p1_20260527_001506,P3_mba_presence,MBA Presence,30,5,1172,1572.0,0.0069740608069591
shap_feature_selection_extratrees_p1_20260527_001506,P3_mba_presence,MBA Presence,30,6,1177,1577.0,0.0068873549999014
shap_feature_selection_extratrees_p1_20260527_001506,P3_mba_presence,MBA Presence,30,7,1178,1578.0,0.0063863004668238
shap_feature_selection_extratrees_p1_20260527_001506,P3_mba_presence,MBA Presence,30,8,661,1061.0,0.0060902410893533
shap_feature_selection_extratrees_p1_20260527_001506,P3_mba_presence,MBA Presence,30,9,1180,1580.0,0.006037144558822
shap_feature_selection_extratrees_p1_20260527_001506,P3_mba_presence,MBA Presence,30,10,1173,1573.0,0.0059305394218454
shap_feature_selection_extratrees_p1_20260527_001506,P3_mba_presence,MBA Presence,30,11,1167,1567.0,0.00587202194918
shap_feature_selection_extratrees_p1_20260527_001506,P3_mba_presence,MBA Presence,30,12,1169,1569.0,0.0056687390314836
shap_feature_selection_extratrees_p1_20260527_001506,P3_mba_presence,MBA Presence,30,13,668,1068.0,0.0056227498834354
shap_feature_selection_extratrees_p1_20260527_001506,P3_mba_presence,MBA Presence,30,14,1171,1571.0,0.005610371449263
shap_feature_selection_extratrees_p1_20260527_001506,P3_mba_presence,MBA Presence,30,15,670,1070.0,0.005553387120641
shap_feature_selection_extratrees_p1_20260527_001506,P3_mba_presence,MBA Presence,30,16,1181,1581.0,0.005540820687807
shap_feature_selection_extratrees_p1_20260527_001506,P3_mba_presence,MBA Presence,30,17,664,1064.0,0.0055161315831544
shap_feature_selection_extratrees_p1_20260527_001506,P3_mba_presence,MBA Presence,30,18,1182,1582.0,0.0053822094782946
shap_feature_selection_extratrees_p1_20260527_001506,P3_mba_presence,MBA Presence,30,19,674,1074.0,0.0052994951014282
shap_feature_selection_extratrees_p1_20260527_001506,P3_mba_presence,MBA Presence,30,20,669,1069.0,0.0052613360534643
shap_feature_selection_extratrees_p1_20260527_001506,P3_mba_presence,MBA Presence,30,21,666,1066.0,0.0051002062115708
shap_feature_selection_extratrees_p1_20260527_001506,P3_mba_presence,MBA Presence,30,22,1183,1583.0,0.0050850571591209
shap_feature_selection_extratrees_p1_20260527_001506,P3_mba_presence,MBA Presence,30,23,671,1071.0,0.005012360230199
shap_feature_selection_extratrees_p1_20260527_001506,P3_mba_presence,MBA Presence,30,24,1175,1575.0,0.0048107213655654
shap_feature_selection_extratrees_p1_20260527_001506,P3_mba_presence,MBA Presence,30,25,444,844.0,0.004637857850354
shap_feature_selection_extratrees_p1_20260527_001506,P3_mba_presence,MBA Presence,30,26,663,1063.0,0.0046012228628868
shap_feature_selection_extratrees_p1_20260527_001506,P3_mba_presence,MBA Presence,30,27,673,1073.0,0.0045580348031537
shap_feature_selection_extratrees_p1_20260527_001506,P3_mba_presence,MBA Presence,30,28,445,845.0,0.0044926128655303
shap_feature_selection_extratrees_p1_20260527_001506,P3_mba_presence,MBA Presence,30,29,659,1059.0,0.0044732541106469
shap_feature_selection_extratrees_p1_20260527_001506,P3_mba_presence,MBA Presence,30,30,662,1062.0,0.0044354565342128
shap_feature_selection_extratrees_p1_20260527_001506,P3_mba_presence,MBA Presence,30,31,665,1065.0,0.0043611749982504
shap_feature_selection_extratrees_p1_20260527_001506,P3_mba_presence,MBA Presence,30,32,1168,1568.0,0.0043017031290045
shap_feature_selection_extratrees_p1_20260527_001506,P3_mba_presence,MBA Presence,30,33,429,829.0,0.0042137420496421
shap_feature_selection_extratrees_p1_20260527_001506,P3_mba_presence,MBA Presence,30,34,675,1075.0,0.0033259764970779
shap_feature_selection_extratrees_p1_20260527_001506,P3_mba_presence,MBA Presence,30,35,1170,1570.0,0.0032805538168178
shap_feature_selection_extratrees_p1_20260527_001506,P3_mba_presence,MBA Presence,30,36,1166,1566.0,0.003168106603638
shap_feature_selection_extratrees_p1_20260527_001506,P3_mba_presence,MBA Presence,30,37,676,1076.0,0.0031551351883949
shap_feature_selection_extratrees_p1_20260527_001506,P3_mba_presence,MBA Presence,30,38,677,1077.0,0.0031543460910223
shap_feature_selection_extratrees_p1_20260527_001506,P3_mba_presence,MBA Presence,30,39,173,573.0,0.0030884672208019
shap_feature_selection_extratrees_p1_20260527_001506,P3_mba_presence,MBA Presence,30,40,436,836.0,0.0030263407373238
shap_feature_selection_extratrees_p1_20260527_001506,P3_mba_presence,MBA Presence,30,41,1185,1585.0,0.0028714896274195
shap_feature_selection_extratrees_p1_20260527_001506,P3_mba_presence,MBA Presence,30,42,430,830.0,0.0028127130886676
shap_feature_selection_extratrees_p1_20260527_001506,P3_mba_presence,MBA Presence,30,43,667,1067.0,0.0027378324698428
shap_feature_selection_extratrees_p1_20260527_001506,P3_mba_presence,MBA Presence,30,44,426,826.0,0.0027236108355119
shap_feature_selection_extratrees_p1_20260527_001506,P3_mba_presence,MBA Presence,30,45,47,447.0,0.0027200727970592
shap_feature_selection_extratrees_p1_20260527_001506,P3_mba_presence,MBA Presence,30,46,433,833.0,0.0026750423726487
shap_feature_selection_extratrees_p1_20260527_001506,P3_mba_presence,MBA Presence,30,47,428,828.0,0.0026712756411682
shap_feature_selection_extratrees_p1_20260527_001506,P3_mba_presence,MBA Presence,30,48,658,1058.0,0.0026572637379426
shap_feature_selection_extratrees_p1_20260527_001506,P3_mba_presence,MBA Presence,30,49,443,843.0,0.0023700962828256
shap_feature_selection_extratrees_p1_20260527_001506,P3_mba_presence,MBA Presence,30,50,654,1054.0,0.0022392011483161
shap_feature_selection_extratrees_p1_20260527_001506,P3_mba_presence,MBA Presence,30,51,448,848.0,0.0022276411335577
shap_feature_selection_extratrees_p1_20260527_001506,P3_mba_presence,MBA Presence,30,52,655,1055.0,0.0021596325450071
shap_feature_selection_extratrees_p1_20260527_001506,P3_mba_presence,MBA Presence,30,53,423,823.0,0.0020577260196195
shap_feature_selection_extratrees_p1_20260527_001506,P3_mba_presence,MBA Presence,30,54,450,850.0,0.0020243313836825
shap_feature_selection_extratrees_p1_20260527_001506,P3_mba_presence,MBA Presence,30,55,657,1057.0,0.0020070376060791
shap_feature_selection_extratrees_p1_20260527_001506,P3_mba_presence,MBA Presence,30,56,172,572.0,0.0019650407231804
shap_feature_selection_extratrees_p1_20260527_001506,P3_mba_presence,MBA Presence,30,57,1164,1564.0,0.0019530757132788
shap_feature_selection_extratrees_p1_20260527_001506,P3_mba_presence,MBA Presence,30,58,43,443.0,0.0019309468431839
shap_feature_selection_extratrees_p1_20260527_001506,P3_mba_presence,MBA Presence,30,59,435,835.0,0.0019303720630938
shap_feature_selection_extratrees_p1_20260527_001506,P3_mba_presence,MBA Presence,30,60,441,841.0,0.0019233710070299
shap_feature_selection_extratrees_p1_20260527_001506,P3_mba_presence,MBA Presence,30,61,424,824.0,0.0018858919393286
shap_feature_selection_extratrees_p1_20260527_001506,P3_mba_presence,MBA Presence,30,62,439,839.0,0.0018472690632614
shap_feature_selection_extratrees_p1_20260527_001506,P3_mba_presence,MBA Presence,30,63,446,846.0,0.0018418965690851
shap_feature_selection_extratrees_p1_20260527_001506,P3_mba_presence,MBA Presence,30,64,1184,1584.0,0.001836680165214
shap_feature_selection_extratrees_p1_20260527_001506,P3_mba_presence,MBA Presence,30,65,678,1078.0,0.0018293688489425
shap_feature_selection_extratrees_p1_20260527_001506,P3_mba_presence,MBA Presence,30,66,165,565.0,0.0018210558185328
shap_feature_selection_extratrees_p1_20260527_001506,P3_mba_presence,MBA Presence,30,67,660,1060.0,0.0017376448320391
shap_feature_selection_extratrees_p1_20260527_001506,P3_mba_presence,MBA Presence,30,68,175,575.0,0.0017228846525885
shap_feature_selection_extratrees_p1_20260527_001506,P3_mba_presence,MBA Presence,30,69,652,1052.0,0.0016974860384973
shap_feature_selection_extratrees_p1_20260527_001506,P3_mba_presence,MBA Presence,30,70,164,564.0,0.0016768121034562
shap_feature_selection_extratrees_p1_20260527_001506,P3_mba_presence,MBA Presence,30,71,1165,1565.0,0.0016763053637385
shap_feature_selection_extratrees_p1_20260527_001506,P3_mba_presence,MBA Presence,30,72,59,459.0,0.0016676666804234
shap_feature_selection_extratrees_p1_20260527_001506,P3_mba_presence,MBA Presence,30,73,432,832.0,0.0016477277539907
shap_feature_selection_extratrees_p1_20260527_001506,P3_mba_presence,MBA Presence,30,74,44,444.0,0.0016425395644987
shap_feature_selection_extratrees_p1_20260527_001506,P3_mba_presence,MBA Presence,30,75,162,562.0,0.0016143009242165
shap_feature_selection_extratrees_p1_20260527_001506,P3_mba_presence,MBA Presence,30,76,51,451.0,0.0015602195161876
shap_feature_selection_extratrees_p1_20260527_001506,P3_mba_presence,MBA Presence,30,77,48,448.0,0.0015498569264527
shap_feature_selection_extratrees_p1_20260527_001506,P3_mba_presence,MBA Presence,30,78,418,818.0,0.0015427274011067
shap_feature_selection_extratrees_p1_20260527_001506,P3_mba_presence,MBA Presence,30,79,176,576.0,0.0015216438833612
shap_feature_selection_extratrees_p1_20260527_001506,P3_mba_presence,MBA Presence,30,80,438,838.0,0.0015030791406666
shap_feature_selection_extratrees_p1_20260527_001506,P3_mba_presence,MBA Presence,30,81,1218,1618.0,0.0014807041525473
shap_feature_selection_extratrees_p1_20260527_001506,P3_mba_presence,MBA Presence,30,82,170,570.0,0.0014342907191364
shap_feature_selection_extratrees_p1_20260527_001506,P3_mba_presence,MBA Presence,30,83,49,449.0,0.0014317022568247
shap_feature_selection_extratrees_p1_20260527_001506,P3_mba_presence,MBA Presence,30,84,457,857.0,0.0014247064401473
shap_feature_selection_extratrees_p1_20260527_001506,P3_mba_presence,MBA Presence,30,85,648,1048.0,0.001413120279023
shap_feature_selection_extratrees_p1_20260527_001506,P3_mba_presence,MBA Presence,30,86,442,842.0,0.001388184607222
shap_feature_selection_extratrees_p1_20260527_001506,P3_mba_presence,MBA Presence,30,87,431,831.0,0.001382076649643
shap_feature_selection_extratrees_p1_20260527_001506,P3_mba_presence,MBA Presence,30,88,414,814.0,0.0013753997133263
shap_feature_selection_extratrees_p1_20260527_001506,P3_mba_presence,MBA Presence,30,89,398,798.0,0.0013650435697894
shap_feature_selection_extratrees_p1_20260527_001506,P3_mba_presence,MBA Presence,30,90,177,577.0,0.0013641891284295
shap_feature_selection_extratrees_p1_20260527_001506,P3_mba_presence,MBA Presence,30,91,451,851.0,0.0013516646032092
shap_feature_selection_extratrees_p1_20260527_001506,P3_mba_presence,MBA Presence,30,92,160,560.0,0.0013512802483253
shap_feature_selection_extratrees_p1_20260527_001506,P3_mba_presence,MBA Presence,30,93,679,1079.0,0.0013343020637755
shap_feature_selection_extratrees_p1_20260527_001506,P3_mba_presence,MBA Presence,30,94,58,458.0,0.0012971566622964
shap_feature_selection_extratrees_p1_20260527_001506,P3_mba_presence,MBA Presence,30,95,440,840.0,0.001279420835566
shap_feature_selection_extratrees_p1_20260527_001506,P3_mba_presence,MBA Presence,30,96,636,1036.0,0.0012686210318068
shap_feature_selection_extratrees_p1_20260527_001506,P3_mba_presence,MBA Presence,30,97,455,855.0,0.0012534729294761
shap_feature_selection_extratrees_p1_20260527_001506,P3_mba_presence,MBA Presence,30,98,61,461.0,0.0012424603762579
shap_feature_selection_extratrees_p1_20260527_001506,P3_mba_presence,MBA Presence,30,99,174,574.0,0.0012373433850602
shap_feature_selection_extratrees_p1_20260527_001506,P3_mba_presence,MBA Presence,30,100,396,796.0,0.001233485526618
shap_feature_selection_extratrees_p1_20260527_001506,P3_mba_presence,MBA Presence,30,101,437,837.0,0.0012101530519271
shap_feature_selection_extratrees_p1_20260527_001506,P3_mba_presence,MBA Presence,30,102,452,852.0,0.0012087096675846
shap_feature_selection_extratrees_p1_20260527_001506,P3_mba_presence,MBA Presence,30,103,60,460.0,0.0011967720210577
shap_feature_selection_extratrees_p1_20260527_001506,P3_mba_presence,MBA Presence,30,104,163,563.0,0.0011945562798317
shap_feature_selection_extratrees_p1_20260527_001506,P3_mba_presence,MBA Presence,30,105,392,792.0,0.0011818716736197
shap_feature_selection_extratrees_p1_20260527_001506,P3_mba_presence,MBA Presence,30,106,56,456.0,0.0011712309924106
shap_feature_selection_extratrees_p1_20260527_001506,P3_mba_presence,MBA Presence,30,107,434,834.0,0.0011415972877606
shap_feature_selection_extratrees_p1_20260527_001506,P3_mba_presence,MBA Presence,30,108,146,546.0,0.0011385404641074
shap_feature_selection_extratrees_p1_20260527_001506,P3_mba_presence,MBA Presence,30,109,656,1056.0,0.0011238949605622
shap_feature_selection_extratrees_p1_20260527_001506,P3_mba_presence,MBA Presence,30,110,53,453.0,0.0011215497714914
shap_feature_selection_extratrees_p1_20260527_001506,P3_mba_presence,MBA Presence,30,111,54,454.0,0.0011139312448164
shap_feature_selection_extratrees_p1_20260527_001506,P3_mba_presence,MBA Presence,30,112,449,849.0,0.0011066545879915
shap_feature_selection_extratrees_p1_20260527_001506,P3_mba_presence,MBA Presence,30,113,178,578.0,0.0011038560353347
shap_feature_selection_extratrees_p1_20260527_001506,P3_mba_presence,MBA Presence,30,114,42,442.0,0.0011007955110276
shap_feature_selection_extratrees_p1_20260527_001506,P3_mba_presence,MBA Presence,30,115,746,1146.0,0.0010897458753047
shap_feature_selection_extratrees_p1_20260527_001506,P3_mba_presence,MBA Presence,30,116,1044,1444.0,0.0010847760624022
shap_feature_selection_extratrees_p1_20260527_001506,P3_mba_presence,MBA Presence,30,117,1186,1586.0,0.0010842309150882
shap_feature_selection_extratrees_p1_20260527_001506,P3_mba_presence,MBA Presence,30,118,425,825.0,0.0010806889917303
shap_feature_selection_extratrees_p1_20260527_001506,P3_mba_presence,MBA Presence,30,119,152,552.0,0.0010650682379726
shap_feature_selection_extratrees_p1_20260527_001506,P3_mba_presence,MBA Presence,30,120,41,441.0,0.0010584148033298
shap_feature_selection_extratrees_p1_20260527_001506,P3_mba_presence,MBA Presence,30,121,395,795.0,0.0010488719068412
shap_feature_selection_extratrees_p1_20260527_001506,P3_mba_presence,MBA Presence,30,122,161,561.0,0.0010310329117851
shap_feature_selection_extratrees_p1_20260527_001506,P3_mba_presence,MBA Presence,30,123,634,1034.0,0.001029996963044
shap_feature_selection_extratrees_p1_20260527_001506,P3_mba_presence,MBA Presence,30,124,427,827.0,0.0010160904007817
shap_feature_selection_extratrees_p1_20260527_001506,P3_mba_presence,MBA Presence,30,125,45,445.0,0.0010152965316765
shap_feature_selection_extratrees_p1_20260527_001506,P3_mba_presence,MBA Presence,30,126,40,440.0,0.0009761782550948
shap_feature_selection_extratrees_p1_20260527_001506,P3_mba_presence,MBA Presence,30,127,168,568.0,0.0009730328310947
shap_feature_selection_extratrees_p1_20260527_001506,P3_mba_presence,MBA Presence,30,128,118,518.0,0.0009569290861862
shap_feature_selection_extratrees_p1_20260527_001506,P3_mba_presence,MBA Presence,30,129,65,465.0,0.0009533894482304
shap_feature_selection_extratrees_p1_20260527_001506,P3_mba_presence,MBA Presence,30,130,420,820.0,0.0009530264348198
shap_feature_selection_extratrees_p1_20260527_001506,P3_mba_presence,MBA Presence,30,131,117,517.0,0.0009491597779914
shap_feature_selection_extratrees_p1_20260527_001506,P3_mba_presence,MBA Presence,30,132,649,1049.0,0.0009435864181369
shap_feature_selection_extratrees_p1_20260527_001506,P3_mba_presence,MBA Presence,30,133,650,1050.0,0.0009377253857138
shap_feature_selection_extratrees_p1_20260527_001506,P3_mba_presence,MBA Presence,30,134,625,1025.0,0.0009364658918175
shap_feature_selection_extratrees_p1_20260527_001506,P3_mba_presence,MBA Presence,30,135,400,800.0,0.0009306215154672
shap_feature_selection_extratrees_p1_20260527_001506,P3_mba_presence,MBA Presence,30,136,447,847.0,0.0009298081236949
shap_feature_selection_extratrees_p1_20260527_001506,P3_mba_presence,MBA Presence,30,137,453,853.0,0.0009287881190115
shap_feature_selection_extratrees_p1_20260527_001506,P3_mba_presence,MBA Presence,30,138,113,513.0,0.0009265303444029
shap_feature_selection_extratrees_p1_20260527_001506,P3_mba_presence,MBA Presence,30,139,653,1053.0,0.0009166744726737
shap_feature_selection_extratrees_p1_20260527_001506,P3_mba_presence,MBA Presence,30,140,682,1082.0,0.0009157005807915
shap_feature_selection_extratrees_p1_20260527_001506,P3_mba_presence,MBA Presence,30,141,156,556.0,0.0008949683716456
shap_feature_selection_extratrees_p1_20260527_001506,P3_mba_presence,MBA Presence,30,142,344,744.0,0.0008936089663498
shap_feature_selection_extratrees_p1_20260527_001506,P3_mba_presence,MBA Presence,30,143,171,571.0,0.0008896717353815
shap_feature_selection_extratrees_p1_20260527_001506,P3_mba_presence,MBA Presence,30,144,456,856.0,0.0008881709588242
shap_feature_selection_extratrees_p1_20260527_001506,P3_mba_presence,MBA Presence,30,145,454,854.0,0.0008807723858496
shap_feature_selection_extratrees_p1_20260527_001506,P3_mba_presence,MBA Presence,30,146,507,907.0,0.0008786799581857
shap_feature_selection_extratrees_p1_20260527_001506,P3_mba_presence,MBA Presence,30,147,159,559.0,0.0008772451778699
shap_feature_selection_extratrees_p1_20260527_001506,P3_mba_presence,MBA Presence,30,148,647,1047.0,0.0008772115723654
shap_feature_selection_extratrees_p1_20260527_001506,P3_mba_presence,MBA Presence,30,149,151,551.0,0.000869949632332
shap_feature_selection_extratrees_p1_20260527_001506,P3_mba_presence,MBA Presence,30,150,186,586.0,0.0008680950199662
shap_feature_selection_extratrees_p1_20260527_001506,P3_mba_presence,MBA Presence,30,151,399,799.0,0.0008672293408259
shap_feature_selection_extratrees_p1_20260527_001506,P3_mba_presence,MBA Presence,30,152,1162,1562.0,0.0008478066120852
shap_feature_selection_extratrees_p1_20260527_001506,P3_mba_presence,MBA Presence,30,153,421,821.0,0.0008348940329032
shap_feature_selection_extratrees_p1_20260527_001506,P3_mba_presence,MBA Presence,30,154,157,557.0,0.0008268118774114
shap_feature_selection_extratrees_p1_20260527_001506,P3_mba_presence,MBA Presence,30,155,416,816.0,0.0008175060414793
shap_feature_selection_extratrees_p1_20260527_001506,P3_mba_presence,MBA Presence,30,156,685,1085.0,0.0008123996848987
shap_feature_selection_extratrees_p1_20260527_001506,P3_mba_presence,MBA Presence,30,157,310,710.0,0.0007934710575642
shap_feature_selection_extratrees_p1_20260527_001506,P3_mba_presence,MBA Presence,30,158,686,1086.0,0.0007929263865416
shap_feature_selection_extratrees_p1_20260527_001506,P3_mba_presence,MBA Presence,30,159,495,895.0,0.0007902552316082
shap_feature_selection_extratrees_p1_20260527_001506,P3_mba_presence,MBA Presence,30,160,582,982.0,0.0007834565409479
shap_feature_selection_extratrees_p1_20260527_001506,P3_mba_presence,MBA Presence,30,161,50,450.0,0.0007789153673492
shap_feature_selection_extratrees_p1_20260527_001506,P3_mba_presence,MBA Presence,30,162,1198,1598.0,0.0007773567542692
shap_feature_selection_extratrees_p1_20260527_001506,P3_mba_presence,MBA Presence,30,163,166,566.0,0.0007737479442306
shap_feature_selection_extratrees_p1_20260527_001506,P3_mba_presence,MBA Presence,30,164,119,519.0,0.0007625690383012
shap_feature_selection_extratrees_p1_20260527_001506,P3_mba_presence,MBA Presence,30,165,342,742.0,0.0007566303694279
shap_feature_selection_extratrees_p1_20260527_001506,P3_mba_presence,MBA Presence,30,166,624,1024.0,0.0007416451482234
shap_feature_selection_extratrees_p1_20260527_001506,P3_mba_presence,MBA Presence,30,167,148,548.0,0.0007393182162088
shap_feature_selection_extratrees_p1_20260527_001506,P3_mba_presence,MBA Presence,30,168,1219,1619.0,0.0007381273494368
shap_feature_selection_extratrees_p1_20260527_001506,P3_mba_presence,MBA Presence,30,169,52,452.0,0.0007268632831568
shap_feature_selection_extratrees_p1_20260527_001506,P3_mba_presence,MBA Presence,30,170,394,794.0,0.0007187703989617
shap_feature_selection_extratrees_p1_20260527_001506,P3_mba_presence,MBA Presence,30,171,412,812.0,0.0007108964028969
shap_feature_selection_extratrees_p1_20260527_001506,P3_mba_presence,MBA Presence,30,172,684,1084.0,0.0007080596742423
shap_feature_selection_extratrees_p1_20260527_001506,P3_mba_presence,MBA Presence,30,173,153,553.0,0.0006979059170715
shap_feature_selection_extratrees_p1_20260527_001506,P3_mba_presence,MBA Presence,30,174,643,1043.0,0.0006880860266004
shap_feature_selection_extratrees_p1_20260527_001506,P3_mba_presence,MBA Presence,30,175,943,1343.0,0.0006799111235667
shap_feature_selection_extratrees_p1_20260527_001506,P3_mba_presence,MBA Presence,30,176,141,541.0,0.000664334087047
shap_feature_selection_extratrees_p1_20260527_001506,P3_mba_presence,MBA Presence,30,177,635,1035.0,0.0006615623042715
shap_feature_selection_extratrees_p1_20260527_001506,P3_mba_presence,MBA Presence,30,178,122,522.0,0.0006503237752141
shap_feature_selection_extratrees_p1_20260527_001506,P3_mba_presence,MBA Presence,30,179,750,1150.0,0.0006479790633558
shap_feature_selection_extratrees_p1_20260527_001506,P3_mba_presence,MBA Presence,30,180,315,715.0,0.0006467101035688
shap_feature_selection_extratrees_p1_20260527_001506,P3_mba_presence,MBA Presence,30,181,461,861.0,0.0006345382096807
shap_feature_selection_extratrees_p1_20260527_001506,P3_mba_presence,MBA Presence,30,182,46,446.0,0.0006283313447574
shap_feature_selection_extratrees_p1_20260527_001506,P3_mba_presence,MBA Presence,30,183,207,607.0,0.0006269936138206
shap_feature_selection_extratrees_p1_20260527_001506,P3_mba_presence,MBA Presence,30,184,204,604.0,0.0006246089311163
shap_feature_selection_extratrees_p1_20260527_001506,P3_mba_presence,MBA Presence,30,185,623,1023.0,0.0006130354948141
shap_feature_selection_extratrees_p1_20260527_001506,P3_mba_presence,MBA Presence,30,186,942,1342.0,0.0006099301892721
shap_feature_selection_extratrees_p1_20260527_001506,P3_mba_presence,MBA Presence,30,187,747,1147.0,0.0006087272549604
shap_feature_selection_extratrees_p1_20260527_001506,P3_mba_presence,MBA Presence,30,188,946,1346.0,0.0006085783798917
shap_feature_selection_extratrees_p1_20260527_001506,P3_mba_presence,MBA Presence,30,189,267,667.0,0.000606471208421
shap_feature_selection_extratrees_p1_20260527_001506,P3_mba_presence,MBA Presence,30,190,55,455.0,0.0006043410168602
shap_feature_selection_extratrees_p1_20260527_001506,P3_mba_presence,MBA Presence,30,191,422,822.0,0.0006039965440076
shap_feature_selection_extratrees_p1_20260527_001506,P3_mba_presence,MBA Presence,30,192,187,587.0,0.0006016835662409
shap_feature_selection_extratrees_p1_20260527_001506,P3_mba_presence,MBA Presence,30,193,415,815.0,0.0005998946316365
shap_feature_selection_extratrees_p1_20260527_001506,P3_mba_presence,MBA Presence,30,194,397,797.0,0.0005992554899798
shap_feature_selection_extratrees_p1_20260527_001506,P3_mba_presence,MBA Presence,30,195,814,1214.0,0.0005991538775137
shap_feature_selection_extratrees_p1_20260527_001506,P3_mba_presence,MBA Presence,30,196,306,706.0,0.0005982293468314
shap_feature_selection_extratrees_p1_20260527_001506,P3_mba_presence,MBA Presence,30,197,944,1344.0,0.0005890136194749
shap_feature_selection_extratrees_p1_20260527_001506,P3_mba_presence,MBA Presence,30,198,114,514.0,0.000585971593272
shap_feature_selection_extratrees_p1_20260527_001506,P3_mba_presence,MBA Presence,30,199,1220,1620.0,0.000585413282857
shap_feature_selection_extratrees_p1_20260527_001506,P3_mba_presence,MBA Presence,30,200,1045,1445.0,0.0005801081406201
shap_feature_selection_extratrees_p1_20260527_001506,P3_mba_presence,MBA Presence,30,201,389,789.0,0.0005787966565147
shap_feature_selection_extratrees_p1_20260527_001506,P3_mba_presence,MBA Presence,30,202,496,896.0,0.0005751777181667
shap_feature_selection_extratrees_p1_20260527_001506,P3_mba_presence,MBA Presence,30,203,388,788.0,0.0005741387793572
shap_feature_selection_extratrees_p1_20260527_001506,P3_mba_presence,MBA Presence,30,204,179,579.0,0.0005715238467499
shap_feature_selection_extratrees_p1_20260527_001506,P3_mba_presence,MBA Presence,30,205,225,625.0,0.000568724416303
shap_feature_selection_extratrees_p1_20260527_001506,P3_mba_presence,MBA Presence,30,206,806,1206.0,0.0005651246408565
shap_feature_selection_extratrees_p1_20260527_001506,P3_mba_presence,MBA Presence,30,207,343,743.0,0.0005629298376131
shap_feature_selection_extratrees_p1_20260527_001506,P3_mba_presence,MBA Presence,30,208,155,555.0,0.0005628365370788
shap_feature_selection_extratrees_p1_20260527_001506,P3_mba_presence,MBA Presence,30,209,62,462.0,0.0005609381449769
shap_feature_selection_extratrees_p1_20260527_001506,P3_mba_presence,MBA Presence,30,210,385,785.0,0.0005572136868863
shap_feature_selection_extratrees_p1_20260527_001506,P3_mba_presence,MBA Presence,30,211,996,1396.0,0.0005563893769927
shap_feature_selection_extratrees_p1_20260527_001506,P3_mba_presence,MBA Presence,30,212,513,913.0,0.0005540773441257
shap_feature_selection_extratrees_p1_20260527_001506,P3_mba_presence,MBA Presence,30,213,304,704.0,0.0005529945689459
shap_feature_selection_extratrees_p1_20260527_001506,P3_mba_presence,MBA Presence,30,214,813,1213.0,0.0005517116331993
shap_feature_selection_extratrees_p1_20260527_001506,P3_mba_presence,MBA Presence,30,215,158,558.0,0.0005490414115503
shap_feature_selection_extratrees_p1_20260527_001506,P3_mba_presence,MBA Presence,30,216,370,770.0,0.0005455703567025
shap_feature_selection_extratrees_p1_20260527_001506,P3_mba_presence,MBA Presence,30,217,345,745.0,0.0005445146048908
shap_feature_selection_extratrees_p1_20260527_001506,P3_mba_presence,MBA Presence,30,218,498,898.0,0.0005439803805356
shap_feature_selection_extratrees_p1_20260527_001506,P3_mba_presence,MBA Presence,30,219,1102,1502.0,0.0005404991262199
shap_feature_selection_extratrees_p1_20260527_001506,P3_mba_presence,MBA Presence,30,220,744,1144.0,0.0005395085059702
shap_feature_selection_extratrees_p1_20260527_001506,P3_mba_presence,MBA Presence,30,221,199,599.0,0.000536822555657
shap_feature_selection_extratrees_p1_20260527_001506,P3_mba_presence,MBA Presence,30,222,805,1205.0,0.0005361082670536
shap_feature_selection_extratrees_p1_20260527_001506,P3_mba_presence,MBA Presence,30,223,63,463.0,0.0005360490893314
shap_feature_selection_extratrees_p1_20260527_001506,P3_mba_presence,MBA Presence,30,224,681,1081.0,0.0005357351441114
shap_feature_selection_extratrees_p1_20260527_001506,P3_mba_presence,MBA Presence,30,225,651,1051.0,0.0005351167494552
shap_feature_selection_extratrees_p1_20260527_001506,P3_mba_presence,MBA Presence,30,226,57,457.0,0.0005343108269303
shap_feature_selection_extratrees_p1_20260527_001506,P3_mba_presence,MBA Presence,30,227,759,1159.0,0.0005307965165446
shap_feature_selection_extratrees_p1_20260527_001506,P3_mba_presence,MBA Presence,30,228,67,467.0,0.0005306650762749
shap_feature_selection_extratrees_p1_20260527_001506,P3_mba_presence,MBA Presence,30,229,64,464.0,0.0005304779842015
shap_feature_selection_extratrees_p1_20260527_001506,P3_mba_presence,MBA Presence,30,230,143,543.0,0.0005262129297015
shap_feature_selection_extratrees_p1_20260527_001506,P3_mba_presence,MBA Presence,30,231,111,511.0,0.0005256623367489
shap_feature_selection_extratrees_p1_20260527_001506,P3_mba_presence,MBA Presence,30,232,564,964.0,0.000525122131789
shap_feature_selection_extratrees_p1_20260527_001506,P3_mba_presence,MBA Presence,30,233,145,545.0,0.0005210425887678
shap_feature_selection_extratrees_p1_20260527_001506,P3_mba_presence,MBA Presence,30,234,115,515.0,0.0005138698950385
shap_feature_selection_extratrees_p1_20260527_001506,P3_mba_presence,MBA Presence,30,235,599,999.0,0.0005134053146547
shap_feature_selection_extratrees_p1_20260527_001506,P3_mba_presence,MBA Presence,30,236,120,520.0,0.0005099329796234
shap_feature_selection_extratrees_p1_20260527_001506,P3_mba_presence,MBA Presence,30,237,974,1374.0,0.0005070281713415
shap_feature_selection_extratrees_p1_20260527_001506,P3_mba_presence,MBA Presence,30,238,265,665.0,0.0005060119687088
shap_feature_selection_extratrees_p1_20260527_001506,P3_mba_presence,MBA Presence,30,239,995,1395.0,0.0005053113532549
shap_feature_selection_extratrees_p1_20260527_001506,P3_mba_presence,MBA Presence,30,240,202,602.0,0.0005043344196512
shap_feature_selection_extratrees_p1_20260527_001506,P3_mba_presence,MBA Presence,30,241,311,711.0,0.0005035823473014
shap_feature_selection_extratrees_p1_20260527_001506,P3_mba_presence,MBA Presence,30,242,751,1151.0,0.0005022804331961
shap_feature_selection_extratrees_p1_20260527_001506,P3_mba_presence,MBA Presence,30,243,505,905.0,0.0004996756608954
shap_feature_selection_extratrees_p1_20260527_001506,P3_mba_presence,MBA Presence,30,244,285,685.0,0.0004980614276319
shap_feature_selection_extratrees_p1_20260527_001506,P3_mba_presence,MBA Presence,30,245,39,439.0,0.000494500703639
shap_feature_selection_extratrees_p1_20260527_001506,P3_mba_presence,MBA Presence,30,246,386,786.0,0.0004916208172142
shap_feature_selection_extratrees_p1_20260527_001506,P3_mba_presence,MBA Presence,30,247,969,1369.0,0.0004888054574994
shap_feature_selection_extratrees_p1_20260527_001506,P3_mba_presence,MBA Presence,30,248,583,983.0,0.0004872400221009
shap_feature_selection_extratrees_p1_20260527_001506,P3_mba_presence,MBA Presence,30,249,511,911.0,0.0004868450485911
shap_feature_selection_extratrees_p1_20260527_001506,P3_mba_presence,MBA Presence,30,250,196,596.0,0.0004860555057001
shap_feature_selection_extratrees_p1_20260527_001506,P3_mba_presence,MBA Presence,30,251,220,620.0,0.0004841982502055
shap_feature_selection_extratrees_p1_20260527_001506,P3_mba_presence,MBA Presence,30,252,105,505.0,0.0004838574509744
shap_feature_selection_extratrees_p1_20260527_001506,P3_mba_presence,MBA Presence,30,253,633,1033.0,0.0004836485131979
shap_feature_selection_extratrees_p1_20260527_001506,P3_mba_presence,MBA Presence,30,254,1160,1560.0,0.0004817303377739
shap_feature_selection_extratrees_p1_20260527_001506,P3_mba_presence,MBA Presence,30,255,945,1345.0,0.0004788403011793
shap_feature_selection_extratrees_p1_20260527_001506,P3_mba_presence,MBA Presence,30,256,382,782.0,0.0004778409253099
shap_feature_selection_extratrees_p1_20260527_001506,P3_mba_presence,MBA Presence,30,257,458,858.0,0.0004750397584096
shap_feature_selection_extratrees_p1_20260527_001506,P3_mba_presence,MBA Presence,30,258,226,626.0,0.000474961669316
shap_feature_selection_extratrees_p1_20260527_001506,P3_mba_presence,MBA Presence,30,259,646,1046.0,0.0004696322355538
shap_feature_selection_extratrees_p1_20260527_001506,P3_mba_presence,MBA Presence,30,260,680,1080.0,0.0004679968127559
shap_feature_selection_extratrees_p1_20260527_001506,P3_mba_presence,MBA Presence,30,261,208,608.0,0.0004679527821348
shap_feature_selection_extratrees_p1_20260527_001506,P3_mba_presence,MBA Presence,30,262,1206,1606.0,0.0004676187357771
shap_feature_selection_extratrees_p1_20260527_001506,P3_mba_presence,MBA Presence,30,263,346,746.0,0.0004675187972389
shap_feature_selection_extratrees_p1_20260527_001506,P3_mba_presence,MBA Presence,30,264,116,516.0,0.0004647697745472
shap_feature_selection_extratrees_p1_20260527_001506,P3_mba_presence,MBA Presence,30,265,149,549.0,0.0004639687477255
shap_feature_selection_extratrees_p1_20260527_001506,P3_mba_presence,MBA Presence,30,266,1086,1486.0,0.000463261882178
shap_feature_selection_extratrees_p1_20260527_001506,P3_mba_presence,MBA Presence,30,267,211,611.0,0.0004597772477486
shap_feature_selection_extratrees_p1_20260527_001506,P3_mba_presence,MBA Presence,30,268,287,687.0,0.0004591032271627
shap_feature_selection_extratrees_p1_20260527_001506,P3_mba_presence,MBA Presence,30,269,1161,1561.0,0.0004565526906912
shap_feature_selection_extratrees_p1_20260527_001506,P3_mba_presence,MBA Presence,30,270,169,569.0,0.0004554886440209
shap_feature_selection_extratrees_p1_20260527_001506,P3_mba_presence,MBA Presence,30,271,1047,1447.0,0.0004529430269799
shap_feature_selection_extratrees_p1_20260527_001506,P3_mba_presence,MBA Presence,30,272,401,801.0,0.0004520060634937
shap_feature_selection_extratrees_p1_20260527_001506,P3_mba_presence,MBA Presence,30,273,1105,1505.0,0.0004476609108349
shap_feature_selection_extratrees_p1_20260527_001506,P3_mba_presence,MBA Presence,30,274,514,914.0,0.0004472908029709
shap_feature_selection_extratrees_p1_20260527_001506,P3_mba_presence,MBA Presence,30,275,309,709.0,0.0004465562490637
shap_feature_selection_extratrees_p1_20260527_001506,P3_mba_presence,MBA Presence,30,276,577,977.0,0.000445257837057
shap_feature_selection_extratrees_p1_20260527_001506,P3_mba_presence,MBA Presence,30,277,642,1042.0,0.0004437922381233
shap_feature_selection_extratrees_p1_20260527_001506,P3_mba_presence,MBA Presence,30,278,985,1385.0,0.0004420177119473
shap_feature_selection_extratrees_p1_20260527_001506,P3_mba_presence,MBA Presence,30,279,1106,1506.0,0.0004380798501938
shap_feature_selection_extratrees_p1_20260527_001506,P3_mba_presence,MBA Presence,30,280,377,777.0,0.0004372532514756
shap_feature_selection_extratrees_p1_20260527_001506,P3_mba_presence,MBA Presence,30,281,493,893.0,0.0004369426767635
shap_feature_selection_extratrees_p1_20260527_001506,P3_mba_presence,MBA Presence,30,282,1085,1485.0,0.0004347545625233
shap_feature_selection_extratrees_p1_20260527_001506,P3_mba_presence,MBA Presence,30,283,584,984.0,0.0004341560141636
shap_feature_selection_extratrees_p1_20260527_001506,P3_mba_presence,MBA Presence,30,284,1024,1424.0,0.0004267701040954
shap_feature_selection_extratrees_p1_20260527_001506,P3_mba_presence,MBA Presence,30,285,853,1253.0,0.0004251650197316
shap_feature_selection_extratrees_p1_20260527_001506,P3_mba_presence,MBA Presence,30,286,11,411.0,0.0004206953307183
shap_feature_selection_extratrees_p1_20260527_001506,P3_mba_presence,MBA Presence,30,287,598,998.0,0.0004190344116424
shap_feature_selection_extratrees_p1_20260527_001506,P3_mba_presence,MBA Presence,30,288,154,554.0,0.0004189295878558
shap_feature_selection_extratrees_p1_20260527_001506,P3_mba_presence,MBA Presence,30,289,981,1381.0,0.0004144948752429
shap_feature_selection_extratrees_p1_20260527_001506,P3_mba_presence,MBA Presence,30,290,1090,1490.0,0.0004140698395986
shap_feature_selection_extratrees_p1_20260527_001506,P3_mba_presence,MBA Presence,30,291,1073,1473.0,0.0004134400262722
shap_feature_selection_extratrees_p1_20260527_001506,P3_mba_presence,MBA Presence,30,292,10,410.0,0.0004130866181995
shap_feature_selection_extratrees_p1_20260527_001506,P3_mba_presence,MBA Presence,30,293,630,1030.0,0.0004096829497767
shap_feature_selection_extratrees_p1_20260527_001506,P3_mba_presence,MBA Presence,30,294,38,438.0,0.0004078512115567
shap_feature_selection_extratrees_p1_20260527_001506,P3_mba_presence,MBA Presence,30,295,205,605.0,0.0004073912315779
shap_feature_selection_extratrees_p1_20260527_001506,P3_mba_presence,MBA Presence,30,296,460,860.0,0.000403795952648
shap_feature_selection_extratrees_p1_20260527_001506,P3_mba_presence,MBA Presence,30,297,31,431.0,0.0004023365484913
shap_feature_selection_extratrees_p1_20260527_001506,P3_mba_presence,MBA Presence,30,298,1195,1595.0,0.0004019154943343
shap_feature_selection_extratrees_p1_20260527_001506,P3_mba_presence,MBA Presence,30,299,110,510.0,0.000401813242727
shap_feature_selection_extratrees_p1_20260527_001506,P3_mba_presence,MBA Presence,30,300,206,606.0,0.000400795620695
shap_feature_selection_extratrees_p1_20260527_001506,P3_mba_presence,MBA Presence,30,301,997,1397.0,0.000398532645003
shap_feature_selection_extratrees_p1_20260527_001506,P3_mba_presence,MBA Presence,30,302,91,491.0,0.0003967255476921
shap_feature_selection_extratrees_p1_20260527_001506,P3_mba_presence,MBA Presence,30,303,622,1022.0,0.0003944001941542
shap_feature_selection_extratrees_p1_20260527_001506,P3_mba_presence,MBA Presence,30,304,754,1154.0,0.0003941328337367
shap_feature_selection_extratrees_p1_20260527_001506,P3_mba_presence,MBA Presence,30,305,626,1026.0,0.0003900843739005
shap_feature_selection_extratrees_p1_20260527_001506,P3_mba_presence,MBA Presence,30,306,286,686.0,0.0003887098320418
shap_feature_selection_extratrees_p1_20260527_001506,P3_mba_presence,MBA Presence,30,307,268,668.0,0.0003851257276528
shap_feature_selection_extratrees_p1_20260527_001506,P3_mba_presence,MBA Presence,30,308,36,436.0,0.0003846947963457
shap_feature_selection_extratrees_p1_20260527_001506,P3_mba_presence,MBA Presence,30,309,947,1347.0,0.0003838310814742
shap_feature_selection_extratrees_p1_20260527_001506,P3_mba_presence,MBA Presence,30,310,255,655.0,0.0003824505367824
shap_feature_selection_extratrees_p1_20260527_001506,P3_mba_presence,MBA Presence,30,311,136,536.0,0.0003807390768168
shap_feature_selection_extratrees_p1_20260527_001506,P3_mba_presence,MBA Presence,30,312,826,1226.0,0.0003806620805289
shap_feature_selection_extratrees_p1_20260527_001506,P3_mba_presence,MBA Presence,30,313,816,1216.0,0.00038026737557
shap_feature_selection_extratrees_p1_20260527_001506,P3_mba_presence,MBA Presence,30,314,393,793.0,0.0003799657108331
shap_feature_selection_extratrees_p1_20260527_001506,P3_mba_presence,MBA Presence,30,315,576,976.0,0.000378839220191
shap_feature_selection_extratrees_p1_20260527_001506,P3_mba_presence,MBA Presence,30,316,802,1202.0,0.0003756746104364
shap_feature_selection_extratrees_p1_20260527_001506,P3_mba_presence,MBA Presence,30,317,147,547.0,0.000374727563802
shap_feature_selection_extratrees_p1_20260527_001506,P3_mba_presence,MBA Presence,30,318,312,712.0,0.0003746577424217
shap_feature_selection_extratrees_p1_20260527_001506,P3_mba_presence,MBA Presence,30,319,1353,1753.0,0.000373791227061
shap_feature_selection_extratrees_p1_20260527_001506,P3_mba_presence,MBA Presence,30,320,1209,1609.0,0.0003732120030926
shap_feature_selection_extratrees_p1_20260527_001506,P3_mba_presence,MBA Presence,30,321,810,1210.0,0.0003722887802887
shap_feature_selection_extratrees_p1_20260527_001506,P3_mba_presence,MBA Presence,30,322,998,1398.0,0.0003712262426473
shap_feature_selection_extratrees_p1_20260527_001506,P3_mba_presence,MBA Presence,30,323,632,1032.0,0.0003697205750044
shap_feature_selection_extratrees_p1_20260527_001506,P3_mba_presence,MBA Presence,30,324,1329,1729.0,0.0003672883336042
shap_feature_selection_extratrees_p1_20260527_001506,P3_mba_presence,MBA Presence,30,325,1216,1616.0,0.0003666572039731
shap_feature_selection_extratrees_p1_20260527_001506,P3_mba_presence,MBA Presence,30,326,214,614.0,0.0003666423393701
shap_feature_selection_extratrees_p1_20260527_001506,P3_mba_presence,MBA Presence,30,327,803,1203.0,0.0003659573547113
shap_feature_selection_extratrees_p1_20260527_001506,P3_mba_presence,MBA Presence,30,328,75,475.0,0.0003655719679509
shap_feature_selection_extratrees_p1_20260527_001506,P3_mba_presence,MBA Presence,30,329,1395,1795.0,0.0003653136879551
shap_feature_selection_extratrees_p1_20260527_001506,P3_mba_presence,MBA Presence,30,330,183,583.0,0.0003646320054225
shap_feature_selection_extratrees_p1_20260527_001506,P3_mba_presence,MBA Presence,30,331,783,1183.0,0.0003638974331141
shap_feature_selection_extratrees_p1_20260527_001506,P3_mba_presence,MBA Presence,30,332,1300,1700.0,0.0003630891324868
shap_feature_selection_extratrees_p1_20260527_001506,P3_mba_presence,MBA Presence,30,333,940,1340.0,0.0003623486581777
shap_feature_selection_extratrees_p1_20260527_001506,P3_mba_presence,MBA Presence,30,334,1152,1552.0,0.0003617067856907
shap_feature_selection_extratrees_p1_20260527_001506,P3_mba_presence,MBA Presence,30,335,201,601.0,0.0003588240108029
shap_feature_selection_extratrees_p1_20260527_001506,P3_mba_presence,MBA Presence,30,336,600,1000.0,0.0003580870216593
shap_feature_selection_extratrees_p1_20260527_001506,P3_mba_presence,MBA Presence,30,337,134,534.0,0.0003578624477861
shap_feature_selection_extratrees_p1_20260527_001506,P3_mba_presence,MBA Presence,30,338,305,705.0,0.000356369716913
shap_feature_selection_extratrees_p1_20260527_001506,P3_mba_presence,MBA Presence,30,339,15,415.0,0.000354754368561
shap_feature_selection_extratrees_p1_20260527_001506,P3_mba_presence,MBA Presence,30,340,760,1160.0,0.0003531097408534
shap_feature_selection_extratrees_p1_20260527_001506,P3_mba_presence,MBA Presence,30,341,1217,1617.0,0.0003520367301216
shap_feature_selection_extratrees_p1_20260527_001506,P3_mba_presence,MBA Presence,30,342,121,521.0,0.00035169121778
shap_feature_selection_extratrees_p1_20260527_001506,P3_mba_presence,MBA Presence,30,343,1029,1429.0,0.0003492908739477
shap_feature_selection_extratrees_p1_20260527_001506,P3_mba_presence,MBA Presence,30,344,71,471.0,0.0003483807086651
shap_feature_selection_extratrees_p1_20260527_001506,P3_mba_presence,MBA Presence,30,345,383,783.0,0.0003481550438445
shap_feature_selection_extratrees_p1_20260527_001506,P3_mba_presence,MBA Presence,30,346,150,550.0,0.0003469699161236
shap_feature_selection_extratrees_p1_20260527_001506,P3_mba_presence,MBA Presence,30,347,1354,1754.0,0.0003455777643053
shap_feature_selection_extratrees_p1_20260527_001506,P3_mba_presence,MBA Presence,30,348,99,499.0,0.0003452015065558
shap_feature_selection_extratrees_p1_20260527_001506,P3_mba_presence,MBA Presence,30,349,266,666.0,0.0003438877466565
shap_feature_selection_extratrees_p1_20260527_001506,P3_mba_presence,MBA Presence,30,350,954,1354.0,0.0003432472193883
shap_feature_selection_extratrees_p1_20260527_001506,P3_mba_presence,MBA Presence,30,351,645,1045.0,0.0003432326754738
shap_feature_selection_extratrees_p1_20260527_001506,P3_mba_presence,MBA Presence,30,352,284,684.0,0.000342599982979
shap_feature_selection_extratrees_p1_20260527_001506,P3_mba_presence,MBA Presence,30,353,9,409.0,0.000341691223615
shap_feature_selection_extratrees_p1_20260527_001506,P3_mba_presence,MBA Presence,30,354,96,496.0,0.0003404638599491
shap_feature_selection_extratrees_p1_20260527_001506,P3_mba_presence,MBA Presence,30,355,404,804.0,0.0003401708012021
shap_feature_selection_extratrees_p1_20260527_001506,P3_mba_presence,MBA Presence,30,356,413,813.0,0.0003401201224138
shap_feature_selection_extratrees_p1_20260527_001506,P3_mba_presence,MBA Presence,30,357,73,473.0,0.0003393191809204
shap_feature_selection_extratrees_p1_20260527_001506,P3_mba_presence,MBA Presence,30,358,228,628.0,0.0003375686577257
shap_feature_selection_extratrees_p1_20260527_001506,P3_mba_presence,MBA Presence,30,359,21,421.0,0.000336677827523
shap_feature_selection_extratrees_p1_20260527_001506,P3_mba_presence,MBA Presence,30,360,123,523.0,0.0003365154832073
shap_feature_selection_extratrees_p1_20260527_001506,P3_mba_presence,MBA Presence,30,361,379,779.0,0.0003355025742454
shap_feature_selection_extratrees_p1_20260527_001506,P3_mba_presence,MBA Presence,30,362,16,416.0,0.0003347057894692
shap_feature_selection_extratrees_p1_20260527_001506,P3_mba_presence,MBA Presence,30,363,994,1394.0,0.0003345025276816
shap_feature_selection_extratrees_p1_20260527_001506,P3_mba_presence,MBA Presence,30,364,1298,1698.0,0.0003339595317744
shap_feature_selection_extratrees_p1_20260527_001506,P3_mba_presence,MBA Presence,30,365,1023,1423.0,0.000333373630473
shap_feature_selection_extratrees_p1_20260527_001506,P3_mba_presence,MBA Presence,30,366,391,791.0,0.0003316317351326
shap_feature_selection_extratrees_p1_20260527_001506,P3_mba_presence,MBA Presence,30,367,77,477.0,0.000328978453666
shap_feature_selection_extratrees_p1_20260527_001506,P3_mba_presence,MBA Presence,30,368,540,940.0,0.0003288092135669
shap_feature_selection_extratrees_p1_20260527_001506,P3_mba_presence,MBA Presence,30,369,587,987.0,0.0003270521493297
shap_feature_selection_extratrees_p1_20260527_001506,P3_mba_presence,MBA Presence,30,370,1163,1563.0,0.0003270348669645
shap_feature_selection_extratrees_p1_20260527_001506,P3_mba_presence,MBA Presence,30,371,1072,1472.0,0.0003256838315683
shap_feature_selection_extratrees_p1_20260527_001506,P3_mba_presence,MBA Presence,30,372,1232,1632.0,0.0003251123708269
shap_feature_selection_extratrees_p1_20260527_001506,P3_mba_presence,MBA Presence,30,373,1000,1400.0,0.0003249045251438
shap_feature_selection_extratrees_p1_20260527_001506,P3_mba_presence,MBA Presence,30,374,762,1162.0,0.0003239715337789
shap_feature_selection_extratrees_p1_20260527_001506,P3_mba_presence,MBA Presence,30,375,1187,1587.0,0.0003222428764072
shap_feature_selection_extratrees_p1_20260527_001506,P3_mba_presence,MBA Presence,30,376,736,1136.0,0.0003213651739868
shap_feature_selection_extratrees_p1_20260527_001506,P3_mba_presence,MBA Presence,30,377,1196,1596.0,0.0003190429543676
shap_feature_selection_extratrees_p1_20260527_001506,P3_mba_presence,MBA Presence,30,378,784,1184.0,0.0003188761160972
shap_feature_selection_extratrees_p1_20260527_001506,P3_mba_presence,MBA Presence,30,379,83,483.0,0.0003177158213989
shap_feature_selection_extratrees_p1_20260527_001506,P3_mba_presence,MBA Presence,30,380,1008,1408.0,0.0003176699696761
shap_feature_selection_extratrees_p1_20260527_001506,P3_mba_presence,MBA Presence,30,381,245,645.0,0.0003170919271572
shap_feature_selection_extratrees_p1_20260527_001506,P3_mba_presence,MBA Presence,30,382,283,683.0,0.0003165221927945
shap_feature_selection_extratrees_p1_20260527_001506,P3_mba_presence,MBA Presence,30,383,644,1044.0,0.0003164090117008
shap_feature_selection_extratrees_p1_20260527_001506,P3_mba_presence,MBA Presence,30,384,808,1208.0,0.0003148445339392
shap_feature_selection_extratrees_p1_20260527_001506,P3_mba_presence,MBA Presence,30,385,29,429.0,0.0003135203106697
shap_feature_selection_extratrees_p1_20260527_001506,P3_mba_presence,MBA Presence,30,386,167,567.0,0.0003132409060983
shap_feature_selection_extratrees_p1_20260527_001506,P3_mba_presence,MBA Presence,30,387,683,1083.0,0.0003128844183685
shap_feature_selection_extratrees_p1_20260527_001506,P3_mba_presence,MBA Presence,30,388,575,975.0,0.0003126485044382
shap_feature_selection_extratrees_p1_20260527_001506,P3_mba_presence,MBA Presence,30,389,573,973.0,0.0003115725890885
shap_feature_selection_extratrees_p1_20260527_001506,P3_mba_presence,MBA Presence,30,390,880,1280.0,0.000311314435395
shap_feature_selection_extratrees_p1_20260527_001506,P3_mba_presence,MBA Presence,30,391,1151,1551.0,0.0003100209188934
shap_feature_selection_extratrees_p1_20260527_001506,P3_mba_presence,MBA Presence,30,392,468,868.0,0.0003091428091872
shap_feature_selection_extratrees_p1_20260527_001506,P3_mba_presence,MBA Presence,30,393,963,1363.0,0.0003091174892636
shap_feature_selection_extratrees_p1_20260527_001506,P3_mba_presence,MBA Presence,30,394,1157,1557.0,0.0003072054345269
shap_feature_selection_extratrees_p1_20260527_001506,P3_mba_presence,MBA Presence,30,395,737,1137.0,0.0003064452162185
shap_feature_selection_extratrees_p1_20260527_001506,P3_mba_presence,MBA Presence,30,396,566,966.0,0.0003062525042661
shap_feature_selection_extratrees_p1_20260527_001506,P3_mba_presence,MBA Presence,30,397,822,1222.0,0.0003054688809715
shap_feature_selection_extratrees_p1_20260527_001506,P3_mba_presence,MBA Presence,30,398,1238,1638.0,0.0003024577683287
shap_feature_selection_extratrees_p1_20260527_001506,P3_mba_presence,MBA Presence,30,399,387,787.0,0.0003009192056365
shap_feature_selection_extratrees_p1_20260527_001506,P3_mba_presence,MBA Presence,30,400,1018,1418.0,0.0003007833736528
shap_feature_selection_extratrees_p1_20260527_001506,P3_mba_presence,MBA Presence,30,401,539,939.0,0.0003007713793099
shap_feature_selection_extratrees_p1_20260527_001506,P3_mba_presence,MBA Presence,30,402,883,1283.0,0.0003001398823208
shap_feature_selection_extratrees_p1_20260527_001506,P3_mba_presence,MBA Presence,30,403,999,1399.0,0.0002999643662347
shap_feature_selection_extratrees_p1_20260527_001506,P3_mba_presence,MBA Presence,30,404,112,512.0,0.0002995170372552
shap_feature_selection_extratrees_p1_20260527_001506,P3_mba_presence,MBA Presence,30,405,538,938.0,0.0002987225521008
shap_feature_selection_extratrees_p1_20260527_001506,P3_mba_presence,MBA Presence,30,406,103,503.0,0.0002984061316563
shap_feature_selection_extratrees_p1_20260527_001506,P3_mba_presence,MBA Presence,30,407,1108,1508.0,0.0002982229885496
shap_feature_selection_extratrees_p1_20260527_001506,P3_mba_presence,MBA Presence,30,408,504,904.0,0.000297420326945
shap_feature_selection_extratrees_p1_20260527_001506,P3_mba_presence,MBA Presence,30,409,745,1145.0,0.0002973961745647
shap_feature_selection_extratrees_p1_20260527_001506,P3_mba_presence,MBA Presence,30,410,971,1371.0,0.0002972060707648
shap_feature_selection_extratrees_p1_20260527_001506,P3_mba_presence,MBA Presence,30,411,536,936.0,0.0002968612838006
shap_feature_selection_extratrees_p1_20260527_001506,P3_mba_presence,MBA Presence,30,412,84,484.0,0.0002968045518355
shap_feature_selection_extratrees_p1_20260527_001506,P3_mba_presence,MBA Presence,30,413,491,891.0,0.0002967389232516
shap_feature_selection_extratrees_p1_20260527_001506,P3_mba_presence,MBA Presence,30,414,288,688.0,0.000296633032811
shap_feature_selection_extratrees_p1_20260527_001506,P3_mba_presence,MBA Presence,30,415,124,524.0,0.000296393930314
shap_feature_selection_extratrees_p1_20260527_001506,P3_mba_presence,MBA Presence,30,416,193,593.0,0.000295963327669
shap_feature_selection_extratrees_p1_20260527_001506,P3_mba_presence,MBA Presence,30,417,597,997.0,0.0002956736122845
shap_feature_selection_extratrees_p1_20260527_001506,P3_mba_presence,MBA Presence,30,418,497,897.0,0.0002956000755338
shap_feature_selection_extratrees_p1_20260527_001506,P3_mba_presence,MBA Presence,30,419,142,542.0,0.0002953672393238
shap_feature_selection_extratrees_p1_20260527_001506,P3_mba_presence,MBA Presence,30,420,506,906.0,0.0002950078761912
shap_feature_selection_extratrees_p1_20260527_001506,P3_mba_presence,MBA Presence,30,421,715,1115.0,0.0002949101383936
shap_feature_selection_extratrees_p1_20260527_001506,G2_mg_molar_grade,MG Positive Molar Grade,30,1,460,860.0,0.0032243883291439
shap_feature_selection_extratrees_p1_20260527_001506,G2_mg_molar_grade,MG Positive Molar Grade,30,2,808,1208.0,0.0029892543320227
shap_feature_selection_extratrees_p1_20260527_001506,G2_mg_molar_grade,MG Positive Molar Grade,30,3,814,1214.0,0.0028658552635438
shap_feature_selection_extratrees_p1_20260527_001506,G2_mg_molar_grade,MG Positive Molar Grade,30,4,466,866.0,0.0026237298272291
shap_feature_selection_extratrees_p1_20260527_001506,G2_mg_molar_grade,MG Positive Molar Grade,30,5,761,1161.0,0.0026108931128772
shap_feature_selection_extratrees_p1_20260527_001506,G2_mg_molar_grade,MG Positive Molar Grade,30,6,809,1209.0,0.002530461250271
shap_feature_selection_extratrees_p1_20260527_001506,G2_mg_molar_grade,MG Positive Molar Grade,30,7,759,1159.0,0.0024241765951433
shap_feature_selection_extratrees_p1_20260527_001506,G2_mg_molar_grade,MG Positive Molar Grade,30,8,1023,1423.0,0.0022686304949126
shap_feature_selection_extratrees_p1_20260527_001506,G2_mg_molar_grade,MG Positive Molar Grade,30,9,760,1160.0,0.0022535264847807
shap_feature_selection_extratrees_p1_20260527_001506,G2_mg_molar_grade,MG Positive Molar Grade,30,10,811,1211.0,0.0022387867067898
shap_feature_selection_extratrees_p1_20260527_001506,G2_mg_molar_grade,MG Positive Molar Grade,30,11,807,1207.0,0.0022203533495857
shap_feature_selection_extratrees_p1_20260527_001506,G2_mg_molar_grade,MG Positive Molar Grade,30,12,1207,1607.0,0.00218275961253
shap_feature_selection_extratrees_p1_20260527_001506,G2_mg_molar_grade,MG Positive Molar Grade,30,13,635,1035.0,0.002088940237184
shap_feature_selection_extratrees_p1_20260527_001506,G2_mg_molar_grade,MG Positive Molar Grade,30,14,465,865.0,0.0020394267132014
shap_feature_selection_extratrees_p1_20260527_001506,G2_mg_molar_grade,MG Positive Molar Grade,30,15,816,1216.0,0.0020040869528555
shap_feature_selection_extratrees_p1_20260527_001506,G2_mg_molar_grade,MG Positive Molar Grade,30,16,813,1213.0,0.0019801193487777
shap_feature_selection_extratrees_p1_20260527_001506,G2_mg_molar_grade,MG Positive Molar Grade,30,17,784,1184.0,0.0019733361469018
shap_feature_selection_extratrees_p1_20260527_001506,G2_mg_molar_grade,MG Positive Molar Grade,30,18,786,1186.0,0.0019678179736639
shap_feature_selection_extratrees_p1_20260527_001506,G2_mg_molar_grade,MG Positive Molar Grade,30,19,780,1180.0,0.0019295785107022
shap_feature_selection_extratrees_p1_20260527_001506,G2_mg_molar_grade,MG Positive Molar Grade,30,20,787,1187.0,0.0018637482311164
shap_feature_selection_extratrees_p1_20260527_001506,G2_mg_molar_grade,MG Positive Molar Grade,30,21,812,1212.0,0.0018047899009578
shap_feature_selection_extratrees_p1_20260527_001506,G2_mg_molar_grade,MG Positive Molar Grade,30,22,810,1210.0,0.0017906174415062
shap_feature_selection_extratrees_p1_20260527_001506,G2_mg_molar_grade,MG Positive Molar Grade,30,23,634,1034.0,0.0017337773563176
shap_feature_selection_extratrees_p1_20260527_001506,G2_mg_molar_grade,MG Positive Molar Grade,30,24,467,867.0,0.0017129502949172
shap_feature_selection_extratrees_p1_20260527_001506,G2_mg_molar_grade,MG Positive Molar Grade,30,25,1206,1606.0,0.0017055352750112
shap_feature_selection_extratrees_p1_20260527_001506,G2_mg_molar_grade,MG Positive Molar Grade,30,26,637,1037.0,0.0016479444404942
shap_feature_selection_extratrees_p1_20260527_001506,G2_mg_molar_grade,MG Positive Molar Grade,30,27,771,1171.0,0.0016383972151986
shap_feature_selection_extratrees_p1_20260527_001506,G2_mg_molar_grade,MG Positive Molar Grade,30,28,806,1206.0,0.001600294069872
shap_feature_selection_extratrees_p1_20260527_001506,G2_mg_molar_grade,MG Positive Molar Grade,30,29,1019,1419.0,0.001585351937247
shap_feature_selection_extratrees_p1_20260527_001506,G2_mg_molar_grade,MG Positive Molar Grade,30,30,633,1033.0,0.0015835635016116
shap_feature_selection_extratrees_p1_20260527_001506,G2_mg_molar_grade,MG Positive Molar Grade,30,31,468,868.0,0.0015517783699777
shap_feature_selection_extratrees_p1_20260527_001506,G2_mg_molar_grade,MG Positive Molar Grade,30,32,762,1162.0,0.001544284038533
shap_feature_selection_extratrees_p1_20260527_001506,G2_mg_molar_grade,MG Positive Molar Grade,30,33,815,1215.0,0.0015432321354122
shap_feature_selection_extratrees_p1_20260527_001506,G2_mg_molar_grade,MG Positive Molar Grade,30,34,472,872.0,0.0015236865776689
shap_feature_selection_extratrees_p1_20260527_001506,G2_mg_molar_grade,MG Positive Molar Grade,30,35,781,1181.0,0.0015011476264642
shap_feature_selection_extratrees_p1_20260527_001506,G2_mg_molar_grade,MG Positive Molar Grade,30,36,788,1188.0,0.0014824173904987
shap_feature_selection_extratrees_p1_20260527_001506,G2_mg_molar_grade,MG Positive Molar Grade,30,37,444,844.0,0.0014806923709382
shap_feature_selection_extratrees_p1_20260527_001506,G2_mg_molar_grade,MG Positive Molar Grade,30,38,454,854.0,0.0014785346495369
shap_feature_selection_extratrees_p1_20260527_001506,G2_mg_molar_grade,MG Positive Molar Grade,30,39,628,1028.0,0.0014691720965577
shap_feature_selection_extratrees_p1_20260527_001506,G2_mg_molar_grade,MG Positive Molar Grade,30,40,506,906.0,0.0014544037620718
shap_feature_selection_extratrees_p1_20260527_001506,G2_mg_molar_grade,MG Positive Molar Grade,30,41,1256,1656.0,0.0014470215404253
shap_feature_selection_extratrees_p1_20260527_001506,G2_mg_molar_grade,MG Positive Molar Grade,30,42,641,1041.0,0.0014176667422086
shap_feature_selection_extratrees_p1_20260527_001506,G2_mg_molar_grade,MG Positive Molar Grade,30,43,639,1039.0,0.0014076401916638
shap_feature_selection_extratrees_p1_20260527_001506,G2_mg_molar_grade,MG Positive Molar Grade,30,44,758,1158.0,0.0013609771575721
shap_feature_selection_extratrees_p1_20260527_001506,G2_mg_molar_grade,MG Positive Molar Grade,30,45,691,1091.0,0.0013547809435799
shap_feature_selection_extratrees_p1_20260527_001506,G2_mg_molar_grade,MG Positive Molar Grade,30,46,684,1084.0,0.0013401472185094
shap_feature_selection_extratrees_p1_20260527_001506,G2_mg_molar_grade,MG Positive Molar Grade,30,47,685,1085.0,0.0013280279176787
shap_feature_selection_extratrees_p1_20260527_001506,G2_mg_molar_grade,MG Positive Molar Grade,30,48,631,1031.0,0.0013048239075578
shap_feature_selection_extratrees_p1_20260527_001506,G2_mg_molar_grade,MG Positive Molar Grade,30,49,774,1174.0,0.001292971071802
shap_feature_selection_extratrees_p1_20260527_001506,G2_mg_molar_grade,MG Positive Molar Grade,30,50,447,847.0,0.0012811745845998
shap_feature_selection_extratrees_p1_20260527_001506,G2_mg_molar_grade,MG Positive Molar Grade,30,51,636,1036.0,0.0012747384853688
shap_feature_selection_extratrees_p1_20260527_001506,G2_mg_molar_grade,MG Positive Molar Grade,30,52,778,1178.0,0.0012743541277201
shap_feature_selection_extratrees_p1_20260527_001506,G2_mg_molar_grade,MG Positive Molar Grade,30,53,1022,1422.0,0.0012741791216139
shap_feature_selection_extratrees_p1_20260527_001506,G2_mg_molar_grade,MG Positive Molar Grade,30,54,452,852.0,0.0012734960295194
shap_feature_selection_extratrees_p1_20260527_001506,G2_mg_molar_grade,MG Positive Molar Grade,30,55,81,481.0,0.0012726239871686
shap_feature_selection_extratrees_p1_20260527_001506,G2_mg_molar_grade,MG Positive Molar Grade,30,56,623,1023.0,0.0012585440871475
shap_feature_selection_extratrees_p1_20260527_001506,G2_mg_molar_grade,MG Positive Molar Grade,30,57,785,1185.0,0.0012273857783709
shap_feature_selection_extratrees_p1_20260527_001506,G2_mg_molar_grade,MG Positive Molar Grade,30,58,469,869.0,0.0012218229446981
shap_feature_selection_extratrees_p1_20260527_001506,G2_mg_molar_grade,MG Positive Molar Grade,30,59,1025,1425.0,0.0012196594803691
shap_feature_selection_extratrees_p1_20260527_001506,G2_mg_molar_grade,MG Positive Molar Grade,30,60,1208,1608.0,0.0012184229494698
shap_feature_selection_extratrees_p1_20260527_001506,G2_mg_molar_grade,MG Positive Molar Grade,30,61,690,1090.0,0.0012174223897266
shap_feature_selection_extratrees_p1_20260527_001506,G2_mg_molar_grade,MG Positive Molar Grade,30,62,87,487.0,0.0011909417787936
shap_feature_selection_extratrees_p1_20260527_001506,G2_mg_molar_grade,MG Positive Molar Grade,30,63,279,679.0,0.0011814193924774
shap_feature_selection_extratrees_p1_20260527_001506,G2_mg_molar_grade,MG Positive Molar Grade,30,64,752,1152.0,0.0011488911125342
shap_feature_selection_extratrees_p1_20260527_001506,G2_mg_molar_grade,MG Positive Molar Grade,30,65,457,857.0,0.0011477967734035
shap_feature_selection_extratrees_p1_20260527_001506,G2_mg_molar_grade,MG Positive Molar Grade,30,66,819,1219.0,0.0011469264363172
shap_feature_selection_extratrees_p1_20260527_001506,G2_mg_molar_grade,MG Positive Molar Grade,30,67,783,1183.0,0.0011442897861826
shap_feature_selection_extratrees_p1_20260527_001506,G2_mg_molar_grade,MG Positive Molar Grade,30,68,323,723.0,0.0011423357502596
shap_feature_selection_extratrees_p1_20260527_001506,G2_mg_molar_grade,MG Positive Molar Grade,30,69,505,905.0,0.0011370369845638
shap_feature_selection_extratrees_p1_20260527_001506,G2_mg_molar_grade,MG Positive Molar Grade,30,70,757,1157.0,0.0011358210913425
shap_feature_selection_extratrees_p1_20260527_001506,G2_mg_molar_grade,MG Positive Molar Grade,30,71,886,1286.0,0.0011314108675269
shap_feature_selection_extratrees_p1_20260527_001506,G2_mg_molar_grade,MG Positive Molar Grade,30,72,1204,1604.0,0.0011267263439303
shap_feature_selection_extratrees_p1_20260527_001506,G2_mg_molar_grade,MG Positive Molar Grade,30,73,1242,1642.0,0.0011256465309947
shap_feature_selection_extratrees_p1_20260527_001506,G2_mg_molar_grade,MG Positive Molar Grade,30,74,688,1088.0,0.0011216855312663
shap_feature_selection_extratrees_p1_20260527_001506,G2_mg_molar_grade,MG Positive Molar Grade,30,75,805,1205.0,0.0011173274453994
shap_feature_selection_extratrees_p1_20260527_001506,G2_mg_molar_grade,MG Positive Molar Grade,30,76,602,1002.0,0.0011102755968577
shap_feature_selection_extratrees_p1_20260527_001506,G2_mg_molar_grade,MG Positive Molar Grade,30,77,462,862.0,0.0011091531738543
shap_feature_selection_extratrees_p1_20260527_001506,G2_mg_molar_grade,MG Positive Molar Grade,30,78,446,846.0,0.0011088886421043
shap_feature_selection_extratrees_p1_20260527_001506,G2_mg_molar_grade,MG Positive Molar Grade,30,79,775,1175.0,0.0011007965027758
shap_feature_selection_extratrees_p1_20260527_001506,G2_mg_molar_grade,MG Positive Molar Grade,30,80,1205,1605.0,0.0010906753499239
shap_feature_selection_extratrees_p1_20260527_001506,G2_mg_molar_grade,MG Positive Molar Grade,30,81,754,1154.0,0.0010863088115904
shap_feature_selection_extratrees_p1_20260527_001506,G2_mg_molar_grade,MG Positive Molar Grade,30,82,463,863.0,0.0010757031009215
shap_feature_selection_extratrees_p1_20260527_001506,G2_mg_molar_grade,MG Positive Molar Grade,30,83,448,848.0,0.0010746062592705
shap_feature_selection_extratrees_p1_20260527_001506,G2_mg_molar_grade,MG Positive Molar Grade,30,84,325,725.0,0.0010669324435335
shap_feature_selection_extratrees_p1_20260527_001506,G2_mg_molar_grade,MG Positive Molar Grade,30,85,782,1182.0,0.0010621258160917
shap_feature_selection_extratrees_p1_20260527_001506,G2_mg_molar_grade,MG Positive Molar Grade,30,86,445,845.0,0.0010612291890472
shap_feature_selection_extratrees_p1_20260527_001506,G2_mg_molar_grade,MG Positive Molar Grade,30,87,507,907.0,0.0010536225764622
shap_feature_selection_extratrees_p1_20260527_001506,G2_mg_molar_grade,MG Positive Molar Grade,30,88,88,488.0,0.0010508133979484
shap_feature_selection_extratrees_p1_20260527_001506,G2_mg_molar_grade,MG Positive Molar Grade,30,89,769,1169.0,0.0010498267952338
shap_feature_selection_extratrees_p1_20260527_001506,G2_mg_molar_grade,MG Positive Molar Grade,30,90,476,876.0,0.0010449342364473
shap_feature_selection_extratrees_p1_20260527_001506,G2_mg_molar_grade,MG Positive Molar Grade,30,91,281,681.0,0.0010434444678821
shap_feature_selection_extratrees_p1_20260527_001506,G2_mg_molar_grade,MG Positive Molar Grade,30,92,459,859.0,0.0010364903523609
shap_feature_selection_extratrees_p1_20260527_001506,G2_mg_molar_grade,MG Positive Molar Grade,30,93,464,864.0,0.0010281884943934
shap_feature_selection_extratrees_p1_20260527_001506,G2_mg_molar_grade,MG Positive Molar Grade,30,94,327,727.0,0.0010229908445326
shap_feature_selection_extratrees_p1_20260527_001506,G2_mg_molar_grade,MG Positive Molar Grade,30,95,473,873.0,0.0010215927100827
shap_feature_selection_extratrees_p1_20260527_001506,G2_mg_molar_grade,MG Positive Molar Grade,30,96,453,853.0,0.0010168913603521
shap_feature_selection_extratrees_p1_20260527_001506,G2_mg_molar_grade,MG Positive Molar Grade,30,97,1026,1426.0,0.0010091235823313
shap_feature_selection_extratrees_p1_20260527_001506,G2_mg_molar_grade,MG Positive Molar Grade,30,98,629,1029.0,0.0009978644346177
shap_feature_selection_extratrees_p1_20260527_001506,G2_mg_molar_grade,MG Positive Molar Grade,30,99,576,976.0,0.0009970635306651
shap_feature_selection_extratrees_p1_20260527_001506,G2_mg_molar_grade,MG Positive Molar Grade,30,100,456,856.0,0.0009959090757132
shap_feature_selection_extratrees_p1_20260527_001506,G2_mg_molar_grade,MG Positive Molar Grade,30,101,503,903.0,0.000995208781346
shap_feature_selection_extratrees_p1_20260527_001506,G2_mg_molar_grade,MG Positive Molar Grade,30,102,1017,1417.0,0.0009931622587859
shap_feature_selection_extratrees_p1_20260527_001506,G2_mg_molar_grade,MG Positive Molar Grade,30,103,753,1153.0,0.000990362017647
shap_feature_selection_extratrees_p1_20260527_001506,G2_mg_molar_grade,MG Positive Molar Grade,30,104,773,1173.0,0.0009878008097331
shap_feature_selection_extratrees_p1_20260527_001506,G2_mg_molar_grade,MG Positive Molar Grade,30,105,471,871.0,0.0009774256681153
shap_feature_selection_extratrees_p1_20260527_001506,G2_mg_molar_grade,MG Positive Molar Grade,30,106,917,1317.0,0.0009753192922653
shap_feature_selection_extratrees_p1_20260527_001506,G2_mg_molar_grade,MG Positive Molar Grade,30,107,1257,1657.0,0.0009704655640185
shap_feature_selection_extratrees_p1_20260527_001506,G2_mg_molar_grade,MG Positive Molar Grade,30,108,1079,1479.0,0.0009679482924001
shap_feature_selection_extratrees_p1_20260527_001506,G2_mg_molar_grade,MG Positive Molar Grade,30,109,626,1026.0,0.0009592583699668
shap_feature_selection_extratrees_p1_20260527_001506,G2_mg_molar_grade,MG Positive Molar Grade,30,110,19,419.0,0.0009587744183586
shap_feature_selection_extratrees_p1_20260527_001506,G2_mg_molar_grade,MG Positive Molar Grade,30,111,766,1166.0,0.0009582100499817
shap_feature_selection_extratrees_p1_20260527_001506,G2_mg_molar_grade,MG Positive Molar Grade,30,112,776,1176.0,0.0009565773544395
shap_feature_selection_extratrees_p1_20260527_001506,G2_mg_molar_grade,MG Positive Molar Grade,30,113,918,1318.0,0.000956161016157
shap_feature_selection_extratrees_p1_20260527_001506,G2_mg_molar_grade,MG Positive Molar Grade,30,114,659,1059.0,0.0009527516094867
shap_feature_selection_extratrees_p1_20260527_001506,G2_mg_molar_grade,MG Positive Molar Grade,30,115,756,1156.0,0.0009407629858621
shap_feature_selection_extratrees_p1_20260527_001506,G2_mg_molar_grade,MG Positive Molar Grade,30,116,777,1177.0,0.0009373132024642
shap_feature_selection_extratrees_p1_20260527_001506,G2_mg_molar_grade,MG Positive Molar Grade,30,117,347,747.0,0.0009370115793356
shap_feature_selection_extratrees_p1_20260527_001506,G2_mg_molar_grade,MG Positive Molar Grade,30,118,1246,1646.0,0.000936315625593
shap_feature_selection_extratrees_p1_20260527_001506,G2_mg_molar_grade,MG Positive Molar Grade,30,119,449,849.0,0.0009317057153869
shap_feature_selection_extratrees_p1_20260527_001506,G2_mg_molar_grade,MG Positive Molar Grade,30,120,14,414.0,0.0009269213248828
shap_feature_selection_extratrees_p1_20260527_001506,G2_mg_molar_grade,MG Positive Molar Grade,30,121,772,1172.0,0.0009268496783028
shap_feature_selection_extratrees_p1_20260527_001506,G2_mg_molar_grade,MG Positive Molar Grade,30,122,638,1038.0,0.0009170668056195
shap_feature_selection_extratrees_p1_20260527_001506,G2_mg_molar_grade,MG Positive Molar Grade,30,123,450,850.0,0.0009074358243294
shap_feature_selection_extratrees_p1_20260527_001506,G2_mg_molar_grade,MG Positive Molar Grade,30,124,1027,1427.0,0.0009048326666289
shap_feature_selection_extratrees_p1_20260527_001506,G2_mg_molar_grade,MG Positive Molar Grade,30,125,1259,1659.0,0.000901068717437
shap_feature_selection_extratrees_p1_20260527_001506,G2_mg_molar_grade,MG Positive Molar Grade,30,126,817,1217.0,0.0008996386161866
shap_feature_selection_extratrees_p1_20260527_001506,G2_mg_molar_grade,MG Positive Molar Grade,30,127,1209,1609.0,0.0008937319208695
shap_feature_selection_extratrees_p1_20260527_001506,G2_mg_molar_grade,MG Positive Molar Grade,30,128,1264,1664.0,0.0008901858263542
shap_feature_selection_extratrees_p1_20260527_001506,G2_mg_molar_grade,MG Positive Molar Grade,30,129,1254,1654.0,0.0008893243496874
shap_feature_selection_extratrees_p1_20260527_001506,G2_mg_molar_grade,MG Positive Molar Grade,30,130,620,1020.0,0.0008807691574652
shap_feature_selection_extratrees_p1_20260527_001506,G2_mg_molar_grade,MG Positive Molar Grade,30,131,621,1021.0,0.0008796403288167
shap_feature_selection_extratrees_p1_20260527_001506,G2_mg_molar_grade,MG Positive Molar Grade,30,132,1069,1469.0,0.0008648221702025
shap_feature_selection_extratrees_p1_20260527_001506,G2_mg_molar_grade,MG Positive Molar Grade,30,133,86,486.0,0.000862760897998
shap_feature_selection_extratrees_p1_20260527_001506,G2_mg_molar_grade,MG Positive Molar Grade,30,134,586,986.0,0.0008608446939682
shap_feature_selection_extratrees_p1_20260527_001506,G2_mg_molar_grade,MG Positive Molar Grade,30,135,990,1390.0,0.0008593821785734
shap_feature_selection_extratrees_p1_20260527_001506,G2_mg_molar_grade,MG Positive Molar Grade,30,136,509,909.0,0.0008578208345996
shap_feature_selection_extratrees_p1_20260527_001506,G2_mg_molar_grade,MG Positive Molar Grade,30,137,1245,1645.0,0.0008562032777194
shap_feature_selection_extratrees_p1_20260527_001506,G2_mg_molar_grade,MG Positive Molar Grade,30,138,804,1204.0,0.0008561677819338
shap_feature_selection_extratrees_p1_20260527_001506,G2_mg_molar_grade,MG Positive Molar Grade,30,139,624,1024.0,0.0008561027487357
shap_feature_selection_extratrees_p1_20260527_001506,G2_mg_molar_grade,MG Positive Molar Grade,30,140,396,796.0,0.0008544173175296
shap_feature_selection_extratrees_p1_20260527_001506,G2_mg_molar_grade,MG Positive Molar Grade,30,141,1247,1647.0,0.0008535750569069
shap_feature_selection_extratrees_p1_20260527_001506,G2_mg_molar_grade,MG Positive Molar Grade,30,142,270,670.0,0.0008510435958469
shap_feature_selection_extratrees_p1_20260527_001506,G2_mg_molar_grade,MG Positive Molar Grade,30,143,438,838.0,0.0008448270803358
shap_feature_selection_extratrees_p1_20260527_001506,G2_mg_molar_grade,MG Positive Molar Grade,30,144,751,1151.0,0.000844508294623
shap_feature_selection_extratrees_p1_20260527_001506,G2_mg_molar_grade,MG Positive Molar Grade,30,145,1244,1644.0,0.0008275289099757
shap_feature_selection_extratrees_p1_20260527_001506,G2_mg_molar_grade,MG Positive Molar Grade,30,146,16,416.0,0.0008268395463438
shap_feature_selection_extratrees_p1_20260527_001506,G2_mg_molar_grade,MG Positive Molar Grade,30,147,625,1025.0,0.0008262490496067
shap_feature_selection_extratrees_p1_20260527_001506,G2_mg_molar_grade,MG Positive Molar Grade,30,148,1263,1663.0,0.0008234414093743
shap_feature_selection_extratrees_p1_20260527_001506,G2_mg_molar_grade,MG Positive Molar Grade,30,149,439,839.0,0.000822581759681
shap_feature_selection_extratrees_p1_20260527_001506,G2_mg_molar_grade,MG Positive Molar Grade,30,150,1015,1415.0,0.0008217971398513
shap_feature_selection_extratrees_p1_20260527_001506,G2_mg_molar_grade,MG Positive Molar Grade,30,151,801,1201.0,0.0008209672886757
shap_feature_selection_extratrees_p1_20260527_001506,G2_mg_molar_grade,MG Positive Molar Grade,30,152,818,1218.0,0.0008106840943036
shap_feature_selection_extratrees_p1_20260527_001506,G2_mg_molar_grade,MG Positive Molar Grade,30,153,451,851.0,0.0008098509602409
shap_feature_selection_extratrees_p1_20260527_001506,G2_mg_molar_grade,MG Positive Molar Grade,30,154,1067,1467.0,0.0008082922446206
shap_feature_selection_extratrees_p1_20260527_001506,G2_mg_molar_grade,MG Positive Molar Grade,30,155,398,798.0,0.0008030772343484
shap_feature_selection_extratrees_p1_20260527_001506,G2_mg_molar_grade,MG Positive Molar Grade,30,156,436,836.0,0.000800379811351
shap_feature_selection_extratrees_p1_20260527_001506,G2_mg_molar_grade,MG Positive Molar Grade,30,157,630,1030.0,0.0007966046123913
shap_feature_selection_extratrees_p1_20260527_001506,G2_mg_molar_grade,MG Positive Molar Grade,30,158,640,1040.0,0.000793589869443
shap_feature_selection_extratrees_p1_20260527_001506,G2_mg_molar_grade,MG Positive Molar Grade,30,159,91,491.0,0.0007924505529989
shap_feature_selection_extratrees_p1_20260527_001506,G2_mg_molar_grade,MG Positive Molar Grade,30,160,789,1189.0,0.0007893445640664
shap_feature_selection_extratrees_p1_20260527_001506,G2_mg_molar_grade,MG Positive Molar Grade,30,161,441,841.0,0.000781402141649
shap_feature_selection_extratrees_p1_20260527_001506,G2_mg_molar_grade,MG Positive Molar Grade,30,162,779,1179.0,0.0007807232874548
shap_feature_selection_extratrees_p1_20260527_001506,G2_mg_molar_grade,MG Positive Molar Grade,30,163,326,726.0,0.0007790644774437
shap_feature_selection_extratrees_p1_20260527_001506,G2_mg_molar_grade,MG Positive Molar Grade,30,164,485,885.0,0.0007768445307527
shap_feature_selection_extratrees_p1_20260527_001506,G2_mg_molar_grade,MG Positive Molar Grade,30,165,689,1089.0,0.0007759933785711
shap_feature_selection_extratrees_p1_20260527_001506,G2_mg_molar_grade,MG Positive Molar Grade,30,166,479,879.0,0.000768874717058
shap_feature_selection_extratrees_p1_20260527_001506,G2_mg_molar_grade,MG Positive Molar Grade,30,167,999,1399.0,0.0007684970819072
shap_feature_selection_extratrees_p1_20260527_001506,G2_mg_molar_grade,MG Positive Molar Grade,30,168,1253,1653.0,0.0007679841065508
shap_feature_selection_extratrees_p1_20260527_001506,G2_mg_molar_grade,MG Positive Molar Grade,30,169,765,1165.0,0.0007661382848012
shap_feature_selection_extratrees_p1_20260527_001506,G2_mg_molar_grade,MG Positive Molar Grade,30,170,658,1058.0,0.0007549267191866
shap_feature_selection_extratrees_p1_20260527_001506,G2_mg_molar_grade,MG Positive Molar Grade,30,171,1020,1420.0,0.0007515104156594
shap_feature_selection_extratrees_p1_20260527_001506,G2_mg_molar_grade,MG Positive Molar Grade,30,172,661,1061.0,0.000751428064488
shap_feature_selection_extratrees_p1_20260527_001506,G2_mg_molar_grade,MG Positive Molar Grade,30,173,322,722.0,0.0007502115445899
shap_feature_selection_extratrees_p1_20260527_001506,G2_mg_molar_grade,MG Positive Molar Grade,30,174,527,927.0,0.000748870507199
shap_feature_selection_extratrees_p1_20260527_001506,G2_mg_molar_grade,MG Positive Molar Grade,30,175,388,788.0,0.0007450391603445
shap_feature_selection_extratrees_p1_20260527_001506,G2_mg_molar_grade,MG Positive Molar Grade,30,176,1018,1418.0,0.0007445060152473
shap_feature_selection_extratrees_p1_20260527_001506,G2_mg_molar_grade,MG Positive Molar Grade,30,177,920,1320.0,0.0007433538099231
shap_feature_selection_extratrees_p1_20260527_001506,G2_mg_molar_grade,MG Positive Molar Grade,30,178,764,1164.0,0.0007430165003426
shap_feature_selection_extratrees_p1_20260527_001506,G2_mg_molar_grade,MG Positive Molar Grade,30,179,348,748.0,0.0007403598737379
shap_feature_selection_extratrees_p1_20260527_001506,G2_mg_molar_grade,MG Positive Molar Grade,30,180,644,1044.0,0.0007393078475147
shap_feature_selection_extratrees_p1_20260527_001506,G2_mg_molar_grade,MG Positive Molar Grade,30,181,82,482.0,0.0007392069103306
shap_feature_selection_extratrees_p1_20260527_001506,G2_mg_molar_grade,MG Positive Molar Grade,30,182,1063,1463.0,0.0007381926341904
shap_feature_selection_extratrees_p1_20260527_001506,G2_mg_molar_grade,MG Positive Molar Grade,30,183,425,825.0,0.0007369518806344
shap_feature_selection_extratrees_p1_20260527_001506,G2_mg_molar_grade,MG Positive Molar Grade,30,184,1276,1676.0,0.0007349286548509
shap_feature_selection_extratrees_p1_20260527_001506,G2_mg_molar_grade,MG Positive Molar Grade,30,185,482,882.0,0.0007319527476885
shap_feature_selection_extratrees_p1_20260527_001506,G2_mg_molar_grade,MG Positive Molar Grade,30,186,1081,1481.0,0.0007318022142714
shap_feature_selection_extratrees_p1_20260527_001506,G2_mg_molar_grade,MG Positive Molar Grade,30,187,683,1083.0,0.0007313938252276
shap_feature_selection_extratrees_p1_20260527_001506,G2_mg_molar_grade,MG Positive Molar Grade,30,188,508,908.0,0.0007302782763175
shap_feature_selection_extratrees_p1_20260527_001506,G2_mg_molar_grade,MG Positive Molar Grade,30,189,44,444.0,0.0007262278966836
shap_feature_selection_extratrees_p1_20260527_001506,G2_mg_molar_grade,MG Positive Molar Grade,30,190,770,1170.0,0.0007168581264634
shap_feature_selection_extratrees_p1_20260527_001506,G2_mg_molar_grade,MG Positive Molar Grade,30,191,802,1202.0,0.0007118381264948
shap_feature_selection_extratrees_p1_20260527_001506,G2_mg_molar_grade,MG Positive Molar Grade,30,192,310,710.0,0.0007104979668494
shap_feature_selection_extratrees_p1_20260527_001506,G2_mg_molar_grade,MG Positive Molar Grade,30,193,1240,1640.0,0.0007055702850933
shap_feature_selection_extratrees_p1_20260527_001506,G2_mg_molar_grade,MG Positive Molar Grade,30,194,606,1006.0,0.0007036842448608
shap_feature_selection_extratrees_p1_20260527_001506,G2_mg_molar_grade,MG Positive Molar Grade,30,195,1255,1655.0,0.0007032679339943
shap_feature_selection_extratrees_p1_20260527_001506,G2_mg_molar_grade,MG Positive Molar Grade,30,196,1258,1658.0,0.0007027037624839
shap_feature_selection_extratrees_p1_20260527_001506,G2_mg_molar_grade,MG Positive Molar Grade,30,197,726,1126.0,0.0007009927269908
shap_feature_selection_extratrees_p1_20260527_001506,G2_mg_molar_grade,MG Positive Molar Grade,30,198,1068,1468.0,0.0006996324644857
shap_feature_selection_extratrees_p1_20260527_001506,G2_mg_molar_grade,MG Positive Molar Grade,30,199,526,926.0,0.000699001919026
shap_feature_selection_extratrees_p1_20260527_001506,G2_mg_molar_grade,MG Positive Molar Grade,30,200,285,685.0,0.0006988221774167
shap_feature_selection_extratrees_p1_20260527_001506,G2_mg_molar_grade,MG Positive Molar Grade,30,201,692,1092.0,0.0006971723456896
shap_feature_selection_extratrees_p1_20260527_001506,G2_mg_molar_grade,MG Positive Molar Grade,30,202,83,483.0,0.0006941372671448
shap_feature_selection_extratrees_p1_20260527_001506,G2_mg_molar_grade,MG Positive Molar Grade,30,203,470,870.0,0.0006910648761871
shap_feature_selection_extratrees_p1_20260527_001506,G2_mg_molar_grade,MG Positive Molar Grade,30,204,750,1150.0,0.0006878060533754
shap_feature_selection_extratrees_p1_20260527_001506,G2_mg_molar_grade,MG Positive Molar Grade,30,205,632,1032.0,0.0006874533752298
shap_feature_selection_extratrees_p1_20260527_001506,G2_mg_molar_grade,MG Positive Molar Grade,30,206,648,1048.0,0.0006780665236276
shap_feature_selection_extratrees_p1_20260527_001506,G2_mg_molar_grade,MG Positive Molar Grade,30,207,380,780.0,0.0006780273585349
shap_feature_selection_extratrees_p1_20260527_001506,G2_mg_molar_grade,MG Positive Molar Grade,30,208,79,479.0,0.0006773685065407
shap_feature_selection_extratrees_p1_20260527_001506,G2_mg_molar_grade,MG Positive Molar Grade,30,209,31,431.0,0.000676477289796
shap_feature_selection_extratrees_p1_20260527_001506,G2_mg_molar_grade,MG Positive Molar Grade,30,210,880,1280.0,0.0006762684543623
shap_feature_selection_extratrees_p1_20260527_001506,G2_mg_molar_grade,MG Positive Molar Grade,30,211,882,1282.0,0.0006759994099665
shap_feature_selection_extratrees_p1_20260527_001506,G2_mg_molar_grade,MG Positive Molar Grade,30,212,344,744.0,0.0006756002631245
shap_feature_selection_extratrees_p1_20260527_001506,G2_mg_molar_grade,MG Positive Molar Grade,30,213,495,895.0,0.0006753946307382
shap_feature_selection_extratrees_p1_20260527_001506,G2_mg_molar_grade,MG Positive Molar Grade,30,214,328,728.0,0.0006733975374201
shap_feature_selection_extratrees_p1_20260527_001506,G2_mg_molar_grade,MG Positive Molar Grade,30,215,280,680.0,0.0006729063935013
shap_feature_selection_extratrees_p1_20260527_001506,G2_mg_molar_grade,MG Positive Molar Grade,30,216,278,678.0,0.0006710990165455
shap_feature_selection_extratrees_p1_20260527_001506,G2_mg_molar_grade,MG Positive Molar Grade,30,217,1070,1470.0,0.0006696031178974
shap_feature_selection_extratrees_p1_20260527_001506,G2_mg_molar_grade,MG Positive Molar Grade,30,218,652,1052.0,0.0006665235963675
shap_feature_selection_extratrees_p1_20260527_001506,G2_mg_molar_grade,MG Positive Molar Grade,30,219,475,875.0,0.0006647664406846
shap_feature_selection_extratrees_p1_20260527_001506,G2_mg_molar_grade,MG Positive Molar Grade,30,220,1251,1651.0,0.0006624577214101
shap_feature_selection_extratrees_p1_20260527_001506,G2_mg_molar_grade,MG Positive Molar Grade,30,221,1031,1431.0,0.0006622803636616
shap_feature_selection_extratrees_p1_20260527_001506,G2_mg_molar_grade,MG Positive Molar Grade,30,222,273,673.0,0.0006611741121486
shap_feature_selection_extratrees_p1_20260527_001506,G2_mg_molar_grade,MG Positive Molar Grade,30,223,1238,1638.0,0.0006593171366069
shap_feature_selection_extratrees_p1_20260527_001506,G2_mg_molar_grade,MG Positive Molar Grade,30,224,431,831.0,0.0006587641956585
shap_feature_selection_extratrees_p1_20260527_001506,G2_mg_molar_grade,MG Positive Molar Grade,30,225,107,507.0,0.0006566886203408
shap_feature_selection_extratrees_p1_20260527_001506,G2_mg_molar_grade,MG Positive Molar Grade,30,226,75,475.0,0.0006553535406573
shap_feature_selection_extratrees_p1_20260527_001506,G2_mg_molar_grade,MG Positive Molar Grade,30,227,1000,1400.0,0.0006543156761862
shap_feature_selection_extratrees_p1_20260527_001506,G2_mg_molar_grade,MG Positive Molar Grade,30,228,96,496.0,0.0006528427005239
shap_feature_selection_extratrees_p1_20260527_001506,G2_mg_molar_grade,MG Positive Molar Grade,30,229,282,682.0,0.0006520865225088
shap_feature_selection_extratrees_p1_20260527_001506,G2_mg_molar_grade,MG Positive Molar Grade,30,230,724,1124.0,0.0006518399630782
shap_feature_selection_extratrees_p1_20260527_001506,G2_mg_molar_grade,MG Positive Molar Grade,30,231,820,1220.0,0.0006505675923668
shap_feature_selection_extratrees_p1_20260527_001506,G2_mg_molar_grade,MG Positive Molar Grade,30,232,90,490.0,0.0006464329516503
shap_feature_selection_extratrees_p1_20260527_001506,G2_mg_molar_grade,MG Positive Molar Grade,30,233,919,1319.0,0.0006457251263236
shap_feature_selection_extratrees_p1_20260527_001506,G2_mg_molar_grade,MG Positive Molar Grade,30,234,1212,1612.0,0.0006452589403209
shap_feature_selection_extratrees_p1_20260527_001506,G2_mg_molar_grade,MG Positive Molar Grade,30,235,663,1063.0,0.0006450301171443
shap_feature_selection_extratrees_p1_20260527_001506,G2_mg_molar_grade,MG Positive Molar Grade,30,236,1314,1714.0,0.000643581815741
shap_feature_selection_extratrees_p1_20260527_001506,G2_mg_molar_grade,MG Positive Molar Grade,30,237,9,409.0,0.0006424425510057
shap_feature_selection_extratrees_p1_20260527_001506,G2_mg_molar_grade,MG Positive Molar Grade,30,238,867,1267.0,0.0006424102460562
shap_feature_selection_extratrees_p1_20260527_001506,G2_mg_molar_grade,MG Positive Molar Grade,30,239,76,476.0,0.0006402314770106
shap_feature_selection_extratrees_p1_20260527_001506,G2_mg_molar_grade,MG Positive Molar Grade,30,240,324,724.0,0.0006387229968515
shap_feature_selection_extratrees_p1_20260527_001506,G2_mg_molar_grade,MG Positive Molar Grade,30,241,885,1285.0,0.0006364827603855
shap_feature_selection_extratrees_p1_20260527_001506,G2_mg_molar_grade,MG Positive Molar Grade,30,242,478,878.0,0.0006348793457459
shap_feature_selection_extratrees_p1_20260527_001506,G2_mg_molar_grade,MG Positive Molar Grade,30,243,1168,1568.0,0.000634250100758
shap_feature_selection_extratrees_p1_20260527_001506,G2_mg_molar_grade,MG Positive Molar Grade,30,244,283,683.0,0.0006323462308554
shap_feature_selection_extratrees_p1_20260527_001506,G2_mg_molar_grade,MG Positive Molar Grade,30,245,474,874.0,0.0006308895824183
shap_feature_selection_extratrees_p1_20260527_001506,G2_mg_molar_grade,MG Positive Molar Grade,30,246,483,883.0,0.0006293438548686
shap_feature_selection_extratrees_p1_20260527_001506,G2_mg_molar_grade,MG Positive Molar Grade,30,247,965,1365.0,0.0006290311271444
shap_feature_selection_extratrees_p1_20260527_001506,G2_mg_molar_grade,MG Positive Molar Grade,30,248,18,418.0,0.0006264877460041
shap_feature_selection_extratrees_p1_20260527_001506,G2_mg_molar_grade,MG Positive Molar Grade,30,249,768,1168.0,0.0006198615040434
shap_feature_selection_extratrees_p1_20260527_001506,G2_mg_molar_grade,MG Positive Molar Grade,30,250,852,1252.0,0.0006184414639492
shap_feature_selection_extratrees_p1_20260527_001506,G2_mg_molar_grade,MG Positive Molar Grade,30,251,24,424.0,0.0006181114893643
shap_feature_selection_extratrees_p1_20260527_001506,G2_mg_molar_grade,MG Positive Molar Grade,30,252,1024,1424.0,0.0006170800157538
shap_feature_selection_extratrees_p1_20260527_001506,G2_mg_molar_grade,MG Positive Molar Grade,30,253,73,473.0,0.0006151306712827
shap_feature_selection_extratrees_p1_20260527_001506,G2_mg_molar_grade,MG Positive Molar Grade,30,254,1080,1480.0,0.0006050107918046
shap_feature_selection_extratrees_p1_20260527_001506,G2_mg_molar_grade,MG Positive Molar Grade,30,255,655,1055.0,0.0006045343567665
shap_feature_selection_extratrees_p1_20260527_001506,G2_mg_molar_grade,MG Positive Molar Grade,30,256,1248,1648.0,0.0006043602306536
shap_feature_selection_extratrees_p1_20260527_001506,G2_mg_molar_grade,MG Positive Molar Grade,30,257,1088,1488.0,0.0006040812718752
shap_feature_selection_extratrees_p1_20260527_001506,G2_mg_molar_grade,MG Positive Molar Grade,30,258,763,1163.0,0.0006028138296811
shap_feature_selection_extratrees_p1_20260527_001506,G2_mg_molar_grade,MG Positive Molar Grade,30,259,1292,1692.0,0.0006019502983233
shap_feature_selection_extratrees_p1_20260527_001506,G2_mg_molar_grade,MG Positive Molar Grade,30,260,275,675.0,0.0006004023603664
shap_feature_selection_extratrees_p1_20260527_001506,G2_mg_molar_grade,MG Positive Molar Grade,30,261,671,1071.0,0.0005993362141535
shap_feature_selection_extratrees_p1_20260527_001506,G2_mg_molar_grade,MG Positive Molar Grade,30,262,749,1149.0,0.0005966130864035
shap_feature_selection_extratrees_p1_20260527_001506,G2_mg_molar_grade,MG Positive Molar Grade,30,263,329,729.0,0.0005941884996034
shap_feature_selection_extratrees_p1_20260527_001506,G2_mg_molar_grade,MG Positive Molar Grade,30,264,730,1130.0,0.0005912677043741
shap_feature_selection_extratrees_p1_20260527_001506,G2_mg_molar_grade,MG Positive Molar Grade,30,265,767,1167.0,0.0005902220225783
shap_feature_selection_extratrees_p1_20260527_001506,G2_mg_molar_grade,MG Positive Molar Grade,30,266,853,1253.0,0.000587721516335
shap_feature_selection_extratrees_p1_20260527_001506,G2_mg_molar_grade,MG Positive Molar Grade,30,267,874,1274.0,0.0005814300492732
shap_feature_selection_extratrees_p1_20260527_001506,G2_mg_molar_grade,MG Positive Molar Grade,30,268,562,962.0,0.0005807467902268
shap_feature_selection_extratrees_p1_20260527_001506,G2_mg_molar_grade,MG Positive Molar Grade,30,269,186,586.0,0.0005787655889965
shap_feature_selection_extratrees_p1_20260527_001506,G2_mg_molar_grade,MG Positive Molar Grade,30,270,510,910.0,0.0005758208621728
shap_feature_selection_extratrees_p1_20260527_001506,G2_mg_molar_grade,MG Positive Molar Grade,30,271,43,443.0,0.0005745712097954
shap_feature_selection_extratrees_p1_20260527_001506,G2_mg_molar_grade,MG Positive Molar Grade,30,272,1076,1476.0,0.0005725584646308
shap_feature_selection_extratrees_p1_20260527_001506,G2_mg_molar_grade,MG Positive Molar Grade,30,273,455,855.0,0.0005699035940286
shap_feature_selection_extratrees_p1_20260527_001506,G2_mg_molar_grade,MG Positive Molar Grade,30,274,311,711.0,0.0005697655618839
shap_feature_selection_extratrees_p1_20260527_001506,G2_mg_molar_grade,MG Positive Molar Grade,30,275,45,445.0,0.0005671540220568
shap_feature_selection_extratrees_p1_20260527_001506,G2_mg_molar_grade,MG Positive Molar Grade,30,276,646,1046.0,0.0005630785523239
shap_feature_selection_extratrees_p1_20260527_001506,G2_mg_molar_grade,MG Positive Molar Grade,30,277,21,421.0,0.0005617157774067
shap_feature_selection_extratrees_p1_20260527_001506,G2_mg_molar_grade,MG Positive Molar Grade,30,278,461,861.0,0.0005616373719292
shap_feature_selection_extratrees_p1_20260527_001506,G2_mg_molar_grade,MG Positive Molar Grade,30,279,982,1382.0,0.0005608659372652
shap_feature_selection_extratrees_p1_20260527_001506,G2_mg_molar_grade,MG Positive Molar Grade,30,280,458,858.0,0.0005580553358288
shap_feature_selection_extratrees_p1_20260527_001506,G2_mg_molar_grade,MG Positive Molar Grade,30,281,496,896.0,0.0005579656202963
shap_feature_selection_extratrees_p1_20260527_001506,G2_mg_molar_grade,MG Positive Molar Grade,30,282,424,824.0,0.0005529985075283
shap_feature_selection_extratrees_p1_20260527_001506,G2_mg_molar_grade,MG Positive Molar Grade,30,283,1071,1471.0,0.0005524606254711
shap_feature_selection_extratrees_p1_20260527_001506,G2_mg_molar_grade,MG Positive Molar Grade,30,284,333,733.0,0.0005518853518292
shap_feature_selection_extratrees_p1_20260527_001506,G2_mg_molar_grade,MG Positive Molar Grade,30,285,512,912.0,0.0005507093714108
shap_feature_selection_extratrees_p1_20260527_001506,G2_mg_molar_grade,MG Positive Molar Grade,30,286,13,413.0,0.0005505285144631
shap_feature_selection_extratrees_p1_20260527_001506,G2_mg_molar_grade,MG Positive Molar Grade,30,287,1220,1620.0,0.0005502870411994
shap_feature_selection_extratrees_p1_20260527_001506,G2_mg_molar_grade,MG Positive Molar Grade,30,288,800,1200.0,0.0005462274248366
shap_feature_selection_extratrees_p1_20260527_001506,G2_mg_molar_grade,MG Positive Molar Grade,30,289,72,472.0,0.0005452669596351
shap_feature_selection_extratrees_p1_20260527_001506,G2_mg_molar_grade,MG Positive Molar Grade,30,290,736,1136.0,0.0005432401171772
shap_feature_selection_extratrees_p1_20260527_001506,G2_mg_molar_grade,MG Positive Molar Grade,30,291,881,1281.0,0.0005415393696569
shap_feature_selection_extratrees_p1_20260527_001506,G2_mg_molar_grade,MG Positive Molar Grade,30,292,33,433.0,0.0005403819032533
shap_feature_selection_extratrees_p1_20260527_001506,G2_mg_molar_grade,MG Positive Molar Grade,30,293,585,985.0,0.0005401683208335
shap_feature_selection_extratrees_p1_20260527_001506,G2_mg_molar_grade,MG Positive Molar Grade,30,294,798,1198.0,0.0005393371414645
shap_feature_selection_extratrees_p1_20260527_001506,G2_mg_molar_grade,MG Positive Molar Grade,30,295,342,742.0,0.0005389522955407
shap_feature_selection_extratrees_p1_20260527_001506,G2_mg_molar_grade,MG Positive Molar Grade,30,296,1213,1613.0,0.0005377098531335
shap_feature_selection_extratrees_p1_20260527_001506,G2_mg_molar_grade,MG Positive Molar Grade,30,297,997,1397.0,0.0005358396353049
shap_feature_selection_extratrees_p1_20260527_001506,G2_mg_molar_grade,MG Positive Molar Grade,30,298,955,1355.0,0.0005357355452405
shap_feature_selection_extratrees_p1_20260527_001506,G2_mg_molar_grade,MG Positive Molar Grade,30,299,578,978.0,0.0005352644121827
shap_feature_selection_extratrees_p1_20260527_001506,G2_mg_molar_grade,MG Positive Molar Grade,30,300,89,489.0,0.0005348647916157
shap_feature_selection_extratrees_p1_20260527_001506,G2_mg_molar_grade,MG Positive Molar Grade,30,301,343,743.0,0.0005346911899883
shap_feature_selection_extratrees_p1_20260527_001506,G2_mg_molar_grade,MG Positive Molar Grade,30,302,307,707.0,0.0005317183130929
shap_feature_selection_extratrees_p1_20260527_001506,G2_mg_molar_grade,MG Positive Molar Grade,30,303,1221,1621.0,0.0005308459780887
shap_feature_selection_extratrees_p1_20260527_001506,G2_mg_molar_grade,MG Positive Molar Grade,30,304,423,823.0,0.0005298967343589
shap_feature_selection_extratrees_p1_20260527_001506,G2_mg_molar_grade,MG Positive Molar Grade,30,305,1203,1603.0,0.0005298733231
shap_feature_selection_extratrees_p1_20260527_001506,G2_mg_molar_grade,MG Positive Molar Grade,30,306,643,1043.0,0.0005291268947936
shap_feature_selection_extratrees_p1_20260527_001506,G2_mg_molar_grade,MG Positive Molar Grade,30,307,1273,1673.0,0.0005285230246049
shap_feature_selection_extratrees_p1_20260527_001506,G2_mg_molar_grade,MG Positive Molar Grade,30,308,976,1376.0,0.0005285059537305
shap_feature_selection_extratrees_p1_20260527_001506,G2_mg_molar_grade,MG Positive Molar Grade,30,309,697,1097.0,0.0005284438419601
shap_feature_selection_extratrees_p1_20260527_001506,G2_mg_molar_grade,MG Positive Molar Grade,30,310,1183,1583.0,0.0005251089021499
shap_feature_selection_extratrees_p1_20260527_001506,G2_mg_molar_grade,MG Positive Molar Grade,30,311,284,684.0,0.0005250862084957
shap_feature_selection_extratrees_p1_20260527_001506,G2_mg_molar_grade,MG Positive Molar Grade,30,312,17,417.0,0.0005247386948425
shap_feature_selection_extratrees_p1_20260527_001506,G2_mg_molar_grade,MG Positive Molar Grade,30,313,710,1110.0,0.0005238212112547
shap_feature_selection_extratrees_p1_20260527_001506,G2_mg_molar_grade,MG Positive Molar Grade,30,314,71,471.0,0.0005235257247606
shap_feature_selection_extratrees_p1_20260527_001506,G2_mg_molar_grade,MG Positive Molar Grade,30,315,1073,1473.0,0.0005222427059777
shap_feature_selection_extratrees_p1_20260527_001506,G2_mg_molar_grade,MG Positive Molar Grade,30,316,1028,1428.0,0.0005221463625997
shap_feature_selection_extratrees_p1_20260527_001506,G2_mg_molar_grade,MG Positive Molar Grade,30,317,1265,1665.0,0.0005217428816845
shap_feature_selection_extratrees_p1_20260527_001506,G2_mg_molar_grade,MG Positive Molar Grade,30,318,745,1145.0,0.0005216480593965
shap_feature_selection_extratrees_p1_20260527_001506,G2_mg_molar_grade,MG Positive Molar Grade,30,319,274,674.0,0.0005215142726843
shap_feature_selection_extratrees_p1_20260527_001506,G2_mg_molar_grade,MG Positive Molar Grade,30,320,430,830.0,0.0005213240239542
shap_feature_selection_extratrees_p1_20260527_001506,G2_mg_molar_grade,MG Positive Molar Grade,30,321,345,745.0,0.0005197306231172
shap_feature_selection_extratrees_p1_20260527_001506,G2_mg_molar_grade,MG Positive Molar Grade,30,322,674,1074.0,0.0005193840099759
shap_feature_selection_extratrees_p1_20260527_001506,G2_mg_molar_grade,MG Positive Molar Grade,30,323,865,1265.0,0.0005186552932069
shap_feature_selection_extratrees_p1_20260527_001506,G2_mg_molar_grade,MG Positive Molar Grade,30,324,1087,1487.0,0.0005185844210184
shap_feature_selection_extratrees_p1_20260527_001506,G2_mg_molar_grade,MG Positive Molar Grade,30,325,97,497.0,0.0005180028456824
shap_feature_selection_extratrees_p1_20260527_001506,G2_mg_molar_grade,MG Positive Molar Grade,30,326,584,984.0,0.0005138354447707
shap_feature_selection_extratrees_p1_20260527_001506,G2_mg_molar_grade,MG Positive Molar Grade,30,327,428,828.0,0.0005116285219433
shap_feature_selection_extratrees_p1_20260527_001506,G2_mg_molar_grade,MG Positive Molar Grade,30,328,1036,1436.0,0.0005098358309895
shap_feature_selection_extratrees_p1_20260527_001506,G2_mg_molar_grade,MG Positive Molar Grade,30,329,27,427.0,0.0005090352779695
shap_feature_selection_extratrees_p1_20260527_001506,G2_mg_molar_grade,MG Positive Molar Grade,30,330,821,1221.0,0.0005086015510815
shap_feature_selection_extratrees_p1_20260527_001506,G2_mg_molar_grade,MG Positive Molar Grade,30,331,395,795.0,0.0005073016894848
shap_feature_selection_extratrees_p1_20260527_001506,G2_mg_molar_grade,MG Positive Molar Grade,30,332,991,1391.0,0.0005062348076752
shap_feature_selection_extratrees_p1_20260527_001506,G2_mg_molar_grade,MG Positive Molar Grade,30,333,397,797.0,0.0005056242729598
shap_feature_selection_extratrees_p1_20260527_001506,G2_mg_molar_grade,MG Positive Molar Grade,30,334,360,760.0,0.0005041349799378
shap_feature_selection_extratrees_p1_20260527_001506,G2_mg_molar_grade,MG Positive Molar Grade,30,335,504,904.0,0.0005029396639335
shap_feature_selection_extratrees_p1_20260527_001506,G2_mg_molar_grade,MG Positive Molar Grade,30,336,481,881.0,0.0005012097465696
shap_feature_selection_extratrees_p1_20260527_001506,G2_mg_molar_grade,MG Positive Molar Grade,30,337,1250,1650.0,0.0004996062398741
shap_feature_selection_extratrees_p1_20260527_001506,G2_mg_molar_grade,MG Positive Molar Grade,30,338,427,827.0,0.0004996043539024
shap_feature_selection_extratrees_p1_20260527_001506,G2_mg_molar_grade,MG Positive Molar Grade,30,339,686,1086.0,0.0004964893709045
shap_feature_selection_extratrees_p1_20260527_001506,G2_mg_molar_grade,MG Positive Molar Grade,30,340,682,1082.0,0.0004961630170488
shap_feature_selection_extratrees_p1_20260527_001506,G2_mg_molar_grade,MG Positive Molar Grade,30,341,108,508.0,0.0004954600758806
shap_feature_selection_extratrees_p1_20260527_001506,G2_mg_molar_grade,MG Positive Molar Grade,30,342,1066,1466.0,0.0004941041745989
shap_feature_selection_extratrees_p1_20260527_001506,G2_mg_molar_grade,MG Positive Molar Grade,30,343,401,801.0,0.0004932114753464
shap_feature_selection_extratrees_p1_20260527_001506,G2_mg_molar_grade,MG Positive Molar Grade,30,344,1002,1402.0,0.0004924814112861
shap_feature_selection_extratrees_p1_20260527_001506,G2_mg_molar_grade,MG Positive Molar Grade,30,345,15,415.0,0.000491960940774
shap_feature_selection_extratrees_p1_20260527_001506,G2_mg_molar_grade,MG Positive Molar Grade,30,346,22,422.0,0.0004906008587332
shap_feature_selection_extratrees_p1_20260527_001506,G2_mg_molar_grade,MG Positive Molar Grade,30,347,12,412.0,0.0004894077642058
shap_feature_selection_extratrees_p1_20260527_001506,G2_mg_molar_grade,MG Positive Molar Grade,30,348,613,1013.0,0.0004893195918258
shap_feature_selection_extratrees_p1_20260527_001506,G2_mg_molar_grade,MG Positive Molar Grade,30,349,85,485.0,0.0004890441776526
shap_feature_selection_extratrees_p1_20260527_001506,G2_mg_molar_grade,MG Positive Molar Grade,30,350,109,509.0,0.0004855721069698
shap_feature_selection_extratrees_p1_20260527_001506,G2_mg_molar_grade,MG Positive Molar Grade,30,351,1064,1464.0,0.0004853032565215
shap_feature_selection_extratrees_p1_20260527_001506,G2_mg_molar_grade,MG Positive Molar Grade,30,352,797,1197.0,0.0004835219494621
shap_feature_selection_extratrees_p1_20260527_001506,G2_mg_molar_grade,MG Positive Molar Grade,30,353,514,914.0,0.0004823204280638
shap_feature_selection_extratrees_p1_20260527_001506,G2_mg_molar_grade,MG Positive Molar Grade,30,354,1252,1652.0,0.000480334659501
shap_feature_selection_extratrees_p1_20260527_001506,G2_mg_molar_grade,MG Positive Molar Grade,30,355,1217,1617.0,0.000480292461839
shap_feature_selection_extratrees_p1_20260527_001506,G2_mg_molar_grade,MG Positive Molar Grade,30,356,922,1322.0,0.0004798581445321
shap_feature_selection_extratrees_p1_20260527_001506,G2_mg_molar_grade,MG Positive Molar Grade,30,357,887,1287.0,0.0004788071467116
shap_feature_selection_extratrees_p1_20260527_001506,G2_mg_molar_grade,MG Positive Molar Grade,30,358,1089,1489.0,0.0004784145596101
shap_feature_selection_extratrees_p1_20260527_001506,G2_mg_molar_grade,MG Positive Molar Grade,30,359,888,1288.0,0.0004769382697513
shap_feature_selection_extratrees_p1_20260527_001506,G2_mg_molar_grade,MG Positive Molar Grade,30,360,381,781.0,0.000476421244476
shap_feature_selection_extratrees_p1_20260527_001506,G2_mg_molar_grade,MG Positive Molar Grade,30,361,188,588.0,0.0004763550007725
shap_feature_selection_extratrees_p1_20260527_001506,G2_mg_molar_grade,MG Positive Molar Grade,30,362,600,1000.0,0.0004763106139487
shap_feature_selection_extratrees_p1_20260527_001506,G2_mg_molar_grade,MG Positive Molar Grade,30,363,352,752.0,0.0004732561208264
shap_feature_selection_extratrees_p1_20260527_001506,G2_mg_molar_grade,MG Positive Molar Grade,30,364,645,1045.0,0.0004729630199246
shap_feature_selection_extratrees_p1_20260527_001506,G2_mg_molar_grade,MG Positive Molar Grade,30,365,921,1321.0,0.0004702879419908
shap_feature_selection_extratrees_p1_20260527_001506,G2_mg_molar_grade,MG Positive Molar Grade,30,366,725,1125.0,0.0004699288796778
shap_feature_selection_extratrees_p1_20260527_001506,G2_mg_molar_grade,MG Positive Molar Grade,30,367,980,1380.0,0.0004661059086505
shap_feature_selection_extratrees_p1_20260527_001506,G2_mg_molar_grade,MG Positive Molar Grade,30,368,627,1027.0,0.0004657080677449
shap_feature_selection_extratrees_p1_20260527_001506,G2_mg_molar_grade,MG Positive Molar Grade,30,369,998,1398.0,0.0004642637291704
shap_feature_selection_extratrees_p1_20260527_001506,G2_mg_molar_grade,MG Positive Molar Grade,30,370,74,474.0,0.0004635386932596
shap_feature_selection_extratrees_p1_20260527_001506,G2_mg_molar_grade,MG Positive Molar Grade,30,371,1012,1412.0,0.000463409702263
shap_feature_selection_extratrees_p1_20260527_001506,G2_mg_molar_grade,MG Positive Molar Grade,30,372,84,484.0,0.000462639376148
shap_feature_selection_extratrees_p1_20260527_001506,G2_mg_molar_grade,MG Positive Molar Grade,30,373,40,440.0,0.0004623130779067
shap_feature_selection_extratrees_p1_20260527_001506,G2_mg_molar_grade,MG Positive Molar Grade,30,374,790,1190.0,0.0004622891448383
shap_feature_selection_extratrees_p1_20260527_001506,G2_mg_molar_grade,MG Positive Molar Grade,30,375,313,713.0,0.0004612366097609
shap_feature_selection_extratrees_p1_20260527_001506,G2_mg_molar_grade,MG Positive Molar Grade,30,376,390,790.0,0.0004600453612796
shap_feature_selection_extratrees_p1_20260527_001506,G2_mg_molar_grade,MG Positive Molar Grade,30,377,985,1385.0,0.0004585446303264
shap_feature_selection_extratrees_p1_20260527_001506,G2_mg_molar_grade,MG Positive Molar Grade,30,378,924,1324.0,0.0004577507666523
shap_feature_selection_extratrees_p1_20260527_001506,G2_mg_molar_grade,MG Positive Molar Grade,30,379,1140,1540.0,0.0004571597837249
shap_feature_selection_extratrees_p1_20260527_001506,G2_mg_molar_grade,MG Positive Molar Grade,30,380,988,1388.0,0.0004570614192821
shap_feature_selection_extratrees_p1_20260527_001506,G2_mg_molar_grade,MG Positive Molar Grade,30,381,378,778.0,0.0004570169971753
shap_feature_selection_extratrees_p1_20260527_001506,G2_mg_molar_grade,MG Positive Molar Grade,30,382,77,477.0,0.0004568998185298
shap_feature_selection_extratrees_p1_20260527_001506,G2_mg_molar_grade,MG Positive Molar Grade,30,383,1293,1693.0,0.0004562721095629
shap_feature_selection_extratrees_p1_20260527_001506,G2_mg_molar_grade,MG Positive Molar Grade,30,384,39,439.0,0.0004553720300302
shap_feature_selection_extratrees_p1_20260527_001506,G2_mg_molar_grade,MG Positive Molar Grade,30,385,650,1050.0,0.0004524636262728
shap_feature_selection_extratrees_p1_20260527_001506,G2_mg_molar_grade,MG Positive Molar Grade,30,386,1053,1453.0,0.0004514491817213
shap_feature_selection_extratrees_p1_20260527_001506,G2_mg_molar_grade,MG Positive Molar Grade,30,387,320,720.0,0.0004510604371661
shap_feature_selection_extratrees_p1_20260527_001506,G2_mg_molar_grade,MG Positive Molar Grade,30,388,651,1051.0,0.0004495444350748
shap_feature_selection_extratrees_p1_20260527_001506,G2_mg_molar_grade,MG Positive Molar Grade,30,389,1365,1765.0,0.0004483331321181
shap_feature_selection_extratrees_p1_20260527_001506,G2_mg_molar_grade,MG Positive Molar Grade,30,390,739,1139.0,0.0004460772162111
shap_feature_selection_extratrees_p1_20260527_001506,G2_mg_molar_grade,MG Positive Molar Grade,30,391,582,982.0,0.0004458105003427
shap_feature_selection_extratrees_p1_20260527_001506,G2_mg_molar_grade,MG Positive Molar Grade,30,392,93,493.0,0.0004451770181104
shap_feature_selection_extratrees_p1_20260527_001506,G2_mg_molar_grade,MG Positive Molar Grade,30,393,1142,1542.0,0.0004443659451623
shap_feature_selection_extratrees_p1_20260527_001506,G2_mg_molar_grade,MG Positive Molar Grade,30,394,1038,1438.0,0.0004441087668894
shap_feature_selection_extratrees_p1_20260527_001506,G2_mg_molar_grade,MG Positive Molar Grade,30,395,992,1392.0,0.0004437033478403
shap_feature_selection_extratrees_p1_20260527_001506,G2_mg_molar_grade,MG Positive Molar Grade,30,396,687,1087.0,0.0004436948457831
shap_feature_selection_extratrees_p1_20260527_001506,G2_mg_molar_grade,MG Positive Molar Grade,30,397,477,877.0,0.0004432604517284
shap_feature_selection_extratrees_p1_20260527_001506,G2_mg_molar_grade,MG Positive Molar Grade,30,398,856,1256.0,0.0004432426472975
shap_feature_selection_extratrees_p1_20260527_001506,G2_mg_molar_grade,MG Positive Molar Grade,30,399,443,843.0,0.0004431351254265
shap_feature_selection_extratrees_p1_20260527_001506,G2_mg_molar_grade,MG Positive Molar Grade,30,400,581,981.0,0.000442893633283
shap_feature_selection_extratrees_p1_20260527_001506,G2_mg_molar_grade,MG Positive Molar Grade,30,401,967,1367.0,0.0004426739252244
shap_feature_selection_extratrees_p1_20260527_001506,G2_mg_molar_grade,MG Positive Molar Grade,30,402,297,697.0,0.000442575701127
shap_feature_selection_extratrees_p1_20260527_001506,G2_mg_molar_grade,MG Positive Molar Grade,30,403,834,1234.0,0.0004420055937991
shap_feature_selection_extratrees_p1_20260527_001506,G2_mg_molar_grade,MG Positive Molar Grade,30,404,986,1386.0,0.000441578525383
shap_feature_selection_extratrees_p1_20260527_001506,G2_mg_molar_grade,MG Positive Molar Grade,30,405,341,741.0,0.0004408435113255
shap_feature_selection_extratrees_p1_20260527_001506,G2_mg_molar_grade,MG Positive Molar Grade,30,406,996,1396.0,0.0004399321676415
shap_feature_selection_extratrees_p1_20260527_001506,G2_mg_molar_grade,MG Positive Molar Grade,30,407,399,799.0,0.0004398783625078
shap_feature_selection_extratrees_p1_20260527_001506,G2_mg_molar_grade,MG Positive Molar Grade,30,408,673,1073.0,0.0004376574830848
shap_feature_selection_extratrees_p1_20260527_001506,G2_mg_molar_grade,MG Positive Molar Grade,30,409,296,696.0,0.0004368009048293
shap_feature_selection_extratrees_p1_20260527_001506,G2_mg_molar_grade,MG Positive Molar Grade,30,410,647,1047.0,0.000435756367614
shap_feature_selection_extratrees_p1_20260527_001506,G2_mg_molar_grade,MG Positive Molar Grade,30,411,670,1070.0,0.0004354595029424
shap_feature_selection_extratrees_p1_20260527_001506,G2_mg_molar_grade,MG Positive Molar Grade,30,412,1171,1571.0,0.0004346343735654
shap_feature_selection_extratrees_p1_20260527_001506,G2_mg_molar_grade,MG Positive Molar Grade,30,413,1303,1703.0,0.0004338863428002
shap_feature_selection_extratrees_p1_20260527_001506,G2_mg_molar_grade,MG Positive Molar Grade,30,414,702,1102.0,0.0004334414837788
shap_feature_selection_extratrees_p1_20260527_001506,G2_mg_molar_grade,MG Positive Molar Grade,30,415,80,480.0,0.0004329610350666
shap_feature_selection_extratrees_p1_20260527_001506,G2_mg_molar_grade,MG Positive Molar Grade,30,416,319,719.0,0.0004326971677473
shap_feature_selection_extratrees_p1_20260527_001506,G2_mg_molar_grade,MG Positive Molar Grade,30,417,681,1081.0,0.0004322183716998
shap_feature_selection_extratrees_p1_20260527_001506,G2_mg_molar_grade,MG Positive Molar Grade,30,418,394,794.0,0.0004305625528038
shap_feature_selection_extratrees_p1_20260527_001506,G2_mg_molar_grade,MG Positive Molar Grade,30,419,707,1107.0,0.0004304185629462
shap_feature_selection_extratrees_p1_20260527_001506,G2_mg_molar_grade,MG Positive Molar Grade,30,420,959,1359.0,0.0004293290065299
shap_feature_selection_extratrees_p1_20260527_001506,G2_mg_molar_grade,MG Positive Molar Grade,30,421,642,1042.0,0.0004283465170796
shap_feature_selection_extratrees_p1_20260527_001506,G3_mba_molar_grade,MBA Positive Molar Grade,30,1,1171,1571.0,0.0055947201511412
shap_feature_selection_extratrees_p1_20260527_001506,G3_mba_molar_grade,MBA Positive Molar Grade,30,2,1177,1577.0,0.0044744120972985
shap_feature_selection_extratrees_p1_20260527_001506,G3_mba_molar_grade,MBA Positive Molar Grade,30,3,665,1065.0,0.0042949859816125
shap_feature_selection_extratrees_p1_20260527_001506,G3_mba_molar_grade,MBA Positive Molar Grade,30,4,990,1390.0,0.0042807688777179
shap_feature_selection_extratrees_p1_20260527_001506,G3_mba_molar_grade,MBA Positive Molar Grade,30,5,664,1064.0,0.0038795802873691
shap_feature_selection_extratrees_p1_20260527_001506,G3_mba_molar_grade,MBA Positive Molar Grade,30,6,663,1063.0,0.0036847034390851
shap_feature_selection_extratrees_p1_20260527_001506,G3_mba_molar_grade,MBA Positive Molar Grade,30,7,987,1387.0,0.0034393166055652
shap_feature_selection_extratrees_p1_20260527_001506,G3_mba_molar_grade,MBA Positive Molar Grade,30,8,1042,1442.0,0.0033381315223805
shap_feature_selection_extratrees_p1_20260527_001506,G3_mba_molar_grade,MBA Positive Molar Grade,30,9,1180,1580.0,0.0033055150908192
shap_feature_selection_extratrees_p1_20260527_001506,G3_mba_molar_grade,MBA Positive Molar Grade,30,10,1175,1575.0,0.0032567310193083
shap_feature_selection_extratrees_p1_20260527_001506,G3_mba_molar_grade,MBA Positive Molar Grade,30,11,1173,1573.0,0.0032007141889311
shap_feature_selection_extratrees_p1_20260527_001506,G3_mba_molar_grade,MBA Positive Molar Grade,30,12,1174,1574.0,0.0031918235239147
shap_feature_selection_extratrees_p1_20260527_001506,G3_mba_molar_grade,MBA Positive Molar Grade,30,13,986,1386.0,0.0031709081244663
shap_feature_selection_extratrees_p1_20260527_001506,G3_mba_molar_grade,MBA Positive Molar Grade,30,14,983,1383.0,0.003119933647411
shap_feature_selection_extratrees_p1_20260527_001506,G3_mba_molar_grade,MBA Positive Molar Grade,30,15,1170,1570.0,0.0030451683689315
shap_feature_selection_extratrees_p1_20260527_001506,G3_mba_molar_grade,MBA Positive Molar Grade,30,16,1176,1576.0,0.0030221131676254
shap_feature_selection_extratrees_p1_20260527_001506,G3_mba_molar_grade,MBA Positive Molar Grade,30,17,1172,1572.0,0.0028262581845497
shap_feature_selection_extratrees_p1_20260527_001506,G3_mba_molar_grade,MBA Positive Molar Grade,30,18,655,1055.0,0.0028217665692084
shap_feature_selection_extratrees_p1_20260527_001506,G3_mba_molar_grade,MBA Positive Molar Grade,30,19,1037,1437.0,0.0027645713140065
shap_feature_selection_extratrees_p1_20260527_001506,G3_mba_molar_grade,MBA Positive Molar Grade,30,20,1181,1581.0,0.0026375020839414
shap_feature_selection_extratrees_p1_20260527_001506,G3_mba_molar_grade,MBA Positive Molar Grade,30,21,984,1384.0,0.0026282880599022
shap_feature_selection_extratrees_p1_20260527_001506,G3_mba_molar_grade,MBA Positive Molar Grade,30,22,654,1054.0,0.0026067909996196
shap_feature_selection_extratrees_p1_20260527_001506,G3_mba_molar_grade,MBA Positive Molar Grade,30,23,989,1389.0,0.0025897895826924
shap_feature_selection_extratrees_p1_20260527_001506,G3_mba_molar_grade,MBA Positive Molar Grade,30,24,666,1066.0,0.0025846221791402
shap_feature_selection_extratrees_p1_20260527_001506,G3_mba_molar_grade,MBA Positive Molar Grade,30,25,672,1072.0,0.0025660760927543
shap_feature_selection_extratrees_p1_20260527_001506,G3_mba_molar_grade,MBA Positive Molar Grade,30,26,669,1069.0,0.0025016825059469
shap_feature_selection_extratrees_p1_20260527_001506,G3_mba_molar_grade,MBA Positive Molar Grade,30,27,991,1391.0,0.0024262583048036
shap_feature_selection_extratrees_p1_20260527_001506,G3_mba_molar_grade,MBA Positive Molar Grade,30,28,992,1392.0,0.0024110419204518
shap_feature_selection_extratrees_p1_20260527_001506,G3_mba_molar_grade,MBA Positive Molar Grade,30,29,1043,1443.0,0.0023641668316321
shap_feature_selection_extratrees_p1_20260527_001506,G3_mba_molar_grade,MBA Positive Molar Grade,30,30,1183,1583.0,0.0022934913864454
shap_feature_selection_extratrees_p1_20260527_001506,G3_mba_molar_grade,MBA Positive Molar Grade,30,31,668,1068.0,0.0022471478512071
shap_feature_selection_extratrees_p1_20260527_001506,G3_mba_molar_grade,MBA Positive Molar Grade,30,32,1178,1578.0,0.0022151769364458
shap_feature_selection_extratrees_p1_20260527_001506,G3_mba_molar_grade,MBA Positive Molar Grade,30,33,671,1071.0,0.0022127099518756
shap_feature_selection_extratrees_p1_20260527_001506,G3_mba_molar_grade,MBA Positive Molar Grade,30,34,1182,1582.0,0.002143283297038
shap_feature_selection_extratrees_p1_20260527_001506,G3_mba_molar_grade,MBA Positive Molar Grade,30,35,994,1394.0,0.0020968578218595
shap_feature_selection_extratrees_p1_20260527_001506,G3_mba_molar_grade,MBA Positive Molar Grade,30,36,1004,1404.0,0.0020478716046601
shap_feature_selection_extratrees_p1_20260527_001506,G3_mba_molar_grade,MBA Positive Molar Grade,30,37,1044,1444.0,0.0020169241286639
shap_feature_selection_extratrees_p1_20260527_001506,G3_mba_molar_grade,MBA Positive Molar Grade,30,38,1179,1579.0,0.0020157034725971
shap_feature_selection_extratrees_p1_20260527_001506,G3_mba_molar_grade,MBA Positive Molar Grade,30,39,657,1057.0,0.0019935348793672
shap_feature_selection_extratrees_p1_20260527_001506,G3_mba_molar_grade,MBA Positive Molar Grade,30,40,1035,1435.0,0.0019595590224021
shap_feature_selection_extratrees_p1_20260527_001506,G3_mba_molar_grade,MBA Positive Molar Grade,30,41,306,706.0,0.0019165353078224
shap_feature_selection_extratrees_p1_20260527_001506,G3_mba_molar_grade,MBA Positive Molar Grade,30,42,1036,1436.0,0.0019017799508126
shap_feature_selection_extratrees_p1_20260527_001506,G3_mba_molar_grade,MBA Positive Molar Grade,30,43,1001,1401.0,0.0018962343284415
shap_feature_selection_extratrees_p1_20260527_001506,G3_mba_molar_grade,MBA Positive Molar Grade,30,44,1041,1441.0,0.001894746856984
shap_feature_selection_extratrees_p1_20260527_001506,G3_mba_molar_grade,MBA Positive Molar Grade,30,45,1040,1440.0,0.0018913236076117
shap_feature_selection_extratrees_p1_20260527_001506,G3_mba_molar_grade,MBA Positive Molar Grade,30,46,1033,1433.0,0.0018857042385585
shap_feature_selection_extratrees_p1_20260527_001506,G3_mba_molar_grade,MBA Positive Molar Grade,30,47,662,1062.0,0.0018832077547851
shap_feature_selection_extratrees_p1_20260527_001506,G3_mba_molar_grade,MBA Positive Molar Grade,30,48,653,1053.0,0.0018473048615854
shap_feature_selection_extratrees_p1_20260527_001506,G3_mba_molar_grade,MBA Positive Molar Grade,30,49,1046,1446.0,0.0018432436070666
shap_feature_selection_extratrees_p1_20260527_001506,G3_mba_molar_grade,MBA Positive Molar Grade,30,50,1071,1471.0,0.0018174623273474
shap_feature_selection_extratrees_p1_20260527_001506,G3_mba_molar_grade,MBA Positive Molar Grade,30,51,656,1056.0,0.0018164797957993
shap_feature_selection_extratrees_p1_20260527_001506,G3_mba_molar_grade,MBA Positive Molar Grade,30,52,676,1076.0,0.0018113856514397
shap_feature_selection_extratrees_p1_20260527_001506,G3_mba_molar_grade,MBA Positive Molar Grade,30,53,1049,1449.0,0.001776842829962
shap_feature_selection_extratrees_p1_20260527_001506,G3_mba_molar_grade,MBA Positive Molar Grade,30,54,304,704.0,0.0017660528943488
shap_feature_selection_extratrees_p1_20260527_001506,G3_mba_molar_grade,MBA Positive Molar Grade,30,55,1038,1438.0,0.0017515407341961
shap_feature_selection_extratrees_p1_20260527_001506,G3_mba_molar_grade,MBA Positive Molar Grade,30,56,1034,1434.0,0.0017514812619994
shap_feature_selection_extratrees_p1_20260527_001506,G3_mba_molar_grade,MBA Positive Molar Grade,30,57,996,1396.0,0.0016922298752409
shap_feature_selection_extratrees_p1_20260527_001506,G3_mba_molar_grade,MBA Positive Molar Grade,30,58,1047,1447.0,0.0016800006422032
shap_feature_selection_extratrees_p1_20260527_001506,G3_mba_molar_grade,MBA Positive Molar Grade,30,59,660,1060.0,0.0016668626206284
shap_feature_selection_extratrees_p1_20260527_001506,G3_mba_molar_grade,MBA Positive Molar Grade,30,60,1039,1439.0,0.0016356353053844
shap_feature_selection_extratrees_p1_20260527_001506,G3_mba_molar_grade,MBA Positive Molar Grade,30,61,540,940.0,0.0015945923352491
shap_feature_selection_extratrees_p1_20260527_001506,G3_mba_molar_grade,MBA Positive Molar Grade,30,62,661,1061.0,0.0015854631199597
shap_feature_selection_extratrees_p1_20260527_001506,G3_mba_molar_grade,MBA Positive Molar Grade,30,63,1073,1473.0,0.0015650879418641
shap_feature_selection_extratrees_p1_20260527_001506,G3_mba_molar_grade,MBA Positive Molar Grade,30,64,1000,1400.0,0.0015589984935639
shap_feature_selection_extratrees_p1_20260527_001506,G3_mba_molar_grade,MBA Positive Molar Grade,30,65,459,859.0,0.0015572507329671
shap_feature_selection_extratrees_p1_20260527_001506,G3_mba_molar_grade,MBA Positive Molar Grade,30,66,457,857.0,0.0015477921917655
shap_feature_selection_extratrees_p1_20260527_001506,G3_mba_molar_grade,MBA Positive Molar Grade,30,67,1169,1569.0,0.00153810610816
shap_feature_selection_extratrees_p1_20260527_001506,G3_mba_molar_grade,MBA Positive Molar Grade,30,68,1160,1560.0,0.0015305451999826
shap_feature_selection_extratrees_p1_20260527_001506,G3_mba_molar_grade,MBA Positive Molar Grade,30,69,652,1052.0,0.0015152933534067
shap_feature_selection_extratrees_p1_20260527_001506,G3_mba_molar_grade,MBA Positive Molar Grade,30,70,670,1070.0,0.0015151475738858
shap_feature_selection_extratrees_p1_20260527_001506,G3_mba_molar_grade,MBA Positive Molar Grade,30,71,977,1377.0,0.0015045246567891
shap_feature_selection_extratrees_p1_20260527_001506,G3_mba_molar_grade,MBA Positive Molar Grade,30,72,1070,1470.0,0.0014976339893117
shap_feature_selection_extratrees_p1_20260527_001506,G3_mba_molar_grade,MBA Positive Molar Grade,30,73,608,1008.0,0.0014965523300321
shap_feature_selection_extratrees_p1_20260527_001506,G3_mba_molar_grade,MBA Positive Molar Grade,30,74,309,709.0,0.0014917738465684
shap_feature_selection_extratrees_p1_20260527_001506,G3_mba_molar_grade,MBA Positive Molar Grade,30,75,1045,1445.0,0.0014890925143854
shap_feature_selection_extratrees_p1_20260527_001506,G3_mba_molar_grade,MBA Positive Molar Grade,30,76,963,1363.0,0.0014853746661408
shap_feature_selection_extratrees_p1_20260527_001506,G3_mba_molar_grade,MBA Positive Molar Grade,30,77,1168,1568.0,0.0014591057538709
shap_feature_selection_extratrees_p1_20260527_001506,G3_mba_molar_grade,MBA Positive Molar Grade,30,78,674,1074.0,0.0014547862715702
shap_feature_selection_extratrees_p1_20260527_001506,G3_mba_molar_grade,MBA Positive Molar Grade,30,79,982,1382.0,0.0014464056923907
shap_feature_selection_extratrees_p1_20260527_001506,G3_mba_molar_grade,MBA Positive Molar Grade,30,80,310,710.0,0.0014312112412161
shap_feature_selection_extratrees_p1_20260527_001506,G3_mba_molar_grade,MBA Positive Molar Grade,30,81,985,1385.0,0.0014195635454659
shap_feature_selection_extratrees_p1_20260527_001506,G3_mba_molar_grade,MBA Positive Molar Grade,30,82,673,1073.0,0.001411778541335
shap_feature_selection_extratrees_p1_20260527_001506,G3_mba_molar_grade,MBA Positive Molar Grade,30,83,667,1067.0,0.0014056334258454
shap_feature_selection_extratrees_p1_20260527_001506,G3_mba_molar_grade,MBA Positive Molar Grade,30,84,1013,1413.0,0.0013978708216108
shap_feature_selection_extratrees_p1_20260527_001506,G3_mba_molar_grade,MBA Positive Molar Grade,30,85,539,939.0,0.0013900920962834
shap_feature_selection_extratrees_p1_20260527_001506,G3_mba_molar_grade,MBA Positive Molar Grade,30,86,988,1388.0,0.0013811173692789
shap_feature_selection_extratrees_p1_20260527_001506,G3_mba_molar_grade,MBA Positive Molar Grade,30,87,114,514.0,0.0013458258032819
shap_feature_selection_extratrees_p1_20260527_001506,G3_mba_molar_grade,MBA Positive Molar Grade,30,88,978,1378.0,0.0013364662684341
shap_feature_selection_extratrees_p1_20260527_001506,G3_mba_molar_grade,MBA Positive Molar Grade,30,89,542,942.0,0.0013358208233629
shap_feature_selection_extratrees_p1_20260527_001506,G3_mba_molar_grade,MBA Positive Molar Grade,30,90,606,1006.0,0.0013292344592471
shap_feature_selection_extratrees_p1_20260527_001506,G3_mba_molar_grade,MBA Positive Molar Grade,30,91,975,1375.0,0.0013269755272761
shap_feature_selection_extratrees_p1_20260527_001506,G3_mba_molar_grade,MBA Positive Molar Grade,30,92,1031,1431.0,0.0013253178008113
shap_feature_selection_extratrees_p1_20260527_001506,G3_mba_molar_grade,MBA Positive Molar Grade,30,93,463,863.0,0.0013248509153355
shap_feature_selection_extratrees_p1_20260527_001506,G3_mba_molar_grade,MBA Positive Molar Grade,30,94,541,941.0,0.0013170695523881
shap_feature_selection_extratrees_p1_20260527_001506,G3_mba_molar_grade,MBA Positive Molar Grade,30,95,128,528.0,0.0012864988280809
shap_feature_selection_extratrees_p1_20260527_001506,G3_mba_molar_grade,MBA Positive Molar Grade,30,96,537,937.0,0.0012743685318776
shap_feature_selection_extratrees_p1_20260527_001506,G3_mba_molar_grade,MBA Positive Molar Grade,30,97,981,1381.0,0.0012375384863408
shap_feature_selection_extratrees_p1_20260527_001506,G3_mba_molar_grade,MBA Positive Molar Grade,30,98,1167,1567.0,0.001217437252056
shap_feature_selection_extratrees_p1_20260527_001506,G3_mba_molar_grade,MBA Positive Molar Grade,30,99,1050,1450.0,0.0011920746080111
shap_feature_selection_extratrees_p1_20260527_001506,G3_mba_molar_grade,MBA Positive Molar Grade,30,100,465,865.0,0.0011792710867056
shap_feature_selection_extratrees_p1_20260527_001506,G3_mba_molar_grade,MBA Positive Molar Grade,30,101,452,852.0,0.0011680155972675
shap_feature_selection_extratrees_p1_20260527_001506,G3_mba_molar_grade,MBA Positive Molar Grade,30,102,1002,1402.0,0.0011652355419001
shap_feature_selection_extratrees_p1_20260527_001506,G3_mba_molar_grade,MBA Positive Molar Grade,30,103,1159,1559.0,0.0011402220933498
shap_feature_selection_extratrees_p1_20260527_001506,G3_mba_molar_grade,MBA Positive Molar Grade,30,104,611,1011.0,0.0011328939838764
shap_feature_selection_extratrees_p1_20260527_001506,G3_mba_molar_grade,MBA Positive Molar Grade,30,105,658,1058.0,0.001125892680629
shap_feature_selection_extratrees_p1_20260527_001506,G3_mba_molar_grade,MBA Positive Molar Grade,30,106,133,533.0,0.0011258442774412
shap_feature_selection_extratrees_p1_20260527_001506,G3_mba_molar_grade,MBA Positive Molar Grade,30,107,649,1049.0,0.0011186343144997
shap_feature_selection_extratrees_p1_20260527_001506,G3_mba_molar_grade,MBA Positive Molar Grade,30,108,1157,1557.0,0.0011176566723823
shap_feature_selection_extratrees_p1_20260527_001506,G3_mba_molar_grade,MBA Positive Molar Grade,30,109,1075,1475.0,0.0011098472669746
shap_feature_selection_extratrees_p1_20260527_001506,G3_mba_molar_grade,MBA Positive Molar Grade,30,110,1030,1430.0,0.001109507276528
shap_feature_selection_extratrees_p1_20260527_001506,G3_mba_molar_grade,MBA Positive Molar Grade,30,111,1202,1602.0,0.0011031968640683
shap_feature_selection_extratrees_p1_20260527_001506,G3_mba_molar_grade,MBA Positive Molar Grade,30,112,1018,1418.0,0.0010920884330449
shap_feature_selection_extratrees_p1_20260527_001506,G3_mba_molar_grade,MBA Positive Molar Grade,30,113,659,1059.0,0.0010864807119553
shap_feature_selection_extratrees_p1_20260527_001506,G3_mba_molar_grade,MBA Positive Molar Grade,30,114,675,1075.0,0.0010860139456388
shap_feature_selection_extratrees_p1_20260527_001506,G3_mba_molar_grade,MBA Positive Molar Grade,30,115,995,1395.0,0.0010811769648462
shap_feature_selection_extratrees_p1_20260527_001506,G3_mba_molar_grade,MBA Positive Molar Grade,30,116,308,708.0,0.0010799348703709
shap_feature_selection_extratrees_p1_20260527_001506,G3_mba_molar_grade,MBA Positive Molar Grade,30,117,1184,1584.0,0.0010579925380029
shap_feature_selection_extratrees_p1_20260527_001506,G3_mba_molar_grade,MBA Positive Molar Grade,30,118,993,1393.0,0.0010572268379556
shap_feature_selection_extratrees_p1_20260527_001506,G3_mba_molar_grade,MBA Positive Molar Grade,30,119,1074,1474.0,0.0010501448325484
shap_feature_selection_extratrees_p1_20260527_001506,G3_mba_molar_grade,MBA Positive Molar Grade,30,120,110,510.0,0.0010500222252389
shap_feature_selection_extratrees_p1_20260527_001506,G3_mba_molar_grade,MBA Positive Molar Grade,30,121,1185,1585.0,0.0010493400268891
shap_feature_selection_extratrees_p1_20260527_001506,G3_mba_molar_grade,MBA Positive Molar Grade,30,122,1048,1448.0,0.0010463275752493
shap_feature_selection_extratrees_p1_20260527_001506,G3_mba_molar_grade,MBA Positive Molar Grade,30,123,220,620.0,0.0010404378977707
shap_feature_selection_extratrees_p1_20260527_001506,G3_mba_molar_grade,MBA Positive Molar Grade,30,124,127,527.0,0.0010398125159238
shap_feature_selection_extratrees_p1_20260527_001506,G3_mba_molar_grade,MBA Positive Molar Grade,30,125,132,532.0,0.0010396713484201
shap_feature_selection_extratrees_p1_20260527_001506,G3_mba_molar_grade,MBA Positive Molar Grade,30,126,1072,1472.0,0.001036719188237
shap_feature_selection_extratrees_p1_20260527_001506,G3_mba_molar_grade,MBA Positive Molar Grade,30,127,1156,1556.0,0.001033899941874
shap_feature_selection_extratrees_p1_20260527_001506,G3_mba_molar_grade,MBA Positive Molar Grade,30,128,964,1364.0,0.0010309076124288
shap_feature_selection_extratrees_p1_20260527_001506,G3_mba_molar_grade,MBA Positive Molar Grade,30,129,305,705.0,0.0010288316714323
shap_feature_selection_extratrees_p1_20260527_001506,G3_mba_molar_grade,MBA Positive Molar Grade,30,130,104,504.0,0.0010235644160216
shap_feature_selection_extratrees_p1_20260527_001506,G3_mba_molar_grade,MBA Positive Molar Grade,30,131,113,513.0,0.0010215277799484
shap_feature_selection_extratrees_p1_20260527_001506,G3_mba_molar_grade,MBA Positive Molar Grade,30,132,111,511.0,0.0010141133870449
shap_feature_selection_extratrees_p1_20260527_001506,G3_mba_molar_grade,MBA Positive Molar Grade,30,133,119,519.0,0.0010110563297955
shap_feature_selection_extratrees_p1_20260527_001506,G3_mba_molar_grade,MBA Positive Molar Grade,30,134,453,853.0,0.0010070297920719
shap_feature_selection_extratrees_p1_20260527_001506,G3_mba_molar_grade,MBA Positive Molar Grade,30,135,112,512.0,0.0010034653767481
shap_feature_selection_extratrees_p1_20260527_001506,G3_mba_molar_grade,MBA Positive Molar Grade,30,136,120,520.0,0.0009989549663991
shap_feature_selection_extratrees_p1_20260527_001506,G3_mba_molar_grade,MBA Positive Molar Grade,30,137,1032,1432.0,0.0009981342751009
shap_feature_selection_extratrees_p1_20260527_001506,G3_mba_molar_grade,MBA Positive Molar Grade,30,138,1077,1477.0,0.0009978301083646
shap_feature_selection_extratrees_p1_20260527_001506,G3_mba_molar_grade,MBA Positive Molar Grade,30,139,533,933.0,0.0009859948438161
shap_feature_selection_extratrees_p1_20260527_001506,G3_mba_molar_grade,MBA Positive Molar Grade,30,140,103,503.0,0.0009842672388194
shap_feature_selection_extratrees_p1_20260527_001506,G3_mba_molar_grade,MBA Positive Molar Grade,30,141,603,1003.0,0.0009831754268134
shap_feature_selection_extratrees_p1_20260527_001506,G3_mba_molar_grade,MBA Positive Molar Grade,30,142,979,1379.0,0.0009529028839671
shap_feature_selection_extratrees_p1_20260527_001506,G3_mba_molar_grade,MBA Positive Molar Grade,30,143,1025,1425.0,0.0009467116901085
shap_feature_selection_extratrees_p1_20260527_001506,G3_mba_molar_grade,MBA Positive Molar Grade,30,144,455,855.0,0.0009453486164389
shap_feature_selection_extratrees_p1_20260527_001506,G3_mba_molar_grade,MBA Positive Molar Grade,30,145,1052,1452.0,0.0009422824096988
shap_feature_selection_extratrees_p1_20260527_001506,G3_mba_molar_grade,MBA Positive Molar Grade,30,146,456,856.0,0.0009364541044231
shap_feature_selection_extratrees_p1_20260527_001506,G3_mba_molar_grade,MBA Positive Molar Grade,30,147,303,703.0,0.000932780861437
shap_feature_selection_extratrees_p1_20260527_001506,G3_mba_molar_grade,MBA Positive Molar Grade,30,148,1162,1562.0,0.0009305792599155
shap_feature_selection_extratrees_p1_20260527_001506,G3_mba_molar_grade,MBA Positive Molar Grade,30,149,464,864.0,0.0009283867980455
shap_feature_selection_extratrees_p1_20260527_001506,G3_mba_molar_grade,MBA Positive Molar Grade,30,150,126,526.0,0.000927321701035
shap_feature_selection_extratrees_p1_20260527_001506,G3_mba_molar_grade,MBA Positive Molar Grade,30,151,1158,1558.0,0.0009261971662858
shap_feature_selection_extratrees_p1_20260527_001506,G3_mba_molar_grade,MBA Positive Molar Grade,30,152,1022,1422.0,0.000919638914761
shap_feature_selection_extratrees_p1_20260527_001506,G3_mba_molar_grade,MBA Positive Molar Grade,30,153,609,1009.0,0.0009188307430908
shap_feature_selection_extratrees_p1_20260527_001506,G3_mba_molar_grade,MBA Positive Molar Grade,30,154,1003,1403.0,0.0009127955194434
shap_feature_selection_extratrees_p1_20260527_001506,G3_mba_molar_grade,MBA Positive Molar Grade,30,155,997,1397.0,0.0009102641873118
shap_feature_selection_extratrees_p1_20260527_001506,G3_mba_molar_grade,MBA Positive Molar Grade,30,156,648,1048.0,0.0009080677048705
shap_feature_selection_extratrees_p1_20260527_001506,G3_mba_molar_grade,MBA Positive Molar Grade,30,157,999,1399.0,0.0009078568142171
shap_feature_selection_extratrees_p1_20260527_001506,G3_mba_molar_grade,MBA Positive Molar Grade,30,158,1064,1464.0,0.0009069385580143
shap_feature_selection_extratrees_p1_20260527_001506,G3_mba_molar_grade,MBA Positive Molar Grade,30,159,607,1007.0,0.0009040806309111
shap_feature_selection_extratrees_p1_20260527_001506,G3_mba_molar_grade,MBA Positive Molar Grade,30,160,965,1365.0,0.0008926710191255
shap_feature_selection_extratrees_p1_20260527_001506,G3_mba_molar_grade,MBA Positive Molar Grade,30,161,335,735.0,0.0008859978011636
shap_feature_selection_extratrees_p1_20260527_001506,G3_mba_molar_grade,MBA Positive Molar Grade,30,162,1067,1467.0,0.0008742112583348
shap_feature_selection_extratrees_p1_20260527_001506,G3_mba_molar_grade,MBA Positive Molar Grade,30,163,974,1374.0,0.0008718149447744
shap_feature_selection_extratrees_p1_20260527_001506,G3_mba_molar_grade,MBA Positive Molar Grade,30,164,651,1051.0,0.0008538789032998
shap_feature_selection_extratrees_p1_20260527_001506,G3_mba_molar_grade,MBA Positive Molar Grade,30,165,538,938.0,0.0008526530119972
shap_feature_selection_extratrees_p1_20260527_001506,G3_mba_molar_grade,MBA Positive Molar Grade,30,166,1027,1427.0,0.0008472963915855
shap_feature_selection_extratrees_p1_20260527_001506,G3_mba_molar_grade,MBA Positive Molar Grade,30,167,454,854.0,0.0008431417947173
shap_feature_selection_extratrees_p1_20260527_001506,G3_mba_molar_grade,MBA Positive Molar Grade,30,168,414,814.0,0.0008427714404975
shap_feature_selection_extratrees_p1_20260527_001506,G3_mba_molar_grade,MBA Positive Molar Grade,30,169,1165,1565.0,0.0008369835489081
shap_feature_selection_extratrees_p1_20260527_001506,G3_mba_molar_grade,MBA Positive Molar Grade,30,170,679,1079.0,0.0008350603459116
shap_feature_selection_extratrees_p1_20260527_001506,G3_mba_molar_grade,MBA Positive Molar Grade,30,171,123,523.0,0.0008278664893309
shap_feature_selection_extratrees_p1_20260527_001506,G3_mba_molar_grade,MBA Positive Molar Grade,30,172,115,515.0,0.0008213810686787
shap_feature_selection_extratrees_p1_20260527_001506,G3_mba_molar_grade,MBA Positive Molar Grade,30,173,462,862.0,0.0008131194366489
shap_feature_selection_extratrees_p1_20260527_001506,G3_mba_molar_grade,MBA Positive Molar Grade,30,174,1015,1415.0,0.0008031857576958
shap_feature_selection_extratrees_p1_20260527_001506,G3_mba_molar_grade,MBA Positive Molar Grade,30,175,171,571.0,0.000799884578153
shap_feature_selection_extratrees_p1_20260527_001506,G3_mba_molar_grade,MBA Positive Molar Grade,30,176,650,1050.0,0.0007992634221886
shap_feature_selection_extratrees_p1_20260527_001506,G3_mba_molar_grade,MBA Positive Molar Grade,30,177,1079,1479.0,0.0007946365959943
shap_feature_selection_extratrees_p1_20260527_001506,G3_mba_molar_grade,MBA Positive Molar Grade,30,178,1078,1478.0,0.0007852847890522
shap_feature_selection_extratrees_p1_20260527_001506,G3_mba_molar_grade,MBA Positive Molar Grade,30,179,1164,1564.0,0.0007785929916846
shap_feature_selection_extratrees_p1_20260527_001506,G3_mba_molar_grade,MBA Positive Molar Grade,30,180,1026,1426.0,0.0007682286709212
shap_feature_selection_extratrees_p1_20260527_001506,G3_mba_molar_grade,MBA Positive Molar Grade,30,181,102,502.0,0.0007642841646722
shap_feature_selection_extratrees_p1_20260527_001506,G3_mba_molar_grade,MBA Positive Molar Grade,30,182,1068,1468.0,0.0007555438907649
shap_feature_selection_extratrees_p1_20260527_001506,G3_mba_molar_grade,MBA Positive Molar Grade,30,183,460,860.0,0.0007538176689321
shap_feature_selection_extratrees_p1_20260527_001506,G3_mba_molar_grade,MBA Positive Molar Grade,30,184,27,427.0,0.0007534957057699
shap_feature_selection_extratrees_p1_20260527_001506,G3_mba_molar_grade,MBA Positive Molar Grade,30,185,1051,1451.0,0.0007534322322401
shap_feature_selection_extratrees_p1_20260527_001506,G3_mba_molar_grade,MBA Positive Molar Grade,30,186,131,531.0,0.0007519994927953
shap_feature_selection_extratrees_p1_20260527_001506,G3_mba_molar_grade,MBA Positive Molar Grade,30,187,783,1183.0,0.000745377858601
shap_feature_selection_extratrees_p1_20260527_001506,G3_mba_molar_grade,MBA Positive Molar Grade,30,188,605,1005.0,0.0007448037815472
shap_feature_selection_extratrees_p1_20260527_001506,G3_mba_molar_grade,MBA Positive Molar Grade,30,189,623,1023.0,0.0007433495059553
shap_feature_selection_extratrees_p1_20260527_001506,G3_mba_molar_grade,MBA Positive Molar Grade,30,190,302,702.0,0.0007339878146022
shap_feature_selection_extratrees_p1_20260527_001506,G3_mba_molar_grade,MBA Positive Molar Grade,30,191,168,568.0,0.0007321182896288
shap_feature_selection_extratrees_p1_20260527_001506,G3_mba_molar_grade,MBA Positive Molar Grade,30,192,1161,1561.0,0.0007296164827181
shap_feature_selection_extratrees_p1_20260527_001506,G3_mba_molar_grade,MBA Positive Molar Grade,30,193,625,1025.0,0.0007261044142639
shap_feature_selection_extratrees_p1_20260527_001506,G3_mba_molar_grade,MBA Positive Molar Grade,30,194,1154,1554.0,0.0007259000934877
shap_feature_selection_extratrees_p1_20260527_001506,G3_mba_molar_grade,MBA Positive Molar Grade,30,195,1007,1407.0,0.0007225921426194
shap_feature_selection_extratrees_p1_20260527_001506,G3_mba_molar_grade,MBA Positive Molar Grade,30,196,677,1077.0,0.0007188712117596
shap_feature_selection_extratrees_p1_20260527_001506,G3_mba_molar_grade,MBA Positive Molar Grade,30,197,418,818.0,0.000714322722297
shap_feature_selection_extratrees_p1_20260527_001506,G3_mba_molar_grade,MBA Positive Molar Grade,30,198,332,732.0,0.0007122673432069
shap_feature_selection_extratrees_p1_20260527_001506,G3_mba_molar_grade,MBA Positive Molar Grade,30,199,1203,1603.0,0.0007083487105926
shap_feature_selection_extratrees_p1_20260527_001506,G3_mba_molar_grade,MBA Positive Molar Grade,30,200,543,943.0,0.0007074536166225
shap_feature_selection_extratrees_p1_20260527_001506,G3_mba_molar_grade,MBA Positive Molar Grade,30,201,450,850.0,0.0007020892894506
shap_feature_selection_extratrees_p1_20260527_001506,G3_mba_molar_grade,MBA Positive Molar Grade,30,202,1204,1604.0,0.0006993266440136
shap_feature_selection_extratrees_p1_20260527_001506,G3_mba_molar_grade,MBA Positive Molar Grade,30,203,313,713.0,0.0006947555934121
shap_feature_selection_extratrees_p1_20260527_001506,G3_mba_molar_grade,MBA Positive Molar Grade,30,204,622,1022.0,0.0006946719162555
shap_feature_selection_extratrees_p1_20260527_001506,G3_mba_molar_grade,MBA Positive Molar Grade,30,205,1017,1417.0,0.0006917756847362
shap_feature_selection_extratrees_p1_20260527_001506,G3_mba_molar_grade,MBA Positive Molar Grade,30,206,35,435.0,0.0006812906812414
shap_feature_selection_extratrees_p1_20260527_001506,G3_mba_molar_grade,MBA Positive Molar Grade,30,207,1081,1481.0,0.0006689093241508
shap_feature_selection_extratrees_p1_20260527_001506,G3_mba_molar_grade,MBA Positive Molar Grade,30,208,630,1030.0,0.0006663744365314
shap_feature_selection_extratrees_p1_20260527_001506,G3_mba_molar_grade,MBA Positive Molar Grade,30,209,1066,1466.0,0.0006658314924775
shap_feature_selection_extratrees_p1_20260527_001506,G3_mba_molar_grade,MBA Positive Molar Grade,30,210,971,1371.0,0.0006625430165263
shap_feature_selection_extratrees_p1_20260527_001506,G3_mba_molar_grade,MBA Positive Molar Grade,30,211,604,1004.0,0.0006619804061297
shap_feature_selection_extratrees_p1_20260527_001506,G3_mba_molar_grade,MBA Positive Molar Grade,30,212,1309,1709.0,0.0006585821071902
shap_feature_selection_extratrees_p1_20260527_001506,G3_mba_molar_grade,MBA Positive Molar Grade,30,213,458,858.0,0.0006579997699139
shap_feature_selection_extratrees_p1_20260527_001506,G3_mba_molar_grade,MBA Positive Molar Grade,30,214,800,1200.0,0.0006575821024724
shap_feature_selection_extratrees_p1_20260527_001506,G3_mba_molar_grade,MBA Positive Molar Grade,30,215,1028,1428.0,0.0006568609206586
shap_feature_selection_extratrees_p1_20260527_001506,G3_mba_molar_grade,MBA Positive Molar Grade,30,216,1010,1410.0,0.0006563884011429
shap_feature_selection_extratrees_p1_20260527_001506,G3_mba_molar_grade,MBA Positive Molar Grade,30,217,1009,1409.0,0.0006542962457257
shap_feature_selection_extratrees_p1_20260527_001506,G3_mba_molar_grade,MBA Positive Molar Grade,30,218,710,1110.0,0.0006534213345588
shap_feature_selection_extratrees_p1_20260527_001506,G3_mba_molar_grade,MBA Positive Molar Grade,30,219,477,877.0,0.0006514212845825
shap_feature_selection_extratrees_p1_20260527_001506,G3_mba_molar_grade,MBA Positive Molar Grade,30,220,333,733.0,0.0006506029833029
shap_feature_selection_extratrees_p1_20260527_001506,G3_mba_molar_grade,MBA Positive Molar Grade,30,221,627,1027.0,0.0006445264238817
shap_feature_selection_extratrees_p1_20260527_001506,G3_mba_molar_grade,MBA Positive Molar Grade,30,222,124,524.0,0.0006417193596476
shap_feature_selection_extratrees_p1_20260527_001506,G3_mba_molar_grade,MBA Positive Molar Grade,30,223,311,711.0,0.0006378059920022
shap_feature_selection_extratrees_p1_20260527_001506,G3_mba_molar_grade,MBA Positive Molar Grade,30,224,25,425.0,0.000635228321122
shap_feature_selection_extratrees_p1_20260527_001506,G3_mba_molar_grade,MBA Positive Molar Grade,30,225,334,734.0,0.0006337151918598
shap_feature_selection_extratrees_p1_20260527_001506,G3_mba_molar_grade,MBA Positive Molar Grade,30,226,1065,1465.0,0.0006321989506407
shap_feature_selection_extratrees_p1_20260527_001506,G3_mba_molar_grade,MBA Positive Molar Grade,30,227,13,413.0,0.0006195260459973
shap_feature_selection_extratrees_p1_20260527_001506,G3_mba_molar_grade,MBA Positive Molar Grade,30,228,116,516.0,0.0006139853649421
shap_feature_selection_extratrees_p1_20260527_001506,G3_mba_molar_grade,MBA Positive Molar Grade,30,229,976,1376.0,0.0006119133398151
shap_feature_selection_extratrees_p1_20260527_001506,G3_mba_molar_grade,MBA Positive Molar Grade,30,230,612,1012.0,0.0006109717178944
shap_feature_selection_extratrees_p1_20260527_001506,G3_mba_molar_grade,MBA Positive Molar Grade,30,231,1299,1699.0,0.0006098308976023
shap_feature_selection_extratrees_p1_20260527_001506,G3_mba_molar_grade,MBA Positive Molar Grade,30,232,624,1024.0,0.0006094639789949
shap_feature_selection_extratrees_p1_20260527_001506,G3_mba_molar_grade,MBA Positive Molar Grade,30,233,1166,1566.0,0.0006085695692824
shap_feature_selection_extratrees_p1_20260527_001506,G3_mba_molar_grade,MBA Positive Molar Grade,30,234,478,878.0,0.0006068637139333
shap_feature_selection_extratrees_p1_20260527_001506,G3_mba_molar_grade,MBA Positive Molar Grade,30,235,1331,1731.0,0.0006029333312602
shap_feature_selection_extratrees_p1_20260527_001506,G3_mba_molar_grade,MBA Positive Molar Grade,30,236,170,570.0,0.000602879966417
shap_feature_selection_extratrees_p1_20260527_001506,G3_mba_molar_grade,MBA Positive Molar Grade,30,237,447,847.0,0.0005916285774306
shap_feature_selection_extratrees_p1_20260527_001506,G3_mba_molar_grade,MBA Positive Molar Grade,30,238,117,517.0,0.0005904283383192
shap_feature_selection_extratrees_p1_20260527_001506,G3_mba_molar_grade,MBA Positive Molar Grade,30,239,1092,1492.0,0.0005856901239926
shap_feature_selection_extratrees_p1_20260527_001506,G3_mba_molar_grade,MBA Positive Molar Grade,30,240,250,650.0,0.0005806598054632
shap_feature_selection_extratrees_p1_20260527_001506,G3_mba_molar_grade,MBA Positive Molar Grade,30,241,1069,1469.0,0.0005787336700397
shap_feature_selection_extratrees_p1_20260527_001506,G3_mba_molar_grade,MBA Positive Molar Grade,30,242,118,518.0,0.0005787113226472
shap_feature_selection_extratrees_p1_20260527_001506,G3_mba_molar_grade,MBA Positive Molar Grade,30,243,1153,1553.0,0.0005780703913805
shap_feature_selection_extratrees_p1_20260527_001506,G3_mba_molar_grade,MBA Positive Molar Grade,30,244,1320,1720.0,0.0005765166929213
shap_feature_selection_extratrees_p1_20260527_001506,G3_mba_molar_grade,MBA Positive Molar Grade,30,245,177,577.0,0.0005741146341518
shap_feature_selection_extratrees_p1_20260527_001506,G3_mba_molar_grade,MBA Positive Molar Grade,30,246,1340,1740.0,0.0005732649994724
shap_feature_selection_extratrees_p1_20260527_001506,G3_mba_molar_grade,MBA Positive Molar Grade,30,247,417,817.0,0.00057265695757
shap_feature_selection_extratrees_p1_20260527_001506,G3_mba_molar_grade,MBA Positive Molar Grade,30,248,1096,1496.0,0.0005722640117131
shap_feature_selection_extratrees_p1_20260527_001506,G3_mba_molar_grade,MBA Positive Molar Grade,30,249,1020,1420.0,0.0005658657338924
shap_feature_selection_extratrees_p1_20260527_001506,G3_mba_molar_grade,MBA Positive Molar Grade,30,250,1012,1412.0,0.0005656000597821
shap_feature_selection_extratrees_p1_20260527_001506,G3_mba_molar_grade,MBA Positive Molar Grade,30,251,129,529.0,0.0005642266871945
shap_feature_selection_extratrees_p1_20260527_001506,G3_mba_molar_grade,MBA Positive Molar Grade,30,252,1076,1476.0,0.0005633326734921
shap_feature_selection_extratrees_p1_20260527_001506,G3_mba_molar_grade,MBA Positive Molar Grade,30,253,778,1178.0,0.0005619833186083
shap_feature_selection_extratrees_p1_20260527_001506,G3_mba_molar_grade,MBA Positive Molar Grade,30,254,1008,1408.0,0.0005618121415517
shap_feature_selection_extratrees_p1_20260527_001506,G3_mba_molar_grade,MBA Positive Molar Grade,30,255,970,1370.0,0.0005582023582522
shap_feature_selection_extratrees_p1_20260527_001506,G3_mba_molar_grade,MBA Positive Molar Grade,30,256,709,1109.0,0.0005566804108387
shap_feature_selection_extratrees_p1_20260527_001506,G3_mba_molar_grade,MBA Positive Molar Grade,30,257,442,842.0,0.0005566288554309
shap_feature_selection_extratrees_p1_20260527_001506,G3_mba_molar_grade,MBA Positive Molar Grade,30,258,1053,1453.0,0.0005556832385316
shap_feature_selection_extratrees_p1_20260527_001506,G3_mba_molar_grade,MBA Positive Molar Grade,30,259,969,1369.0,0.0005544001806524
shap_feature_selection_extratrees_p1_20260527_001506,G3_mba_molar_grade,MBA Positive Molar Grade,30,260,531,931.0,0.0005531725369287
shap_feature_selection_extratrees_p1_20260527_001506,G3_mba_molar_grade,MBA Positive Molar Grade,30,261,610,1010.0,0.0005522263816833
shap_feature_selection_extratrees_p1_20260527_001506,G3_mba_molar_grade,MBA Positive Molar Grade,30,262,402,802.0,0.0005476092671511
shap_feature_selection_extratrees_p1_20260527_001506,G3_mba_molar_grade,MBA Positive Molar Grade,30,263,467,867.0,0.0005461120448731
shap_feature_selection_extratrees_p1_20260527_001506,G3_mba_molar_grade,MBA Positive Molar Grade,30,264,626,1026.0,0.0005444320095427
shap_feature_selection_extratrees_p1_20260527_001506,G3_mba_molar_grade,MBA Positive Molar Grade,30,265,1023,1423.0,0.0005437303243291
shap_feature_selection_extratrees_p1_20260527_001506,G3_mba_molar_grade,MBA Positive Molar Grade,30,266,479,879.0,0.0005436696736141
shap_feature_selection_extratrees_p1_20260527_001506,G3_mba_molar_grade,MBA Positive Molar Grade,30,267,646,1046.0,0.0005425488935855
shap_feature_selection_extratrees_p1_20260527_001506,G3_mba_molar_grade,MBA Positive Molar Grade,30,268,1021,1421.0,0.000542255623468
shap_feature_selection_extratrees_p1_20260527_001506,G3_mba_molar_grade,MBA Positive Molar Grade,30,269,645,1045.0,0.0005389847220482
shap_feature_selection_extratrees_p1_20260527_001506,G3_mba_molar_grade,MBA Positive Molar Grade,30,270,1005,1405.0,0.0005323063221614
shap_feature_selection_extratrees_p1_20260527_001506,G3_mba_molar_grade,MBA Positive Molar Grade,30,271,1054,1454.0,0.000531929214412
shap_feature_selection_extratrees_p1_20260527_001506,G3_mba_molar_grade,MBA Positive Molar Grade,30,272,532,932.0,0.0005219374820631
shap_feature_selection_extratrees_p1_20260527_001506,G3_mba_molar_grade,MBA Positive Molar Grade,30,273,961,1361.0,0.0005218989754392
shap_feature_selection_extratrees_p1_20260527_001506,G3_mba_molar_grade,MBA Positive Molar Grade,30,274,967,1367.0,0.0005179443920855
shap_feature_selection_extratrees_p1_20260527_001506,G3_mba_molar_grade,MBA Positive Molar Grade,30,275,1014,1414.0,0.000517771549513
shap_feature_selection_extratrees_p1_20260527_001506,G3_mba_molar_grade,MBA Positive Molar Grade,30,276,1337,1737.0,0.0005162385509353
shap_feature_selection_extratrees_p1_20260527_001506,G3_mba_molar_grade,MBA Positive Molar Grade,30,277,1024,1424.0,0.0005155688191717
shap_feature_selection_extratrees_p1_20260527_001506,G3_mba_molar_grade,MBA Positive Molar Grade,30,278,1016,1416.0,0.0005141571322134
shap_feature_selection_extratrees_p1_20260527_001506,G3_mba_molar_grade,MBA Positive Molar Grade,30,279,468,868.0,0.0005122921915348
shap_feature_selection_extratrees_p1_20260527_001506,G3_mba_molar_grade,MBA Positive Molar Grade,30,280,802,1202.0,0.0005121096877506
shap_feature_selection_extratrees_p1_20260527_001506,G3_mba_molar_grade,MBA Positive Molar Grade,30,281,621,1021.0,0.0005120521080986
shap_feature_selection_extratrees_p1_20260527_001506,G3_mba_molar_grade,MBA Positive Molar Grade,30,282,731,1131.0,0.0005103695841314
shap_feature_selection_extratrees_p1_20260527_001506,G3_mba_molar_grade,MBA Positive Molar Grade,30,283,1342,1742.0,0.0005098190115277
shap_feature_selection_extratrees_p1_20260527_001506,G3_mba_molar_grade,MBA Positive Molar Grade,30,284,628,1028.0,0.0005095826592892
shap_feature_selection_extratrees_p1_20260527_001506,G3_mba_molar_grade,MBA Positive Molar Grade,30,285,693,1093.0,0.000509054456233
shap_feature_selection_extratrees_p1_20260527_001506,G3_mba_molar_grade,MBA Positive Molar Grade,30,286,506,906.0,0.0005068644988393
shap_feature_selection_extratrees_p1_20260527_001506,G3_mba_molar_grade,MBA Positive Molar Grade,30,287,39,439.0,0.0005046507769602
shap_feature_selection_extratrees_p1_20260527_001506,G3_mba_molar_grade,MBA Positive Molar Grade,30,288,444,844.0,0.0005032427453338
shap_feature_selection_extratrees_p1_20260527_001506,G3_mba_molar_grade,MBA Positive Molar Grade,30,289,546,946.0,0.0005031915751343
shap_feature_selection_extratrees_p1_20260527_001506,G3_mba_molar_grade,MBA Positive Molar Grade,30,290,1150,1550.0,0.0005023240458621
shap_feature_selection_extratrees_p1_20260527_001506,G3_mba_molar_grade,MBA Positive Molar Grade,30,291,620,1020.0,0.0005018489759367
shap_feature_selection_extratrees_p1_20260527_001506,G3_mba_molar_grade,MBA Positive Molar Grade,30,292,534,934.0,0.0005009146190083
shap_feature_selection_extratrees_p1_20260527_001506,G3_mba_molar_grade,MBA Positive Molar Grade,30,293,469,869.0,0.0004977757664531
shap_feature_selection_extratrees_p1_20260527_001506,G3_mba_molar_grade,MBA Positive Molar Grade,30,294,966,1366.0,0.0004976052322325
shap_feature_selection_extratrees_p1_20260527_001506,G3_mba_molar_grade,MBA Positive Molar Grade,30,295,1082,1482.0,0.0004952923097619
shap_feature_selection_extratrees_p1_20260527_001506,G3_mba_molar_grade,MBA Positive Molar Grade,30,296,336,736.0,0.0004942903237575
shap_feature_selection_extratrees_p1_20260527_001506,G3_mba_molar_grade,MBA Positive Molar Grade,30,297,631,1031.0,0.0004925714250081
shap_feature_selection_extratrees_p1_20260527_001506,G3_mba_molar_grade,MBA Positive Molar Grade,30,298,633,1033.0,0.0004916280614405
shap_feature_selection_extratrees_p1_20260527_001506,G3_mba_molar_grade,MBA Positive Molar Grade,30,299,1019,1419.0,0.0004895272209999
shap_feature_selection_extratrees_p1_20260527_001506,G3_mba_molar_grade,MBA Positive Molar Grade,30,300,1094,1494.0,0.0004879134312741
shap_feature_selection_extratrees_p1_20260527_001506,G3_mba_molar_grade,MBA Positive Molar Grade,30,301,446,846.0,0.0004864646814
shap_feature_selection_extratrees_p1_20260527_001506,G3_mba_molar_grade,MBA Positive Molar Grade,30,302,416,816.0,0.0004857046836115
shap_feature_selection_extratrees_p1_20260527_001506,G3_mba_molar_grade,MBA Positive Molar Grade,30,303,715,1115.0,0.0004843423181105
shap_feature_selection_extratrees_p1_20260527_001506,G3_mba_molar_grade,MBA Positive Molar Grade,30,304,105,505.0,0.0004827958623276
shap_feature_selection_extratrees_p1_20260527_001506,G3_mba_molar_grade,MBA Positive Molar Grade,30,305,798,1198.0,0.0004811415949644
shap_feature_selection_extratrees_p1_20260527_001506,G3_mba_molar_grade,MBA Positive Molar Grade,30,306,1080,1480.0,0.0004791753024921
shap_feature_selection_extratrees_p1_20260527_001506,G3_mba_molar_grade,MBA Positive Molar Grade,30,307,1189,1589.0,0.0004719007087792
shap_feature_selection_extratrees_p1_20260527_001506,G3_mba_molar_grade,MBA Positive Molar Grade,30,308,544,944.0,0.0004713722274878
shap_feature_selection_extratrees_p1_20260527_001506,G3_mba_molar_grade,MBA Positive Molar Grade,30,309,400,800.0,0.0004710860489349
shap_feature_selection_extratrees_p1_20260527_001506,G3_mba_molar_grade,MBA Positive Molar Grade,30,310,1029,1429.0,0.0004682410731062
shap_feature_selection_extratrees_p1_20260527_001506,G3_mba_molar_grade,MBA Positive Molar Grade,30,311,433,833.0,0.0004677715103598
shap_feature_selection_extratrees_p1_20260527_001506,G3_mba_molar_grade,MBA Positive Molar Grade,30,312,253,653.0,0.0004665247390047
shap_feature_selection_extratrees_p1_20260527_001506,G3_mba_molar_grade,MBA Positive Molar Grade,30,313,221,621.0,0.0004657415438473
shap_feature_selection_extratrees_p1_20260527_001506,G3_mba_molar_grade,MBA Positive Molar Grade,30,314,461,861.0,0.0004607560013687
shap_feature_selection_extratrees_p1_20260527_001506,G3_mba_molar_grade,MBA Positive Molar Grade,30,315,135,535.0,0.0004555680058802
shap_feature_selection_extratrees_p1_20260527_001506,G3_mba_molar_grade,MBA Positive Molar Grade,30,316,1308,1708.0,0.0004552748205469
shap_feature_selection_extratrees_p1_20260527_001506,G3_mba_molar_grade,MBA Positive Molar Grade,30,317,707,1107.0,0.0004551743858156
shap_feature_selection_extratrees_p1_20260527_001506,G3_mba_molar_grade,MBA Positive Molar Grade,30,318,586,986.0,0.0004510243576153
shap_feature_selection_extratrees_p1_20260527_001506,G3_mba_molar_grade,MBA Positive Molar Grade,30,319,1347,1747.0,0.0004493690999264
shap_feature_selection_extratrees_p1_20260527_001506,G3_mba_molar_grade,MBA Positive Molar Grade,30,320,945,1345.0,0.0004469987367203
shap_feature_selection_extratrees_p1_20260527_001506,G3_mba_molar_grade,MBA Positive Molar Grade,30,321,1361,1761.0,0.000445815059972
shap_feature_selection_extratrees_p1_20260527_001506,G3_mba_molar_grade,MBA Positive Molar Grade,30,322,1155,1555.0,0.000445349171624
shap_feature_selection_extratrees_p1_20260527_001506,G3_mba_molar_grade,MBA Positive Molar Grade,30,323,780,1180.0,0.000443791947412
shap_feature_selection_extratrees_p1_20260527_001506,G3_mba_molar_grade,MBA Positive Molar Grade,30,324,587,987.0,0.0004436303602044
shap_feature_selection_extratrees_p1_20260527_001506,G3_mba_molar_grade,MBA Positive Molar Grade,30,325,632,1032.0,0.0004426925741936
shap_feature_selection_extratrees_p1_20260527_001506,G3_mba_molar_grade,MBA Positive Molar Grade,30,326,440,840.0,0.0004416210564892
shap_feature_selection_extratrees_p1_20260527_001506,G3_mba_molar_grade,MBA Positive Molar Grade,30,327,20,420.0,0.0004414522348758
shap_feature_selection_extratrees_p1_20260527_001506,G3_mba_molar_grade,MBA Positive Molar Grade,30,328,1196,1596.0,0.0004411993791633
shap_feature_selection_extratrees_p1_20260527_001506,G3_mba_molar_grade,MBA Positive Molar Grade,30,329,787,1187.0,0.0004401694932432
shap_feature_selection_extratrees_p1_20260527_001506,G3_mba_molar_grade,MBA Positive Molar Grade,30,330,1239,1639.0,0.0004385870866883
shap_feature_selection_extratrees_p1_20260527_001506,G3_mba_molar_grade,MBA Positive Molar Grade,30,331,38,438.0,0.0004372867550218
shap_feature_selection_extratrees_p1_20260527_001506,G3_mba_molar_grade,MBA Positive Molar Grade,30,332,480,880.0,0.0004365080472634
shap_feature_selection_extratrees_p1_20260527_001506,G3_mba_molar_grade,MBA Positive Molar Grade,30,333,474,874.0,0.0004363148487113
shap_feature_selection_extratrees_p1_20260527_001506,G3_mba_molar_grade,MBA Positive Molar Grade,30,334,619,1019.0,0.0004357813822493
shap_feature_selection_extratrees_p1_20260527_001506,G3_mba_molar_grade,MBA Positive Molar Grade,30,335,472,872.0,0.0004357626189283
shap_feature_selection_extratrees_p1_20260527_001506,G3_mba_molar_grade,MBA Positive Molar Grade,30,336,713,1113.0,0.0004352117218683
shap_feature_selection_extratrees_p1_20260527_001506,G3_mba_molar_grade,MBA Positive Molar Grade,30,337,998,1398.0,0.0004331057894988
shap_feature_selection_extratrees_p1_20260527_001506,G3_mba_molar_grade,MBA Positive Molar Grade,30,338,125,525.0,0.0004326448677277
shap_feature_selection_extratrees_p1_20260527_001506,G3_mba_molar_grade,MBA Positive Molar Grade,30,339,692,1092.0,0.0004323434929871
shap_feature_selection_extratrees_p1_20260527_001506,G3_mba_molar_grade,MBA Positive Molar Grade,30,340,445,845.0,0.0004311175993227
shap_feature_selection_extratrees_p1_20260527_001506,G3_mba_molar_grade,MBA Positive Molar Grade,30,341,338,738.0,0.0004273870506813
shap_feature_selection_extratrees_p1_20260527_001506,G3_mba_molar_grade,MBA Positive Molar Grade,30,342,108,508.0,0.0004261719004046
shap_feature_selection_extratrees_p1_20260527_001506,G3_mba_molar_grade,MBA Positive Molar Grade,30,343,399,799.0,0.0004260591118885
shap_feature_selection_extratrees_p1_20260527_001506,G3_mba_molar_grade,MBA Positive Molar Grade,30,344,473,873.0,0.0004256527736709
shap_feature_selection_extratrees_p1_20260527_001506,G3_mba_molar_grade,MBA Positive Molar Grade,30,345,1098,1498.0,0.000425022894486
shap_feature_selection_extratrees_p1_20260527_001506,G3_mba_molar_grade,MBA Positive Molar Grade,30,346,405,805.0,0.0004243405469189
shap_feature_selection_extratrees_p1_20260527_001506,G3_mba_molar_grade,MBA Positive Molar Grade,30,347,100,500.0,0.0004207829072922
shap_feature_selection_extratrees_p1_20260527_001506,G3_mba_molar_grade,MBA Positive Molar Grade,30,348,340,740.0,0.0004174075287005
shap_feature_selection_extratrees_p1_20260527_001506,G3_mba_molar_grade,MBA Positive Molar Grade,30,349,1063,1463.0,0.0004166461645795
shap_feature_selection_extratrees_p1_20260527_001506,G3_mba_molar_grade,MBA Positive Molar Grade,30,350,535,935.0,0.0004145070761035
shap_feature_selection_extratrees_p1_20260527_001506,G3_mba_molar_grade,MBA Positive Molar Grade,30,351,439,839.0,0.0004137803392179
shap_feature_selection_extratrees_p1_20260527_001506,G3_mba_molar_grade,MBA Positive Molar Grade,30,352,186,586.0,0.0004125187691014
shap_feature_selection_extratrees_p1_20260527_001506,G3_mba_molar_grade,MBA Positive Molar Grade,30,353,797,1197.0,0.0004119784991326
shap_feature_selection_extratrees_p1_20260527_001506,G3_mba_molar_grade,MBA Positive Molar Grade,30,354,635,1035.0,0.0004098473567313
shap_feature_selection_extratrees_p1_20260527_001506,G3_mba_molar_grade,MBA Positive Molar Grade,30,355,825,1225.0,0.0004085487413433
shap_feature_selection_extratrees_p1_20260527_001506,G3_mba_molar_grade,MBA Positive Molar Grade,30,356,510,910.0,0.0004081266877893
shap_feature_selection_extratrees_p1_20260527_001506,G3_mba_molar_grade,MBA Positive Molar Grade,30,357,1187,1587.0,0.0004071175208593
shap_feature_selection_extratrees_p1_20260527_001506,G3_mba_molar_grade,MBA Positive Molar Grade,30,358,1307,1707.0,0.000405778462052
shap_feature_selection_extratrees_p1_20260527_001506,G3_mba_molar_grade,MBA Positive Molar Grade,30,359,466,866.0,0.0004048799091156
shap_feature_selection_extratrees_p1_20260527_001506,G3_mba_molar_grade,MBA Positive Molar Grade,30,360,1006,1406.0,0.0004016792871341
shap_feature_selection_extratrees_p1_20260527_001506,G3_mba_molar_grade,MBA Positive Molar Grade,30,361,436,836.0,0.00040048012666
shap_feature_selection_extratrees_p1_20260527_001506,G3_mba_molar_grade,MBA Positive Molar Grade,30,362,359,759.0,0.0003997036006527
shap_feature_selection_extratrees_p1_20260527_001506,G3_mba_molar_grade,MBA Positive Molar Grade,30,363,1359,1759.0,0.0003993597880751
shap_feature_selection_extratrees_p1_20260527_001506,G3_mba_molar_grade,MBA Positive Molar Grade,30,364,1197,1597.0,0.0003990687427028
shap_feature_selection_extratrees_p1_20260527_001506,G3_mba_molar_grade,MBA Positive Molar Grade,30,365,222,622.0,0.0003975324987836
shap_feature_selection_extratrees_p1_20260527_001506,G3_mba_molar_grade,MBA Positive Molar Grade,30,366,801,1201.0,0.0003970956814172
shap_feature_selection_extratrees_p1_20260527_001506,G3_mba_molar_grade,MBA Positive Molar Grade,30,367,505,905.0,0.0003968270515188
shap_feature_selection_extratrees_p1_20260527_001506,G3_mba_molar_grade,MBA Positive Molar Grade,30,368,634,1034.0,0.0003965325549563
shap_feature_selection_extratrees_p1_20260527_001506,G3_mba_molar_grade,MBA Positive Molar Grade,30,369,42,442.0,0.0003904772394289
shap_feature_selection_extratrees_p1_20260527_001506,G3_mba_molar_grade,MBA Positive Molar Grade,30,370,968,1368.0,0.000389799615058
shap_feature_selection_extratrees_p1_20260527_001506,G3_mba_molar_grade,MBA Positive Molar Grade,30,371,307,707.0,0.0003879993064877
shap_feature_selection_extratrees_p1_20260527_001506,G3_mba_molar_grade,MBA Positive Molar Grade,30,372,636,1036.0,0.0003868120827103
shap_feature_selection_extratrees_p1_20260527_001506,G3_mba_molar_grade,MBA Positive Molar Grade,30,373,820,1220.0,0.0003858828119287
shap_feature_selection_extratrees_p1_20260527_001506,G3_mba_molar_grade,MBA Positive Molar Grade,30,374,1097,1497.0,0.000385359586096
shap_feature_selection_extratrees_p1_20260527_001506,G3_mba_molar_grade,MBA Positive Molar Grade,30,375,174,574.0,0.0003853129615265
shap_feature_selection_extratrees_p1_20260527_001506,G3_mba_molar_grade,MBA Positive Molar Grade,30,376,1088,1488.0,0.0003852623865174
shap_feature_selection_extratrees_p1_20260527_001506,G3_mba_molar_grade,MBA Positive Molar Grade,30,377,1186,1586.0,0.0003831649044734
shap_feature_selection_extratrees_p1_20260527_001506,G3_mba_molar_grade,MBA Positive Molar Grade,30,378,448,848.0,0.00038275820914
shap_feature_selection_extratrees_p1_20260527_001506,G3_mba_molar_grade,MBA Positive Molar Grade,30,379,401,801.0,0.0003816378258675
shap_feature_selection_extratrees_p1_20260527_001506,G3_mba_molar_grade,MBA Positive Molar Grade,30,380,1217,1617.0,0.0003814920697579
shap_feature_selection_extratrees_p1_20260527_001506,G3_mba_molar_grade,MBA Positive Molar Grade,30,381,955,1355.0,0.0003813638689967
shap_feature_selection_extratrees_p1_20260527_001506,G3_mba_molar_grade,MBA Positive Molar Grade,30,382,470,870.0,0.0003813035292371
shap_feature_selection_extratrees_p1_20260527_001506,G3_mba_molar_grade,MBA Positive Molar Grade,30,383,973,1373.0,0.0003797992957704
shap_feature_selection_extratrees_p1_20260527_001506,G3_mba_molar_grade,MBA Positive Molar Grade,30,384,1304,1704.0,0.0003777390556382
shap_feature_selection_extratrees_p1_20260527_001506,G3_mba_molar_grade,MBA Positive Molar Grade,30,385,1201,1601.0,0.0003765643553602
shap_feature_selection_extratrees_p1_20260527_001506,G3_mba_molar_grade,MBA Positive Molar Grade,30,386,1247,1647.0,0.0003760463160256
shap_feature_selection_extratrees_p1_20260527_001506,G3_mba_molar_grade,MBA Positive Molar Grade,30,387,814,1214.0,0.0003747892662895
shap_feature_selection_extratrees_p1_20260527_001506,G3_mba_molar_grade,MBA Positive Molar Grade,30,388,471,871.0,0.0003740926239563
shap_feature_selection_extratrees_p1_20260527_001506,G3_mba_molar_grade,MBA Positive Molar Grade,30,389,1310,1710.0,0.0003739521666805
shap_feature_selection_extratrees_p1_20260527_001506,G3_mba_molar_grade,MBA Positive Molar Grade,30,390,557,957.0,0.0003735526312604
shap_feature_selection_extratrees_p1_20260527_001506,G3_mba_molar_grade,MBA Positive Molar Grade,30,391,1133,1533.0,0.0003712634358507
shap_feature_selection_extratrees_p1_20260527_001506,G3_mba_molar_grade,MBA Positive Molar Grade,30,392,1400,1800.0,0.0003710999257833
shap_feature_selection_extratrees_p1_20260527_001506,G3_mba_molar_grade,MBA Positive Molar Grade,30,393,134,534.0,0.0003699251950176
shap_feature_selection_extratrees_p1_20260527_001506,G3_mba_molar_grade,MBA Positive Molar Grade,30,394,782,1182.0,0.0003678742045578
shap_feature_selection_extratrees_p1_20260527_001506,G3_mba_molar_grade,MBA Positive Molar Grade,30,395,799,1199.0,0.0003677109823239
shap_feature_selection_extratrees_p1_20260527_001506,G3_mba_molar_grade,MBA Positive Molar Grade,30,396,109,509.0,0.000365569814841
shap_feature_selection_extratrees_p1_20260527_001506,G3_mba_molar_grade,MBA Positive Molar Grade,30,397,959,1359.0,0.0003652730704611
shap_feature_selection_extratrees_p1_20260527_001506,G3_mba_molar_grade,MBA Positive Molar Grade,30,398,821,1221.0,0.0003645743287654
shap_feature_selection_extratrees_p1_20260527_001506,G3_mba_molar_grade,MBA Positive Molar Grade,30,399,1090,1490.0,0.0003633859327573
shap_feature_selection_extratrees_p1_20260527_001506,G3_mba_molar_grade,MBA Positive Molar Grade,30,400,1083,1483.0,0.0003626685150824
shap_feature_selection_extratrees_p1_20260527_001506,G3_mba_molar_grade,MBA Positive Molar Grade,30,401,1338,1738.0,0.0003615418992739
shap_feature_selection_extratrees_p1_20260527_001506,G3_mba_molar_grade,MBA Positive Molar Grade,30,402,548,948.0,0.0003571083933825
shap_feature_selection_extratrees_p1_20260527_001506,G3_mba_molar_grade,MBA Positive Molar Grade,30,403,1195,1595.0,0.000356931513092
shap_feature_selection_extratrees_p1_20260527_001506,G3_mba_molar_grade,MBA Positive Molar Grade,30,404,77,477.0,0.0003563684725313
shap_feature_selection_extratrees_p1_20260527_001506,G3_mba_molar_grade,MBA Positive Molar Grade,30,405,387,787.0,0.0003533708295206
shap_feature_selection_extratrees_p1_20260527_001506,G3_mba_molar_grade,MBA Positive Molar Grade,30,406,1360,1760.0,0.0003522654646215
shap_feature_selection_extratrees_p1_20260527_001506,G3_mba_molar_grade,MBA Positive Molar Grade,30,407,252,652.0,0.0003521391800484
shap_feature_selection_extratrees_p1_20260527_001506,G3_mba_molar_grade,MBA Positive Molar Grade,30,408,476,876.0,0.0003520424815574
shap_feature_selection_extratrees_p1_20260527_001506,G3_mba_molar_grade,MBA Positive Molar Grade,30,409,82,482.0,0.0003518579279512
shap_feature_selection_extratrees_p1_20260527_001506,G3_mba_molar_grade,MBA Positive Molar Grade,30,410,169,569.0,0.0003501488651561
shap_feature_selection_extratrees_p1_20260527_001506,G3_mba_molar_grade,MBA Positive Molar Grade,30,411,449,849.0,0.0003494161300712
shap_feature_selection_extratrees_p1_20260527_001506,G3_mba_molar_grade,MBA Positive Molar Grade,30,412,1227,1627.0,0.0003490560236445
shap_feature_selection_extratrees_p1_20260527_001506,G3_mba_molar_grade,MBA Positive Molar Grade,30,413,728,1128.0,0.0003490253131629
shap_feature_selection_extratrees_p1_20260527_001506,G3_mba_molar_grade,MBA Positive Molar Grade,30,414,33,433.0,0.0003482025139609
shap_feature_selection_extratrees_p1_20260527_001506,G3_mba_molar_grade,MBA Positive Molar Grade,30,415,640,1040.0,0.0003479359712393
shap_feature_selection_extratrees_p1_20260527_001506,G3_mba_molar_grade,MBA Positive Molar Grade,30,416,573,973.0,0.0003462237732425
shap_feature_selection_extratrees_p1_20260527_001506,G3_mba_molar_grade,MBA Positive Molar Grade,30,417,1358,1758.0,0.000346068742611
shap_feature_selection_extratrees_p1_20260527_001506,G3_mba_molar_grade,MBA Positive Molar Grade,30,418,434,834.0,0.0003459190381488
shap_feature_selection_extratrees_p1_20260527_001506,G3_mba_molar_grade,MBA Positive Molar Grade,30,419,441,841.0,0.0003455539951673
shap_feature_selection_extratrees_p1_20260527_001506,G3_mba_molar_grade,MBA Positive Molar Grade,30,420,775,1175.0,0.0003453637804155
shap_feature_selection_extratrees_p1_20260527_001506,G3_mba_molar_grade,MBA Positive Molar Grade,30,421,817,1217.0,0.0003451453391144
