run_id,task,task_name,retention_pct,feature_index,wavenumber,retained
shap_feature_selection_extratrees_p1_20260529_182607,P1_thiram_presence,Thiram Presence,5,0,400.0,0
shap_feature_selection_extratrees_p1_20260529_182607,P1_thiram_presence,Thiram Presence,5,1,401.0,0
shap_feature_selection_extratrees_p1_20260529_182607,P1_thiram_presence,Thiram Presence,5,2,402.0,0
shap_feature_selection_extratrees_p1_20260529_182607,P1_thiram_presence,Thiram Presence,5,3,403.0,0
shap_feature_selection_extratrees_p1_20260529_182607,P1_thiram_presence,Thiram Presence,5,4,404.0,0
shap_feature_selection_extratrees_p1_20260529_182607,P1_thiram_presence,Thiram Presence,5,5,405.0,0
shap_feature_selection_extratrees_p1_20260529_182607,P1_thiram_presence,Thiram Presence,5,6,406.0,0
shap_feature_selection_extratrees_p1_20260529_182607,P1_thiram_presence,Thiram Presence,5,7,407.0,0
shap_feature_selection_extratrees_p1_20260529_182607,P1_thiram_presence,Thiram Presence,5,8,408.0,0
shap_feature_selection_extratrees_p1_20260529_182607,P1_thiram_presence,Thiram Presence,5,9,409.0,0
shap_feature_selection_extratrees_p1_20260529_182607,P1_thiram_presence,Thiram Presence,5,10,410.0,0
shap_feature_selection_extratrees_p1_20260529_182607,P1_thiram_presence,Thiram Presence,5,11,411.0,0
shap_feature_selection_extratrees_p1_20260529_182607,P1_thiram_presence,Thiram Presence,5,12,412.0,0
shap_feature_selection_extratrees_p1_20260529_182607,P1_thiram_presence,Thiram Presence,5,13,413.0,0
shap_feature_selection_extratrees_p1_20260529_182607,P1_thiram_presence,Thiram Presence,5,14,414.0,0
shap_feature_selection_extratrees_p1_20260529_182607,P1_thiram_presence,Thiram Presence,5,15,415.0,0
shap_feature_selection_extratrees_p1_20260529_182607,P1_thiram_presence,Thiram Presence,5,16,416.0,0
shap_feature_selection_extratrees_p1_20260529_182607,P1_thiram_presence,Thiram Presence,5,17,417.0,0
shap_feature_selection_extratrees_p1_20260529_182607,P1_thiram_presence,Thiram Presence,5,18,418.0,0
shap_feature_selection_extratrees_p1_20260529_182607,P1_thiram_presence,Thiram Presence,5,19,419.0,0
shap_feature_selection_extratrees_p1_20260529_182607,P1_thiram_presence,Thiram Presence,5,20,420.0,0
shap_feature_selection_extratrees_p1_20260529_182607,P1_thiram_presence,Thiram Presence,5,21,421.0,0
shap_feature_selection_extratrees_p1_20260529_182607,P1_thiram_presence,Thiram Presence,5,22,422.0,0
shap_feature_selection_extratrees_p1_20260529_182607,P1_thiram_presence,Thiram Presence,5,23,423.0,0
shap_feature_selection_extratrees_p1_20260529_182607,P1_thiram_presence,Thiram Presence,5,24,424.0,0
shap_feature_selection_extratrees_p1_20260529_182607,P1_thiram_presence,Thiram Presence,5,25,425.0,0
shap_feature_selection_extratrees_p1_20260529_182607,P1_thiram_presence,Thiram Presence,5,26,426.0,0
shap_feature_selection_extratrees_p1_20260529_182607,P1_thiram_presence,Thiram Presence,5,27,427.0,0
shap_feature_selection_extratrees_p1_20260529_182607,P1_thiram_presence,Thiram Presence,5,28,428.0,0
shap_feature_selection_extratrees_p1_20260529_182607,P1_thiram_presence,Thiram Presence,5,29,429.0,0
shap_feature_selection_extratrees_p1_20260529_182607,P1_thiram_presence,Thiram Presence,5,30,430.0,0
shap_feature_selection_extratrees_p1_20260529_182607,P1_thiram_presence,Thiram Presence,5,31,431.0,0
shap_feature_selection_extratrees_p1_20260529_182607,P1_thiram_presence,Thiram Presence,5,32,432.0,0
shap_feature_selection_extratrees_p1_20260529_182607,P1_thiram_presence,Thiram Presence,5,33,433.0,0
shap_feature_selection_extratrees_p1_20260529_182607,P1_thiram_presence,Thiram Presence,5,34,434.0,0
shap_feature_selection_extratrees_p1_20260529_182607,P1_thiram_presence,Thiram Presence,5,35,435.0,0
shap_feature_selection_extratrees_p1_20260529_182607,P1_thiram_presence,Thiram Presence,5,36,436.0,0
shap_feature_selection_extratrees_p1_20260529_182607,P1_thiram_presence,Thiram Presence,5,37,437.0,0
shap_feature_selection_extratrees_p1_20260529_182607,P1_thiram_presence,Thiram Presence,5,38,438.0,0
shap_feature_selection_extratrees_p1_20260529_182607,P1_thiram_presence,Thiram Presence,5,39,439.0,0
shap_feature_selection_extratrees_p1_20260529_182607,P1_thiram_presence,Thiram Presence,5,40,440.0,0
shap_feature_selection_extratrees_p1_20260529_182607,P1_thiram_presence,Thiram Presence,5,41,441.0,0
shap_feature_selection_extratrees_p1_20260529_182607,P1_thiram_presence,Thiram Presence,5,42,442.0,0
shap_feature_selection_extratrees_p1_20260529_182607,P1_thiram_presence,Thiram Presence,5,43,443.0,0
shap_feature_selection_extratrees_p1_20260529_182607,P1_thiram_presence,Thiram Presence,5,44,444.0,0
shap_feature_selection_extratrees_p1_20260529_182607,P1_thiram_presence,Thiram Presence,5,45,445.0,0
shap_feature_selection_extratrees_p1_20260529_182607,P1_thiram_presence,Thiram Presence,5,46,446.0,0
shap_feature_selection_extratrees_p1_20260529_182607,P1_thiram_presence,Thiram Presence,5,47,447.0,0
shap_feature_selection_extratrees_p1_20260529_182607,P1_thiram_presence,Thiram Presence,5,48,448.0,0
shap_feature_selection_extratrees_p1_20260529_182607,P1_thiram_presence,Thiram Presence,5,49,449.0,0
shap_feature_selection_extratrees_p1_20260529_182607,P1_thiram_presence,Thiram Presence,5,50,450.0,0
shap_feature_selection_extratrees_p1_20260529_182607,P1_thiram_presence,Thiram Presence,5,51,451.0,0
shap_feature_selection_extratrees_p1_20260529_182607,P1_thiram_presence,Thiram Presence,5,52,452.0,0
shap_feature_selection_extratrees_p1_20260529_182607,P1_thiram_presence,Thiram Presence,5,53,453.0,0
shap_feature_selection_extratrees_p1_20260529_182607,P1_thiram_presence,Thiram Presence,5,54,454.0,0
shap_feature_selection_extratrees_p1_20260529_182607,P1_thiram_presence,Thiram Presence,5,55,455.0,0
shap_feature_selection_extratrees_p1_20260529_182607,P1_thiram_presence,Thiram Presence,5,56,456.0,0
shap_feature_selection_extratrees_p1_20260529_182607,P1_thiram_presence,Thiram Presence,5,57,457.0,0
shap_feature_selection_extratrees_p1_20260529_182607,P1_thiram_presence,Thiram Presence,5,58,458.0,0
shap_feature_selection_extratrees_p1_20260529_182607,P1_thiram_presence,Thiram Presence,5,59,459.0,0
shap_feature_selection_extratrees_p1_20260529_182607,P1_thiram_presence,Thiram Presence,5,60,460.0,0
shap_feature_selection_extratrees_p1_20260529_182607,P1_thiram_presence,Thiram Presence,5,61,461.0,0
shap_feature_selection_extratrees_p1_20260529_182607,P1_thiram_presence,Thiram Presence,5,62,462.0,0
shap_feature_selection_extratrees_p1_20260529_182607,P1_thiram_presence,Thiram Presence,5,63,463.0,0
shap_feature_selection_extratrees_p1_20260529_182607,P1_thiram_presence,Thiram Presence,5,64,464.0,0
shap_feature_selection_extratrees_p1_20260529_182607,P1_thiram_presence,Thiram Presence,5,65,465.0,0
shap_feature_selection_extratrees_p1_20260529_182607,P1_thiram_presence,Thiram Presence,5,66,466.0,0
shap_feature_selection_extratrees_p1_20260529_182607,P1_thiram_presence,Thiram Presence,5,67,467.0,0
shap_feature_selection_extratrees_p1_20260529_182607,P1_thiram_presence,Thiram Presence,5,68,468.0,0
shap_feature_selection_extratrees_p1_20260529_182607,P1_thiram_presence,Thiram Presence,5,69,469.0,0
shap_feature_selection_extratrees_p1_20260529_182607,P1_thiram_presence,Thiram Presence,5,70,470.0,0
shap_feature_selection_extratrees_p1_20260529_182607,P1_thiram_presence,Thiram Presence,5,71,471.0,0
shap_feature_selection_extratrees_p1_20260529_182607,P1_thiram_presence,Thiram Presence,5,72,472.0,0
shap_feature_selection_extratrees_p1_20260529_182607,P1_thiram_presence,Thiram Presence,5,73,473.0,0
shap_feature_selection_extratrees_p1_20260529_182607,P1_thiram_presence,Thiram Presence,5,74,474.0,0
shap_feature_selection_extratrees_p1_20260529_182607,P1_thiram_presence,Thiram Presence,5,75,475.0,0
shap_feature_selection_extratrees_p1_20260529_182607,P1_thiram_presence,Thiram Presence,5,76,476.0,0
shap_feature_selection_extratrees_p1_20260529_182607,P1_thiram_presence,Thiram Presence,5,77,477.0,0
shap_feature_selection_extratrees_p1_20260529_182607,P1_thiram_presence,Thiram Presence,5,78,478.0,0
shap_feature_selection_extratrees_p1_20260529_182607,P1_thiram_presence,Thiram Presence,5,79,479.0,0
shap_feature_selection_extratrees_p1_20260529_182607,P1_thiram_presence,Thiram Presence,5,80,480.0,0
shap_feature_selection_extratrees_p1_20260529_182607,P1_thiram_presence,Thiram Presence,5,81,481.0,0
shap_feature_selection_extratrees_p1_20260529_182607,P1_thiram_presence,Thiram Presence,5,82,482.0,0
shap_feature_selection_extratrees_p1_20260529_182607,P1_thiram_presence,Thiram Presence,5,83,483.0,0
shap_feature_selection_extratrees_p1_20260529_182607,P1_thiram_presence,Thiram Presence,5,84,484.0,0
shap_feature_selection_extratrees_p1_20260529_182607,P1_thiram_presence,Thiram Presence,5,85,485.0,0
shap_feature_selection_extratrees_p1_20260529_182607,P1_thiram_presence,Thiram Presence,5,86,486.0,0
shap_feature_selection_extratrees_p1_20260529_182607,P1_thiram_presence,Thiram Presence,5,87,487.0,0
shap_feature_selection_extratrees_p1_20260529_182607,P1_thiram_presence,Thiram Presence,5,88,488.0,0
shap_feature_selection_extratrees_p1_20260529_182607,P1_thiram_presence,Thiram Presence,5,89,489.0,0
shap_feature_selection_extratrees_p1_20260529_182607,P1_thiram_presence,Thiram Presence,5,90,490.0,0
shap_feature_selection_extratrees_p1_20260529_182607,P1_thiram_presence,Thiram Presence,5,91,491.0,0
shap_feature_selection_extratrees_p1_20260529_182607,P1_thiram_presence,Thiram Presence,5,92,492.0,0
shap_feature_selection_extratrees_p1_20260529_182607,P1_thiram_presence,Thiram Presence,5,93,493.0,0
shap_feature_selection_extratrees_p1_20260529_182607,P1_thiram_presence,Thiram Presence,5,94,494.0,0
shap_feature_selection_extratrees_p1_20260529_182607,P1_thiram_presence,Thiram Presence,5,95,495.0,0
shap_feature_selection_extratrees_p1_20260529_182607,P1_thiram_presence,Thiram Presence,5,96,496.0,0
shap_feature_selection_extratrees_p1_20260529_182607,P1_thiram_presence,Thiram Presence,5,97,497.0,0
shap_feature_selection_extratrees_p1_20260529_182607,P1_thiram_presence,Thiram Presence,5,98,498.0,0
shap_feature_selection_extratrees_p1_20260529_182607,P1_thiram_presence,Thiram Presence,5,99,499.0,0
shap_feature_selection_extratrees_p1_20260529_182607,P1_thiram_presence,Thiram Presence,5,100,500.0,0
shap_feature_selection_extratrees_p1_20260529_182607,P1_thiram_presence,Thiram Presence,5,101,501.0,0
shap_feature_selection_extratrees_p1_20260529_182607,P1_thiram_presence,Thiram Presence,5,102,502.0,0
shap_feature_selection_extratrees_p1_20260529_182607,P1_thiram_presence,Thiram Presence,5,103,503.0,0
shap_feature_selection_extratrees_p1_20260529_182607,P1_thiram_presence,Thiram Presence,5,104,504.0,0
shap_feature_selection_extratrees_p1_20260529_182607,P1_thiram_presence,Thiram Presence,5,105,505.0,0
shap_feature_selection_extratrees_p1_20260529_182607,P1_thiram_presence,Thiram Presence,5,106,506.0,0
shap_feature_selection_extratrees_p1_20260529_182607,P1_thiram_presence,Thiram Presence,5,107,507.0,0
shap_feature_selection_extratrees_p1_20260529_182607,P1_thiram_presence,Thiram Presence,5,108,508.0,0
shap_feature_selection_extratrees_p1_20260529_182607,P1_thiram_presence,Thiram Presence,5,109,509.0,0
shap_feature_selection_extratrees_p1_20260529_182607,P1_thiram_presence,Thiram Presence,5,110,510.0,0
shap_feature_selection_extratrees_p1_20260529_182607,P1_thiram_presence,Thiram Presence,5,111,511.0,0
shap_feature_selection_extratrees_p1_20260529_182607,P1_thiram_presence,Thiram Presence,5,112,512.0,0
shap_feature_selection_extratrees_p1_20260529_182607,P1_thiram_presence,Thiram Presence,5,113,513.0,0
shap_feature_selection_extratrees_p1_20260529_182607,P1_thiram_presence,Thiram Presence,5,114,514.0,0
shap_feature_selection_extratrees_p1_20260529_182607,P1_thiram_presence,Thiram Presence,5,115,515.0,0
shap_feature_selection_extratrees_p1_20260529_182607,P1_thiram_presence,Thiram Presence,5,116,516.0,0
shap_feature_selection_extratrees_p1_20260529_182607,P1_thiram_presence,Thiram Presence,5,117,517.0,0
shap_feature_selection_extratrees_p1_20260529_182607,P1_thiram_presence,Thiram Presence,5,118,518.0,0
shap_feature_selection_extratrees_p1_20260529_182607,P1_thiram_presence,Thiram Presence,5,119,519.0,0
shap_feature_selection_extratrees_p1_20260529_182607,P1_thiram_presence,Thiram Presence,5,120,520.0,0
shap_feature_selection_extratrees_p1_20260529_182607,P1_thiram_presence,Thiram Presence,5,121,521.0,0
shap_feature_selection_extratrees_p1_20260529_182607,P1_thiram_presence,Thiram Presence,5,122,522.0,0
shap_feature_selection_extratrees_p1_20260529_182607,P1_thiram_presence,Thiram Presence,5,123,523.0,0
shap_feature_selection_extratrees_p1_20260529_182607,P1_thiram_presence,Thiram Presence,5,124,524.0,0
shap_feature_selection_extratrees_p1_20260529_182607,P1_thiram_presence,Thiram Presence,5,125,525.0,0
shap_feature_selection_extratrees_p1_20260529_182607,P1_thiram_presence,Thiram Presence,5,126,526.0,0
shap_feature_selection_extratrees_p1_20260529_182607,P1_thiram_presence,Thiram Presence,5,127,527.0,0
shap_feature_selection_extratrees_p1_20260529_182607,P1_thiram_presence,Thiram Presence,5,128,528.0,0
shap_feature_selection_extratrees_p1_20260529_182607,P1_thiram_presence,Thiram Presence,5,129,529.0,0
shap_feature_selection_extratrees_p1_20260529_182607,P1_thiram_presence,Thiram Presence,5,130,530.0,0
shap_feature_selection_extratrees_p1_20260529_182607,P1_thiram_presence,Thiram Presence,5,131,531.0,0
shap_feature_selection_extratrees_p1_20260529_182607,P1_thiram_presence,Thiram Presence,5,132,532.0,0
shap_feature_selection_extratrees_p1_20260529_182607,P1_thiram_presence,Thiram Presence,5,133,533.0,0
shap_feature_selection_extratrees_p1_20260529_182607,P1_thiram_presence,Thiram Presence,5,134,534.0,0
shap_feature_selection_extratrees_p1_20260529_182607,P1_thiram_presence,Thiram Presence,5,135,535.0,0
shap_feature_selection_extratrees_p1_20260529_182607,P1_thiram_presence,Thiram Presence,5,136,536.0,0
shap_feature_selection_extratrees_p1_20260529_182607,P1_thiram_presence,Thiram Presence,5,137,537.0,0
shap_feature_selection_extratrees_p1_20260529_182607,P1_thiram_presence,Thiram Presence,5,138,538.0,0
shap_feature_selection_extratrees_p1_20260529_182607,P1_thiram_presence,Thiram Presence,5,139,539.0,1
shap_feature_selection_extratrees_p1_20260529_182607,P1_thiram_presence,Thiram Presence,5,140,540.0,0
shap_feature_selection_extratrees_p1_20260529_182607,P1_thiram_presence,Thiram Presence,5,141,541.0,0
shap_feature_selection_extratrees_p1_20260529_182607,P1_thiram_presence,Thiram Presence,5,142,542.0,0
shap_feature_selection_extratrees_p1_20260529_182607,P1_thiram_presence,Thiram Presence,5,143,543.0,0
shap_feature_selection_extratrees_p1_20260529_182607,P1_thiram_presence,Thiram Presence,5,144,544.0,0
shap_feature_selection_extratrees_p1_20260529_182607,P1_thiram_presence,Thiram Presence,5,145,545.0,1
shap_feature_selection_extratrees_p1_20260529_182607,P1_thiram_presence,Thiram Presence,5,146,546.0,1
shap_feature_selection_extratrees_p1_20260529_182607,P1_thiram_presence,Thiram Presence,5,147,547.0,0
shap_feature_selection_extratrees_p1_20260529_182607,P1_thiram_presence,Thiram Presence,5,148,548.0,0
shap_feature_selection_extratrees_p1_20260529_182607,P1_thiram_presence,Thiram Presence,5,149,549.0,0
shap_feature_selection_extratrees_p1_20260529_182607,P1_thiram_presence,Thiram Presence,5,150,550.0,0
shap_feature_selection_extratrees_p1_20260529_182607,P1_thiram_presence,Thiram Presence,5,151,551.0,0
shap_feature_selection_extratrees_p1_20260529_182607,P1_thiram_presence,Thiram Presence,5,152,552.0,0
shap_feature_selection_extratrees_p1_20260529_182607,P1_thiram_presence,Thiram Presence,5,153,553.0,1
shap_feature_selection_extratrees_p1_20260529_182607,P1_thiram_presence,Thiram Presence,5,154,554.0,0
shap_feature_selection_extratrees_p1_20260529_182607,P1_thiram_presence,Thiram Presence,5,155,555.0,0
shap_feature_selection_extratrees_p1_20260529_182607,P1_thiram_presence,Thiram Presence,5,156,556.0,0
shap_feature_selection_extratrees_p1_20260529_182607,P1_thiram_presence,Thiram Presence,5,157,557.0,1
shap_feature_selection_extratrees_p1_20260529_182607,P1_thiram_presence,Thiram Presence,5,158,558.0,0
shap_feature_selection_extratrees_p1_20260529_182607,P1_thiram_presence,Thiram Presence,5,159,559.0,1
shap_feature_selection_extratrees_p1_20260529_182607,P1_thiram_presence,Thiram Presence,5,160,560.0,0
shap_feature_selection_extratrees_p1_20260529_182607,P1_thiram_presence,Thiram Presence,5,161,561.0,0
shap_feature_selection_extratrees_p1_20260529_182607,P1_thiram_presence,Thiram Presence,5,162,562.0,0
shap_feature_selection_extratrees_p1_20260529_182607,P1_thiram_presence,Thiram Presence,5,163,563.0,0
shap_feature_selection_extratrees_p1_20260529_182607,P1_thiram_presence,Thiram Presence,5,164,564.0,0
shap_feature_selection_extratrees_p1_20260529_182607,P1_thiram_presence,Thiram Presence,5,165,565.0,0
shap_feature_selection_extratrees_p1_20260529_182607,P1_thiram_presence,Thiram Presence,5,166,566.0,0
shap_feature_selection_extratrees_p1_20260529_182607,P1_thiram_presence,Thiram Presence,5,167,567.0,0
shap_feature_selection_extratrees_p1_20260529_182607,P1_thiram_presence,Thiram Presence,5,168,568.0,0
shap_feature_selection_extratrees_p1_20260529_182607,P1_thiram_presence,Thiram Presence,5,169,569.0,0
shap_feature_selection_extratrees_p1_20260529_182607,P1_thiram_presence,Thiram Presence,5,170,570.0,0
shap_feature_selection_extratrees_p1_20260529_182607,P1_thiram_presence,Thiram Presence,5,171,571.0,0
shap_feature_selection_extratrees_p1_20260529_182607,P1_thiram_presence,Thiram Presence,5,172,572.0,0
shap_feature_selection_extratrees_p1_20260529_182607,P1_thiram_presence,Thiram Presence,5,173,573.0,0
shap_feature_selection_extratrees_p1_20260529_182607,P1_thiram_presence,Thiram Presence,5,174,574.0,0
shap_feature_selection_extratrees_p1_20260529_182607,P1_thiram_presence,Thiram Presence,5,175,575.0,0
shap_feature_selection_extratrees_p1_20260529_182607,P1_thiram_presence,Thiram Presence,5,176,576.0,0
shap_feature_selection_extratrees_p1_20260529_182607,P1_thiram_presence,Thiram Presence,5,177,577.0,0
shap_feature_selection_extratrees_p1_20260529_182607,P1_thiram_presence,Thiram Presence,5,178,578.0,0
shap_feature_selection_extratrees_p1_20260529_182607,P1_thiram_presence,Thiram Presence,5,179,579.0,0
shap_feature_selection_extratrees_p1_20260529_182607,P1_thiram_presence,Thiram Presence,5,180,580.0,0
shap_feature_selection_extratrees_p1_20260529_182607,P1_thiram_presence,Thiram Presence,5,181,581.0,0
shap_feature_selection_extratrees_p1_20260529_182607,P1_thiram_presence,Thiram Presence,5,182,582.0,0
shap_feature_selection_extratrees_p1_20260529_182607,P1_thiram_presence,Thiram Presence,5,183,583.0,0
shap_feature_selection_extratrees_p1_20260529_182607,P1_thiram_presence,Thiram Presence,5,184,584.0,0
shap_feature_selection_extratrees_p1_20260529_182607,P1_thiram_presence,Thiram Presence,5,185,585.0,0
shap_feature_selection_extratrees_p1_20260529_182607,P1_thiram_presence,Thiram Presence,5,186,586.0,0
shap_feature_selection_extratrees_p1_20260529_182607,P1_thiram_presence,Thiram Presence,5,187,587.0,0
shap_feature_selection_extratrees_p1_20260529_182607,P1_thiram_presence,Thiram Presence,5,188,588.0,0
shap_feature_selection_extratrees_p1_20260529_182607,P1_thiram_presence,Thiram Presence,5,189,589.0,0
shap_feature_selection_extratrees_p1_20260529_182607,P1_thiram_presence,Thiram Presence,5,190,590.0,0
shap_feature_selection_extratrees_p1_20260529_182607,P1_thiram_presence,Thiram Presence,5,191,591.0,0
shap_feature_selection_extratrees_p1_20260529_182607,P1_thiram_presence,Thiram Presence,5,192,592.0,0
shap_feature_selection_extratrees_p1_20260529_182607,P1_thiram_presence,Thiram Presence,5,193,593.0,0
shap_feature_selection_extratrees_p1_20260529_182607,P1_thiram_presence,Thiram Presence,5,194,594.0,0
shap_feature_selection_extratrees_p1_20260529_182607,P1_thiram_presence,Thiram Presence,5,195,595.0,0
shap_feature_selection_extratrees_p1_20260529_182607,P1_thiram_presence,Thiram Presence,5,196,596.0,0
shap_feature_selection_extratrees_p1_20260529_182607,P1_thiram_presence,Thiram Presence,5,197,597.0,0
shap_feature_selection_extratrees_p1_20260529_182607,P1_thiram_presence,Thiram Presence,5,198,598.0,0
shap_feature_selection_extratrees_p1_20260529_182607,P1_thiram_presence,Thiram Presence,5,199,599.0,0
shap_feature_selection_extratrees_p1_20260529_182607,P1_thiram_presence,Thiram Presence,5,200,600.0,0
shap_feature_selection_extratrees_p1_20260529_182607,P1_thiram_presence,Thiram Presence,5,201,601.0,0
shap_feature_selection_extratrees_p1_20260529_182607,P1_thiram_presence,Thiram Presence,5,202,602.0,0
shap_feature_selection_extratrees_p1_20260529_182607,P1_thiram_presence,Thiram Presence,5,203,603.0,0
shap_feature_selection_extratrees_p1_20260529_182607,P1_thiram_presence,Thiram Presence,5,204,604.0,0
shap_feature_selection_extratrees_p1_20260529_182607,P1_thiram_presence,Thiram Presence,5,205,605.0,0
shap_feature_selection_extratrees_p1_20260529_182607,P1_thiram_presence,Thiram Presence,5,206,606.0,0
shap_feature_selection_extratrees_p1_20260529_182607,P1_thiram_presence,Thiram Presence,5,207,607.0,0
shap_feature_selection_extratrees_p1_20260529_182607,P1_thiram_presence,Thiram Presence,5,208,608.0,0
shap_feature_selection_extratrees_p1_20260529_182607,P1_thiram_presence,Thiram Presence,5,209,609.0,0
shap_feature_selection_extratrees_p1_20260529_182607,P1_thiram_presence,Thiram Presence,5,210,610.0,0
shap_feature_selection_extratrees_p1_20260529_182607,P1_thiram_presence,Thiram Presence,5,211,611.0,0
shap_feature_selection_extratrees_p1_20260529_182607,P1_thiram_presence,Thiram Presence,5,212,612.0,0
shap_feature_selection_extratrees_p1_20260529_182607,P1_thiram_presence,Thiram Presence,5,213,613.0,0
shap_feature_selection_extratrees_p1_20260529_182607,P1_thiram_presence,Thiram Presence,5,214,614.0,0
shap_feature_selection_extratrees_p1_20260529_182607,P1_thiram_presence,Thiram Presence,5,215,615.0,0
shap_feature_selection_extratrees_p1_20260529_182607,P1_thiram_presence,Thiram Presence,5,216,616.0,0
shap_feature_selection_extratrees_p1_20260529_182607,P1_thiram_presence,Thiram Presence,5,217,617.0,0
shap_feature_selection_extratrees_p1_20260529_182607,P1_thiram_presence,Thiram Presence,5,218,618.0,0
shap_feature_selection_extratrees_p1_20260529_182607,P1_thiram_presence,Thiram Presence,5,219,619.0,0
shap_feature_selection_extratrees_p1_20260529_182607,P1_thiram_presence,Thiram Presence,5,220,620.0,0
shap_feature_selection_extratrees_p1_20260529_182607,P1_thiram_presence,Thiram Presence,5,221,621.0,0
shap_feature_selection_extratrees_p1_20260529_182607,P1_thiram_presence,Thiram Presence,5,222,622.0,0
shap_feature_selection_extratrees_p1_20260529_182607,P1_thiram_presence,Thiram Presence,5,223,623.0,0
shap_feature_selection_extratrees_p1_20260529_182607,P1_thiram_presence,Thiram Presence,5,224,624.0,0
shap_feature_selection_extratrees_p1_20260529_182607,P1_thiram_presence,Thiram Presence,5,225,625.0,0
shap_feature_selection_extratrees_p1_20260529_182607,P1_thiram_presence,Thiram Presence,5,226,626.0,0
shap_feature_selection_extratrees_p1_20260529_182607,P1_thiram_presence,Thiram Presence,5,227,627.0,0
shap_feature_selection_extratrees_p1_20260529_182607,P1_thiram_presence,Thiram Presence,5,228,628.0,0
shap_feature_selection_extratrees_p1_20260529_182607,P1_thiram_presence,Thiram Presence,5,229,629.0,0
shap_feature_selection_extratrees_p1_20260529_182607,P1_thiram_presence,Thiram Presence,5,230,630.0,0
shap_feature_selection_extratrees_p1_20260529_182607,P1_thiram_presence,Thiram Presence,5,231,631.0,0
shap_feature_selection_extratrees_p1_20260529_182607,P1_thiram_presence,Thiram Presence,5,232,632.0,0
shap_feature_selection_extratrees_p1_20260529_182607,P1_thiram_presence,Thiram Presence,5,233,633.0,0
shap_feature_selection_extratrees_p1_20260529_182607,P1_thiram_presence,Thiram Presence,5,234,634.0,0
shap_feature_selection_extratrees_p1_20260529_182607,P1_thiram_presence,Thiram Presence,5,235,635.0,0
shap_feature_selection_extratrees_p1_20260529_182607,P1_thiram_presence,Thiram Presence,5,236,636.0,0
shap_feature_selection_extratrees_p1_20260529_182607,P1_thiram_presence,Thiram Presence,5,237,637.0,0
shap_feature_selection_extratrees_p1_20260529_182607,P1_thiram_presence,Thiram Presence,5,238,638.0,0
shap_feature_selection_extratrees_p1_20260529_182607,P1_thiram_presence,Thiram Presence,5,239,639.0,0
shap_feature_selection_extratrees_p1_20260529_182607,P1_thiram_presence,Thiram Presence,5,240,640.0,0
shap_feature_selection_extratrees_p1_20260529_182607,P1_thiram_presence,Thiram Presence,5,241,641.0,0
shap_feature_selection_extratrees_p1_20260529_182607,P1_thiram_presence,Thiram Presence,5,242,642.0,0
shap_feature_selection_extratrees_p1_20260529_182607,P1_thiram_presence,Thiram Presence,5,243,643.0,0
shap_feature_selection_extratrees_p1_20260529_182607,P1_thiram_presence,Thiram Presence,5,244,644.0,0
shap_feature_selection_extratrees_p1_20260529_182607,P1_thiram_presence,Thiram Presence,5,245,645.0,0
shap_feature_selection_extratrees_p1_20260529_182607,P1_thiram_presence,Thiram Presence,5,246,646.0,0
shap_feature_selection_extratrees_p1_20260529_182607,P1_thiram_presence,Thiram Presence,5,247,647.0,0
shap_feature_selection_extratrees_p1_20260529_182607,P1_thiram_presence,Thiram Presence,5,248,648.0,0
shap_feature_selection_extratrees_p1_20260529_182607,P1_thiram_presence,Thiram Presence,5,249,649.0,0
shap_feature_selection_extratrees_p1_20260529_182607,P1_thiram_presence,Thiram Presence,5,250,650.0,0
shap_feature_selection_extratrees_p1_20260529_182607,P1_thiram_presence,Thiram Presence,5,251,651.0,0
shap_feature_selection_extratrees_p1_20260529_182607,P1_thiram_presence,Thiram Presence,5,252,652.0,0
shap_feature_selection_extratrees_p1_20260529_182607,P1_thiram_presence,Thiram Presence,5,253,653.0,0
shap_feature_selection_extratrees_p1_20260529_182607,P1_thiram_presence,Thiram Presence,5,254,654.0,0
shap_feature_selection_extratrees_p1_20260529_182607,P1_thiram_presence,Thiram Presence,5,255,655.0,0
shap_feature_selection_extratrees_p1_20260529_182607,P1_thiram_presence,Thiram Presence,5,256,656.0,0
shap_feature_selection_extratrees_p1_20260529_182607,P1_thiram_presence,Thiram Presence,5,257,657.0,0
shap_feature_selection_extratrees_p1_20260529_182607,P1_thiram_presence,Thiram Presence,5,258,658.0,0
shap_feature_selection_extratrees_p1_20260529_182607,P1_thiram_presence,Thiram Presence,5,259,659.0,0
shap_feature_selection_extratrees_p1_20260529_182607,P1_thiram_presence,Thiram Presence,5,260,660.0,0
shap_feature_selection_extratrees_p1_20260529_182607,P1_thiram_presence,Thiram Presence,5,261,661.0,0
shap_feature_selection_extratrees_p1_20260529_182607,P1_thiram_presence,Thiram Presence,5,262,662.0,0
shap_feature_selection_extratrees_p1_20260529_182607,P1_thiram_presence,Thiram Presence,5,263,663.0,0
shap_feature_selection_extratrees_p1_20260529_182607,P1_thiram_presence,Thiram Presence,5,264,664.0,0
shap_feature_selection_extratrees_p1_20260529_182607,P1_thiram_presence,Thiram Presence,5,265,665.0,0
shap_feature_selection_extratrees_p1_20260529_182607,P1_thiram_presence,Thiram Presence,5,266,666.0,0
shap_feature_selection_extratrees_p1_20260529_182607,P1_thiram_presence,Thiram Presence,5,267,667.0,0
shap_feature_selection_extratrees_p1_20260529_182607,P1_thiram_presence,Thiram Presence,5,268,668.0,0
shap_feature_selection_extratrees_p1_20260529_182607,P1_thiram_presence,Thiram Presence,5,269,669.0,0
shap_feature_selection_extratrees_p1_20260529_182607,P1_thiram_presence,Thiram Presence,5,270,670.0,0
shap_feature_selection_extratrees_p1_20260529_182607,P1_thiram_presence,Thiram Presence,5,271,671.0,0
shap_feature_selection_extratrees_p1_20260529_182607,P1_thiram_presence,Thiram Presence,5,272,672.0,0
shap_feature_selection_extratrees_p1_20260529_182607,P1_thiram_presence,Thiram Presence,5,273,673.0,0
shap_feature_selection_extratrees_p1_20260529_182607,P1_thiram_presence,Thiram Presence,5,274,674.0,0
shap_feature_selection_extratrees_p1_20260529_182607,P1_thiram_presence,Thiram Presence,5,275,675.0,0
shap_feature_selection_extratrees_p1_20260529_182607,P1_thiram_presence,Thiram Presence,5,276,676.0,0
shap_feature_selection_extratrees_p1_20260529_182607,P1_thiram_presence,Thiram Presence,5,277,677.0,0
shap_feature_selection_extratrees_p1_20260529_182607,P1_thiram_presence,Thiram Presence,5,278,678.0,0
shap_feature_selection_extratrees_p1_20260529_182607,P1_thiram_presence,Thiram Presence,5,279,679.0,0
shap_feature_selection_extratrees_p1_20260529_182607,P1_thiram_presence,Thiram Presence,5,280,680.0,0
shap_feature_selection_extratrees_p1_20260529_182607,P1_thiram_presence,Thiram Presence,5,281,681.0,0
shap_feature_selection_extratrees_p1_20260529_182607,P1_thiram_presence,Thiram Presence,5,282,682.0,0
shap_feature_selection_extratrees_p1_20260529_182607,P1_thiram_presence,Thiram Presence,5,283,683.0,0
shap_feature_selection_extratrees_p1_20260529_182607,P1_thiram_presence,Thiram Presence,5,284,684.0,0
shap_feature_selection_extratrees_p1_20260529_182607,P1_thiram_presence,Thiram Presence,5,285,685.0,0
shap_feature_selection_extratrees_p1_20260529_182607,P1_thiram_presence,Thiram Presence,5,286,686.0,0
shap_feature_selection_extratrees_p1_20260529_182607,P1_thiram_presence,Thiram Presence,5,287,687.0,1
shap_feature_selection_extratrees_p1_20260529_182607,P1_thiram_presence,Thiram Presence,5,288,688.0,1
shap_feature_selection_extratrees_p1_20260529_182607,P1_thiram_presence,Thiram Presence,5,289,689.0,1
shap_feature_selection_extratrees_p1_20260529_182607,P1_thiram_presence,Thiram Presence,5,290,690.0,0
shap_feature_selection_extratrees_p1_20260529_182607,P1_thiram_presence,Thiram Presence,5,291,691.0,0
shap_feature_selection_extratrees_p1_20260529_182607,P1_thiram_presence,Thiram Presence,5,292,692.0,0
shap_feature_selection_extratrees_p1_20260529_182607,P1_thiram_presence,Thiram Presence,5,293,693.0,0
shap_feature_selection_extratrees_p1_20260529_182607,P1_thiram_presence,Thiram Presence,5,294,694.0,0
shap_feature_selection_extratrees_p1_20260529_182607,P1_thiram_presence,Thiram Presence,5,295,695.0,0
shap_feature_selection_extratrees_p1_20260529_182607,P1_thiram_presence,Thiram Presence,5,296,696.0,0
shap_feature_selection_extratrees_p1_20260529_182607,P1_thiram_presence,Thiram Presence,5,297,697.0,0
shap_feature_selection_extratrees_p1_20260529_182607,P1_thiram_presence,Thiram Presence,5,298,698.0,0
shap_feature_selection_extratrees_p1_20260529_182607,P1_thiram_presence,Thiram Presence,5,299,699.0,0
shap_feature_selection_extratrees_p1_20260529_182607,P1_thiram_presence,Thiram Presence,5,300,700.0,0
shap_feature_selection_extratrees_p1_20260529_182607,P1_thiram_presence,Thiram Presence,5,301,701.0,0
shap_feature_selection_extratrees_p1_20260529_182607,P1_thiram_presence,Thiram Presence,5,302,702.0,0
shap_feature_selection_extratrees_p1_20260529_182607,P1_thiram_presence,Thiram Presence,5,303,703.0,0
shap_feature_selection_extratrees_p1_20260529_182607,P1_thiram_presence,Thiram Presence,5,304,704.0,0
shap_feature_selection_extratrees_p1_20260529_182607,P1_thiram_presence,Thiram Presence,5,305,705.0,0
shap_feature_selection_extratrees_p1_20260529_182607,P1_thiram_presence,Thiram Presence,5,306,706.0,0
shap_feature_selection_extratrees_p1_20260529_182607,P1_thiram_presence,Thiram Presence,5,307,707.0,0
shap_feature_selection_extratrees_p1_20260529_182607,P1_thiram_presence,Thiram Presence,5,308,708.0,0
shap_feature_selection_extratrees_p1_20260529_182607,P1_thiram_presence,Thiram Presence,5,309,709.0,0
shap_feature_selection_extratrees_p1_20260529_182607,P1_thiram_presence,Thiram Presence,5,310,710.0,0
shap_feature_selection_extratrees_p1_20260529_182607,P1_thiram_presence,Thiram Presence,5,311,711.0,0
shap_feature_selection_extratrees_p1_20260529_182607,P1_thiram_presence,Thiram Presence,5,312,712.0,0
shap_feature_selection_extratrees_p1_20260529_182607,P1_thiram_presence,Thiram Presence,5,313,713.0,0
shap_feature_selection_extratrees_p1_20260529_182607,P1_thiram_presence,Thiram Presence,5,314,714.0,0
shap_feature_selection_extratrees_p1_20260529_182607,P1_thiram_presence,Thiram Presence,5,315,715.0,0
shap_feature_selection_extratrees_p1_20260529_182607,P1_thiram_presence,Thiram Presence,5,316,716.0,0
shap_feature_selection_extratrees_p1_20260529_182607,P1_thiram_presence,Thiram Presence,5,317,717.0,0
shap_feature_selection_extratrees_p1_20260529_182607,P1_thiram_presence,Thiram Presence,5,318,718.0,0
shap_feature_selection_extratrees_p1_20260529_182607,P1_thiram_presence,Thiram Presence,5,319,719.0,0
shap_feature_selection_extratrees_p1_20260529_182607,P1_thiram_presence,Thiram Presence,5,320,720.0,0
shap_feature_selection_extratrees_p1_20260529_182607,P1_thiram_presence,Thiram Presence,5,321,721.0,0
shap_feature_selection_extratrees_p1_20260529_182607,P1_thiram_presence,Thiram Presence,5,322,722.0,0
shap_feature_selection_extratrees_p1_20260529_182607,P1_thiram_presence,Thiram Presence,5,323,723.0,0
shap_feature_selection_extratrees_p1_20260529_182607,P1_thiram_presence,Thiram Presence,5,324,724.0,0
shap_feature_selection_extratrees_p1_20260529_182607,P1_thiram_presence,Thiram Presence,5,325,725.0,0
shap_feature_selection_extratrees_p1_20260529_182607,P1_thiram_presence,Thiram Presence,5,326,726.0,0
shap_feature_selection_extratrees_p1_20260529_182607,P1_thiram_presence,Thiram Presence,5,327,727.0,0
shap_feature_selection_extratrees_p1_20260529_182607,P1_thiram_presence,Thiram Presence,5,328,728.0,0
shap_feature_selection_extratrees_p1_20260529_182607,P1_thiram_presence,Thiram Presence,5,329,729.0,0
shap_feature_selection_extratrees_p1_20260529_182607,P1_thiram_presence,Thiram Presence,5,330,730.0,0
shap_feature_selection_extratrees_p1_20260529_182607,P1_thiram_presence,Thiram Presence,5,331,731.0,0
shap_feature_selection_extratrees_p1_20260529_182607,P1_thiram_presence,Thiram Presence,5,332,732.0,0
shap_feature_selection_extratrees_p1_20260529_182607,P1_thiram_presence,Thiram Presence,5,333,733.0,0
shap_feature_selection_extratrees_p1_20260529_182607,P1_thiram_presence,Thiram Presence,5,334,734.0,0
shap_feature_selection_extratrees_p1_20260529_182607,P1_thiram_presence,Thiram Presence,5,335,735.0,0
shap_feature_selection_extratrees_p1_20260529_182607,P1_thiram_presence,Thiram Presence,5,336,736.0,0
shap_feature_selection_extratrees_p1_20260529_182607,P1_thiram_presence,Thiram Presence,5,337,737.0,0
shap_feature_selection_extratrees_p1_20260529_182607,P1_thiram_presence,Thiram Presence,5,338,738.0,0
shap_feature_selection_extratrees_p1_20260529_182607,P1_thiram_presence,Thiram Presence,5,339,739.0,0
shap_feature_selection_extratrees_p1_20260529_182607,P1_thiram_presence,Thiram Presence,5,340,740.0,0
shap_feature_selection_extratrees_p1_20260529_182607,P1_thiram_presence,Thiram Presence,5,341,741.0,0
shap_feature_selection_extratrees_p1_20260529_182607,P1_thiram_presence,Thiram Presence,5,342,742.0,0
shap_feature_selection_extratrees_p1_20260529_182607,P1_thiram_presence,Thiram Presence,5,343,743.0,0
shap_feature_selection_extratrees_p1_20260529_182607,P1_thiram_presence,Thiram Presence,5,344,744.0,0
shap_feature_selection_extratrees_p1_20260529_182607,P1_thiram_presence,Thiram Presence,5,345,745.0,0
shap_feature_selection_extratrees_p1_20260529_182607,P1_thiram_presence,Thiram Presence,5,346,746.0,0
shap_feature_selection_extratrees_p1_20260529_182607,P1_thiram_presence,Thiram Presence,5,347,747.0,0
shap_feature_selection_extratrees_p1_20260529_182607,P1_thiram_presence,Thiram Presence,5,348,748.0,0
shap_feature_selection_extratrees_p1_20260529_182607,P1_thiram_presence,Thiram Presence,5,349,749.0,0
shap_feature_selection_extratrees_p1_20260529_182607,P1_thiram_presence,Thiram Presence,5,350,750.0,0
shap_feature_selection_extratrees_p1_20260529_182607,P1_thiram_presence,Thiram Presence,5,351,751.0,0
shap_feature_selection_extratrees_p1_20260529_182607,P1_thiram_presence,Thiram Presence,5,352,752.0,0
shap_feature_selection_extratrees_p1_20260529_182607,P1_thiram_presence,Thiram Presence,5,353,753.0,0
shap_feature_selection_extratrees_p1_20260529_182607,P1_thiram_presence,Thiram Presence,5,354,754.0,1
shap_feature_selection_extratrees_p1_20260529_182607,P1_thiram_presence,Thiram Presence,5,355,755.0,0
shap_feature_selection_extratrees_p1_20260529_182607,P1_thiram_presence,Thiram Presence,5,356,756.0,0
shap_feature_selection_extratrees_p1_20260529_182607,P1_thiram_presence,Thiram Presence,5,357,757.0,0
shap_feature_selection_extratrees_p1_20260529_182607,P1_thiram_presence,Thiram Presence,5,358,758.0,0
shap_feature_selection_extratrees_p1_20260529_182607,P1_thiram_presence,Thiram Presence,5,359,759.0,0
shap_feature_selection_extratrees_p1_20260529_182607,P1_thiram_presence,Thiram Presence,5,360,760.0,0
shap_feature_selection_extratrees_p1_20260529_182607,P1_thiram_presence,Thiram Presence,5,361,761.0,0
shap_feature_selection_extratrees_p1_20260529_182607,P1_thiram_presence,Thiram Presence,5,362,762.0,0
shap_feature_selection_extratrees_p1_20260529_182607,P1_thiram_presence,Thiram Presence,5,363,763.0,1
shap_feature_selection_extratrees_p1_20260529_182607,P1_thiram_presence,Thiram Presence,5,364,764.0,1
shap_feature_selection_extratrees_p1_20260529_182607,P1_thiram_presence,Thiram Presence,5,365,765.0,1
shap_feature_selection_extratrees_p1_20260529_182607,P1_thiram_presence,Thiram Presence,5,366,766.0,0
shap_feature_selection_extratrees_p1_20260529_182607,P1_thiram_presence,Thiram Presence,5,367,767.0,1
shap_feature_selection_extratrees_p1_20260529_182607,P1_thiram_presence,Thiram Presence,5,368,768.0,0
shap_feature_selection_extratrees_p1_20260529_182607,P1_thiram_presence,Thiram Presence,5,369,769.0,1
shap_feature_selection_extratrees_p1_20260529_182607,P1_thiram_presence,Thiram Presence,5,370,770.0,1
shap_feature_selection_extratrees_p1_20260529_182607,P1_thiram_presence,Thiram Presence,5,371,771.0,1
shap_feature_selection_extratrees_p1_20260529_182607,P1_thiram_presence,Thiram Presence,5,372,772.0,1
shap_feature_selection_extratrees_p1_20260529_182607,P1_thiram_presence,Thiram Presence,5,373,773.0,1
shap_feature_selection_extratrees_p1_20260529_182607,P1_thiram_presence,Thiram Presence,5,374,774.0,1
shap_feature_selection_extratrees_p1_20260529_182607,P1_thiram_presence,Thiram Presence,5,375,775.0,1
shap_feature_selection_extratrees_p1_20260529_182607,P1_thiram_presence,Thiram Presence,5,376,776.0,0
shap_feature_selection_extratrees_p1_20260529_182607,P1_thiram_presence,Thiram Presence,5,377,777.0,0
shap_feature_selection_extratrees_p1_20260529_182607,P1_thiram_presence,Thiram Presence,5,378,778.0,0
shap_feature_selection_extratrees_p1_20260529_182607,P1_thiram_presence,Thiram Presence,5,379,779.0,1
shap_feature_selection_extratrees_p1_20260529_182607,P1_thiram_presence,Thiram Presence,5,380,780.0,0
shap_feature_selection_extratrees_p1_20260529_182607,P1_thiram_presence,Thiram Presence,5,381,781.0,0
shap_feature_selection_extratrees_p1_20260529_182607,P1_thiram_presence,Thiram Presence,5,382,782.0,0
shap_feature_selection_extratrees_p1_20260529_182607,P1_thiram_presence,Thiram Presence,5,383,783.0,0
shap_feature_selection_extratrees_p1_20260529_182607,P1_thiram_presence,Thiram Presence,5,384,784.0,0
shap_feature_selection_extratrees_p1_20260529_182607,P1_thiram_presence,Thiram Presence,5,385,785.0,0
shap_feature_selection_extratrees_p1_20260529_182607,P1_thiram_presence,Thiram Presence,5,386,786.0,0
shap_feature_selection_extratrees_p1_20260529_182607,P1_thiram_presence,Thiram Presence,5,387,787.0,0
shap_feature_selection_extratrees_p1_20260529_182607,P1_thiram_presence,Thiram Presence,5,388,788.0,0
shap_feature_selection_extratrees_p1_20260529_182607,P1_thiram_presence,Thiram Presence,5,389,789.0,0
shap_feature_selection_extratrees_p1_20260529_182607,P1_thiram_presence,Thiram Presence,5,390,790.0,0
shap_feature_selection_extratrees_p1_20260529_182607,P1_thiram_presence,Thiram Presence,5,391,791.0,0
shap_feature_selection_extratrees_p1_20260529_182607,P1_thiram_presence,Thiram Presence,5,392,792.0,0
shap_feature_selection_extratrees_p1_20260529_182607,P1_thiram_presence,Thiram Presence,5,393,793.0,0
shap_feature_selection_extratrees_p1_20260529_182607,P1_thiram_presence,Thiram Presence,5,394,794.0,0
shap_feature_selection_extratrees_p1_20260529_182607,P1_thiram_presence,Thiram Presence,5,395,795.0,0
shap_feature_selection_extratrees_p1_20260529_182607,P1_thiram_presence,Thiram Presence,5,396,796.0,0
shap_feature_selection_extratrees_p1_20260529_182607,P1_thiram_presence,Thiram Presence,5,397,797.0,0
shap_feature_selection_extratrees_p1_20260529_182607,P1_thiram_presence,Thiram Presence,5,398,798.0,0
shap_feature_selection_extratrees_p1_20260529_182607,P1_thiram_presence,Thiram Presence,5,399,799.0,0
shap_feature_selection_extratrees_p1_20260529_182607,P1_thiram_presence,Thiram Presence,5,400,800.0,0
shap_feature_selection_extratrees_p1_20260529_182607,P1_thiram_presence,Thiram Presence,5,401,801.0,0
shap_feature_selection_extratrees_p1_20260529_182607,P1_thiram_presence,Thiram Presence,5,402,802.0,0
shap_feature_selection_extratrees_p1_20260529_182607,P1_thiram_presence,Thiram Presence,5,403,803.0,0
shap_feature_selection_extratrees_p1_20260529_182607,P1_thiram_presence,Thiram Presence,5,404,804.0,0
shap_feature_selection_extratrees_p1_20260529_182607,P1_thiram_presence,Thiram Presence,5,405,805.0,0
shap_feature_selection_extratrees_p1_20260529_182607,P1_thiram_presence,Thiram Presence,5,406,806.0,0
shap_feature_selection_extratrees_p1_20260529_182607,P1_thiram_presence,Thiram Presence,5,407,807.0,0
shap_feature_selection_extratrees_p1_20260529_182607,P1_thiram_presence,Thiram Presence,5,408,808.0,0
shap_feature_selection_extratrees_p1_20260529_182607,P1_thiram_presence,Thiram Presence,5,409,809.0,0
shap_feature_selection_extratrees_p1_20260529_182607,P1_thiram_presence,Thiram Presence,5,410,810.0,0
shap_feature_selection_extratrees_p1_20260529_182607,P1_thiram_presence,Thiram Presence,5,411,811.0,0
shap_feature_selection_extratrees_p1_20260529_182607,P1_thiram_presence,Thiram Presence,5,412,812.0,0
shap_feature_selection_extratrees_p1_20260529_182607,P1_thiram_presence,Thiram Presence,5,413,813.0,0
shap_feature_selection_extratrees_p1_20260529_182607,P1_thiram_presence,Thiram Presence,5,414,814.0,0
shap_feature_selection_extratrees_p1_20260529_182607,P1_thiram_presence,Thiram Presence,5,415,815.0,0
shap_feature_selection_extratrees_p1_20260529_182607,P1_thiram_presence,Thiram Presence,5,416,816.0,0
shap_feature_selection_extratrees_p1_20260529_182607,P1_thiram_presence,Thiram Presence,5,417,817.0,0
shap_feature_selection_extratrees_p1_20260529_182607,P1_thiram_presence,Thiram Presence,5,418,818.0,0
shap_feature_selection_extratrees_p1_20260529_182607,P1_thiram_presence,Thiram Presence,5,419,819.0,0
shap_feature_selection_extratrees_p1_20260529_182607,P1_thiram_presence,Thiram Presence,5,420,820.0,0
shap_feature_selection_extratrees_p1_20260529_182607,P1_thiram_presence,Thiram Presence,5,421,821.0,0
shap_feature_selection_extratrees_p1_20260529_182607,P1_thiram_presence,Thiram Presence,5,422,822.0,0
shap_feature_selection_extratrees_p1_20260529_182607,P1_thiram_presence,Thiram Presence,5,423,823.0,0
shap_feature_selection_extratrees_p1_20260529_182607,P1_thiram_presence,Thiram Presence,5,424,824.0,0
shap_feature_selection_extratrees_p1_20260529_182607,P1_thiram_presence,Thiram Presence,5,425,825.0,0
shap_feature_selection_extratrees_p1_20260529_182607,P1_thiram_presence,Thiram Presence,5,426,826.0,0
shap_feature_selection_extratrees_p1_20260529_182607,P1_thiram_presence,Thiram Presence,5,427,827.0,0
shap_feature_selection_extratrees_p1_20260529_182607,P1_thiram_presence,Thiram Presence,5,428,828.0,0
shap_feature_selection_extratrees_p1_20260529_182607,P1_thiram_presence,Thiram Presence,5,429,829.0,0
shap_feature_selection_extratrees_p1_20260529_182607,P1_thiram_presence,Thiram Presence,5,430,830.0,0
shap_feature_selection_extratrees_p1_20260529_182607,P1_thiram_presence,Thiram Presence,5,431,831.0,0
shap_feature_selection_extratrees_p1_20260529_182607,P1_thiram_presence,Thiram Presence,5,432,832.0,0
shap_feature_selection_extratrees_p1_20260529_182607,P1_thiram_presence,Thiram Presence,5,433,833.0,0
shap_feature_selection_extratrees_p1_20260529_182607,P1_thiram_presence,Thiram Presence,5,434,834.0,0
shap_feature_selection_extratrees_p1_20260529_182607,P1_thiram_presence,Thiram Presence,5,435,835.0,0
shap_feature_selection_extratrees_p1_20260529_182607,P1_thiram_presence,Thiram Presence,5,436,836.0,0
shap_feature_selection_extratrees_p1_20260529_182607,P1_thiram_presence,Thiram Presence,5,437,837.0,0
shap_feature_selection_extratrees_p1_20260529_182607,P1_thiram_presence,Thiram Presence,5,438,838.0,0
shap_feature_selection_extratrees_p1_20260529_182607,P1_thiram_presence,Thiram Presence,5,439,839.0,0
shap_feature_selection_extratrees_p1_20260529_182607,P1_thiram_presence,Thiram Presence,5,440,840.0,0
shap_feature_selection_extratrees_p1_20260529_182607,P1_thiram_presence,Thiram Presence,5,441,841.0,0
shap_feature_selection_extratrees_p1_20260529_182607,P1_thiram_presence,Thiram Presence,5,442,842.0,0
shap_feature_selection_extratrees_p1_20260529_182607,P1_thiram_presence,Thiram Presence,5,443,843.0,0
shap_feature_selection_extratrees_p1_20260529_182607,P1_thiram_presence,Thiram Presence,5,444,844.0,0
shap_feature_selection_extratrees_p1_20260529_182607,P1_thiram_presence,Thiram Presence,5,445,845.0,0
shap_feature_selection_extratrees_p1_20260529_182607,P1_thiram_presence,Thiram Presence,5,446,846.0,0
shap_feature_selection_extratrees_p1_20260529_182607,P1_thiram_presence,Thiram Presence,5,447,847.0,0
shap_feature_selection_extratrees_p1_20260529_182607,P1_thiram_presence,Thiram Presence,5,448,848.0,0
shap_feature_selection_extratrees_p1_20260529_182607,P1_thiram_presence,Thiram Presence,5,449,849.0,0
shap_feature_selection_extratrees_p1_20260529_182607,P1_thiram_presence,Thiram Presence,5,450,850.0,0
shap_feature_selection_extratrees_p1_20260529_182607,P1_thiram_presence,Thiram Presence,5,451,851.0,0
shap_feature_selection_extratrees_p1_20260529_182607,P1_thiram_presence,Thiram Presence,5,452,852.0,0
shap_feature_selection_extratrees_p1_20260529_182607,P1_thiram_presence,Thiram Presence,5,453,853.0,0
shap_feature_selection_extratrees_p1_20260529_182607,P1_thiram_presence,Thiram Presence,5,454,854.0,0
shap_feature_selection_extratrees_p1_20260529_182607,P1_thiram_presence,Thiram Presence,5,455,855.0,0
shap_feature_selection_extratrees_p1_20260529_182607,P1_thiram_presence,Thiram Presence,5,456,856.0,0
shap_feature_selection_extratrees_p1_20260529_182607,P1_thiram_presence,Thiram Presence,5,457,857.0,0
shap_feature_selection_extratrees_p1_20260529_182607,P1_thiram_presence,Thiram Presence,5,458,858.0,0
shap_feature_selection_extratrees_p1_20260529_182607,P1_thiram_presence,Thiram Presence,5,459,859.0,0
shap_feature_selection_extratrees_p1_20260529_182607,P1_thiram_presence,Thiram Presence,5,460,860.0,0
shap_feature_selection_extratrees_p1_20260529_182607,P1_thiram_presence,Thiram Presence,5,461,861.0,0
shap_feature_selection_extratrees_p1_20260529_182607,P1_thiram_presence,Thiram Presence,5,462,862.0,0
shap_feature_selection_extratrees_p1_20260529_182607,P1_thiram_presence,Thiram Presence,5,463,863.0,0
shap_feature_selection_extratrees_p1_20260529_182607,P1_thiram_presence,Thiram Presence,5,464,864.0,0
shap_feature_selection_extratrees_p1_20260529_182607,P1_thiram_presence,Thiram Presence,5,465,865.0,0
shap_feature_selection_extratrees_p1_20260529_182607,P1_thiram_presence,Thiram Presence,5,466,866.0,0
shap_feature_selection_extratrees_p1_20260529_182607,P1_thiram_presence,Thiram Presence,5,467,867.0,0
shap_feature_selection_extratrees_p1_20260529_182607,P1_thiram_presence,Thiram Presence,5,468,868.0,0
shap_feature_selection_extratrees_p1_20260529_182607,P1_thiram_presence,Thiram Presence,5,469,869.0,0
shap_feature_selection_extratrees_p1_20260529_182607,P1_thiram_presence,Thiram Presence,5,470,870.0,0
shap_feature_selection_extratrees_p1_20260529_182607,P1_thiram_presence,Thiram Presence,5,471,871.0,0
shap_feature_selection_extratrees_p1_20260529_182607,P1_thiram_presence,Thiram Presence,5,472,872.0,0
shap_feature_selection_extratrees_p1_20260529_182607,P1_thiram_presence,Thiram Presence,5,473,873.0,0
shap_feature_selection_extratrees_p1_20260529_182607,P1_thiram_presence,Thiram Presence,5,474,874.0,0
shap_feature_selection_extratrees_p1_20260529_182607,P1_thiram_presence,Thiram Presence,5,475,875.0,0
shap_feature_selection_extratrees_p1_20260529_182607,P1_thiram_presence,Thiram Presence,5,476,876.0,0
shap_feature_selection_extratrees_p1_20260529_182607,P1_thiram_presence,Thiram Presence,5,477,877.0,0
shap_feature_selection_extratrees_p1_20260529_182607,P1_thiram_presence,Thiram Presence,5,478,878.0,0
shap_feature_selection_extratrees_p1_20260529_182607,P1_thiram_presence,Thiram Presence,5,479,879.0,0
shap_feature_selection_extratrees_p1_20260529_182607,P1_thiram_presence,Thiram Presence,5,480,880.0,0
shap_feature_selection_extratrees_p1_20260529_182607,P1_thiram_presence,Thiram Presence,5,481,881.0,0
shap_feature_selection_extratrees_p1_20260529_182607,P1_thiram_presence,Thiram Presence,5,482,882.0,0
shap_feature_selection_extratrees_p1_20260529_182607,P1_thiram_presence,Thiram Presence,5,483,883.0,0
shap_feature_selection_extratrees_p1_20260529_182607,P1_thiram_presence,Thiram Presence,5,484,884.0,0
shap_feature_selection_extratrees_p1_20260529_182607,P1_thiram_presence,Thiram Presence,5,485,885.0,0
shap_feature_selection_extratrees_p1_20260529_182607,P1_thiram_presence,Thiram Presence,5,486,886.0,0
shap_feature_selection_extratrees_p1_20260529_182607,P1_thiram_presence,Thiram Presence,5,487,887.0,0
shap_feature_selection_extratrees_p1_20260529_182607,P1_thiram_presence,Thiram Presence,5,488,888.0,0
shap_feature_selection_extratrees_p1_20260529_182607,P1_thiram_presence,Thiram Presence,5,489,889.0,0
shap_feature_selection_extratrees_p1_20260529_182607,P1_thiram_presence,Thiram Presence,5,490,890.0,0
shap_feature_selection_extratrees_p1_20260529_182607,P1_thiram_presence,Thiram Presence,5,491,891.0,0
shap_feature_selection_extratrees_p1_20260529_182607,P1_thiram_presence,Thiram Presence,5,492,892.0,0
shap_feature_selection_extratrees_p1_20260529_182607,P1_thiram_presence,Thiram Presence,5,493,893.0,0
shap_feature_selection_extratrees_p1_20260529_182607,P1_thiram_presence,Thiram Presence,5,494,894.0,0
shap_feature_selection_extratrees_p1_20260529_182607,P1_thiram_presence,Thiram Presence,5,495,895.0,0
shap_feature_selection_extratrees_p1_20260529_182607,P1_thiram_presence,Thiram Presence,5,496,896.0,0
shap_feature_selection_extratrees_p1_20260529_182607,P1_thiram_presence,Thiram Presence,5,497,897.0,0
shap_feature_selection_extratrees_p1_20260529_182607,P1_thiram_presence,Thiram Presence,5,498,898.0,0
shap_feature_selection_extratrees_p1_20260529_182607,P1_thiram_presence,Thiram Presence,5,499,899.0,0
shap_feature_selection_extratrees_p1_20260529_182607,P1_thiram_presence,Thiram Presence,5,500,900.0,0
shap_feature_selection_extratrees_p1_20260529_182607,P1_thiram_presence,Thiram Presence,5,501,901.0,0
shap_feature_selection_extratrees_p1_20260529_182607,P1_thiram_presence,Thiram Presence,5,502,902.0,0
shap_feature_selection_extratrees_p1_20260529_182607,P1_thiram_presence,Thiram Presence,5,503,903.0,0
shap_feature_selection_extratrees_p1_20260529_182607,P1_thiram_presence,Thiram Presence,5,504,904.0,0
shap_feature_selection_extratrees_p1_20260529_182607,P1_thiram_presence,Thiram Presence,5,505,905.0,0
shap_feature_selection_extratrees_p1_20260529_182607,P1_thiram_presence,Thiram Presence,5,506,906.0,0
shap_feature_selection_extratrees_p1_20260529_182607,P1_thiram_presence,Thiram Presence,5,507,907.0,0
shap_feature_selection_extratrees_p1_20260529_182607,P1_thiram_presence,Thiram Presence,5,508,908.0,0
shap_feature_selection_extratrees_p1_20260529_182607,P1_thiram_presence,Thiram Presence,5,509,909.0,0
shap_feature_selection_extratrees_p1_20260529_182607,P1_thiram_presence,Thiram Presence,5,510,910.0,0
shap_feature_selection_extratrees_p1_20260529_182607,P1_thiram_presence,Thiram Presence,5,511,911.0,0
shap_feature_selection_extratrees_p1_20260529_182607,P1_thiram_presence,Thiram Presence,5,512,912.0,0
shap_feature_selection_extratrees_p1_20260529_182607,P1_thiram_presence,Thiram Presence,5,513,913.0,0
shap_feature_selection_extratrees_p1_20260529_182607,P1_thiram_presence,Thiram Presence,5,514,914.0,0
shap_feature_selection_extratrees_p1_20260529_182607,P1_thiram_presence,Thiram Presence,5,515,915.0,0
shap_feature_selection_extratrees_p1_20260529_182607,P1_thiram_presence,Thiram Presence,5,516,916.0,1
shap_feature_selection_extratrees_p1_20260529_182607,P1_thiram_presence,Thiram Presence,5,517,917.0,1
shap_feature_selection_extratrees_p1_20260529_182607,P1_thiram_presence,Thiram Presence,5,518,918.0,1
shap_feature_selection_extratrees_p1_20260529_182607,P1_thiram_presence,Thiram Presence,5,519,919.0,1
shap_feature_selection_extratrees_p1_20260529_182607,P1_thiram_presence,Thiram Presence,5,520,920.0,1
shap_feature_selection_extratrees_p1_20260529_182607,P1_thiram_presence,Thiram Presence,5,521,921.0,1
shap_feature_selection_extratrees_p1_20260529_182607,P1_thiram_presence,Thiram Presence,5,522,922.0,1
shap_feature_selection_extratrees_p1_20260529_182607,P1_thiram_presence,Thiram Presence,5,523,923.0,1
shap_feature_selection_extratrees_p1_20260529_182607,P1_thiram_presence,Thiram Presence,5,524,924.0,1
shap_feature_selection_extratrees_p1_20260529_182607,P1_thiram_presence,Thiram Presence,5,525,925.0,1
shap_feature_selection_extratrees_p1_20260529_182607,P1_thiram_presence,Thiram Presence,5,526,926.0,1
shap_feature_selection_extratrees_p1_20260529_182607,P1_thiram_presence,Thiram Presence,5,527,927.0,0
shap_feature_selection_extratrees_p1_20260529_182607,P1_thiram_presence,Thiram Presence,5,528,928.0,0
shap_feature_selection_extratrees_p1_20260529_182607,P1_thiram_presence,Thiram Presence,5,529,929.0,0
shap_feature_selection_extratrees_p1_20260529_182607,P1_thiram_presence,Thiram Presence,5,530,930.0,0
shap_feature_selection_extratrees_p1_20260529_182607,P1_thiram_presence,Thiram Presence,5,531,931.0,0
shap_feature_selection_extratrees_p1_20260529_182607,P1_thiram_presence,Thiram Presence,5,532,932.0,0
shap_feature_selection_extratrees_p1_20260529_182607,P1_thiram_presence,Thiram Presence,5,533,933.0,0
shap_feature_selection_extratrees_p1_20260529_182607,P1_thiram_presence,Thiram Presence,5,534,934.0,0
shap_feature_selection_extratrees_p1_20260529_182607,P1_thiram_presence,Thiram Presence,5,535,935.0,0
shap_feature_selection_extratrees_p1_20260529_182607,P1_thiram_presence,Thiram Presence,5,536,936.0,0
shap_feature_selection_extratrees_p1_20260529_182607,P1_thiram_presence,Thiram Presence,5,537,937.0,0
shap_feature_selection_extratrees_p1_20260529_182607,P1_thiram_presence,Thiram Presence,5,538,938.0,0
shap_feature_selection_extratrees_p1_20260529_182607,P1_thiram_presence,Thiram Presence,5,539,939.0,0
shap_feature_selection_extratrees_p1_20260529_182607,P1_thiram_presence,Thiram Presence,5,540,940.0,0
shap_feature_selection_extratrees_p1_20260529_182607,P1_thiram_presence,Thiram Presence,5,541,941.0,0
shap_feature_selection_extratrees_p1_20260529_182607,P1_thiram_presence,Thiram Presence,5,542,942.0,0
shap_feature_selection_extratrees_p1_20260529_182607,P1_thiram_presence,Thiram Presence,5,543,943.0,0
shap_feature_selection_extratrees_p1_20260529_182607,P1_thiram_presence,Thiram Presence,5,544,944.0,0
shap_feature_selection_extratrees_p1_20260529_182607,P1_thiram_presence,Thiram Presence,5,545,945.0,0
shap_feature_selection_extratrees_p1_20260529_182607,P1_thiram_presence,Thiram Presence,5,546,946.0,0
shap_feature_selection_extratrees_p1_20260529_182607,P1_thiram_presence,Thiram Presence,5,547,947.0,0
shap_feature_selection_extratrees_p1_20260529_182607,P1_thiram_presence,Thiram Presence,5,548,948.0,0
shap_feature_selection_extratrees_p1_20260529_182607,P1_thiram_presence,Thiram Presence,5,549,949.0,0
shap_feature_selection_extratrees_p1_20260529_182607,P1_thiram_presence,Thiram Presence,5,550,950.0,0
shap_feature_selection_extratrees_p1_20260529_182607,P1_thiram_presence,Thiram Presence,5,551,951.0,0
shap_feature_selection_extratrees_p1_20260529_182607,P1_thiram_presence,Thiram Presence,5,552,952.0,0
shap_feature_selection_extratrees_p1_20260529_182607,P1_thiram_presence,Thiram Presence,5,553,953.0,0
shap_feature_selection_extratrees_p1_20260529_182607,P1_thiram_presence,Thiram Presence,5,554,954.0,0
shap_feature_selection_extratrees_p1_20260529_182607,P1_thiram_presence,Thiram Presence,5,555,955.0,0
shap_feature_selection_extratrees_p1_20260529_182607,P1_thiram_presence,Thiram Presence,5,556,956.0,0
shap_feature_selection_extratrees_p1_20260529_182607,P1_thiram_presence,Thiram Presence,5,557,957.0,0
shap_feature_selection_extratrees_p1_20260529_182607,P1_thiram_presence,Thiram Presence,5,558,958.0,0
shap_feature_selection_extratrees_p1_20260529_182607,P1_thiram_presence,Thiram Presence,5,559,959.0,0
shap_feature_selection_extratrees_p1_20260529_182607,P1_thiram_presence,Thiram Presence,5,560,960.0,0
shap_feature_selection_extratrees_p1_20260529_182607,P1_thiram_presence,Thiram Presence,5,561,961.0,0
shap_feature_selection_extratrees_p1_20260529_182607,P1_thiram_presence,Thiram Presence,5,562,962.0,0
shap_feature_selection_extratrees_p1_20260529_182607,P1_thiram_presence,Thiram Presence,5,563,963.0,0
shap_feature_selection_extratrees_p1_20260529_182607,P1_thiram_presence,Thiram Presence,5,564,964.0,0
shap_feature_selection_extratrees_p1_20260529_182607,P1_thiram_presence,Thiram Presence,5,565,965.0,0
shap_feature_selection_extratrees_p1_20260529_182607,P1_thiram_presence,Thiram Presence,5,566,966.0,0
shap_feature_selection_extratrees_p1_20260529_182607,P1_thiram_presence,Thiram Presence,5,567,967.0,0
shap_feature_selection_extratrees_p1_20260529_182607,P1_thiram_presence,Thiram Presence,5,568,968.0,0
shap_feature_selection_extratrees_p1_20260529_182607,P1_thiram_presence,Thiram Presence,5,569,969.0,0
shap_feature_selection_extratrees_p1_20260529_182607,P1_thiram_presence,Thiram Presence,5,570,970.0,0
shap_feature_selection_extratrees_p1_20260529_182607,P1_thiram_presence,Thiram Presence,5,571,971.0,0
shap_feature_selection_extratrees_p1_20260529_182607,P1_thiram_presence,Thiram Presence,5,572,972.0,0
shap_feature_selection_extratrees_p1_20260529_182607,P1_thiram_presence,Thiram Presence,5,573,973.0,0
shap_feature_selection_extratrees_p1_20260529_182607,P1_thiram_presence,Thiram Presence,5,574,974.0,0
shap_feature_selection_extratrees_p1_20260529_182607,P1_thiram_presence,Thiram Presence,5,575,975.0,0
shap_feature_selection_extratrees_p1_20260529_182607,P1_thiram_presence,Thiram Presence,5,576,976.0,0
shap_feature_selection_extratrees_p1_20260529_182607,P1_thiram_presence,Thiram Presence,5,577,977.0,0
shap_feature_selection_extratrees_p1_20260529_182607,P1_thiram_presence,Thiram Presence,5,578,978.0,0
shap_feature_selection_extratrees_p1_20260529_182607,P1_thiram_presence,Thiram Presence,5,579,979.0,0
shap_feature_selection_extratrees_p1_20260529_182607,P1_thiram_presence,Thiram Presence,5,580,980.0,0
shap_feature_selection_extratrees_p1_20260529_182607,P1_thiram_presence,Thiram Presence,5,581,981.0,0
shap_feature_selection_extratrees_p1_20260529_182607,P1_thiram_presence,Thiram Presence,5,582,982.0,0
shap_feature_selection_extratrees_p1_20260529_182607,P1_thiram_presence,Thiram Presence,5,583,983.0,0
shap_feature_selection_extratrees_p1_20260529_182607,P1_thiram_presence,Thiram Presence,5,584,984.0,0
shap_feature_selection_extratrees_p1_20260529_182607,P1_thiram_presence,Thiram Presence,5,585,985.0,0
shap_feature_selection_extratrees_p1_20260529_182607,P1_thiram_presence,Thiram Presence,5,586,986.0,0
shap_feature_selection_extratrees_p1_20260529_182607,P1_thiram_presence,Thiram Presence,5,587,987.0,0
shap_feature_selection_extratrees_p1_20260529_182607,P1_thiram_presence,Thiram Presence,5,588,988.0,0
shap_feature_selection_extratrees_p1_20260529_182607,P1_thiram_presence,Thiram Presence,5,589,989.0,0
shap_feature_selection_extratrees_p1_20260529_182607,P1_thiram_presence,Thiram Presence,5,590,990.0,0
shap_feature_selection_extratrees_p1_20260529_182607,P1_thiram_presence,Thiram Presence,5,591,991.0,0
shap_feature_selection_extratrees_p1_20260529_182607,P1_thiram_presence,Thiram Presence,5,592,992.0,0
shap_feature_selection_extratrees_p1_20260529_182607,P1_thiram_presence,Thiram Presence,5,593,993.0,0
shap_feature_selection_extratrees_p1_20260529_182607,P1_thiram_presence,Thiram Presence,5,594,994.0,0
shap_feature_selection_extratrees_p1_20260529_182607,P1_thiram_presence,Thiram Presence,5,595,995.0,0
shap_feature_selection_extratrees_p1_20260529_182607,P1_thiram_presence,Thiram Presence,5,596,996.0,0
shap_feature_selection_extratrees_p1_20260529_182607,P1_thiram_presence,Thiram Presence,5,597,997.0,0
shap_feature_selection_extratrees_p1_20260529_182607,P1_thiram_presence,Thiram Presence,5,598,998.0,0
shap_feature_selection_extratrees_p1_20260529_182607,P1_thiram_presence,Thiram Presence,5,599,999.0,0
shap_feature_selection_extratrees_p1_20260529_182607,P1_thiram_presence,Thiram Presence,5,600,1000.0,0
shap_feature_selection_extratrees_p1_20260529_182607,P1_thiram_presence,Thiram Presence,5,601,1001.0,0
shap_feature_selection_extratrees_p1_20260529_182607,P1_thiram_presence,Thiram Presence,5,602,1002.0,0
shap_feature_selection_extratrees_p1_20260529_182607,P1_thiram_presence,Thiram Presence,5,603,1003.0,0
shap_feature_selection_extratrees_p1_20260529_182607,P1_thiram_presence,Thiram Presence,5,604,1004.0,0
shap_feature_selection_extratrees_p1_20260529_182607,P1_thiram_presence,Thiram Presence,5,605,1005.0,0
shap_feature_selection_extratrees_p1_20260529_182607,P1_thiram_presence,Thiram Presence,5,606,1006.0,0
shap_feature_selection_extratrees_p1_20260529_182607,P1_thiram_presence,Thiram Presence,5,607,1007.0,0
shap_feature_selection_extratrees_p1_20260529_182607,P1_thiram_presence,Thiram Presence,5,608,1008.0,0
shap_feature_selection_extratrees_p1_20260529_182607,P1_thiram_presence,Thiram Presence,5,609,1009.0,0
shap_feature_selection_extratrees_p1_20260529_182607,P1_thiram_presence,Thiram Presence,5,610,1010.0,0
shap_feature_selection_extratrees_p1_20260529_182607,P1_thiram_presence,Thiram Presence,5,611,1011.0,0
shap_feature_selection_extratrees_p1_20260529_182607,P1_thiram_presence,Thiram Presence,5,612,1012.0,0
shap_feature_selection_extratrees_p1_20260529_182607,P1_thiram_presence,Thiram Presence,5,613,1013.0,0
shap_feature_selection_extratrees_p1_20260529_182607,P1_thiram_presence,Thiram Presence,5,614,1014.0,0
shap_feature_selection_extratrees_p1_20260529_182607,P1_thiram_presence,Thiram Presence,5,615,1015.0,0
shap_feature_selection_extratrees_p1_20260529_182607,P1_thiram_presence,Thiram Presence,5,616,1016.0,0
shap_feature_selection_extratrees_p1_20260529_182607,P1_thiram_presence,Thiram Presence,5,617,1017.0,0
shap_feature_selection_extratrees_p1_20260529_182607,P1_thiram_presence,Thiram Presence,5,618,1018.0,0
shap_feature_selection_extratrees_p1_20260529_182607,P1_thiram_presence,Thiram Presence,5,619,1019.0,0
shap_feature_selection_extratrees_p1_20260529_182607,P1_thiram_presence,Thiram Presence,5,620,1020.0,0
shap_feature_selection_extratrees_p1_20260529_182607,P1_thiram_presence,Thiram Presence,5,621,1021.0,0
shap_feature_selection_extratrees_p1_20260529_182607,P1_thiram_presence,Thiram Presence,5,622,1022.0,0
shap_feature_selection_extratrees_p1_20260529_182607,P1_thiram_presence,Thiram Presence,5,623,1023.0,0
shap_feature_selection_extratrees_p1_20260529_182607,P1_thiram_presence,Thiram Presence,5,624,1024.0,0
shap_feature_selection_extratrees_p1_20260529_182607,P1_thiram_presence,Thiram Presence,5,625,1025.0,0
shap_feature_selection_extratrees_p1_20260529_182607,P1_thiram_presence,Thiram Presence,5,626,1026.0,0
shap_feature_selection_extratrees_p1_20260529_182607,P1_thiram_presence,Thiram Presence,5,627,1027.0,0
shap_feature_selection_extratrees_p1_20260529_182607,P1_thiram_presence,Thiram Presence,5,628,1028.0,0
shap_feature_selection_extratrees_p1_20260529_182607,P1_thiram_presence,Thiram Presence,5,629,1029.0,0
shap_feature_selection_extratrees_p1_20260529_182607,P1_thiram_presence,Thiram Presence,5,630,1030.0,0
shap_feature_selection_extratrees_p1_20260529_182607,P1_thiram_presence,Thiram Presence,5,631,1031.0,0
shap_feature_selection_extratrees_p1_20260529_182607,P1_thiram_presence,Thiram Presence,5,632,1032.0,0
shap_feature_selection_extratrees_p1_20260529_182607,P1_thiram_presence,Thiram Presence,5,633,1033.0,0
shap_feature_selection_extratrees_p1_20260529_182607,P1_thiram_presence,Thiram Presence,5,634,1034.0,0
shap_feature_selection_extratrees_p1_20260529_182607,P1_thiram_presence,Thiram Presence,5,635,1035.0,0
shap_feature_selection_extratrees_p1_20260529_182607,P1_thiram_presence,Thiram Presence,5,636,1036.0,0
shap_feature_selection_extratrees_p1_20260529_182607,P1_thiram_presence,Thiram Presence,5,637,1037.0,0
shap_feature_selection_extratrees_p1_20260529_182607,P1_thiram_presence,Thiram Presence,5,638,1038.0,0
shap_feature_selection_extratrees_p1_20260529_182607,P1_thiram_presence,Thiram Presence,5,639,1039.0,0
shap_feature_selection_extratrees_p1_20260529_182607,P1_thiram_presence,Thiram Presence,5,640,1040.0,0
shap_feature_selection_extratrees_p1_20260529_182607,P1_thiram_presence,Thiram Presence,5,641,1041.0,0
shap_feature_selection_extratrees_p1_20260529_182607,P1_thiram_presence,Thiram Presence,5,642,1042.0,0
shap_feature_selection_extratrees_p1_20260529_182607,P1_thiram_presence,Thiram Presence,5,643,1043.0,0
shap_feature_selection_extratrees_p1_20260529_182607,P1_thiram_presence,Thiram Presence,5,644,1044.0,0
shap_feature_selection_extratrees_p1_20260529_182607,P1_thiram_presence,Thiram Presence,5,645,1045.0,0
shap_feature_selection_extratrees_p1_20260529_182607,P1_thiram_presence,Thiram Presence,5,646,1046.0,0
shap_feature_selection_extratrees_p1_20260529_182607,P1_thiram_presence,Thiram Presence,5,647,1047.0,0
shap_feature_selection_extratrees_p1_20260529_182607,P1_thiram_presence,Thiram Presence,5,648,1048.0,0
shap_feature_selection_extratrees_p1_20260529_182607,P1_thiram_presence,Thiram Presence,5,649,1049.0,0
shap_feature_selection_extratrees_p1_20260529_182607,P1_thiram_presence,Thiram Presence,5,650,1050.0,0
shap_feature_selection_extratrees_p1_20260529_182607,P1_thiram_presence,Thiram Presence,5,651,1051.0,0
shap_feature_selection_extratrees_p1_20260529_182607,P1_thiram_presence,Thiram Presence,5,652,1052.0,0
shap_feature_selection_extratrees_p1_20260529_182607,P1_thiram_presence,Thiram Presence,5,653,1053.0,0
shap_feature_selection_extratrees_p1_20260529_182607,P1_thiram_presence,Thiram Presence,5,654,1054.0,0
shap_feature_selection_extratrees_p1_20260529_182607,P1_thiram_presence,Thiram Presence,5,655,1055.0,0
shap_feature_selection_extratrees_p1_20260529_182607,P1_thiram_presence,Thiram Presence,5,656,1056.0,0
shap_feature_selection_extratrees_p1_20260529_182607,P1_thiram_presence,Thiram Presence,5,657,1057.0,0
shap_feature_selection_extratrees_p1_20260529_182607,P1_thiram_presence,Thiram Presence,5,658,1058.0,0
shap_feature_selection_extratrees_p1_20260529_182607,P1_thiram_presence,Thiram Presence,5,659,1059.0,0
shap_feature_selection_extratrees_p1_20260529_182607,P1_thiram_presence,Thiram Presence,5,660,1060.0,0
shap_feature_selection_extratrees_p1_20260529_182607,P1_thiram_presence,Thiram Presence,5,661,1061.0,0
shap_feature_selection_extratrees_p1_20260529_182607,P1_thiram_presence,Thiram Presence,5,662,1062.0,1
shap_feature_selection_extratrees_p1_20260529_182607,P1_thiram_presence,Thiram Presence,5,663,1063.0,0
shap_feature_selection_extratrees_p1_20260529_182607,P1_thiram_presence,Thiram Presence,5,664,1064.0,0
shap_feature_selection_extratrees_p1_20260529_182607,P1_thiram_presence,Thiram Presence,5,665,1065.0,0
shap_feature_selection_extratrees_p1_20260529_182607,P1_thiram_presence,Thiram Presence,5,666,1066.0,0
shap_feature_selection_extratrees_p1_20260529_182607,P1_thiram_presence,Thiram Presence,5,667,1067.0,0
shap_feature_selection_extratrees_p1_20260529_182607,P1_thiram_presence,Thiram Presence,5,668,1068.0,0
shap_feature_selection_extratrees_p1_20260529_182607,P1_thiram_presence,Thiram Presence,5,669,1069.0,0
shap_feature_selection_extratrees_p1_20260529_182607,P1_thiram_presence,Thiram Presence,5,670,1070.0,0
shap_feature_selection_extratrees_p1_20260529_182607,P1_thiram_presence,Thiram Presence,5,671,1071.0,0
shap_feature_selection_extratrees_p1_20260529_182607,P1_thiram_presence,Thiram Presence,5,672,1072.0,0
shap_feature_selection_extratrees_p1_20260529_182607,P1_thiram_presence,Thiram Presence,5,673,1073.0,0
shap_feature_selection_extratrees_p1_20260529_182607,P1_thiram_presence,Thiram Presence,5,674,1074.0,0
shap_feature_selection_extratrees_p1_20260529_182607,P1_thiram_presence,Thiram Presence,5,675,1075.0,0
shap_feature_selection_extratrees_p1_20260529_182607,P1_thiram_presence,Thiram Presence,5,676,1076.0,0
shap_feature_selection_extratrees_p1_20260529_182607,P1_thiram_presence,Thiram Presence,5,677,1077.0,0
shap_feature_selection_extratrees_p1_20260529_182607,P1_thiram_presence,Thiram Presence,5,678,1078.0,0
shap_feature_selection_extratrees_p1_20260529_182607,P1_thiram_presence,Thiram Presence,5,679,1079.0,0
shap_feature_selection_extratrees_p1_20260529_182607,P1_thiram_presence,Thiram Presence,5,680,1080.0,0
shap_feature_selection_extratrees_p1_20260529_182607,P1_thiram_presence,Thiram Presence,5,681,1081.0,0
shap_feature_selection_extratrees_p1_20260529_182607,P1_thiram_presence,Thiram Presence,5,682,1082.0,0
shap_feature_selection_extratrees_p1_20260529_182607,P1_thiram_presence,Thiram Presence,5,683,1083.0,0
shap_feature_selection_extratrees_p1_20260529_182607,P1_thiram_presence,Thiram Presence,5,684,1084.0,0
shap_feature_selection_extratrees_p1_20260529_182607,P1_thiram_presence,Thiram Presence,5,685,1085.0,0
shap_feature_selection_extratrees_p1_20260529_182607,P1_thiram_presence,Thiram Presence,5,686,1086.0,0
shap_feature_selection_extratrees_p1_20260529_182607,P1_thiram_presence,Thiram Presence,5,687,1087.0,0
shap_feature_selection_extratrees_p1_20260529_182607,P1_thiram_presence,Thiram Presence,5,688,1088.0,0
shap_feature_selection_extratrees_p1_20260529_182607,P1_thiram_presence,Thiram Presence,5,689,1089.0,0
shap_feature_selection_extratrees_p1_20260529_182607,P1_thiram_presence,Thiram Presence,5,690,1090.0,0
shap_feature_selection_extratrees_p1_20260529_182607,P1_thiram_presence,Thiram Presence,5,691,1091.0,0
shap_feature_selection_extratrees_p1_20260529_182607,P1_thiram_presence,Thiram Presence,5,692,1092.0,0
shap_feature_selection_extratrees_p1_20260529_182607,P1_thiram_presence,Thiram Presence,5,693,1093.0,0
shap_feature_selection_extratrees_p1_20260529_182607,P1_thiram_presence,Thiram Presence,5,694,1094.0,0
shap_feature_selection_extratrees_p1_20260529_182607,P1_thiram_presence,Thiram Presence,5,695,1095.0,0
shap_feature_selection_extratrees_p1_20260529_182607,P1_thiram_presence,Thiram Presence,5,696,1096.0,0
shap_feature_selection_extratrees_p1_20260529_182607,P1_thiram_presence,Thiram Presence,5,697,1097.0,0
shap_feature_selection_extratrees_p1_20260529_182607,P1_thiram_presence,Thiram Presence,5,698,1098.0,0
shap_feature_selection_extratrees_p1_20260529_182607,P1_thiram_presence,Thiram Presence,5,699,1099.0,0
shap_feature_selection_extratrees_p1_20260529_182607,P1_thiram_presence,Thiram Presence,5,700,1100.0,0
shap_feature_selection_extratrees_p1_20260529_182607,P1_thiram_presence,Thiram Presence,5,701,1101.0,0
shap_feature_selection_extratrees_p1_20260529_182607,P1_thiram_presence,Thiram Presence,5,702,1102.0,0
shap_feature_selection_extratrees_p1_20260529_182607,P1_thiram_presence,Thiram Presence,5,703,1103.0,0
shap_feature_selection_extratrees_p1_20260529_182607,P1_thiram_presence,Thiram Presence,5,704,1104.0,0
shap_feature_selection_extratrees_p1_20260529_182607,P1_thiram_presence,Thiram Presence,5,705,1105.0,0
shap_feature_selection_extratrees_p1_20260529_182607,P1_thiram_presence,Thiram Presence,5,706,1106.0,0
shap_feature_selection_extratrees_p1_20260529_182607,P1_thiram_presence,Thiram Presence,5,707,1107.0,0
shap_feature_selection_extratrees_p1_20260529_182607,P1_thiram_presence,Thiram Presence,5,708,1108.0,0
shap_feature_selection_extratrees_p1_20260529_182607,P1_thiram_presence,Thiram Presence,5,709,1109.0,0
shap_feature_selection_extratrees_p1_20260529_182607,P1_thiram_presence,Thiram Presence,5,710,1110.0,0
shap_feature_selection_extratrees_p1_20260529_182607,P1_thiram_presence,Thiram Presence,5,711,1111.0,0
shap_feature_selection_extratrees_p1_20260529_182607,P1_thiram_presence,Thiram Presence,5,712,1112.0,0
shap_feature_selection_extratrees_p1_20260529_182607,P1_thiram_presence,Thiram Presence,5,713,1113.0,0
shap_feature_selection_extratrees_p1_20260529_182607,P1_thiram_presence,Thiram Presence,5,714,1114.0,0
shap_feature_selection_extratrees_p1_20260529_182607,P1_thiram_presence,Thiram Presence,5,715,1115.0,0
shap_feature_selection_extratrees_p1_20260529_182607,P1_thiram_presence,Thiram Presence,5,716,1116.0,0
shap_feature_selection_extratrees_p1_20260529_182607,P1_thiram_presence,Thiram Presence,5,717,1117.0,0
shap_feature_selection_extratrees_p1_20260529_182607,P1_thiram_presence,Thiram Presence,5,718,1118.0,0
shap_feature_selection_extratrees_p1_20260529_182607,P1_thiram_presence,Thiram Presence,5,719,1119.0,0
shap_feature_selection_extratrees_p1_20260529_182607,P1_thiram_presence,Thiram Presence,5,720,1120.0,0
shap_feature_selection_extratrees_p1_20260529_182607,P1_thiram_presence,Thiram Presence,5,721,1121.0,0
shap_feature_selection_extratrees_p1_20260529_182607,P1_thiram_presence,Thiram Presence,5,722,1122.0,0
shap_feature_selection_extratrees_p1_20260529_182607,P1_thiram_presence,Thiram Presence,5,723,1123.0,0
shap_feature_selection_extratrees_p1_20260529_182607,P1_thiram_presence,Thiram Presence,5,724,1124.0,0
shap_feature_selection_extratrees_p1_20260529_182607,P1_thiram_presence,Thiram Presence,5,725,1125.0,1
shap_feature_selection_extratrees_p1_20260529_182607,P1_thiram_presence,Thiram Presence,5,726,1126.0,0
shap_feature_selection_extratrees_p1_20260529_182607,P1_thiram_presence,Thiram Presence,5,727,1127.0,1
shap_feature_selection_extratrees_p1_20260529_182607,P1_thiram_presence,Thiram Presence,5,728,1128.0,0
shap_feature_selection_extratrees_p1_20260529_182607,P1_thiram_presence,Thiram Presence,5,729,1129.0,0
shap_feature_selection_extratrees_p1_20260529_182607,P1_thiram_presence,Thiram Presence,5,730,1130.0,0
shap_feature_selection_extratrees_p1_20260529_182607,P1_thiram_presence,Thiram Presence,5,731,1131.0,1
shap_feature_selection_extratrees_p1_20260529_182607,P1_thiram_presence,Thiram Presence,5,732,1132.0,0
shap_feature_selection_extratrees_p1_20260529_182607,P1_thiram_presence,Thiram Presence,5,733,1133.0,0
shap_feature_selection_extratrees_p1_20260529_182607,P1_thiram_presence,Thiram Presence,5,734,1134.0,0
shap_feature_selection_extratrees_p1_20260529_182607,P1_thiram_presence,Thiram Presence,5,735,1135.0,0
shap_feature_selection_extratrees_p1_20260529_182607,P1_thiram_presence,Thiram Presence,5,736,1136.0,0
shap_feature_selection_extratrees_p1_20260529_182607,P1_thiram_presence,Thiram Presence,5,737,1137.0,0
shap_feature_selection_extratrees_p1_20260529_182607,P1_thiram_presence,Thiram Presence,5,738,1138.0,0
shap_feature_selection_extratrees_p1_20260529_182607,P1_thiram_presence,Thiram Presence,5,739,1139.0,0
shap_feature_selection_extratrees_p1_20260529_182607,P1_thiram_presence,Thiram Presence,5,740,1140.0,0
shap_feature_selection_extratrees_p1_20260529_182607,P1_thiram_presence,Thiram Presence,5,741,1141.0,0
shap_feature_selection_extratrees_p1_20260529_182607,P1_thiram_presence,Thiram Presence,5,742,1142.0,0
shap_feature_selection_extratrees_p1_20260529_182607,P1_thiram_presence,Thiram Presence,5,743,1143.0,1
shap_feature_selection_extratrees_p1_20260529_182607,P1_thiram_presence,Thiram Presence,5,744,1144.0,0
shap_feature_selection_extratrees_p1_20260529_182607,P1_thiram_presence,Thiram Presence,5,745,1145.0,0
shap_feature_selection_extratrees_p1_20260529_182607,P1_thiram_presence,Thiram Presence,5,746,1146.0,0
shap_feature_selection_extratrees_p1_20260529_182607,P1_thiram_presence,Thiram Presence,5,747,1147.0,0
shap_feature_selection_extratrees_p1_20260529_182607,P1_thiram_presence,Thiram Presence,5,748,1148.0,0
shap_feature_selection_extratrees_p1_20260529_182607,P1_thiram_presence,Thiram Presence,5,749,1149.0,0
shap_feature_selection_extratrees_p1_20260529_182607,P1_thiram_presence,Thiram Presence,5,750,1150.0,0
shap_feature_selection_extratrees_p1_20260529_182607,P1_thiram_presence,Thiram Presence,5,751,1151.0,0
shap_feature_selection_extratrees_p1_20260529_182607,P1_thiram_presence,Thiram Presence,5,752,1152.0,0
shap_feature_selection_extratrees_p1_20260529_182607,P1_thiram_presence,Thiram Presence,5,753,1153.0,0
shap_feature_selection_extratrees_p1_20260529_182607,P1_thiram_presence,Thiram Presence,5,754,1154.0,0
shap_feature_selection_extratrees_p1_20260529_182607,P1_thiram_presence,Thiram Presence,5,755,1155.0,0
shap_feature_selection_extratrees_p1_20260529_182607,P1_thiram_presence,Thiram Presence,5,756,1156.0,0
shap_feature_selection_extratrees_p1_20260529_182607,P1_thiram_presence,Thiram Presence,5,757,1157.0,0
shap_feature_selection_extratrees_p1_20260529_182607,P1_thiram_presence,Thiram Presence,5,758,1158.0,0
shap_feature_selection_extratrees_p1_20260529_182607,P1_thiram_presence,Thiram Presence,5,759,1159.0,0
shap_feature_selection_extratrees_p1_20260529_182607,P1_thiram_presence,Thiram Presence,5,760,1160.0,0
shap_feature_selection_extratrees_p1_20260529_182607,P1_thiram_presence,Thiram Presence,5,761,1161.0,0
shap_feature_selection_extratrees_p1_20260529_182607,P1_thiram_presence,Thiram Presence,5,762,1162.0,0
shap_feature_selection_extratrees_p1_20260529_182607,P1_thiram_presence,Thiram Presence,5,763,1163.0,0
shap_feature_selection_extratrees_p1_20260529_182607,P1_thiram_presence,Thiram Presence,5,764,1164.0,0
shap_feature_selection_extratrees_p1_20260529_182607,P1_thiram_presence,Thiram Presence,5,765,1165.0,0
shap_feature_selection_extratrees_p1_20260529_182607,P1_thiram_presence,Thiram Presence,5,766,1166.0,0
shap_feature_selection_extratrees_p1_20260529_182607,P1_thiram_presence,Thiram Presence,5,767,1167.0,0
shap_feature_selection_extratrees_p1_20260529_182607,P1_thiram_presence,Thiram Presence,5,768,1168.0,0
shap_feature_selection_extratrees_p1_20260529_182607,P1_thiram_presence,Thiram Presence,5,769,1169.0,0
shap_feature_selection_extratrees_p1_20260529_182607,P1_thiram_presence,Thiram Presence,5,770,1170.0,0
shap_feature_selection_extratrees_p1_20260529_182607,P1_thiram_presence,Thiram Presence,5,771,1171.0,0
shap_feature_selection_extratrees_p1_20260529_182607,P1_thiram_presence,Thiram Presence,5,772,1172.0,0
shap_feature_selection_extratrees_p1_20260529_182607,P1_thiram_presence,Thiram Presence,5,773,1173.0,0
shap_feature_selection_extratrees_p1_20260529_182607,P1_thiram_presence,Thiram Presence,5,774,1174.0,0
shap_feature_selection_extratrees_p1_20260529_182607,P1_thiram_presence,Thiram Presence,5,775,1175.0,0
shap_feature_selection_extratrees_p1_20260529_182607,P1_thiram_presence,Thiram Presence,5,776,1176.0,0
shap_feature_selection_extratrees_p1_20260529_182607,P1_thiram_presence,Thiram Presence,5,777,1177.0,0
shap_feature_selection_extratrees_p1_20260529_182607,P1_thiram_presence,Thiram Presence,5,778,1178.0,0
shap_feature_selection_extratrees_p1_20260529_182607,P1_thiram_presence,Thiram Presence,5,779,1179.0,0
shap_feature_selection_extratrees_p1_20260529_182607,P1_thiram_presence,Thiram Presence,5,780,1180.0,0
shap_feature_selection_extratrees_p1_20260529_182607,P1_thiram_presence,Thiram Presence,5,781,1181.0,0
shap_feature_selection_extratrees_p1_20260529_182607,P1_thiram_presence,Thiram Presence,5,782,1182.0,0
shap_feature_selection_extratrees_p1_20260529_182607,P1_thiram_presence,Thiram Presence,5,783,1183.0,0
shap_feature_selection_extratrees_p1_20260529_182607,P1_thiram_presence,Thiram Presence,5,784,1184.0,0
shap_feature_selection_extratrees_p1_20260529_182607,P1_thiram_presence,Thiram Presence,5,785,1185.0,0
shap_feature_selection_extratrees_p1_20260529_182607,P1_thiram_presence,Thiram Presence,5,786,1186.0,0
shap_feature_selection_extratrees_p1_20260529_182607,P1_thiram_presence,Thiram Presence,5,787,1187.0,0
shap_feature_selection_extratrees_p1_20260529_182607,P1_thiram_presence,Thiram Presence,5,788,1188.0,0
shap_feature_selection_extratrees_p1_20260529_182607,P1_thiram_presence,Thiram Presence,5,789,1189.0,0
shap_feature_selection_extratrees_p1_20260529_182607,P1_thiram_presence,Thiram Presence,5,790,1190.0,0
shap_feature_selection_extratrees_p1_20260529_182607,P1_thiram_presence,Thiram Presence,5,791,1191.0,0
shap_feature_selection_extratrees_p1_20260529_182607,P1_thiram_presence,Thiram Presence,5,792,1192.0,0
shap_feature_selection_extratrees_p1_20260529_182607,P1_thiram_presence,Thiram Presence,5,793,1193.0,0
shap_feature_selection_extratrees_p1_20260529_182607,P1_thiram_presence,Thiram Presence,5,794,1194.0,0
shap_feature_selection_extratrees_p1_20260529_182607,P1_thiram_presence,Thiram Presence,5,795,1195.0,0
shap_feature_selection_extratrees_p1_20260529_182607,P1_thiram_presence,Thiram Presence,5,796,1196.0,0
shap_feature_selection_extratrees_p1_20260529_182607,P1_thiram_presence,Thiram Presence,5,797,1197.0,0
shap_feature_selection_extratrees_p1_20260529_182607,P1_thiram_presence,Thiram Presence,5,798,1198.0,0
shap_feature_selection_extratrees_p1_20260529_182607,P1_thiram_presence,Thiram Presence,5,799,1199.0,0
shap_feature_selection_extratrees_p1_20260529_182607,P1_thiram_presence,Thiram Presence,5,800,1200.0,0
shap_feature_selection_extratrees_p1_20260529_182607,P1_thiram_presence,Thiram Presence,5,801,1201.0,0
shap_feature_selection_extratrees_p1_20260529_182607,P1_thiram_presence,Thiram Presence,5,802,1202.0,0
shap_feature_selection_extratrees_p1_20260529_182607,P1_thiram_presence,Thiram Presence,5,803,1203.0,0
shap_feature_selection_extratrees_p1_20260529_182607,P1_thiram_presence,Thiram Presence,5,804,1204.0,0
shap_feature_selection_extratrees_p1_20260529_182607,P1_thiram_presence,Thiram Presence,5,805,1205.0,0
shap_feature_selection_extratrees_p1_20260529_182607,P1_thiram_presence,Thiram Presence,5,806,1206.0,0
shap_feature_selection_extratrees_p1_20260529_182607,P1_thiram_presence,Thiram Presence,5,807,1207.0,0
shap_feature_selection_extratrees_p1_20260529_182607,P1_thiram_presence,Thiram Presence,5,808,1208.0,0
shap_feature_selection_extratrees_p1_20260529_182607,P1_thiram_presence,Thiram Presence,5,809,1209.0,0
shap_feature_selection_extratrees_p1_20260529_182607,P1_thiram_presence,Thiram Presence,5,810,1210.0,0
shap_feature_selection_extratrees_p1_20260529_182607,P1_thiram_presence,Thiram Presence,5,811,1211.0,0
shap_feature_selection_extratrees_p1_20260529_182607,P1_thiram_presence,Thiram Presence,5,812,1212.0,0
shap_feature_selection_extratrees_p1_20260529_182607,P1_thiram_presence,Thiram Presence,5,813,1213.0,0
shap_feature_selection_extratrees_p1_20260529_182607,P1_thiram_presence,Thiram Presence,5,814,1214.0,0
shap_feature_selection_extratrees_p1_20260529_182607,P1_thiram_presence,Thiram Presence,5,815,1215.0,0
shap_feature_selection_extratrees_p1_20260529_182607,P1_thiram_presence,Thiram Presence,5,816,1216.0,0
shap_feature_selection_extratrees_p1_20260529_182607,P1_thiram_presence,Thiram Presence,5,817,1217.0,0
shap_feature_selection_extratrees_p1_20260529_182607,P1_thiram_presence,Thiram Presence,5,818,1218.0,0
shap_feature_selection_extratrees_p1_20260529_182607,P1_thiram_presence,Thiram Presence,5,819,1219.0,0
shap_feature_selection_extratrees_p1_20260529_182607,P1_thiram_presence,Thiram Presence,5,820,1220.0,0
shap_feature_selection_extratrees_p1_20260529_182607,P1_thiram_presence,Thiram Presence,5,821,1221.0,0
shap_feature_selection_extratrees_p1_20260529_182607,P1_thiram_presence,Thiram Presence,5,822,1222.0,0
shap_feature_selection_extratrees_p1_20260529_182607,P1_thiram_presence,Thiram Presence,5,823,1223.0,0
shap_feature_selection_extratrees_p1_20260529_182607,P1_thiram_presence,Thiram Presence,5,824,1224.0,0
shap_feature_selection_extratrees_p1_20260529_182607,P1_thiram_presence,Thiram Presence,5,825,1225.0,0
shap_feature_selection_extratrees_p1_20260529_182607,P1_thiram_presence,Thiram Presence,5,826,1226.0,0
shap_feature_selection_extratrees_p1_20260529_182607,P1_thiram_presence,Thiram Presence,5,827,1227.0,0
shap_feature_selection_extratrees_p1_20260529_182607,P1_thiram_presence,Thiram Presence,5,828,1228.0,0
shap_feature_selection_extratrees_p1_20260529_182607,P1_thiram_presence,Thiram Presence,5,829,1229.0,0
shap_feature_selection_extratrees_p1_20260529_182607,P1_thiram_presence,Thiram Presence,5,830,1230.0,0
shap_feature_selection_extratrees_p1_20260529_182607,P1_thiram_presence,Thiram Presence,5,831,1231.0,0
shap_feature_selection_extratrees_p1_20260529_182607,P1_thiram_presence,Thiram Presence,5,832,1232.0,0
shap_feature_selection_extratrees_p1_20260529_182607,P1_thiram_presence,Thiram Presence,5,833,1233.0,0
shap_feature_selection_extratrees_p1_20260529_182607,P1_thiram_presence,Thiram Presence,5,834,1234.0,0
shap_feature_selection_extratrees_p1_20260529_182607,P1_thiram_presence,Thiram Presence,5,835,1235.0,0
shap_feature_selection_extratrees_p1_20260529_182607,P1_thiram_presence,Thiram Presence,5,836,1236.0,0
shap_feature_selection_extratrees_p1_20260529_182607,P1_thiram_presence,Thiram Presence,5,837,1237.0,0
shap_feature_selection_extratrees_p1_20260529_182607,P1_thiram_presence,Thiram Presence,5,838,1238.0,0
shap_feature_selection_extratrees_p1_20260529_182607,P1_thiram_presence,Thiram Presence,5,839,1239.0,0
shap_feature_selection_extratrees_p1_20260529_182607,P1_thiram_presence,Thiram Presence,5,840,1240.0,0
shap_feature_selection_extratrees_p1_20260529_182607,P1_thiram_presence,Thiram Presence,5,841,1241.0,0
shap_feature_selection_extratrees_p1_20260529_182607,P1_thiram_presence,Thiram Presence,5,842,1242.0,0
shap_feature_selection_extratrees_p1_20260529_182607,P1_thiram_presence,Thiram Presence,5,843,1243.0,0
shap_feature_selection_extratrees_p1_20260529_182607,P1_thiram_presence,Thiram Presence,5,844,1244.0,0
shap_feature_selection_extratrees_p1_20260529_182607,P1_thiram_presence,Thiram Presence,5,845,1245.0,0
shap_feature_selection_extratrees_p1_20260529_182607,P1_thiram_presence,Thiram Presence,5,846,1246.0,0
shap_feature_selection_extratrees_p1_20260529_182607,P1_thiram_presence,Thiram Presence,5,847,1247.0,0
shap_feature_selection_extratrees_p1_20260529_182607,P1_thiram_presence,Thiram Presence,5,848,1248.0,0
shap_feature_selection_extratrees_p1_20260529_182607,P1_thiram_presence,Thiram Presence,5,849,1249.0,0
shap_feature_selection_extratrees_p1_20260529_182607,P1_thiram_presence,Thiram Presence,5,850,1250.0,0
shap_feature_selection_extratrees_p1_20260529_182607,P1_thiram_presence,Thiram Presence,5,851,1251.0,0
shap_feature_selection_extratrees_p1_20260529_182607,P1_thiram_presence,Thiram Presence,5,852,1252.0,0
shap_feature_selection_extratrees_p1_20260529_182607,P1_thiram_presence,Thiram Presence,5,853,1253.0,0
shap_feature_selection_extratrees_p1_20260529_182607,P1_thiram_presence,Thiram Presence,5,854,1254.0,0
shap_feature_selection_extratrees_p1_20260529_182607,P1_thiram_presence,Thiram Presence,5,855,1255.0,0
shap_feature_selection_extratrees_p1_20260529_182607,P1_thiram_presence,Thiram Presence,5,856,1256.0,0
shap_feature_selection_extratrees_p1_20260529_182607,P1_thiram_presence,Thiram Presence,5,857,1257.0,0
shap_feature_selection_extratrees_p1_20260529_182607,P1_thiram_presence,Thiram Presence,5,858,1258.0,0
shap_feature_selection_extratrees_p1_20260529_182607,P1_thiram_presence,Thiram Presence,5,859,1259.0,0
shap_feature_selection_extratrees_p1_20260529_182607,P1_thiram_presence,Thiram Presence,5,860,1260.0,0
shap_feature_selection_extratrees_p1_20260529_182607,P1_thiram_presence,Thiram Presence,5,861,1261.0,0
shap_feature_selection_extratrees_p1_20260529_182607,P1_thiram_presence,Thiram Presence,5,862,1262.0,0
shap_feature_selection_extratrees_p1_20260529_182607,P1_thiram_presence,Thiram Presence,5,863,1263.0,0
shap_feature_selection_extratrees_p1_20260529_182607,P1_thiram_presence,Thiram Presence,5,864,1264.0,0
shap_feature_selection_extratrees_p1_20260529_182607,P1_thiram_presence,Thiram Presence,5,865,1265.0,0
shap_feature_selection_extratrees_p1_20260529_182607,P1_thiram_presence,Thiram Presence,5,866,1266.0,0
shap_feature_selection_extratrees_p1_20260529_182607,P1_thiram_presence,Thiram Presence,5,867,1267.0,0
shap_feature_selection_extratrees_p1_20260529_182607,P1_thiram_presence,Thiram Presence,5,868,1268.0,0
shap_feature_selection_extratrees_p1_20260529_182607,P1_thiram_presence,Thiram Presence,5,869,1269.0,0
shap_feature_selection_extratrees_p1_20260529_182607,P1_thiram_presence,Thiram Presence,5,870,1270.0,0
shap_feature_selection_extratrees_p1_20260529_182607,P1_thiram_presence,Thiram Presence,5,871,1271.0,0
shap_feature_selection_extratrees_p1_20260529_182607,P1_thiram_presence,Thiram Presence,5,872,1272.0,0
shap_feature_selection_extratrees_p1_20260529_182607,P1_thiram_presence,Thiram Presence,5,873,1273.0,0
shap_feature_selection_extratrees_p1_20260529_182607,P1_thiram_presence,Thiram Presence,5,874,1274.0,0
shap_feature_selection_extratrees_p1_20260529_182607,P1_thiram_presence,Thiram Presence,5,875,1275.0,0
shap_feature_selection_extratrees_p1_20260529_182607,P1_thiram_presence,Thiram Presence,5,876,1276.0,0
shap_feature_selection_extratrees_p1_20260529_182607,P1_thiram_presence,Thiram Presence,5,877,1277.0,0
shap_feature_selection_extratrees_p1_20260529_182607,P1_thiram_presence,Thiram Presence,5,878,1278.0,0
shap_feature_selection_extratrees_p1_20260529_182607,P1_thiram_presence,Thiram Presence,5,879,1279.0,0
shap_feature_selection_extratrees_p1_20260529_182607,P1_thiram_presence,Thiram Presence,5,880,1280.0,0
shap_feature_selection_extratrees_p1_20260529_182607,P1_thiram_presence,Thiram Presence,5,881,1281.0,0
shap_feature_selection_extratrees_p1_20260529_182607,P1_thiram_presence,Thiram Presence,5,882,1282.0,0
shap_feature_selection_extratrees_p1_20260529_182607,P1_thiram_presence,Thiram Presence,5,883,1283.0,0
shap_feature_selection_extratrees_p1_20260529_182607,P1_thiram_presence,Thiram Presence,5,884,1284.0,0
shap_feature_selection_extratrees_p1_20260529_182607,P1_thiram_presence,Thiram Presence,5,885,1285.0,0
shap_feature_selection_extratrees_p1_20260529_182607,P1_thiram_presence,Thiram Presence,5,886,1286.0,0
shap_feature_selection_extratrees_p1_20260529_182607,P1_thiram_presence,Thiram Presence,5,887,1287.0,0
shap_feature_selection_extratrees_p1_20260529_182607,P1_thiram_presence,Thiram Presence,5,888,1288.0,0
shap_feature_selection_extratrees_p1_20260529_182607,P1_thiram_presence,Thiram Presence,5,889,1289.0,0
shap_feature_selection_extratrees_p1_20260529_182607,P1_thiram_presence,Thiram Presence,5,890,1290.0,0
shap_feature_selection_extratrees_p1_20260529_182607,P1_thiram_presence,Thiram Presence,5,891,1291.0,1
shap_feature_selection_extratrees_p1_20260529_182607,P1_thiram_presence,Thiram Presence,5,892,1292.0,0
shap_feature_selection_extratrees_p1_20260529_182607,P1_thiram_presence,Thiram Presence,5,893,1293.0,0
shap_feature_selection_extratrees_p1_20260529_182607,P1_thiram_presence,Thiram Presence,5,894,1294.0,0
shap_feature_selection_extratrees_p1_20260529_182607,P1_thiram_presence,Thiram Presence,5,895,1295.0,0
shap_feature_selection_extratrees_p1_20260529_182607,P1_thiram_presence,Thiram Presence,5,896,1296.0,0
shap_feature_selection_extratrees_p1_20260529_182607,P1_thiram_presence,Thiram Presence,5,897,1297.0,0
shap_feature_selection_extratrees_p1_20260529_182607,P1_thiram_presence,Thiram Presence,5,898,1298.0,0
shap_feature_selection_extratrees_p1_20260529_182607,P1_thiram_presence,Thiram Presence,5,899,1299.0,0
shap_feature_selection_extratrees_p1_20260529_182607,P1_thiram_presence,Thiram Presence,5,900,1300.0,0
shap_feature_selection_extratrees_p1_20260529_182607,P1_thiram_presence,Thiram Presence,5,901,1301.0,0
shap_feature_selection_extratrees_p1_20260529_182607,P1_thiram_presence,Thiram Presence,5,902,1302.0,0
shap_feature_selection_extratrees_p1_20260529_182607,P1_thiram_presence,Thiram Presence,5,903,1303.0,0
shap_feature_selection_extratrees_p1_20260529_182607,P1_thiram_presence,Thiram Presence,5,904,1304.0,0
shap_feature_selection_extratrees_p1_20260529_182607,P1_thiram_presence,Thiram Presence,5,905,1305.0,0
shap_feature_selection_extratrees_p1_20260529_182607,P1_thiram_presence,Thiram Presence,5,906,1306.0,0
shap_feature_selection_extratrees_p1_20260529_182607,P1_thiram_presence,Thiram Presence,5,907,1307.0,0
shap_feature_selection_extratrees_p1_20260529_182607,P1_thiram_presence,Thiram Presence,5,908,1308.0,0
shap_feature_selection_extratrees_p1_20260529_182607,P1_thiram_presence,Thiram Presence,5,909,1309.0,0
shap_feature_selection_extratrees_p1_20260529_182607,P1_thiram_presence,Thiram Presence,5,910,1310.0,0
shap_feature_selection_extratrees_p1_20260529_182607,P1_thiram_presence,Thiram Presence,5,911,1311.0,0
shap_feature_selection_extratrees_p1_20260529_182607,P1_thiram_presence,Thiram Presence,5,912,1312.0,0
shap_feature_selection_extratrees_p1_20260529_182607,P1_thiram_presence,Thiram Presence,5,913,1313.0,0
shap_feature_selection_extratrees_p1_20260529_182607,P1_thiram_presence,Thiram Presence,5,914,1314.0,0
shap_feature_selection_extratrees_p1_20260529_182607,P1_thiram_presence,Thiram Presence,5,915,1315.0,0
shap_feature_selection_extratrees_p1_20260529_182607,P1_thiram_presence,Thiram Presence,5,916,1316.0,0
shap_feature_selection_extratrees_p1_20260529_182607,P1_thiram_presence,Thiram Presence,5,917,1317.0,0
shap_feature_selection_extratrees_p1_20260529_182607,P1_thiram_presence,Thiram Presence,5,918,1318.0,0
shap_feature_selection_extratrees_p1_20260529_182607,P1_thiram_presence,Thiram Presence,5,919,1319.0,0
shap_feature_selection_extratrees_p1_20260529_182607,P1_thiram_presence,Thiram Presence,5,920,1320.0,0
shap_feature_selection_extratrees_p1_20260529_182607,P1_thiram_presence,Thiram Presence,5,921,1321.0,0
shap_feature_selection_extratrees_p1_20260529_182607,P1_thiram_presence,Thiram Presence,5,922,1322.0,0
shap_feature_selection_extratrees_p1_20260529_182607,P1_thiram_presence,Thiram Presence,5,923,1323.0,0
shap_feature_selection_extratrees_p1_20260529_182607,P1_thiram_presence,Thiram Presence,5,924,1324.0,0
shap_feature_selection_extratrees_p1_20260529_182607,P1_thiram_presence,Thiram Presence,5,925,1325.0,0
shap_feature_selection_extratrees_p1_20260529_182607,P1_thiram_presence,Thiram Presence,5,926,1326.0,0
shap_feature_selection_extratrees_p1_20260529_182607,P1_thiram_presence,Thiram Presence,5,927,1327.0,0
shap_feature_selection_extratrees_p1_20260529_182607,P1_thiram_presence,Thiram Presence,5,928,1328.0,1
shap_feature_selection_extratrees_p1_20260529_182607,P1_thiram_presence,Thiram Presence,5,929,1329.0,0
shap_feature_selection_extratrees_p1_20260529_182607,P1_thiram_presence,Thiram Presence,5,930,1330.0,0
shap_feature_selection_extratrees_p1_20260529_182607,P1_thiram_presence,Thiram Presence,5,931,1331.0,1
shap_feature_selection_extratrees_p1_20260529_182607,P1_thiram_presence,Thiram Presence,5,932,1332.0,0
shap_feature_selection_extratrees_p1_20260529_182607,P1_thiram_presence,Thiram Presence,5,933,1333.0,1
shap_feature_selection_extratrees_p1_20260529_182607,P1_thiram_presence,Thiram Presence,5,934,1334.0,1
shap_feature_selection_extratrees_p1_20260529_182607,P1_thiram_presence,Thiram Presence,5,935,1335.0,0
shap_feature_selection_extratrees_p1_20260529_182607,P1_thiram_presence,Thiram Presence,5,936,1336.0,0
shap_feature_selection_extratrees_p1_20260529_182607,P1_thiram_presence,Thiram Presence,5,937,1337.0,0
shap_feature_selection_extratrees_p1_20260529_182607,P1_thiram_presence,Thiram Presence,5,938,1338.0,0
shap_feature_selection_extratrees_p1_20260529_182607,P1_thiram_presence,Thiram Presence,5,939,1339.0,0
shap_feature_selection_extratrees_p1_20260529_182607,P1_thiram_presence,Thiram Presence,5,940,1340.0,0
shap_feature_selection_extratrees_p1_20260529_182607,P1_thiram_presence,Thiram Presence,5,941,1341.0,0
shap_feature_selection_extratrees_p1_20260529_182607,P1_thiram_presence,Thiram Presence,5,942,1342.0,0
shap_feature_selection_extratrees_p1_20260529_182607,P1_thiram_presence,Thiram Presence,5,943,1343.0,0
shap_feature_selection_extratrees_p1_20260529_182607,P1_thiram_presence,Thiram Presence,5,944,1344.0,0
shap_feature_selection_extratrees_p1_20260529_182607,P1_thiram_presence,Thiram Presence,5,945,1345.0,0
shap_feature_selection_extratrees_p1_20260529_182607,P1_thiram_presence,Thiram Presence,5,946,1346.0,0
shap_feature_selection_extratrees_p1_20260529_182607,P1_thiram_presence,Thiram Presence,5,947,1347.0,0
shap_feature_selection_extratrees_p1_20260529_182607,P1_thiram_presence,Thiram Presence,5,948,1348.0,0
shap_feature_selection_extratrees_p1_20260529_182607,P1_thiram_presence,Thiram Presence,5,949,1349.0,0
shap_feature_selection_extratrees_p1_20260529_182607,P1_thiram_presence,Thiram Presence,5,950,1350.0,0
shap_feature_selection_extratrees_p1_20260529_182607,P1_thiram_presence,Thiram Presence,5,951,1351.0,0
shap_feature_selection_extratrees_p1_20260529_182607,P1_thiram_presence,Thiram Presence,5,952,1352.0,0
shap_feature_selection_extratrees_p1_20260529_182607,P1_thiram_presence,Thiram Presence,5,953,1353.0,0
shap_feature_selection_extratrees_p1_20260529_182607,P1_thiram_presence,Thiram Presence,5,954,1354.0,0
shap_feature_selection_extratrees_p1_20260529_182607,P1_thiram_presence,Thiram Presence,5,955,1355.0,0
shap_feature_selection_extratrees_p1_20260529_182607,P1_thiram_presence,Thiram Presence,5,956,1356.0,0
shap_feature_selection_extratrees_p1_20260529_182607,P1_thiram_presence,Thiram Presence,5,957,1357.0,0
shap_feature_selection_extratrees_p1_20260529_182607,P1_thiram_presence,Thiram Presence,5,958,1358.0,0
shap_feature_selection_extratrees_p1_20260529_182607,P1_thiram_presence,Thiram Presence,5,959,1359.0,0
shap_feature_selection_extratrees_p1_20260529_182607,P1_thiram_presence,Thiram Presence,5,960,1360.0,0
shap_feature_selection_extratrees_p1_20260529_182607,P1_thiram_presence,Thiram Presence,5,961,1361.0,0
shap_feature_selection_extratrees_p1_20260529_182607,P1_thiram_presence,Thiram Presence,5,962,1362.0,0
shap_feature_selection_extratrees_p1_20260529_182607,P1_thiram_presence,Thiram Presence,5,963,1363.0,0
shap_feature_selection_extratrees_p1_20260529_182607,P1_thiram_presence,Thiram Presence,5,964,1364.0,0
shap_feature_selection_extratrees_p1_20260529_182607,P1_thiram_presence,Thiram Presence,5,965,1365.0,0
shap_feature_selection_extratrees_p1_20260529_182607,P1_thiram_presence,Thiram Presence,5,966,1366.0,0
shap_feature_selection_extratrees_p1_20260529_182607,P1_thiram_presence,Thiram Presence,5,967,1367.0,0
shap_feature_selection_extratrees_p1_20260529_182607,P1_thiram_presence,Thiram Presence,5,968,1368.0,0
shap_feature_selection_extratrees_p1_20260529_182607,P1_thiram_presence,Thiram Presence,5,969,1369.0,0
shap_feature_selection_extratrees_p1_20260529_182607,P1_thiram_presence,Thiram Presence,5,970,1370.0,0
shap_feature_selection_extratrees_p1_20260529_182607,P1_thiram_presence,Thiram Presence,5,971,1371.0,0
shap_feature_selection_extratrees_p1_20260529_182607,P1_thiram_presence,Thiram Presence,5,972,1372.0,0
shap_feature_selection_extratrees_p1_20260529_182607,P1_thiram_presence,Thiram Presence,5,973,1373.0,0
shap_feature_selection_extratrees_p1_20260529_182607,P1_thiram_presence,Thiram Presence,5,974,1374.0,1
shap_feature_selection_extratrees_p1_20260529_182607,P1_thiram_presence,Thiram Presence,5,975,1375.0,1
shap_feature_selection_extratrees_p1_20260529_182607,P1_thiram_presence,Thiram Presence,5,976,1376.0,1
shap_feature_selection_extratrees_p1_20260529_182607,P1_thiram_presence,Thiram Presence,5,977,1377.0,1
shap_feature_selection_extratrees_p1_20260529_182607,P1_thiram_presence,Thiram Presence,5,978,1378.0,0
shap_feature_selection_extratrees_p1_20260529_182607,P1_thiram_presence,Thiram Presence,5,979,1379.0,0
shap_feature_selection_extratrees_p1_20260529_182607,P1_thiram_presence,Thiram Presence,5,980,1380.0,1
shap_feature_selection_extratrees_p1_20260529_182607,P1_thiram_presence,Thiram Presence,5,981,1381.0,0
shap_feature_selection_extratrees_p1_20260529_182607,P1_thiram_presence,Thiram Presence,5,982,1382.0,0
shap_feature_selection_extratrees_p1_20260529_182607,P1_thiram_presence,Thiram Presence,5,983,1383.0,0
shap_feature_selection_extratrees_p1_20260529_182607,P1_thiram_presence,Thiram Presence,5,984,1384.0,0
shap_feature_selection_extratrees_p1_20260529_182607,P1_thiram_presence,Thiram Presence,5,985,1385.0,0
shap_feature_selection_extratrees_p1_20260529_182607,P1_thiram_presence,Thiram Presence,5,986,1386.0,0
shap_feature_selection_extratrees_p1_20260529_182607,P1_thiram_presence,Thiram Presence,5,987,1387.0,0
shap_feature_selection_extratrees_p1_20260529_182607,P1_thiram_presence,Thiram Presence,5,988,1388.0,0
shap_feature_selection_extratrees_p1_20260529_182607,P1_thiram_presence,Thiram Presence,5,989,1389.0,0
shap_feature_selection_extratrees_p1_20260529_182607,P1_thiram_presence,Thiram Presence,5,990,1390.0,0
shap_feature_selection_extratrees_p1_20260529_182607,P1_thiram_presence,Thiram Presence,5,991,1391.0,0
shap_feature_selection_extratrees_p1_20260529_182607,P1_thiram_presence,Thiram Presence,5,992,1392.0,0
shap_feature_selection_extratrees_p1_20260529_182607,P1_thiram_presence,Thiram Presence,5,993,1393.0,0
shap_feature_selection_extratrees_p1_20260529_182607,P1_thiram_presence,Thiram Presence,5,994,1394.0,0
shap_feature_selection_extratrees_p1_20260529_182607,P1_thiram_presence,Thiram Presence,5,995,1395.0,0
shap_feature_selection_extratrees_p1_20260529_182607,P1_thiram_presence,Thiram Presence,5,996,1396.0,0
shap_feature_selection_extratrees_p1_20260529_182607,P1_thiram_presence,Thiram Presence,5,997,1397.0,0
shap_feature_selection_extratrees_p1_20260529_182607,P1_thiram_presence,Thiram Presence,5,998,1398.0,0
shap_feature_selection_extratrees_p1_20260529_182607,P1_thiram_presence,Thiram Presence,5,999,1399.0,0
shap_feature_selection_extratrees_p1_20260529_182607,P1_thiram_presence,Thiram Presence,5,1000,1400.0,0
shap_feature_selection_extratrees_p1_20260529_182607,P1_thiram_presence,Thiram Presence,5,1001,1401.0,0
shap_feature_selection_extratrees_p1_20260529_182607,P1_thiram_presence,Thiram Presence,5,1002,1402.0,0
shap_feature_selection_extratrees_p1_20260529_182607,P1_thiram_presence,Thiram Presence,5,1003,1403.0,0
shap_feature_selection_extratrees_p1_20260529_182607,P1_thiram_presence,Thiram Presence,5,1004,1404.0,0
shap_feature_selection_extratrees_p1_20260529_182607,P1_thiram_presence,Thiram Presence,5,1005,1405.0,0
shap_feature_selection_extratrees_p1_20260529_182607,P1_thiram_presence,Thiram Presence,5,1006,1406.0,0
shap_feature_selection_extratrees_p1_20260529_182607,P1_thiram_presence,Thiram Presence,5,1007,1407.0,1
shap_feature_selection_extratrees_p1_20260529_182607,P1_thiram_presence,Thiram Presence,5,1008,1408.0,0
shap_feature_selection_extratrees_p1_20260529_182607,P1_thiram_presence,Thiram Presence,5,1009,1409.0,0
shap_feature_selection_extratrees_p1_20260529_182607,P1_thiram_presence,Thiram Presence,5,1010,1410.0,0
shap_feature_selection_extratrees_p1_20260529_182607,P1_thiram_presence,Thiram Presence,5,1011,1411.0,0
shap_feature_selection_extratrees_p1_20260529_182607,P1_thiram_presence,Thiram Presence,5,1012,1412.0,0
shap_feature_selection_extratrees_p1_20260529_182607,P1_thiram_presence,Thiram Presence,5,1013,1413.0,0
shap_feature_selection_extratrees_p1_20260529_182607,P1_thiram_presence,Thiram Presence,5,1014,1414.0,0
shap_feature_selection_extratrees_p1_20260529_182607,P1_thiram_presence,Thiram Presence,5,1015,1415.0,0
shap_feature_selection_extratrees_p1_20260529_182607,P1_thiram_presence,Thiram Presence,5,1016,1416.0,0
shap_feature_selection_extratrees_p1_20260529_182607,P1_thiram_presence,Thiram Presence,5,1017,1417.0,0
shap_feature_selection_extratrees_p1_20260529_182607,P1_thiram_presence,Thiram Presence,5,1018,1418.0,0
shap_feature_selection_extratrees_p1_20260529_182607,P1_thiram_presence,Thiram Presence,5,1019,1419.0,0
shap_feature_selection_extratrees_p1_20260529_182607,P1_thiram_presence,Thiram Presence,5,1020,1420.0,0
shap_feature_selection_extratrees_p1_20260529_182607,P1_thiram_presence,Thiram Presence,5,1021,1421.0,0
shap_feature_selection_extratrees_p1_20260529_182607,P1_thiram_presence,Thiram Presence,5,1022,1422.0,0
shap_feature_selection_extratrees_p1_20260529_182607,P1_thiram_presence,Thiram Presence,5,1023,1423.0,0
shap_feature_selection_extratrees_p1_20260529_182607,P1_thiram_presence,Thiram Presence,5,1024,1424.0,0
shap_feature_selection_extratrees_p1_20260529_182607,P1_thiram_presence,Thiram Presence,5,1025,1425.0,0
shap_feature_selection_extratrees_p1_20260529_182607,P1_thiram_presence,Thiram Presence,5,1026,1426.0,1
shap_feature_selection_extratrees_p1_20260529_182607,P1_thiram_presence,Thiram Presence,5,1027,1427.0,0
shap_feature_selection_extratrees_p1_20260529_182607,P1_thiram_presence,Thiram Presence,5,1028,1428.0,0
shap_feature_selection_extratrees_p1_20260529_182607,P1_thiram_presence,Thiram Presence,5,1029,1429.0,0
shap_feature_selection_extratrees_p1_20260529_182607,P1_thiram_presence,Thiram Presence,5,1030,1430.0,0
shap_feature_selection_extratrees_p1_20260529_182607,P1_thiram_presence,Thiram Presence,5,1031,1431.0,0
shap_feature_selection_extratrees_p1_20260529_182607,P1_thiram_presence,Thiram Presence,5,1032,1432.0,0
shap_feature_selection_extratrees_p1_20260529_182607,P1_thiram_presence,Thiram Presence,5,1033,1433.0,0
shap_feature_selection_extratrees_p1_20260529_182607,P1_thiram_presence,Thiram Presence,5,1034,1434.0,0
shap_feature_selection_extratrees_p1_20260529_182607,P1_thiram_presence,Thiram Presence,5,1035,1435.0,0
shap_feature_selection_extratrees_p1_20260529_182607,P1_thiram_presence,Thiram Presence,5,1036,1436.0,0
shap_feature_selection_extratrees_p1_20260529_182607,P1_thiram_presence,Thiram Presence,5,1037,1437.0,0
shap_feature_selection_extratrees_p1_20260529_182607,P1_thiram_presence,Thiram Presence,5,1038,1438.0,0
shap_feature_selection_extratrees_p1_20260529_182607,P1_thiram_presence,Thiram Presence,5,1039,1439.0,0
shap_feature_selection_extratrees_p1_20260529_182607,P1_thiram_presence,Thiram Presence,5,1040,1440.0,0
shap_feature_selection_extratrees_p1_20260529_182607,P1_thiram_presence,Thiram Presence,5,1041,1441.0,0
shap_feature_selection_extratrees_p1_20260529_182607,P1_thiram_presence,Thiram Presence,5,1042,1442.0,0
shap_feature_selection_extratrees_p1_20260529_182607,P1_thiram_presence,Thiram Presence,5,1043,1443.0,0
shap_feature_selection_extratrees_p1_20260529_182607,P1_thiram_presence,Thiram Presence,5,1044,1444.0,0
shap_feature_selection_extratrees_p1_20260529_182607,P1_thiram_presence,Thiram Presence,5,1045,1445.0,0
shap_feature_selection_extratrees_p1_20260529_182607,P1_thiram_presence,Thiram Presence,5,1046,1446.0,0
shap_feature_selection_extratrees_p1_20260529_182607,P1_thiram_presence,Thiram Presence,5,1047,1447.0,0
shap_feature_selection_extratrees_p1_20260529_182607,P1_thiram_presence,Thiram Presence,5,1048,1448.0,0
shap_feature_selection_extratrees_p1_20260529_182607,P1_thiram_presence,Thiram Presence,5,1049,1449.0,0
shap_feature_selection_extratrees_p1_20260529_182607,P1_thiram_presence,Thiram Presence,5,1050,1450.0,0
shap_feature_selection_extratrees_p1_20260529_182607,P1_thiram_presence,Thiram Presence,5,1051,1451.0,0
shap_feature_selection_extratrees_p1_20260529_182607,P1_thiram_presence,Thiram Presence,5,1052,1452.0,0
shap_feature_selection_extratrees_p1_20260529_182607,P1_thiram_presence,Thiram Presence,5,1053,1453.0,0
shap_feature_selection_extratrees_p1_20260529_182607,P1_thiram_presence,Thiram Presence,5,1054,1454.0,0
shap_feature_selection_extratrees_p1_20260529_182607,P1_thiram_presence,Thiram Presence,5,1055,1455.0,0
shap_feature_selection_extratrees_p1_20260529_182607,P1_thiram_presence,Thiram Presence,5,1056,1456.0,0
shap_feature_selection_extratrees_p1_20260529_182607,P1_thiram_presence,Thiram Presence,5,1057,1457.0,0
shap_feature_selection_extratrees_p1_20260529_182607,P1_thiram_presence,Thiram Presence,5,1058,1458.0,0
shap_feature_selection_extratrees_p1_20260529_182607,P1_thiram_presence,Thiram Presence,5,1059,1459.0,0
shap_feature_selection_extratrees_p1_20260529_182607,P1_thiram_presence,Thiram Presence,5,1060,1460.0,0
shap_feature_selection_extratrees_p1_20260529_182607,P1_thiram_presence,Thiram Presence,5,1061,1461.0,0
shap_feature_selection_extratrees_p1_20260529_182607,P1_thiram_presence,Thiram Presence,5,1062,1462.0,0
shap_feature_selection_extratrees_p1_20260529_182607,P1_thiram_presence,Thiram Presence,5,1063,1463.0,0
shap_feature_selection_extratrees_p1_20260529_182607,P1_thiram_presence,Thiram Presence,5,1064,1464.0,0
shap_feature_selection_extratrees_p1_20260529_182607,P1_thiram_presence,Thiram Presence,5,1065,1465.0,0
shap_feature_selection_extratrees_p1_20260529_182607,P1_thiram_presence,Thiram Presence,5,1066,1466.0,0
shap_feature_selection_extratrees_p1_20260529_182607,P1_thiram_presence,Thiram Presence,5,1067,1467.0,0
shap_feature_selection_extratrees_p1_20260529_182607,P1_thiram_presence,Thiram Presence,5,1068,1468.0,0
shap_feature_selection_extratrees_p1_20260529_182607,P1_thiram_presence,Thiram Presence,5,1069,1469.0,0
shap_feature_selection_extratrees_p1_20260529_182607,P1_thiram_presence,Thiram Presence,5,1070,1470.0,0
shap_feature_selection_extratrees_p1_20260529_182607,P1_thiram_presence,Thiram Presence,5,1071,1471.0,0
shap_feature_selection_extratrees_p1_20260529_182607,P1_thiram_presence,Thiram Presence,5,1072,1472.0,0
shap_feature_selection_extratrees_p1_20260529_182607,P1_thiram_presence,Thiram Presence,5,1073,1473.0,0
shap_feature_selection_extratrees_p1_20260529_182607,P1_thiram_presence,Thiram Presence,5,1074,1474.0,0
shap_feature_selection_extratrees_p1_20260529_182607,P1_thiram_presence,Thiram Presence,5,1075,1475.0,0
shap_feature_selection_extratrees_p1_20260529_182607,P1_thiram_presence,Thiram Presence,5,1076,1476.0,0
shap_feature_selection_extratrees_p1_20260529_182607,P1_thiram_presence,Thiram Presence,5,1077,1477.0,0
shap_feature_selection_extratrees_p1_20260529_182607,P1_thiram_presence,Thiram Presence,5,1078,1478.0,0
shap_feature_selection_extratrees_p1_20260529_182607,P1_thiram_presence,Thiram Presence,5,1079,1479.0,0
shap_feature_selection_extratrees_p1_20260529_182607,P1_thiram_presence,Thiram Presence,5,1080,1480.0,0
shap_feature_selection_extratrees_p1_20260529_182607,P1_thiram_presence,Thiram Presence,5,1081,1481.0,0
shap_feature_selection_extratrees_p1_20260529_182607,P1_thiram_presence,Thiram Presence,5,1082,1482.0,0
shap_feature_selection_extratrees_p1_20260529_182607,P1_thiram_presence,Thiram Presence,5,1083,1483.0,0
shap_feature_selection_extratrees_p1_20260529_182607,P1_thiram_presence,Thiram Presence,5,1084,1484.0,0
shap_feature_selection_extratrees_p1_20260529_182607,P1_thiram_presence,Thiram Presence,5,1085,1485.0,0
shap_feature_selection_extratrees_p1_20260529_182607,P1_thiram_presence,Thiram Presence,5,1086,1486.0,0
shap_feature_selection_extratrees_p1_20260529_182607,P1_thiram_presence,Thiram Presence,5,1087,1487.0,0
shap_feature_selection_extratrees_p1_20260529_182607,P1_thiram_presence,Thiram Presence,5,1088,1488.0,0
shap_feature_selection_extratrees_p1_20260529_182607,P1_thiram_presence,Thiram Presence,5,1089,1489.0,0
shap_feature_selection_extratrees_p1_20260529_182607,P1_thiram_presence,Thiram Presence,5,1090,1490.0,0
shap_feature_selection_extratrees_p1_20260529_182607,P1_thiram_presence,Thiram Presence,5,1091,1491.0,0
shap_feature_selection_extratrees_p1_20260529_182607,P1_thiram_presence,Thiram Presence,5,1092,1492.0,0
shap_feature_selection_extratrees_p1_20260529_182607,P1_thiram_presence,Thiram Presence,5,1093,1493.0,0
shap_feature_selection_extratrees_p1_20260529_182607,P1_thiram_presence,Thiram Presence,5,1094,1494.0,0
shap_feature_selection_extratrees_p1_20260529_182607,P1_thiram_presence,Thiram Presence,5,1095,1495.0,0
shap_feature_selection_extratrees_p1_20260529_182607,P1_thiram_presence,Thiram Presence,5,1096,1496.0,0
shap_feature_selection_extratrees_p1_20260529_182607,P1_thiram_presence,Thiram Presence,5,1097,1497.0,0
shap_feature_selection_extratrees_p1_20260529_182607,P1_thiram_presence,Thiram Presence,5,1098,1498.0,0
shap_feature_selection_extratrees_p1_20260529_182607,P1_thiram_presence,Thiram Presence,5,1099,1499.0,1
shap_feature_selection_extratrees_p1_20260529_182607,P1_thiram_presence,Thiram Presence,5,1100,1500.0,1
shap_feature_selection_extratrees_p1_20260529_182607,P1_thiram_presence,Thiram Presence,5,1101,1501.0,0
shap_feature_selection_extratrees_p1_20260529_182607,P1_thiram_presence,Thiram Presence,5,1102,1502.0,0
shap_feature_selection_extratrees_p1_20260529_182607,P1_thiram_presence,Thiram Presence,5,1103,1503.0,1
shap_feature_selection_extratrees_p1_20260529_182607,P1_thiram_presence,Thiram Presence,5,1104,1504.0,0
shap_feature_selection_extratrees_p1_20260529_182607,P1_thiram_presence,Thiram Presence,5,1105,1505.0,0
shap_feature_selection_extratrees_p1_20260529_182607,P1_thiram_presence,Thiram Presence,5,1106,1506.0,1
shap_feature_selection_extratrees_p1_20260529_182607,P1_thiram_presence,Thiram Presence,5,1107,1507.0,1
shap_feature_selection_extratrees_p1_20260529_182607,P1_thiram_presence,Thiram Presence,5,1108,1508.0,1
shap_feature_selection_extratrees_p1_20260529_182607,P1_thiram_presence,Thiram Presence,5,1109,1509.0,1
shap_feature_selection_extratrees_p1_20260529_182607,P1_thiram_presence,Thiram Presence,5,1110,1510.0,1
shap_feature_selection_extratrees_p1_20260529_182607,P1_thiram_presence,Thiram Presence,5,1111,1511.0,1
shap_feature_selection_extratrees_p1_20260529_182607,P1_thiram_presence,Thiram Presence,5,1112,1512.0,1
shap_feature_selection_extratrees_p1_20260529_182607,P1_thiram_presence,Thiram Presence,5,1113,1513.0,1
shap_feature_selection_extratrees_p1_20260529_182607,P1_thiram_presence,Thiram Presence,5,1114,1514.0,0
shap_feature_selection_extratrees_p1_20260529_182607,P1_thiram_presence,Thiram Presence,5,1115,1515.0,1
shap_feature_selection_extratrees_p1_20260529_182607,P1_thiram_presence,Thiram Presence,5,1116,1516.0,1
shap_feature_selection_extratrees_p1_20260529_182607,P1_thiram_presence,Thiram Presence,5,1117,1517.0,1
shap_feature_selection_extratrees_p1_20260529_182607,P1_thiram_presence,Thiram Presence,5,1118,1518.0,0
shap_feature_selection_extratrees_p1_20260529_182607,P1_thiram_presence,Thiram Presence,5,1119,1519.0,0
shap_feature_selection_extratrees_p1_20260529_182607,P1_thiram_presence,Thiram Presence,5,1120,1520.0,1
shap_feature_selection_extratrees_p1_20260529_182607,P1_thiram_presence,Thiram Presence,5,1121,1521.0,0
shap_feature_selection_extratrees_p1_20260529_182607,P1_thiram_presence,Thiram Presence,5,1122,1522.0,0
shap_feature_selection_extratrees_p1_20260529_182607,P1_thiram_presence,Thiram Presence,5,1123,1523.0,0
shap_feature_selection_extratrees_p1_20260529_182607,P1_thiram_presence,Thiram Presence,5,1124,1524.0,0
shap_feature_selection_extratrees_p1_20260529_182607,P1_thiram_presence,Thiram Presence,5,1125,1525.0,0
shap_feature_selection_extratrees_p1_20260529_182607,P1_thiram_presence,Thiram Presence,5,1126,1526.0,0
shap_feature_selection_extratrees_p1_20260529_182607,P1_thiram_presence,Thiram Presence,5,1127,1527.0,0
shap_feature_selection_extratrees_p1_20260529_182607,P1_thiram_presence,Thiram Presence,5,1128,1528.0,0
shap_feature_selection_extratrees_p1_20260529_182607,P1_thiram_presence,Thiram Presence,5,1129,1529.0,0
shap_feature_selection_extratrees_p1_20260529_182607,P1_thiram_presence,Thiram Presence,5,1130,1530.0,0
shap_feature_selection_extratrees_p1_20260529_182607,P1_thiram_presence,Thiram Presence,5,1131,1531.0,0
shap_feature_selection_extratrees_p1_20260529_182607,P1_thiram_presence,Thiram Presence,5,1132,1532.0,0
shap_feature_selection_extratrees_p1_20260529_182607,P1_thiram_presence,Thiram Presence,5,1133,1533.0,0
shap_feature_selection_extratrees_p1_20260529_182607,P1_thiram_presence,Thiram Presence,5,1134,1534.0,0
shap_feature_selection_extratrees_p1_20260529_182607,P1_thiram_presence,Thiram Presence,5,1135,1535.0,0
shap_feature_selection_extratrees_p1_20260529_182607,P1_thiram_presence,Thiram Presence,5,1136,1536.0,0
shap_feature_selection_extratrees_p1_20260529_182607,P1_thiram_presence,Thiram Presence,5,1137,1537.0,0
shap_feature_selection_extratrees_p1_20260529_182607,P1_thiram_presence,Thiram Presence,5,1138,1538.0,0
shap_feature_selection_extratrees_p1_20260529_182607,P1_thiram_presence,Thiram Presence,5,1139,1539.0,0
shap_feature_selection_extratrees_p1_20260529_182607,P1_thiram_presence,Thiram Presence,5,1140,1540.0,0
shap_feature_selection_extratrees_p1_20260529_182607,P1_thiram_presence,Thiram Presence,5,1141,1541.0,0
shap_feature_selection_extratrees_p1_20260529_182607,P1_thiram_presence,Thiram Presence,5,1142,1542.0,0
shap_feature_selection_extratrees_p1_20260529_182607,P1_thiram_presence,Thiram Presence,5,1143,1543.0,0
shap_feature_selection_extratrees_p1_20260529_182607,P1_thiram_presence,Thiram Presence,5,1144,1544.0,0
shap_feature_selection_extratrees_p1_20260529_182607,P1_thiram_presence,Thiram Presence,5,1145,1545.0,0
shap_feature_selection_extratrees_p1_20260529_182607,P1_thiram_presence,Thiram Presence,5,1146,1546.0,0
shap_feature_selection_extratrees_p1_20260529_182607,P1_thiram_presence,Thiram Presence,5,1147,1547.0,1
shap_feature_selection_extratrees_p1_20260529_182607,P1_thiram_presence,Thiram Presence,5,1148,1548.0,1
shap_feature_selection_extratrees_p1_20260529_182607,P1_thiram_presence,Thiram Presence,5,1149,1549.0,0
shap_feature_selection_extratrees_p1_20260529_182607,P1_thiram_presence,Thiram Presence,5,1150,1550.0,1
shap_feature_selection_extratrees_p1_20260529_182607,P1_thiram_presence,Thiram Presence,5,1151,1551.0,0
shap_feature_selection_extratrees_p1_20260529_182607,P1_thiram_presence,Thiram Presence,5,1152,1552.0,0
shap_feature_selection_extratrees_p1_20260529_182607,P1_thiram_presence,Thiram Presence,5,1153,1553.0,0
shap_feature_selection_extratrees_p1_20260529_182607,P1_thiram_presence,Thiram Presence,5,1154,1554.0,0
shap_feature_selection_extratrees_p1_20260529_182607,P1_thiram_presence,Thiram Presence,5,1155,1555.0,0
shap_feature_selection_extratrees_p1_20260529_182607,P1_thiram_presence,Thiram Presence,5,1156,1556.0,0
shap_feature_selection_extratrees_p1_20260529_182607,P1_thiram_presence,Thiram Presence,5,1157,1557.0,0
shap_feature_selection_extratrees_p1_20260529_182607,P1_thiram_presence,Thiram Presence,5,1158,1558.0,0
shap_feature_selection_extratrees_p1_20260529_182607,P1_thiram_presence,Thiram Presence,5,1159,1559.0,0
shap_feature_selection_extratrees_p1_20260529_182607,P1_thiram_presence,Thiram Presence,5,1160,1560.0,0
shap_feature_selection_extratrees_p1_20260529_182607,P1_thiram_presence,Thiram Presence,5,1161,1561.0,0
shap_feature_selection_extratrees_p1_20260529_182607,P1_thiram_presence,Thiram Presence,5,1162,1562.0,0
shap_feature_selection_extratrees_p1_20260529_182607,P1_thiram_presence,Thiram Presence,5,1163,1563.0,0
shap_feature_selection_extratrees_p1_20260529_182607,P1_thiram_presence,Thiram Presence,5,1164,1564.0,0
shap_feature_selection_extratrees_p1_20260529_182607,P1_thiram_presence,Thiram Presence,5,1165,1565.0,0
shap_feature_selection_extratrees_p1_20260529_182607,P1_thiram_presence,Thiram Presence,5,1166,1566.0,0
shap_feature_selection_extratrees_p1_20260529_182607,P1_thiram_presence,Thiram Presence,5,1167,1567.0,0
shap_feature_selection_extratrees_p1_20260529_182607,P1_thiram_presence,Thiram Presence,5,1168,1568.0,0
shap_feature_selection_extratrees_p1_20260529_182607,P1_thiram_presence,Thiram Presence,5,1169,1569.0,0
shap_feature_selection_extratrees_p1_20260529_182607,P1_thiram_presence,Thiram Presence,5,1170,1570.0,0
shap_feature_selection_extratrees_p1_20260529_182607,P1_thiram_presence,Thiram Presence,5,1171,1571.0,0
shap_feature_selection_extratrees_p1_20260529_182607,P1_thiram_presence,Thiram Presence,5,1172,1572.0,0
shap_feature_selection_extratrees_p1_20260529_182607,P1_thiram_presence,Thiram Presence,5,1173,1573.0,0
shap_feature_selection_extratrees_p1_20260529_182607,P1_thiram_presence,Thiram Presence,5,1174,1574.0,0
shap_feature_selection_extratrees_p1_20260529_182607,P1_thiram_presence,Thiram Presence,5,1175,1575.0,0
shap_feature_selection_extratrees_p1_20260529_182607,P1_thiram_presence,Thiram Presence,5,1176,1576.0,0
shap_feature_selection_extratrees_p1_20260529_182607,P1_thiram_presence,Thiram Presence,5,1177,1577.0,0
shap_feature_selection_extratrees_p1_20260529_182607,P1_thiram_presence,Thiram Presence,5,1178,1578.0,0
shap_feature_selection_extratrees_p1_20260529_182607,P1_thiram_presence,Thiram Presence,5,1179,1579.0,0
shap_feature_selection_extratrees_p1_20260529_182607,P1_thiram_presence,Thiram Presence,5,1180,1580.0,0
shap_feature_selection_extratrees_p1_20260529_182607,P1_thiram_presence,Thiram Presence,5,1181,1581.0,0
shap_feature_selection_extratrees_p1_20260529_182607,P1_thiram_presence,Thiram Presence,5,1182,1582.0,0
shap_feature_selection_extratrees_p1_20260529_182607,P1_thiram_presence,Thiram Presence,5,1183,1583.0,0
shap_feature_selection_extratrees_p1_20260529_182607,P1_thiram_presence,Thiram Presence,5,1184,1584.0,0
shap_feature_selection_extratrees_p1_20260529_182607,P1_thiram_presence,Thiram Presence,5,1185,1585.0,0
shap_feature_selection_extratrees_p1_20260529_182607,P1_thiram_presence,Thiram Presence,5,1186,1586.0,1
shap_feature_selection_extratrees_p1_20260529_182607,P1_thiram_presence,Thiram Presence,5,1187,1587.0,1
shap_feature_selection_extratrees_p1_20260529_182607,P1_thiram_presence,Thiram Presence,5,1188,1588.0,1
shap_feature_selection_extratrees_p1_20260529_182607,P1_thiram_presence,Thiram Presence,5,1189,1589.0,0
shap_feature_selection_extratrees_p1_20260529_182607,P1_thiram_presence,Thiram Presence,5,1190,1590.0,0
shap_feature_selection_extratrees_p1_20260529_182607,P1_thiram_presence,Thiram Presence,5,1191,1591.0,0
shap_feature_selection_extratrees_p1_20260529_182607,P1_thiram_presence,Thiram Presence,5,1192,1592.0,0
shap_feature_selection_extratrees_p1_20260529_182607,P1_thiram_presence,Thiram Presence,5,1193,1593.0,0
shap_feature_selection_extratrees_p1_20260529_182607,P1_thiram_presence,Thiram Presence,5,1194,1594.0,0
shap_feature_selection_extratrees_p1_20260529_182607,P1_thiram_presence,Thiram Presence,5,1195,1595.0,0
shap_feature_selection_extratrees_p1_20260529_182607,P1_thiram_presence,Thiram Presence,5,1196,1596.0,0
shap_feature_selection_extratrees_p1_20260529_182607,P1_thiram_presence,Thiram Presence,5,1197,1597.0,0
shap_feature_selection_extratrees_p1_20260529_182607,P1_thiram_presence,Thiram Presence,5,1198,1598.0,0
shap_feature_selection_extratrees_p1_20260529_182607,P1_thiram_presence,Thiram Presence,5,1199,1599.0,0
shap_feature_selection_extratrees_p1_20260529_182607,P1_thiram_presence,Thiram Presence,5,1200,1600.0,0
shap_feature_selection_extratrees_p1_20260529_182607,P1_thiram_presence,Thiram Presence,5,1201,1601.0,0
shap_feature_selection_extratrees_p1_20260529_182607,P1_thiram_presence,Thiram Presence,5,1202,1602.0,0
shap_feature_selection_extratrees_p1_20260529_182607,P1_thiram_presence,Thiram Presence,5,1203,1603.0,0
shap_feature_selection_extratrees_p1_20260529_182607,P1_thiram_presence,Thiram Presence,5,1204,1604.0,0
shap_feature_selection_extratrees_p1_20260529_182607,P1_thiram_presence,Thiram Presence,5,1205,1605.0,0
shap_feature_selection_extratrees_p1_20260529_182607,P1_thiram_presence,Thiram Presence,5,1206,1606.0,0
shap_feature_selection_extratrees_p1_20260529_182607,P1_thiram_presence,Thiram Presence,5,1207,1607.0,0
shap_feature_selection_extratrees_p1_20260529_182607,P1_thiram_presence,Thiram Presence,5,1208,1608.0,0
shap_feature_selection_extratrees_p1_20260529_182607,P1_thiram_presence,Thiram Presence,5,1209,1609.0,0
shap_feature_selection_extratrees_p1_20260529_182607,P1_thiram_presence,Thiram Presence,5,1210,1610.0,0
shap_feature_selection_extratrees_p1_20260529_182607,P1_thiram_presence,Thiram Presence,5,1211,1611.0,0
shap_feature_selection_extratrees_p1_20260529_182607,P1_thiram_presence,Thiram Presence,5,1212,1612.0,0
shap_feature_selection_extratrees_p1_20260529_182607,P1_thiram_presence,Thiram Presence,5,1213,1613.0,0
shap_feature_selection_extratrees_p1_20260529_182607,P1_thiram_presence,Thiram Presence,5,1214,1614.0,0
shap_feature_selection_extratrees_p1_20260529_182607,P1_thiram_presence,Thiram Presence,5,1215,1615.0,0
shap_feature_selection_extratrees_p1_20260529_182607,P1_thiram_presence,Thiram Presence,5,1216,1616.0,0
shap_feature_selection_extratrees_p1_20260529_182607,P1_thiram_presence,Thiram Presence,5,1217,1617.0,0
shap_feature_selection_extratrees_p1_20260529_182607,P1_thiram_presence,Thiram Presence,5,1218,1618.0,0
shap_feature_selection_extratrees_p1_20260529_182607,P1_thiram_presence,Thiram Presence,5,1219,1619.0,0
shap_feature_selection_extratrees_p1_20260529_182607,P1_thiram_presence,Thiram Presence,5,1220,1620.0,0
shap_feature_selection_extratrees_p1_20260529_182607,P1_thiram_presence,Thiram Presence,5,1221,1621.0,0
shap_feature_selection_extratrees_p1_20260529_182607,P1_thiram_presence,Thiram Presence,5,1222,1622.0,0
shap_feature_selection_extratrees_p1_20260529_182607,P1_thiram_presence,Thiram Presence,5,1223,1623.0,0
shap_feature_selection_extratrees_p1_20260529_182607,P1_thiram_presence,Thiram Presence,5,1224,1624.0,0
shap_feature_selection_extratrees_p1_20260529_182607,P1_thiram_presence,Thiram Presence,5,1225,1625.0,0
shap_feature_selection_extratrees_p1_20260529_182607,P1_thiram_presence,Thiram Presence,5,1226,1626.0,0
shap_feature_selection_extratrees_p1_20260529_182607,P1_thiram_presence,Thiram Presence,5,1227,1627.0,0
shap_feature_selection_extratrees_p1_20260529_182607,P1_thiram_presence,Thiram Presence,5,1228,1628.0,0
shap_feature_selection_extratrees_p1_20260529_182607,P1_thiram_presence,Thiram Presence,5,1229,1629.0,0
shap_feature_selection_extratrees_p1_20260529_182607,P1_thiram_presence,Thiram Presence,5,1230,1630.0,0
shap_feature_selection_extratrees_p1_20260529_182607,P1_thiram_presence,Thiram Presence,5,1231,1631.0,0
shap_feature_selection_extratrees_p1_20260529_182607,P1_thiram_presence,Thiram Presence,5,1232,1632.0,0
shap_feature_selection_extratrees_p1_20260529_182607,P1_thiram_presence,Thiram Presence,5,1233,1633.0,0
shap_feature_selection_extratrees_p1_20260529_182607,P1_thiram_presence,Thiram Presence,5,1234,1634.0,0
shap_feature_selection_extratrees_p1_20260529_182607,P1_thiram_presence,Thiram Presence,5,1235,1635.0,0
shap_feature_selection_extratrees_p1_20260529_182607,P1_thiram_presence,Thiram Presence,5,1236,1636.0,0
shap_feature_selection_extratrees_p1_20260529_182607,P1_thiram_presence,Thiram Presence,5,1237,1637.0,0
shap_feature_selection_extratrees_p1_20260529_182607,P1_thiram_presence,Thiram Presence,5,1238,1638.0,0
shap_feature_selection_extratrees_p1_20260529_182607,P1_thiram_presence,Thiram Presence,5,1239,1639.0,0
shap_feature_selection_extratrees_p1_20260529_182607,P1_thiram_presence,Thiram Presence,5,1240,1640.0,0
shap_feature_selection_extratrees_p1_20260529_182607,P1_thiram_presence,Thiram Presence,5,1241,1641.0,0
shap_feature_selection_extratrees_p1_20260529_182607,P1_thiram_presence,Thiram Presence,5,1242,1642.0,0
shap_feature_selection_extratrees_p1_20260529_182607,P1_thiram_presence,Thiram Presence,5,1243,1643.0,0
shap_feature_selection_extratrees_p1_20260529_182607,P1_thiram_presence,Thiram Presence,5,1244,1644.0,0
shap_feature_selection_extratrees_p1_20260529_182607,P1_thiram_presence,Thiram Presence,5,1245,1645.0,0
shap_feature_selection_extratrees_p1_20260529_182607,P1_thiram_presence,Thiram Presence,5,1246,1646.0,0
shap_feature_selection_extratrees_p1_20260529_182607,P1_thiram_presence,Thiram Presence,5,1247,1647.0,0
shap_feature_selection_extratrees_p1_20260529_182607,P1_thiram_presence,Thiram Presence,5,1248,1648.0,0
shap_feature_selection_extratrees_p1_20260529_182607,P1_thiram_presence,Thiram Presence,5,1249,1649.0,0
shap_feature_selection_extratrees_p1_20260529_182607,P1_thiram_presence,Thiram Presence,5,1250,1650.0,0
shap_feature_selection_extratrees_p1_20260529_182607,P1_thiram_presence,Thiram Presence,5,1251,1651.0,0
shap_feature_selection_extratrees_p1_20260529_182607,P1_thiram_presence,Thiram Presence,5,1252,1652.0,0
shap_feature_selection_extratrees_p1_20260529_182607,P1_thiram_presence,Thiram Presence,5,1253,1653.0,0
shap_feature_selection_extratrees_p1_20260529_182607,P1_thiram_presence,Thiram Presence,5,1254,1654.0,0
shap_feature_selection_extratrees_p1_20260529_182607,P1_thiram_presence,Thiram Presence,5,1255,1655.0,0
shap_feature_selection_extratrees_p1_20260529_182607,P1_thiram_presence,Thiram Presence,5,1256,1656.0,0
shap_feature_selection_extratrees_p1_20260529_182607,P1_thiram_presence,Thiram Presence,5,1257,1657.0,0
shap_feature_selection_extratrees_p1_20260529_182607,P1_thiram_presence,Thiram Presence,5,1258,1658.0,0
shap_feature_selection_extratrees_p1_20260529_182607,P1_thiram_presence,Thiram Presence,5,1259,1659.0,0
shap_feature_selection_extratrees_p1_20260529_182607,P1_thiram_presence,Thiram Presence,5,1260,1660.0,0
shap_feature_selection_extratrees_p1_20260529_182607,P1_thiram_presence,Thiram Presence,5,1261,1661.0,0
shap_feature_selection_extratrees_p1_20260529_182607,P1_thiram_presence,Thiram Presence,5,1262,1662.0,0
shap_feature_selection_extratrees_p1_20260529_182607,P1_thiram_presence,Thiram Presence,5,1263,1663.0,0
shap_feature_selection_extratrees_p1_20260529_182607,P1_thiram_presence,Thiram Presence,5,1264,1664.0,0
shap_feature_selection_extratrees_p1_20260529_182607,P1_thiram_presence,Thiram Presence,5,1265,1665.0,0
shap_feature_selection_extratrees_p1_20260529_182607,P1_thiram_presence,Thiram Presence,5,1266,1666.0,0
shap_feature_selection_extratrees_p1_20260529_182607,P1_thiram_presence,Thiram Presence,5,1267,1667.0,0
shap_feature_selection_extratrees_p1_20260529_182607,P1_thiram_presence,Thiram Presence,5,1268,1668.0,0
shap_feature_selection_extratrees_p1_20260529_182607,P1_thiram_presence,Thiram Presence,5,1269,1669.0,0
shap_feature_selection_extratrees_p1_20260529_182607,P1_thiram_presence,Thiram Presence,5,1270,1670.0,0
shap_feature_selection_extratrees_p1_20260529_182607,P1_thiram_presence,Thiram Presence,5,1271,1671.0,0
shap_feature_selection_extratrees_p1_20260529_182607,P1_thiram_presence,Thiram Presence,5,1272,1672.0,0
shap_feature_selection_extratrees_p1_20260529_182607,P1_thiram_presence,Thiram Presence,5,1273,1673.0,0
shap_feature_selection_extratrees_p1_20260529_182607,P1_thiram_presence,Thiram Presence,5,1274,1674.0,0
shap_feature_selection_extratrees_p1_20260529_182607,P1_thiram_presence,Thiram Presence,5,1275,1675.0,0
shap_feature_selection_extratrees_p1_20260529_182607,P1_thiram_presence,Thiram Presence,5,1276,1676.0,0
shap_feature_selection_extratrees_p1_20260529_182607,P1_thiram_presence,Thiram Presence,5,1277,1677.0,0
shap_feature_selection_extratrees_p1_20260529_182607,P1_thiram_presence,Thiram Presence,5,1278,1678.0,0
shap_feature_selection_extratrees_p1_20260529_182607,P1_thiram_presence,Thiram Presence,5,1279,1679.0,0
shap_feature_selection_extratrees_p1_20260529_182607,P1_thiram_presence,Thiram Presence,5,1280,1680.0,0
shap_feature_selection_extratrees_p1_20260529_182607,P1_thiram_presence,Thiram Presence,5,1281,1681.0,0
shap_feature_selection_extratrees_p1_20260529_182607,P1_thiram_presence,Thiram Presence,5,1282,1682.0,0
shap_feature_selection_extratrees_p1_20260529_182607,P1_thiram_presence,Thiram Presence,5,1283,1683.0,0
shap_feature_selection_extratrees_p1_20260529_182607,P1_thiram_presence,Thiram Presence,5,1284,1684.0,0
shap_feature_selection_extratrees_p1_20260529_182607,P1_thiram_presence,Thiram Presence,5,1285,1685.0,0
shap_feature_selection_extratrees_p1_20260529_182607,P1_thiram_presence,Thiram Presence,5,1286,1686.0,0
shap_feature_selection_extratrees_p1_20260529_182607,P1_thiram_presence,Thiram Presence,5,1287,1687.0,0
shap_feature_selection_extratrees_p1_20260529_182607,P1_thiram_presence,Thiram Presence,5,1288,1688.0,0
shap_feature_selection_extratrees_p1_20260529_182607,P1_thiram_presence,Thiram Presence,5,1289,1689.0,0
shap_feature_selection_extratrees_p1_20260529_182607,P1_thiram_presence,Thiram Presence,5,1290,1690.0,0
shap_feature_selection_extratrees_p1_20260529_182607,P1_thiram_presence,Thiram Presence,5,1291,1691.0,0
shap_feature_selection_extratrees_p1_20260529_182607,P1_thiram_presence,Thiram Presence,5,1292,1692.0,0
shap_feature_selection_extratrees_p1_20260529_182607,P1_thiram_presence,Thiram Presence,5,1293,1693.0,0
shap_feature_selection_extratrees_p1_20260529_182607,P1_thiram_presence,Thiram Presence,5,1294,1694.0,0
shap_feature_selection_extratrees_p1_20260529_182607,P1_thiram_presence,Thiram Presence,5,1295,1695.0,0
shap_feature_selection_extratrees_p1_20260529_182607,P1_thiram_presence,Thiram Presence,5,1296,1696.0,0
shap_feature_selection_extratrees_p1_20260529_182607,P1_thiram_presence,Thiram Presence,5,1297,1697.0,0
shap_feature_selection_extratrees_p1_20260529_182607,P1_thiram_presence,Thiram Presence,5,1298,1698.0,0
shap_feature_selection_extratrees_p1_20260529_182607,P1_thiram_presence,Thiram Presence,5,1299,1699.0,0
shap_feature_selection_extratrees_p1_20260529_182607,P1_thiram_presence,Thiram Presence,5,1300,1700.0,0
shap_feature_selection_extratrees_p1_20260529_182607,P1_thiram_presence,Thiram Presence,5,1301,1701.0,0
shap_feature_selection_extratrees_p1_20260529_182607,P1_thiram_presence,Thiram Presence,5,1302,1702.0,0
shap_feature_selection_extratrees_p1_20260529_182607,P1_thiram_presence,Thiram Presence,5,1303,1703.0,0
shap_feature_selection_extratrees_p1_20260529_182607,P1_thiram_presence,Thiram Presence,5,1304,1704.0,0
shap_feature_selection_extratrees_p1_20260529_182607,P1_thiram_presence,Thiram Presence,5,1305,1705.0,0
shap_feature_selection_extratrees_p1_20260529_182607,P1_thiram_presence,Thiram Presence,5,1306,1706.0,0
shap_feature_selection_extratrees_p1_20260529_182607,P1_thiram_presence,Thiram Presence,5,1307,1707.0,0
shap_feature_selection_extratrees_p1_20260529_182607,P1_thiram_presence,Thiram Presence,5,1308,1708.0,0
shap_feature_selection_extratrees_p1_20260529_182607,P1_thiram_presence,Thiram Presence,5,1309,1709.0,0
shap_feature_selection_extratrees_p1_20260529_182607,P1_thiram_presence,Thiram Presence,5,1310,1710.0,0
shap_feature_selection_extratrees_p1_20260529_182607,P1_thiram_presence,Thiram Presence,5,1311,1711.0,0
shap_feature_selection_extratrees_p1_20260529_182607,P1_thiram_presence,Thiram Presence,5,1312,1712.0,0
shap_feature_selection_extratrees_p1_20260529_182607,P1_thiram_presence,Thiram Presence,5,1313,1713.0,0
shap_feature_selection_extratrees_p1_20260529_182607,P1_thiram_presence,Thiram Presence,5,1314,1714.0,0
shap_feature_selection_extratrees_p1_20260529_182607,P1_thiram_presence,Thiram Presence,5,1315,1715.0,0
shap_feature_selection_extratrees_p1_20260529_182607,P1_thiram_presence,Thiram Presence,5,1316,1716.0,0
shap_feature_selection_extratrees_p1_20260529_182607,P1_thiram_presence,Thiram Presence,5,1317,1717.0,0
shap_feature_selection_extratrees_p1_20260529_182607,P1_thiram_presence,Thiram Presence,5,1318,1718.0,0
shap_feature_selection_extratrees_p1_20260529_182607,P1_thiram_presence,Thiram Presence,5,1319,1719.0,0
shap_feature_selection_extratrees_p1_20260529_182607,P1_thiram_presence,Thiram Presence,5,1320,1720.0,0
shap_feature_selection_extratrees_p1_20260529_182607,P1_thiram_presence,Thiram Presence,5,1321,1721.0,0
shap_feature_selection_extratrees_p1_20260529_182607,P1_thiram_presence,Thiram Presence,5,1322,1722.0,0
shap_feature_selection_extratrees_p1_20260529_182607,P1_thiram_presence,Thiram Presence,5,1323,1723.0,0
shap_feature_selection_extratrees_p1_20260529_182607,P1_thiram_presence,Thiram Presence,5,1324,1724.0,0
shap_feature_selection_extratrees_p1_20260529_182607,P1_thiram_presence,Thiram Presence,5,1325,1725.0,0
shap_feature_selection_extratrees_p1_20260529_182607,P1_thiram_presence,Thiram Presence,5,1326,1726.0,0
shap_feature_selection_extratrees_p1_20260529_182607,P1_thiram_presence,Thiram Presence,5,1327,1727.0,0
shap_feature_selection_extratrees_p1_20260529_182607,P1_thiram_presence,Thiram Presence,5,1328,1728.0,0
shap_feature_selection_extratrees_p1_20260529_182607,P1_thiram_presence,Thiram Presence,5,1329,1729.0,0
shap_feature_selection_extratrees_p1_20260529_182607,P1_thiram_presence,Thiram Presence,5,1330,1730.0,0
shap_feature_selection_extratrees_p1_20260529_182607,P1_thiram_presence,Thiram Presence,5,1331,1731.0,0
shap_feature_selection_extratrees_p1_20260529_182607,P1_thiram_presence,Thiram Presence,5,1332,1732.0,0
shap_feature_selection_extratrees_p1_20260529_182607,P1_thiram_presence,Thiram Presence,5,1333,1733.0,0
shap_feature_selection_extratrees_p1_20260529_182607,P1_thiram_presence,Thiram Presence,5,1334,1734.0,0
shap_feature_selection_extratrees_p1_20260529_182607,P1_thiram_presence,Thiram Presence,5,1335,1735.0,0
shap_feature_selection_extratrees_p1_20260529_182607,P1_thiram_presence,Thiram Presence,5,1336,1736.0,0
shap_feature_selection_extratrees_p1_20260529_182607,P1_thiram_presence,Thiram Presence,5,1337,1737.0,0
shap_feature_selection_extratrees_p1_20260529_182607,P1_thiram_presence,Thiram Presence,5,1338,1738.0,0
shap_feature_selection_extratrees_p1_20260529_182607,P1_thiram_presence,Thiram Presence,5,1339,1739.0,0
shap_feature_selection_extratrees_p1_20260529_182607,P1_thiram_presence,Thiram Presence,5,1340,1740.0,0
shap_feature_selection_extratrees_p1_20260529_182607,P1_thiram_presence,Thiram Presence,5,1341,1741.0,0
shap_feature_selection_extratrees_p1_20260529_182607,P1_thiram_presence,Thiram Presence,5,1342,1742.0,0
shap_feature_selection_extratrees_p1_20260529_182607,P1_thiram_presence,Thiram Presence,5,1343,1743.0,0
shap_feature_selection_extratrees_p1_20260529_182607,P1_thiram_presence,Thiram Presence,5,1344,1744.0,0
shap_feature_selection_extratrees_p1_20260529_182607,P1_thiram_presence,Thiram Presence,5,1345,1745.0,0
shap_feature_selection_extratrees_p1_20260529_182607,P1_thiram_presence,Thiram Presence,5,1346,1746.0,0
shap_feature_selection_extratrees_p1_20260529_182607,P1_thiram_presence,Thiram Presence,5,1347,1747.0,0
shap_feature_selection_extratrees_p1_20260529_182607,P1_thiram_presence,Thiram Presence,5,1348,1748.0,0
shap_feature_selection_extratrees_p1_20260529_182607,P1_thiram_presence,Thiram Presence,5,1349,1749.0,0
shap_feature_selection_extratrees_p1_20260529_182607,P1_thiram_presence,Thiram Presence,5,1350,1750.0,0
shap_feature_selection_extratrees_p1_20260529_182607,P1_thiram_presence,Thiram Presence,5,1351,1751.0,0
shap_feature_selection_extratrees_p1_20260529_182607,P1_thiram_presence,Thiram Presence,5,1352,1752.0,0
shap_feature_selection_extratrees_p1_20260529_182607,P1_thiram_presence,Thiram Presence,5,1353,1753.0,0
shap_feature_selection_extratrees_p1_20260529_182607,P1_thiram_presence,Thiram Presence,5,1354,1754.0,0
shap_feature_selection_extratrees_p1_20260529_182607,P1_thiram_presence,Thiram Presence,5,1355,1755.0,0
shap_feature_selection_extratrees_p1_20260529_182607,P1_thiram_presence,Thiram Presence,5,1356,1756.0,0
shap_feature_selection_extratrees_p1_20260529_182607,P1_thiram_presence,Thiram Presence,5,1357,1757.0,0
shap_feature_selection_extratrees_p1_20260529_182607,P1_thiram_presence,Thiram Presence,5,1358,1758.0,0
shap_feature_selection_extratrees_p1_20260529_182607,P1_thiram_presence,Thiram Presence,5,1359,1759.0,0
shap_feature_selection_extratrees_p1_20260529_182607,P1_thiram_presence,Thiram Presence,5,1360,1760.0,0
shap_feature_selection_extratrees_p1_20260529_182607,P1_thiram_presence,Thiram Presence,5,1361,1761.0,0
shap_feature_selection_extratrees_p1_20260529_182607,P1_thiram_presence,Thiram Presence,5,1362,1762.0,0
shap_feature_selection_extratrees_p1_20260529_182607,P1_thiram_presence,Thiram Presence,5,1363,1763.0,0
shap_feature_selection_extratrees_p1_20260529_182607,P1_thiram_presence,Thiram Presence,5,1364,1764.0,0
shap_feature_selection_extratrees_p1_20260529_182607,P1_thiram_presence,Thiram Presence,5,1365,1765.0,0
shap_feature_selection_extratrees_p1_20260529_182607,P1_thiram_presence,Thiram Presence,5,1366,1766.0,0
shap_feature_selection_extratrees_p1_20260529_182607,P1_thiram_presence,Thiram Presence,5,1367,1767.0,0
shap_feature_selection_extratrees_p1_20260529_182607,P1_thiram_presence,Thiram Presence,5,1368,1768.0,0
shap_feature_selection_extratrees_p1_20260529_182607,P1_thiram_presence,Thiram Presence,5,1369,1769.0,0
shap_feature_selection_extratrees_p1_20260529_182607,P1_thiram_presence,Thiram Presence,5,1370,1770.0,0
shap_feature_selection_extratrees_p1_20260529_182607,P1_thiram_presence,Thiram Presence,5,1371,1771.0,0
shap_feature_selection_extratrees_p1_20260529_182607,P1_thiram_presence,Thiram Presence,5,1372,1772.0,0
shap_feature_selection_extratrees_p1_20260529_182607,P1_thiram_presence,Thiram Presence,5,1373,1773.0,0
shap_feature_selection_extratrees_p1_20260529_182607,P1_thiram_presence,Thiram Presence,5,1374,1774.0,0
shap_feature_selection_extratrees_p1_20260529_182607,P1_thiram_presence,Thiram Presence,5,1375,1775.0,0
shap_feature_selection_extratrees_p1_20260529_182607,P1_thiram_presence,Thiram Presence,5,1376,1776.0,0
shap_feature_selection_extratrees_p1_20260529_182607,P1_thiram_presence,Thiram Presence,5,1377,1777.0,0
shap_feature_selection_extratrees_p1_20260529_182607,P1_thiram_presence,Thiram Presence,5,1378,1778.0,0
shap_feature_selection_extratrees_p1_20260529_182607,P1_thiram_presence,Thiram Presence,5,1379,1779.0,0
shap_feature_selection_extratrees_p1_20260529_182607,P1_thiram_presence,Thiram Presence,5,1380,1780.0,0
shap_feature_selection_extratrees_p1_20260529_182607,P1_thiram_presence,Thiram Presence,5,1381,1781.0,0
shap_feature_selection_extratrees_p1_20260529_182607,P1_thiram_presence,Thiram Presence,5,1382,1782.0,0
shap_feature_selection_extratrees_p1_20260529_182607,P1_thiram_presence,Thiram Presence,5,1383,1783.0,0
shap_feature_selection_extratrees_p1_20260529_182607,P1_thiram_presence,Thiram Presence,5,1384,1784.0,0
shap_feature_selection_extratrees_p1_20260529_182607,P1_thiram_presence,Thiram Presence,5,1385,1785.0,0
shap_feature_selection_extratrees_p1_20260529_182607,P1_thiram_presence,Thiram Presence,5,1386,1786.0,0
shap_feature_selection_extratrees_p1_20260529_182607,P1_thiram_presence,Thiram Presence,5,1387,1787.0,0
shap_feature_selection_extratrees_p1_20260529_182607,P1_thiram_presence,Thiram Presence,5,1388,1788.0,0
shap_feature_selection_extratrees_p1_20260529_182607,P1_thiram_presence,Thiram Presence,5,1389,1789.0,0
shap_feature_selection_extratrees_p1_20260529_182607,P1_thiram_presence,Thiram Presence,5,1390,1790.0,0
shap_feature_selection_extratrees_p1_20260529_182607,P1_thiram_presence,Thiram Presence,5,1391,1791.0,0
shap_feature_selection_extratrees_p1_20260529_182607,P1_thiram_presence,Thiram Presence,5,1392,1792.0,0
shap_feature_selection_extratrees_p1_20260529_182607,P1_thiram_presence,Thiram Presence,5,1393,1793.0,0
shap_feature_selection_extratrees_p1_20260529_182607,P1_thiram_presence,Thiram Presence,5,1394,1794.0,0
shap_feature_selection_extratrees_p1_20260529_182607,P1_thiram_presence,Thiram Presence,5,1395,1795.0,0
shap_feature_selection_extratrees_p1_20260529_182607,P1_thiram_presence,Thiram Presence,5,1396,1796.0,0
shap_feature_selection_extratrees_p1_20260529_182607,P1_thiram_presence,Thiram Presence,5,1397,1797.0,0
shap_feature_selection_extratrees_p1_20260529_182607,P1_thiram_presence,Thiram Presence,5,1398,1798.0,0
shap_feature_selection_extratrees_p1_20260529_182607,P1_thiram_presence,Thiram Presence,5,1399,1799.0,0
shap_feature_selection_extratrees_p1_20260529_182607,P1_thiram_presence,Thiram Presence,5,1400,1800.0,0
shap_feature_selection_extratrees_p1_20260529_182607,P2_mg_presence,MG Presence,5,0,400.0,0
shap_feature_selection_extratrees_p1_20260529_182607,P2_mg_presence,MG Presence,5,1,401.0,0
shap_feature_selection_extratrees_p1_20260529_182607,P2_mg_presence,MG Presence,5,2,402.0,0
shap_feature_selection_extratrees_p1_20260529_182607,P2_mg_presence,MG Presence,5,3,403.0,0
shap_feature_selection_extratrees_p1_20260529_182607,P2_mg_presence,MG Presence,5,4,404.0,0
shap_feature_selection_extratrees_p1_20260529_182607,P2_mg_presence,MG Presence,5,5,405.0,0
shap_feature_selection_extratrees_p1_20260529_182607,P2_mg_presence,MG Presence,5,6,406.0,0
shap_feature_selection_extratrees_p1_20260529_182607,P2_mg_presence,MG Presence,5,7,407.0,0
shap_feature_selection_extratrees_p1_20260529_182607,P2_mg_presence,MG Presence,5,8,408.0,0
shap_feature_selection_extratrees_p1_20260529_182607,P2_mg_presence,MG Presence,5,9,409.0,0
shap_feature_selection_extratrees_p1_20260529_182607,P2_mg_presence,MG Presence,5,10,410.0,1
shap_feature_selection_extratrees_p1_20260529_182607,P2_mg_presence,MG Presence,5,11,411.0,1
shap_feature_selection_extratrees_p1_20260529_182607,P2_mg_presence,MG Presence,5,12,412.0,0
shap_feature_selection_extratrees_p1_20260529_182607,P2_mg_presence,MG Presence,5,13,413.0,0
shap_feature_selection_extratrees_p1_20260529_182607,P2_mg_presence,MG Presence,5,14,414.0,0
shap_feature_selection_extratrees_p1_20260529_182607,P2_mg_presence,MG Presence,5,15,415.0,0
shap_feature_selection_extratrees_p1_20260529_182607,P2_mg_presence,MG Presence,5,16,416.0,0
shap_feature_selection_extratrees_p1_20260529_182607,P2_mg_presence,MG Presence,5,17,417.0,0
shap_feature_selection_extratrees_p1_20260529_182607,P2_mg_presence,MG Presence,5,18,418.0,0
shap_feature_selection_extratrees_p1_20260529_182607,P2_mg_presence,MG Presence,5,19,419.0,0
shap_feature_selection_extratrees_p1_20260529_182607,P2_mg_presence,MG Presence,5,20,420.0,0
shap_feature_selection_extratrees_p1_20260529_182607,P2_mg_presence,MG Presence,5,21,421.0,0
shap_feature_selection_extratrees_p1_20260529_182607,P2_mg_presence,MG Presence,5,22,422.0,0
shap_feature_selection_extratrees_p1_20260529_182607,P2_mg_presence,MG Presence,5,23,423.0,0
shap_feature_selection_extratrees_p1_20260529_182607,P2_mg_presence,MG Presence,5,24,424.0,0
shap_feature_selection_extratrees_p1_20260529_182607,P2_mg_presence,MG Presence,5,25,425.0,0
shap_feature_selection_extratrees_p1_20260529_182607,P2_mg_presence,MG Presence,5,26,426.0,0
shap_feature_selection_extratrees_p1_20260529_182607,P2_mg_presence,MG Presence,5,27,427.0,0
shap_feature_selection_extratrees_p1_20260529_182607,P2_mg_presence,MG Presence,5,28,428.0,0
shap_feature_selection_extratrees_p1_20260529_182607,P2_mg_presence,MG Presence,5,29,429.0,1
shap_feature_selection_extratrees_p1_20260529_182607,P2_mg_presence,MG Presence,5,30,430.0,0
shap_feature_selection_extratrees_p1_20260529_182607,P2_mg_presence,MG Presence,5,31,431.0,0
shap_feature_selection_extratrees_p1_20260529_182607,P2_mg_presence,MG Presence,5,32,432.0,0
shap_feature_selection_extratrees_p1_20260529_182607,P2_mg_presence,MG Presence,5,33,433.0,0
shap_feature_selection_extratrees_p1_20260529_182607,P2_mg_presence,MG Presence,5,34,434.0,0
shap_feature_selection_extratrees_p1_20260529_182607,P2_mg_presence,MG Presence,5,35,435.0,0
shap_feature_selection_extratrees_p1_20260529_182607,P2_mg_presence,MG Presence,5,36,436.0,0
shap_feature_selection_extratrees_p1_20260529_182607,P2_mg_presence,MG Presence,5,37,437.0,0
shap_feature_selection_extratrees_p1_20260529_182607,P2_mg_presence,MG Presence,5,38,438.0,0
shap_feature_selection_extratrees_p1_20260529_182607,P2_mg_presence,MG Presence,5,39,439.0,0
shap_feature_selection_extratrees_p1_20260529_182607,P2_mg_presence,MG Presence,5,40,440.0,0
shap_feature_selection_extratrees_p1_20260529_182607,P2_mg_presence,MG Presence,5,41,441.0,0
shap_feature_selection_extratrees_p1_20260529_182607,P2_mg_presence,MG Presence,5,42,442.0,0
shap_feature_selection_extratrees_p1_20260529_182607,P2_mg_presence,MG Presence,5,43,443.0,0
shap_feature_selection_extratrees_p1_20260529_182607,P2_mg_presence,MG Presence,5,44,444.0,0
shap_feature_selection_extratrees_p1_20260529_182607,P2_mg_presence,MG Presence,5,45,445.0,0
shap_feature_selection_extratrees_p1_20260529_182607,P2_mg_presence,MG Presence,5,46,446.0,0
shap_feature_selection_extratrees_p1_20260529_182607,P2_mg_presence,MG Presence,5,47,447.0,0
shap_feature_selection_extratrees_p1_20260529_182607,P2_mg_presence,MG Presence,5,48,448.0,0
shap_feature_selection_extratrees_p1_20260529_182607,P2_mg_presence,MG Presence,5,49,449.0,0
shap_feature_selection_extratrees_p1_20260529_182607,P2_mg_presence,MG Presence,5,50,450.0,0
shap_feature_selection_extratrees_p1_20260529_182607,P2_mg_presence,MG Presence,5,51,451.0,0
shap_feature_selection_extratrees_p1_20260529_182607,P2_mg_presence,MG Presence,5,52,452.0,0
shap_feature_selection_extratrees_p1_20260529_182607,P2_mg_presence,MG Presence,5,53,453.0,0
shap_feature_selection_extratrees_p1_20260529_182607,P2_mg_presence,MG Presence,5,54,454.0,0
shap_feature_selection_extratrees_p1_20260529_182607,P2_mg_presence,MG Presence,5,55,455.0,0
shap_feature_selection_extratrees_p1_20260529_182607,P2_mg_presence,MG Presence,5,56,456.0,0
shap_feature_selection_extratrees_p1_20260529_182607,P2_mg_presence,MG Presence,5,57,457.0,0
shap_feature_selection_extratrees_p1_20260529_182607,P2_mg_presence,MG Presence,5,58,458.0,0
shap_feature_selection_extratrees_p1_20260529_182607,P2_mg_presence,MG Presence,5,59,459.0,0
shap_feature_selection_extratrees_p1_20260529_182607,P2_mg_presence,MG Presence,5,60,460.0,0
shap_feature_selection_extratrees_p1_20260529_182607,P2_mg_presence,MG Presence,5,61,461.0,0
shap_feature_selection_extratrees_p1_20260529_182607,P2_mg_presence,MG Presence,5,62,462.0,0
shap_feature_selection_extratrees_p1_20260529_182607,P2_mg_presence,MG Presence,5,63,463.0,0
shap_feature_selection_extratrees_p1_20260529_182607,P2_mg_presence,MG Presence,5,64,464.0,0
shap_feature_selection_extratrees_p1_20260529_182607,P2_mg_presence,MG Presence,5,65,465.0,0
shap_feature_selection_extratrees_p1_20260529_182607,P2_mg_presence,MG Presence,5,66,466.0,0
shap_feature_selection_extratrees_p1_20260529_182607,P2_mg_presence,MG Presence,5,67,467.0,0
shap_feature_selection_extratrees_p1_20260529_182607,P2_mg_presence,MG Presence,5,68,468.0,0
shap_feature_selection_extratrees_p1_20260529_182607,P2_mg_presence,MG Presence,5,69,469.0,0
shap_feature_selection_extratrees_p1_20260529_182607,P2_mg_presence,MG Presence,5,70,470.0,0
shap_feature_selection_extratrees_p1_20260529_182607,P2_mg_presence,MG Presence,5,71,471.0,0
shap_feature_selection_extratrees_p1_20260529_182607,P2_mg_presence,MG Presence,5,72,472.0,0
shap_feature_selection_extratrees_p1_20260529_182607,P2_mg_presence,MG Presence,5,73,473.0,0
shap_feature_selection_extratrees_p1_20260529_182607,P2_mg_presence,MG Presence,5,74,474.0,0
shap_feature_selection_extratrees_p1_20260529_182607,P2_mg_presence,MG Presence,5,75,475.0,0
shap_feature_selection_extratrees_p1_20260529_182607,P2_mg_presence,MG Presence,5,76,476.0,0
shap_feature_selection_extratrees_p1_20260529_182607,P2_mg_presence,MG Presence,5,77,477.0,0
shap_feature_selection_extratrees_p1_20260529_182607,P2_mg_presence,MG Presence,5,78,478.0,0
shap_feature_selection_extratrees_p1_20260529_182607,P2_mg_presence,MG Presence,5,79,479.0,0
shap_feature_selection_extratrees_p1_20260529_182607,P2_mg_presence,MG Presence,5,80,480.0,0
shap_feature_selection_extratrees_p1_20260529_182607,P2_mg_presence,MG Presence,5,81,481.0,0
shap_feature_selection_extratrees_p1_20260529_182607,P2_mg_presence,MG Presence,5,82,482.0,0
shap_feature_selection_extratrees_p1_20260529_182607,P2_mg_presence,MG Presence,5,83,483.0,0
shap_feature_selection_extratrees_p1_20260529_182607,P2_mg_presence,MG Presence,5,84,484.0,0
shap_feature_selection_extratrees_p1_20260529_182607,P2_mg_presence,MG Presence,5,85,485.0,0
shap_feature_selection_extratrees_p1_20260529_182607,P2_mg_presence,MG Presence,5,86,486.0,0
shap_feature_selection_extratrees_p1_20260529_182607,P2_mg_presence,MG Presence,5,87,487.0,0
shap_feature_selection_extratrees_p1_20260529_182607,P2_mg_presence,MG Presence,5,88,488.0,0
shap_feature_selection_extratrees_p1_20260529_182607,P2_mg_presence,MG Presence,5,89,489.0,0
shap_feature_selection_extratrees_p1_20260529_182607,P2_mg_presence,MG Presence,5,90,490.0,0
shap_feature_selection_extratrees_p1_20260529_182607,P2_mg_presence,MG Presence,5,91,491.0,0
shap_feature_selection_extratrees_p1_20260529_182607,P2_mg_presence,MG Presence,5,92,492.0,0
shap_feature_selection_extratrees_p1_20260529_182607,P2_mg_presence,MG Presence,5,93,493.0,0
shap_feature_selection_extratrees_p1_20260529_182607,P2_mg_presence,MG Presence,5,94,494.0,0
shap_feature_selection_extratrees_p1_20260529_182607,P2_mg_presence,MG Presence,5,95,495.0,0
shap_feature_selection_extratrees_p1_20260529_182607,P2_mg_presence,MG Presence,5,96,496.0,0
shap_feature_selection_extratrees_p1_20260529_182607,P2_mg_presence,MG Presence,5,97,497.0,0
shap_feature_selection_extratrees_p1_20260529_182607,P2_mg_presence,MG Presence,5,98,498.0,0
shap_feature_selection_extratrees_p1_20260529_182607,P2_mg_presence,MG Presence,5,99,499.0,0
shap_feature_selection_extratrees_p1_20260529_182607,P2_mg_presence,MG Presence,5,100,500.0,0
shap_feature_selection_extratrees_p1_20260529_182607,P2_mg_presence,MG Presence,5,101,501.0,0
shap_feature_selection_extratrees_p1_20260529_182607,P2_mg_presence,MG Presence,5,102,502.0,0
shap_feature_selection_extratrees_p1_20260529_182607,P2_mg_presence,MG Presence,5,103,503.0,0
shap_feature_selection_extratrees_p1_20260529_182607,P2_mg_presence,MG Presence,5,104,504.0,0
shap_feature_selection_extratrees_p1_20260529_182607,P2_mg_presence,MG Presence,5,105,505.0,0
shap_feature_selection_extratrees_p1_20260529_182607,P2_mg_presence,MG Presence,5,106,506.0,0
shap_feature_selection_extratrees_p1_20260529_182607,P2_mg_presence,MG Presence,5,107,507.0,0
shap_feature_selection_extratrees_p1_20260529_182607,P2_mg_presence,MG Presence,5,108,508.0,0
shap_feature_selection_extratrees_p1_20260529_182607,P2_mg_presence,MG Presence,5,109,509.0,0
shap_feature_selection_extratrees_p1_20260529_182607,P2_mg_presence,MG Presence,5,110,510.0,0
shap_feature_selection_extratrees_p1_20260529_182607,P2_mg_presence,MG Presence,5,111,511.0,0
shap_feature_selection_extratrees_p1_20260529_182607,P2_mg_presence,MG Presence,5,112,512.0,0
shap_feature_selection_extratrees_p1_20260529_182607,P2_mg_presence,MG Presence,5,113,513.0,0
shap_feature_selection_extratrees_p1_20260529_182607,P2_mg_presence,MG Presence,5,114,514.0,0
shap_feature_selection_extratrees_p1_20260529_182607,P2_mg_presence,MG Presence,5,115,515.0,0
shap_feature_selection_extratrees_p1_20260529_182607,P2_mg_presence,MG Presence,5,116,516.0,0
shap_feature_selection_extratrees_p1_20260529_182607,P2_mg_presence,MG Presence,5,117,517.0,0
shap_feature_selection_extratrees_p1_20260529_182607,P2_mg_presence,MG Presence,5,118,518.0,0
shap_feature_selection_extratrees_p1_20260529_182607,P2_mg_presence,MG Presence,5,119,519.0,0
shap_feature_selection_extratrees_p1_20260529_182607,P2_mg_presence,MG Presence,5,120,520.0,0
shap_feature_selection_extratrees_p1_20260529_182607,P2_mg_presence,MG Presence,5,121,521.0,0
shap_feature_selection_extratrees_p1_20260529_182607,P2_mg_presence,MG Presence,5,122,522.0,0
shap_feature_selection_extratrees_p1_20260529_182607,P2_mg_presence,MG Presence,5,123,523.0,0
shap_feature_selection_extratrees_p1_20260529_182607,P2_mg_presence,MG Presence,5,124,524.0,0
shap_feature_selection_extratrees_p1_20260529_182607,P2_mg_presence,MG Presence,5,125,525.0,0
shap_feature_selection_extratrees_p1_20260529_182607,P2_mg_presence,MG Presence,5,126,526.0,0
shap_feature_selection_extratrees_p1_20260529_182607,P2_mg_presence,MG Presence,5,127,527.0,0
shap_feature_selection_extratrees_p1_20260529_182607,P2_mg_presence,MG Presence,5,128,528.0,0
shap_feature_selection_extratrees_p1_20260529_182607,P2_mg_presence,MG Presence,5,129,529.0,0
shap_feature_selection_extratrees_p1_20260529_182607,P2_mg_presence,MG Presence,5,130,530.0,0
shap_feature_selection_extratrees_p1_20260529_182607,P2_mg_presence,MG Presence,5,131,531.0,0
shap_feature_selection_extratrees_p1_20260529_182607,P2_mg_presence,MG Presence,5,132,532.0,0
shap_feature_selection_extratrees_p1_20260529_182607,P2_mg_presence,MG Presence,5,133,533.0,0
shap_feature_selection_extratrees_p1_20260529_182607,P2_mg_presence,MG Presence,5,134,534.0,0
shap_feature_selection_extratrees_p1_20260529_182607,P2_mg_presence,MG Presence,5,135,535.0,0
shap_feature_selection_extratrees_p1_20260529_182607,P2_mg_presence,MG Presence,5,136,536.0,0
shap_feature_selection_extratrees_p1_20260529_182607,P2_mg_presence,MG Presence,5,137,537.0,0
shap_feature_selection_extratrees_p1_20260529_182607,P2_mg_presence,MG Presence,5,138,538.0,0
shap_feature_selection_extratrees_p1_20260529_182607,P2_mg_presence,MG Presence,5,139,539.0,0
shap_feature_selection_extratrees_p1_20260529_182607,P2_mg_presence,MG Presence,5,140,540.0,0
shap_feature_selection_extratrees_p1_20260529_182607,P2_mg_presence,MG Presence,5,141,541.0,0
shap_feature_selection_extratrees_p1_20260529_182607,P2_mg_presence,MG Presence,5,142,542.0,0
shap_feature_selection_extratrees_p1_20260529_182607,P2_mg_presence,MG Presence,5,143,543.0,0
shap_feature_selection_extratrees_p1_20260529_182607,P2_mg_presence,MG Presence,5,144,544.0,0
shap_feature_selection_extratrees_p1_20260529_182607,P2_mg_presence,MG Presence,5,145,545.0,0
shap_feature_selection_extratrees_p1_20260529_182607,P2_mg_presence,MG Presence,5,146,546.0,0
shap_feature_selection_extratrees_p1_20260529_182607,P2_mg_presence,MG Presence,5,147,547.0,0
shap_feature_selection_extratrees_p1_20260529_182607,P2_mg_presence,MG Presence,5,148,548.0,0
shap_feature_selection_extratrees_p1_20260529_182607,P2_mg_presence,MG Presence,5,149,549.0,0
shap_feature_selection_extratrees_p1_20260529_182607,P2_mg_presence,MG Presence,5,150,550.0,0
shap_feature_selection_extratrees_p1_20260529_182607,P2_mg_presence,MG Presence,5,151,551.0,0
shap_feature_selection_extratrees_p1_20260529_182607,P2_mg_presence,MG Presence,5,152,552.0,0
shap_feature_selection_extratrees_p1_20260529_182607,P2_mg_presence,MG Presence,5,153,553.0,0
shap_feature_selection_extratrees_p1_20260529_182607,P2_mg_presence,MG Presence,5,154,554.0,0
shap_feature_selection_extratrees_p1_20260529_182607,P2_mg_presence,MG Presence,5,155,555.0,0
shap_feature_selection_extratrees_p1_20260529_182607,P2_mg_presence,MG Presence,5,156,556.0,0
shap_feature_selection_extratrees_p1_20260529_182607,P2_mg_presence,MG Presence,5,157,557.0,0
shap_feature_selection_extratrees_p1_20260529_182607,P2_mg_presence,MG Presence,5,158,558.0,0
shap_feature_selection_extratrees_p1_20260529_182607,P2_mg_presence,MG Presence,5,159,559.0,0
shap_feature_selection_extratrees_p1_20260529_182607,P2_mg_presence,MG Presence,5,160,560.0,0
shap_feature_selection_extratrees_p1_20260529_182607,P2_mg_presence,MG Presence,5,161,561.0,0
shap_feature_selection_extratrees_p1_20260529_182607,P2_mg_presence,MG Presence,5,162,562.0,0
shap_feature_selection_extratrees_p1_20260529_182607,P2_mg_presence,MG Presence,5,163,563.0,1
shap_feature_selection_extratrees_p1_20260529_182607,P2_mg_presence,MG Presence,5,164,564.0,0
shap_feature_selection_extratrees_p1_20260529_182607,P2_mg_presence,MG Presence,5,165,565.0,0
shap_feature_selection_extratrees_p1_20260529_182607,P2_mg_presence,MG Presence,5,166,566.0,0
shap_feature_selection_extratrees_p1_20260529_182607,P2_mg_presence,MG Presence,5,167,567.0,0
shap_feature_selection_extratrees_p1_20260529_182607,P2_mg_presence,MG Presence,5,168,568.0,0
shap_feature_selection_extratrees_p1_20260529_182607,P2_mg_presence,MG Presence,5,169,569.0,0
shap_feature_selection_extratrees_p1_20260529_182607,P2_mg_presence,MG Presence,5,170,570.0,0
shap_feature_selection_extratrees_p1_20260529_182607,P2_mg_presence,MG Presence,5,171,571.0,0
shap_feature_selection_extratrees_p1_20260529_182607,P2_mg_presence,MG Presence,5,172,572.0,0
shap_feature_selection_extratrees_p1_20260529_182607,P2_mg_presence,MG Presence,5,173,573.0,0
shap_feature_selection_extratrees_p1_20260529_182607,P2_mg_presence,MG Presence,5,174,574.0,0
shap_feature_selection_extratrees_p1_20260529_182607,P2_mg_presence,MG Presence,5,175,575.0,0
shap_feature_selection_extratrees_p1_20260529_182607,P2_mg_presence,MG Presence,5,176,576.0,0
shap_feature_selection_extratrees_p1_20260529_182607,P2_mg_presence,MG Presence,5,177,577.0,0
shap_feature_selection_extratrees_p1_20260529_182607,P2_mg_presence,MG Presence,5,178,578.0,0
shap_feature_selection_extratrees_p1_20260529_182607,P2_mg_presence,MG Presence,5,179,579.0,0
shap_feature_selection_extratrees_p1_20260529_182607,P2_mg_presence,MG Presence,5,180,580.0,0
shap_feature_selection_extratrees_p1_20260529_182607,P2_mg_presence,MG Presence,5,181,581.0,0
shap_feature_selection_extratrees_p1_20260529_182607,P2_mg_presence,MG Presence,5,182,582.0,0
shap_feature_selection_extratrees_p1_20260529_182607,P2_mg_presence,MG Presence,5,183,583.0,0
shap_feature_selection_extratrees_p1_20260529_182607,P2_mg_presence,MG Presence,5,184,584.0,0
shap_feature_selection_extratrees_p1_20260529_182607,P2_mg_presence,MG Presence,5,185,585.0,0
shap_feature_selection_extratrees_p1_20260529_182607,P2_mg_presence,MG Presence,5,186,586.0,0
shap_feature_selection_extratrees_p1_20260529_182607,P2_mg_presence,MG Presence,5,187,587.0,0
shap_feature_selection_extratrees_p1_20260529_182607,P2_mg_presence,MG Presence,5,188,588.0,0
shap_feature_selection_extratrees_p1_20260529_182607,P2_mg_presence,MG Presence,5,189,589.0,0
shap_feature_selection_extratrees_p1_20260529_182607,P2_mg_presence,MG Presence,5,190,590.0,0
shap_feature_selection_extratrees_p1_20260529_182607,P2_mg_presence,MG Presence,5,191,591.0,0
shap_feature_selection_extratrees_p1_20260529_182607,P2_mg_presence,MG Presence,5,192,592.0,0
shap_feature_selection_extratrees_p1_20260529_182607,P2_mg_presence,MG Presence,5,193,593.0,0
shap_feature_selection_extratrees_p1_20260529_182607,P2_mg_presence,MG Presence,5,194,594.0,0
shap_feature_selection_extratrees_p1_20260529_182607,P2_mg_presence,MG Presence,5,195,595.0,0
shap_feature_selection_extratrees_p1_20260529_182607,P2_mg_presence,MG Presence,5,196,596.0,0
shap_feature_selection_extratrees_p1_20260529_182607,P2_mg_presence,MG Presence,5,197,597.0,0
shap_feature_selection_extratrees_p1_20260529_182607,P2_mg_presence,MG Presence,5,198,598.0,0
shap_feature_selection_extratrees_p1_20260529_182607,P2_mg_presence,MG Presence,5,199,599.0,0
shap_feature_selection_extratrees_p1_20260529_182607,P2_mg_presence,MG Presence,5,200,600.0,0
shap_feature_selection_extratrees_p1_20260529_182607,P2_mg_presence,MG Presence,5,201,601.0,0
shap_feature_selection_extratrees_p1_20260529_182607,P2_mg_presence,MG Presence,5,202,602.0,0
shap_feature_selection_extratrees_p1_20260529_182607,P2_mg_presence,MG Presence,5,203,603.0,0
shap_feature_selection_extratrees_p1_20260529_182607,P2_mg_presence,MG Presence,5,204,604.0,0
shap_feature_selection_extratrees_p1_20260529_182607,P2_mg_presence,MG Presence,5,205,605.0,0
shap_feature_selection_extratrees_p1_20260529_182607,P2_mg_presence,MG Presence,5,206,606.0,0
shap_feature_selection_extratrees_p1_20260529_182607,P2_mg_presence,MG Presence,5,207,607.0,0
shap_feature_selection_extratrees_p1_20260529_182607,P2_mg_presence,MG Presence,5,208,608.0,0
shap_feature_selection_extratrees_p1_20260529_182607,P2_mg_presence,MG Presence,5,209,609.0,0
shap_feature_selection_extratrees_p1_20260529_182607,P2_mg_presence,MG Presence,5,210,610.0,0
shap_feature_selection_extratrees_p1_20260529_182607,P2_mg_presence,MG Presence,5,211,611.0,0
shap_feature_selection_extratrees_p1_20260529_182607,P2_mg_presence,MG Presence,5,212,612.0,0
shap_feature_selection_extratrees_p1_20260529_182607,P2_mg_presence,MG Presence,5,213,613.0,0
shap_feature_selection_extratrees_p1_20260529_182607,P2_mg_presence,MG Presence,5,214,614.0,0
shap_feature_selection_extratrees_p1_20260529_182607,P2_mg_presence,MG Presence,5,215,615.0,0
shap_feature_selection_extratrees_p1_20260529_182607,P2_mg_presence,MG Presence,5,216,616.0,0
shap_feature_selection_extratrees_p1_20260529_182607,P2_mg_presence,MG Presence,5,217,617.0,0
shap_feature_selection_extratrees_p1_20260529_182607,P2_mg_presence,MG Presence,5,218,618.0,0
shap_feature_selection_extratrees_p1_20260529_182607,P2_mg_presence,MG Presence,5,219,619.0,0
shap_feature_selection_extratrees_p1_20260529_182607,P2_mg_presence,MG Presence,5,220,620.0,0
shap_feature_selection_extratrees_p1_20260529_182607,P2_mg_presence,MG Presence,5,221,621.0,0
shap_feature_selection_extratrees_p1_20260529_182607,P2_mg_presence,MG Presence,5,222,622.0,0
shap_feature_selection_extratrees_p1_20260529_182607,P2_mg_presence,MG Presence,5,223,623.0,0
shap_feature_selection_extratrees_p1_20260529_182607,P2_mg_presence,MG Presence,5,224,624.0,0
shap_feature_selection_extratrees_p1_20260529_182607,P2_mg_presence,MG Presence,5,225,625.0,0
shap_feature_selection_extratrees_p1_20260529_182607,P2_mg_presence,MG Presence,5,226,626.0,0
shap_feature_selection_extratrees_p1_20260529_182607,P2_mg_presence,MG Presence,5,227,627.0,0
shap_feature_selection_extratrees_p1_20260529_182607,P2_mg_presence,MG Presence,5,228,628.0,0
shap_feature_selection_extratrees_p1_20260529_182607,P2_mg_presence,MG Presence,5,229,629.0,0
shap_feature_selection_extratrees_p1_20260529_182607,P2_mg_presence,MG Presence,5,230,630.0,0
shap_feature_selection_extratrees_p1_20260529_182607,P2_mg_presence,MG Presence,5,231,631.0,0
shap_feature_selection_extratrees_p1_20260529_182607,P2_mg_presence,MG Presence,5,232,632.0,0
shap_feature_selection_extratrees_p1_20260529_182607,P2_mg_presence,MG Presence,5,233,633.0,0
shap_feature_selection_extratrees_p1_20260529_182607,P2_mg_presence,MG Presence,5,234,634.0,0
shap_feature_selection_extratrees_p1_20260529_182607,P2_mg_presence,MG Presence,5,235,635.0,0
shap_feature_selection_extratrees_p1_20260529_182607,P2_mg_presence,MG Presence,5,236,636.0,0
shap_feature_selection_extratrees_p1_20260529_182607,P2_mg_presence,MG Presence,5,237,637.0,0
shap_feature_selection_extratrees_p1_20260529_182607,P2_mg_presence,MG Presence,5,238,638.0,0
shap_feature_selection_extratrees_p1_20260529_182607,P2_mg_presence,MG Presence,5,239,639.0,0
shap_feature_selection_extratrees_p1_20260529_182607,P2_mg_presence,MG Presence,5,240,640.0,0
shap_feature_selection_extratrees_p1_20260529_182607,P2_mg_presence,MG Presence,5,241,641.0,0
shap_feature_selection_extratrees_p1_20260529_182607,P2_mg_presence,MG Presence,5,242,642.0,0
shap_feature_selection_extratrees_p1_20260529_182607,P2_mg_presence,MG Presence,5,243,643.0,0
shap_feature_selection_extratrees_p1_20260529_182607,P2_mg_presence,MG Presence,5,244,644.0,0
shap_feature_selection_extratrees_p1_20260529_182607,P2_mg_presence,MG Presence,5,245,645.0,0
shap_feature_selection_extratrees_p1_20260529_182607,P2_mg_presence,MG Presence,5,246,646.0,0
shap_feature_selection_extratrees_p1_20260529_182607,P2_mg_presence,MG Presence,5,247,647.0,0
shap_feature_selection_extratrees_p1_20260529_182607,P2_mg_presence,MG Presence,5,248,648.0,0
shap_feature_selection_extratrees_p1_20260529_182607,P2_mg_presence,MG Presence,5,249,649.0,0
shap_feature_selection_extratrees_p1_20260529_182607,P2_mg_presence,MG Presence,5,250,650.0,0
shap_feature_selection_extratrees_p1_20260529_182607,P2_mg_presence,MG Presence,5,251,651.0,0
shap_feature_selection_extratrees_p1_20260529_182607,P2_mg_presence,MG Presence,5,252,652.0,0
shap_feature_selection_extratrees_p1_20260529_182607,P2_mg_presence,MG Presence,5,253,653.0,0
shap_feature_selection_extratrees_p1_20260529_182607,P2_mg_presence,MG Presence,5,254,654.0,0
shap_feature_selection_extratrees_p1_20260529_182607,P2_mg_presence,MG Presence,5,255,655.0,0
shap_feature_selection_extratrees_p1_20260529_182607,P2_mg_presence,MG Presence,5,256,656.0,0
shap_feature_selection_extratrees_p1_20260529_182607,P2_mg_presence,MG Presence,5,257,657.0,0
shap_feature_selection_extratrees_p1_20260529_182607,P2_mg_presence,MG Presence,5,258,658.0,0
shap_feature_selection_extratrees_p1_20260529_182607,P2_mg_presence,MG Presence,5,259,659.0,0
shap_feature_selection_extratrees_p1_20260529_182607,P2_mg_presence,MG Presence,5,260,660.0,0
shap_feature_selection_extratrees_p1_20260529_182607,P2_mg_presence,MG Presence,5,261,661.0,0
shap_feature_selection_extratrees_p1_20260529_182607,P2_mg_presence,MG Presence,5,262,662.0,0
shap_feature_selection_extratrees_p1_20260529_182607,P2_mg_presence,MG Presence,5,263,663.0,0
shap_feature_selection_extratrees_p1_20260529_182607,P2_mg_presence,MG Presence,5,264,664.0,0
shap_feature_selection_extratrees_p1_20260529_182607,P2_mg_presence,MG Presence,5,265,665.0,0
shap_feature_selection_extratrees_p1_20260529_182607,P2_mg_presence,MG Presence,5,266,666.0,0
shap_feature_selection_extratrees_p1_20260529_182607,P2_mg_presence,MG Presence,5,267,667.0,0
shap_feature_selection_extratrees_p1_20260529_182607,P2_mg_presence,MG Presence,5,268,668.0,0
shap_feature_selection_extratrees_p1_20260529_182607,P2_mg_presence,MG Presence,5,269,669.0,0
shap_feature_selection_extratrees_p1_20260529_182607,P2_mg_presence,MG Presence,5,270,670.0,0
shap_feature_selection_extratrees_p1_20260529_182607,P2_mg_presence,MG Presence,5,271,671.0,0
shap_feature_selection_extratrees_p1_20260529_182607,P2_mg_presence,MG Presence,5,272,672.0,0
shap_feature_selection_extratrees_p1_20260529_182607,P2_mg_presence,MG Presence,5,273,673.0,0
shap_feature_selection_extratrees_p1_20260529_182607,P2_mg_presence,MG Presence,5,274,674.0,0
shap_feature_selection_extratrees_p1_20260529_182607,P2_mg_presence,MG Presence,5,275,675.0,0
shap_feature_selection_extratrees_p1_20260529_182607,P2_mg_presence,MG Presence,5,276,676.0,0
shap_feature_selection_extratrees_p1_20260529_182607,P2_mg_presence,MG Presence,5,277,677.0,0
shap_feature_selection_extratrees_p1_20260529_182607,P2_mg_presence,MG Presence,5,278,678.0,0
shap_feature_selection_extratrees_p1_20260529_182607,P2_mg_presence,MG Presence,5,279,679.0,0
shap_feature_selection_extratrees_p1_20260529_182607,P2_mg_presence,MG Presence,5,280,680.0,0
shap_feature_selection_extratrees_p1_20260529_182607,P2_mg_presence,MG Presence,5,281,681.0,0
shap_feature_selection_extratrees_p1_20260529_182607,P2_mg_presence,MG Presence,5,282,682.0,0
shap_feature_selection_extratrees_p1_20260529_182607,P2_mg_presence,MG Presence,5,283,683.0,0
shap_feature_selection_extratrees_p1_20260529_182607,P2_mg_presence,MG Presence,5,284,684.0,0
shap_feature_selection_extratrees_p1_20260529_182607,P2_mg_presence,MG Presence,5,285,685.0,0
shap_feature_selection_extratrees_p1_20260529_182607,P2_mg_presence,MG Presence,5,286,686.0,0
shap_feature_selection_extratrees_p1_20260529_182607,P2_mg_presence,MG Presence,5,287,687.0,0
shap_feature_selection_extratrees_p1_20260529_182607,P2_mg_presence,MG Presence,5,288,688.0,0
shap_feature_selection_extratrees_p1_20260529_182607,P2_mg_presence,MG Presence,5,289,689.0,0
shap_feature_selection_extratrees_p1_20260529_182607,P2_mg_presence,MG Presence,5,290,690.0,0
shap_feature_selection_extratrees_p1_20260529_182607,P2_mg_presence,MG Presence,5,291,691.0,0
shap_feature_selection_extratrees_p1_20260529_182607,P2_mg_presence,MG Presence,5,292,692.0,0
shap_feature_selection_extratrees_p1_20260529_182607,P2_mg_presence,MG Presence,5,293,693.0,0
shap_feature_selection_extratrees_p1_20260529_182607,P2_mg_presence,MG Presence,5,294,694.0,0
shap_feature_selection_extratrees_p1_20260529_182607,P2_mg_presence,MG Presence,5,295,695.0,0
shap_feature_selection_extratrees_p1_20260529_182607,P2_mg_presence,MG Presence,5,296,696.0,0
shap_feature_selection_extratrees_p1_20260529_182607,P2_mg_presence,MG Presence,5,297,697.0,0
shap_feature_selection_extratrees_p1_20260529_182607,P2_mg_presence,MG Presence,5,298,698.0,0
shap_feature_selection_extratrees_p1_20260529_182607,P2_mg_presence,MG Presence,5,299,699.0,0
shap_feature_selection_extratrees_p1_20260529_182607,P2_mg_presence,MG Presence,5,300,700.0,0
shap_feature_selection_extratrees_p1_20260529_182607,P2_mg_presence,MG Presence,5,301,701.0,0
shap_feature_selection_extratrees_p1_20260529_182607,P2_mg_presence,MG Presence,5,302,702.0,0
shap_feature_selection_extratrees_p1_20260529_182607,P2_mg_presence,MG Presence,5,303,703.0,0
shap_feature_selection_extratrees_p1_20260529_182607,P2_mg_presence,MG Presence,5,304,704.0,0
shap_feature_selection_extratrees_p1_20260529_182607,P2_mg_presence,MG Presence,5,305,705.0,0
shap_feature_selection_extratrees_p1_20260529_182607,P2_mg_presence,MG Presence,5,306,706.0,0
shap_feature_selection_extratrees_p1_20260529_182607,P2_mg_presence,MG Presence,5,307,707.0,0
shap_feature_selection_extratrees_p1_20260529_182607,P2_mg_presence,MG Presence,5,308,708.0,0
shap_feature_selection_extratrees_p1_20260529_182607,P2_mg_presence,MG Presence,5,309,709.0,0
shap_feature_selection_extratrees_p1_20260529_182607,P2_mg_presence,MG Presence,5,310,710.0,0
shap_feature_selection_extratrees_p1_20260529_182607,P2_mg_presence,MG Presence,5,311,711.0,0
shap_feature_selection_extratrees_p1_20260529_182607,P2_mg_presence,MG Presence,5,312,712.0,0
shap_feature_selection_extratrees_p1_20260529_182607,P2_mg_presence,MG Presence,5,313,713.0,0
shap_feature_selection_extratrees_p1_20260529_182607,P2_mg_presence,MG Presence,5,314,714.0,0
shap_feature_selection_extratrees_p1_20260529_182607,P2_mg_presence,MG Presence,5,315,715.0,0
shap_feature_selection_extratrees_p1_20260529_182607,P2_mg_presence,MG Presence,5,316,716.0,0
shap_feature_selection_extratrees_p1_20260529_182607,P2_mg_presence,MG Presence,5,317,717.0,0
shap_feature_selection_extratrees_p1_20260529_182607,P2_mg_presence,MG Presence,5,318,718.0,0
shap_feature_selection_extratrees_p1_20260529_182607,P2_mg_presence,MG Presence,5,319,719.0,0
shap_feature_selection_extratrees_p1_20260529_182607,P2_mg_presence,MG Presence,5,320,720.0,0
shap_feature_selection_extratrees_p1_20260529_182607,P2_mg_presence,MG Presence,5,321,721.0,0
shap_feature_selection_extratrees_p1_20260529_182607,P2_mg_presence,MG Presence,5,322,722.0,0
shap_feature_selection_extratrees_p1_20260529_182607,P2_mg_presence,MG Presence,5,323,723.0,0
shap_feature_selection_extratrees_p1_20260529_182607,P2_mg_presence,MG Presence,5,324,724.0,0
shap_feature_selection_extratrees_p1_20260529_182607,P2_mg_presence,MG Presence,5,325,725.0,0
shap_feature_selection_extratrees_p1_20260529_182607,P2_mg_presence,MG Presence,5,326,726.0,0
shap_feature_selection_extratrees_p1_20260529_182607,P2_mg_presence,MG Presence,5,327,727.0,0
shap_feature_selection_extratrees_p1_20260529_182607,P2_mg_presence,MG Presence,5,328,728.0,0
shap_feature_selection_extratrees_p1_20260529_182607,P2_mg_presence,MG Presence,5,329,729.0,0
shap_feature_selection_extratrees_p1_20260529_182607,P2_mg_presence,MG Presence,5,330,730.0,0
shap_feature_selection_extratrees_p1_20260529_182607,P2_mg_presence,MG Presence,5,331,731.0,0
shap_feature_selection_extratrees_p1_20260529_182607,P2_mg_presence,MG Presence,5,332,732.0,0
shap_feature_selection_extratrees_p1_20260529_182607,P2_mg_presence,MG Presence,5,333,733.0,0
shap_feature_selection_extratrees_p1_20260529_182607,P2_mg_presence,MG Presence,5,334,734.0,0
shap_feature_selection_extratrees_p1_20260529_182607,P2_mg_presence,MG Presence,5,335,735.0,0
shap_feature_selection_extratrees_p1_20260529_182607,P2_mg_presence,MG Presence,5,336,736.0,0
shap_feature_selection_extratrees_p1_20260529_182607,P2_mg_presence,MG Presence,5,337,737.0,0
shap_feature_selection_extratrees_p1_20260529_182607,P2_mg_presence,MG Presence,5,338,738.0,0
shap_feature_selection_extratrees_p1_20260529_182607,P2_mg_presence,MG Presence,5,339,739.0,0
shap_feature_selection_extratrees_p1_20260529_182607,P2_mg_presence,MG Presence,5,340,740.0,0
shap_feature_selection_extratrees_p1_20260529_182607,P2_mg_presence,MG Presence,5,341,741.0,0
shap_feature_selection_extratrees_p1_20260529_182607,P2_mg_presence,MG Presence,5,342,742.0,0
shap_feature_selection_extratrees_p1_20260529_182607,P2_mg_presence,MG Presence,5,343,743.0,0
shap_feature_selection_extratrees_p1_20260529_182607,P2_mg_presence,MG Presence,5,344,744.0,0
shap_feature_selection_extratrees_p1_20260529_182607,P2_mg_presence,MG Presence,5,345,745.0,0
shap_feature_selection_extratrees_p1_20260529_182607,P2_mg_presence,MG Presence,5,346,746.0,0
shap_feature_selection_extratrees_p1_20260529_182607,P2_mg_presence,MG Presence,5,347,747.0,0
shap_feature_selection_extratrees_p1_20260529_182607,P2_mg_presence,MG Presence,5,348,748.0,0
shap_feature_selection_extratrees_p1_20260529_182607,P2_mg_presence,MG Presence,5,349,749.0,0
shap_feature_selection_extratrees_p1_20260529_182607,P2_mg_presence,MG Presence,5,350,750.0,0
shap_feature_selection_extratrees_p1_20260529_182607,P2_mg_presence,MG Presence,5,351,751.0,0
shap_feature_selection_extratrees_p1_20260529_182607,P2_mg_presence,MG Presence,5,352,752.0,0
shap_feature_selection_extratrees_p1_20260529_182607,P2_mg_presence,MG Presence,5,353,753.0,0
shap_feature_selection_extratrees_p1_20260529_182607,P2_mg_presence,MG Presence,5,354,754.0,0
shap_feature_selection_extratrees_p1_20260529_182607,P2_mg_presence,MG Presence,5,355,755.0,0
shap_feature_selection_extratrees_p1_20260529_182607,P2_mg_presence,MG Presence,5,356,756.0,0
shap_feature_selection_extratrees_p1_20260529_182607,P2_mg_presence,MG Presence,5,357,757.0,0
shap_feature_selection_extratrees_p1_20260529_182607,P2_mg_presence,MG Presence,5,358,758.0,0
shap_feature_selection_extratrees_p1_20260529_182607,P2_mg_presence,MG Presence,5,359,759.0,0
shap_feature_selection_extratrees_p1_20260529_182607,P2_mg_presence,MG Presence,5,360,760.0,0
shap_feature_selection_extratrees_p1_20260529_182607,P2_mg_presence,MG Presence,5,361,761.0,0
shap_feature_selection_extratrees_p1_20260529_182607,P2_mg_presence,MG Presence,5,362,762.0,0
shap_feature_selection_extratrees_p1_20260529_182607,P2_mg_presence,MG Presence,5,363,763.0,0
shap_feature_selection_extratrees_p1_20260529_182607,P2_mg_presence,MG Presence,5,364,764.0,0
shap_feature_selection_extratrees_p1_20260529_182607,P2_mg_presence,MG Presence,5,365,765.0,0
shap_feature_selection_extratrees_p1_20260529_182607,P2_mg_presence,MG Presence,5,366,766.0,0
shap_feature_selection_extratrees_p1_20260529_182607,P2_mg_presence,MG Presence,5,367,767.0,0
shap_feature_selection_extratrees_p1_20260529_182607,P2_mg_presence,MG Presence,5,368,768.0,0
shap_feature_selection_extratrees_p1_20260529_182607,P2_mg_presence,MG Presence,5,369,769.0,0
shap_feature_selection_extratrees_p1_20260529_182607,P2_mg_presence,MG Presence,5,370,770.0,0
shap_feature_selection_extratrees_p1_20260529_182607,P2_mg_presence,MG Presence,5,371,771.0,0
shap_feature_selection_extratrees_p1_20260529_182607,P2_mg_presence,MG Presence,5,372,772.0,0
shap_feature_selection_extratrees_p1_20260529_182607,P2_mg_presence,MG Presence,5,373,773.0,0
shap_feature_selection_extratrees_p1_20260529_182607,P2_mg_presence,MG Presence,5,374,774.0,0
shap_feature_selection_extratrees_p1_20260529_182607,P2_mg_presence,MG Presence,5,375,775.0,0
shap_feature_selection_extratrees_p1_20260529_182607,P2_mg_presence,MG Presence,5,376,776.0,0
shap_feature_selection_extratrees_p1_20260529_182607,P2_mg_presence,MG Presence,5,377,777.0,0
shap_feature_selection_extratrees_p1_20260529_182607,P2_mg_presence,MG Presence,5,378,778.0,0
shap_feature_selection_extratrees_p1_20260529_182607,P2_mg_presence,MG Presence,5,379,779.0,0
shap_feature_selection_extratrees_p1_20260529_182607,P2_mg_presence,MG Presence,5,380,780.0,0
shap_feature_selection_extratrees_p1_20260529_182607,P2_mg_presence,MG Presence,5,381,781.0,0
shap_feature_selection_extratrees_p1_20260529_182607,P2_mg_presence,MG Presence,5,382,782.0,1
shap_feature_selection_extratrees_p1_20260529_182607,P2_mg_presence,MG Presence,5,383,783.0,0
shap_feature_selection_extratrees_p1_20260529_182607,P2_mg_presence,MG Presence,5,384,784.0,0
shap_feature_selection_extratrees_p1_20260529_182607,P2_mg_presence,MG Presence,5,385,785.0,0
shap_feature_selection_extratrees_p1_20260529_182607,P2_mg_presence,MG Presence,5,386,786.0,1
shap_feature_selection_extratrees_p1_20260529_182607,P2_mg_presence,MG Presence,5,387,787.0,0
shap_feature_selection_extratrees_p1_20260529_182607,P2_mg_presence,MG Presence,5,388,788.0,1
shap_feature_selection_extratrees_p1_20260529_182607,P2_mg_presence,MG Presence,5,389,789.0,0
shap_feature_selection_extratrees_p1_20260529_182607,P2_mg_presence,MG Presence,5,390,790.0,0
shap_feature_selection_extratrees_p1_20260529_182607,P2_mg_presence,MG Presence,5,391,791.0,0
shap_feature_selection_extratrees_p1_20260529_182607,P2_mg_presence,MG Presence,5,392,792.0,0
shap_feature_selection_extratrees_p1_20260529_182607,P2_mg_presence,MG Presence,5,393,793.0,0
shap_feature_selection_extratrees_p1_20260529_182607,P2_mg_presence,MG Presence,5,394,794.0,0
shap_feature_selection_extratrees_p1_20260529_182607,P2_mg_presence,MG Presence,5,395,795.0,0
shap_feature_selection_extratrees_p1_20260529_182607,P2_mg_presence,MG Presence,5,396,796.0,0
shap_feature_selection_extratrees_p1_20260529_182607,P2_mg_presence,MG Presence,5,397,797.0,0
shap_feature_selection_extratrees_p1_20260529_182607,P2_mg_presence,MG Presence,5,398,798.0,0
shap_feature_selection_extratrees_p1_20260529_182607,P2_mg_presence,MG Presence,5,399,799.0,0
shap_feature_selection_extratrees_p1_20260529_182607,P2_mg_presence,MG Presence,5,400,800.0,0
shap_feature_selection_extratrees_p1_20260529_182607,P2_mg_presence,MG Presence,5,401,801.0,0
shap_feature_selection_extratrees_p1_20260529_182607,P2_mg_presence,MG Presence,5,402,802.0,0
shap_feature_selection_extratrees_p1_20260529_182607,P2_mg_presence,MG Presence,5,403,803.0,0
shap_feature_selection_extratrees_p1_20260529_182607,P2_mg_presence,MG Presence,5,404,804.0,0
shap_feature_selection_extratrees_p1_20260529_182607,P2_mg_presence,MG Presence,5,405,805.0,0
shap_feature_selection_extratrees_p1_20260529_182607,P2_mg_presence,MG Presence,5,406,806.0,0
shap_feature_selection_extratrees_p1_20260529_182607,P2_mg_presence,MG Presence,5,407,807.0,0
shap_feature_selection_extratrees_p1_20260529_182607,P2_mg_presence,MG Presence,5,408,808.0,0
shap_feature_selection_extratrees_p1_20260529_182607,P2_mg_presence,MG Presence,5,409,809.0,0
shap_feature_selection_extratrees_p1_20260529_182607,P2_mg_presence,MG Presence,5,410,810.0,0
shap_feature_selection_extratrees_p1_20260529_182607,P2_mg_presence,MG Presence,5,411,811.0,0
shap_feature_selection_extratrees_p1_20260529_182607,P2_mg_presence,MG Presence,5,412,812.0,0
shap_feature_selection_extratrees_p1_20260529_182607,P2_mg_presence,MG Presence,5,413,813.0,0
shap_feature_selection_extratrees_p1_20260529_182607,P2_mg_presence,MG Presence,5,414,814.0,0
shap_feature_selection_extratrees_p1_20260529_182607,P2_mg_presence,MG Presence,5,415,815.0,0
shap_feature_selection_extratrees_p1_20260529_182607,P2_mg_presence,MG Presence,5,416,816.0,0
shap_feature_selection_extratrees_p1_20260529_182607,P2_mg_presence,MG Presence,5,417,817.0,0
shap_feature_selection_extratrees_p1_20260529_182607,P2_mg_presence,MG Presence,5,418,818.0,0
shap_feature_selection_extratrees_p1_20260529_182607,P2_mg_presence,MG Presence,5,419,819.0,0
shap_feature_selection_extratrees_p1_20260529_182607,P2_mg_presence,MG Presence,5,420,820.0,0
shap_feature_selection_extratrees_p1_20260529_182607,P2_mg_presence,MG Presence,5,421,821.0,0
shap_feature_selection_extratrees_p1_20260529_182607,P2_mg_presence,MG Presence,5,422,822.0,0
shap_feature_selection_extratrees_p1_20260529_182607,P2_mg_presence,MG Presence,5,423,823.0,0
shap_feature_selection_extratrees_p1_20260529_182607,P2_mg_presence,MG Presence,5,424,824.0,0
shap_feature_selection_extratrees_p1_20260529_182607,P2_mg_presence,MG Presence,5,425,825.0,0
shap_feature_selection_extratrees_p1_20260529_182607,P2_mg_presence,MG Presence,5,426,826.0,0
shap_feature_selection_extratrees_p1_20260529_182607,P2_mg_presence,MG Presence,5,427,827.0,0
shap_feature_selection_extratrees_p1_20260529_182607,P2_mg_presence,MG Presence,5,428,828.0,0
shap_feature_selection_extratrees_p1_20260529_182607,P2_mg_presence,MG Presence,5,429,829.0,0
shap_feature_selection_extratrees_p1_20260529_182607,P2_mg_presence,MG Presence,5,430,830.0,0
shap_feature_selection_extratrees_p1_20260529_182607,P2_mg_presence,MG Presence,5,431,831.0,0
shap_feature_selection_extratrees_p1_20260529_182607,P2_mg_presence,MG Presence,5,432,832.0,0
shap_feature_selection_extratrees_p1_20260529_182607,P2_mg_presence,MG Presence,5,433,833.0,0
shap_feature_selection_extratrees_p1_20260529_182607,P2_mg_presence,MG Presence,5,434,834.0,0
shap_feature_selection_extratrees_p1_20260529_182607,P2_mg_presence,MG Presence,5,435,835.0,0
shap_feature_selection_extratrees_p1_20260529_182607,P2_mg_presence,MG Presence,5,436,836.0,0
shap_feature_selection_extratrees_p1_20260529_182607,P2_mg_presence,MG Presence,5,437,837.0,0
shap_feature_selection_extratrees_p1_20260529_182607,P2_mg_presence,MG Presence,5,438,838.0,0
shap_feature_selection_extratrees_p1_20260529_182607,P2_mg_presence,MG Presence,5,439,839.0,0
shap_feature_selection_extratrees_p1_20260529_182607,P2_mg_presence,MG Presence,5,440,840.0,0
shap_feature_selection_extratrees_p1_20260529_182607,P2_mg_presence,MG Presence,5,441,841.0,0
shap_feature_selection_extratrees_p1_20260529_182607,P2_mg_presence,MG Presence,5,442,842.0,0
shap_feature_selection_extratrees_p1_20260529_182607,P2_mg_presence,MG Presence,5,443,843.0,0
shap_feature_selection_extratrees_p1_20260529_182607,P2_mg_presence,MG Presence,5,444,844.0,0
shap_feature_selection_extratrees_p1_20260529_182607,P2_mg_presence,MG Presence,5,445,845.0,0
shap_feature_selection_extratrees_p1_20260529_182607,P2_mg_presence,MG Presence,5,446,846.0,0
shap_feature_selection_extratrees_p1_20260529_182607,P2_mg_presence,MG Presence,5,447,847.0,0
shap_feature_selection_extratrees_p1_20260529_182607,P2_mg_presence,MG Presence,5,448,848.0,0
shap_feature_selection_extratrees_p1_20260529_182607,P2_mg_presence,MG Presence,5,449,849.0,0
shap_feature_selection_extratrees_p1_20260529_182607,P2_mg_presence,MG Presence,5,450,850.0,0
shap_feature_selection_extratrees_p1_20260529_182607,P2_mg_presence,MG Presence,5,451,851.0,0
shap_feature_selection_extratrees_p1_20260529_182607,P2_mg_presence,MG Presence,5,452,852.0,0
shap_feature_selection_extratrees_p1_20260529_182607,P2_mg_presence,MG Presence,5,453,853.0,0
shap_feature_selection_extratrees_p1_20260529_182607,P2_mg_presence,MG Presence,5,454,854.0,0
shap_feature_selection_extratrees_p1_20260529_182607,P2_mg_presence,MG Presence,5,455,855.0,0
shap_feature_selection_extratrees_p1_20260529_182607,P2_mg_presence,MG Presence,5,456,856.0,0
shap_feature_selection_extratrees_p1_20260529_182607,P2_mg_presence,MG Presence,5,457,857.0,0
shap_feature_selection_extratrees_p1_20260529_182607,P2_mg_presence,MG Presence,5,458,858.0,0
shap_feature_selection_extratrees_p1_20260529_182607,P2_mg_presence,MG Presence,5,459,859.0,0
shap_feature_selection_extratrees_p1_20260529_182607,P2_mg_presence,MG Presence,5,460,860.0,0
shap_feature_selection_extratrees_p1_20260529_182607,P2_mg_presence,MG Presence,5,461,861.0,0
shap_feature_selection_extratrees_p1_20260529_182607,P2_mg_presence,MG Presence,5,462,862.0,0
shap_feature_selection_extratrees_p1_20260529_182607,P2_mg_presence,MG Presence,5,463,863.0,0
shap_feature_selection_extratrees_p1_20260529_182607,P2_mg_presence,MG Presence,5,464,864.0,0
shap_feature_selection_extratrees_p1_20260529_182607,P2_mg_presence,MG Presence,5,465,865.0,0
shap_feature_selection_extratrees_p1_20260529_182607,P2_mg_presence,MG Presence,5,466,866.0,0
shap_feature_selection_extratrees_p1_20260529_182607,P2_mg_presence,MG Presence,5,467,867.0,0
shap_feature_selection_extratrees_p1_20260529_182607,P2_mg_presence,MG Presence,5,468,868.0,0
shap_feature_selection_extratrees_p1_20260529_182607,P2_mg_presence,MG Presence,5,469,869.0,0
shap_feature_selection_extratrees_p1_20260529_182607,P2_mg_presence,MG Presence,5,470,870.0,0
shap_feature_selection_extratrees_p1_20260529_182607,P2_mg_presence,MG Presence,5,471,871.0,0
shap_feature_selection_extratrees_p1_20260529_182607,P2_mg_presence,MG Presence,5,472,872.0,0
shap_feature_selection_extratrees_p1_20260529_182607,P2_mg_presence,MG Presence,5,473,873.0,0
shap_feature_selection_extratrees_p1_20260529_182607,P2_mg_presence,MG Presence,5,474,874.0,0
shap_feature_selection_extratrees_p1_20260529_182607,P2_mg_presence,MG Presence,5,475,875.0,0
shap_feature_selection_extratrees_p1_20260529_182607,P2_mg_presence,MG Presence,5,476,876.0,0
shap_feature_selection_extratrees_p1_20260529_182607,P2_mg_presence,MG Presence,5,477,877.0,0
shap_feature_selection_extratrees_p1_20260529_182607,P2_mg_presence,MG Presence,5,478,878.0,0
shap_feature_selection_extratrees_p1_20260529_182607,P2_mg_presence,MG Presence,5,479,879.0,0
shap_feature_selection_extratrees_p1_20260529_182607,P2_mg_presence,MG Presence,5,480,880.0,0
shap_feature_selection_extratrees_p1_20260529_182607,P2_mg_presence,MG Presence,5,481,881.0,0
shap_feature_selection_extratrees_p1_20260529_182607,P2_mg_presence,MG Presence,5,482,882.0,0
shap_feature_selection_extratrees_p1_20260529_182607,P2_mg_presence,MG Presence,5,483,883.0,0
shap_feature_selection_extratrees_p1_20260529_182607,P2_mg_presence,MG Presence,5,484,884.0,0
shap_feature_selection_extratrees_p1_20260529_182607,P2_mg_presence,MG Presence,5,485,885.0,0
shap_feature_selection_extratrees_p1_20260529_182607,P2_mg_presence,MG Presence,5,486,886.0,0
shap_feature_selection_extratrees_p1_20260529_182607,P2_mg_presence,MG Presence,5,487,887.0,0
shap_feature_selection_extratrees_p1_20260529_182607,P2_mg_presence,MG Presence,5,488,888.0,0
shap_feature_selection_extratrees_p1_20260529_182607,P2_mg_presence,MG Presence,5,489,889.0,0
shap_feature_selection_extratrees_p1_20260529_182607,P2_mg_presence,MG Presence,5,490,890.0,0
shap_feature_selection_extratrees_p1_20260529_182607,P2_mg_presence,MG Presence,5,491,891.0,0
shap_feature_selection_extratrees_p1_20260529_182607,P2_mg_presence,MG Presence,5,492,892.0,0
shap_feature_selection_extratrees_p1_20260529_182607,P2_mg_presence,MG Presence,5,493,893.0,0
shap_feature_selection_extratrees_p1_20260529_182607,P2_mg_presence,MG Presence,5,494,894.0,0
shap_feature_selection_extratrees_p1_20260529_182607,P2_mg_presence,MG Presence,5,495,895.0,0
shap_feature_selection_extratrees_p1_20260529_182607,P2_mg_presence,MG Presence,5,496,896.0,0
shap_feature_selection_extratrees_p1_20260529_182607,P2_mg_presence,MG Presence,5,497,897.0,0
shap_feature_selection_extratrees_p1_20260529_182607,P2_mg_presence,MG Presence,5,498,898.0,0
shap_feature_selection_extratrees_p1_20260529_182607,P2_mg_presence,MG Presence,5,499,899.0,0
shap_feature_selection_extratrees_p1_20260529_182607,P2_mg_presence,MG Presence,5,500,900.0,0
shap_feature_selection_extratrees_p1_20260529_182607,P2_mg_presence,MG Presence,5,501,901.0,0
shap_feature_selection_extratrees_p1_20260529_182607,P2_mg_presence,MG Presence,5,502,902.0,0
shap_feature_selection_extratrees_p1_20260529_182607,P2_mg_presence,MG Presence,5,503,903.0,0
shap_feature_selection_extratrees_p1_20260529_182607,P2_mg_presence,MG Presence,5,504,904.0,0
shap_feature_selection_extratrees_p1_20260529_182607,P2_mg_presence,MG Presence,5,505,905.0,0
shap_feature_selection_extratrees_p1_20260529_182607,P2_mg_presence,MG Presence,5,506,906.0,0
shap_feature_selection_extratrees_p1_20260529_182607,P2_mg_presence,MG Presence,5,507,907.0,0
shap_feature_selection_extratrees_p1_20260529_182607,P2_mg_presence,MG Presence,5,508,908.0,0
shap_feature_selection_extratrees_p1_20260529_182607,P2_mg_presence,MG Presence,5,509,909.0,0
shap_feature_selection_extratrees_p1_20260529_182607,P2_mg_presence,MG Presence,5,510,910.0,0
shap_feature_selection_extratrees_p1_20260529_182607,P2_mg_presence,MG Presence,5,511,911.0,0
shap_feature_selection_extratrees_p1_20260529_182607,P2_mg_presence,MG Presence,5,512,912.0,0
shap_feature_selection_extratrees_p1_20260529_182607,P2_mg_presence,MG Presence,5,513,913.0,0
shap_feature_selection_extratrees_p1_20260529_182607,P2_mg_presence,MG Presence,5,514,914.0,0
shap_feature_selection_extratrees_p1_20260529_182607,P2_mg_presence,MG Presence,5,515,915.0,0
shap_feature_selection_extratrees_p1_20260529_182607,P2_mg_presence,MG Presence,5,516,916.0,0
shap_feature_selection_extratrees_p1_20260529_182607,P2_mg_presence,MG Presence,5,517,917.0,0
shap_feature_selection_extratrees_p1_20260529_182607,P2_mg_presence,MG Presence,5,518,918.0,0
shap_feature_selection_extratrees_p1_20260529_182607,P2_mg_presence,MG Presence,5,519,919.0,0
shap_feature_selection_extratrees_p1_20260529_182607,P2_mg_presence,MG Presence,5,520,920.0,0
shap_feature_selection_extratrees_p1_20260529_182607,P2_mg_presence,MG Presence,5,521,921.0,0
shap_feature_selection_extratrees_p1_20260529_182607,P2_mg_presence,MG Presence,5,522,922.0,0
shap_feature_selection_extratrees_p1_20260529_182607,P2_mg_presence,MG Presence,5,523,923.0,0
shap_feature_selection_extratrees_p1_20260529_182607,P2_mg_presence,MG Presence,5,524,924.0,0
shap_feature_selection_extratrees_p1_20260529_182607,P2_mg_presence,MG Presence,5,525,925.0,0
shap_feature_selection_extratrees_p1_20260529_182607,P2_mg_presence,MG Presence,5,526,926.0,0
shap_feature_selection_extratrees_p1_20260529_182607,P2_mg_presence,MG Presence,5,527,927.0,0
shap_feature_selection_extratrees_p1_20260529_182607,P2_mg_presence,MG Presence,5,528,928.0,0
shap_feature_selection_extratrees_p1_20260529_182607,P2_mg_presence,MG Presence,5,529,929.0,0
shap_feature_selection_extratrees_p1_20260529_182607,P2_mg_presence,MG Presence,5,530,930.0,0
shap_feature_selection_extratrees_p1_20260529_182607,P2_mg_presence,MG Presence,5,531,931.0,0
shap_feature_selection_extratrees_p1_20260529_182607,P2_mg_presence,MG Presence,5,532,932.0,0
shap_feature_selection_extratrees_p1_20260529_182607,P2_mg_presence,MG Presence,5,533,933.0,0
shap_feature_selection_extratrees_p1_20260529_182607,P2_mg_presence,MG Presence,5,534,934.0,0
shap_feature_selection_extratrees_p1_20260529_182607,P2_mg_presence,MG Presence,5,535,935.0,0
shap_feature_selection_extratrees_p1_20260529_182607,P2_mg_presence,MG Presence,5,536,936.0,0
shap_feature_selection_extratrees_p1_20260529_182607,P2_mg_presence,MG Presence,5,537,937.0,0
shap_feature_selection_extratrees_p1_20260529_182607,P2_mg_presence,MG Presence,5,538,938.0,0
shap_feature_selection_extratrees_p1_20260529_182607,P2_mg_presence,MG Presence,5,539,939.0,0
shap_feature_selection_extratrees_p1_20260529_182607,P2_mg_presence,MG Presence,5,540,940.0,0
shap_feature_selection_extratrees_p1_20260529_182607,P2_mg_presence,MG Presence,5,541,941.0,0
shap_feature_selection_extratrees_p1_20260529_182607,P2_mg_presence,MG Presence,5,542,942.0,0
shap_feature_selection_extratrees_p1_20260529_182607,P2_mg_presence,MG Presence,5,543,943.0,0
shap_feature_selection_extratrees_p1_20260529_182607,P2_mg_presence,MG Presence,5,544,944.0,0
shap_feature_selection_extratrees_p1_20260529_182607,P2_mg_presence,MG Presence,5,545,945.0,0
shap_feature_selection_extratrees_p1_20260529_182607,P2_mg_presence,MG Presence,5,546,946.0,0
shap_feature_selection_extratrees_p1_20260529_182607,P2_mg_presence,MG Presence,5,547,947.0,0
shap_feature_selection_extratrees_p1_20260529_182607,P2_mg_presence,MG Presence,5,548,948.0,0
shap_feature_selection_extratrees_p1_20260529_182607,P2_mg_presence,MG Presence,5,549,949.0,0
shap_feature_selection_extratrees_p1_20260529_182607,P2_mg_presence,MG Presence,5,550,950.0,0
shap_feature_selection_extratrees_p1_20260529_182607,P2_mg_presence,MG Presence,5,551,951.0,0
shap_feature_selection_extratrees_p1_20260529_182607,P2_mg_presence,MG Presence,5,552,952.0,0
shap_feature_selection_extratrees_p1_20260529_182607,P2_mg_presence,MG Presence,5,553,953.0,0
shap_feature_selection_extratrees_p1_20260529_182607,P2_mg_presence,MG Presence,5,554,954.0,0
shap_feature_selection_extratrees_p1_20260529_182607,P2_mg_presence,MG Presence,5,555,955.0,0
shap_feature_selection_extratrees_p1_20260529_182607,P2_mg_presence,MG Presence,5,556,956.0,0
shap_feature_selection_extratrees_p1_20260529_182607,P2_mg_presence,MG Presence,5,557,957.0,0
shap_feature_selection_extratrees_p1_20260529_182607,P2_mg_presence,MG Presence,5,558,958.0,0
shap_feature_selection_extratrees_p1_20260529_182607,P2_mg_presence,MG Presence,5,559,959.0,0
shap_feature_selection_extratrees_p1_20260529_182607,P2_mg_presence,MG Presence,5,560,960.0,0
shap_feature_selection_extratrees_p1_20260529_182607,P2_mg_presence,MG Presence,5,561,961.0,0
shap_feature_selection_extratrees_p1_20260529_182607,P2_mg_presence,MG Presence,5,562,962.0,0
shap_feature_selection_extratrees_p1_20260529_182607,P2_mg_presence,MG Presence,5,563,963.0,0
shap_feature_selection_extratrees_p1_20260529_182607,P2_mg_presence,MG Presence,5,564,964.0,0
shap_feature_selection_extratrees_p1_20260529_182607,P2_mg_presence,MG Presence,5,565,965.0,0
shap_feature_selection_extratrees_p1_20260529_182607,P2_mg_presence,MG Presence,5,566,966.0,0
shap_feature_selection_extratrees_p1_20260529_182607,P2_mg_presence,MG Presence,5,567,967.0,0
shap_feature_selection_extratrees_p1_20260529_182607,P2_mg_presence,MG Presence,5,568,968.0,0
shap_feature_selection_extratrees_p1_20260529_182607,P2_mg_presence,MG Presence,5,569,969.0,0
shap_feature_selection_extratrees_p1_20260529_182607,P2_mg_presence,MG Presence,5,570,970.0,0
shap_feature_selection_extratrees_p1_20260529_182607,P2_mg_presence,MG Presence,5,571,971.0,0
shap_feature_selection_extratrees_p1_20260529_182607,P2_mg_presence,MG Presence,5,572,972.0,0
shap_feature_selection_extratrees_p1_20260529_182607,P2_mg_presence,MG Presence,5,573,973.0,0
shap_feature_selection_extratrees_p1_20260529_182607,P2_mg_presence,MG Presence,5,574,974.0,0
shap_feature_selection_extratrees_p1_20260529_182607,P2_mg_presence,MG Presence,5,575,975.0,0
shap_feature_selection_extratrees_p1_20260529_182607,P2_mg_presence,MG Presence,5,576,976.0,0
shap_feature_selection_extratrees_p1_20260529_182607,P2_mg_presence,MG Presence,5,577,977.0,0
shap_feature_selection_extratrees_p1_20260529_182607,P2_mg_presence,MG Presence,5,578,978.0,0
shap_feature_selection_extratrees_p1_20260529_182607,P2_mg_presence,MG Presence,5,579,979.0,0
shap_feature_selection_extratrees_p1_20260529_182607,P2_mg_presence,MG Presence,5,580,980.0,0
shap_feature_selection_extratrees_p1_20260529_182607,P2_mg_presence,MG Presence,5,581,981.0,0
shap_feature_selection_extratrees_p1_20260529_182607,P2_mg_presence,MG Presence,5,582,982.0,0
shap_feature_selection_extratrees_p1_20260529_182607,P2_mg_presence,MG Presence,5,583,983.0,0
shap_feature_selection_extratrees_p1_20260529_182607,P2_mg_presence,MG Presence,5,584,984.0,0
shap_feature_selection_extratrees_p1_20260529_182607,P2_mg_presence,MG Presence,5,585,985.0,0
shap_feature_selection_extratrees_p1_20260529_182607,P2_mg_presence,MG Presence,5,586,986.0,0
shap_feature_selection_extratrees_p1_20260529_182607,P2_mg_presence,MG Presence,5,587,987.0,0
shap_feature_selection_extratrees_p1_20260529_182607,P2_mg_presence,MG Presence,5,588,988.0,0
shap_feature_selection_extratrees_p1_20260529_182607,P2_mg_presence,MG Presence,5,589,989.0,0
shap_feature_selection_extratrees_p1_20260529_182607,P2_mg_presence,MG Presence,5,590,990.0,0
shap_feature_selection_extratrees_p1_20260529_182607,P2_mg_presence,MG Presence,5,591,991.0,0
shap_feature_selection_extratrees_p1_20260529_182607,P2_mg_presence,MG Presence,5,592,992.0,0
shap_feature_selection_extratrees_p1_20260529_182607,P2_mg_presence,MG Presence,5,593,993.0,0
shap_feature_selection_extratrees_p1_20260529_182607,P2_mg_presence,MG Presence,5,594,994.0,0
shap_feature_selection_extratrees_p1_20260529_182607,P2_mg_presence,MG Presence,5,595,995.0,0
shap_feature_selection_extratrees_p1_20260529_182607,P2_mg_presence,MG Presence,5,596,996.0,0
shap_feature_selection_extratrees_p1_20260529_182607,P2_mg_presence,MG Presence,5,597,997.0,0
shap_feature_selection_extratrees_p1_20260529_182607,P2_mg_presence,MG Presence,5,598,998.0,0
shap_feature_selection_extratrees_p1_20260529_182607,P2_mg_presence,MG Presence,5,599,999.0,0
shap_feature_selection_extratrees_p1_20260529_182607,P2_mg_presence,MG Presence,5,600,1000.0,0
shap_feature_selection_extratrees_p1_20260529_182607,P2_mg_presence,MG Presence,5,601,1001.0,0
shap_feature_selection_extratrees_p1_20260529_182607,P2_mg_presence,MG Presence,5,602,1002.0,0
shap_feature_selection_extratrees_p1_20260529_182607,P2_mg_presence,MG Presence,5,603,1003.0,0
shap_feature_selection_extratrees_p1_20260529_182607,P2_mg_presence,MG Presence,5,604,1004.0,0
shap_feature_selection_extratrees_p1_20260529_182607,P2_mg_presence,MG Presence,5,605,1005.0,0
shap_feature_selection_extratrees_p1_20260529_182607,P2_mg_presence,MG Presence,5,606,1006.0,0
shap_feature_selection_extratrees_p1_20260529_182607,P2_mg_presence,MG Presence,5,607,1007.0,0
shap_feature_selection_extratrees_p1_20260529_182607,P2_mg_presence,MG Presence,5,608,1008.0,0
shap_feature_selection_extratrees_p1_20260529_182607,P2_mg_presence,MG Presence,5,609,1009.0,0
shap_feature_selection_extratrees_p1_20260529_182607,P2_mg_presence,MG Presence,5,610,1010.0,0
shap_feature_selection_extratrees_p1_20260529_182607,P2_mg_presence,MG Presence,5,611,1011.0,0
shap_feature_selection_extratrees_p1_20260529_182607,P2_mg_presence,MG Presence,5,612,1012.0,0
shap_feature_selection_extratrees_p1_20260529_182607,P2_mg_presence,MG Presence,5,613,1013.0,0
shap_feature_selection_extratrees_p1_20260529_182607,P2_mg_presence,MG Presence,5,614,1014.0,0
shap_feature_selection_extratrees_p1_20260529_182607,P2_mg_presence,MG Presence,5,615,1015.0,0
shap_feature_selection_extratrees_p1_20260529_182607,P2_mg_presence,MG Presence,5,616,1016.0,0
shap_feature_selection_extratrees_p1_20260529_182607,P2_mg_presence,MG Presence,5,617,1017.0,0
shap_feature_selection_extratrees_p1_20260529_182607,P2_mg_presence,MG Presence,5,618,1018.0,0
shap_feature_selection_extratrees_p1_20260529_182607,P2_mg_presence,MG Presence,5,619,1019.0,0
shap_feature_selection_extratrees_p1_20260529_182607,P2_mg_presence,MG Presence,5,620,1020.0,0
shap_feature_selection_extratrees_p1_20260529_182607,P2_mg_presence,MG Presence,5,621,1021.0,0
shap_feature_selection_extratrees_p1_20260529_182607,P2_mg_presence,MG Presence,5,622,1022.0,0
shap_feature_selection_extratrees_p1_20260529_182607,P2_mg_presence,MG Presence,5,623,1023.0,0
shap_feature_selection_extratrees_p1_20260529_182607,P2_mg_presence,MG Presence,5,624,1024.0,0
shap_feature_selection_extratrees_p1_20260529_182607,P2_mg_presence,MG Presence,5,625,1025.0,0
shap_feature_selection_extratrees_p1_20260529_182607,P2_mg_presence,MG Presence,5,626,1026.0,0
shap_feature_selection_extratrees_p1_20260529_182607,P2_mg_presence,MG Presence,5,627,1027.0,0
shap_feature_selection_extratrees_p1_20260529_182607,P2_mg_presence,MG Presence,5,628,1028.0,0
shap_feature_selection_extratrees_p1_20260529_182607,P2_mg_presence,MG Presence,5,629,1029.0,0
shap_feature_selection_extratrees_p1_20260529_182607,P2_mg_presence,MG Presence,5,630,1030.0,0
shap_feature_selection_extratrees_p1_20260529_182607,P2_mg_presence,MG Presence,5,631,1031.0,0
shap_feature_selection_extratrees_p1_20260529_182607,P2_mg_presence,MG Presence,5,632,1032.0,0
shap_feature_selection_extratrees_p1_20260529_182607,P2_mg_presence,MG Presence,5,633,1033.0,0
shap_feature_selection_extratrees_p1_20260529_182607,P2_mg_presence,MG Presence,5,634,1034.0,0
shap_feature_selection_extratrees_p1_20260529_182607,P2_mg_presence,MG Presence,5,635,1035.0,0
shap_feature_selection_extratrees_p1_20260529_182607,P2_mg_presence,MG Presence,5,636,1036.0,0
shap_feature_selection_extratrees_p1_20260529_182607,P2_mg_presence,MG Presence,5,637,1037.0,0
shap_feature_selection_extratrees_p1_20260529_182607,P2_mg_presence,MG Presence,5,638,1038.0,0
shap_feature_selection_extratrees_p1_20260529_182607,P2_mg_presence,MG Presence,5,639,1039.0,0
shap_feature_selection_extratrees_p1_20260529_182607,P2_mg_presence,MG Presence,5,640,1040.0,0
shap_feature_selection_extratrees_p1_20260529_182607,P2_mg_presence,MG Presence,5,641,1041.0,0
shap_feature_selection_extratrees_p1_20260529_182607,P2_mg_presence,MG Presence,5,642,1042.0,0
shap_feature_selection_extratrees_p1_20260529_182607,P2_mg_presence,MG Presence,5,643,1043.0,0
shap_feature_selection_extratrees_p1_20260529_182607,P2_mg_presence,MG Presence,5,644,1044.0,0
shap_feature_selection_extratrees_p1_20260529_182607,P2_mg_presence,MG Presence,5,645,1045.0,0
shap_feature_selection_extratrees_p1_20260529_182607,P2_mg_presence,MG Presence,5,646,1046.0,0
shap_feature_selection_extratrees_p1_20260529_182607,P2_mg_presence,MG Presence,5,647,1047.0,0
shap_feature_selection_extratrees_p1_20260529_182607,P2_mg_presence,MG Presence,5,648,1048.0,0
shap_feature_selection_extratrees_p1_20260529_182607,P2_mg_presence,MG Presence,5,649,1049.0,0
shap_feature_selection_extratrees_p1_20260529_182607,P2_mg_presence,MG Presence,5,650,1050.0,0
shap_feature_selection_extratrees_p1_20260529_182607,P2_mg_presence,MG Presence,5,651,1051.0,0
shap_feature_selection_extratrees_p1_20260529_182607,P2_mg_presence,MG Presence,5,652,1052.0,0
shap_feature_selection_extratrees_p1_20260529_182607,P2_mg_presence,MG Presence,5,653,1053.0,0
shap_feature_selection_extratrees_p1_20260529_182607,P2_mg_presence,MG Presence,5,654,1054.0,0
shap_feature_selection_extratrees_p1_20260529_182607,P2_mg_presence,MG Presence,5,655,1055.0,0
shap_feature_selection_extratrees_p1_20260529_182607,P2_mg_presence,MG Presence,5,656,1056.0,0
shap_feature_selection_extratrees_p1_20260529_182607,P2_mg_presence,MG Presence,5,657,1057.0,0
shap_feature_selection_extratrees_p1_20260529_182607,P2_mg_presence,MG Presence,5,658,1058.0,0
shap_feature_selection_extratrees_p1_20260529_182607,P2_mg_presence,MG Presence,5,659,1059.0,0
shap_feature_selection_extratrees_p1_20260529_182607,P2_mg_presence,MG Presence,5,660,1060.0,0
shap_feature_selection_extratrees_p1_20260529_182607,P2_mg_presence,MG Presence,5,661,1061.0,0
shap_feature_selection_extratrees_p1_20260529_182607,P2_mg_presence,MG Presence,5,662,1062.0,0
shap_feature_selection_extratrees_p1_20260529_182607,P2_mg_presence,MG Presence,5,663,1063.0,0
shap_feature_selection_extratrees_p1_20260529_182607,P2_mg_presence,MG Presence,5,664,1064.0,0
shap_feature_selection_extratrees_p1_20260529_182607,P2_mg_presence,MG Presence,5,665,1065.0,0
shap_feature_selection_extratrees_p1_20260529_182607,P2_mg_presence,MG Presence,5,666,1066.0,0
shap_feature_selection_extratrees_p1_20260529_182607,P2_mg_presence,MG Presence,5,667,1067.0,0
shap_feature_selection_extratrees_p1_20260529_182607,P2_mg_presence,MG Presence,5,668,1068.0,0
shap_feature_selection_extratrees_p1_20260529_182607,P2_mg_presence,MG Presence,5,669,1069.0,0
shap_feature_selection_extratrees_p1_20260529_182607,P2_mg_presence,MG Presence,5,670,1070.0,0
shap_feature_selection_extratrees_p1_20260529_182607,P2_mg_presence,MG Presence,5,671,1071.0,0
shap_feature_selection_extratrees_p1_20260529_182607,P2_mg_presence,MG Presence,5,672,1072.0,0
shap_feature_selection_extratrees_p1_20260529_182607,P2_mg_presence,MG Presence,5,673,1073.0,0
shap_feature_selection_extratrees_p1_20260529_182607,P2_mg_presence,MG Presence,5,674,1074.0,0
shap_feature_selection_extratrees_p1_20260529_182607,P2_mg_presence,MG Presence,5,675,1075.0,0
shap_feature_selection_extratrees_p1_20260529_182607,P2_mg_presence,MG Presence,5,676,1076.0,0
shap_feature_selection_extratrees_p1_20260529_182607,P2_mg_presence,MG Presence,5,677,1077.0,0
shap_feature_selection_extratrees_p1_20260529_182607,P2_mg_presence,MG Presence,5,678,1078.0,0
shap_feature_selection_extratrees_p1_20260529_182607,P2_mg_presence,MG Presence,5,679,1079.0,0
shap_feature_selection_extratrees_p1_20260529_182607,P2_mg_presence,MG Presence,5,680,1080.0,1
shap_feature_selection_extratrees_p1_20260529_182607,P2_mg_presence,MG Presence,5,681,1081.0,0
shap_feature_selection_extratrees_p1_20260529_182607,P2_mg_presence,MG Presence,5,682,1082.0,0
shap_feature_selection_extratrees_p1_20260529_182607,P2_mg_presence,MG Presence,5,683,1083.0,0
shap_feature_selection_extratrees_p1_20260529_182607,P2_mg_presence,MG Presence,5,684,1084.0,0
shap_feature_selection_extratrees_p1_20260529_182607,P2_mg_presence,MG Presence,5,685,1085.0,0
shap_feature_selection_extratrees_p1_20260529_182607,P2_mg_presence,MG Presence,5,686,1086.0,0
shap_feature_selection_extratrees_p1_20260529_182607,P2_mg_presence,MG Presence,5,687,1087.0,0
shap_feature_selection_extratrees_p1_20260529_182607,P2_mg_presence,MG Presence,5,688,1088.0,0
shap_feature_selection_extratrees_p1_20260529_182607,P2_mg_presence,MG Presence,5,689,1089.0,0
shap_feature_selection_extratrees_p1_20260529_182607,P2_mg_presence,MG Presence,5,690,1090.0,0
shap_feature_selection_extratrees_p1_20260529_182607,P2_mg_presence,MG Presence,5,691,1091.0,0
shap_feature_selection_extratrees_p1_20260529_182607,P2_mg_presence,MG Presence,5,692,1092.0,0
shap_feature_selection_extratrees_p1_20260529_182607,P2_mg_presence,MG Presence,5,693,1093.0,0
shap_feature_selection_extratrees_p1_20260529_182607,P2_mg_presence,MG Presence,5,694,1094.0,0
shap_feature_selection_extratrees_p1_20260529_182607,P2_mg_presence,MG Presence,5,695,1095.0,0
shap_feature_selection_extratrees_p1_20260529_182607,P2_mg_presence,MG Presence,5,696,1096.0,0
shap_feature_selection_extratrees_p1_20260529_182607,P2_mg_presence,MG Presence,5,697,1097.0,0
shap_feature_selection_extratrees_p1_20260529_182607,P2_mg_presence,MG Presence,5,698,1098.0,0
shap_feature_selection_extratrees_p1_20260529_182607,P2_mg_presence,MG Presence,5,699,1099.0,0
shap_feature_selection_extratrees_p1_20260529_182607,P2_mg_presence,MG Presence,5,700,1100.0,0
shap_feature_selection_extratrees_p1_20260529_182607,P2_mg_presence,MG Presence,5,701,1101.0,0
shap_feature_selection_extratrees_p1_20260529_182607,P2_mg_presence,MG Presence,5,702,1102.0,0
shap_feature_selection_extratrees_p1_20260529_182607,P2_mg_presence,MG Presence,5,703,1103.0,0
shap_feature_selection_extratrees_p1_20260529_182607,P2_mg_presence,MG Presence,5,704,1104.0,0
shap_feature_selection_extratrees_p1_20260529_182607,P2_mg_presence,MG Presence,5,705,1105.0,0
shap_feature_selection_extratrees_p1_20260529_182607,P2_mg_presence,MG Presence,5,706,1106.0,0
shap_feature_selection_extratrees_p1_20260529_182607,P2_mg_presence,MG Presence,5,707,1107.0,0
shap_feature_selection_extratrees_p1_20260529_182607,P2_mg_presence,MG Presence,5,708,1108.0,0
shap_feature_selection_extratrees_p1_20260529_182607,P2_mg_presence,MG Presence,5,709,1109.0,0
shap_feature_selection_extratrees_p1_20260529_182607,P2_mg_presence,MG Presence,5,710,1110.0,0
shap_feature_selection_extratrees_p1_20260529_182607,P2_mg_presence,MG Presence,5,711,1111.0,0
shap_feature_selection_extratrees_p1_20260529_182607,P2_mg_presence,MG Presence,5,712,1112.0,0
shap_feature_selection_extratrees_p1_20260529_182607,P2_mg_presence,MG Presence,5,713,1113.0,0
shap_feature_selection_extratrees_p1_20260529_182607,P2_mg_presence,MG Presence,5,714,1114.0,0
shap_feature_selection_extratrees_p1_20260529_182607,P2_mg_presence,MG Presence,5,715,1115.0,0
shap_feature_selection_extratrees_p1_20260529_182607,P2_mg_presence,MG Presence,5,716,1116.0,0
shap_feature_selection_extratrees_p1_20260529_182607,P2_mg_presence,MG Presence,5,717,1117.0,0
shap_feature_selection_extratrees_p1_20260529_182607,P2_mg_presence,MG Presence,5,718,1118.0,0
shap_feature_selection_extratrees_p1_20260529_182607,P2_mg_presence,MG Presence,5,719,1119.0,0
shap_feature_selection_extratrees_p1_20260529_182607,P2_mg_presence,MG Presence,5,720,1120.0,0
shap_feature_selection_extratrees_p1_20260529_182607,P2_mg_presence,MG Presence,5,721,1121.0,0
shap_feature_selection_extratrees_p1_20260529_182607,P2_mg_presence,MG Presence,5,722,1122.0,0
shap_feature_selection_extratrees_p1_20260529_182607,P2_mg_presence,MG Presence,5,723,1123.0,0
shap_feature_selection_extratrees_p1_20260529_182607,P2_mg_presence,MG Presence,5,724,1124.0,0
shap_feature_selection_extratrees_p1_20260529_182607,P2_mg_presence,MG Presence,5,725,1125.0,0
shap_feature_selection_extratrees_p1_20260529_182607,P2_mg_presence,MG Presence,5,726,1126.0,0
shap_feature_selection_extratrees_p1_20260529_182607,P2_mg_presence,MG Presence,5,727,1127.0,0
shap_feature_selection_extratrees_p1_20260529_182607,P2_mg_presence,MG Presence,5,728,1128.0,0
shap_feature_selection_extratrees_p1_20260529_182607,P2_mg_presence,MG Presence,5,729,1129.0,0
shap_feature_selection_extratrees_p1_20260529_182607,P2_mg_presence,MG Presence,5,730,1130.0,0
shap_feature_selection_extratrees_p1_20260529_182607,P2_mg_presence,MG Presence,5,731,1131.0,0
shap_feature_selection_extratrees_p1_20260529_182607,P2_mg_presence,MG Presence,5,732,1132.0,0
shap_feature_selection_extratrees_p1_20260529_182607,P2_mg_presence,MG Presence,5,733,1133.0,0
shap_feature_selection_extratrees_p1_20260529_182607,P2_mg_presence,MG Presence,5,734,1134.0,0
shap_feature_selection_extratrees_p1_20260529_182607,P2_mg_presence,MG Presence,5,735,1135.0,0
shap_feature_selection_extratrees_p1_20260529_182607,P2_mg_presence,MG Presence,5,736,1136.0,0
shap_feature_selection_extratrees_p1_20260529_182607,P2_mg_presence,MG Presence,5,737,1137.0,0
shap_feature_selection_extratrees_p1_20260529_182607,P2_mg_presence,MG Presence,5,738,1138.0,1
shap_feature_selection_extratrees_p1_20260529_182607,P2_mg_presence,MG Presence,5,739,1139.0,0
shap_feature_selection_extratrees_p1_20260529_182607,P2_mg_presence,MG Presence,5,740,1140.0,0
shap_feature_selection_extratrees_p1_20260529_182607,P2_mg_presence,MG Presence,5,741,1141.0,0
shap_feature_selection_extratrees_p1_20260529_182607,P2_mg_presence,MG Presence,5,742,1142.0,0
shap_feature_selection_extratrees_p1_20260529_182607,P2_mg_presence,MG Presence,5,743,1143.0,1
shap_feature_selection_extratrees_p1_20260529_182607,P2_mg_presence,MG Presence,5,744,1144.0,0
shap_feature_selection_extratrees_p1_20260529_182607,P2_mg_presence,MG Presence,5,745,1145.0,0
shap_feature_selection_extratrees_p1_20260529_182607,P2_mg_presence,MG Presence,5,746,1146.0,0
shap_feature_selection_extratrees_p1_20260529_182607,P2_mg_presence,MG Presence,5,747,1147.0,0
shap_feature_selection_extratrees_p1_20260529_182607,P2_mg_presence,MG Presence,5,748,1148.0,0
shap_feature_selection_extratrees_p1_20260529_182607,P2_mg_presence,MG Presence,5,749,1149.0,0
shap_feature_selection_extratrees_p1_20260529_182607,P2_mg_presence,MG Presence,5,750,1150.0,0
shap_feature_selection_extratrees_p1_20260529_182607,P2_mg_presence,MG Presence,5,751,1151.0,0
shap_feature_selection_extratrees_p1_20260529_182607,P2_mg_presence,MG Presence,5,752,1152.0,0
shap_feature_selection_extratrees_p1_20260529_182607,P2_mg_presence,MG Presence,5,753,1153.0,0
shap_feature_selection_extratrees_p1_20260529_182607,P2_mg_presence,MG Presence,5,754,1154.0,0
shap_feature_selection_extratrees_p1_20260529_182607,P2_mg_presence,MG Presence,5,755,1155.0,0
shap_feature_selection_extratrees_p1_20260529_182607,P2_mg_presence,MG Presence,5,756,1156.0,0
shap_feature_selection_extratrees_p1_20260529_182607,P2_mg_presence,MG Presence,5,757,1157.0,0
shap_feature_selection_extratrees_p1_20260529_182607,P2_mg_presence,MG Presence,5,758,1158.0,0
shap_feature_selection_extratrees_p1_20260529_182607,P2_mg_presence,MG Presence,5,759,1159.0,0
shap_feature_selection_extratrees_p1_20260529_182607,P2_mg_presence,MG Presence,5,760,1160.0,1
shap_feature_selection_extratrees_p1_20260529_182607,P2_mg_presence,MG Presence,5,761,1161.0,1
shap_feature_selection_extratrees_p1_20260529_182607,P2_mg_presence,MG Presence,5,762,1162.0,1
shap_feature_selection_extratrees_p1_20260529_182607,P2_mg_presence,MG Presence,5,763,1163.0,1
shap_feature_selection_extratrees_p1_20260529_182607,P2_mg_presence,MG Presence,5,764,1164.0,1
shap_feature_selection_extratrees_p1_20260529_182607,P2_mg_presence,MG Presence,5,765,1165.0,1
shap_feature_selection_extratrees_p1_20260529_182607,P2_mg_presence,MG Presence,5,766,1166.0,1
shap_feature_selection_extratrees_p1_20260529_182607,P2_mg_presence,MG Presence,5,767,1167.0,1
shap_feature_selection_extratrees_p1_20260529_182607,P2_mg_presence,MG Presence,5,768,1168.0,1
shap_feature_selection_extratrees_p1_20260529_182607,P2_mg_presence,MG Presence,5,769,1169.0,1
shap_feature_selection_extratrees_p1_20260529_182607,P2_mg_presence,MG Presence,5,770,1170.0,1
shap_feature_selection_extratrees_p1_20260529_182607,P2_mg_presence,MG Presence,5,771,1171.0,1
shap_feature_selection_extratrees_p1_20260529_182607,P2_mg_presence,MG Presence,5,772,1172.0,1
shap_feature_selection_extratrees_p1_20260529_182607,P2_mg_presence,MG Presence,5,773,1173.0,1
shap_feature_selection_extratrees_p1_20260529_182607,P2_mg_presence,MG Presence,5,774,1174.0,1
shap_feature_selection_extratrees_p1_20260529_182607,P2_mg_presence,MG Presence,5,775,1175.0,1
shap_feature_selection_extratrees_p1_20260529_182607,P2_mg_presence,MG Presence,5,776,1176.0,1
shap_feature_selection_extratrees_p1_20260529_182607,P2_mg_presence,MG Presence,5,777,1177.0,1
shap_feature_selection_extratrees_p1_20260529_182607,P2_mg_presence,MG Presence,5,778,1178.0,0
shap_feature_selection_extratrees_p1_20260529_182607,P2_mg_presence,MG Presence,5,779,1179.0,0
shap_feature_selection_extratrees_p1_20260529_182607,P2_mg_presence,MG Presence,5,780,1180.0,0
shap_feature_selection_extratrees_p1_20260529_182607,P2_mg_presence,MG Presence,5,781,1181.0,0
shap_feature_selection_extratrees_p1_20260529_182607,P2_mg_presence,MG Presence,5,782,1182.0,0
shap_feature_selection_extratrees_p1_20260529_182607,P2_mg_presence,MG Presence,5,783,1183.0,0
shap_feature_selection_extratrees_p1_20260529_182607,P2_mg_presence,MG Presence,5,784,1184.0,0
shap_feature_selection_extratrees_p1_20260529_182607,P2_mg_presence,MG Presence,5,785,1185.0,0
shap_feature_selection_extratrees_p1_20260529_182607,P2_mg_presence,MG Presence,5,786,1186.0,0
shap_feature_selection_extratrees_p1_20260529_182607,P2_mg_presence,MG Presence,5,787,1187.0,0
shap_feature_selection_extratrees_p1_20260529_182607,P2_mg_presence,MG Presence,5,788,1188.0,0
shap_feature_selection_extratrees_p1_20260529_182607,P2_mg_presence,MG Presence,5,789,1189.0,0
shap_feature_selection_extratrees_p1_20260529_182607,P2_mg_presence,MG Presence,5,790,1190.0,0
shap_feature_selection_extratrees_p1_20260529_182607,P2_mg_presence,MG Presence,5,791,1191.0,0
shap_feature_selection_extratrees_p1_20260529_182607,P2_mg_presence,MG Presence,5,792,1192.0,0
shap_feature_selection_extratrees_p1_20260529_182607,P2_mg_presence,MG Presence,5,793,1193.0,0
shap_feature_selection_extratrees_p1_20260529_182607,P2_mg_presence,MG Presence,5,794,1194.0,0
shap_feature_selection_extratrees_p1_20260529_182607,P2_mg_presence,MG Presence,5,795,1195.0,0
shap_feature_selection_extratrees_p1_20260529_182607,P2_mg_presence,MG Presence,5,796,1196.0,0
shap_feature_selection_extratrees_p1_20260529_182607,P2_mg_presence,MG Presence,5,797,1197.0,0
shap_feature_selection_extratrees_p1_20260529_182607,P2_mg_presence,MG Presence,5,798,1198.0,0
shap_feature_selection_extratrees_p1_20260529_182607,P2_mg_presence,MG Presence,5,799,1199.0,0
shap_feature_selection_extratrees_p1_20260529_182607,P2_mg_presence,MG Presence,5,800,1200.0,0
shap_feature_selection_extratrees_p1_20260529_182607,P2_mg_presence,MG Presence,5,801,1201.0,0
shap_feature_selection_extratrees_p1_20260529_182607,P2_mg_presence,MG Presence,5,802,1202.0,0
shap_feature_selection_extratrees_p1_20260529_182607,P2_mg_presence,MG Presence,5,803,1203.0,0
shap_feature_selection_extratrees_p1_20260529_182607,P2_mg_presence,MG Presence,5,804,1204.0,0
shap_feature_selection_extratrees_p1_20260529_182607,P2_mg_presence,MG Presence,5,805,1205.0,0
shap_feature_selection_extratrees_p1_20260529_182607,P2_mg_presence,MG Presence,5,806,1206.0,0
shap_feature_selection_extratrees_p1_20260529_182607,P2_mg_presence,MG Presence,5,807,1207.0,0
shap_feature_selection_extratrees_p1_20260529_182607,P2_mg_presence,MG Presence,5,808,1208.0,0
shap_feature_selection_extratrees_p1_20260529_182607,P2_mg_presence,MG Presence,5,809,1209.0,1
shap_feature_selection_extratrees_p1_20260529_182607,P2_mg_presence,MG Presence,5,810,1210.0,1
shap_feature_selection_extratrees_p1_20260529_182607,P2_mg_presence,MG Presence,5,811,1211.0,1
shap_feature_selection_extratrees_p1_20260529_182607,P2_mg_presence,MG Presence,5,812,1212.0,1
shap_feature_selection_extratrees_p1_20260529_182607,P2_mg_presence,MG Presence,5,813,1213.0,1
shap_feature_selection_extratrees_p1_20260529_182607,P2_mg_presence,MG Presence,5,814,1214.0,1
shap_feature_selection_extratrees_p1_20260529_182607,P2_mg_presence,MG Presence,5,815,1215.0,1
shap_feature_selection_extratrees_p1_20260529_182607,P2_mg_presence,MG Presence,5,816,1216.0,1
shap_feature_selection_extratrees_p1_20260529_182607,P2_mg_presence,MG Presence,5,817,1217.0,1
shap_feature_selection_extratrees_p1_20260529_182607,P2_mg_presence,MG Presence,5,818,1218.0,0
shap_feature_selection_extratrees_p1_20260529_182607,P2_mg_presence,MG Presence,5,819,1219.0,0
shap_feature_selection_extratrees_p1_20260529_182607,P2_mg_presence,MG Presence,5,820,1220.0,0
shap_feature_selection_extratrees_p1_20260529_182607,P2_mg_presence,MG Presence,5,821,1221.0,0
shap_feature_selection_extratrees_p1_20260529_182607,P2_mg_presence,MG Presence,5,822,1222.0,0
shap_feature_selection_extratrees_p1_20260529_182607,P2_mg_presence,MG Presence,5,823,1223.0,0
shap_feature_selection_extratrees_p1_20260529_182607,P2_mg_presence,MG Presence,5,824,1224.0,0
shap_feature_selection_extratrees_p1_20260529_182607,P2_mg_presence,MG Presence,5,825,1225.0,0
shap_feature_selection_extratrees_p1_20260529_182607,P2_mg_presence,MG Presence,5,826,1226.0,0
shap_feature_selection_extratrees_p1_20260529_182607,P2_mg_presence,MG Presence,5,827,1227.0,0
shap_feature_selection_extratrees_p1_20260529_182607,P2_mg_presence,MG Presence,5,828,1228.0,0
shap_feature_selection_extratrees_p1_20260529_182607,P2_mg_presence,MG Presence,5,829,1229.0,0
shap_feature_selection_extratrees_p1_20260529_182607,P2_mg_presence,MG Presence,5,830,1230.0,0
shap_feature_selection_extratrees_p1_20260529_182607,P2_mg_presence,MG Presence,5,831,1231.0,0
shap_feature_selection_extratrees_p1_20260529_182607,P2_mg_presence,MG Presence,5,832,1232.0,0
shap_feature_selection_extratrees_p1_20260529_182607,P2_mg_presence,MG Presence,5,833,1233.0,0
shap_feature_selection_extratrees_p1_20260529_182607,P2_mg_presence,MG Presence,5,834,1234.0,0
shap_feature_selection_extratrees_p1_20260529_182607,P2_mg_presence,MG Presence,5,835,1235.0,0
shap_feature_selection_extratrees_p1_20260529_182607,P2_mg_presence,MG Presence,5,836,1236.0,0
shap_feature_selection_extratrees_p1_20260529_182607,P2_mg_presence,MG Presence,5,837,1237.0,0
shap_feature_selection_extratrees_p1_20260529_182607,P2_mg_presence,MG Presence,5,838,1238.0,0
shap_feature_selection_extratrees_p1_20260529_182607,P2_mg_presence,MG Presence,5,839,1239.0,0
shap_feature_selection_extratrees_p1_20260529_182607,P2_mg_presence,MG Presence,5,840,1240.0,0
shap_feature_selection_extratrees_p1_20260529_182607,P2_mg_presence,MG Presence,5,841,1241.0,0
shap_feature_selection_extratrees_p1_20260529_182607,P2_mg_presence,MG Presence,5,842,1242.0,0
shap_feature_selection_extratrees_p1_20260529_182607,P2_mg_presence,MG Presence,5,843,1243.0,0
shap_feature_selection_extratrees_p1_20260529_182607,P2_mg_presence,MG Presence,5,844,1244.0,0
shap_feature_selection_extratrees_p1_20260529_182607,P2_mg_presence,MG Presence,5,845,1245.0,0
shap_feature_selection_extratrees_p1_20260529_182607,P2_mg_presence,MG Presence,5,846,1246.0,0
shap_feature_selection_extratrees_p1_20260529_182607,P2_mg_presence,MG Presence,5,847,1247.0,0
shap_feature_selection_extratrees_p1_20260529_182607,P2_mg_presence,MG Presence,5,848,1248.0,0
shap_feature_selection_extratrees_p1_20260529_182607,P2_mg_presence,MG Presence,5,849,1249.0,0
shap_feature_selection_extratrees_p1_20260529_182607,P2_mg_presence,MG Presence,5,850,1250.0,0
shap_feature_selection_extratrees_p1_20260529_182607,P2_mg_presence,MG Presence,5,851,1251.0,0
shap_feature_selection_extratrees_p1_20260529_182607,P2_mg_presence,MG Presence,5,852,1252.0,0
shap_feature_selection_extratrees_p1_20260529_182607,P2_mg_presence,MG Presence,5,853,1253.0,0
shap_feature_selection_extratrees_p1_20260529_182607,P2_mg_presence,MG Presence,5,854,1254.0,0
shap_feature_selection_extratrees_p1_20260529_182607,P2_mg_presence,MG Presence,5,855,1255.0,0
shap_feature_selection_extratrees_p1_20260529_182607,P2_mg_presence,MG Presence,5,856,1256.0,0
shap_feature_selection_extratrees_p1_20260529_182607,P2_mg_presence,MG Presence,5,857,1257.0,0
shap_feature_selection_extratrees_p1_20260529_182607,P2_mg_presence,MG Presence,5,858,1258.0,0
shap_feature_selection_extratrees_p1_20260529_182607,P2_mg_presence,MG Presence,5,859,1259.0,0
shap_feature_selection_extratrees_p1_20260529_182607,P2_mg_presence,MG Presence,5,860,1260.0,0
shap_feature_selection_extratrees_p1_20260529_182607,P2_mg_presence,MG Presence,5,861,1261.0,0
shap_feature_selection_extratrees_p1_20260529_182607,P2_mg_presence,MG Presence,5,862,1262.0,0
shap_feature_selection_extratrees_p1_20260529_182607,P2_mg_presence,MG Presence,5,863,1263.0,0
shap_feature_selection_extratrees_p1_20260529_182607,P2_mg_presence,MG Presence,5,864,1264.0,0
shap_feature_selection_extratrees_p1_20260529_182607,P2_mg_presence,MG Presence,5,865,1265.0,0
shap_feature_selection_extratrees_p1_20260529_182607,P2_mg_presence,MG Presence,5,866,1266.0,0
shap_feature_selection_extratrees_p1_20260529_182607,P2_mg_presence,MG Presence,5,867,1267.0,0
shap_feature_selection_extratrees_p1_20260529_182607,P2_mg_presence,MG Presence,5,868,1268.0,0
shap_feature_selection_extratrees_p1_20260529_182607,P2_mg_presence,MG Presence,5,869,1269.0,0
shap_feature_selection_extratrees_p1_20260529_182607,P2_mg_presence,MG Presence,5,870,1270.0,0
shap_feature_selection_extratrees_p1_20260529_182607,P2_mg_presence,MG Presence,5,871,1271.0,0
shap_feature_selection_extratrees_p1_20260529_182607,P2_mg_presence,MG Presence,5,872,1272.0,0
shap_feature_selection_extratrees_p1_20260529_182607,P2_mg_presence,MG Presence,5,873,1273.0,0
shap_feature_selection_extratrees_p1_20260529_182607,P2_mg_presence,MG Presence,5,874,1274.0,0
shap_feature_selection_extratrees_p1_20260529_182607,P2_mg_presence,MG Presence,5,875,1275.0,0
shap_feature_selection_extratrees_p1_20260529_182607,P2_mg_presence,MG Presence,5,876,1276.0,0
shap_feature_selection_extratrees_p1_20260529_182607,P2_mg_presence,MG Presence,5,877,1277.0,0
shap_feature_selection_extratrees_p1_20260529_182607,P2_mg_presence,MG Presence,5,878,1278.0,0
shap_feature_selection_extratrees_p1_20260529_182607,P2_mg_presence,MG Presence,5,879,1279.0,0
shap_feature_selection_extratrees_p1_20260529_182607,P2_mg_presence,MG Presence,5,880,1280.0,0
shap_feature_selection_extratrees_p1_20260529_182607,P2_mg_presence,MG Presence,5,881,1281.0,0
shap_feature_selection_extratrees_p1_20260529_182607,P2_mg_presence,MG Presence,5,882,1282.0,0
shap_feature_selection_extratrees_p1_20260529_182607,P2_mg_presence,MG Presence,5,883,1283.0,0
shap_feature_selection_extratrees_p1_20260529_182607,P2_mg_presence,MG Presence,5,884,1284.0,0
shap_feature_selection_extratrees_p1_20260529_182607,P2_mg_presence,MG Presence,5,885,1285.0,1
shap_feature_selection_extratrees_p1_20260529_182607,P2_mg_presence,MG Presence,5,886,1286.0,1
shap_feature_selection_extratrees_p1_20260529_182607,P2_mg_presence,MG Presence,5,887,1287.0,1
shap_feature_selection_extratrees_p1_20260529_182607,P2_mg_presence,MG Presence,5,888,1288.0,1
shap_feature_selection_extratrees_p1_20260529_182607,P2_mg_presence,MG Presence,5,889,1289.0,0
shap_feature_selection_extratrees_p1_20260529_182607,P2_mg_presence,MG Presence,5,890,1290.0,1
shap_feature_selection_extratrees_p1_20260529_182607,P2_mg_presence,MG Presence,5,891,1291.0,0
shap_feature_selection_extratrees_p1_20260529_182607,P2_mg_presence,MG Presence,5,892,1292.0,0
shap_feature_selection_extratrees_p1_20260529_182607,P2_mg_presence,MG Presence,5,893,1293.0,1
shap_feature_selection_extratrees_p1_20260529_182607,P2_mg_presence,MG Presence,5,894,1294.0,0
shap_feature_selection_extratrees_p1_20260529_182607,P2_mg_presence,MG Presence,5,895,1295.0,0
shap_feature_selection_extratrees_p1_20260529_182607,P2_mg_presence,MG Presence,5,896,1296.0,0
shap_feature_selection_extratrees_p1_20260529_182607,P2_mg_presence,MG Presence,5,897,1297.0,1
shap_feature_selection_extratrees_p1_20260529_182607,P2_mg_presence,MG Presence,5,898,1298.0,0
shap_feature_selection_extratrees_p1_20260529_182607,P2_mg_presence,MG Presence,5,899,1299.0,0
shap_feature_selection_extratrees_p1_20260529_182607,P2_mg_presence,MG Presence,5,900,1300.0,0
shap_feature_selection_extratrees_p1_20260529_182607,P2_mg_presence,MG Presence,5,901,1301.0,0
shap_feature_selection_extratrees_p1_20260529_182607,P2_mg_presence,MG Presence,5,902,1302.0,0
shap_feature_selection_extratrees_p1_20260529_182607,P2_mg_presence,MG Presence,5,903,1303.0,0
shap_feature_selection_extratrees_p1_20260529_182607,P2_mg_presence,MG Presence,5,904,1304.0,0
shap_feature_selection_extratrees_p1_20260529_182607,P2_mg_presence,MG Presence,5,905,1305.0,0
shap_feature_selection_extratrees_p1_20260529_182607,P2_mg_presence,MG Presence,5,906,1306.0,0
shap_feature_selection_extratrees_p1_20260529_182607,P2_mg_presence,MG Presence,5,907,1307.0,0
shap_feature_selection_extratrees_p1_20260529_182607,P2_mg_presence,MG Presence,5,908,1308.0,0
shap_feature_selection_extratrees_p1_20260529_182607,P2_mg_presence,MG Presence,5,909,1309.0,0
shap_feature_selection_extratrees_p1_20260529_182607,P2_mg_presence,MG Presence,5,910,1310.0,0
shap_feature_selection_extratrees_p1_20260529_182607,P2_mg_presence,MG Presence,5,911,1311.0,0
shap_feature_selection_extratrees_p1_20260529_182607,P2_mg_presence,MG Presence,5,912,1312.0,0
shap_feature_selection_extratrees_p1_20260529_182607,P2_mg_presence,MG Presence,5,913,1313.0,0
shap_feature_selection_extratrees_p1_20260529_182607,P2_mg_presence,MG Presence,5,914,1314.0,0
shap_feature_selection_extratrees_p1_20260529_182607,P2_mg_presence,MG Presence,5,915,1315.0,0
shap_feature_selection_extratrees_p1_20260529_182607,P2_mg_presence,MG Presence,5,916,1316.0,0
shap_feature_selection_extratrees_p1_20260529_182607,P2_mg_presence,MG Presence,5,917,1317.0,0
shap_feature_selection_extratrees_p1_20260529_182607,P2_mg_presence,MG Presence,5,918,1318.0,0
shap_feature_selection_extratrees_p1_20260529_182607,P2_mg_presence,MG Presence,5,919,1319.0,0
shap_feature_selection_extratrees_p1_20260529_182607,P2_mg_presence,MG Presence,5,920,1320.0,0
shap_feature_selection_extratrees_p1_20260529_182607,P2_mg_presence,MG Presence,5,921,1321.0,0
shap_feature_selection_extratrees_p1_20260529_182607,P2_mg_presence,MG Presence,5,922,1322.0,0
shap_feature_selection_extratrees_p1_20260529_182607,P2_mg_presence,MG Presence,5,923,1323.0,0
shap_feature_selection_extratrees_p1_20260529_182607,P2_mg_presence,MG Presence,5,924,1324.0,0
shap_feature_selection_extratrees_p1_20260529_182607,P2_mg_presence,MG Presence,5,925,1325.0,0
shap_feature_selection_extratrees_p1_20260529_182607,P2_mg_presence,MG Presence,5,926,1326.0,0
shap_feature_selection_extratrees_p1_20260529_182607,P2_mg_presence,MG Presence,5,927,1327.0,0
shap_feature_selection_extratrees_p1_20260529_182607,P2_mg_presence,MG Presence,5,928,1328.0,0
shap_feature_selection_extratrees_p1_20260529_182607,P2_mg_presence,MG Presence,5,929,1329.0,0
shap_feature_selection_extratrees_p1_20260529_182607,P2_mg_presence,MG Presence,5,930,1330.0,0
shap_feature_selection_extratrees_p1_20260529_182607,P2_mg_presence,MG Presence,5,931,1331.0,0
shap_feature_selection_extratrees_p1_20260529_182607,P2_mg_presence,MG Presence,5,932,1332.0,0
shap_feature_selection_extratrees_p1_20260529_182607,P2_mg_presence,MG Presence,5,933,1333.0,0
shap_feature_selection_extratrees_p1_20260529_182607,P2_mg_presence,MG Presence,5,934,1334.0,0
shap_feature_selection_extratrees_p1_20260529_182607,P2_mg_presence,MG Presence,5,935,1335.0,0
shap_feature_selection_extratrees_p1_20260529_182607,P2_mg_presence,MG Presence,5,936,1336.0,0
shap_feature_selection_extratrees_p1_20260529_182607,P2_mg_presence,MG Presence,5,937,1337.0,0
shap_feature_selection_extratrees_p1_20260529_182607,P2_mg_presence,MG Presence,5,938,1338.0,0
shap_feature_selection_extratrees_p1_20260529_182607,P2_mg_presence,MG Presence,5,939,1339.0,0
shap_feature_selection_extratrees_p1_20260529_182607,P2_mg_presence,MG Presence,5,940,1340.0,0
shap_feature_selection_extratrees_p1_20260529_182607,P2_mg_presence,MG Presence,5,941,1341.0,0
shap_feature_selection_extratrees_p1_20260529_182607,P2_mg_presence,MG Presence,5,942,1342.0,0
shap_feature_selection_extratrees_p1_20260529_182607,P2_mg_presence,MG Presence,5,943,1343.0,0
shap_feature_selection_extratrees_p1_20260529_182607,P2_mg_presence,MG Presence,5,944,1344.0,0
shap_feature_selection_extratrees_p1_20260529_182607,P2_mg_presence,MG Presence,5,945,1345.0,0
shap_feature_selection_extratrees_p1_20260529_182607,P2_mg_presence,MG Presence,5,946,1346.0,0
shap_feature_selection_extratrees_p1_20260529_182607,P2_mg_presence,MG Presence,5,947,1347.0,0
shap_feature_selection_extratrees_p1_20260529_182607,P2_mg_presence,MG Presence,5,948,1348.0,0
shap_feature_selection_extratrees_p1_20260529_182607,P2_mg_presence,MG Presence,5,949,1349.0,0
shap_feature_selection_extratrees_p1_20260529_182607,P2_mg_presence,MG Presence,5,950,1350.0,0
shap_feature_selection_extratrees_p1_20260529_182607,P2_mg_presence,MG Presence,5,951,1351.0,0
shap_feature_selection_extratrees_p1_20260529_182607,P2_mg_presence,MG Presence,5,952,1352.0,0
shap_feature_selection_extratrees_p1_20260529_182607,P2_mg_presence,MG Presence,5,953,1353.0,0
shap_feature_selection_extratrees_p1_20260529_182607,P2_mg_presence,MG Presence,5,954,1354.0,0
shap_feature_selection_extratrees_p1_20260529_182607,P2_mg_presence,MG Presence,5,955,1355.0,0
shap_feature_selection_extratrees_p1_20260529_182607,P2_mg_presence,MG Presence,5,956,1356.0,0
shap_feature_selection_extratrees_p1_20260529_182607,P2_mg_presence,MG Presence,5,957,1357.0,0
shap_feature_selection_extratrees_p1_20260529_182607,P2_mg_presence,MG Presence,5,958,1358.0,0
shap_feature_selection_extratrees_p1_20260529_182607,P2_mg_presence,MG Presence,5,959,1359.0,0
shap_feature_selection_extratrees_p1_20260529_182607,P2_mg_presence,MG Presence,5,960,1360.0,0
shap_feature_selection_extratrees_p1_20260529_182607,P2_mg_presence,MG Presence,5,961,1361.0,0
shap_feature_selection_extratrees_p1_20260529_182607,P2_mg_presence,MG Presence,5,962,1362.0,0
shap_feature_selection_extratrees_p1_20260529_182607,P2_mg_presence,MG Presence,5,963,1363.0,0
shap_feature_selection_extratrees_p1_20260529_182607,P2_mg_presence,MG Presence,5,964,1364.0,0
shap_feature_selection_extratrees_p1_20260529_182607,P2_mg_presence,MG Presence,5,965,1365.0,0
shap_feature_selection_extratrees_p1_20260529_182607,P2_mg_presence,MG Presence,5,966,1366.0,0
shap_feature_selection_extratrees_p1_20260529_182607,P2_mg_presence,MG Presence,5,967,1367.0,0
shap_feature_selection_extratrees_p1_20260529_182607,P2_mg_presence,MG Presence,5,968,1368.0,0
shap_feature_selection_extratrees_p1_20260529_182607,P2_mg_presence,MG Presence,5,969,1369.0,0
shap_feature_selection_extratrees_p1_20260529_182607,P2_mg_presence,MG Presence,5,970,1370.0,0
shap_feature_selection_extratrees_p1_20260529_182607,P2_mg_presence,MG Presence,5,971,1371.0,0
shap_feature_selection_extratrees_p1_20260529_182607,P2_mg_presence,MG Presence,5,972,1372.0,0
shap_feature_selection_extratrees_p1_20260529_182607,P2_mg_presence,MG Presence,5,973,1373.0,0
shap_feature_selection_extratrees_p1_20260529_182607,P2_mg_presence,MG Presence,5,974,1374.0,0
shap_feature_selection_extratrees_p1_20260529_182607,P2_mg_presence,MG Presence,5,975,1375.0,0
shap_feature_selection_extratrees_p1_20260529_182607,P2_mg_presence,MG Presence,5,976,1376.0,0
shap_feature_selection_extratrees_p1_20260529_182607,P2_mg_presence,MG Presence,5,977,1377.0,0
shap_feature_selection_extratrees_p1_20260529_182607,P2_mg_presence,MG Presence,5,978,1378.0,0
shap_feature_selection_extratrees_p1_20260529_182607,P2_mg_presence,MG Presence,5,979,1379.0,0
shap_feature_selection_extratrees_p1_20260529_182607,P2_mg_presence,MG Presence,5,980,1380.0,0
shap_feature_selection_extratrees_p1_20260529_182607,P2_mg_presence,MG Presence,5,981,1381.0,0
shap_feature_selection_extratrees_p1_20260529_182607,P2_mg_presence,MG Presence,5,982,1382.0,0
shap_feature_selection_extratrees_p1_20260529_182607,P2_mg_presence,MG Presence,5,983,1383.0,0
shap_feature_selection_extratrees_p1_20260529_182607,P2_mg_presence,MG Presence,5,984,1384.0,0
shap_feature_selection_extratrees_p1_20260529_182607,P2_mg_presence,MG Presence,5,985,1385.0,0
shap_feature_selection_extratrees_p1_20260529_182607,P2_mg_presence,MG Presence,5,986,1386.0,0
shap_feature_selection_extratrees_p1_20260529_182607,P2_mg_presence,MG Presence,5,987,1387.0,0
shap_feature_selection_extratrees_p1_20260529_182607,P2_mg_presence,MG Presence,5,988,1388.0,0
shap_feature_selection_extratrees_p1_20260529_182607,P2_mg_presence,MG Presence,5,989,1389.0,0
shap_feature_selection_extratrees_p1_20260529_182607,P2_mg_presence,MG Presence,5,990,1390.0,0
shap_feature_selection_extratrees_p1_20260529_182607,P2_mg_presence,MG Presence,5,991,1391.0,1
shap_feature_selection_extratrees_p1_20260529_182607,P2_mg_presence,MG Presence,5,992,1392.0,1
shap_feature_selection_extratrees_p1_20260529_182607,P2_mg_presence,MG Presence,5,993,1393.0,1
shap_feature_selection_extratrees_p1_20260529_182607,P2_mg_presence,MG Presence,5,994,1394.0,1
shap_feature_selection_extratrees_p1_20260529_182607,P2_mg_presence,MG Presence,5,995,1395.0,1
shap_feature_selection_extratrees_p1_20260529_182607,P2_mg_presence,MG Presence,5,996,1396.0,0
shap_feature_selection_extratrees_p1_20260529_182607,P2_mg_presence,MG Presence,5,997,1397.0,0
shap_feature_selection_extratrees_p1_20260529_182607,P2_mg_presence,MG Presence,5,998,1398.0,0
shap_feature_selection_extratrees_p1_20260529_182607,P2_mg_presence,MG Presence,5,999,1399.0,0
shap_feature_selection_extratrees_p1_20260529_182607,P2_mg_presence,MG Presence,5,1000,1400.0,0
shap_feature_selection_extratrees_p1_20260529_182607,P2_mg_presence,MG Presence,5,1001,1401.0,0
shap_feature_selection_extratrees_p1_20260529_182607,P2_mg_presence,MG Presence,5,1002,1402.0,0
shap_feature_selection_extratrees_p1_20260529_182607,P2_mg_presence,MG Presence,5,1003,1403.0,0
shap_feature_selection_extratrees_p1_20260529_182607,P2_mg_presence,MG Presence,5,1004,1404.0,0
shap_feature_selection_extratrees_p1_20260529_182607,P2_mg_presence,MG Presence,5,1005,1405.0,0
shap_feature_selection_extratrees_p1_20260529_182607,P2_mg_presence,MG Presence,5,1006,1406.0,0
shap_feature_selection_extratrees_p1_20260529_182607,P2_mg_presence,MG Presence,5,1007,1407.0,0
shap_feature_selection_extratrees_p1_20260529_182607,P2_mg_presence,MG Presence,5,1008,1408.0,0
shap_feature_selection_extratrees_p1_20260529_182607,P2_mg_presence,MG Presence,5,1009,1409.0,0
shap_feature_selection_extratrees_p1_20260529_182607,P2_mg_presence,MG Presence,5,1010,1410.0,0
shap_feature_selection_extratrees_p1_20260529_182607,P2_mg_presence,MG Presence,5,1011,1411.0,0
shap_feature_selection_extratrees_p1_20260529_182607,P2_mg_presence,MG Presence,5,1012,1412.0,0
shap_feature_selection_extratrees_p1_20260529_182607,P2_mg_presence,MG Presence,5,1013,1413.0,0
shap_feature_selection_extratrees_p1_20260529_182607,P2_mg_presence,MG Presence,5,1014,1414.0,0
shap_feature_selection_extratrees_p1_20260529_182607,P2_mg_presence,MG Presence,5,1015,1415.0,0
shap_feature_selection_extratrees_p1_20260529_182607,P2_mg_presence,MG Presence,5,1016,1416.0,0
shap_feature_selection_extratrees_p1_20260529_182607,P2_mg_presence,MG Presence,5,1017,1417.0,0
shap_feature_selection_extratrees_p1_20260529_182607,P2_mg_presence,MG Presence,5,1018,1418.0,0
shap_feature_selection_extratrees_p1_20260529_182607,P2_mg_presence,MG Presence,5,1019,1419.0,0
shap_feature_selection_extratrees_p1_20260529_182607,P2_mg_presence,MG Presence,5,1020,1420.0,0
shap_feature_selection_extratrees_p1_20260529_182607,P2_mg_presence,MG Presence,5,1021,1421.0,0
shap_feature_selection_extratrees_p1_20260529_182607,P2_mg_presence,MG Presence,5,1022,1422.0,0
shap_feature_selection_extratrees_p1_20260529_182607,P2_mg_presence,MG Presence,5,1023,1423.0,0
shap_feature_selection_extratrees_p1_20260529_182607,P2_mg_presence,MG Presence,5,1024,1424.0,0
shap_feature_selection_extratrees_p1_20260529_182607,P2_mg_presence,MG Presence,5,1025,1425.0,0
shap_feature_selection_extratrees_p1_20260529_182607,P2_mg_presence,MG Presence,5,1026,1426.0,0
shap_feature_selection_extratrees_p1_20260529_182607,P2_mg_presence,MG Presence,5,1027,1427.0,0
shap_feature_selection_extratrees_p1_20260529_182607,P2_mg_presence,MG Presence,5,1028,1428.0,0
shap_feature_selection_extratrees_p1_20260529_182607,P2_mg_presence,MG Presence,5,1029,1429.0,0
shap_feature_selection_extratrees_p1_20260529_182607,P2_mg_presence,MG Presence,5,1030,1430.0,0
shap_feature_selection_extratrees_p1_20260529_182607,P2_mg_presence,MG Presence,5,1031,1431.0,0
shap_feature_selection_extratrees_p1_20260529_182607,P2_mg_presence,MG Presence,5,1032,1432.0,0
shap_feature_selection_extratrees_p1_20260529_182607,P2_mg_presence,MG Presence,5,1033,1433.0,0
shap_feature_selection_extratrees_p1_20260529_182607,P2_mg_presence,MG Presence,5,1034,1434.0,0
shap_feature_selection_extratrees_p1_20260529_182607,P2_mg_presence,MG Presence,5,1035,1435.0,0
shap_feature_selection_extratrees_p1_20260529_182607,P2_mg_presence,MG Presence,5,1036,1436.0,0
shap_feature_selection_extratrees_p1_20260529_182607,P2_mg_presence,MG Presence,5,1037,1437.0,0
shap_feature_selection_extratrees_p1_20260529_182607,P2_mg_presence,MG Presence,5,1038,1438.0,0
shap_feature_selection_extratrees_p1_20260529_182607,P2_mg_presence,MG Presence,5,1039,1439.0,0
shap_feature_selection_extratrees_p1_20260529_182607,P2_mg_presence,MG Presence,5,1040,1440.0,0
shap_feature_selection_extratrees_p1_20260529_182607,P2_mg_presence,MG Presence,5,1041,1441.0,0
shap_feature_selection_extratrees_p1_20260529_182607,P2_mg_presence,MG Presence,5,1042,1442.0,0
shap_feature_selection_extratrees_p1_20260529_182607,P2_mg_presence,MG Presence,5,1043,1443.0,0
shap_feature_selection_extratrees_p1_20260529_182607,P2_mg_presence,MG Presence,5,1044,1444.0,0
shap_feature_selection_extratrees_p1_20260529_182607,P2_mg_presence,MG Presence,5,1045,1445.0,0
shap_feature_selection_extratrees_p1_20260529_182607,P2_mg_presence,MG Presence,5,1046,1446.0,0
shap_feature_selection_extratrees_p1_20260529_182607,P2_mg_presence,MG Presence,5,1047,1447.0,0
shap_feature_selection_extratrees_p1_20260529_182607,P2_mg_presence,MG Presence,5,1048,1448.0,0
shap_feature_selection_extratrees_p1_20260529_182607,P2_mg_presence,MG Presence,5,1049,1449.0,0
shap_feature_selection_extratrees_p1_20260529_182607,P2_mg_presence,MG Presence,5,1050,1450.0,0
shap_feature_selection_extratrees_p1_20260529_182607,P2_mg_presence,MG Presence,5,1051,1451.0,0
shap_feature_selection_extratrees_p1_20260529_182607,P2_mg_presence,MG Presence,5,1052,1452.0,0
shap_feature_selection_extratrees_p1_20260529_182607,P2_mg_presence,MG Presence,5,1053,1453.0,0
shap_feature_selection_extratrees_p1_20260529_182607,P2_mg_presence,MG Presence,5,1054,1454.0,0
shap_feature_selection_extratrees_p1_20260529_182607,P2_mg_presence,MG Presence,5,1055,1455.0,0
shap_feature_selection_extratrees_p1_20260529_182607,P2_mg_presence,MG Presence,5,1056,1456.0,0
shap_feature_selection_extratrees_p1_20260529_182607,P2_mg_presence,MG Presence,5,1057,1457.0,0
shap_feature_selection_extratrees_p1_20260529_182607,P2_mg_presence,MG Presence,5,1058,1458.0,0
shap_feature_selection_extratrees_p1_20260529_182607,P2_mg_presence,MG Presence,5,1059,1459.0,0
shap_feature_selection_extratrees_p1_20260529_182607,P2_mg_presence,MG Presence,5,1060,1460.0,0
shap_feature_selection_extratrees_p1_20260529_182607,P2_mg_presence,MG Presence,5,1061,1461.0,0
shap_feature_selection_extratrees_p1_20260529_182607,P2_mg_presence,MG Presence,5,1062,1462.0,0
shap_feature_selection_extratrees_p1_20260529_182607,P2_mg_presence,MG Presence,5,1063,1463.0,0
shap_feature_selection_extratrees_p1_20260529_182607,P2_mg_presence,MG Presence,5,1064,1464.0,0
shap_feature_selection_extratrees_p1_20260529_182607,P2_mg_presence,MG Presence,5,1065,1465.0,0
shap_feature_selection_extratrees_p1_20260529_182607,P2_mg_presence,MG Presence,5,1066,1466.0,0
shap_feature_selection_extratrees_p1_20260529_182607,P2_mg_presence,MG Presence,5,1067,1467.0,0
shap_feature_selection_extratrees_p1_20260529_182607,P2_mg_presence,MG Presence,5,1068,1468.0,0
shap_feature_selection_extratrees_p1_20260529_182607,P2_mg_presence,MG Presence,5,1069,1469.0,0
shap_feature_selection_extratrees_p1_20260529_182607,P2_mg_presence,MG Presence,5,1070,1470.0,0
shap_feature_selection_extratrees_p1_20260529_182607,P2_mg_presence,MG Presence,5,1071,1471.0,0
shap_feature_selection_extratrees_p1_20260529_182607,P2_mg_presence,MG Presence,5,1072,1472.0,0
shap_feature_selection_extratrees_p1_20260529_182607,P2_mg_presence,MG Presence,5,1073,1473.0,0
shap_feature_selection_extratrees_p1_20260529_182607,P2_mg_presence,MG Presence,5,1074,1474.0,0
shap_feature_selection_extratrees_p1_20260529_182607,P2_mg_presence,MG Presence,5,1075,1475.0,0
shap_feature_selection_extratrees_p1_20260529_182607,P2_mg_presence,MG Presence,5,1076,1476.0,0
shap_feature_selection_extratrees_p1_20260529_182607,P2_mg_presence,MG Presence,5,1077,1477.0,0
shap_feature_selection_extratrees_p1_20260529_182607,P2_mg_presence,MG Presence,5,1078,1478.0,0
shap_feature_selection_extratrees_p1_20260529_182607,P2_mg_presence,MG Presence,5,1079,1479.0,0
shap_feature_selection_extratrees_p1_20260529_182607,P2_mg_presence,MG Presence,5,1080,1480.0,0
shap_feature_selection_extratrees_p1_20260529_182607,P2_mg_presence,MG Presence,5,1081,1481.0,0
shap_feature_selection_extratrees_p1_20260529_182607,P2_mg_presence,MG Presence,5,1082,1482.0,0
shap_feature_selection_extratrees_p1_20260529_182607,P2_mg_presence,MG Presence,5,1083,1483.0,0
shap_feature_selection_extratrees_p1_20260529_182607,P2_mg_presence,MG Presence,5,1084,1484.0,0
shap_feature_selection_extratrees_p1_20260529_182607,P2_mg_presence,MG Presence,5,1085,1485.0,0
shap_feature_selection_extratrees_p1_20260529_182607,P2_mg_presence,MG Presence,5,1086,1486.0,0
shap_feature_selection_extratrees_p1_20260529_182607,P2_mg_presence,MG Presence,5,1087,1487.0,0
shap_feature_selection_extratrees_p1_20260529_182607,P2_mg_presence,MG Presence,5,1088,1488.0,0
shap_feature_selection_extratrees_p1_20260529_182607,P2_mg_presence,MG Presence,5,1089,1489.0,0
shap_feature_selection_extratrees_p1_20260529_182607,P2_mg_presence,MG Presence,5,1090,1490.0,0
shap_feature_selection_extratrees_p1_20260529_182607,P2_mg_presence,MG Presence,5,1091,1491.0,0
shap_feature_selection_extratrees_p1_20260529_182607,P2_mg_presence,MG Presence,5,1092,1492.0,0
shap_feature_selection_extratrees_p1_20260529_182607,P2_mg_presence,MG Presence,5,1093,1493.0,0
shap_feature_selection_extratrees_p1_20260529_182607,P2_mg_presence,MG Presence,5,1094,1494.0,0
shap_feature_selection_extratrees_p1_20260529_182607,P2_mg_presence,MG Presence,5,1095,1495.0,0
shap_feature_selection_extratrees_p1_20260529_182607,P2_mg_presence,MG Presence,5,1096,1496.0,0
shap_feature_selection_extratrees_p1_20260529_182607,P2_mg_presence,MG Presence,5,1097,1497.0,0
shap_feature_selection_extratrees_p1_20260529_182607,P2_mg_presence,MG Presence,5,1098,1498.0,0
shap_feature_selection_extratrees_p1_20260529_182607,P2_mg_presence,MG Presence,5,1099,1499.0,0
shap_feature_selection_extratrees_p1_20260529_182607,P2_mg_presence,MG Presence,5,1100,1500.0,0
shap_feature_selection_extratrees_p1_20260529_182607,P2_mg_presence,MG Presence,5,1101,1501.0,0
shap_feature_selection_extratrees_p1_20260529_182607,P2_mg_presence,MG Presence,5,1102,1502.0,0
shap_feature_selection_extratrees_p1_20260529_182607,P2_mg_presence,MG Presence,5,1103,1503.0,0
shap_feature_selection_extratrees_p1_20260529_182607,P2_mg_presence,MG Presence,5,1104,1504.0,0
shap_feature_selection_extratrees_p1_20260529_182607,P2_mg_presence,MG Presence,5,1105,1505.0,0
shap_feature_selection_extratrees_p1_20260529_182607,P2_mg_presence,MG Presence,5,1106,1506.0,0
shap_feature_selection_extratrees_p1_20260529_182607,P2_mg_presence,MG Presence,5,1107,1507.0,0
shap_feature_selection_extratrees_p1_20260529_182607,P2_mg_presence,MG Presence,5,1108,1508.0,0
shap_feature_selection_extratrees_p1_20260529_182607,P2_mg_presence,MG Presence,5,1109,1509.0,0
shap_feature_selection_extratrees_p1_20260529_182607,P2_mg_presence,MG Presence,5,1110,1510.0,0
shap_feature_selection_extratrees_p1_20260529_182607,P2_mg_presence,MG Presence,5,1111,1511.0,0
shap_feature_selection_extratrees_p1_20260529_182607,P2_mg_presence,MG Presence,5,1112,1512.0,0
shap_feature_selection_extratrees_p1_20260529_182607,P2_mg_presence,MG Presence,5,1113,1513.0,0
shap_feature_selection_extratrees_p1_20260529_182607,P2_mg_presence,MG Presence,5,1114,1514.0,0
shap_feature_selection_extratrees_p1_20260529_182607,P2_mg_presence,MG Presence,5,1115,1515.0,0
shap_feature_selection_extratrees_p1_20260529_182607,P2_mg_presence,MG Presence,5,1116,1516.0,0
shap_feature_selection_extratrees_p1_20260529_182607,P2_mg_presence,MG Presence,5,1117,1517.0,0
shap_feature_selection_extratrees_p1_20260529_182607,P2_mg_presence,MG Presence,5,1118,1518.0,0
shap_feature_selection_extratrees_p1_20260529_182607,P2_mg_presence,MG Presence,5,1119,1519.0,0
shap_feature_selection_extratrees_p1_20260529_182607,P2_mg_presence,MG Presence,5,1120,1520.0,0
shap_feature_selection_extratrees_p1_20260529_182607,P2_mg_presence,MG Presence,5,1121,1521.0,0
shap_feature_selection_extratrees_p1_20260529_182607,P2_mg_presence,MG Presence,5,1122,1522.0,1
shap_feature_selection_extratrees_p1_20260529_182607,P2_mg_presence,MG Presence,5,1123,1523.0,0
shap_feature_selection_extratrees_p1_20260529_182607,P2_mg_presence,MG Presence,5,1124,1524.0,0
shap_feature_selection_extratrees_p1_20260529_182607,P2_mg_presence,MG Presence,5,1125,1525.0,0
shap_feature_selection_extratrees_p1_20260529_182607,P2_mg_presence,MG Presence,5,1126,1526.0,0
shap_feature_selection_extratrees_p1_20260529_182607,P2_mg_presence,MG Presence,5,1127,1527.0,0
shap_feature_selection_extratrees_p1_20260529_182607,P2_mg_presence,MG Presence,5,1128,1528.0,0
shap_feature_selection_extratrees_p1_20260529_182607,P2_mg_presence,MG Presence,5,1129,1529.0,0
shap_feature_selection_extratrees_p1_20260529_182607,P2_mg_presence,MG Presence,5,1130,1530.0,0
shap_feature_selection_extratrees_p1_20260529_182607,P2_mg_presence,MG Presence,5,1131,1531.0,0
shap_feature_selection_extratrees_p1_20260529_182607,P2_mg_presence,MG Presence,5,1132,1532.0,0
shap_feature_selection_extratrees_p1_20260529_182607,P2_mg_presence,MG Presence,5,1133,1533.0,0
shap_feature_selection_extratrees_p1_20260529_182607,P2_mg_presence,MG Presence,5,1134,1534.0,0
shap_feature_selection_extratrees_p1_20260529_182607,P2_mg_presence,MG Presence,5,1135,1535.0,0
shap_feature_selection_extratrees_p1_20260529_182607,P2_mg_presence,MG Presence,5,1136,1536.0,0
shap_feature_selection_extratrees_p1_20260529_182607,P2_mg_presence,MG Presence,5,1137,1537.0,0
shap_feature_selection_extratrees_p1_20260529_182607,P2_mg_presence,MG Presence,5,1138,1538.0,0
shap_feature_selection_extratrees_p1_20260529_182607,P2_mg_presence,MG Presence,5,1139,1539.0,0
shap_feature_selection_extratrees_p1_20260529_182607,P2_mg_presence,MG Presence,5,1140,1540.0,0
shap_feature_selection_extratrees_p1_20260529_182607,P2_mg_presence,MG Presence,5,1141,1541.0,0
shap_feature_selection_extratrees_p1_20260529_182607,P2_mg_presence,MG Presence,5,1142,1542.0,0
shap_feature_selection_extratrees_p1_20260529_182607,P2_mg_presence,MG Presence,5,1143,1543.0,0
shap_feature_selection_extratrees_p1_20260529_182607,P2_mg_presence,MG Presence,5,1144,1544.0,0
shap_feature_selection_extratrees_p1_20260529_182607,P2_mg_presence,MG Presence,5,1145,1545.0,0
shap_feature_selection_extratrees_p1_20260529_182607,P2_mg_presence,MG Presence,5,1146,1546.0,0
shap_feature_selection_extratrees_p1_20260529_182607,P2_mg_presence,MG Presence,5,1147,1547.0,0
shap_feature_selection_extratrees_p1_20260529_182607,P2_mg_presence,MG Presence,5,1148,1548.0,0
shap_feature_selection_extratrees_p1_20260529_182607,P2_mg_presence,MG Presence,5,1149,1549.0,0
shap_feature_selection_extratrees_p1_20260529_182607,P2_mg_presence,MG Presence,5,1150,1550.0,0
shap_feature_selection_extratrees_p1_20260529_182607,P2_mg_presence,MG Presence,5,1151,1551.0,0
shap_feature_selection_extratrees_p1_20260529_182607,P2_mg_presence,MG Presence,5,1152,1552.0,0
shap_feature_selection_extratrees_p1_20260529_182607,P2_mg_presence,MG Presence,5,1153,1553.0,0
shap_feature_selection_extratrees_p1_20260529_182607,P2_mg_presence,MG Presence,5,1154,1554.0,0
shap_feature_selection_extratrees_p1_20260529_182607,P2_mg_presence,MG Presence,5,1155,1555.0,0
shap_feature_selection_extratrees_p1_20260529_182607,P2_mg_presence,MG Presence,5,1156,1556.0,0
shap_feature_selection_extratrees_p1_20260529_182607,P2_mg_presence,MG Presence,5,1157,1557.0,0
shap_feature_selection_extratrees_p1_20260529_182607,P2_mg_presence,MG Presence,5,1158,1558.0,0
shap_feature_selection_extratrees_p1_20260529_182607,P2_mg_presence,MG Presence,5,1159,1559.0,0
shap_feature_selection_extratrees_p1_20260529_182607,P2_mg_presence,MG Presence,5,1160,1560.0,0
shap_feature_selection_extratrees_p1_20260529_182607,P2_mg_presence,MG Presence,5,1161,1561.0,0
shap_feature_selection_extratrees_p1_20260529_182607,P2_mg_presence,MG Presence,5,1162,1562.0,0
shap_feature_selection_extratrees_p1_20260529_182607,P2_mg_presence,MG Presence,5,1163,1563.0,0
shap_feature_selection_extratrees_p1_20260529_182607,P2_mg_presence,MG Presence,5,1164,1564.0,0
shap_feature_selection_extratrees_p1_20260529_182607,P2_mg_presence,MG Presence,5,1165,1565.0,0
shap_feature_selection_extratrees_p1_20260529_182607,P2_mg_presence,MG Presence,5,1166,1566.0,0
shap_feature_selection_extratrees_p1_20260529_182607,P2_mg_presence,MG Presence,5,1167,1567.0,0
shap_feature_selection_extratrees_p1_20260529_182607,P2_mg_presence,MG Presence,5,1168,1568.0,0
shap_feature_selection_extratrees_p1_20260529_182607,P2_mg_presence,MG Presence,5,1169,1569.0,0
shap_feature_selection_extratrees_p1_20260529_182607,P2_mg_presence,MG Presence,5,1170,1570.0,0
shap_feature_selection_extratrees_p1_20260529_182607,P2_mg_presence,MG Presence,5,1171,1571.0,0
shap_feature_selection_extratrees_p1_20260529_182607,P2_mg_presence,MG Presence,5,1172,1572.0,0
shap_feature_selection_extratrees_p1_20260529_182607,P2_mg_presence,MG Presence,5,1173,1573.0,0
shap_feature_selection_extratrees_p1_20260529_182607,P2_mg_presence,MG Presence,5,1174,1574.0,0
shap_feature_selection_extratrees_p1_20260529_182607,P2_mg_presence,MG Presence,5,1175,1575.0,0
shap_feature_selection_extratrees_p1_20260529_182607,P2_mg_presence,MG Presence,5,1176,1576.0,0
shap_feature_selection_extratrees_p1_20260529_182607,P2_mg_presence,MG Presence,5,1177,1577.0,0
shap_feature_selection_extratrees_p1_20260529_182607,P2_mg_presence,MG Presence,5,1178,1578.0,0
shap_feature_selection_extratrees_p1_20260529_182607,P2_mg_presence,MG Presence,5,1179,1579.0,0
shap_feature_selection_extratrees_p1_20260529_182607,P2_mg_presence,MG Presence,5,1180,1580.0,0
shap_feature_selection_extratrees_p1_20260529_182607,P2_mg_presence,MG Presence,5,1181,1581.0,0
shap_feature_selection_extratrees_p1_20260529_182607,P2_mg_presence,MG Presence,5,1182,1582.0,0
shap_feature_selection_extratrees_p1_20260529_182607,P2_mg_presence,MG Presence,5,1183,1583.0,0
shap_feature_selection_extratrees_p1_20260529_182607,P2_mg_presence,MG Presence,5,1184,1584.0,0
shap_feature_selection_extratrees_p1_20260529_182607,P2_mg_presence,MG Presence,5,1185,1585.0,0
shap_feature_selection_extratrees_p1_20260529_182607,P2_mg_presence,MG Presence,5,1186,1586.0,0
shap_feature_selection_extratrees_p1_20260529_182607,P2_mg_presence,MG Presence,5,1187,1587.0,0
shap_feature_selection_extratrees_p1_20260529_182607,P2_mg_presence,MG Presence,5,1188,1588.0,0
shap_feature_selection_extratrees_p1_20260529_182607,P2_mg_presence,MG Presence,5,1189,1589.0,0
shap_feature_selection_extratrees_p1_20260529_182607,P2_mg_presence,MG Presence,5,1190,1590.0,0
shap_feature_selection_extratrees_p1_20260529_182607,P2_mg_presence,MG Presence,5,1191,1591.0,0
shap_feature_selection_extratrees_p1_20260529_182607,P2_mg_presence,MG Presence,5,1192,1592.0,0
shap_feature_selection_extratrees_p1_20260529_182607,P2_mg_presence,MG Presence,5,1193,1593.0,0
shap_feature_selection_extratrees_p1_20260529_182607,P2_mg_presence,MG Presence,5,1194,1594.0,0
shap_feature_selection_extratrees_p1_20260529_182607,P2_mg_presence,MG Presence,5,1195,1595.0,0
shap_feature_selection_extratrees_p1_20260529_182607,P2_mg_presence,MG Presence,5,1196,1596.0,0
shap_feature_selection_extratrees_p1_20260529_182607,P2_mg_presence,MG Presence,5,1197,1597.0,0
shap_feature_selection_extratrees_p1_20260529_182607,P2_mg_presence,MG Presence,5,1198,1598.0,0
shap_feature_selection_extratrees_p1_20260529_182607,P2_mg_presence,MG Presence,5,1199,1599.0,0
shap_feature_selection_extratrees_p1_20260529_182607,P2_mg_presence,MG Presence,5,1200,1600.0,0
shap_feature_selection_extratrees_p1_20260529_182607,P2_mg_presence,MG Presence,5,1201,1601.0,0
shap_feature_selection_extratrees_p1_20260529_182607,P2_mg_presence,MG Presence,5,1202,1602.0,0
shap_feature_selection_extratrees_p1_20260529_182607,P2_mg_presence,MG Presence,5,1203,1603.0,0
shap_feature_selection_extratrees_p1_20260529_182607,P2_mg_presence,MG Presence,5,1204,1604.0,1
shap_feature_selection_extratrees_p1_20260529_182607,P2_mg_presence,MG Presence,5,1205,1605.0,1
shap_feature_selection_extratrees_p1_20260529_182607,P2_mg_presence,MG Presence,5,1206,1606.0,1
shap_feature_selection_extratrees_p1_20260529_182607,P2_mg_presence,MG Presence,5,1207,1607.0,1
shap_feature_selection_extratrees_p1_20260529_182607,P2_mg_presence,MG Presence,5,1208,1608.0,1
shap_feature_selection_extratrees_p1_20260529_182607,P2_mg_presence,MG Presence,5,1209,1609.0,1
shap_feature_selection_extratrees_p1_20260529_182607,P2_mg_presence,MG Presence,5,1210,1610.0,1
shap_feature_selection_extratrees_p1_20260529_182607,P2_mg_presence,MG Presence,5,1211,1611.0,1
shap_feature_selection_extratrees_p1_20260529_182607,P2_mg_presence,MG Presence,5,1212,1612.0,1
shap_feature_selection_extratrees_p1_20260529_182607,P2_mg_presence,MG Presence,5,1213,1613.0,1
shap_feature_selection_extratrees_p1_20260529_182607,P2_mg_presence,MG Presence,5,1214,1614.0,1
shap_feature_selection_extratrees_p1_20260529_182607,P2_mg_presence,MG Presence,5,1215,1615.0,1
shap_feature_selection_extratrees_p1_20260529_182607,P2_mg_presence,MG Presence,5,1216,1616.0,1
shap_feature_selection_extratrees_p1_20260529_182607,P2_mg_presence,MG Presence,5,1217,1617.0,0
shap_feature_selection_extratrees_p1_20260529_182607,P2_mg_presence,MG Presence,5,1218,1618.0,1
shap_feature_selection_extratrees_p1_20260529_182607,P2_mg_presence,MG Presence,5,1219,1619.0,1
shap_feature_selection_extratrees_p1_20260529_182607,P2_mg_presence,MG Presence,5,1220,1620.0,1
shap_feature_selection_extratrees_p1_20260529_182607,P2_mg_presence,MG Presence,5,1221,1621.0,0
shap_feature_selection_extratrees_p1_20260529_182607,P2_mg_presence,MG Presence,5,1222,1622.0,1
shap_feature_selection_extratrees_p1_20260529_182607,P2_mg_presence,MG Presence,5,1223,1623.0,1
shap_feature_selection_extratrees_p1_20260529_182607,P2_mg_presence,MG Presence,5,1224,1624.0,1
shap_feature_selection_extratrees_p1_20260529_182607,P2_mg_presence,MG Presence,5,1225,1625.0,1
shap_feature_selection_extratrees_p1_20260529_182607,P2_mg_presence,MG Presence,5,1226,1626.0,0
shap_feature_selection_extratrees_p1_20260529_182607,P2_mg_presence,MG Presence,5,1227,1627.0,0
shap_feature_selection_extratrees_p1_20260529_182607,P2_mg_presence,MG Presence,5,1228,1628.0,0
shap_feature_selection_extratrees_p1_20260529_182607,P2_mg_presence,MG Presence,5,1229,1629.0,0
shap_feature_selection_extratrees_p1_20260529_182607,P2_mg_presence,MG Presence,5,1230,1630.0,0
shap_feature_selection_extratrees_p1_20260529_182607,P2_mg_presence,MG Presence,5,1231,1631.0,0
shap_feature_selection_extratrees_p1_20260529_182607,P2_mg_presence,MG Presence,5,1232,1632.0,0
shap_feature_selection_extratrees_p1_20260529_182607,P2_mg_presence,MG Presence,5,1233,1633.0,0
shap_feature_selection_extratrees_p1_20260529_182607,P2_mg_presence,MG Presence,5,1234,1634.0,0
shap_feature_selection_extratrees_p1_20260529_182607,P2_mg_presence,MG Presence,5,1235,1635.0,0
shap_feature_selection_extratrees_p1_20260529_182607,P2_mg_presence,MG Presence,5,1236,1636.0,0
shap_feature_selection_extratrees_p1_20260529_182607,P2_mg_presence,MG Presence,5,1237,1637.0,0
shap_feature_selection_extratrees_p1_20260529_182607,P2_mg_presence,MG Presence,5,1238,1638.0,0
shap_feature_selection_extratrees_p1_20260529_182607,P2_mg_presence,MG Presence,5,1239,1639.0,0
shap_feature_selection_extratrees_p1_20260529_182607,P2_mg_presence,MG Presence,5,1240,1640.0,0
shap_feature_selection_extratrees_p1_20260529_182607,P2_mg_presence,MG Presence,5,1241,1641.0,0
shap_feature_selection_extratrees_p1_20260529_182607,P2_mg_presence,MG Presence,5,1242,1642.0,0
shap_feature_selection_extratrees_p1_20260529_182607,P2_mg_presence,MG Presence,5,1243,1643.0,0
shap_feature_selection_extratrees_p1_20260529_182607,P2_mg_presence,MG Presence,5,1244,1644.0,0
shap_feature_selection_extratrees_p1_20260529_182607,P2_mg_presence,MG Presence,5,1245,1645.0,0
shap_feature_selection_extratrees_p1_20260529_182607,P2_mg_presence,MG Presence,5,1246,1646.0,0
shap_feature_selection_extratrees_p1_20260529_182607,P2_mg_presence,MG Presence,5,1247,1647.0,0
shap_feature_selection_extratrees_p1_20260529_182607,P2_mg_presence,MG Presence,5,1248,1648.0,0
shap_feature_selection_extratrees_p1_20260529_182607,P2_mg_presence,MG Presence,5,1249,1649.0,0
shap_feature_selection_extratrees_p1_20260529_182607,P2_mg_presence,MG Presence,5,1250,1650.0,0
shap_feature_selection_extratrees_p1_20260529_182607,P2_mg_presence,MG Presence,5,1251,1651.0,0
shap_feature_selection_extratrees_p1_20260529_182607,P2_mg_presence,MG Presence,5,1252,1652.0,0
shap_feature_selection_extratrees_p1_20260529_182607,P2_mg_presence,MG Presence,5,1253,1653.0,0
shap_feature_selection_extratrees_p1_20260529_182607,P2_mg_presence,MG Presence,5,1254,1654.0,0
shap_feature_selection_extratrees_p1_20260529_182607,P2_mg_presence,MG Presence,5,1255,1655.0,0
shap_feature_selection_extratrees_p1_20260529_182607,P2_mg_presence,MG Presence,5,1256,1656.0,0
shap_feature_selection_extratrees_p1_20260529_182607,P2_mg_presence,MG Presence,5,1257,1657.0,0
shap_feature_selection_extratrees_p1_20260529_182607,P2_mg_presence,MG Presence,5,1258,1658.0,0
shap_feature_selection_extratrees_p1_20260529_182607,P2_mg_presence,MG Presence,5,1259,1659.0,0
shap_feature_selection_extratrees_p1_20260529_182607,P2_mg_presence,MG Presence,5,1260,1660.0,0
shap_feature_selection_extratrees_p1_20260529_182607,P2_mg_presence,MG Presence,5,1261,1661.0,0
shap_feature_selection_extratrees_p1_20260529_182607,P2_mg_presence,MG Presence,5,1262,1662.0,0
shap_feature_selection_extratrees_p1_20260529_182607,P2_mg_presence,MG Presence,5,1263,1663.0,0
shap_feature_selection_extratrees_p1_20260529_182607,P2_mg_presence,MG Presence,5,1264,1664.0,0
shap_feature_selection_extratrees_p1_20260529_182607,P2_mg_presence,MG Presence,5,1265,1665.0,0
shap_feature_selection_extratrees_p1_20260529_182607,P2_mg_presence,MG Presence,5,1266,1666.0,0
shap_feature_selection_extratrees_p1_20260529_182607,P2_mg_presence,MG Presence,5,1267,1667.0,0
shap_feature_selection_extratrees_p1_20260529_182607,P2_mg_presence,MG Presence,5,1268,1668.0,0
shap_feature_selection_extratrees_p1_20260529_182607,P2_mg_presence,MG Presence,5,1269,1669.0,0
shap_feature_selection_extratrees_p1_20260529_182607,P2_mg_presence,MG Presence,5,1270,1670.0,0
shap_feature_selection_extratrees_p1_20260529_182607,P2_mg_presence,MG Presence,5,1271,1671.0,0
shap_feature_selection_extratrees_p1_20260529_182607,P2_mg_presence,MG Presence,5,1272,1672.0,0
shap_feature_selection_extratrees_p1_20260529_182607,P2_mg_presence,MG Presence,5,1273,1673.0,0
shap_feature_selection_extratrees_p1_20260529_182607,P2_mg_presence,MG Presence,5,1274,1674.0,0
shap_feature_selection_extratrees_p1_20260529_182607,P2_mg_presence,MG Presence,5,1275,1675.0,0
shap_feature_selection_extratrees_p1_20260529_182607,P2_mg_presence,MG Presence,5,1276,1676.0,0
shap_feature_selection_extratrees_p1_20260529_182607,P2_mg_presence,MG Presence,5,1277,1677.0,0
shap_feature_selection_extratrees_p1_20260529_182607,P2_mg_presence,MG Presence,5,1278,1678.0,0
shap_feature_selection_extratrees_p1_20260529_182607,P2_mg_presence,MG Presence,5,1279,1679.0,0
shap_feature_selection_extratrees_p1_20260529_182607,P2_mg_presence,MG Presence,5,1280,1680.0,0
shap_feature_selection_extratrees_p1_20260529_182607,P2_mg_presence,MG Presence,5,1281,1681.0,0
shap_feature_selection_extratrees_p1_20260529_182607,P2_mg_presence,MG Presence,5,1282,1682.0,0
shap_feature_selection_extratrees_p1_20260529_182607,P2_mg_presence,MG Presence,5,1283,1683.0,0
shap_feature_selection_extratrees_p1_20260529_182607,P2_mg_presence,MG Presence,5,1284,1684.0,0
shap_feature_selection_extratrees_p1_20260529_182607,P2_mg_presence,MG Presence,5,1285,1685.0,0
shap_feature_selection_extratrees_p1_20260529_182607,P2_mg_presence,MG Presence,5,1286,1686.0,0
shap_feature_selection_extratrees_p1_20260529_182607,P2_mg_presence,MG Presence,5,1287,1687.0,0
shap_feature_selection_extratrees_p1_20260529_182607,P2_mg_presence,MG Presence,5,1288,1688.0,0
shap_feature_selection_extratrees_p1_20260529_182607,P2_mg_presence,MG Presence,5,1289,1689.0,1
shap_feature_selection_extratrees_p1_20260529_182607,P2_mg_presence,MG Presence,5,1290,1690.0,0
shap_feature_selection_extratrees_p1_20260529_182607,P2_mg_presence,MG Presence,5,1291,1691.0,0
shap_feature_selection_extratrees_p1_20260529_182607,P2_mg_presence,MG Presence,5,1292,1692.0,0
shap_feature_selection_extratrees_p1_20260529_182607,P2_mg_presence,MG Presence,5,1293,1693.0,0
shap_feature_selection_extratrees_p1_20260529_182607,P2_mg_presence,MG Presence,5,1294,1694.0,0
shap_feature_selection_extratrees_p1_20260529_182607,P2_mg_presence,MG Presence,5,1295,1695.0,0
shap_feature_selection_extratrees_p1_20260529_182607,P2_mg_presence,MG Presence,5,1296,1696.0,0
shap_feature_selection_extratrees_p1_20260529_182607,P2_mg_presence,MG Presence,5,1297,1697.0,0
shap_feature_selection_extratrees_p1_20260529_182607,P2_mg_presence,MG Presence,5,1298,1698.0,0
shap_feature_selection_extratrees_p1_20260529_182607,P2_mg_presence,MG Presence,5,1299,1699.0,0
shap_feature_selection_extratrees_p1_20260529_182607,P2_mg_presence,MG Presence,5,1300,1700.0,0
shap_feature_selection_extratrees_p1_20260529_182607,P2_mg_presence,MG Presence,5,1301,1701.0,0
shap_feature_selection_extratrees_p1_20260529_182607,P2_mg_presence,MG Presence,5,1302,1702.0,0
shap_feature_selection_extratrees_p1_20260529_182607,P2_mg_presence,MG Presence,5,1303,1703.0,0
shap_feature_selection_extratrees_p1_20260529_182607,P2_mg_presence,MG Presence,5,1304,1704.0,0
shap_feature_selection_extratrees_p1_20260529_182607,P2_mg_presence,MG Presence,5,1305,1705.0,0
shap_feature_selection_extratrees_p1_20260529_182607,P2_mg_presence,MG Presence,5,1306,1706.0,0
shap_feature_selection_extratrees_p1_20260529_182607,P2_mg_presence,MG Presence,5,1307,1707.0,0
shap_feature_selection_extratrees_p1_20260529_182607,P2_mg_presence,MG Presence,5,1308,1708.0,0
shap_feature_selection_extratrees_p1_20260529_182607,P2_mg_presence,MG Presence,5,1309,1709.0,0
shap_feature_selection_extratrees_p1_20260529_182607,P2_mg_presence,MG Presence,5,1310,1710.0,0
shap_feature_selection_extratrees_p1_20260529_182607,P2_mg_presence,MG Presence,5,1311,1711.0,0
shap_feature_selection_extratrees_p1_20260529_182607,P2_mg_presence,MG Presence,5,1312,1712.0,0
shap_feature_selection_extratrees_p1_20260529_182607,P2_mg_presence,MG Presence,5,1313,1713.0,0
shap_feature_selection_extratrees_p1_20260529_182607,P2_mg_presence,MG Presence,5,1314,1714.0,0
shap_feature_selection_extratrees_p1_20260529_182607,P2_mg_presence,MG Presence,5,1315,1715.0,0
shap_feature_selection_extratrees_p1_20260529_182607,P2_mg_presence,MG Presence,5,1316,1716.0,0
shap_feature_selection_extratrees_p1_20260529_182607,P2_mg_presence,MG Presence,5,1317,1717.0,0
shap_feature_selection_extratrees_p1_20260529_182607,P2_mg_presence,MG Presence,5,1318,1718.0,0
shap_feature_selection_extratrees_p1_20260529_182607,P2_mg_presence,MG Presence,5,1319,1719.0,0
shap_feature_selection_extratrees_p1_20260529_182607,P2_mg_presence,MG Presence,5,1320,1720.0,0
shap_feature_selection_extratrees_p1_20260529_182607,P2_mg_presence,MG Presence,5,1321,1721.0,0
shap_feature_selection_extratrees_p1_20260529_182607,P2_mg_presence,MG Presence,5,1322,1722.0,0
shap_feature_selection_extratrees_p1_20260529_182607,P2_mg_presence,MG Presence,5,1323,1723.0,0
shap_feature_selection_extratrees_p1_20260529_182607,P2_mg_presence,MG Presence,5,1324,1724.0,0
shap_feature_selection_extratrees_p1_20260529_182607,P2_mg_presence,MG Presence,5,1325,1725.0,0
shap_feature_selection_extratrees_p1_20260529_182607,P2_mg_presence,MG Presence,5,1326,1726.0,0
shap_feature_selection_extratrees_p1_20260529_182607,P2_mg_presence,MG Presence,5,1327,1727.0,0
shap_feature_selection_extratrees_p1_20260529_182607,P2_mg_presence,MG Presence,5,1328,1728.0,0
shap_feature_selection_extratrees_p1_20260529_182607,P2_mg_presence,MG Presence,5,1329,1729.0,0
shap_feature_selection_extratrees_p1_20260529_182607,P2_mg_presence,MG Presence,5,1330,1730.0,0
shap_feature_selection_extratrees_p1_20260529_182607,P2_mg_presence,MG Presence,5,1331,1731.0,0
shap_feature_selection_extratrees_p1_20260529_182607,P2_mg_presence,MG Presence,5,1332,1732.0,0
shap_feature_selection_extratrees_p1_20260529_182607,P2_mg_presence,MG Presence,5,1333,1733.0,0
shap_feature_selection_extratrees_p1_20260529_182607,P2_mg_presence,MG Presence,5,1334,1734.0,0
shap_feature_selection_extratrees_p1_20260529_182607,P2_mg_presence,MG Presence,5,1335,1735.0,0
shap_feature_selection_extratrees_p1_20260529_182607,P2_mg_presence,MG Presence,5,1336,1736.0,0
shap_feature_selection_extratrees_p1_20260529_182607,P2_mg_presence,MG Presence,5,1337,1737.0,0
shap_feature_selection_extratrees_p1_20260529_182607,P2_mg_presence,MG Presence,5,1338,1738.0,0
shap_feature_selection_extratrees_p1_20260529_182607,P2_mg_presence,MG Presence,5,1339,1739.0,0
shap_feature_selection_extratrees_p1_20260529_182607,P2_mg_presence,MG Presence,5,1340,1740.0,0
shap_feature_selection_extratrees_p1_20260529_182607,P2_mg_presence,MG Presence,5,1341,1741.0,0
shap_feature_selection_extratrees_p1_20260529_182607,P2_mg_presence,MG Presence,5,1342,1742.0,0
shap_feature_selection_extratrees_p1_20260529_182607,P2_mg_presence,MG Presence,5,1343,1743.0,0
shap_feature_selection_extratrees_p1_20260529_182607,P2_mg_presence,MG Presence,5,1344,1744.0,0
shap_feature_selection_extratrees_p1_20260529_182607,P2_mg_presence,MG Presence,5,1345,1745.0,0
shap_feature_selection_extratrees_p1_20260529_182607,P2_mg_presence,MG Presence,5,1346,1746.0,0
shap_feature_selection_extratrees_p1_20260529_182607,P2_mg_presence,MG Presence,5,1347,1747.0,0
shap_feature_selection_extratrees_p1_20260529_182607,P2_mg_presence,MG Presence,5,1348,1748.0,0
shap_feature_selection_extratrees_p1_20260529_182607,P2_mg_presence,MG Presence,5,1349,1749.0,0
shap_feature_selection_extratrees_p1_20260529_182607,P2_mg_presence,MG Presence,5,1350,1750.0,0
shap_feature_selection_extratrees_p1_20260529_182607,P2_mg_presence,MG Presence,5,1351,1751.0,0
shap_feature_selection_extratrees_p1_20260529_182607,P2_mg_presence,MG Presence,5,1352,1752.0,0
shap_feature_selection_extratrees_p1_20260529_182607,P2_mg_presence,MG Presence,5,1353,1753.0,0
shap_feature_selection_extratrees_p1_20260529_182607,P2_mg_presence,MG Presence,5,1354,1754.0,0
shap_feature_selection_extratrees_p1_20260529_182607,P2_mg_presence,MG Presence,5,1355,1755.0,0
shap_feature_selection_extratrees_p1_20260529_182607,P2_mg_presence,MG Presence,5,1356,1756.0,0
shap_feature_selection_extratrees_p1_20260529_182607,P2_mg_presence,MG Presence,5,1357,1757.0,0
shap_feature_selection_extratrees_p1_20260529_182607,P2_mg_presence,MG Presence,5,1358,1758.0,0
shap_feature_selection_extratrees_p1_20260529_182607,P2_mg_presence,MG Presence,5,1359,1759.0,0
shap_feature_selection_extratrees_p1_20260529_182607,P2_mg_presence,MG Presence,5,1360,1760.0,0
shap_feature_selection_extratrees_p1_20260529_182607,P2_mg_presence,MG Presence,5,1361,1761.0,0
shap_feature_selection_extratrees_p1_20260529_182607,P2_mg_presence,MG Presence,5,1362,1762.0,0
shap_feature_selection_extratrees_p1_20260529_182607,P2_mg_presence,MG Presence,5,1363,1763.0,0
shap_feature_selection_extratrees_p1_20260529_182607,P2_mg_presence,MG Presence,5,1364,1764.0,0
shap_feature_selection_extratrees_p1_20260529_182607,P2_mg_presence,MG Presence,5,1365,1765.0,0
shap_feature_selection_extratrees_p1_20260529_182607,P2_mg_presence,MG Presence,5,1366,1766.0,0
shap_feature_selection_extratrees_p1_20260529_182607,P2_mg_presence,MG Presence,5,1367,1767.0,0
shap_feature_selection_extratrees_p1_20260529_182607,P2_mg_presence,MG Presence,5,1368,1768.0,0
shap_feature_selection_extratrees_p1_20260529_182607,P2_mg_presence,MG Presence,5,1369,1769.0,0
shap_feature_selection_extratrees_p1_20260529_182607,P2_mg_presence,MG Presence,5,1370,1770.0,0
shap_feature_selection_extratrees_p1_20260529_182607,P2_mg_presence,MG Presence,5,1371,1771.0,0
shap_feature_selection_extratrees_p1_20260529_182607,P2_mg_presence,MG Presence,5,1372,1772.0,0
shap_feature_selection_extratrees_p1_20260529_182607,P2_mg_presence,MG Presence,5,1373,1773.0,0
shap_feature_selection_extratrees_p1_20260529_182607,P2_mg_presence,MG Presence,5,1374,1774.0,0
shap_feature_selection_extratrees_p1_20260529_182607,P2_mg_presence,MG Presence,5,1375,1775.0,0
shap_feature_selection_extratrees_p1_20260529_182607,P2_mg_presence,MG Presence,5,1376,1776.0,0
shap_feature_selection_extratrees_p1_20260529_182607,P2_mg_presence,MG Presence,5,1377,1777.0,0
shap_feature_selection_extratrees_p1_20260529_182607,P2_mg_presence,MG Presence,5,1378,1778.0,0
shap_feature_selection_extratrees_p1_20260529_182607,P2_mg_presence,MG Presence,5,1379,1779.0,0
shap_feature_selection_extratrees_p1_20260529_182607,P2_mg_presence,MG Presence,5,1380,1780.0,0
shap_feature_selection_extratrees_p1_20260529_182607,P2_mg_presence,MG Presence,5,1381,1781.0,0
shap_feature_selection_extratrees_p1_20260529_182607,P2_mg_presence,MG Presence,5,1382,1782.0,0
shap_feature_selection_extratrees_p1_20260529_182607,P2_mg_presence,MG Presence,5,1383,1783.0,0
shap_feature_selection_extratrees_p1_20260529_182607,P2_mg_presence,MG Presence,5,1384,1784.0,0
shap_feature_selection_extratrees_p1_20260529_182607,P2_mg_presence,MG Presence,5,1385,1785.0,0
shap_feature_selection_extratrees_p1_20260529_182607,P2_mg_presence,MG Presence,5,1386,1786.0,0
shap_feature_selection_extratrees_p1_20260529_182607,P2_mg_presence,MG Presence,5,1387,1787.0,0
shap_feature_selection_extratrees_p1_20260529_182607,P2_mg_presence,MG Presence,5,1388,1788.0,0
shap_feature_selection_extratrees_p1_20260529_182607,P2_mg_presence,MG Presence,5,1389,1789.0,0
shap_feature_selection_extratrees_p1_20260529_182607,P2_mg_presence,MG Presence,5,1390,1790.0,0
shap_feature_selection_extratrees_p1_20260529_182607,P2_mg_presence,MG Presence,5,1391,1791.0,0
shap_feature_selection_extratrees_p1_20260529_182607,P2_mg_presence,MG Presence,5,1392,1792.0,0
shap_feature_selection_extratrees_p1_20260529_182607,P2_mg_presence,MG Presence,5,1393,1793.0,0
shap_feature_selection_extratrees_p1_20260529_182607,P2_mg_presence,MG Presence,5,1394,1794.0,0
shap_feature_selection_extratrees_p1_20260529_182607,P2_mg_presence,MG Presence,5,1395,1795.0,0
shap_feature_selection_extratrees_p1_20260529_182607,P2_mg_presence,MG Presence,5,1396,1796.0,0
shap_feature_selection_extratrees_p1_20260529_182607,P2_mg_presence,MG Presence,5,1397,1797.0,0
shap_feature_selection_extratrees_p1_20260529_182607,P2_mg_presence,MG Presence,5,1398,1798.0,0
shap_feature_selection_extratrees_p1_20260529_182607,P2_mg_presence,MG Presence,5,1399,1799.0,0
shap_feature_selection_extratrees_p1_20260529_182607,P2_mg_presence,MG Presence,5,1400,1800.0,0
shap_feature_selection_extratrees_p1_20260529_182607,P3_mba_presence,MBA Presence,5,0,400.0,0
shap_feature_selection_extratrees_p1_20260529_182607,P3_mba_presence,MBA Presence,5,1,401.0,0
shap_feature_selection_extratrees_p1_20260529_182607,P3_mba_presence,MBA Presence,5,2,402.0,0
shap_feature_selection_extratrees_p1_20260529_182607,P3_mba_presence,MBA Presence,5,3,403.0,0
shap_feature_selection_extratrees_p1_20260529_182607,P3_mba_presence,MBA Presence,5,4,404.0,0
shap_feature_selection_extratrees_p1_20260529_182607,P3_mba_presence,MBA Presence,5,5,405.0,0
shap_feature_selection_extratrees_p1_20260529_182607,P3_mba_presence,MBA Presence,5,6,406.0,0
shap_feature_selection_extratrees_p1_20260529_182607,P3_mba_presence,MBA Presence,5,7,407.0,0
shap_feature_selection_extratrees_p1_20260529_182607,P3_mba_presence,MBA Presence,5,8,408.0,0
shap_feature_selection_extratrees_p1_20260529_182607,P3_mba_presence,MBA Presence,5,9,409.0,0
shap_feature_selection_extratrees_p1_20260529_182607,P3_mba_presence,MBA Presence,5,10,410.0,0
shap_feature_selection_extratrees_p1_20260529_182607,P3_mba_presence,MBA Presence,5,11,411.0,0
shap_feature_selection_extratrees_p1_20260529_182607,P3_mba_presence,MBA Presence,5,12,412.0,0
shap_feature_selection_extratrees_p1_20260529_182607,P3_mba_presence,MBA Presence,5,13,413.0,0
shap_feature_selection_extratrees_p1_20260529_182607,P3_mba_presence,MBA Presence,5,14,414.0,0
shap_feature_selection_extratrees_p1_20260529_182607,P3_mba_presence,MBA Presence,5,15,415.0,0
shap_feature_selection_extratrees_p1_20260529_182607,P3_mba_presence,MBA Presence,5,16,416.0,0
shap_feature_selection_extratrees_p1_20260529_182607,P3_mba_presence,MBA Presence,5,17,417.0,0
shap_feature_selection_extratrees_p1_20260529_182607,P3_mba_presence,MBA Presence,5,18,418.0,0
shap_feature_selection_extratrees_p1_20260529_182607,P3_mba_presence,MBA Presence,5,19,419.0,0
shap_feature_selection_extratrees_p1_20260529_182607,P3_mba_presence,MBA Presence,5,20,420.0,0
shap_feature_selection_extratrees_p1_20260529_182607,P3_mba_presence,MBA Presence,5,21,421.0,0
shap_feature_selection_extratrees_p1_20260529_182607,P3_mba_presence,MBA Presence,5,22,422.0,0
shap_feature_selection_extratrees_p1_20260529_182607,P3_mba_presence,MBA Presence,5,23,423.0,0
shap_feature_selection_extratrees_p1_20260529_182607,P3_mba_presence,MBA Presence,5,24,424.0,0
shap_feature_selection_extratrees_p1_20260529_182607,P3_mba_presence,MBA Presence,5,25,425.0,0
shap_feature_selection_extratrees_p1_20260529_182607,P3_mba_presence,MBA Presence,5,26,426.0,0
shap_feature_selection_extratrees_p1_20260529_182607,P3_mba_presence,MBA Presence,5,27,427.0,0
shap_feature_selection_extratrees_p1_20260529_182607,P3_mba_presence,MBA Presence,5,28,428.0,0
shap_feature_selection_extratrees_p1_20260529_182607,P3_mba_presence,MBA Presence,5,29,429.0,0
shap_feature_selection_extratrees_p1_20260529_182607,P3_mba_presence,MBA Presence,5,30,430.0,0
shap_feature_selection_extratrees_p1_20260529_182607,P3_mba_presence,MBA Presence,5,31,431.0,0
shap_feature_selection_extratrees_p1_20260529_182607,P3_mba_presence,MBA Presence,5,32,432.0,0
shap_feature_selection_extratrees_p1_20260529_182607,P3_mba_presence,MBA Presence,5,33,433.0,0
shap_feature_selection_extratrees_p1_20260529_182607,P3_mba_presence,MBA Presence,5,34,434.0,0
shap_feature_selection_extratrees_p1_20260529_182607,P3_mba_presence,MBA Presence,5,35,435.0,0
shap_feature_selection_extratrees_p1_20260529_182607,P3_mba_presence,MBA Presence,5,36,436.0,0
shap_feature_selection_extratrees_p1_20260529_182607,P3_mba_presence,MBA Presence,5,37,437.0,0
shap_feature_selection_extratrees_p1_20260529_182607,P3_mba_presence,MBA Presence,5,38,438.0,0
shap_feature_selection_extratrees_p1_20260529_182607,P3_mba_presence,MBA Presence,5,39,439.0,0
shap_feature_selection_extratrees_p1_20260529_182607,P3_mba_presence,MBA Presence,5,40,440.0,0
shap_feature_selection_extratrees_p1_20260529_182607,P3_mba_presence,MBA Presence,5,41,441.0,0
shap_feature_selection_extratrees_p1_20260529_182607,P3_mba_presence,MBA Presence,5,42,442.0,0
shap_feature_selection_extratrees_p1_20260529_182607,P3_mba_presence,MBA Presence,5,43,443.0,1
shap_feature_selection_extratrees_p1_20260529_182607,P3_mba_presence,MBA Presence,5,44,444.0,0
shap_feature_selection_extratrees_p1_20260529_182607,P3_mba_presence,MBA Presence,5,45,445.0,0
shap_feature_selection_extratrees_p1_20260529_182607,P3_mba_presence,MBA Presence,5,46,446.0,0
shap_feature_selection_extratrees_p1_20260529_182607,P3_mba_presence,MBA Presence,5,47,447.0,1
shap_feature_selection_extratrees_p1_20260529_182607,P3_mba_presence,MBA Presence,5,48,448.0,0
shap_feature_selection_extratrees_p1_20260529_182607,P3_mba_presence,MBA Presence,5,49,449.0,0
shap_feature_selection_extratrees_p1_20260529_182607,P3_mba_presence,MBA Presence,5,50,450.0,0
shap_feature_selection_extratrees_p1_20260529_182607,P3_mba_presence,MBA Presence,5,51,451.0,0
shap_feature_selection_extratrees_p1_20260529_182607,P3_mba_presence,MBA Presence,5,52,452.0,0
shap_feature_selection_extratrees_p1_20260529_182607,P3_mba_presence,MBA Presence,5,53,453.0,0
shap_feature_selection_extratrees_p1_20260529_182607,P3_mba_presence,MBA Presence,5,54,454.0,0
shap_feature_selection_extratrees_p1_20260529_182607,P3_mba_presence,MBA Presence,5,55,455.0,0
shap_feature_selection_extratrees_p1_20260529_182607,P3_mba_presence,MBA Presence,5,56,456.0,0
shap_feature_selection_extratrees_p1_20260529_182607,P3_mba_presence,MBA Presence,5,57,457.0,0
shap_feature_selection_extratrees_p1_20260529_182607,P3_mba_presence,MBA Presence,5,58,458.0,0
shap_feature_selection_extratrees_p1_20260529_182607,P3_mba_presence,MBA Presence,5,59,459.0,0
shap_feature_selection_extratrees_p1_20260529_182607,P3_mba_presence,MBA Presence,5,60,460.0,0
shap_feature_selection_extratrees_p1_20260529_182607,P3_mba_presence,MBA Presence,5,61,461.0,0
shap_feature_selection_extratrees_p1_20260529_182607,P3_mba_presence,MBA Presence,5,62,462.0,0
shap_feature_selection_extratrees_p1_20260529_182607,P3_mba_presence,MBA Presence,5,63,463.0,0
shap_feature_selection_extratrees_p1_20260529_182607,P3_mba_presence,MBA Presence,5,64,464.0,0
shap_feature_selection_extratrees_p1_20260529_182607,P3_mba_presence,MBA Presence,5,65,465.0,0
shap_feature_selection_extratrees_p1_20260529_182607,P3_mba_presence,MBA Presence,5,66,466.0,0
shap_feature_selection_extratrees_p1_20260529_182607,P3_mba_presence,MBA Presence,5,67,467.0,0
shap_feature_selection_extratrees_p1_20260529_182607,P3_mba_presence,MBA Presence,5,68,468.0,0
shap_feature_selection_extratrees_p1_20260529_182607,P3_mba_presence,MBA Presence,5,69,469.0,0
shap_feature_selection_extratrees_p1_20260529_182607,P3_mba_presence,MBA Presence,5,70,470.0,0
shap_feature_selection_extratrees_p1_20260529_182607,P3_mba_presence,MBA Presence,5,71,471.0,0
shap_feature_selection_extratrees_p1_20260529_182607,P3_mba_presence,MBA Presence,5,72,472.0,0
shap_feature_selection_extratrees_p1_20260529_182607,P3_mba_presence,MBA Presence,5,73,473.0,0
shap_feature_selection_extratrees_p1_20260529_182607,P3_mba_presence,MBA Presence,5,74,474.0,0
shap_feature_selection_extratrees_p1_20260529_182607,P3_mba_presence,MBA Presence,5,75,475.0,0
shap_feature_selection_extratrees_p1_20260529_182607,P3_mba_presence,MBA Presence,5,76,476.0,0
shap_feature_selection_extratrees_p1_20260529_182607,P3_mba_presence,MBA Presence,5,77,477.0,0
shap_feature_selection_extratrees_p1_20260529_182607,P3_mba_presence,MBA Presence,5,78,478.0,0
shap_feature_selection_extratrees_p1_20260529_182607,P3_mba_presence,MBA Presence,5,79,479.0,0
shap_feature_selection_extratrees_p1_20260529_182607,P3_mba_presence,MBA Presence,5,80,480.0,0
shap_feature_selection_extratrees_p1_20260529_182607,P3_mba_presence,MBA Presence,5,81,481.0,0
shap_feature_selection_extratrees_p1_20260529_182607,P3_mba_presence,MBA Presence,5,82,482.0,0
shap_feature_selection_extratrees_p1_20260529_182607,P3_mba_presence,MBA Presence,5,83,483.0,0
shap_feature_selection_extratrees_p1_20260529_182607,P3_mba_presence,MBA Presence,5,84,484.0,0
shap_feature_selection_extratrees_p1_20260529_182607,P3_mba_presence,MBA Presence,5,85,485.0,0
shap_feature_selection_extratrees_p1_20260529_182607,P3_mba_presence,MBA Presence,5,86,486.0,0
shap_feature_selection_extratrees_p1_20260529_182607,P3_mba_presence,MBA Presence,5,87,487.0,0
shap_feature_selection_extratrees_p1_20260529_182607,P3_mba_presence,MBA Presence,5,88,488.0,0
shap_feature_selection_extratrees_p1_20260529_182607,P3_mba_presence,MBA Presence,5,89,489.0,0
shap_feature_selection_extratrees_p1_20260529_182607,P3_mba_presence,MBA Presence,5,90,490.0,0
shap_feature_selection_extratrees_p1_20260529_182607,P3_mba_presence,MBA Presence,5,91,491.0,0
shap_feature_selection_extratrees_p1_20260529_182607,P3_mba_presence,MBA Presence,5,92,492.0,0
shap_feature_selection_extratrees_p1_20260529_182607,P3_mba_presence,MBA Presence,5,93,493.0,0
shap_feature_selection_extratrees_p1_20260529_182607,P3_mba_presence,MBA Presence,5,94,494.0,0
shap_feature_selection_extratrees_p1_20260529_182607,P3_mba_presence,MBA Presence,5,95,495.0,0
shap_feature_selection_extratrees_p1_20260529_182607,P3_mba_presence,MBA Presence,5,96,496.0,0
shap_feature_selection_extratrees_p1_20260529_182607,P3_mba_presence,MBA Presence,5,97,497.0,0
shap_feature_selection_extratrees_p1_20260529_182607,P3_mba_presence,MBA Presence,5,98,498.0,0
shap_feature_selection_extratrees_p1_20260529_182607,P3_mba_presence,MBA Presence,5,99,499.0,0
shap_feature_selection_extratrees_p1_20260529_182607,P3_mba_presence,MBA Presence,5,100,500.0,0
shap_feature_selection_extratrees_p1_20260529_182607,P3_mba_presence,MBA Presence,5,101,501.0,0
shap_feature_selection_extratrees_p1_20260529_182607,P3_mba_presence,MBA Presence,5,102,502.0,0
shap_feature_selection_extratrees_p1_20260529_182607,P3_mba_presence,MBA Presence,5,103,503.0,0
shap_feature_selection_extratrees_p1_20260529_182607,P3_mba_presence,MBA Presence,5,104,504.0,0
shap_feature_selection_extratrees_p1_20260529_182607,P3_mba_presence,MBA Presence,5,105,505.0,0
shap_feature_selection_extratrees_p1_20260529_182607,P3_mba_presence,MBA Presence,5,106,506.0,0
shap_feature_selection_extratrees_p1_20260529_182607,P3_mba_presence,MBA Presence,5,107,507.0,0
shap_feature_selection_extratrees_p1_20260529_182607,P3_mba_presence,MBA Presence,5,108,508.0,0
shap_feature_selection_extratrees_p1_20260529_182607,P3_mba_presence,MBA Presence,5,109,509.0,0
shap_feature_selection_extratrees_p1_20260529_182607,P3_mba_presence,MBA Presence,5,110,510.0,0
shap_feature_selection_extratrees_p1_20260529_182607,P3_mba_presence,MBA Presence,5,111,511.0,0
shap_feature_selection_extratrees_p1_20260529_182607,P3_mba_presence,MBA Presence,5,112,512.0,0
shap_feature_selection_extratrees_p1_20260529_182607,P3_mba_presence,MBA Presence,5,113,513.0,0
shap_feature_selection_extratrees_p1_20260529_182607,P3_mba_presence,MBA Presence,5,114,514.0,0
shap_feature_selection_extratrees_p1_20260529_182607,P3_mba_presence,MBA Presence,5,115,515.0,0
shap_feature_selection_extratrees_p1_20260529_182607,P3_mba_presence,MBA Presence,5,116,516.0,0
shap_feature_selection_extratrees_p1_20260529_182607,P3_mba_presence,MBA Presence,5,117,517.0,0
shap_feature_selection_extratrees_p1_20260529_182607,P3_mba_presence,MBA Presence,5,118,518.0,0
shap_feature_selection_extratrees_p1_20260529_182607,P3_mba_presence,MBA Presence,5,119,519.0,0
shap_feature_selection_extratrees_p1_20260529_182607,P3_mba_presence,MBA Presence,5,120,520.0,0
shap_feature_selection_extratrees_p1_20260529_182607,P3_mba_presence,MBA Presence,5,121,521.0,0
shap_feature_selection_extratrees_p1_20260529_182607,P3_mba_presence,MBA Presence,5,122,522.0,0
shap_feature_selection_extratrees_p1_20260529_182607,P3_mba_presence,MBA Presence,5,123,523.0,0
shap_feature_selection_extratrees_p1_20260529_182607,P3_mba_presence,MBA Presence,5,124,524.0,0
shap_feature_selection_extratrees_p1_20260529_182607,P3_mba_presence,MBA Presence,5,125,525.0,0
shap_feature_selection_extratrees_p1_20260529_182607,P3_mba_presence,MBA Presence,5,126,526.0,0
shap_feature_selection_extratrees_p1_20260529_182607,P3_mba_presence,MBA Presence,5,127,527.0,0
shap_feature_selection_extratrees_p1_20260529_182607,P3_mba_presence,MBA Presence,5,128,528.0,0
shap_feature_selection_extratrees_p1_20260529_182607,P3_mba_presence,MBA Presence,5,129,529.0,0
shap_feature_selection_extratrees_p1_20260529_182607,P3_mba_presence,MBA Presence,5,130,530.0,0
shap_feature_selection_extratrees_p1_20260529_182607,P3_mba_presence,MBA Presence,5,131,531.0,0
shap_feature_selection_extratrees_p1_20260529_182607,P3_mba_presence,MBA Presence,5,132,532.0,0
shap_feature_selection_extratrees_p1_20260529_182607,P3_mba_presence,MBA Presence,5,133,533.0,0
shap_feature_selection_extratrees_p1_20260529_182607,P3_mba_presence,MBA Presence,5,134,534.0,0
shap_feature_selection_extratrees_p1_20260529_182607,P3_mba_presence,MBA Presence,5,135,535.0,0
shap_feature_selection_extratrees_p1_20260529_182607,P3_mba_presence,MBA Presence,5,136,536.0,0
shap_feature_selection_extratrees_p1_20260529_182607,P3_mba_presence,MBA Presence,5,137,537.0,0
shap_feature_selection_extratrees_p1_20260529_182607,P3_mba_presence,MBA Presence,5,138,538.0,0
shap_feature_selection_extratrees_p1_20260529_182607,P3_mba_presence,MBA Presence,5,139,539.0,0
shap_feature_selection_extratrees_p1_20260529_182607,P3_mba_presence,MBA Presence,5,140,540.0,0
shap_feature_selection_extratrees_p1_20260529_182607,P3_mba_presence,MBA Presence,5,141,541.0,0
shap_feature_selection_extratrees_p1_20260529_182607,P3_mba_presence,MBA Presence,5,142,542.0,0
shap_feature_selection_extratrees_p1_20260529_182607,P3_mba_presence,MBA Presence,5,143,543.0,0
shap_feature_selection_extratrees_p1_20260529_182607,P3_mba_presence,MBA Presence,5,144,544.0,0
shap_feature_selection_extratrees_p1_20260529_182607,P3_mba_presence,MBA Presence,5,145,545.0,0
shap_feature_selection_extratrees_p1_20260529_182607,P3_mba_presence,MBA Presence,5,146,546.0,0
shap_feature_selection_extratrees_p1_20260529_182607,P3_mba_presence,MBA Presence,5,147,547.0,0
shap_feature_selection_extratrees_p1_20260529_182607,P3_mba_presence,MBA Presence,5,148,548.0,0
shap_feature_selection_extratrees_p1_20260529_182607,P3_mba_presence,MBA Presence,5,149,549.0,0
shap_feature_selection_extratrees_p1_20260529_182607,P3_mba_presence,MBA Presence,5,150,550.0,0
shap_feature_selection_extratrees_p1_20260529_182607,P3_mba_presence,MBA Presence,5,151,551.0,0
shap_feature_selection_extratrees_p1_20260529_182607,P3_mba_presence,MBA Presence,5,152,552.0,0
shap_feature_selection_extratrees_p1_20260529_182607,P3_mba_presence,MBA Presence,5,153,553.0,0
shap_feature_selection_extratrees_p1_20260529_182607,P3_mba_presence,MBA Presence,5,154,554.0,0
shap_feature_selection_extratrees_p1_20260529_182607,P3_mba_presence,MBA Presence,5,155,555.0,0
shap_feature_selection_extratrees_p1_20260529_182607,P3_mba_presence,MBA Presence,5,156,556.0,0
shap_feature_selection_extratrees_p1_20260529_182607,P3_mba_presence,MBA Presence,5,157,557.0,0
shap_feature_selection_extratrees_p1_20260529_182607,P3_mba_presence,MBA Presence,5,158,558.0,0
shap_feature_selection_extratrees_p1_20260529_182607,P3_mba_presence,MBA Presence,5,159,559.0,0
shap_feature_selection_extratrees_p1_20260529_182607,P3_mba_presence,MBA Presence,5,160,560.0,0
shap_feature_selection_extratrees_p1_20260529_182607,P3_mba_presence,MBA Presence,5,161,561.0,0
shap_feature_selection_extratrees_p1_20260529_182607,P3_mba_presence,MBA Presence,5,162,562.0,0
shap_feature_selection_extratrees_p1_20260529_182607,P3_mba_presence,MBA Presence,5,163,563.0,0
shap_feature_selection_extratrees_p1_20260529_182607,P3_mba_presence,MBA Presence,5,164,564.0,1
shap_feature_selection_extratrees_p1_20260529_182607,P3_mba_presence,MBA Presence,5,165,565.0,1
shap_feature_selection_extratrees_p1_20260529_182607,P3_mba_presence,MBA Presence,5,166,566.0,0
shap_feature_selection_extratrees_p1_20260529_182607,P3_mba_presence,MBA Presence,5,167,567.0,0
shap_feature_selection_extratrees_p1_20260529_182607,P3_mba_presence,MBA Presence,5,168,568.0,0
shap_feature_selection_extratrees_p1_20260529_182607,P3_mba_presence,MBA Presence,5,169,569.0,0
shap_feature_selection_extratrees_p1_20260529_182607,P3_mba_presence,MBA Presence,5,170,570.0,0
shap_feature_selection_extratrees_p1_20260529_182607,P3_mba_presence,MBA Presence,5,171,571.0,0
shap_feature_selection_extratrees_p1_20260529_182607,P3_mba_presence,MBA Presence,5,172,572.0,1
shap_feature_selection_extratrees_p1_20260529_182607,P3_mba_presence,MBA Presence,5,173,573.0,1
shap_feature_selection_extratrees_p1_20260529_182607,P3_mba_presence,MBA Presence,5,174,574.0,0
shap_feature_selection_extratrees_p1_20260529_182607,P3_mba_presence,MBA Presence,5,175,575.0,1
shap_feature_selection_extratrees_p1_20260529_182607,P3_mba_presence,MBA Presence,5,176,576.0,0
shap_feature_selection_extratrees_p1_20260529_182607,P3_mba_presence,MBA Presence,5,177,577.0,0
shap_feature_selection_extratrees_p1_20260529_182607,P3_mba_presence,MBA Presence,5,178,578.0,0
shap_feature_selection_extratrees_p1_20260529_182607,P3_mba_presence,MBA Presence,5,179,579.0,0
shap_feature_selection_extratrees_p1_20260529_182607,P3_mba_presence,MBA Presence,5,180,580.0,0
shap_feature_selection_extratrees_p1_20260529_182607,P3_mba_presence,MBA Presence,5,181,581.0,0
shap_feature_selection_extratrees_p1_20260529_182607,P3_mba_presence,MBA Presence,5,182,582.0,0
shap_feature_selection_extratrees_p1_20260529_182607,P3_mba_presence,MBA Presence,5,183,583.0,0
shap_feature_selection_extratrees_p1_20260529_182607,P3_mba_presence,MBA Presence,5,184,584.0,0
shap_feature_selection_extratrees_p1_20260529_182607,P3_mba_presence,MBA Presence,5,185,585.0,0
shap_feature_selection_extratrees_p1_20260529_182607,P3_mba_presence,MBA Presence,5,186,586.0,0
shap_feature_selection_extratrees_p1_20260529_182607,P3_mba_presence,MBA Presence,5,187,587.0,0
shap_feature_selection_extratrees_p1_20260529_182607,P3_mba_presence,MBA Presence,5,188,588.0,0
shap_feature_selection_extratrees_p1_20260529_182607,P3_mba_presence,MBA Presence,5,189,589.0,0
shap_feature_selection_extratrees_p1_20260529_182607,P3_mba_presence,MBA Presence,5,190,590.0,0
shap_feature_selection_extratrees_p1_20260529_182607,P3_mba_presence,MBA Presence,5,191,591.0,0
shap_feature_selection_extratrees_p1_20260529_182607,P3_mba_presence,MBA Presence,5,192,592.0,0
shap_feature_selection_extratrees_p1_20260529_182607,P3_mba_presence,MBA Presence,5,193,593.0,0
shap_feature_selection_extratrees_p1_20260529_182607,P3_mba_presence,MBA Presence,5,194,594.0,0
shap_feature_selection_extratrees_p1_20260529_182607,P3_mba_presence,MBA Presence,5,195,595.0,0
shap_feature_selection_extratrees_p1_20260529_182607,P3_mba_presence,MBA Presence,5,196,596.0,0
shap_feature_selection_extratrees_p1_20260529_182607,P3_mba_presence,MBA Presence,5,197,597.0,0
shap_feature_selection_extratrees_p1_20260529_182607,P3_mba_presence,MBA Presence,5,198,598.0,0
shap_feature_selection_extratrees_p1_20260529_182607,P3_mba_presence,MBA Presence,5,199,599.0,0
shap_feature_selection_extratrees_p1_20260529_182607,P3_mba_presence,MBA Presence,5,200,600.0,0
shap_feature_selection_extratrees_p1_20260529_182607,P3_mba_presence,MBA Presence,5,201,601.0,0
shap_feature_selection_extratrees_p1_20260529_182607,P3_mba_presence,MBA Presence,5,202,602.0,0
shap_feature_selection_extratrees_p1_20260529_182607,P3_mba_presence,MBA Presence,5,203,603.0,0
shap_feature_selection_extratrees_p1_20260529_182607,P3_mba_presence,MBA Presence,5,204,604.0,0
shap_feature_selection_extratrees_p1_20260529_182607,P3_mba_presence,MBA Presence,5,205,605.0,0
shap_feature_selection_extratrees_p1_20260529_182607,P3_mba_presence,MBA Presence,5,206,606.0,0
shap_feature_selection_extratrees_p1_20260529_182607,P3_mba_presence,MBA Presence,5,207,607.0,0
shap_feature_selection_extratrees_p1_20260529_182607,P3_mba_presence,MBA Presence,5,208,608.0,0
shap_feature_selection_extratrees_p1_20260529_182607,P3_mba_presence,MBA Presence,5,209,609.0,0
shap_feature_selection_extratrees_p1_20260529_182607,P3_mba_presence,MBA Presence,5,210,610.0,0
shap_feature_selection_extratrees_p1_20260529_182607,P3_mba_presence,MBA Presence,5,211,611.0,0
shap_feature_selection_extratrees_p1_20260529_182607,P3_mba_presence,MBA Presence,5,212,612.0,0
shap_feature_selection_extratrees_p1_20260529_182607,P3_mba_presence,MBA Presence,5,213,613.0,0
shap_feature_selection_extratrees_p1_20260529_182607,P3_mba_presence,MBA Presence,5,214,614.0,0
shap_feature_selection_extratrees_p1_20260529_182607,P3_mba_presence,MBA Presence,5,215,615.0,0
shap_feature_selection_extratrees_p1_20260529_182607,P3_mba_presence,MBA Presence,5,216,616.0,0
shap_feature_selection_extratrees_p1_20260529_182607,P3_mba_presence,MBA Presence,5,217,617.0,0
shap_feature_selection_extratrees_p1_20260529_182607,P3_mba_presence,MBA Presence,5,218,618.0,0
shap_feature_selection_extratrees_p1_20260529_182607,P3_mba_presence,MBA Presence,5,219,619.0,0
shap_feature_selection_extratrees_p1_20260529_182607,P3_mba_presence,MBA Presence,5,220,620.0,0
shap_feature_selection_extratrees_p1_20260529_182607,P3_mba_presence,MBA Presence,5,221,621.0,0
shap_feature_selection_extratrees_p1_20260529_182607,P3_mba_presence,MBA Presence,5,222,622.0,0
shap_feature_selection_extratrees_p1_20260529_182607,P3_mba_presence,MBA Presence,5,223,623.0,0
shap_feature_selection_extratrees_p1_20260529_182607,P3_mba_presence,MBA Presence,5,224,624.0,0
shap_feature_selection_extratrees_p1_20260529_182607,P3_mba_presence,MBA Presence,5,225,625.0,0
shap_feature_selection_extratrees_p1_20260529_182607,P3_mba_presence,MBA Presence,5,226,626.0,0
shap_feature_selection_extratrees_p1_20260529_182607,P3_mba_presence,MBA Presence,5,227,627.0,0
shap_feature_selection_extratrees_p1_20260529_182607,P3_mba_presence,MBA Presence,5,228,628.0,0
shap_feature_selection_extratrees_p1_20260529_182607,P3_mba_presence,MBA Presence,5,229,629.0,0
shap_feature_selection_extratrees_p1_20260529_182607,P3_mba_presence,MBA Presence,5,230,630.0,0
shap_feature_selection_extratrees_p1_20260529_182607,P3_mba_presence,MBA Presence,5,231,631.0,0
shap_feature_selection_extratrees_p1_20260529_182607,P3_mba_presence,MBA Presence,5,232,632.0,0
shap_feature_selection_extratrees_p1_20260529_182607,P3_mba_presence,MBA Presence,5,233,633.0,0
shap_feature_selection_extratrees_p1_20260529_182607,P3_mba_presence,MBA Presence,5,234,634.0,0
shap_feature_selection_extratrees_p1_20260529_182607,P3_mba_presence,MBA Presence,5,235,635.0,0
shap_feature_selection_extratrees_p1_20260529_182607,P3_mba_presence,MBA Presence,5,236,636.0,0
shap_feature_selection_extratrees_p1_20260529_182607,P3_mba_presence,MBA Presence,5,237,637.0,0
shap_feature_selection_extratrees_p1_20260529_182607,P3_mba_presence,MBA Presence,5,238,638.0,0
shap_feature_selection_extratrees_p1_20260529_182607,P3_mba_presence,MBA Presence,5,239,639.0,0
shap_feature_selection_extratrees_p1_20260529_182607,P3_mba_presence,MBA Presence,5,240,640.0,0
shap_feature_selection_extratrees_p1_20260529_182607,P3_mba_presence,MBA Presence,5,241,641.0,0
shap_feature_selection_extratrees_p1_20260529_182607,P3_mba_presence,MBA Presence,5,242,642.0,0
shap_feature_selection_extratrees_p1_20260529_182607,P3_mba_presence,MBA Presence,5,243,643.0,0
shap_feature_selection_extratrees_p1_20260529_182607,P3_mba_presence,MBA Presence,5,244,644.0,0
shap_feature_selection_extratrees_p1_20260529_182607,P3_mba_presence,MBA Presence,5,245,645.0,0
shap_feature_selection_extratrees_p1_20260529_182607,P3_mba_presence,MBA Presence,5,246,646.0,0
shap_feature_selection_extratrees_p1_20260529_182607,P3_mba_presence,MBA Presence,5,247,647.0,0
shap_feature_selection_extratrees_p1_20260529_182607,P3_mba_presence,MBA Presence,5,248,648.0,0
shap_feature_selection_extratrees_p1_20260529_182607,P3_mba_presence,MBA Presence,5,249,649.0,0
shap_feature_selection_extratrees_p1_20260529_182607,P3_mba_presence,MBA Presence,5,250,650.0,0
shap_feature_selection_extratrees_p1_20260529_182607,P3_mba_presence,MBA Presence,5,251,651.0,0
shap_feature_selection_extratrees_p1_20260529_182607,P3_mba_presence,MBA Presence,5,252,652.0,0
shap_feature_selection_extratrees_p1_20260529_182607,P3_mba_presence,MBA Presence,5,253,653.0,0
shap_feature_selection_extratrees_p1_20260529_182607,P3_mba_presence,MBA Presence,5,254,654.0,0
shap_feature_selection_extratrees_p1_20260529_182607,P3_mba_presence,MBA Presence,5,255,655.0,0
shap_feature_selection_extratrees_p1_20260529_182607,P3_mba_presence,MBA Presence,5,256,656.0,0
shap_feature_selection_extratrees_p1_20260529_182607,P3_mba_presence,MBA Presence,5,257,657.0,0
shap_feature_selection_extratrees_p1_20260529_182607,P3_mba_presence,MBA Presence,5,258,658.0,0
shap_feature_selection_extratrees_p1_20260529_182607,P3_mba_presence,MBA Presence,5,259,659.0,0
shap_feature_selection_extratrees_p1_20260529_182607,P3_mba_presence,MBA Presence,5,260,660.0,0
shap_feature_selection_extratrees_p1_20260529_182607,P3_mba_presence,MBA Presence,5,261,661.0,0
shap_feature_selection_extratrees_p1_20260529_182607,P3_mba_presence,MBA Presence,5,262,662.0,0
shap_feature_selection_extratrees_p1_20260529_182607,P3_mba_presence,MBA Presence,5,263,663.0,0
shap_feature_selection_extratrees_p1_20260529_182607,P3_mba_presence,MBA Presence,5,264,664.0,0
shap_feature_selection_extratrees_p1_20260529_182607,P3_mba_presence,MBA Presence,5,265,665.0,0
shap_feature_selection_extratrees_p1_20260529_182607,P3_mba_presence,MBA Presence,5,266,666.0,0
shap_feature_selection_extratrees_p1_20260529_182607,P3_mba_presence,MBA Presence,5,267,667.0,0
shap_feature_selection_extratrees_p1_20260529_182607,P3_mba_presence,MBA Presence,5,268,668.0,0
shap_feature_selection_extratrees_p1_20260529_182607,P3_mba_presence,MBA Presence,5,269,669.0,0
shap_feature_selection_extratrees_p1_20260529_182607,P3_mba_presence,MBA Presence,5,270,670.0,0
shap_feature_selection_extratrees_p1_20260529_182607,P3_mba_presence,MBA Presence,5,271,671.0,0
shap_feature_selection_extratrees_p1_20260529_182607,P3_mba_presence,MBA Presence,5,272,672.0,0
shap_feature_selection_extratrees_p1_20260529_182607,P3_mba_presence,MBA Presence,5,273,673.0,0
shap_feature_selection_extratrees_p1_20260529_182607,P3_mba_presence,MBA Presence,5,274,674.0,0
shap_feature_selection_extratrees_p1_20260529_182607,P3_mba_presence,MBA Presence,5,275,675.0,0
shap_feature_selection_extratrees_p1_20260529_182607,P3_mba_presence,MBA Presence,5,276,676.0,0
shap_feature_selection_extratrees_p1_20260529_182607,P3_mba_presence,MBA Presence,5,277,677.0,0
shap_feature_selection_extratrees_p1_20260529_182607,P3_mba_presence,MBA Presence,5,278,678.0,0
shap_feature_selection_extratrees_p1_20260529_182607,P3_mba_presence,MBA Presence,5,279,679.0,0
shap_feature_selection_extratrees_p1_20260529_182607,P3_mba_presence,MBA Presence,5,280,680.0,0
shap_feature_selection_extratrees_p1_20260529_182607,P3_mba_presence,MBA Presence,5,281,681.0,0
shap_feature_selection_extratrees_p1_20260529_182607,P3_mba_presence,MBA Presence,5,282,682.0,0
shap_feature_selection_extratrees_p1_20260529_182607,P3_mba_presence,MBA Presence,5,283,683.0,0
shap_feature_selection_extratrees_p1_20260529_182607,P3_mba_presence,MBA Presence,5,284,684.0,0
shap_feature_selection_extratrees_p1_20260529_182607,P3_mba_presence,MBA Presence,5,285,685.0,0
shap_feature_selection_extratrees_p1_20260529_182607,P3_mba_presence,MBA Presence,5,286,686.0,0
shap_feature_selection_extratrees_p1_20260529_182607,P3_mba_presence,MBA Presence,5,287,687.0,0
shap_feature_selection_extratrees_p1_20260529_182607,P3_mba_presence,MBA Presence,5,288,688.0,0
shap_feature_selection_extratrees_p1_20260529_182607,P3_mba_presence,MBA Presence,5,289,689.0,0
shap_feature_selection_extratrees_p1_20260529_182607,P3_mba_presence,MBA Presence,5,290,690.0,0
shap_feature_selection_extratrees_p1_20260529_182607,P3_mba_presence,MBA Presence,5,291,691.0,0
shap_feature_selection_extratrees_p1_20260529_182607,P3_mba_presence,MBA Presence,5,292,692.0,0
shap_feature_selection_extratrees_p1_20260529_182607,P3_mba_presence,MBA Presence,5,293,693.0,0
shap_feature_selection_extratrees_p1_20260529_182607,P3_mba_presence,MBA Presence,5,294,694.0,0
shap_feature_selection_extratrees_p1_20260529_182607,P3_mba_presence,MBA Presence,5,295,695.0,0
shap_feature_selection_extratrees_p1_20260529_182607,P3_mba_presence,MBA Presence,5,296,696.0,0
shap_feature_selection_extratrees_p1_20260529_182607,P3_mba_presence,MBA Presence,5,297,697.0,0
shap_feature_selection_extratrees_p1_20260529_182607,P3_mba_presence,MBA Presence,5,298,698.0,0
shap_feature_selection_extratrees_p1_20260529_182607,P3_mba_presence,MBA Presence,5,299,699.0,0
shap_feature_selection_extratrees_p1_20260529_182607,P3_mba_presence,MBA Presence,5,300,700.0,0
shap_feature_selection_extratrees_p1_20260529_182607,P3_mba_presence,MBA Presence,5,301,701.0,0
shap_feature_selection_extratrees_p1_20260529_182607,P3_mba_presence,MBA Presence,5,302,702.0,0
shap_feature_selection_extratrees_p1_20260529_182607,P3_mba_presence,MBA Presence,5,303,703.0,0
shap_feature_selection_extratrees_p1_20260529_182607,P3_mba_presence,MBA Presence,5,304,704.0,0
shap_feature_selection_extratrees_p1_20260529_182607,P3_mba_presence,MBA Presence,5,305,705.0,0
shap_feature_selection_extratrees_p1_20260529_182607,P3_mba_presence,MBA Presence,5,306,706.0,0
shap_feature_selection_extratrees_p1_20260529_182607,P3_mba_presence,MBA Presence,5,307,707.0,0
shap_feature_selection_extratrees_p1_20260529_182607,P3_mba_presence,MBA Presence,5,308,708.0,0
shap_feature_selection_extratrees_p1_20260529_182607,P3_mba_presence,MBA Presence,5,309,709.0,0
shap_feature_selection_extratrees_p1_20260529_182607,P3_mba_presence,MBA Presence,5,310,710.0,0
shap_feature_selection_extratrees_p1_20260529_182607,P3_mba_presence,MBA Presence,5,311,711.0,0
shap_feature_selection_extratrees_p1_20260529_182607,P3_mba_presence,MBA Presence,5,312,712.0,0
shap_feature_selection_extratrees_p1_20260529_182607,P3_mba_presence,MBA Presence,5,313,713.0,0
shap_feature_selection_extratrees_p1_20260529_182607,P3_mba_presence,MBA Presence,5,314,714.0,0
shap_feature_selection_extratrees_p1_20260529_182607,P3_mba_presence,MBA Presence,5,315,715.0,0
shap_feature_selection_extratrees_p1_20260529_182607,P3_mba_presence,MBA Presence,5,316,716.0,0
shap_feature_selection_extratrees_p1_20260529_182607,P3_mba_presence,MBA Presence,5,317,717.0,0
shap_feature_selection_extratrees_p1_20260529_182607,P3_mba_presence,MBA Presence,5,318,718.0,0
shap_feature_selection_extratrees_p1_20260529_182607,P3_mba_presence,MBA Presence,5,319,719.0,0
shap_feature_selection_extratrees_p1_20260529_182607,P3_mba_presence,MBA Presence,5,320,720.0,0
shap_feature_selection_extratrees_p1_20260529_182607,P3_mba_presence,MBA Presence,5,321,721.0,0
shap_feature_selection_extratrees_p1_20260529_182607,P3_mba_presence,MBA Presence,5,322,722.0,0
shap_feature_selection_extratrees_p1_20260529_182607,P3_mba_presence,MBA Presence,5,323,723.0,0
shap_feature_selection_extratrees_p1_20260529_182607,P3_mba_presence,MBA Presence,5,324,724.0,0
shap_feature_selection_extratrees_p1_20260529_182607,P3_mba_presence,MBA Presence,5,325,725.0,0
shap_feature_selection_extratrees_p1_20260529_182607,P3_mba_presence,MBA Presence,5,326,726.0,0
shap_feature_selection_extratrees_p1_20260529_182607,P3_mba_presence,MBA Presence,5,327,727.0,0
shap_feature_selection_extratrees_p1_20260529_182607,P3_mba_presence,MBA Presence,5,328,728.0,0
shap_feature_selection_extratrees_p1_20260529_182607,P3_mba_presence,MBA Presence,5,329,729.0,0
shap_feature_selection_extratrees_p1_20260529_182607,P3_mba_presence,MBA Presence,5,330,730.0,0
shap_feature_selection_extratrees_p1_20260529_182607,P3_mba_presence,MBA Presence,5,331,731.0,0
shap_feature_selection_extratrees_p1_20260529_182607,P3_mba_presence,MBA Presence,5,332,732.0,0
shap_feature_selection_extratrees_p1_20260529_182607,P3_mba_presence,MBA Presence,5,333,733.0,0
shap_feature_selection_extratrees_p1_20260529_182607,P3_mba_presence,MBA Presence,5,334,734.0,0
shap_feature_selection_extratrees_p1_20260529_182607,P3_mba_presence,MBA Presence,5,335,735.0,0
shap_feature_selection_extratrees_p1_20260529_182607,P3_mba_presence,MBA Presence,5,336,736.0,0
shap_feature_selection_extratrees_p1_20260529_182607,P3_mba_presence,MBA Presence,5,337,737.0,0
shap_feature_selection_extratrees_p1_20260529_182607,P3_mba_presence,MBA Presence,5,338,738.0,0
shap_feature_selection_extratrees_p1_20260529_182607,P3_mba_presence,MBA Presence,5,339,739.0,0
shap_feature_selection_extratrees_p1_20260529_182607,P3_mba_presence,MBA Presence,5,340,740.0,0
shap_feature_selection_extratrees_p1_20260529_182607,P3_mba_presence,MBA Presence,5,341,741.0,0
shap_feature_selection_extratrees_p1_20260529_182607,P3_mba_presence,MBA Presence,5,342,742.0,0
shap_feature_selection_extratrees_p1_20260529_182607,P3_mba_presence,MBA Presence,5,343,743.0,0
shap_feature_selection_extratrees_p1_20260529_182607,P3_mba_presence,MBA Presence,5,344,744.0,0
shap_feature_selection_extratrees_p1_20260529_182607,P3_mba_presence,MBA Presence,5,345,745.0,0
shap_feature_selection_extratrees_p1_20260529_182607,P3_mba_presence,MBA Presence,5,346,746.0,0
shap_feature_selection_extratrees_p1_20260529_182607,P3_mba_presence,MBA Presence,5,347,747.0,0
shap_feature_selection_extratrees_p1_20260529_182607,P3_mba_presence,MBA Presence,5,348,748.0,0
shap_feature_selection_extratrees_p1_20260529_182607,P3_mba_presence,MBA Presence,5,349,749.0,0
shap_feature_selection_extratrees_p1_20260529_182607,P3_mba_presence,MBA Presence,5,350,750.0,0
shap_feature_selection_extratrees_p1_20260529_182607,P3_mba_presence,MBA Presence,5,351,751.0,0
shap_feature_selection_extratrees_p1_20260529_182607,P3_mba_presence,MBA Presence,5,352,752.0,0
shap_feature_selection_extratrees_p1_20260529_182607,P3_mba_presence,MBA Presence,5,353,753.0,0
shap_feature_selection_extratrees_p1_20260529_182607,P3_mba_presence,MBA Presence,5,354,754.0,0
shap_feature_selection_extratrees_p1_20260529_182607,P3_mba_presence,MBA Presence,5,355,755.0,0
shap_feature_selection_extratrees_p1_20260529_182607,P3_mba_presence,MBA Presence,5,356,756.0,0
shap_feature_selection_extratrees_p1_20260529_182607,P3_mba_presence,MBA Presence,5,357,757.0,0
shap_feature_selection_extratrees_p1_20260529_182607,P3_mba_presence,MBA Presence,5,358,758.0,0
shap_feature_selection_extratrees_p1_20260529_182607,P3_mba_presence,MBA Presence,5,359,759.0,0
shap_feature_selection_extratrees_p1_20260529_182607,P3_mba_presence,MBA Presence,5,360,760.0,0
shap_feature_selection_extratrees_p1_20260529_182607,P3_mba_presence,MBA Presence,5,361,761.0,0
shap_feature_selection_extratrees_p1_20260529_182607,P3_mba_presence,MBA Presence,5,362,762.0,0
shap_feature_selection_extratrees_p1_20260529_182607,P3_mba_presence,MBA Presence,5,363,763.0,0
shap_feature_selection_extratrees_p1_20260529_182607,P3_mba_presence,MBA Presence,5,364,764.0,0
shap_feature_selection_extratrees_p1_20260529_182607,P3_mba_presence,MBA Presence,5,365,765.0,0
shap_feature_selection_extratrees_p1_20260529_182607,P3_mba_presence,MBA Presence,5,366,766.0,0
shap_feature_selection_extratrees_p1_20260529_182607,P3_mba_presence,MBA Presence,5,367,767.0,0
shap_feature_selection_extratrees_p1_20260529_182607,P3_mba_presence,MBA Presence,5,368,768.0,0
shap_feature_selection_extratrees_p1_20260529_182607,P3_mba_presence,MBA Presence,5,369,769.0,0
shap_feature_selection_extratrees_p1_20260529_182607,P3_mba_presence,MBA Presence,5,370,770.0,0
shap_feature_selection_extratrees_p1_20260529_182607,P3_mba_presence,MBA Presence,5,371,771.0,0
shap_feature_selection_extratrees_p1_20260529_182607,P3_mba_presence,MBA Presence,5,372,772.0,0
shap_feature_selection_extratrees_p1_20260529_182607,P3_mba_presence,MBA Presence,5,373,773.0,0
shap_feature_selection_extratrees_p1_20260529_182607,P3_mba_presence,MBA Presence,5,374,774.0,0
shap_feature_selection_extratrees_p1_20260529_182607,P3_mba_presence,MBA Presence,5,375,775.0,0
shap_feature_selection_extratrees_p1_20260529_182607,P3_mba_presence,MBA Presence,5,376,776.0,0
shap_feature_selection_extratrees_p1_20260529_182607,P3_mba_presence,MBA Presence,5,377,777.0,0
shap_feature_selection_extratrees_p1_20260529_182607,P3_mba_presence,MBA Presence,5,378,778.0,0
shap_feature_selection_extratrees_p1_20260529_182607,P3_mba_presence,MBA Presence,5,379,779.0,0
shap_feature_selection_extratrees_p1_20260529_182607,P3_mba_presence,MBA Presence,5,380,780.0,0
shap_feature_selection_extratrees_p1_20260529_182607,P3_mba_presence,MBA Presence,5,381,781.0,0
shap_feature_selection_extratrees_p1_20260529_182607,P3_mba_presence,MBA Presence,5,382,782.0,0
shap_feature_selection_extratrees_p1_20260529_182607,P3_mba_presence,MBA Presence,5,383,783.0,0
shap_feature_selection_extratrees_p1_20260529_182607,P3_mba_presence,MBA Presence,5,384,784.0,0
shap_feature_selection_extratrees_p1_20260529_182607,P3_mba_presence,MBA Presence,5,385,785.0,0
shap_feature_selection_extratrees_p1_20260529_182607,P3_mba_presence,MBA Presence,5,386,786.0,0
shap_feature_selection_extratrees_p1_20260529_182607,P3_mba_presence,MBA Presence,5,387,787.0,0
shap_feature_selection_extratrees_p1_20260529_182607,P3_mba_presence,MBA Presence,5,388,788.0,0
shap_feature_selection_extratrees_p1_20260529_182607,P3_mba_presence,MBA Presence,5,389,789.0,0
shap_feature_selection_extratrees_p1_20260529_182607,P3_mba_presence,MBA Presence,5,390,790.0,0
shap_feature_selection_extratrees_p1_20260529_182607,P3_mba_presence,MBA Presence,5,391,791.0,0
shap_feature_selection_extratrees_p1_20260529_182607,P3_mba_presence,MBA Presence,5,392,792.0,0
shap_feature_selection_extratrees_p1_20260529_182607,P3_mba_presence,MBA Presence,5,393,793.0,0
shap_feature_selection_extratrees_p1_20260529_182607,P3_mba_presence,MBA Presence,5,394,794.0,0
shap_feature_selection_extratrees_p1_20260529_182607,P3_mba_presence,MBA Presence,5,395,795.0,0
shap_feature_selection_extratrees_p1_20260529_182607,P3_mba_presence,MBA Presence,5,396,796.0,0
shap_feature_selection_extratrees_p1_20260529_182607,P3_mba_presence,MBA Presence,5,397,797.0,0
shap_feature_selection_extratrees_p1_20260529_182607,P3_mba_presence,MBA Presence,5,398,798.0,0
shap_feature_selection_extratrees_p1_20260529_182607,P3_mba_presence,MBA Presence,5,399,799.0,0
shap_feature_selection_extratrees_p1_20260529_182607,P3_mba_presence,MBA Presence,5,400,800.0,0
shap_feature_selection_extratrees_p1_20260529_182607,P3_mba_presence,MBA Presence,5,401,801.0,0
shap_feature_selection_extratrees_p1_20260529_182607,P3_mba_presence,MBA Presence,5,402,802.0,0
shap_feature_selection_extratrees_p1_20260529_182607,P3_mba_presence,MBA Presence,5,403,803.0,0
shap_feature_selection_extratrees_p1_20260529_182607,P3_mba_presence,MBA Presence,5,404,804.0,0
shap_feature_selection_extratrees_p1_20260529_182607,P3_mba_presence,MBA Presence,5,405,805.0,0
shap_feature_selection_extratrees_p1_20260529_182607,P3_mba_presence,MBA Presence,5,406,806.0,0
shap_feature_selection_extratrees_p1_20260529_182607,P3_mba_presence,MBA Presence,5,407,807.0,0
shap_feature_selection_extratrees_p1_20260529_182607,P3_mba_presence,MBA Presence,5,408,808.0,0
shap_feature_selection_extratrees_p1_20260529_182607,P3_mba_presence,MBA Presence,5,409,809.0,0
shap_feature_selection_extratrees_p1_20260529_182607,P3_mba_presence,MBA Presence,5,410,810.0,0
shap_feature_selection_extratrees_p1_20260529_182607,P3_mba_presence,MBA Presence,5,411,811.0,0
shap_feature_selection_extratrees_p1_20260529_182607,P3_mba_presence,MBA Presence,5,412,812.0,0
shap_feature_selection_extratrees_p1_20260529_182607,P3_mba_presence,MBA Presence,5,413,813.0,0
shap_feature_selection_extratrees_p1_20260529_182607,P3_mba_presence,MBA Presence,5,414,814.0,0
shap_feature_selection_extratrees_p1_20260529_182607,P3_mba_presence,MBA Presence,5,415,815.0,0
shap_feature_selection_extratrees_p1_20260529_182607,P3_mba_presence,MBA Presence,5,416,816.0,0
shap_feature_selection_extratrees_p1_20260529_182607,P3_mba_presence,MBA Presence,5,417,817.0,0
shap_feature_selection_extratrees_p1_20260529_182607,P3_mba_presence,MBA Presence,5,418,818.0,0
shap_feature_selection_extratrees_p1_20260529_182607,P3_mba_presence,MBA Presence,5,419,819.0,0
shap_feature_selection_extratrees_p1_20260529_182607,P3_mba_presence,MBA Presence,5,420,820.0,0
shap_feature_selection_extratrees_p1_20260529_182607,P3_mba_presence,MBA Presence,5,421,821.0,0
shap_feature_selection_extratrees_p1_20260529_182607,P3_mba_presence,MBA Presence,5,422,822.0,0
shap_feature_selection_extratrees_p1_20260529_182607,P3_mba_presence,MBA Presence,5,423,823.0,1
shap_feature_selection_extratrees_p1_20260529_182607,P3_mba_presence,MBA Presence,5,424,824.0,1
shap_feature_selection_extratrees_p1_20260529_182607,P3_mba_presence,MBA Presence,5,425,825.0,0
shap_feature_selection_extratrees_p1_20260529_182607,P3_mba_presence,MBA Presence,5,426,826.0,1
shap_feature_selection_extratrees_p1_20260529_182607,P3_mba_presence,MBA Presence,5,427,827.0,0
shap_feature_selection_extratrees_p1_20260529_182607,P3_mba_presence,MBA Presence,5,428,828.0,1
shap_feature_selection_extratrees_p1_20260529_182607,P3_mba_presence,MBA Presence,5,429,829.0,1
shap_feature_selection_extratrees_p1_20260529_182607,P3_mba_presence,MBA Presence,5,430,830.0,1
shap_feature_selection_extratrees_p1_20260529_182607,P3_mba_presence,MBA Presence,5,431,831.0,0
shap_feature_selection_extratrees_p1_20260529_182607,P3_mba_presence,MBA Presence,5,432,832.0,0
shap_feature_selection_extratrees_p1_20260529_182607,P3_mba_presence,MBA Presence,5,433,833.0,1
shap_feature_selection_extratrees_p1_20260529_182607,P3_mba_presence,MBA Presence,5,434,834.0,0
shap_feature_selection_extratrees_p1_20260529_182607,P3_mba_presence,MBA Presence,5,435,835.0,1
shap_feature_selection_extratrees_p1_20260529_182607,P3_mba_presence,MBA Presence,5,436,836.0,1
shap_feature_selection_extratrees_p1_20260529_182607,P3_mba_presence,MBA Presence,5,437,837.0,0
shap_feature_selection_extratrees_p1_20260529_182607,P3_mba_presence,MBA Presence,5,438,838.0,0
shap_feature_selection_extratrees_p1_20260529_182607,P3_mba_presence,MBA Presence,5,439,839.0,1
shap_feature_selection_extratrees_p1_20260529_182607,P3_mba_presence,MBA Presence,5,440,840.0,0
shap_feature_selection_extratrees_p1_20260529_182607,P3_mba_presence,MBA Presence,5,441,841.0,1
shap_feature_selection_extratrees_p1_20260529_182607,P3_mba_presence,MBA Presence,5,442,842.0,0
shap_feature_selection_extratrees_p1_20260529_182607,P3_mba_presence,MBA Presence,5,443,843.0,1
shap_feature_selection_extratrees_p1_20260529_182607,P3_mba_presence,MBA Presence,5,444,844.0,1
shap_feature_selection_extratrees_p1_20260529_182607,P3_mba_presence,MBA Presence,5,445,845.0,1
shap_feature_selection_extratrees_p1_20260529_182607,P3_mba_presence,MBA Presence,5,446,846.0,1
shap_feature_selection_extratrees_p1_20260529_182607,P3_mba_presence,MBA Presence,5,447,847.0,0
shap_feature_selection_extratrees_p1_20260529_182607,P3_mba_presence,MBA Presence,5,448,848.0,1
shap_feature_selection_extratrees_p1_20260529_182607,P3_mba_presence,MBA Presence,5,449,849.0,0
shap_feature_selection_extratrees_p1_20260529_182607,P3_mba_presence,MBA Presence,5,450,850.0,1
shap_feature_selection_extratrees_p1_20260529_182607,P3_mba_presence,MBA Presence,5,451,851.0,0
shap_feature_selection_extratrees_p1_20260529_182607,P3_mba_presence,MBA Presence,5,452,852.0,0
shap_feature_selection_extratrees_p1_20260529_182607,P3_mba_presence,MBA Presence,5,453,853.0,0
shap_feature_selection_extratrees_p1_20260529_182607,P3_mba_presence,MBA Presence,5,454,854.0,0
shap_feature_selection_extratrees_p1_20260529_182607,P3_mba_presence,MBA Presence,5,455,855.0,0
shap_feature_selection_extratrees_p1_20260529_182607,P3_mba_presence,MBA Presence,5,456,856.0,0
shap_feature_selection_extratrees_p1_20260529_182607,P3_mba_presence,MBA Presence,5,457,857.0,0
shap_feature_selection_extratrees_p1_20260529_182607,P3_mba_presence,MBA Presence,5,458,858.0,0
shap_feature_selection_extratrees_p1_20260529_182607,P3_mba_presence,MBA Presence,5,459,859.0,0
shap_feature_selection_extratrees_p1_20260529_182607,P3_mba_presence,MBA Presence,5,460,860.0,0
shap_feature_selection_extratrees_p1_20260529_182607,P3_mba_presence,MBA Presence,5,461,861.0,0
shap_feature_selection_extratrees_p1_20260529_182607,P3_mba_presence,MBA Presence,5,462,862.0,0
shap_feature_selection_extratrees_p1_20260529_182607,P3_mba_presence,MBA Presence,5,463,863.0,0
shap_feature_selection_extratrees_p1_20260529_182607,P3_mba_presence,MBA Presence,5,464,864.0,0
shap_feature_selection_extratrees_p1_20260529_182607,P3_mba_presence,MBA Presence,5,465,865.0,0
shap_feature_selection_extratrees_p1_20260529_182607,P3_mba_presence,MBA Presence,5,466,866.0,0
shap_feature_selection_extratrees_p1_20260529_182607,P3_mba_presence,MBA Presence,5,467,867.0,0
shap_feature_selection_extratrees_p1_20260529_182607,P3_mba_presence,MBA Presence,5,468,868.0,0
shap_feature_selection_extratrees_p1_20260529_182607,P3_mba_presence,MBA Presence,5,469,869.0,0
shap_feature_selection_extratrees_p1_20260529_182607,P3_mba_presence,MBA Presence,5,470,870.0,0
shap_feature_selection_extratrees_p1_20260529_182607,P3_mba_presence,MBA Presence,5,471,871.0,0
shap_feature_selection_extratrees_p1_20260529_182607,P3_mba_presence,MBA Presence,5,472,872.0,0
shap_feature_selection_extratrees_p1_20260529_182607,P3_mba_presence,MBA Presence,5,473,873.0,0
shap_feature_selection_extratrees_p1_20260529_182607,P3_mba_presence,MBA Presence,5,474,874.0,0
shap_feature_selection_extratrees_p1_20260529_182607,P3_mba_presence,MBA Presence,5,475,875.0,0
shap_feature_selection_extratrees_p1_20260529_182607,P3_mba_presence,MBA Presence,5,476,876.0,0
shap_feature_selection_extratrees_p1_20260529_182607,P3_mba_presence,MBA Presence,5,477,877.0,0
shap_feature_selection_extratrees_p1_20260529_182607,P3_mba_presence,MBA Presence,5,478,878.0,0
shap_feature_selection_extratrees_p1_20260529_182607,P3_mba_presence,MBA Presence,5,479,879.0,0
shap_feature_selection_extratrees_p1_20260529_182607,P3_mba_presence,MBA Presence,5,480,880.0,0
shap_feature_selection_extratrees_p1_20260529_182607,P3_mba_presence,MBA Presence,5,481,881.0,0
shap_feature_selection_extratrees_p1_20260529_182607,P3_mba_presence,MBA Presence,5,482,882.0,0
shap_feature_selection_extratrees_p1_20260529_182607,P3_mba_presence,MBA Presence,5,483,883.0,0
shap_feature_selection_extratrees_p1_20260529_182607,P3_mba_presence,MBA Presence,5,484,884.0,0
shap_feature_selection_extratrees_p1_20260529_182607,P3_mba_presence,MBA Presence,5,485,885.0,0
shap_feature_selection_extratrees_p1_20260529_182607,P3_mba_presence,MBA Presence,5,486,886.0,0
shap_feature_selection_extratrees_p1_20260529_182607,P3_mba_presence,MBA Presence,5,487,887.0,0
shap_feature_selection_extratrees_p1_20260529_182607,P3_mba_presence,MBA Presence,5,488,888.0,0
shap_feature_selection_extratrees_p1_20260529_182607,P3_mba_presence,MBA Presence,5,489,889.0,0
shap_feature_selection_extratrees_p1_20260529_182607,P3_mba_presence,MBA Presence,5,490,890.0,0
shap_feature_selection_extratrees_p1_20260529_182607,P3_mba_presence,MBA Presence,5,491,891.0,0
shap_feature_selection_extratrees_p1_20260529_182607,P3_mba_presence,MBA Presence,5,492,892.0,0
shap_feature_selection_extratrees_p1_20260529_182607,P3_mba_presence,MBA Presence,5,493,893.0,0
shap_feature_selection_extratrees_p1_20260529_182607,P3_mba_presence,MBA Presence,5,494,894.0,0
shap_feature_selection_extratrees_p1_20260529_182607,P3_mba_presence,MBA Presence,5,495,895.0,0
shap_feature_selection_extratrees_p1_20260529_182607,P3_mba_presence,MBA Presence,5,496,896.0,0
shap_feature_selection_extratrees_p1_20260529_182607,P3_mba_presence,MBA Presence,5,497,897.0,0
shap_feature_selection_extratrees_p1_20260529_182607,P3_mba_presence,MBA Presence,5,498,898.0,0
shap_feature_selection_extratrees_p1_20260529_182607,P3_mba_presence,MBA Presence,5,499,899.0,0
shap_feature_selection_extratrees_p1_20260529_182607,P3_mba_presence,MBA Presence,5,500,900.0,0
shap_feature_selection_extratrees_p1_20260529_182607,P3_mba_presence,MBA Presence,5,501,901.0,0
shap_feature_selection_extratrees_p1_20260529_182607,P3_mba_presence,MBA Presence,5,502,902.0,0
shap_feature_selection_extratrees_p1_20260529_182607,P3_mba_presence,MBA Presence,5,503,903.0,0
shap_feature_selection_extratrees_p1_20260529_182607,P3_mba_presence,MBA Presence,5,504,904.0,0
shap_feature_selection_extratrees_p1_20260529_182607,P3_mba_presence,MBA Presence,5,505,905.0,0
shap_feature_selection_extratrees_p1_20260529_182607,P3_mba_presence,MBA Presence,5,506,906.0,0
shap_feature_selection_extratrees_p1_20260529_182607,P3_mba_presence,MBA Presence,5,507,907.0,0
shap_feature_selection_extratrees_p1_20260529_182607,P3_mba_presence,MBA Presence,5,508,908.0,0
shap_feature_selection_extratrees_p1_20260529_182607,P3_mba_presence,MBA Presence,5,509,909.0,0
shap_feature_selection_extratrees_p1_20260529_182607,P3_mba_presence,MBA Presence,5,510,910.0,0
shap_feature_selection_extratrees_p1_20260529_182607,P3_mba_presence,MBA Presence,5,511,911.0,0
shap_feature_selection_extratrees_p1_20260529_182607,P3_mba_presence,MBA Presence,5,512,912.0,0
shap_feature_selection_extratrees_p1_20260529_182607,P3_mba_presence,MBA Presence,5,513,913.0,0
shap_feature_selection_extratrees_p1_20260529_182607,P3_mba_presence,MBA Presence,5,514,914.0,0
shap_feature_selection_extratrees_p1_20260529_182607,P3_mba_presence,MBA Presence,5,515,915.0,0
shap_feature_selection_extratrees_p1_20260529_182607,P3_mba_presence,MBA Presence,5,516,916.0,0
shap_feature_selection_extratrees_p1_20260529_182607,P3_mba_presence,MBA Presence,5,517,917.0,0
shap_feature_selection_extratrees_p1_20260529_182607,P3_mba_presence,MBA Presence,5,518,918.0,0
shap_feature_selection_extratrees_p1_20260529_182607,P3_mba_presence,MBA Presence,5,519,919.0,0
shap_feature_selection_extratrees_p1_20260529_182607,P3_mba_presence,MBA Presence,5,520,920.0,0
shap_feature_selection_extratrees_p1_20260529_182607,P3_mba_presence,MBA Presence,5,521,921.0,0
shap_feature_selection_extratrees_p1_20260529_182607,P3_mba_presence,MBA Presence,5,522,922.0,0
shap_feature_selection_extratrees_p1_20260529_182607,P3_mba_presence,MBA Presence,5,523,923.0,0
shap_feature_selection_extratrees_p1_20260529_182607,P3_mba_presence,MBA Presence,5,524,924.0,0
shap_feature_selection_extratrees_p1_20260529_182607,P3_mba_presence,MBA Presence,5,525,925.0,0
shap_feature_selection_extratrees_p1_20260529_182607,P3_mba_presence,MBA Presence,5,526,926.0,0
shap_feature_selection_extratrees_p1_20260529_182607,P3_mba_presence,MBA Presence,5,527,927.0,0
shap_feature_selection_extratrees_p1_20260529_182607,P3_mba_presence,MBA Presence,5,528,928.0,0
shap_feature_selection_extratrees_p1_20260529_182607,P3_mba_presence,MBA Presence,5,529,929.0,0
shap_feature_selection_extratrees_p1_20260529_182607,P3_mba_presence,MBA Presence,5,530,930.0,0
shap_feature_selection_extratrees_p1_20260529_182607,P3_mba_presence,MBA Presence,5,531,931.0,0
shap_feature_selection_extratrees_p1_20260529_182607,P3_mba_presence,MBA Presence,5,532,932.0,0
shap_feature_selection_extratrees_p1_20260529_182607,P3_mba_presence,MBA Presence,5,533,933.0,0
shap_feature_selection_extratrees_p1_20260529_182607,P3_mba_presence,MBA Presence,5,534,934.0,0
shap_feature_selection_extratrees_p1_20260529_182607,P3_mba_presence,MBA Presence,5,535,935.0,0
shap_feature_selection_extratrees_p1_20260529_182607,P3_mba_presence,MBA Presence,5,536,936.0,0
shap_feature_selection_extratrees_p1_20260529_182607,P3_mba_presence,MBA Presence,5,537,937.0,0
shap_feature_selection_extratrees_p1_20260529_182607,P3_mba_presence,MBA Presence,5,538,938.0,0
shap_feature_selection_extratrees_p1_20260529_182607,P3_mba_presence,MBA Presence,5,539,939.0,0
shap_feature_selection_extratrees_p1_20260529_182607,P3_mba_presence,MBA Presence,5,540,940.0,0
shap_feature_selection_extratrees_p1_20260529_182607,P3_mba_presence,MBA Presence,5,541,941.0,0
shap_feature_selection_extratrees_p1_20260529_182607,P3_mba_presence,MBA Presence,5,542,942.0,0
shap_feature_selection_extratrees_p1_20260529_182607,P3_mba_presence,MBA Presence,5,543,943.0,0
shap_feature_selection_extratrees_p1_20260529_182607,P3_mba_presence,MBA Presence,5,544,944.0,0
shap_feature_selection_extratrees_p1_20260529_182607,P3_mba_presence,MBA Presence,5,545,945.0,0
shap_feature_selection_extratrees_p1_20260529_182607,P3_mba_presence,MBA Presence,5,546,946.0,0
shap_feature_selection_extratrees_p1_20260529_182607,P3_mba_presence,MBA Presence,5,547,947.0,0
shap_feature_selection_extratrees_p1_20260529_182607,P3_mba_presence,MBA Presence,5,548,948.0,0
shap_feature_selection_extratrees_p1_20260529_182607,P3_mba_presence,MBA Presence,5,549,949.0,0
shap_feature_selection_extratrees_p1_20260529_182607,P3_mba_presence,MBA Presence,5,550,950.0,0
shap_feature_selection_extratrees_p1_20260529_182607,P3_mba_presence,MBA Presence,5,551,951.0,0
shap_feature_selection_extratrees_p1_20260529_182607,P3_mba_presence,MBA Presence,5,552,952.0,0
shap_feature_selection_extratrees_p1_20260529_182607,P3_mba_presence,MBA Presence,5,553,953.0,0
shap_feature_selection_extratrees_p1_20260529_182607,P3_mba_presence,MBA Presence,5,554,954.0,0
shap_feature_selection_extratrees_p1_20260529_182607,P3_mba_presence,MBA Presence,5,555,955.0,0
shap_feature_selection_extratrees_p1_20260529_182607,P3_mba_presence,MBA Presence,5,556,956.0,0
shap_feature_selection_extratrees_p1_20260529_182607,P3_mba_presence,MBA Presence,5,557,957.0,0
shap_feature_selection_extratrees_p1_20260529_182607,P3_mba_presence,MBA Presence,5,558,958.0,0
shap_feature_selection_extratrees_p1_20260529_182607,P3_mba_presence,MBA Presence,5,559,959.0,0
shap_feature_selection_extratrees_p1_20260529_182607,P3_mba_presence,MBA Presence,5,560,960.0,0
shap_feature_selection_extratrees_p1_20260529_182607,P3_mba_presence,MBA Presence,5,561,961.0,0
shap_feature_selection_extratrees_p1_20260529_182607,P3_mba_presence,MBA Presence,5,562,962.0,0
shap_feature_selection_extratrees_p1_20260529_182607,P3_mba_presence,MBA Presence,5,563,963.0,0
shap_feature_selection_extratrees_p1_20260529_182607,P3_mba_presence,MBA Presence,5,564,964.0,0
shap_feature_selection_extratrees_p1_20260529_182607,P3_mba_presence,MBA Presence,5,565,965.0,0
shap_feature_selection_extratrees_p1_20260529_182607,P3_mba_presence,MBA Presence,5,566,966.0,0
shap_feature_selection_extratrees_p1_20260529_182607,P3_mba_presence,MBA Presence,5,567,967.0,0
shap_feature_selection_extratrees_p1_20260529_182607,P3_mba_presence,MBA Presence,5,568,968.0,0
shap_feature_selection_extratrees_p1_20260529_182607,P3_mba_presence,MBA Presence,5,569,969.0,0
shap_feature_selection_extratrees_p1_20260529_182607,P3_mba_presence,MBA Presence,5,570,970.0,0
shap_feature_selection_extratrees_p1_20260529_182607,P3_mba_presence,MBA Presence,5,571,971.0,0
shap_feature_selection_extratrees_p1_20260529_182607,P3_mba_presence,MBA Presence,5,572,972.0,0
shap_feature_selection_extratrees_p1_20260529_182607,P3_mba_presence,MBA Presence,5,573,973.0,0
shap_feature_selection_extratrees_p1_20260529_182607,P3_mba_presence,MBA Presence,5,574,974.0,0
shap_feature_selection_extratrees_p1_20260529_182607,P3_mba_presence,MBA Presence,5,575,975.0,0
shap_feature_selection_extratrees_p1_20260529_182607,P3_mba_presence,MBA Presence,5,576,976.0,0
shap_feature_selection_extratrees_p1_20260529_182607,P3_mba_presence,MBA Presence,5,577,977.0,0
shap_feature_selection_extratrees_p1_20260529_182607,P3_mba_presence,MBA Presence,5,578,978.0,0
shap_feature_selection_extratrees_p1_20260529_182607,P3_mba_presence,MBA Presence,5,579,979.0,0
shap_feature_selection_extratrees_p1_20260529_182607,P3_mba_presence,MBA Presence,5,580,980.0,0
shap_feature_selection_extratrees_p1_20260529_182607,P3_mba_presence,MBA Presence,5,581,981.0,0
shap_feature_selection_extratrees_p1_20260529_182607,P3_mba_presence,MBA Presence,5,582,982.0,0
shap_feature_selection_extratrees_p1_20260529_182607,P3_mba_presence,MBA Presence,5,583,983.0,0
shap_feature_selection_extratrees_p1_20260529_182607,P3_mba_presence,MBA Presence,5,584,984.0,0
shap_feature_selection_extratrees_p1_20260529_182607,P3_mba_presence,MBA Presence,5,585,985.0,0
shap_feature_selection_extratrees_p1_20260529_182607,P3_mba_presence,MBA Presence,5,586,986.0,0
shap_feature_selection_extratrees_p1_20260529_182607,P3_mba_presence,MBA Presence,5,587,987.0,0
shap_feature_selection_extratrees_p1_20260529_182607,P3_mba_presence,MBA Presence,5,588,988.0,0
shap_feature_selection_extratrees_p1_20260529_182607,P3_mba_presence,MBA Presence,5,589,989.0,0
shap_feature_selection_extratrees_p1_20260529_182607,P3_mba_presence,MBA Presence,5,590,990.0,0
shap_feature_selection_extratrees_p1_20260529_182607,P3_mba_presence,MBA Presence,5,591,991.0,0
shap_feature_selection_extratrees_p1_20260529_182607,P3_mba_presence,MBA Presence,5,592,992.0,0
shap_feature_selection_extratrees_p1_20260529_182607,P3_mba_presence,MBA Presence,5,593,993.0,0
shap_feature_selection_extratrees_p1_20260529_182607,P3_mba_presence,MBA Presence,5,594,994.0,0
shap_feature_selection_extratrees_p1_20260529_182607,P3_mba_presence,MBA Presence,5,595,995.0,0
shap_feature_selection_extratrees_p1_20260529_182607,P3_mba_presence,MBA Presence,5,596,996.0,0
shap_feature_selection_extratrees_p1_20260529_182607,P3_mba_presence,MBA Presence,5,597,997.0,0
shap_feature_selection_extratrees_p1_20260529_182607,P3_mba_presence,MBA Presence,5,598,998.0,0
shap_feature_selection_extratrees_p1_20260529_182607,P3_mba_presence,MBA Presence,5,599,999.0,0
shap_feature_selection_extratrees_p1_20260529_182607,P3_mba_presence,MBA Presence,5,600,1000.0,0
shap_feature_selection_extratrees_p1_20260529_182607,P3_mba_presence,MBA Presence,5,601,1001.0,0
shap_feature_selection_extratrees_p1_20260529_182607,P3_mba_presence,MBA Presence,5,602,1002.0,0
shap_feature_selection_extratrees_p1_20260529_182607,P3_mba_presence,MBA Presence,5,603,1003.0,0
shap_feature_selection_extratrees_p1_20260529_182607,P3_mba_presence,MBA Presence,5,604,1004.0,0
shap_feature_selection_extratrees_p1_20260529_182607,P3_mba_presence,MBA Presence,5,605,1005.0,0
shap_feature_selection_extratrees_p1_20260529_182607,P3_mba_presence,MBA Presence,5,606,1006.0,0
shap_feature_selection_extratrees_p1_20260529_182607,P3_mba_presence,MBA Presence,5,607,1007.0,0
shap_feature_selection_extratrees_p1_20260529_182607,P3_mba_presence,MBA Presence,5,608,1008.0,0
shap_feature_selection_extratrees_p1_20260529_182607,P3_mba_presence,MBA Presence,5,609,1009.0,0
shap_feature_selection_extratrees_p1_20260529_182607,P3_mba_presence,MBA Presence,5,610,1010.0,0
shap_feature_selection_extratrees_p1_20260529_182607,P3_mba_presence,MBA Presence,5,611,1011.0,0
shap_feature_selection_extratrees_p1_20260529_182607,P3_mba_presence,MBA Presence,5,612,1012.0,0
shap_feature_selection_extratrees_p1_20260529_182607,P3_mba_presence,MBA Presence,5,613,1013.0,0
shap_feature_selection_extratrees_p1_20260529_182607,P3_mba_presence,MBA Presence,5,614,1014.0,0
shap_feature_selection_extratrees_p1_20260529_182607,P3_mba_presence,MBA Presence,5,615,1015.0,0
shap_feature_selection_extratrees_p1_20260529_182607,P3_mba_presence,MBA Presence,5,616,1016.0,0
shap_feature_selection_extratrees_p1_20260529_182607,P3_mba_presence,MBA Presence,5,617,1017.0,0
shap_feature_selection_extratrees_p1_20260529_182607,P3_mba_presence,MBA Presence,5,618,1018.0,0
shap_feature_selection_extratrees_p1_20260529_182607,P3_mba_presence,MBA Presence,5,619,1019.0,0
shap_feature_selection_extratrees_p1_20260529_182607,P3_mba_presence,MBA Presence,5,620,1020.0,0
shap_feature_selection_extratrees_p1_20260529_182607,P3_mba_presence,MBA Presence,5,621,1021.0,0
shap_feature_selection_extratrees_p1_20260529_182607,P3_mba_presence,MBA Presence,5,622,1022.0,0
shap_feature_selection_extratrees_p1_20260529_182607,P3_mba_presence,MBA Presence,5,623,1023.0,0
shap_feature_selection_extratrees_p1_20260529_182607,P3_mba_presence,MBA Presence,5,624,1024.0,0
shap_feature_selection_extratrees_p1_20260529_182607,P3_mba_presence,MBA Presence,5,625,1025.0,0
shap_feature_selection_extratrees_p1_20260529_182607,P3_mba_presence,MBA Presence,5,626,1026.0,0
shap_feature_selection_extratrees_p1_20260529_182607,P3_mba_presence,MBA Presence,5,627,1027.0,0
shap_feature_selection_extratrees_p1_20260529_182607,P3_mba_presence,MBA Presence,5,628,1028.0,0
shap_feature_selection_extratrees_p1_20260529_182607,P3_mba_presence,MBA Presence,5,629,1029.0,0
shap_feature_selection_extratrees_p1_20260529_182607,P3_mba_presence,MBA Presence,5,630,1030.0,0
shap_feature_selection_extratrees_p1_20260529_182607,P3_mba_presence,MBA Presence,5,631,1031.0,0
shap_feature_selection_extratrees_p1_20260529_182607,P3_mba_presence,MBA Presence,5,632,1032.0,0
shap_feature_selection_extratrees_p1_20260529_182607,P3_mba_presence,MBA Presence,5,633,1033.0,0
shap_feature_selection_extratrees_p1_20260529_182607,P3_mba_presence,MBA Presence,5,634,1034.0,0
shap_feature_selection_extratrees_p1_20260529_182607,P3_mba_presence,MBA Presence,5,635,1035.0,0
shap_feature_selection_extratrees_p1_20260529_182607,P3_mba_presence,MBA Presence,5,636,1036.0,0
shap_feature_selection_extratrees_p1_20260529_182607,P3_mba_presence,MBA Presence,5,637,1037.0,0
shap_feature_selection_extratrees_p1_20260529_182607,P3_mba_presence,MBA Presence,5,638,1038.0,0
shap_feature_selection_extratrees_p1_20260529_182607,P3_mba_presence,MBA Presence,5,639,1039.0,0
shap_feature_selection_extratrees_p1_20260529_182607,P3_mba_presence,MBA Presence,5,640,1040.0,0
shap_feature_selection_extratrees_p1_20260529_182607,P3_mba_presence,MBA Presence,5,641,1041.0,0
shap_feature_selection_extratrees_p1_20260529_182607,P3_mba_presence,MBA Presence,5,642,1042.0,0
shap_feature_selection_extratrees_p1_20260529_182607,P3_mba_presence,MBA Presence,5,643,1043.0,0
shap_feature_selection_extratrees_p1_20260529_182607,P3_mba_presence,MBA Presence,5,644,1044.0,0
shap_feature_selection_extratrees_p1_20260529_182607,P3_mba_presence,MBA Presence,5,645,1045.0,0
shap_feature_selection_extratrees_p1_20260529_182607,P3_mba_presence,MBA Presence,5,646,1046.0,0
shap_feature_selection_extratrees_p1_20260529_182607,P3_mba_presence,MBA Presence,5,647,1047.0,0
shap_feature_selection_extratrees_p1_20260529_182607,P3_mba_presence,MBA Presence,5,648,1048.0,0
shap_feature_selection_extratrees_p1_20260529_182607,P3_mba_presence,MBA Presence,5,649,1049.0,0
shap_feature_selection_extratrees_p1_20260529_182607,P3_mba_presence,MBA Presence,5,650,1050.0,0
shap_feature_selection_extratrees_p1_20260529_182607,P3_mba_presence,MBA Presence,5,651,1051.0,0
shap_feature_selection_extratrees_p1_20260529_182607,P3_mba_presence,MBA Presence,5,652,1052.0,1
shap_feature_selection_extratrees_p1_20260529_182607,P3_mba_presence,MBA Presence,5,653,1053.0,0
shap_feature_selection_extratrees_p1_20260529_182607,P3_mba_presence,MBA Presence,5,654,1054.0,1
shap_feature_selection_extratrees_p1_20260529_182607,P3_mba_presence,MBA Presence,5,655,1055.0,1
shap_feature_selection_extratrees_p1_20260529_182607,P3_mba_presence,MBA Presence,5,656,1056.0,0
shap_feature_selection_extratrees_p1_20260529_182607,P3_mba_presence,MBA Presence,5,657,1057.0,1
shap_feature_selection_extratrees_p1_20260529_182607,P3_mba_presence,MBA Presence,5,658,1058.0,1
shap_feature_selection_extratrees_p1_20260529_182607,P3_mba_presence,MBA Presence,5,659,1059.0,1
shap_feature_selection_extratrees_p1_20260529_182607,P3_mba_presence,MBA Presence,5,660,1060.0,1
shap_feature_selection_extratrees_p1_20260529_182607,P3_mba_presence,MBA Presence,5,661,1061.0,1
shap_feature_selection_extratrees_p1_20260529_182607,P3_mba_presence,MBA Presence,5,662,1062.0,1
shap_feature_selection_extratrees_p1_20260529_182607,P3_mba_presence,MBA Presence,5,663,1063.0,1
shap_feature_selection_extratrees_p1_20260529_182607,P3_mba_presence,MBA Presence,5,664,1064.0,1
shap_feature_selection_extratrees_p1_20260529_182607,P3_mba_presence,MBA Presence,5,665,1065.0,1
shap_feature_selection_extratrees_p1_20260529_182607,P3_mba_presence,MBA Presence,5,666,1066.0,1
shap_feature_selection_extratrees_p1_20260529_182607,P3_mba_presence,MBA Presence,5,667,1067.0,1
shap_feature_selection_extratrees_p1_20260529_182607,P3_mba_presence,MBA Presence,5,668,1068.0,1
shap_feature_selection_extratrees_p1_20260529_182607,P3_mba_presence,MBA Presence,5,669,1069.0,1
shap_feature_selection_extratrees_p1_20260529_182607,P3_mba_presence,MBA Presence,5,670,1070.0,1
shap_feature_selection_extratrees_p1_20260529_182607,P3_mba_presence,MBA Presence,5,671,1071.0,1
shap_feature_selection_extratrees_p1_20260529_182607,P3_mba_presence,MBA Presence,5,672,1072.0,1
shap_feature_selection_extratrees_p1_20260529_182607,P3_mba_presence,MBA Presence,5,673,1073.0,1
shap_feature_selection_extratrees_p1_20260529_182607,P3_mba_presence,MBA Presence,5,674,1074.0,1
shap_feature_selection_extratrees_p1_20260529_182607,P3_mba_presence,MBA Presence,5,675,1075.0,1
shap_feature_selection_extratrees_p1_20260529_182607,P3_mba_presence,MBA Presence,5,676,1076.0,1
shap_feature_selection_extratrees_p1_20260529_182607,P3_mba_presence,MBA Presence,5,677,1077.0,1
shap_feature_selection_extratrees_p1_20260529_182607,P3_mba_presence,MBA Presence,5,678,1078.0,1
shap_feature_selection_extratrees_p1_20260529_182607,P3_mba_presence,MBA Presence,5,679,1079.0,0
shap_feature_selection_extratrees_p1_20260529_182607,P3_mba_presence,MBA Presence,5,680,1080.0,0
shap_feature_selection_extratrees_p1_20260529_182607,P3_mba_presence,MBA Presence,5,681,1081.0,0
shap_feature_selection_extratrees_p1_20260529_182607,P3_mba_presence,MBA Presence,5,682,1082.0,0
shap_feature_selection_extratrees_p1_20260529_182607,P3_mba_presence,MBA Presence,5,683,1083.0,0
shap_feature_selection_extratrees_p1_20260529_182607,P3_mba_presence,MBA Presence,5,684,1084.0,0
shap_feature_selection_extratrees_p1_20260529_182607,P3_mba_presence,MBA Presence,5,685,1085.0,0
shap_feature_selection_extratrees_p1_20260529_182607,P3_mba_presence,MBA Presence,5,686,1086.0,0
shap_feature_selection_extratrees_p1_20260529_182607,P3_mba_presence,MBA Presence,5,687,1087.0,0
shap_feature_selection_extratrees_p1_20260529_182607,P3_mba_presence,MBA Presence,5,688,1088.0,0
shap_feature_selection_extratrees_p1_20260529_182607,P3_mba_presence,MBA Presence,5,689,1089.0,0
shap_feature_selection_extratrees_p1_20260529_182607,P3_mba_presence,MBA Presence,5,690,1090.0,0
shap_feature_selection_extratrees_p1_20260529_182607,P3_mba_presence,MBA Presence,5,691,1091.0,0
shap_feature_selection_extratrees_p1_20260529_182607,P3_mba_presence,MBA Presence,5,692,1092.0,0
shap_feature_selection_extratrees_p1_20260529_182607,P3_mba_presence,MBA Presence,5,693,1093.0,0
shap_feature_selection_extratrees_p1_20260529_182607,P3_mba_presence,MBA Presence,5,694,1094.0,0
shap_feature_selection_extratrees_p1_20260529_182607,P3_mba_presence,MBA Presence,5,695,1095.0,0
shap_feature_selection_extratrees_p1_20260529_182607,P3_mba_presence,MBA Presence,5,696,1096.0,0
shap_feature_selection_extratrees_p1_20260529_182607,P3_mba_presence,MBA Presence,5,697,1097.0,0
shap_feature_selection_extratrees_p1_20260529_182607,P3_mba_presence,MBA Presence,5,698,1098.0,0
shap_feature_selection_extratrees_p1_20260529_182607,P3_mba_presence,MBA Presence,5,699,1099.0,0
shap_feature_selection_extratrees_p1_20260529_182607,P3_mba_presence,MBA Presence,5,700,1100.0,0
shap_feature_selection_extratrees_p1_20260529_182607,P3_mba_presence,MBA Presence,5,701,1101.0,0
shap_feature_selection_extratrees_p1_20260529_182607,P3_mba_presence,MBA Presence,5,702,1102.0,0
shap_feature_selection_extratrees_p1_20260529_182607,P3_mba_presence,MBA Presence,5,703,1103.0,0
shap_feature_selection_extratrees_p1_20260529_182607,P3_mba_presence,MBA Presence,5,704,1104.0,0
shap_feature_selection_extratrees_p1_20260529_182607,P3_mba_presence,MBA Presence,5,705,1105.0,0
shap_feature_selection_extratrees_p1_20260529_182607,P3_mba_presence,MBA Presence,5,706,1106.0,0
shap_feature_selection_extratrees_p1_20260529_182607,P3_mba_presence,MBA Presence,5,707,1107.0,0
shap_feature_selection_extratrees_p1_20260529_182607,P3_mba_presence,MBA Presence,5,708,1108.0,0
shap_feature_selection_extratrees_p1_20260529_182607,P3_mba_presence,MBA Presence,5,709,1109.0,0
shap_feature_selection_extratrees_p1_20260529_182607,P3_mba_presence,MBA Presence,5,710,1110.0,0
shap_feature_selection_extratrees_p1_20260529_182607,P3_mba_presence,MBA Presence,5,711,1111.0,0
shap_feature_selection_extratrees_p1_20260529_182607,P3_mba_presence,MBA Presence,5,712,1112.0,0
shap_feature_selection_extratrees_p1_20260529_182607,P3_mba_presence,MBA Presence,5,713,1113.0,0
shap_feature_selection_extratrees_p1_20260529_182607,P3_mba_presence,MBA Presence,5,714,1114.0,0
shap_feature_selection_extratrees_p1_20260529_182607,P3_mba_presence,MBA Presence,5,715,1115.0,0
shap_feature_selection_extratrees_p1_20260529_182607,P3_mba_presence,MBA Presence,5,716,1116.0,0
shap_feature_selection_extratrees_p1_20260529_182607,P3_mba_presence,MBA Presence,5,717,1117.0,0
shap_feature_selection_extratrees_p1_20260529_182607,P3_mba_presence,MBA Presence,5,718,1118.0,0
shap_feature_selection_extratrees_p1_20260529_182607,P3_mba_presence,MBA Presence,5,719,1119.0,0
shap_feature_selection_extratrees_p1_20260529_182607,P3_mba_presence,MBA Presence,5,720,1120.0,0
shap_feature_selection_extratrees_p1_20260529_182607,P3_mba_presence,MBA Presence,5,721,1121.0,0
shap_feature_selection_extratrees_p1_20260529_182607,P3_mba_presence,MBA Presence,5,722,1122.0,0
shap_feature_selection_extratrees_p1_20260529_182607,P3_mba_presence,MBA Presence,5,723,1123.0,0
shap_feature_selection_extratrees_p1_20260529_182607,P3_mba_presence,MBA Presence,5,724,1124.0,0
shap_feature_selection_extratrees_p1_20260529_182607,P3_mba_presence,MBA Presence,5,725,1125.0,0
shap_feature_selection_extratrees_p1_20260529_182607,P3_mba_presence,MBA Presence,5,726,1126.0,0
shap_feature_selection_extratrees_p1_20260529_182607,P3_mba_presence,MBA Presence,5,727,1127.0,0
shap_feature_selection_extratrees_p1_20260529_182607,P3_mba_presence,MBA Presence,5,728,1128.0,0
shap_feature_selection_extratrees_p1_20260529_182607,P3_mba_presence,MBA Presence,5,729,1129.0,0
shap_feature_selection_extratrees_p1_20260529_182607,P3_mba_presence,MBA Presence,5,730,1130.0,0
shap_feature_selection_extratrees_p1_20260529_182607,P3_mba_presence,MBA Presence,5,731,1131.0,0
shap_feature_selection_extratrees_p1_20260529_182607,P3_mba_presence,MBA Presence,5,732,1132.0,0
shap_feature_selection_extratrees_p1_20260529_182607,P3_mba_presence,MBA Presence,5,733,1133.0,0
shap_feature_selection_extratrees_p1_20260529_182607,P3_mba_presence,MBA Presence,5,734,1134.0,0
shap_feature_selection_extratrees_p1_20260529_182607,P3_mba_presence,MBA Presence,5,735,1135.0,0
shap_feature_selection_extratrees_p1_20260529_182607,P3_mba_presence,MBA Presence,5,736,1136.0,0
shap_feature_selection_extratrees_p1_20260529_182607,P3_mba_presence,MBA Presence,5,737,1137.0,0
shap_feature_selection_extratrees_p1_20260529_182607,P3_mba_presence,MBA Presence,5,738,1138.0,0
shap_feature_selection_extratrees_p1_20260529_182607,P3_mba_presence,MBA Presence,5,739,1139.0,0
shap_feature_selection_extratrees_p1_20260529_182607,P3_mba_presence,MBA Presence,5,740,1140.0,0
shap_feature_selection_extratrees_p1_20260529_182607,P3_mba_presence,MBA Presence,5,741,1141.0,0
shap_feature_selection_extratrees_p1_20260529_182607,P3_mba_presence,MBA Presence,5,742,1142.0,0
shap_feature_selection_extratrees_p1_20260529_182607,P3_mba_presence,MBA Presence,5,743,1143.0,0
shap_feature_selection_extratrees_p1_20260529_182607,P3_mba_presence,MBA Presence,5,744,1144.0,0
shap_feature_selection_extratrees_p1_20260529_182607,P3_mba_presence,MBA Presence,5,745,1145.0,0
shap_feature_selection_extratrees_p1_20260529_182607,P3_mba_presence,MBA Presence,5,746,1146.0,0
shap_feature_selection_extratrees_p1_20260529_182607,P3_mba_presence,MBA Presence,5,747,1147.0,0
shap_feature_selection_extratrees_p1_20260529_182607,P3_mba_presence,MBA Presence,5,748,1148.0,0
shap_feature_selection_extratrees_p1_20260529_182607,P3_mba_presence,MBA Presence,5,749,1149.0,0
shap_feature_selection_extratrees_p1_20260529_182607,P3_mba_presence,MBA Presence,5,750,1150.0,0
shap_feature_selection_extratrees_p1_20260529_182607,P3_mba_presence,MBA Presence,5,751,1151.0,0
shap_feature_selection_extratrees_p1_20260529_182607,P3_mba_presence,MBA Presence,5,752,1152.0,0
shap_feature_selection_extratrees_p1_20260529_182607,P3_mba_presence,MBA Presence,5,753,1153.0,0
shap_feature_selection_extratrees_p1_20260529_182607,P3_mba_presence,MBA Presence,5,754,1154.0,0
shap_feature_selection_extratrees_p1_20260529_182607,P3_mba_presence,MBA Presence,5,755,1155.0,0
shap_feature_selection_extratrees_p1_20260529_182607,P3_mba_presence,MBA Presence,5,756,1156.0,0
shap_feature_selection_extratrees_p1_20260529_182607,P3_mba_presence,MBA Presence,5,757,1157.0,0
shap_feature_selection_extratrees_p1_20260529_182607,P3_mba_presence,MBA Presence,5,758,1158.0,0
shap_feature_selection_extratrees_p1_20260529_182607,P3_mba_presence,MBA Presence,5,759,1159.0,0
shap_feature_selection_extratrees_p1_20260529_182607,P3_mba_presence,MBA Presence,5,760,1160.0,0
shap_feature_selection_extratrees_p1_20260529_182607,P3_mba_presence,MBA Presence,5,761,1161.0,0
shap_feature_selection_extratrees_p1_20260529_182607,P3_mba_presence,MBA Presence,5,762,1162.0,0
shap_feature_selection_extratrees_p1_20260529_182607,P3_mba_presence,MBA Presence,5,763,1163.0,0
shap_feature_selection_extratrees_p1_20260529_182607,P3_mba_presence,MBA Presence,5,764,1164.0,0
shap_feature_selection_extratrees_p1_20260529_182607,P3_mba_presence,MBA Presence,5,765,1165.0,0
shap_feature_selection_extratrees_p1_20260529_182607,P3_mba_presence,MBA Presence,5,766,1166.0,0
shap_feature_selection_extratrees_p1_20260529_182607,P3_mba_presence,MBA Presence,5,767,1167.0,0
shap_feature_selection_extratrees_p1_20260529_182607,P3_mba_presence,MBA Presence,5,768,1168.0,0
shap_feature_selection_extratrees_p1_20260529_182607,P3_mba_presence,MBA Presence,5,769,1169.0,0
shap_feature_selection_extratrees_p1_20260529_182607,P3_mba_presence,MBA Presence,5,770,1170.0,0
shap_feature_selection_extratrees_p1_20260529_182607,P3_mba_presence,MBA Presence,5,771,1171.0,0
shap_feature_selection_extratrees_p1_20260529_182607,P3_mba_presence,MBA Presence,5,772,1172.0,0
shap_feature_selection_extratrees_p1_20260529_182607,P3_mba_presence,MBA Presence,5,773,1173.0,0
shap_feature_selection_extratrees_p1_20260529_182607,P3_mba_presence,MBA Presence,5,774,1174.0,0
shap_feature_selection_extratrees_p1_20260529_182607,P3_mba_presence,MBA Presence,5,775,1175.0,0
shap_feature_selection_extratrees_p1_20260529_182607,P3_mba_presence,MBA Presence,5,776,1176.0,0
shap_feature_selection_extratrees_p1_20260529_182607,P3_mba_presence,MBA Presence,5,777,1177.0,0
shap_feature_selection_extratrees_p1_20260529_182607,P3_mba_presence,MBA Presence,5,778,1178.0,0
shap_feature_selection_extratrees_p1_20260529_182607,P3_mba_presence,MBA Presence,5,779,1179.0,0
shap_feature_selection_extratrees_p1_20260529_182607,P3_mba_presence,MBA Presence,5,780,1180.0,0
shap_feature_selection_extratrees_p1_20260529_182607,P3_mba_presence,MBA Presence,5,781,1181.0,0
shap_feature_selection_extratrees_p1_20260529_182607,P3_mba_presence,MBA Presence,5,782,1182.0,0
shap_feature_selection_extratrees_p1_20260529_182607,P3_mba_presence,MBA Presence,5,783,1183.0,0
shap_feature_selection_extratrees_p1_20260529_182607,P3_mba_presence,MBA Presence,5,784,1184.0,0
shap_feature_selection_extratrees_p1_20260529_182607,P3_mba_presence,MBA Presence,5,785,1185.0,0
shap_feature_selection_extratrees_p1_20260529_182607,P3_mba_presence,MBA Presence,5,786,1186.0,0
shap_feature_selection_extratrees_p1_20260529_182607,P3_mba_presence,MBA Presence,5,787,1187.0,0
shap_feature_selection_extratrees_p1_20260529_182607,P3_mba_presence,MBA Presence,5,788,1188.0,0
shap_feature_selection_extratrees_p1_20260529_182607,P3_mba_presence,MBA Presence,5,789,1189.0,0
shap_feature_selection_extratrees_p1_20260529_182607,P3_mba_presence,MBA Presence,5,790,1190.0,0
shap_feature_selection_extratrees_p1_20260529_182607,P3_mba_presence,MBA Presence,5,791,1191.0,0
shap_feature_selection_extratrees_p1_20260529_182607,P3_mba_presence,MBA Presence,5,792,1192.0,0
shap_feature_selection_extratrees_p1_20260529_182607,P3_mba_presence,MBA Presence,5,793,1193.0,0
shap_feature_selection_extratrees_p1_20260529_182607,P3_mba_presence,MBA Presence,5,794,1194.0,0
shap_feature_selection_extratrees_p1_20260529_182607,P3_mba_presence,MBA Presence,5,795,1195.0,0
shap_feature_selection_extratrees_p1_20260529_182607,P3_mba_presence,MBA Presence,5,796,1196.0,0
shap_feature_selection_extratrees_p1_20260529_182607,P3_mba_presence,MBA Presence,5,797,1197.0,0
shap_feature_selection_extratrees_p1_20260529_182607,P3_mba_presence,MBA Presence,5,798,1198.0,0
shap_feature_selection_extratrees_p1_20260529_182607,P3_mba_presence,MBA Presence,5,799,1199.0,0
shap_feature_selection_extratrees_p1_20260529_182607,P3_mba_presence,MBA Presence,5,800,1200.0,0
shap_feature_selection_extratrees_p1_20260529_182607,P3_mba_presence,MBA Presence,5,801,1201.0,0
shap_feature_selection_extratrees_p1_20260529_182607,P3_mba_presence,MBA Presence,5,802,1202.0,0
shap_feature_selection_extratrees_p1_20260529_182607,P3_mba_presence,MBA Presence,5,803,1203.0,0
shap_feature_selection_extratrees_p1_20260529_182607,P3_mba_presence,MBA Presence,5,804,1204.0,0
shap_feature_selection_extratrees_p1_20260529_182607,P3_mba_presence,MBA Presence,5,805,1205.0,0
shap_feature_selection_extratrees_p1_20260529_182607,P3_mba_presence,MBA Presence,5,806,1206.0,0
shap_feature_selection_extratrees_p1_20260529_182607,P3_mba_presence,MBA Presence,5,807,1207.0,0
shap_feature_selection_extratrees_p1_20260529_182607,P3_mba_presence,MBA Presence,5,808,1208.0,0
shap_feature_selection_extratrees_p1_20260529_182607,P3_mba_presence,MBA Presence,5,809,1209.0,0
shap_feature_selection_extratrees_p1_20260529_182607,P3_mba_presence,MBA Presence,5,810,1210.0,0
shap_feature_selection_extratrees_p1_20260529_182607,P3_mba_presence,MBA Presence,5,811,1211.0,0
shap_feature_selection_extratrees_p1_20260529_182607,P3_mba_presence,MBA Presence,5,812,1212.0,0
shap_feature_selection_extratrees_p1_20260529_182607,P3_mba_presence,MBA Presence,5,813,1213.0,0
shap_feature_selection_extratrees_p1_20260529_182607,P3_mba_presence,MBA Presence,5,814,1214.0,0
shap_feature_selection_extratrees_p1_20260529_182607,P3_mba_presence,MBA Presence,5,815,1215.0,0
shap_feature_selection_extratrees_p1_20260529_182607,P3_mba_presence,MBA Presence,5,816,1216.0,0
shap_feature_selection_extratrees_p1_20260529_182607,P3_mba_presence,MBA Presence,5,817,1217.0,0
shap_feature_selection_extratrees_p1_20260529_182607,P3_mba_presence,MBA Presence,5,818,1218.0,0
shap_feature_selection_extratrees_p1_20260529_182607,P3_mba_presence,MBA Presence,5,819,1219.0,0
shap_feature_selection_extratrees_p1_20260529_182607,P3_mba_presence,MBA Presence,5,820,1220.0,0
shap_feature_selection_extratrees_p1_20260529_182607,P3_mba_presence,MBA Presence,5,821,1221.0,0
shap_feature_selection_extratrees_p1_20260529_182607,P3_mba_presence,MBA Presence,5,822,1222.0,0
shap_feature_selection_extratrees_p1_20260529_182607,P3_mba_presence,MBA Presence,5,823,1223.0,0
shap_feature_selection_extratrees_p1_20260529_182607,P3_mba_presence,MBA Presence,5,824,1224.0,0
shap_feature_selection_extratrees_p1_20260529_182607,P3_mba_presence,MBA Presence,5,825,1225.0,0
shap_feature_selection_extratrees_p1_20260529_182607,P3_mba_presence,MBA Presence,5,826,1226.0,0
shap_feature_selection_extratrees_p1_20260529_182607,P3_mba_presence,MBA Presence,5,827,1227.0,0
shap_feature_selection_extratrees_p1_20260529_182607,P3_mba_presence,MBA Presence,5,828,1228.0,0
shap_feature_selection_extratrees_p1_20260529_182607,P3_mba_presence,MBA Presence,5,829,1229.0,0
shap_feature_selection_extratrees_p1_20260529_182607,P3_mba_presence,MBA Presence,5,830,1230.0,0
shap_feature_selection_extratrees_p1_20260529_182607,P3_mba_presence,MBA Presence,5,831,1231.0,0
shap_feature_selection_extratrees_p1_20260529_182607,P3_mba_presence,MBA Presence,5,832,1232.0,0
shap_feature_selection_extratrees_p1_20260529_182607,P3_mba_presence,MBA Presence,5,833,1233.0,0
shap_feature_selection_extratrees_p1_20260529_182607,P3_mba_presence,MBA Presence,5,834,1234.0,0
shap_feature_selection_extratrees_p1_20260529_182607,P3_mba_presence,MBA Presence,5,835,1235.0,0
shap_feature_selection_extratrees_p1_20260529_182607,P3_mba_presence,MBA Presence,5,836,1236.0,0
shap_feature_selection_extratrees_p1_20260529_182607,P3_mba_presence,MBA Presence,5,837,1237.0,0
shap_feature_selection_extratrees_p1_20260529_182607,P3_mba_presence,MBA Presence,5,838,1238.0,0
shap_feature_selection_extratrees_p1_20260529_182607,P3_mba_presence,MBA Presence,5,839,1239.0,0
shap_feature_selection_extratrees_p1_20260529_182607,P3_mba_presence,MBA Presence,5,840,1240.0,0
shap_feature_selection_extratrees_p1_20260529_182607,P3_mba_presence,MBA Presence,5,841,1241.0,0
shap_feature_selection_extratrees_p1_20260529_182607,P3_mba_presence,MBA Presence,5,842,1242.0,0
shap_feature_selection_extratrees_p1_20260529_182607,P3_mba_presence,MBA Presence,5,843,1243.0,0
shap_feature_selection_extratrees_p1_20260529_182607,P3_mba_presence,MBA Presence,5,844,1244.0,0
shap_feature_selection_extratrees_p1_20260529_182607,P3_mba_presence,MBA Presence,5,845,1245.0,0
shap_feature_selection_extratrees_p1_20260529_182607,P3_mba_presence,MBA Presence,5,846,1246.0,0
shap_feature_selection_extratrees_p1_20260529_182607,P3_mba_presence,MBA Presence,5,847,1247.0,0
shap_feature_selection_extratrees_p1_20260529_182607,P3_mba_presence,MBA Presence,5,848,1248.0,0
shap_feature_selection_extratrees_p1_20260529_182607,P3_mba_presence,MBA Presence,5,849,1249.0,0
shap_feature_selection_extratrees_p1_20260529_182607,P3_mba_presence,MBA Presence,5,850,1250.0,0
shap_feature_selection_extratrees_p1_20260529_182607,P3_mba_presence,MBA Presence,5,851,1251.0,0
shap_feature_selection_extratrees_p1_20260529_182607,P3_mba_presence,MBA Presence,5,852,1252.0,0
shap_feature_selection_extratrees_p1_20260529_182607,P3_mba_presence,MBA Presence,5,853,1253.0,0
shap_feature_selection_extratrees_p1_20260529_182607,P3_mba_presence,MBA Presence,5,854,1254.0,0
shap_feature_selection_extratrees_p1_20260529_182607,P3_mba_presence,MBA Presence,5,855,1255.0,0
shap_feature_selection_extratrees_p1_20260529_182607,P3_mba_presence,MBA Presence,5,856,1256.0,0
shap_feature_selection_extratrees_p1_20260529_182607,P3_mba_presence,MBA Presence,5,857,1257.0,0
shap_feature_selection_extratrees_p1_20260529_182607,P3_mba_presence,MBA Presence,5,858,1258.0,0
shap_feature_selection_extratrees_p1_20260529_182607,P3_mba_presence,MBA Presence,5,859,1259.0,0
shap_feature_selection_extratrees_p1_20260529_182607,P3_mba_presence,MBA Presence,5,860,1260.0,0
shap_feature_selection_extratrees_p1_20260529_182607,P3_mba_presence,MBA Presence,5,861,1261.0,0
shap_feature_selection_extratrees_p1_20260529_182607,P3_mba_presence,MBA Presence,5,862,1262.0,0
shap_feature_selection_extratrees_p1_20260529_182607,P3_mba_presence,MBA Presence,5,863,1263.0,0
shap_feature_selection_extratrees_p1_20260529_182607,P3_mba_presence,MBA Presence,5,864,1264.0,0
shap_feature_selection_extratrees_p1_20260529_182607,P3_mba_presence,MBA Presence,5,865,1265.0,0
shap_feature_selection_extratrees_p1_20260529_182607,P3_mba_presence,MBA Presence,5,866,1266.0,0
shap_feature_selection_extratrees_p1_20260529_182607,P3_mba_presence,MBA Presence,5,867,1267.0,0
shap_feature_selection_extratrees_p1_20260529_182607,P3_mba_presence,MBA Presence,5,868,1268.0,0
shap_feature_selection_extratrees_p1_20260529_182607,P3_mba_presence,MBA Presence,5,869,1269.0,0
shap_feature_selection_extratrees_p1_20260529_182607,P3_mba_presence,MBA Presence,5,870,1270.0,0
shap_feature_selection_extratrees_p1_20260529_182607,P3_mba_presence,MBA Presence,5,871,1271.0,0
shap_feature_selection_extratrees_p1_20260529_182607,P3_mba_presence,MBA Presence,5,872,1272.0,0
shap_feature_selection_extratrees_p1_20260529_182607,P3_mba_presence,MBA Presence,5,873,1273.0,0
shap_feature_selection_extratrees_p1_20260529_182607,P3_mba_presence,MBA Presence,5,874,1274.0,0
shap_feature_selection_extratrees_p1_20260529_182607,P3_mba_presence,MBA Presence,5,875,1275.0,0
shap_feature_selection_extratrees_p1_20260529_182607,P3_mba_presence,MBA Presence,5,876,1276.0,0
shap_feature_selection_extratrees_p1_20260529_182607,P3_mba_presence,MBA Presence,5,877,1277.0,0
shap_feature_selection_extratrees_p1_20260529_182607,P3_mba_presence,MBA Presence,5,878,1278.0,0
shap_feature_selection_extratrees_p1_20260529_182607,P3_mba_presence,MBA Presence,5,879,1279.0,0
shap_feature_selection_extratrees_p1_20260529_182607,P3_mba_presence,MBA Presence,5,880,1280.0,0
shap_feature_selection_extratrees_p1_20260529_182607,P3_mba_presence,MBA Presence,5,881,1281.0,0
shap_feature_selection_extratrees_p1_20260529_182607,P3_mba_presence,MBA Presence,5,882,1282.0,0
shap_feature_selection_extratrees_p1_20260529_182607,P3_mba_presence,MBA Presence,5,883,1283.0,0
shap_feature_selection_extratrees_p1_20260529_182607,P3_mba_presence,MBA Presence,5,884,1284.0,0
shap_feature_selection_extratrees_p1_20260529_182607,P3_mba_presence,MBA Presence,5,885,1285.0,0
shap_feature_selection_extratrees_p1_20260529_182607,P3_mba_presence,MBA Presence,5,886,1286.0,0
shap_feature_selection_extratrees_p1_20260529_182607,P3_mba_presence,MBA Presence,5,887,1287.0,0
shap_feature_selection_extratrees_p1_20260529_182607,P3_mba_presence,MBA Presence,5,888,1288.0,0
shap_feature_selection_extratrees_p1_20260529_182607,P3_mba_presence,MBA Presence,5,889,1289.0,0
shap_feature_selection_extratrees_p1_20260529_182607,P3_mba_presence,MBA Presence,5,890,1290.0,0
shap_feature_selection_extratrees_p1_20260529_182607,P3_mba_presence,MBA Presence,5,891,1291.0,0
shap_feature_selection_extratrees_p1_20260529_182607,P3_mba_presence,MBA Presence,5,892,1292.0,0
shap_feature_selection_extratrees_p1_20260529_182607,P3_mba_presence,MBA Presence,5,893,1293.0,0
shap_feature_selection_extratrees_p1_20260529_182607,P3_mba_presence,MBA Presence,5,894,1294.0,0
shap_feature_selection_extratrees_p1_20260529_182607,P3_mba_presence,MBA Presence,5,895,1295.0,0
shap_feature_selection_extratrees_p1_20260529_182607,P3_mba_presence,MBA Presence,5,896,1296.0,0
shap_feature_selection_extratrees_p1_20260529_182607,P3_mba_presence,MBA Presence,5,897,1297.0,0
shap_feature_selection_extratrees_p1_20260529_182607,P3_mba_presence,MBA Presence,5,898,1298.0,0
shap_feature_selection_extratrees_p1_20260529_182607,P3_mba_presence,MBA Presence,5,899,1299.0,0
shap_feature_selection_extratrees_p1_20260529_182607,P3_mba_presence,MBA Presence,5,900,1300.0,0
shap_feature_selection_extratrees_p1_20260529_182607,P3_mba_presence,MBA Presence,5,901,1301.0,0
shap_feature_selection_extratrees_p1_20260529_182607,P3_mba_presence,MBA Presence,5,902,1302.0,0
shap_feature_selection_extratrees_p1_20260529_182607,P3_mba_presence,MBA Presence,5,903,1303.0,0
shap_feature_selection_extratrees_p1_20260529_182607,P3_mba_presence,MBA Presence,5,904,1304.0,0
shap_feature_selection_extratrees_p1_20260529_182607,P3_mba_presence,MBA Presence,5,905,1305.0,0
shap_feature_selection_extratrees_p1_20260529_182607,P3_mba_presence,MBA Presence,5,906,1306.0,0
shap_feature_selection_extratrees_p1_20260529_182607,P3_mba_presence,MBA Presence,5,907,1307.0,0
shap_feature_selection_extratrees_p1_20260529_182607,P3_mba_presence,MBA Presence,5,908,1308.0,0
shap_feature_selection_extratrees_p1_20260529_182607,P3_mba_presence,MBA Presence,5,909,1309.0,0
shap_feature_selection_extratrees_p1_20260529_182607,P3_mba_presence,MBA Presence,5,910,1310.0,0
shap_feature_selection_extratrees_p1_20260529_182607,P3_mba_presence,MBA Presence,5,911,1311.0,0
shap_feature_selection_extratrees_p1_20260529_182607,P3_mba_presence,MBA Presence,5,912,1312.0,0
shap_feature_selection_extratrees_p1_20260529_182607,P3_mba_presence,MBA Presence,5,913,1313.0,0
shap_feature_selection_extratrees_p1_20260529_182607,P3_mba_presence,MBA Presence,5,914,1314.0,0
shap_feature_selection_extratrees_p1_20260529_182607,P3_mba_presence,MBA Presence,5,915,1315.0,0
shap_feature_selection_extratrees_p1_20260529_182607,P3_mba_presence,MBA Presence,5,916,1316.0,0
shap_feature_selection_extratrees_p1_20260529_182607,P3_mba_presence,MBA Presence,5,917,1317.0,0
shap_feature_selection_extratrees_p1_20260529_182607,P3_mba_presence,MBA Presence,5,918,1318.0,0
shap_feature_selection_extratrees_p1_20260529_182607,P3_mba_presence,MBA Presence,5,919,1319.0,0
shap_feature_selection_extratrees_p1_20260529_182607,P3_mba_presence,MBA Presence,5,920,1320.0,0
shap_feature_selection_extratrees_p1_20260529_182607,P3_mba_presence,MBA Presence,5,921,1321.0,0
shap_feature_selection_extratrees_p1_20260529_182607,P3_mba_presence,MBA Presence,5,922,1322.0,0
shap_feature_selection_extratrees_p1_20260529_182607,P3_mba_presence,MBA Presence,5,923,1323.0,0
shap_feature_selection_extratrees_p1_20260529_182607,P3_mba_presence,MBA Presence,5,924,1324.0,0
shap_feature_selection_extratrees_p1_20260529_182607,P3_mba_presence,MBA Presence,5,925,1325.0,0
shap_feature_selection_extratrees_p1_20260529_182607,P3_mba_presence,MBA Presence,5,926,1326.0,0
shap_feature_selection_extratrees_p1_20260529_182607,P3_mba_presence,MBA Presence,5,927,1327.0,0
shap_feature_selection_extratrees_p1_20260529_182607,P3_mba_presence,MBA Presence,5,928,1328.0,0
shap_feature_selection_extratrees_p1_20260529_182607,P3_mba_presence,MBA Presence,5,929,1329.0,0
shap_feature_selection_extratrees_p1_20260529_182607,P3_mba_presence,MBA Presence,5,930,1330.0,0
shap_feature_selection_extratrees_p1_20260529_182607,P3_mba_presence,MBA Presence,5,931,1331.0,0
shap_feature_selection_extratrees_p1_20260529_182607,P3_mba_presence,MBA Presence,5,932,1332.0,0
shap_feature_selection_extratrees_p1_20260529_182607,P3_mba_presence,MBA Presence,5,933,1333.0,0
shap_feature_selection_extratrees_p1_20260529_182607,P3_mba_presence,MBA Presence,5,934,1334.0,0
shap_feature_selection_extratrees_p1_20260529_182607,P3_mba_presence,MBA Presence,5,935,1335.0,0
shap_feature_selection_extratrees_p1_20260529_182607,P3_mba_presence,MBA Presence,5,936,1336.0,0
shap_feature_selection_extratrees_p1_20260529_182607,P3_mba_presence,MBA Presence,5,937,1337.0,0
shap_feature_selection_extratrees_p1_20260529_182607,P3_mba_presence,MBA Presence,5,938,1338.0,0
shap_feature_selection_extratrees_p1_20260529_182607,P3_mba_presence,MBA Presence,5,939,1339.0,0
shap_feature_selection_extratrees_p1_20260529_182607,P3_mba_presence,MBA Presence,5,940,1340.0,0
shap_feature_selection_extratrees_p1_20260529_182607,P3_mba_presence,MBA Presence,5,941,1341.0,0
shap_feature_selection_extratrees_p1_20260529_182607,P3_mba_presence,MBA Presence,5,942,1342.0,0
shap_feature_selection_extratrees_p1_20260529_182607,P3_mba_presence,MBA Presence,5,943,1343.0,0
shap_feature_selection_extratrees_p1_20260529_182607,P3_mba_presence,MBA Presence,5,944,1344.0,0
shap_feature_selection_extratrees_p1_20260529_182607,P3_mba_presence,MBA Presence,5,945,1345.0,0
shap_feature_selection_extratrees_p1_20260529_182607,P3_mba_presence,MBA Presence,5,946,1346.0,0
shap_feature_selection_extratrees_p1_20260529_182607,P3_mba_presence,MBA Presence,5,947,1347.0,0
shap_feature_selection_extratrees_p1_20260529_182607,P3_mba_presence,MBA Presence,5,948,1348.0,0
shap_feature_selection_extratrees_p1_20260529_182607,P3_mba_presence,MBA Presence,5,949,1349.0,0
shap_feature_selection_extratrees_p1_20260529_182607,P3_mba_presence,MBA Presence,5,950,1350.0,0
shap_feature_selection_extratrees_p1_20260529_182607,P3_mba_presence,MBA Presence,5,951,1351.0,0
shap_feature_selection_extratrees_p1_20260529_182607,P3_mba_presence,MBA Presence,5,952,1352.0,0
shap_feature_selection_extratrees_p1_20260529_182607,P3_mba_presence,MBA Presence,5,953,1353.0,0
shap_feature_selection_extratrees_p1_20260529_182607,P3_mba_presence,MBA Presence,5,954,1354.0,0
shap_feature_selection_extratrees_p1_20260529_182607,P3_mba_presence,MBA Presence,5,955,1355.0,0
shap_feature_selection_extratrees_p1_20260529_182607,P3_mba_presence,MBA Presence,5,956,1356.0,0
shap_feature_selection_extratrees_p1_20260529_182607,P3_mba_presence,MBA Presence,5,957,1357.0,0
shap_feature_selection_extratrees_p1_20260529_182607,P3_mba_presence,MBA Presence,5,958,1358.0,0
shap_feature_selection_extratrees_p1_20260529_182607,P3_mba_presence,MBA Presence,5,959,1359.0,0
shap_feature_selection_extratrees_p1_20260529_182607,P3_mba_presence,MBA Presence,5,960,1360.0,0
shap_feature_selection_extratrees_p1_20260529_182607,P3_mba_presence,MBA Presence,5,961,1361.0,0
shap_feature_selection_extratrees_p1_20260529_182607,P3_mba_presence,MBA Presence,5,962,1362.0,0
shap_feature_selection_extratrees_p1_20260529_182607,P3_mba_presence,MBA Presence,5,963,1363.0,0
shap_feature_selection_extratrees_p1_20260529_182607,P3_mba_presence,MBA Presence,5,964,1364.0,0
shap_feature_selection_extratrees_p1_20260529_182607,P3_mba_presence,MBA Presence,5,965,1365.0,0
shap_feature_selection_extratrees_p1_20260529_182607,P3_mba_presence,MBA Presence,5,966,1366.0,0
shap_feature_selection_extratrees_p1_20260529_182607,P3_mba_presence,MBA Presence,5,967,1367.0,0
shap_feature_selection_extratrees_p1_20260529_182607,P3_mba_presence,MBA Presence,5,968,1368.0,0
shap_feature_selection_extratrees_p1_20260529_182607,P3_mba_presence,MBA Presence,5,969,1369.0,0
shap_feature_selection_extratrees_p1_20260529_182607,P3_mba_presence,MBA Presence,5,970,1370.0,0
shap_feature_selection_extratrees_p1_20260529_182607,P3_mba_presence,MBA Presence,5,971,1371.0,0
shap_feature_selection_extratrees_p1_20260529_182607,P3_mba_presence,MBA Presence,5,972,1372.0,0
shap_feature_selection_extratrees_p1_20260529_182607,P3_mba_presence,MBA Presence,5,973,1373.0,0
shap_feature_selection_extratrees_p1_20260529_182607,P3_mba_presence,MBA Presence,5,974,1374.0,0
shap_feature_selection_extratrees_p1_20260529_182607,P3_mba_presence,MBA Presence,5,975,1375.0,0
shap_feature_selection_extratrees_p1_20260529_182607,P3_mba_presence,MBA Presence,5,976,1376.0,0
shap_feature_selection_extratrees_p1_20260529_182607,P3_mba_presence,MBA Presence,5,977,1377.0,0
shap_feature_selection_extratrees_p1_20260529_182607,P3_mba_presence,MBA Presence,5,978,1378.0,0
shap_feature_selection_extratrees_p1_20260529_182607,P3_mba_presence,MBA Presence,5,979,1379.0,0
shap_feature_selection_extratrees_p1_20260529_182607,P3_mba_presence,MBA Presence,5,980,1380.0,0
shap_feature_selection_extratrees_p1_20260529_182607,P3_mba_presence,MBA Presence,5,981,1381.0,0
shap_feature_selection_extratrees_p1_20260529_182607,P3_mba_presence,MBA Presence,5,982,1382.0,0
shap_feature_selection_extratrees_p1_20260529_182607,P3_mba_presence,MBA Presence,5,983,1383.0,0
shap_feature_selection_extratrees_p1_20260529_182607,P3_mba_presence,MBA Presence,5,984,1384.0,0
shap_feature_selection_extratrees_p1_20260529_182607,P3_mba_presence,MBA Presence,5,985,1385.0,0
shap_feature_selection_extratrees_p1_20260529_182607,P3_mba_presence,MBA Presence,5,986,1386.0,0
shap_feature_selection_extratrees_p1_20260529_182607,P3_mba_presence,MBA Presence,5,987,1387.0,0
shap_feature_selection_extratrees_p1_20260529_182607,P3_mba_presence,MBA Presence,5,988,1388.0,0
shap_feature_selection_extratrees_p1_20260529_182607,P3_mba_presence,MBA Presence,5,989,1389.0,0
shap_feature_selection_extratrees_p1_20260529_182607,P3_mba_presence,MBA Presence,5,990,1390.0,0
shap_feature_selection_extratrees_p1_20260529_182607,P3_mba_presence,MBA Presence,5,991,1391.0,0
shap_feature_selection_extratrees_p1_20260529_182607,P3_mba_presence,MBA Presence,5,992,1392.0,0
shap_feature_selection_extratrees_p1_20260529_182607,P3_mba_presence,MBA Presence,5,993,1393.0,0
shap_feature_selection_extratrees_p1_20260529_182607,P3_mba_presence,MBA Presence,5,994,1394.0,0
shap_feature_selection_extratrees_p1_20260529_182607,P3_mba_presence,MBA Presence,5,995,1395.0,0
shap_feature_selection_extratrees_p1_20260529_182607,P3_mba_presence,MBA Presence,5,996,1396.0,0
shap_feature_selection_extratrees_p1_20260529_182607,P3_mba_presence,MBA Presence,5,997,1397.0,0
shap_feature_selection_extratrees_p1_20260529_182607,P3_mba_presence,MBA Presence,5,998,1398.0,0
shap_feature_selection_extratrees_p1_20260529_182607,P3_mba_presence,MBA Presence,5,999,1399.0,0
shap_feature_selection_extratrees_p1_20260529_182607,P3_mba_presence,MBA Presence,5,1000,1400.0,0
shap_feature_selection_extratrees_p1_20260529_182607,P3_mba_presence,MBA Presence,5,1001,1401.0,0
shap_feature_selection_extratrees_p1_20260529_182607,P3_mba_presence,MBA Presence,5,1002,1402.0,0
shap_feature_selection_extratrees_p1_20260529_182607,P3_mba_presence,MBA Presence,5,1003,1403.0,0
shap_feature_selection_extratrees_p1_20260529_182607,P3_mba_presence,MBA Presence,5,1004,1404.0,0
shap_feature_selection_extratrees_p1_20260529_182607,P3_mba_presence,MBA Presence,5,1005,1405.0,0
shap_feature_selection_extratrees_p1_20260529_182607,P3_mba_presence,MBA Presence,5,1006,1406.0,0
shap_feature_selection_extratrees_p1_20260529_182607,P3_mba_presence,MBA Presence,5,1007,1407.0,0
shap_feature_selection_extratrees_p1_20260529_182607,P3_mba_presence,MBA Presence,5,1008,1408.0,0
shap_feature_selection_extratrees_p1_20260529_182607,P3_mba_presence,MBA Presence,5,1009,1409.0,0
shap_feature_selection_extratrees_p1_20260529_182607,P3_mba_presence,MBA Presence,5,1010,1410.0,0
shap_feature_selection_extratrees_p1_20260529_182607,P3_mba_presence,MBA Presence,5,1011,1411.0,0
shap_feature_selection_extratrees_p1_20260529_182607,P3_mba_presence,MBA Presence,5,1012,1412.0,0
shap_feature_selection_extratrees_p1_20260529_182607,P3_mba_presence,MBA Presence,5,1013,1413.0,0
shap_feature_selection_extratrees_p1_20260529_182607,P3_mba_presence,MBA Presence,5,1014,1414.0,0
shap_feature_selection_extratrees_p1_20260529_182607,P3_mba_presence,MBA Presence,5,1015,1415.0,0
shap_feature_selection_extratrees_p1_20260529_182607,P3_mba_presence,MBA Presence,5,1016,1416.0,0
shap_feature_selection_extratrees_p1_20260529_182607,P3_mba_presence,MBA Presence,5,1017,1417.0,0
shap_feature_selection_extratrees_p1_20260529_182607,P3_mba_presence,MBA Presence,5,1018,1418.0,0
shap_feature_selection_extratrees_p1_20260529_182607,P3_mba_presence,MBA Presence,5,1019,1419.0,0
shap_feature_selection_extratrees_p1_20260529_182607,P3_mba_presence,MBA Presence,5,1020,1420.0,0
shap_feature_selection_extratrees_p1_20260529_182607,P3_mba_presence,MBA Presence,5,1021,1421.0,0
shap_feature_selection_extratrees_p1_20260529_182607,P3_mba_presence,MBA Presence,5,1022,1422.0,0
shap_feature_selection_extratrees_p1_20260529_182607,P3_mba_presence,MBA Presence,5,1023,1423.0,0
shap_feature_selection_extratrees_p1_20260529_182607,P3_mba_presence,MBA Presence,5,1024,1424.0,0
shap_feature_selection_extratrees_p1_20260529_182607,P3_mba_presence,MBA Presence,5,1025,1425.0,0
shap_feature_selection_extratrees_p1_20260529_182607,P3_mba_presence,MBA Presence,5,1026,1426.0,0
shap_feature_selection_extratrees_p1_20260529_182607,P3_mba_presence,MBA Presence,5,1027,1427.0,0
shap_feature_selection_extratrees_p1_20260529_182607,P3_mba_presence,MBA Presence,5,1028,1428.0,0
shap_feature_selection_extratrees_p1_20260529_182607,P3_mba_presence,MBA Presence,5,1029,1429.0,0
shap_feature_selection_extratrees_p1_20260529_182607,P3_mba_presence,MBA Presence,5,1030,1430.0,0
shap_feature_selection_extratrees_p1_20260529_182607,P3_mba_presence,MBA Presence,5,1031,1431.0,0
shap_feature_selection_extratrees_p1_20260529_182607,P3_mba_presence,MBA Presence,5,1032,1432.0,0
shap_feature_selection_extratrees_p1_20260529_182607,P3_mba_presence,MBA Presence,5,1033,1433.0,0
shap_feature_selection_extratrees_p1_20260529_182607,P3_mba_presence,MBA Presence,5,1034,1434.0,0
shap_feature_selection_extratrees_p1_20260529_182607,P3_mba_presence,MBA Presence,5,1035,1435.0,0
shap_feature_selection_extratrees_p1_20260529_182607,P3_mba_presence,MBA Presence,5,1036,1436.0,0
shap_feature_selection_extratrees_p1_20260529_182607,P3_mba_presence,MBA Presence,5,1037,1437.0,0
shap_feature_selection_extratrees_p1_20260529_182607,P3_mba_presence,MBA Presence,5,1038,1438.0,0
shap_feature_selection_extratrees_p1_20260529_182607,P3_mba_presence,MBA Presence,5,1039,1439.0,0
shap_feature_selection_extratrees_p1_20260529_182607,P3_mba_presence,MBA Presence,5,1040,1440.0,0
shap_feature_selection_extratrees_p1_20260529_182607,P3_mba_presence,MBA Presence,5,1041,1441.0,0
shap_feature_selection_extratrees_p1_20260529_182607,P3_mba_presence,MBA Presence,5,1042,1442.0,0
shap_feature_selection_extratrees_p1_20260529_182607,P3_mba_presence,MBA Presence,5,1043,1443.0,0
shap_feature_selection_extratrees_p1_20260529_182607,P3_mba_presence,MBA Presence,5,1044,1444.0,0
shap_feature_selection_extratrees_p1_20260529_182607,P3_mba_presence,MBA Presence,5,1045,1445.0,0
shap_feature_selection_extratrees_p1_20260529_182607,P3_mba_presence,MBA Presence,5,1046,1446.0,0
shap_feature_selection_extratrees_p1_20260529_182607,P3_mba_presence,MBA Presence,5,1047,1447.0,0
shap_feature_selection_extratrees_p1_20260529_182607,P3_mba_presence,MBA Presence,5,1048,1448.0,0
shap_feature_selection_extratrees_p1_20260529_182607,P3_mba_presence,MBA Presence,5,1049,1449.0,0
shap_feature_selection_extratrees_p1_20260529_182607,P3_mba_presence,MBA Presence,5,1050,1450.0,0
shap_feature_selection_extratrees_p1_20260529_182607,P3_mba_presence,MBA Presence,5,1051,1451.0,0
shap_feature_selection_extratrees_p1_20260529_182607,P3_mba_presence,MBA Presence,5,1052,1452.0,0
shap_feature_selection_extratrees_p1_20260529_182607,P3_mba_presence,MBA Presence,5,1053,1453.0,0
shap_feature_selection_extratrees_p1_20260529_182607,P3_mba_presence,MBA Presence,5,1054,1454.0,0
shap_feature_selection_extratrees_p1_20260529_182607,P3_mba_presence,MBA Presence,5,1055,1455.0,0
shap_feature_selection_extratrees_p1_20260529_182607,P3_mba_presence,MBA Presence,5,1056,1456.0,0
shap_feature_selection_extratrees_p1_20260529_182607,P3_mba_presence,MBA Presence,5,1057,1457.0,0
shap_feature_selection_extratrees_p1_20260529_182607,P3_mba_presence,MBA Presence,5,1058,1458.0,0
shap_feature_selection_extratrees_p1_20260529_182607,P3_mba_presence,MBA Presence,5,1059,1459.0,0
shap_feature_selection_extratrees_p1_20260529_182607,P3_mba_presence,MBA Presence,5,1060,1460.0,0
shap_feature_selection_extratrees_p1_20260529_182607,P3_mba_presence,MBA Presence,5,1061,1461.0,0
shap_feature_selection_extratrees_p1_20260529_182607,P3_mba_presence,MBA Presence,5,1062,1462.0,0
shap_feature_selection_extratrees_p1_20260529_182607,P3_mba_presence,MBA Presence,5,1063,1463.0,0
shap_feature_selection_extratrees_p1_20260529_182607,P3_mba_presence,MBA Presence,5,1064,1464.0,0
shap_feature_selection_extratrees_p1_20260529_182607,P3_mba_presence,MBA Presence,5,1065,1465.0,0
shap_feature_selection_extratrees_p1_20260529_182607,P3_mba_presence,MBA Presence,5,1066,1466.0,0
shap_feature_selection_extratrees_p1_20260529_182607,P3_mba_presence,MBA Presence,5,1067,1467.0,0
shap_feature_selection_extratrees_p1_20260529_182607,P3_mba_presence,MBA Presence,5,1068,1468.0,0
shap_feature_selection_extratrees_p1_20260529_182607,P3_mba_presence,MBA Presence,5,1069,1469.0,0
shap_feature_selection_extratrees_p1_20260529_182607,P3_mba_presence,MBA Presence,5,1070,1470.0,0
shap_feature_selection_extratrees_p1_20260529_182607,P3_mba_presence,MBA Presence,5,1071,1471.0,0
shap_feature_selection_extratrees_p1_20260529_182607,P3_mba_presence,MBA Presence,5,1072,1472.0,0
shap_feature_selection_extratrees_p1_20260529_182607,P3_mba_presence,MBA Presence,5,1073,1473.0,0
shap_feature_selection_extratrees_p1_20260529_182607,P3_mba_presence,MBA Presence,5,1074,1474.0,0
shap_feature_selection_extratrees_p1_20260529_182607,P3_mba_presence,MBA Presence,5,1075,1475.0,0
shap_feature_selection_extratrees_p1_20260529_182607,P3_mba_presence,MBA Presence,5,1076,1476.0,0
shap_feature_selection_extratrees_p1_20260529_182607,P3_mba_presence,MBA Presence,5,1077,1477.0,0
shap_feature_selection_extratrees_p1_20260529_182607,P3_mba_presence,MBA Presence,5,1078,1478.0,0
shap_feature_selection_extratrees_p1_20260529_182607,P3_mba_presence,MBA Presence,5,1079,1479.0,0
shap_feature_selection_extratrees_p1_20260529_182607,P3_mba_presence,MBA Presence,5,1080,1480.0,0
shap_feature_selection_extratrees_p1_20260529_182607,P3_mba_presence,MBA Presence,5,1081,1481.0,0
shap_feature_selection_extratrees_p1_20260529_182607,P3_mba_presence,MBA Presence,5,1082,1482.0,0
shap_feature_selection_extratrees_p1_20260529_182607,P3_mba_presence,MBA Presence,5,1083,1483.0,0
shap_feature_selection_extratrees_p1_20260529_182607,P3_mba_presence,MBA Presence,5,1084,1484.0,0
shap_feature_selection_extratrees_p1_20260529_182607,P3_mba_presence,MBA Presence,5,1085,1485.0,0
shap_feature_selection_extratrees_p1_20260529_182607,P3_mba_presence,MBA Presence,5,1086,1486.0,0
shap_feature_selection_extratrees_p1_20260529_182607,P3_mba_presence,MBA Presence,5,1087,1487.0,0
shap_feature_selection_extratrees_p1_20260529_182607,P3_mba_presence,MBA Presence,5,1088,1488.0,0
shap_feature_selection_extratrees_p1_20260529_182607,P3_mba_presence,MBA Presence,5,1089,1489.0,0
shap_feature_selection_extratrees_p1_20260529_182607,P3_mba_presence,MBA Presence,5,1090,1490.0,0
shap_feature_selection_extratrees_p1_20260529_182607,P3_mba_presence,MBA Presence,5,1091,1491.0,0
shap_feature_selection_extratrees_p1_20260529_182607,P3_mba_presence,MBA Presence,5,1092,1492.0,0
shap_feature_selection_extratrees_p1_20260529_182607,P3_mba_presence,MBA Presence,5,1093,1493.0,0
shap_feature_selection_extratrees_p1_20260529_182607,P3_mba_presence,MBA Presence,5,1094,1494.0,0
shap_feature_selection_extratrees_p1_20260529_182607,P3_mba_presence,MBA Presence,5,1095,1495.0,0
shap_feature_selection_extratrees_p1_20260529_182607,P3_mba_presence,MBA Presence,5,1096,1496.0,0
shap_feature_selection_extratrees_p1_20260529_182607,P3_mba_presence,MBA Presence,5,1097,1497.0,0
shap_feature_selection_extratrees_p1_20260529_182607,P3_mba_presence,MBA Presence,5,1098,1498.0,0
shap_feature_selection_extratrees_p1_20260529_182607,P3_mba_presence,MBA Presence,5,1099,1499.0,0
shap_feature_selection_extratrees_p1_20260529_182607,P3_mba_presence,MBA Presence,5,1100,1500.0,0
shap_feature_selection_extratrees_p1_20260529_182607,P3_mba_presence,MBA Presence,5,1101,1501.0,0
shap_feature_selection_extratrees_p1_20260529_182607,P3_mba_presence,MBA Presence,5,1102,1502.0,0
shap_feature_selection_extratrees_p1_20260529_182607,P3_mba_presence,MBA Presence,5,1103,1503.0,0
shap_feature_selection_extratrees_p1_20260529_182607,P3_mba_presence,MBA Presence,5,1104,1504.0,0
shap_feature_selection_extratrees_p1_20260529_182607,P3_mba_presence,MBA Presence,5,1105,1505.0,0
shap_feature_selection_extratrees_p1_20260529_182607,P3_mba_presence,MBA Presence,5,1106,1506.0,0
shap_feature_selection_extratrees_p1_20260529_182607,P3_mba_presence,MBA Presence,5,1107,1507.0,0
shap_feature_selection_extratrees_p1_20260529_182607,P3_mba_presence,MBA Presence,5,1108,1508.0,0
shap_feature_selection_extratrees_p1_20260529_182607,P3_mba_presence,MBA Presence,5,1109,1509.0,0
shap_feature_selection_extratrees_p1_20260529_182607,P3_mba_presence,MBA Presence,5,1110,1510.0,0
shap_feature_selection_extratrees_p1_20260529_182607,P3_mba_presence,MBA Presence,5,1111,1511.0,0
shap_feature_selection_extratrees_p1_20260529_182607,P3_mba_presence,MBA Presence,5,1112,1512.0,0
shap_feature_selection_extratrees_p1_20260529_182607,P3_mba_presence,MBA Presence,5,1113,1513.0,0
shap_feature_selection_extratrees_p1_20260529_182607,P3_mba_presence,MBA Presence,5,1114,1514.0,0
shap_feature_selection_extratrees_p1_20260529_182607,P3_mba_presence,MBA Presence,5,1115,1515.0,0
shap_feature_selection_extratrees_p1_20260529_182607,P3_mba_presence,MBA Presence,5,1116,1516.0,0
shap_feature_selection_extratrees_p1_20260529_182607,P3_mba_presence,MBA Presence,5,1117,1517.0,0
shap_feature_selection_extratrees_p1_20260529_182607,P3_mba_presence,MBA Presence,5,1118,1518.0,0
shap_feature_selection_extratrees_p1_20260529_182607,P3_mba_presence,MBA Presence,5,1119,1519.0,0
shap_feature_selection_extratrees_p1_20260529_182607,P3_mba_presence,MBA Presence,5,1120,1520.0,0
shap_feature_selection_extratrees_p1_20260529_182607,P3_mba_presence,MBA Presence,5,1121,1521.0,0
shap_feature_selection_extratrees_p1_20260529_182607,P3_mba_presence,MBA Presence,5,1122,1522.0,0
shap_feature_selection_extratrees_p1_20260529_182607,P3_mba_presence,MBA Presence,5,1123,1523.0,0
shap_feature_selection_extratrees_p1_20260529_182607,P3_mba_presence,MBA Presence,5,1124,1524.0,0
shap_feature_selection_extratrees_p1_20260529_182607,P3_mba_presence,MBA Presence,5,1125,1525.0,0
shap_feature_selection_extratrees_p1_20260529_182607,P3_mba_presence,MBA Presence,5,1126,1526.0,0
shap_feature_selection_extratrees_p1_20260529_182607,P3_mba_presence,MBA Presence,5,1127,1527.0,0
shap_feature_selection_extratrees_p1_20260529_182607,P3_mba_presence,MBA Presence,5,1128,1528.0,0
shap_feature_selection_extratrees_p1_20260529_182607,P3_mba_presence,MBA Presence,5,1129,1529.0,0
shap_feature_selection_extratrees_p1_20260529_182607,P3_mba_presence,MBA Presence,5,1130,1530.0,0
shap_feature_selection_extratrees_p1_20260529_182607,P3_mba_presence,MBA Presence,5,1131,1531.0,0
shap_feature_selection_extratrees_p1_20260529_182607,P3_mba_presence,MBA Presence,5,1132,1532.0,0
shap_feature_selection_extratrees_p1_20260529_182607,P3_mba_presence,MBA Presence,5,1133,1533.0,0
shap_feature_selection_extratrees_p1_20260529_182607,P3_mba_presence,MBA Presence,5,1134,1534.0,0
shap_feature_selection_extratrees_p1_20260529_182607,P3_mba_presence,MBA Presence,5,1135,1535.0,0
shap_feature_selection_extratrees_p1_20260529_182607,P3_mba_presence,MBA Presence,5,1136,1536.0,0
shap_feature_selection_extratrees_p1_20260529_182607,P3_mba_presence,MBA Presence,5,1137,1537.0,0
shap_feature_selection_extratrees_p1_20260529_182607,P3_mba_presence,MBA Presence,5,1138,1538.0,0
shap_feature_selection_extratrees_p1_20260529_182607,P3_mba_presence,MBA Presence,5,1139,1539.0,0
shap_feature_selection_extratrees_p1_20260529_182607,P3_mba_presence,MBA Presence,5,1140,1540.0,0
shap_feature_selection_extratrees_p1_20260529_182607,P3_mba_presence,MBA Presence,5,1141,1541.0,0
shap_feature_selection_extratrees_p1_20260529_182607,P3_mba_presence,MBA Presence,5,1142,1542.0,0
shap_feature_selection_extratrees_p1_20260529_182607,P3_mba_presence,MBA Presence,5,1143,1543.0,0
shap_feature_selection_extratrees_p1_20260529_182607,P3_mba_presence,MBA Presence,5,1144,1544.0,0
shap_feature_selection_extratrees_p1_20260529_182607,P3_mba_presence,MBA Presence,5,1145,1545.0,0
shap_feature_selection_extratrees_p1_20260529_182607,P3_mba_presence,MBA Presence,5,1146,1546.0,0
shap_feature_selection_extratrees_p1_20260529_182607,P3_mba_presence,MBA Presence,5,1147,1547.0,0
shap_feature_selection_extratrees_p1_20260529_182607,P3_mba_presence,MBA Presence,5,1148,1548.0,0
shap_feature_selection_extratrees_p1_20260529_182607,P3_mba_presence,MBA Presence,5,1149,1549.0,0
shap_feature_selection_extratrees_p1_20260529_182607,P3_mba_presence,MBA Presence,5,1150,1550.0,0
shap_feature_selection_extratrees_p1_20260529_182607,P3_mba_presence,MBA Presence,5,1151,1551.0,0
shap_feature_selection_extratrees_p1_20260529_182607,P3_mba_presence,MBA Presence,5,1152,1552.0,0
shap_feature_selection_extratrees_p1_20260529_182607,P3_mba_presence,MBA Presence,5,1153,1553.0,0
shap_feature_selection_extratrees_p1_20260529_182607,P3_mba_presence,MBA Presence,5,1154,1554.0,0
shap_feature_selection_extratrees_p1_20260529_182607,P3_mba_presence,MBA Presence,5,1155,1555.0,0
shap_feature_selection_extratrees_p1_20260529_182607,P3_mba_presence,MBA Presence,5,1156,1556.0,0
shap_feature_selection_extratrees_p1_20260529_182607,P3_mba_presence,MBA Presence,5,1157,1557.0,0
shap_feature_selection_extratrees_p1_20260529_182607,P3_mba_presence,MBA Presence,5,1158,1558.0,0
shap_feature_selection_extratrees_p1_20260529_182607,P3_mba_presence,MBA Presence,5,1159,1559.0,0
shap_feature_selection_extratrees_p1_20260529_182607,P3_mba_presence,MBA Presence,5,1160,1560.0,0
shap_feature_selection_extratrees_p1_20260529_182607,P3_mba_presence,MBA Presence,5,1161,1561.0,0
shap_feature_selection_extratrees_p1_20260529_182607,P3_mba_presence,MBA Presence,5,1162,1562.0,0
shap_feature_selection_extratrees_p1_20260529_182607,P3_mba_presence,MBA Presence,5,1163,1563.0,0
shap_feature_selection_extratrees_p1_20260529_182607,P3_mba_presence,MBA Presence,5,1164,1564.0,1
shap_feature_selection_extratrees_p1_20260529_182607,P3_mba_presence,MBA Presence,5,1165,1565.0,1
shap_feature_selection_extratrees_p1_20260529_182607,P3_mba_presence,MBA Presence,5,1166,1566.0,1
shap_feature_selection_extratrees_p1_20260529_182607,P3_mba_presence,MBA Presence,5,1167,1567.0,1
shap_feature_selection_extratrees_p1_20260529_182607,P3_mba_presence,MBA Presence,5,1168,1568.0,1
shap_feature_selection_extratrees_p1_20260529_182607,P3_mba_presence,MBA Presence,5,1169,1569.0,1
shap_feature_selection_extratrees_p1_20260529_182607,P3_mba_presence,MBA Presence,5,1170,1570.0,1
shap_feature_selection_extratrees_p1_20260529_182607,P3_mba_presence,MBA Presence,5,1171,1571.0,1
shap_feature_selection_extratrees_p1_20260529_182607,P3_mba_presence,MBA Presence,5,1172,1572.0,1
shap_feature_selection_extratrees_p1_20260529_182607,P3_mba_presence,MBA Presence,5,1173,1573.0,1
shap_feature_selection_extratrees_p1_20260529_182607,P3_mba_presence,MBA Presence,5,1174,1574.0,1
shap_feature_selection_extratrees_p1_20260529_182607,P3_mba_presence,MBA Presence,5,1175,1575.0,1
shap_feature_selection_extratrees_p1_20260529_182607,P3_mba_presence,MBA Presence,5,1176,1576.0,1
shap_feature_selection_extratrees_p1_20260529_182607,P3_mba_presence,MBA Presence,5,1177,1577.0,1
shap_feature_selection_extratrees_p1_20260529_182607,P3_mba_presence,MBA Presence,5,1178,1578.0,1
shap_feature_selection_extratrees_p1_20260529_182607,P3_mba_presence,MBA Presence,5,1179,1579.0,1
shap_feature_selection_extratrees_p1_20260529_182607,P3_mba_presence,MBA Presence,5,1180,1580.0,1
shap_feature_selection_extratrees_p1_20260529_182607,P3_mba_presence,MBA Presence,5,1181,1581.0,1
shap_feature_selection_extratrees_p1_20260529_182607,P3_mba_presence,MBA Presence,5,1182,1582.0,1
shap_feature_selection_extratrees_p1_20260529_182607,P3_mba_presence,MBA Presence,5,1183,1583.0,1
shap_feature_selection_extratrees_p1_20260529_182607,P3_mba_presence,MBA Presence,5,1184,1584.0,1
shap_feature_selection_extratrees_p1_20260529_182607,P3_mba_presence,MBA Presence,5,1185,1585.0,1
shap_feature_selection_extratrees_p1_20260529_182607,P3_mba_presence,MBA Presence,5,1186,1586.0,0
shap_feature_selection_extratrees_p1_20260529_182607,P3_mba_presence,MBA Presence,5,1187,1587.0,0
shap_feature_selection_extratrees_p1_20260529_182607,P3_mba_presence,MBA Presence,5,1188,1588.0,0
shap_feature_selection_extratrees_p1_20260529_182607,P3_mba_presence,MBA Presence,5,1189,1589.0,0
shap_feature_selection_extratrees_p1_20260529_182607,P3_mba_presence,MBA Presence,5,1190,1590.0,0
shap_feature_selection_extratrees_p1_20260529_182607,P3_mba_presence,MBA Presence,5,1191,1591.0,0
shap_feature_selection_extratrees_p1_20260529_182607,P3_mba_presence,MBA Presence,5,1192,1592.0,0
shap_feature_selection_extratrees_p1_20260529_182607,P3_mba_presence,MBA Presence,5,1193,1593.0,0
shap_feature_selection_extratrees_p1_20260529_182607,P3_mba_presence,MBA Presence,5,1194,1594.0,0
shap_feature_selection_extratrees_p1_20260529_182607,P3_mba_presence,MBA Presence,5,1195,1595.0,0
shap_feature_selection_extratrees_p1_20260529_182607,P3_mba_presence,MBA Presence,5,1196,1596.0,0
shap_feature_selection_extratrees_p1_20260529_182607,P3_mba_presence,MBA Presence,5,1197,1597.0,0
shap_feature_selection_extratrees_p1_20260529_182607,P3_mba_presence,MBA Presence,5,1198,1598.0,0
shap_feature_selection_extratrees_p1_20260529_182607,P3_mba_presence,MBA Presence,5,1199,1599.0,0
shap_feature_selection_extratrees_p1_20260529_182607,P3_mba_presence,MBA Presence,5,1200,1600.0,0
shap_feature_selection_extratrees_p1_20260529_182607,P3_mba_presence,MBA Presence,5,1201,1601.0,0
shap_feature_selection_extratrees_p1_20260529_182607,P3_mba_presence,MBA Presence,5,1202,1602.0,0
shap_feature_selection_extratrees_p1_20260529_182607,P3_mba_presence,MBA Presence,5,1203,1603.0,0
shap_feature_selection_extratrees_p1_20260529_182607,P3_mba_presence,MBA Presence,5,1204,1604.0,0
shap_feature_selection_extratrees_p1_20260529_182607,P3_mba_presence,MBA Presence,5,1205,1605.0,0
shap_feature_selection_extratrees_p1_20260529_182607,P3_mba_presence,MBA Presence,5,1206,1606.0,0
shap_feature_selection_extratrees_p1_20260529_182607,P3_mba_presence,MBA Presence,5,1207,1607.0,0
shap_feature_selection_extratrees_p1_20260529_182607,P3_mba_presence,MBA Presence,5,1208,1608.0,0
shap_feature_selection_extratrees_p1_20260529_182607,P3_mba_presence,MBA Presence,5,1209,1609.0,0
shap_feature_selection_extratrees_p1_20260529_182607,P3_mba_presence,MBA Presence,5,1210,1610.0,0
shap_feature_selection_extratrees_p1_20260529_182607,P3_mba_presence,MBA Presence,5,1211,1611.0,0
shap_feature_selection_extratrees_p1_20260529_182607,P3_mba_presence,MBA Presence,5,1212,1612.0,0
shap_feature_selection_extratrees_p1_20260529_182607,P3_mba_presence,MBA Presence,5,1213,1613.0,0
shap_feature_selection_extratrees_p1_20260529_182607,P3_mba_presence,MBA Presence,5,1214,1614.0,0
shap_feature_selection_extratrees_p1_20260529_182607,P3_mba_presence,MBA Presence,5,1215,1615.0,0
shap_feature_selection_extratrees_p1_20260529_182607,P3_mba_presence,MBA Presence,5,1216,1616.0,0
shap_feature_selection_extratrees_p1_20260529_182607,P3_mba_presence,MBA Presence,5,1217,1617.0,0
shap_feature_selection_extratrees_p1_20260529_182607,P3_mba_presence,MBA Presence,5,1218,1618.0,0
shap_feature_selection_extratrees_p1_20260529_182607,P3_mba_presence,MBA Presence,5,1219,1619.0,0
shap_feature_selection_extratrees_p1_20260529_182607,P3_mba_presence,MBA Presence,5,1220,1620.0,0
shap_feature_selection_extratrees_p1_20260529_182607,P3_mba_presence,MBA Presence,5,1221,1621.0,0
shap_feature_selection_extratrees_p1_20260529_182607,P3_mba_presence,MBA Presence,5,1222,1622.0,0
shap_feature_selection_extratrees_p1_20260529_182607,P3_mba_presence,MBA Presence,5,1223,1623.0,0
shap_feature_selection_extratrees_p1_20260529_182607,P3_mba_presence,MBA Presence,5,1224,1624.0,0
shap_feature_selection_extratrees_p1_20260529_182607,P3_mba_presence,MBA Presence,5,1225,1625.0,0
shap_feature_selection_extratrees_p1_20260529_182607,P3_mba_presence,MBA Presence,5,1226,1626.0,0
shap_feature_selection_extratrees_p1_20260529_182607,P3_mba_presence,MBA Presence,5,1227,1627.0,0
shap_feature_selection_extratrees_p1_20260529_182607,P3_mba_presence,MBA Presence,5,1228,1628.0,0
shap_feature_selection_extratrees_p1_20260529_182607,P3_mba_presence,MBA Presence,5,1229,1629.0,0
shap_feature_selection_extratrees_p1_20260529_182607,P3_mba_presence,MBA Presence,5,1230,1630.0,0
shap_feature_selection_extratrees_p1_20260529_182607,P3_mba_presence,MBA Presence,5,1231,1631.0,0
shap_feature_selection_extratrees_p1_20260529_182607,P3_mba_presence,MBA Presence,5,1232,1632.0,0
shap_feature_selection_extratrees_p1_20260529_182607,P3_mba_presence,MBA Presence,5,1233,1633.0,0
shap_feature_selection_extratrees_p1_20260529_182607,P3_mba_presence,MBA Presence,5,1234,1634.0,0
shap_feature_selection_extratrees_p1_20260529_182607,P3_mba_presence,MBA Presence,5,1235,1635.0,0
shap_feature_selection_extratrees_p1_20260529_182607,P3_mba_presence,MBA Presence,5,1236,1636.0,0
shap_feature_selection_extratrees_p1_20260529_182607,P3_mba_presence,MBA Presence,5,1237,1637.0,0
shap_feature_selection_extratrees_p1_20260529_182607,P3_mba_presence,MBA Presence,5,1238,1638.0,0
shap_feature_selection_extratrees_p1_20260529_182607,P3_mba_presence,MBA Presence,5,1239,1639.0,0
shap_feature_selection_extratrees_p1_20260529_182607,P3_mba_presence,MBA Presence,5,1240,1640.0,0
shap_feature_selection_extratrees_p1_20260529_182607,P3_mba_presence,MBA Presence,5,1241,1641.0,0
shap_feature_selection_extratrees_p1_20260529_182607,P3_mba_presence,MBA Presence,5,1242,1642.0,0
shap_feature_selection_extratrees_p1_20260529_182607,P3_mba_presence,MBA Presence,5,1243,1643.0,0
shap_feature_selection_extratrees_p1_20260529_182607,P3_mba_presence,MBA Presence,5,1244,1644.0,0
shap_feature_selection_extratrees_p1_20260529_182607,P3_mba_presence,MBA Presence,5,1245,1645.0,0
shap_feature_selection_extratrees_p1_20260529_182607,P3_mba_presence,MBA Presence,5,1246,1646.0,0
shap_feature_selection_extratrees_p1_20260529_182607,P3_mba_presence,MBA Presence,5,1247,1647.0,0
shap_feature_selection_extratrees_p1_20260529_182607,P3_mba_presence,MBA Presence,5,1248,1648.0,0
shap_feature_selection_extratrees_p1_20260529_182607,P3_mba_presence,MBA Presence,5,1249,1649.0,0
shap_feature_selection_extratrees_p1_20260529_182607,P3_mba_presence,MBA Presence,5,1250,1650.0,0
shap_feature_selection_extratrees_p1_20260529_182607,P3_mba_presence,MBA Presence,5,1251,1651.0,0
shap_feature_selection_extratrees_p1_20260529_182607,P3_mba_presence,MBA Presence,5,1252,1652.0,0
shap_feature_selection_extratrees_p1_20260529_182607,P3_mba_presence,MBA Presence,5,1253,1653.0,0
shap_feature_selection_extratrees_p1_20260529_182607,P3_mba_presence,MBA Presence,5,1254,1654.0,0
shap_feature_selection_extratrees_p1_20260529_182607,P3_mba_presence,MBA Presence,5,1255,1655.0,0
shap_feature_selection_extratrees_p1_20260529_182607,P3_mba_presence,MBA Presence,5,1256,1656.0,0
shap_feature_selection_extratrees_p1_20260529_182607,P3_mba_presence,MBA Presence,5,1257,1657.0,0
shap_feature_selection_extratrees_p1_20260529_182607,P3_mba_presence,MBA Presence,5,1258,1658.0,0
shap_feature_selection_extratrees_p1_20260529_182607,P3_mba_presence,MBA Presence,5,1259,1659.0,0
shap_feature_selection_extratrees_p1_20260529_182607,P3_mba_presence,MBA Presence,5,1260,1660.0,0
shap_feature_selection_extratrees_p1_20260529_182607,P3_mba_presence,MBA Presence,5,1261,1661.0,0
shap_feature_selection_extratrees_p1_20260529_182607,P3_mba_presence,MBA Presence,5,1262,1662.0,0
shap_feature_selection_extratrees_p1_20260529_182607,P3_mba_presence,MBA Presence,5,1263,1663.0,0
shap_feature_selection_extratrees_p1_20260529_182607,P3_mba_presence,MBA Presence,5,1264,1664.0,0
shap_feature_selection_extratrees_p1_20260529_182607,P3_mba_presence,MBA Presence,5,1265,1665.0,0
shap_feature_selection_extratrees_p1_20260529_182607,P3_mba_presence,MBA Presence,5,1266,1666.0,0
shap_feature_selection_extratrees_p1_20260529_182607,P3_mba_presence,MBA Presence,5,1267,1667.0,0
shap_feature_selection_extratrees_p1_20260529_182607,P3_mba_presence,MBA Presence,5,1268,1668.0,0
shap_feature_selection_extratrees_p1_20260529_182607,P3_mba_presence,MBA Presence,5,1269,1669.0,0
shap_feature_selection_extratrees_p1_20260529_182607,P3_mba_presence,MBA Presence,5,1270,1670.0,0
shap_feature_selection_extratrees_p1_20260529_182607,P3_mba_presence,MBA Presence,5,1271,1671.0,0
shap_feature_selection_extratrees_p1_20260529_182607,P3_mba_presence,MBA Presence,5,1272,1672.0,0
shap_feature_selection_extratrees_p1_20260529_182607,P3_mba_presence,MBA Presence,5,1273,1673.0,0
shap_feature_selection_extratrees_p1_20260529_182607,P3_mba_presence,MBA Presence,5,1274,1674.0,0
shap_feature_selection_extratrees_p1_20260529_182607,P3_mba_presence,MBA Presence,5,1275,1675.0,0
shap_feature_selection_extratrees_p1_20260529_182607,P3_mba_presence,MBA Presence,5,1276,1676.0,0
shap_feature_selection_extratrees_p1_20260529_182607,P3_mba_presence,MBA Presence,5,1277,1677.0,0
shap_feature_selection_extratrees_p1_20260529_182607,P3_mba_presence,MBA Presence,5,1278,1678.0,0
shap_feature_selection_extratrees_p1_20260529_182607,P3_mba_presence,MBA Presence,5,1279,1679.0,0
shap_feature_selection_extratrees_p1_20260529_182607,P3_mba_presence,MBA Presence,5,1280,1680.0,0
shap_feature_selection_extratrees_p1_20260529_182607,P3_mba_presence,MBA Presence,5,1281,1681.0,0
shap_feature_selection_extratrees_p1_20260529_182607,P3_mba_presence,MBA Presence,5,1282,1682.0,0
shap_feature_selection_extratrees_p1_20260529_182607,P3_mba_presence,MBA Presence,5,1283,1683.0,0
shap_feature_selection_extratrees_p1_20260529_182607,P3_mba_presence,MBA Presence,5,1284,1684.0,0
shap_feature_selection_extratrees_p1_20260529_182607,P3_mba_presence,MBA Presence,5,1285,1685.0,0
shap_feature_selection_extratrees_p1_20260529_182607,P3_mba_presence,MBA Presence,5,1286,1686.0,0
shap_feature_selection_extratrees_p1_20260529_182607,P3_mba_presence,MBA Presence,5,1287,1687.0,0
shap_feature_selection_extratrees_p1_20260529_182607,P3_mba_presence,MBA Presence,5,1288,1688.0,0
shap_feature_selection_extratrees_p1_20260529_182607,P3_mba_presence,MBA Presence,5,1289,1689.0,0
shap_feature_selection_extratrees_p1_20260529_182607,P3_mba_presence,MBA Presence,5,1290,1690.0,0
shap_feature_selection_extratrees_p1_20260529_182607,P3_mba_presence,MBA Presence,5,1291,1691.0,0
shap_feature_selection_extratrees_p1_20260529_182607,P3_mba_presence,MBA Presence,5,1292,1692.0,0
shap_feature_selection_extratrees_p1_20260529_182607,P3_mba_presence,MBA Presence,5,1293,1693.0,0
shap_feature_selection_extratrees_p1_20260529_182607,P3_mba_presence,MBA Presence,5,1294,1694.0,0
shap_feature_selection_extratrees_p1_20260529_182607,P3_mba_presence,MBA Presence,5,1295,1695.0,0
shap_feature_selection_extratrees_p1_20260529_182607,P3_mba_presence,MBA Presence,5,1296,1696.0,0
shap_feature_selection_extratrees_p1_20260529_182607,P3_mba_presence,MBA Presence,5,1297,1697.0,0
shap_feature_selection_extratrees_p1_20260529_182607,P3_mba_presence,MBA Presence,5,1298,1698.0,0
shap_feature_selection_extratrees_p1_20260529_182607,P3_mba_presence,MBA Presence,5,1299,1699.0,0
shap_feature_selection_extratrees_p1_20260529_182607,P3_mba_presence,MBA Presence,5,1300,1700.0,0
shap_feature_selection_extratrees_p1_20260529_182607,P3_mba_presence,MBA Presence,5,1301,1701.0,0
shap_feature_selection_extratrees_p1_20260529_182607,P3_mba_presence,MBA Presence,5,1302,1702.0,0
shap_feature_selection_extratrees_p1_20260529_182607,P3_mba_presence,MBA Presence,5,1303,1703.0,0
shap_feature_selection_extratrees_p1_20260529_182607,P3_mba_presence,MBA Presence,5,1304,1704.0,0
shap_feature_selection_extratrees_p1_20260529_182607,P3_mba_presence,MBA Presence,5,1305,1705.0,0
shap_feature_selection_extratrees_p1_20260529_182607,P3_mba_presence,MBA Presence,5,1306,1706.0,0
shap_feature_selection_extratrees_p1_20260529_182607,P3_mba_presence,MBA Presence,5,1307,1707.0,0
shap_feature_selection_extratrees_p1_20260529_182607,P3_mba_presence,MBA Presence,5,1308,1708.0,0
shap_feature_selection_extratrees_p1_20260529_182607,P3_mba_presence,MBA Presence,5,1309,1709.0,0
shap_feature_selection_extratrees_p1_20260529_182607,P3_mba_presence,MBA Presence,5,1310,1710.0,0
shap_feature_selection_extratrees_p1_20260529_182607,P3_mba_presence,MBA Presence,5,1311,1711.0,0
shap_feature_selection_extratrees_p1_20260529_182607,P3_mba_presence,MBA Presence,5,1312,1712.0,0
shap_feature_selection_extratrees_p1_20260529_182607,P3_mba_presence,MBA Presence,5,1313,1713.0,0
shap_feature_selection_extratrees_p1_20260529_182607,P3_mba_presence,MBA Presence,5,1314,1714.0,0
shap_feature_selection_extratrees_p1_20260529_182607,P3_mba_presence,MBA Presence,5,1315,1715.0,0
shap_feature_selection_extratrees_p1_20260529_182607,P3_mba_presence,MBA Presence,5,1316,1716.0,0
shap_feature_selection_extratrees_p1_20260529_182607,P3_mba_presence,MBA Presence,5,1317,1717.0,0
shap_feature_selection_extratrees_p1_20260529_182607,P3_mba_presence,MBA Presence,5,1318,1718.0,0
shap_feature_selection_extratrees_p1_20260529_182607,P3_mba_presence,MBA Presence,5,1319,1719.0,0
shap_feature_selection_extratrees_p1_20260529_182607,P3_mba_presence,MBA Presence,5,1320,1720.0,0
shap_feature_selection_extratrees_p1_20260529_182607,P3_mba_presence,MBA Presence,5,1321,1721.0,0
shap_feature_selection_extratrees_p1_20260529_182607,P3_mba_presence,MBA Presence,5,1322,1722.0,0
shap_feature_selection_extratrees_p1_20260529_182607,P3_mba_presence,MBA Presence,5,1323,1723.0,0
shap_feature_selection_extratrees_p1_20260529_182607,P3_mba_presence,MBA Presence,5,1324,1724.0,0
shap_feature_selection_extratrees_p1_20260529_182607,P3_mba_presence,MBA Presence,5,1325,1725.0,0
shap_feature_selection_extratrees_p1_20260529_182607,P3_mba_presence,MBA Presence,5,1326,1726.0,0
shap_feature_selection_extratrees_p1_20260529_182607,P3_mba_presence,MBA Presence,5,1327,1727.0,0
shap_feature_selection_extratrees_p1_20260529_182607,P3_mba_presence,MBA Presence,5,1328,1728.0,0
shap_feature_selection_extratrees_p1_20260529_182607,P3_mba_presence,MBA Presence,5,1329,1729.0,0
shap_feature_selection_extratrees_p1_20260529_182607,P3_mba_presence,MBA Presence,5,1330,1730.0,0
shap_feature_selection_extratrees_p1_20260529_182607,P3_mba_presence,MBA Presence,5,1331,1731.0,0
shap_feature_selection_extratrees_p1_20260529_182607,P3_mba_presence,MBA Presence,5,1332,1732.0,0
shap_feature_selection_extratrees_p1_20260529_182607,P3_mba_presence,MBA Presence,5,1333,1733.0,0
shap_feature_selection_extratrees_p1_20260529_182607,P3_mba_presence,MBA Presence,5,1334,1734.0,0
shap_feature_selection_extratrees_p1_20260529_182607,P3_mba_presence,MBA Presence,5,1335,1735.0,0
shap_feature_selection_extratrees_p1_20260529_182607,P3_mba_presence,MBA Presence,5,1336,1736.0,0
shap_feature_selection_extratrees_p1_20260529_182607,P3_mba_presence,MBA Presence,5,1337,1737.0,0
shap_feature_selection_extratrees_p1_20260529_182607,P3_mba_presence,MBA Presence,5,1338,1738.0,0
shap_feature_selection_extratrees_p1_20260529_182607,P3_mba_presence,MBA Presence,5,1339,1739.0,0
shap_feature_selection_extratrees_p1_20260529_182607,P3_mba_presence,MBA Presence,5,1340,1740.0,0
shap_feature_selection_extratrees_p1_20260529_182607,P3_mba_presence,MBA Presence,5,1341,1741.0,0
shap_feature_selection_extratrees_p1_20260529_182607,P3_mba_presence,MBA Presence,5,1342,1742.0,0
shap_feature_selection_extratrees_p1_20260529_182607,P3_mba_presence,MBA Presence,5,1343,1743.0,0
shap_feature_selection_extratrees_p1_20260529_182607,P3_mba_presence,MBA Presence,5,1344,1744.0,0
shap_feature_selection_extratrees_p1_20260529_182607,P3_mba_presence,MBA Presence,5,1345,1745.0,0
shap_feature_selection_extratrees_p1_20260529_182607,P3_mba_presence,MBA Presence,5,1346,1746.0,0
shap_feature_selection_extratrees_p1_20260529_182607,P3_mba_presence,MBA Presence,5,1347,1747.0,0
shap_feature_selection_extratrees_p1_20260529_182607,P3_mba_presence,MBA Presence,5,1348,1748.0,0
shap_feature_selection_extratrees_p1_20260529_182607,P3_mba_presence,MBA Presence,5,1349,1749.0,0
shap_feature_selection_extratrees_p1_20260529_182607,P3_mba_presence,MBA Presence,5,1350,1750.0,0
shap_feature_selection_extratrees_p1_20260529_182607,P3_mba_presence,MBA Presence,5,1351,1751.0,0
shap_feature_selection_extratrees_p1_20260529_182607,P3_mba_presence,MBA Presence,5,1352,1752.0,0
shap_feature_selection_extratrees_p1_20260529_182607,P3_mba_presence,MBA Presence,5,1353,1753.0,0
shap_feature_selection_extratrees_p1_20260529_182607,P3_mba_presence,MBA Presence,5,1354,1754.0,0
shap_feature_selection_extratrees_p1_20260529_182607,P3_mba_presence,MBA Presence,5,1355,1755.0,0
shap_feature_selection_extratrees_p1_20260529_182607,P3_mba_presence,MBA Presence,5,1356,1756.0,0
shap_feature_selection_extratrees_p1_20260529_182607,P3_mba_presence,MBA Presence,5,1357,1757.0,0
shap_feature_selection_extratrees_p1_20260529_182607,P3_mba_presence,MBA Presence,5,1358,1758.0,0
shap_feature_selection_extratrees_p1_20260529_182607,P3_mba_presence,MBA Presence,5,1359,1759.0,0
shap_feature_selection_extratrees_p1_20260529_182607,P3_mba_presence,MBA Presence,5,1360,1760.0,0
shap_feature_selection_extratrees_p1_20260529_182607,P3_mba_presence,MBA Presence,5,1361,1761.0,0
shap_feature_selection_extratrees_p1_20260529_182607,P3_mba_presence,MBA Presence,5,1362,1762.0,0
shap_feature_selection_extratrees_p1_20260529_182607,P3_mba_presence,MBA Presence,5,1363,1763.0,0
shap_feature_selection_extratrees_p1_20260529_182607,P3_mba_presence,MBA Presence,5,1364,1764.0,0
shap_feature_selection_extratrees_p1_20260529_182607,P3_mba_presence,MBA Presence,5,1365,1765.0,0
shap_feature_selection_extratrees_p1_20260529_182607,P3_mba_presence,MBA Presence,5,1366,1766.0,0
shap_feature_selection_extratrees_p1_20260529_182607,P3_mba_presence,MBA Presence,5,1367,1767.0,0
shap_feature_selection_extratrees_p1_20260529_182607,P3_mba_presence,MBA Presence,5,1368,1768.0,0
shap_feature_selection_extratrees_p1_20260529_182607,P3_mba_presence,MBA Presence,5,1369,1769.0,0
shap_feature_selection_extratrees_p1_20260529_182607,P3_mba_presence,MBA Presence,5,1370,1770.0,0
shap_feature_selection_extratrees_p1_20260529_182607,P3_mba_presence,MBA Presence,5,1371,1771.0,0
shap_feature_selection_extratrees_p1_20260529_182607,P3_mba_presence,MBA Presence,5,1372,1772.0,0
shap_feature_selection_extratrees_p1_20260529_182607,P3_mba_presence,MBA Presence,5,1373,1773.0,0
shap_feature_selection_extratrees_p1_20260529_182607,P3_mba_presence,MBA Presence,5,1374,1774.0,0
shap_feature_selection_extratrees_p1_20260529_182607,P3_mba_presence,MBA Presence,5,1375,1775.0,0
shap_feature_selection_extratrees_p1_20260529_182607,P3_mba_presence,MBA Presence,5,1376,1776.0,0
shap_feature_selection_extratrees_p1_20260529_182607,P3_mba_presence,MBA Presence,5,1377,1777.0,0
shap_feature_selection_extratrees_p1_20260529_182607,P3_mba_presence,MBA Presence,5,1378,1778.0,0
shap_feature_selection_extratrees_p1_20260529_182607,P3_mba_presence,MBA Presence,5,1379,1779.0,0
shap_feature_selection_extratrees_p1_20260529_182607,P3_mba_presence,MBA Presence,5,1380,1780.0,0
shap_feature_selection_extratrees_p1_20260529_182607,P3_mba_presence,MBA Presence,5,1381,1781.0,0
shap_feature_selection_extratrees_p1_20260529_182607,P3_mba_presence,MBA Presence,5,1382,1782.0,0
shap_feature_selection_extratrees_p1_20260529_182607,P3_mba_presence,MBA Presence,5,1383,1783.0,0
shap_feature_selection_extratrees_p1_20260529_182607,P3_mba_presence,MBA Presence,5,1384,1784.0,0
shap_feature_selection_extratrees_p1_20260529_182607,P3_mba_presence,MBA Presence,5,1385,1785.0,0
shap_feature_selection_extratrees_p1_20260529_182607,P3_mba_presence,MBA Presence,5,1386,1786.0,0
shap_feature_selection_extratrees_p1_20260529_182607,P3_mba_presence,MBA Presence,5,1387,1787.0,0
shap_feature_selection_extratrees_p1_20260529_182607,P3_mba_presence,MBA Presence,5,1388,1788.0,0
shap_feature_selection_extratrees_p1_20260529_182607,P3_mba_presence,MBA Presence,5,1389,1789.0,0
shap_feature_selection_extratrees_p1_20260529_182607,P3_mba_presence,MBA Presence,5,1390,1790.0,0
shap_feature_selection_extratrees_p1_20260529_182607,P3_mba_presence,MBA Presence,5,1391,1791.0,0
shap_feature_selection_extratrees_p1_20260529_182607,P3_mba_presence,MBA Presence,5,1392,1792.0,0
shap_feature_selection_extratrees_p1_20260529_182607,P3_mba_presence,MBA Presence,5,1393,1793.0,0
shap_feature_selection_extratrees_p1_20260529_182607,P3_mba_presence,MBA Presence,5,1394,1794.0,0
shap_feature_selection_extratrees_p1_20260529_182607,P3_mba_presence,MBA Presence,5,1395,1795.0,0
shap_feature_selection_extratrees_p1_20260529_182607,P3_mba_presence,MBA Presence,5,1396,1796.0,0
shap_feature_selection_extratrees_p1_20260529_182607,P3_mba_presence,MBA Presence,5,1397,1797.0,0
shap_feature_selection_extratrees_p1_20260529_182607,P3_mba_presence,MBA Presence,5,1398,1798.0,0
shap_feature_selection_extratrees_p1_20260529_182607,P3_mba_presence,MBA Presence,5,1399,1799.0,0
shap_feature_selection_extratrees_p1_20260529_182607,P3_mba_presence,MBA Presence,5,1400,1800.0,0
shap_feature_selection_extratrees_p1_20260529_182607,G1_thiram_molar_grade,Thiram Positive Molar Grade,5,0,400.0,0
shap_feature_selection_extratrees_p1_20260529_182607,G1_thiram_molar_grade,Thiram Positive Molar Grade,5,1,401.0,0
shap_feature_selection_extratrees_p1_20260529_182607,G1_thiram_molar_grade,Thiram Positive Molar Grade,5,2,402.0,0
shap_feature_selection_extratrees_p1_20260529_182607,G1_thiram_molar_grade,Thiram Positive Molar Grade,5,3,403.0,0
shap_feature_selection_extratrees_p1_20260529_182607,G1_thiram_molar_grade,Thiram Positive Molar Grade,5,4,404.0,0
shap_feature_selection_extratrees_p1_20260529_182607,G1_thiram_molar_grade,Thiram Positive Molar Grade,5,5,405.0,0
shap_feature_selection_extratrees_p1_20260529_182607,G1_thiram_molar_grade,Thiram Positive Molar Grade,5,6,406.0,0
shap_feature_selection_extratrees_p1_20260529_182607,G1_thiram_molar_grade,Thiram Positive Molar Grade,5,7,407.0,0
shap_feature_selection_extratrees_p1_20260529_182607,G1_thiram_molar_grade,Thiram Positive Molar Grade,5,8,408.0,0
shap_feature_selection_extratrees_p1_20260529_182607,G1_thiram_molar_grade,Thiram Positive Molar Grade,5,9,409.0,0
shap_feature_selection_extratrees_p1_20260529_182607,G1_thiram_molar_grade,Thiram Positive Molar Grade,5,10,410.0,0
shap_feature_selection_extratrees_p1_20260529_182607,G1_thiram_molar_grade,Thiram Positive Molar Grade,5,11,411.0,0
shap_feature_selection_extratrees_p1_20260529_182607,G1_thiram_molar_grade,Thiram Positive Molar Grade,5,12,412.0,0
shap_feature_selection_extratrees_p1_20260529_182607,G1_thiram_molar_grade,Thiram Positive Molar Grade,5,13,413.0,0
shap_feature_selection_extratrees_p1_20260529_182607,G1_thiram_molar_grade,Thiram Positive Molar Grade,5,14,414.0,0
shap_feature_selection_extratrees_p1_20260529_182607,G1_thiram_molar_grade,Thiram Positive Molar Grade,5,15,415.0,0
shap_feature_selection_extratrees_p1_20260529_182607,G1_thiram_molar_grade,Thiram Positive Molar Grade,5,16,416.0,0
shap_feature_selection_extratrees_p1_20260529_182607,G1_thiram_molar_grade,Thiram Positive Molar Grade,5,17,417.0,0
shap_feature_selection_extratrees_p1_20260529_182607,G1_thiram_molar_grade,Thiram Positive Molar Grade,5,18,418.0,0
shap_feature_selection_extratrees_p1_20260529_182607,G1_thiram_molar_grade,Thiram Positive Molar Grade,5,19,419.0,0
shap_feature_selection_extratrees_p1_20260529_182607,G1_thiram_molar_grade,Thiram Positive Molar Grade,5,20,420.0,0
shap_feature_selection_extratrees_p1_20260529_182607,G1_thiram_molar_grade,Thiram Positive Molar Grade,5,21,421.0,0
shap_feature_selection_extratrees_p1_20260529_182607,G1_thiram_molar_grade,Thiram Positive Molar Grade,5,22,422.0,0
shap_feature_selection_extratrees_p1_20260529_182607,G1_thiram_molar_grade,Thiram Positive Molar Grade,5,23,423.0,0
shap_feature_selection_extratrees_p1_20260529_182607,G1_thiram_molar_grade,Thiram Positive Molar Grade,5,24,424.0,0
shap_feature_selection_extratrees_p1_20260529_182607,G1_thiram_molar_grade,Thiram Positive Molar Grade,5,25,425.0,0
shap_feature_selection_extratrees_p1_20260529_182607,G1_thiram_molar_grade,Thiram Positive Molar Grade,5,26,426.0,0
shap_feature_selection_extratrees_p1_20260529_182607,G1_thiram_molar_grade,Thiram Positive Molar Grade,5,27,427.0,0
shap_feature_selection_extratrees_p1_20260529_182607,G1_thiram_molar_grade,Thiram Positive Molar Grade,5,28,428.0,0
shap_feature_selection_extratrees_p1_20260529_182607,G1_thiram_molar_grade,Thiram Positive Molar Grade,5,29,429.0,0
shap_feature_selection_extratrees_p1_20260529_182607,G1_thiram_molar_grade,Thiram Positive Molar Grade,5,30,430.0,0
shap_feature_selection_extratrees_p1_20260529_182607,G1_thiram_molar_grade,Thiram Positive Molar Grade,5,31,431.0,0
shap_feature_selection_extratrees_p1_20260529_182607,G1_thiram_molar_grade,Thiram Positive Molar Grade,5,32,432.0,0
shap_feature_selection_extratrees_p1_20260529_182607,G1_thiram_molar_grade,Thiram Positive Molar Grade,5,33,433.0,0
shap_feature_selection_extratrees_p1_20260529_182607,G1_thiram_molar_grade,Thiram Positive Molar Grade,5,34,434.0,0
shap_feature_selection_extratrees_p1_20260529_182607,G1_thiram_molar_grade,Thiram Positive Molar Grade,5,35,435.0,0
shap_feature_selection_extratrees_p1_20260529_182607,G1_thiram_molar_grade,Thiram Positive Molar Grade,5,36,436.0,0
shap_feature_selection_extratrees_p1_20260529_182607,G1_thiram_molar_grade,Thiram Positive Molar Grade,5,37,437.0,0
shap_feature_selection_extratrees_p1_20260529_182607,G1_thiram_molar_grade,Thiram Positive Molar Grade,5,38,438.0,0
shap_feature_selection_extratrees_p1_20260529_182607,G1_thiram_molar_grade,Thiram Positive Molar Grade,5,39,439.0,0
shap_feature_selection_extratrees_p1_20260529_182607,G1_thiram_molar_grade,Thiram Positive Molar Grade,5,40,440.0,0
shap_feature_selection_extratrees_p1_20260529_182607,G1_thiram_molar_grade,Thiram Positive Molar Grade,5,41,441.0,0
shap_feature_selection_extratrees_p1_20260529_182607,G1_thiram_molar_grade,Thiram Positive Molar Grade,5,42,442.0,0
shap_feature_selection_extratrees_p1_20260529_182607,G1_thiram_molar_grade,Thiram Positive Molar Grade,5,43,443.0,0
shap_feature_selection_extratrees_p1_20260529_182607,G1_thiram_molar_grade,Thiram Positive Molar Grade,5,44,444.0,0
shap_feature_selection_extratrees_p1_20260529_182607,G1_thiram_molar_grade,Thiram Positive Molar Grade,5,45,445.0,0
shap_feature_selection_extratrees_p1_20260529_182607,G1_thiram_molar_grade,Thiram Positive Molar Grade,5,46,446.0,0
shap_feature_selection_extratrees_p1_20260529_182607,G1_thiram_molar_grade,Thiram Positive Molar Grade,5,47,447.0,0
shap_feature_selection_extratrees_p1_20260529_182607,G1_thiram_molar_grade,Thiram Positive Molar Grade,5,48,448.0,0
shap_feature_selection_extratrees_p1_20260529_182607,G1_thiram_molar_grade,Thiram Positive Molar Grade,5,49,449.0,0
shap_feature_selection_extratrees_p1_20260529_182607,G1_thiram_molar_grade,Thiram Positive Molar Grade,5,50,450.0,0
shap_feature_selection_extratrees_p1_20260529_182607,G1_thiram_molar_grade,Thiram Positive Molar Grade,5,51,451.0,0
shap_feature_selection_extratrees_p1_20260529_182607,G1_thiram_molar_grade,Thiram Positive Molar Grade,5,52,452.0,0
shap_feature_selection_extratrees_p1_20260529_182607,G1_thiram_molar_grade,Thiram Positive Molar Grade,5,53,453.0,0
shap_feature_selection_extratrees_p1_20260529_182607,G1_thiram_molar_grade,Thiram Positive Molar Grade,5,54,454.0,0
shap_feature_selection_extratrees_p1_20260529_182607,G1_thiram_molar_grade,Thiram Positive Molar Grade,5,55,455.0,0
shap_feature_selection_extratrees_p1_20260529_182607,G1_thiram_molar_grade,Thiram Positive Molar Grade,5,56,456.0,0
shap_feature_selection_extratrees_p1_20260529_182607,G1_thiram_molar_grade,Thiram Positive Molar Grade,5,57,457.0,0
shap_feature_selection_extratrees_p1_20260529_182607,G1_thiram_molar_grade,Thiram Positive Molar Grade,5,58,458.0,0
shap_feature_selection_extratrees_p1_20260529_182607,G1_thiram_molar_grade,Thiram Positive Molar Grade,5,59,459.0,0
shap_feature_selection_extratrees_p1_20260529_182607,G1_thiram_molar_grade,Thiram Positive Molar Grade,5,60,460.0,0
shap_feature_selection_extratrees_p1_20260529_182607,G1_thiram_molar_grade,Thiram Positive Molar Grade,5,61,461.0,0
shap_feature_selection_extratrees_p1_20260529_182607,G1_thiram_molar_grade,Thiram Positive Molar Grade,5,62,462.0,1
shap_feature_selection_extratrees_p1_20260529_182607,G1_thiram_molar_grade,Thiram Positive Molar Grade,5,63,463.0,1
shap_feature_selection_extratrees_p1_20260529_182607,G1_thiram_molar_grade,Thiram Positive Molar Grade,5,64,464.0,1
shap_feature_selection_extratrees_p1_20260529_182607,G1_thiram_molar_grade,Thiram Positive Molar Grade,5,65,465.0,1
shap_feature_selection_extratrees_p1_20260529_182607,G1_thiram_molar_grade,Thiram Positive Molar Grade,5,66,466.0,1
shap_feature_selection_extratrees_p1_20260529_182607,G1_thiram_molar_grade,Thiram Positive Molar Grade,5,67,467.0,1
shap_feature_selection_extratrees_p1_20260529_182607,G1_thiram_molar_grade,Thiram Positive Molar Grade,5,68,468.0,0
shap_feature_selection_extratrees_p1_20260529_182607,G1_thiram_molar_grade,Thiram Positive Molar Grade,5,69,469.0,0
shap_feature_selection_extratrees_p1_20260529_182607,G1_thiram_molar_grade,Thiram Positive Molar Grade,5,70,470.0,0
shap_feature_selection_extratrees_p1_20260529_182607,G1_thiram_molar_grade,Thiram Positive Molar Grade,5,71,471.0,0
shap_feature_selection_extratrees_p1_20260529_182607,G1_thiram_molar_grade,Thiram Positive Molar Grade,5,72,472.0,0
shap_feature_selection_extratrees_p1_20260529_182607,G1_thiram_molar_grade,Thiram Positive Molar Grade,5,73,473.0,0
shap_feature_selection_extratrees_p1_20260529_182607,G1_thiram_molar_grade,Thiram Positive Molar Grade,5,74,474.0,0
shap_feature_selection_extratrees_p1_20260529_182607,G1_thiram_molar_grade,Thiram Positive Molar Grade,5,75,475.0,0
shap_feature_selection_extratrees_p1_20260529_182607,G1_thiram_molar_grade,Thiram Positive Molar Grade,5,76,476.0,0
shap_feature_selection_extratrees_p1_20260529_182607,G1_thiram_molar_grade,Thiram Positive Molar Grade,5,77,477.0,1
shap_feature_selection_extratrees_p1_20260529_182607,G1_thiram_molar_grade,Thiram Positive Molar Grade,5,78,478.0,0
shap_feature_selection_extratrees_p1_20260529_182607,G1_thiram_molar_grade,Thiram Positive Molar Grade,5,79,479.0,0
shap_feature_selection_extratrees_p1_20260529_182607,G1_thiram_molar_grade,Thiram Positive Molar Grade,5,80,480.0,0
shap_feature_selection_extratrees_p1_20260529_182607,G1_thiram_molar_grade,Thiram Positive Molar Grade,5,81,481.0,1
shap_feature_selection_extratrees_p1_20260529_182607,G1_thiram_molar_grade,Thiram Positive Molar Grade,5,82,482.0,1
shap_feature_selection_extratrees_p1_20260529_182607,G1_thiram_molar_grade,Thiram Positive Molar Grade,5,83,483.0,1
shap_feature_selection_extratrees_p1_20260529_182607,G1_thiram_molar_grade,Thiram Positive Molar Grade,5,84,484.0,0
shap_feature_selection_extratrees_p1_20260529_182607,G1_thiram_molar_grade,Thiram Positive Molar Grade,5,85,485.0,0
shap_feature_selection_extratrees_p1_20260529_182607,G1_thiram_molar_grade,Thiram Positive Molar Grade,5,86,486.0,0
shap_feature_selection_extratrees_p1_20260529_182607,G1_thiram_molar_grade,Thiram Positive Molar Grade,5,87,487.0,0
shap_feature_selection_extratrees_p1_20260529_182607,G1_thiram_molar_grade,Thiram Positive Molar Grade,5,88,488.0,0
shap_feature_selection_extratrees_p1_20260529_182607,G1_thiram_molar_grade,Thiram Positive Molar Grade,5,89,489.0,0
shap_feature_selection_extratrees_p1_20260529_182607,G1_thiram_molar_grade,Thiram Positive Molar Grade,5,90,490.0,0
shap_feature_selection_extratrees_p1_20260529_182607,G1_thiram_molar_grade,Thiram Positive Molar Grade,5,91,491.0,0
shap_feature_selection_extratrees_p1_20260529_182607,G1_thiram_molar_grade,Thiram Positive Molar Grade,5,92,492.0,0
shap_feature_selection_extratrees_p1_20260529_182607,G1_thiram_molar_grade,Thiram Positive Molar Grade,5,93,493.0,0
shap_feature_selection_extratrees_p1_20260529_182607,G1_thiram_molar_grade,Thiram Positive Molar Grade,5,94,494.0,0
shap_feature_selection_extratrees_p1_20260529_182607,G1_thiram_molar_grade,Thiram Positive Molar Grade,5,95,495.0,0
shap_feature_selection_extratrees_p1_20260529_182607,G1_thiram_molar_grade,Thiram Positive Molar Grade,5,96,496.0,0
shap_feature_selection_extratrees_p1_20260529_182607,G1_thiram_molar_grade,Thiram Positive Molar Grade,5,97,497.0,0
shap_feature_selection_extratrees_p1_20260529_182607,G1_thiram_molar_grade,Thiram Positive Molar Grade,5,98,498.0,0
shap_feature_selection_extratrees_p1_20260529_182607,G1_thiram_molar_grade,Thiram Positive Molar Grade,5,99,499.0,0
shap_feature_selection_extratrees_p1_20260529_182607,G1_thiram_molar_grade,Thiram Positive Molar Grade,5,100,500.0,0
shap_feature_selection_extratrees_p1_20260529_182607,G1_thiram_molar_grade,Thiram Positive Molar Grade,5,101,501.0,0
shap_feature_selection_extratrees_p1_20260529_182607,G1_thiram_molar_grade,Thiram Positive Molar Grade,5,102,502.0,0
shap_feature_selection_extratrees_p1_20260529_182607,G1_thiram_molar_grade,Thiram Positive Molar Grade,5,103,503.0,0
shap_feature_selection_extratrees_p1_20260529_182607,G1_thiram_molar_grade,Thiram Positive Molar Grade,5,104,504.0,0
shap_feature_selection_extratrees_p1_20260529_182607,G1_thiram_molar_grade,Thiram Positive Molar Grade,5,105,505.0,0
shap_feature_selection_extratrees_p1_20260529_182607,G1_thiram_molar_grade,Thiram Positive Molar Grade,5,106,506.0,0
shap_feature_selection_extratrees_p1_20260529_182607,G1_thiram_molar_grade,Thiram Positive Molar Grade,5,107,507.0,0
shap_feature_selection_extratrees_p1_20260529_182607,G1_thiram_molar_grade,Thiram Positive Molar Grade,5,108,508.0,0
shap_feature_selection_extratrees_p1_20260529_182607,G1_thiram_molar_grade,Thiram Positive Molar Grade,5,109,509.0,0
shap_feature_selection_extratrees_p1_20260529_182607,G1_thiram_molar_grade,Thiram Positive Molar Grade,5,110,510.0,0
shap_feature_selection_extratrees_p1_20260529_182607,G1_thiram_molar_grade,Thiram Positive Molar Grade,5,111,511.0,0
shap_feature_selection_extratrees_p1_20260529_182607,G1_thiram_molar_grade,Thiram Positive Molar Grade,5,112,512.0,0
shap_feature_selection_extratrees_p1_20260529_182607,G1_thiram_molar_grade,Thiram Positive Molar Grade,5,113,513.0,0
shap_feature_selection_extratrees_p1_20260529_182607,G1_thiram_molar_grade,Thiram Positive Molar Grade,5,114,514.0,0
shap_feature_selection_extratrees_p1_20260529_182607,G1_thiram_molar_grade,Thiram Positive Molar Grade,5,115,515.0,0
shap_feature_selection_extratrees_p1_20260529_182607,G1_thiram_molar_grade,Thiram Positive Molar Grade,5,116,516.0,0
shap_feature_selection_extratrees_p1_20260529_182607,G1_thiram_molar_grade,Thiram Positive Molar Grade,5,117,517.0,0
shap_feature_selection_extratrees_p1_20260529_182607,G1_thiram_molar_grade,Thiram Positive Molar Grade,5,118,518.0,0
shap_feature_selection_extratrees_p1_20260529_182607,G1_thiram_molar_grade,Thiram Positive Molar Grade,5,119,519.0,0
shap_feature_selection_extratrees_p1_20260529_182607,G1_thiram_molar_grade,Thiram Positive Molar Grade,5,120,520.0,0
shap_feature_selection_extratrees_p1_20260529_182607,G1_thiram_molar_grade,Thiram Positive Molar Grade,5,121,521.0,0
shap_feature_selection_extratrees_p1_20260529_182607,G1_thiram_molar_grade,Thiram Positive Molar Grade,5,122,522.0,0
shap_feature_selection_extratrees_p1_20260529_182607,G1_thiram_molar_grade,Thiram Positive Molar Grade,5,123,523.0,0
shap_feature_selection_extratrees_p1_20260529_182607,G1_thiram_molar_grade,Thiram Positive Molar Grade,5,124,524.0,0
shap_feature_selection_extratrees_p1_20260529_182607,G1_thiram_molar_grade,Thiram Positive Molar Grade,5,125,525.0,0
shap_feature_selection_extratrees_p1_20260529_182607,G1_thiram_molar_grade,Thiram Positive Molar Grade,5,126,526.0,0
shap_feature_selection_extratrees_p1_20260529_182607,G1_thiram_molar_grade,Thiram Positive Molar Grade,5,127,527.0,0
shap_feature_selection_extratrees_p1_20260529_182607,G1_thiram_molar_grade,Thiram Positive Molar Grade,5,128,528.0,0
shap_feature_selection_extratrees_p1_20260529_182607,G1_thiram_molar_grade,Thiram Positive Molar Grade,5,129,529.0,0
shap_feature_selection_extratrees_p1_20260529_182607,G1_thiram_molar_grade,Thiram Positive Molar Grade,5,130,530.0,0
shap_feature_selection_extratrees_p1_20260529_182607,G1_thiram_molar_grade,Thiram Positive Molar Grade,5,131,531.0,0
shap_feature_selection_extratrees_p1_20260529_182607,G1_thiram_molar_grade,Thiram Positive Molar Grade,5,132,532.0,0
shap_feature_selection_extratrees_p1_20260529_182607,G1_thiram_molar_grade,Thiram Positive Molar Grade,5,133,533.0,0
shap_feature_selection_extratrees_p1_20260529_182607,G1_thiram_molar_grade,Thiram Positive Molar Grade,5,134,534.0,0
shap_feature_selection_extratrees_p1_20260529_182607,G1_thiram_molar_grade,Thiram Positive Molar Grade,5,135,535.0,0
shap_feature_selection_extratrees_p1_20260529_182607,G1_thiram_molar_grade,Thiram Positive Molar Grade,5,136,536.0,0
shap_feature_selection_extratrees_p1_20260529_182607,G1_thiram_molar_grade,Thiram Positive Molar Grade,5,137,537.0,0
shap_feature_selection_extratrees_p1_20260529_182607,G1_thiram_molar_grade,Thiram Positive Molar Grade,5,138,538.0,0
shap_feature_selection_extratrees_p1_20260529_182607,G1_thiram_molar_grade,Thiram Positive Molar Grade,5,139,539.0,0
shap_feature_selection_extratrees_p1_20260529_182607,G1_thiram_molar_grade,Thiram Positive Molar Grade,5,140,540.0,0
shap_feature_selection_extratrees_p1_20260529_182607,G1_thiram_molar_grade,Thiram Positive Molar Grade,5,141,541.0,0
shap_feature_selection_extratrees_p1_20260529_182607,G1_thiram_molar_grade,Thiram Positive Molar Grade,5,142,542.0,0
shap_feature_selection_extratrees_p1_20260529_182607,G1_thiram_molar_grade,Thiram Positive Molar Grade,5,143,543.0,0
shap_feature_selection_extratrees_p1_20260529_182607,G1_thiram_molar_grade,Thiram Positive Molar Grade,5,144,544.0,0
shap_feature_selection_extratrees_p1_20260529_182607,G1_thiram_molar_grade,Thiram Positive Molar Grade,5,145,545.0,0
shap_feature_selection_extratrees_p1_20260529_182607,G1_thiram_molar_grade,Thiram Positive Molar Grade,5,146,546.0,0
shap_feature_selection_extratrees_p1_20260529_182607,G1_thiram_molar_grade,Thiram Positive Molar Grade,5,147,547.0,0
shap_feature_selection_extratrees_p1_20260529_182607,G1_thiram_molar_grade,Thiram Positive Molar Grade,5,148,548.0,0
shap_feature_selection_extratrees_p1_20260529_182607,G1_thiram_molar_grade,Thiram Positive Molar Grade,5,149,549.0,0
shap_feature_selection_extratrees_p1_20260529_182607,G1_thiram_molar_grade,Thiram Positive Molar Grade,5,150,550.0,0
shap_feature_selection_extratrees_p1_20260529_182607,G1_thiram_molar_grade,Thiram Positive Molar Grade,5,151,551.0,0
shap_feature_selection_extratrees_p1_20260529_182607,G1_thiram_molar_grade,Thiram Positive Molar Grade,5,152,552.0,0
shap_feature_selection_extratrees_p1_20260529_182607,G1_thiram_molar_grade,Thiram Positive Molar Grade,5,153,553.0,0
shap_feature_selection_extratrees_p1_20260529_182607,G1_thiram_molar_grade,Thiram Positive Molar Grade,5,154,554.0,0
shap_feature_selection_extratrees_p1_20260529_182607,G1_thiram_molar_grade,Thiram Positive Molar Grade,5,155,555.0,0
shap_feature_selection_extratrees_p1_20260529_182607,G1_thiram_molar_grade,Thiram Positive Molar Grade,5,156,556.0,0
shap_feature_selection_extratrees_p1_20260529_182607,G1_thiram_molar_grade,Thiram Positive Molar Grade,5,157,557.0,0
shap_feature_selection_extratrees_p1_20260529_182607,G1_thiram_molar_grade,Thiram Positive Molar Grade,5,158,558.0,0
shap_feature_selection_extratrees_p1_20260529_182607,G1_thiram_molar_grade,Thiram Positive Molar Grade,5,159,559.0,0
shap_feature_selection_extratrees_p1_20260529_182607,G1_thiram_molar_grade,Thiram Positive Molar Grade,5,160,560.0,0
shap_feature_selection_extratrees_p1_20260529_182607,G1_thiram_molar_grade,Thiram Positive Molar Grade,5,161,561.0,0
shap_feature_selection_extratrees_p1_20260529_182607,G1_thiram_molar_grade,Thiram Positive Molar Grade,5,162,562.0,0
shap_feature_selection_extratrees_p1_20260529_182607,G1_thiram_molar_grade,Thiram Positive Molar Grade,5,163,563.0,0
shap_feature_selection_extratrees_p1_20260529_182607,G1_thiram_molar_grade,Thiram Positive Molar Grade,5,164,564.0,0
shap_feature_selection_extratrees_p1_20260529_182607,G1_thiram_molar_grade,Thiram Positive Molar Grade,5,165,565.0,0
shap_feature_selection_extratrees_p1_20260529_182607,G1_thiram_molar_grade,Thiram Positive Molar Grade,5,166,566.0,0
shap_feature_selection_extratrees_p1_20260529_182607,G1_thiram_molar_grade,Thiram Positive Molar Grade,5,167,567.0,0
shap_feature_selection_extratrees_p1_20260529_182607,G1_thiram_molar_grade,Thiram Positive Molar Grade,5,168,568.0,0
shap_feature_selection_extratrees_p1_20260529_182607,G1_thiram_molar_grade,Thiram Positive Molar Grade,5,169,569.0,0
shap_feature_selection_extratrees_p1_20260529_182607,G1_thiram_molar_grade,Thiram Positive Molar Grade,5,170,570.0,0
shap_feature_selection_extratrees_p1_20260529_182607,G1_thiram_molar_grade,Thiram Positive Molar Grade,5,171,571.0,0
shap_feature_selection_extratrees_p1_20260529_182607,G1_thiram_molar_grade,Thiram Positive Molar Grade,5,172,572.0,0
shap_feature_selection_extratrees_p1_20260529_182607,G1_thiram_molar_grade,Thiram Positive Molar Grade,5,173,573.0,0
shap_feature_selection_extratrees_p1_20260529_182607,G1_thiram_molar_grade,Thiram Positive Molar Grade,5,174,574.0,0
shap_feature_selection_extratrees_p1_20260529_182607,G1_thiram_molar_grade,Thiram Positive Molar Grade,5,175,575.0,0
shap_feature_selection_extratrees_p1_20260529_182607,G1_thiram_molar_grade,Thiram Positive Molar Grade,5,176,576.0,0
shap_feature_selection_extratrees_p1_20260529_182607,G1_thiram_molar_grade,Thiram Positive Molar Grade,5,177,577.0,0
shap_feature_selection_extratrees_p1_20260529_182607,G1_thiram_molar_grade,Thiram Positive Molar Grade,5,178,578.0,0
shap_feature_selection_extratrees_p1_20260529_182607,G1_thiram_molar_grade,Thiram Positive Molar Grade,5,179,579.0,0
shap_feature_selection_extratrees_p1_20260529_182607,G1_thiram_molar_grade,Thiram Positive Molar Grade,5,180,580.0,0
shap_feature_selection_extratrees_p1_20260529_182607,G1_thiram_molar_grade,Thiram Positive Molar Grade,5,181,581.0,0
shap_feature_selection_extratrees_p1_20260529_182607,G1_thiram_molar_grade,Thiram Positive Molar Grade,5,182,582.0,0
shap_feature_selection_extratrees_p1_20260529_182607,G1_thiram_molar_grade,Thiram Positive Molar Grade,5,183,583.0,0
shap_feature_selection_extratrees_p1_20260529_182607,G1_thiram_molar_grade,Thiram Positive Molar Grade,5,184,584.0,0
shap_feature_selection_extratrees_p1_20260529_182607,G1_thiram_molar_grade,Thiram Positive Molar Grade,5,185,585.0,0
shap_feature_selection_extratrees_p1_20260529_182607,G1_thiram_molar_grade,Thiram Positive Molar Grade,5,186,586.0,0
shap_feature_selection_extratrees_p1_20260529_182607,G1_thiram_molar_grade,Thiram Positive Molar Grade,5,187,587.0,0
shap_feature_selection_extratrees_p1_20260529_182607,G1_thiram_molar_grade,Thiram Positive Molar Grade,5,188,588.0,0
shap_feature_selection_extratrees_p1_20260529_182607,G1_thiram_molar_grade,Thiram Positive Molar Grade,5,189,589.0,0
shap_feature_selection_extratrees_p1_20260529_182607,G1_thiram_molar_grade,Thiram Positive Molar Grade,5,190,590.0,0
shap_feature_selection_extratrees_p1_20260529_182607,G1_thiram_molar_grade,Thiram Positive Molar Grade,5,191,591.0,0
shap_feature_selection_extratrees_p1_20260529_182607,G1_thiram_molar_grade,Thiram Positive Molar Grade,5,192,592.0,0
shap_feature_selection_extratrees_p1_20260529_182607,G1_thiram_molar_grade,Thiram Positive Molar Grade,5,193,593.0,0
shap_feature_selection_extratrees_p1_20260529_182607,G1_thiram_molar_grade,Thiram Positive Molar Grade,5,194,594.0,0
shap_feature_selection_extratrees_p1_20260529_182607,G1_thiram_molar_grade,Thiram Positive Molar Grade,5,195,595.0,0
shap_feature_selection_extratrees_p1_20260529_182607,G1_thiram_molar_grade,Thiram Positive Molar Grade,5,196,596.0,0
shap_feature_selection_extratrees_p1_20260529_182607,G1_thiram_molar_grade,Thiram Positive Molar Grade,5,197,597.0,0
shap_feature_selection_extratrees_p1_20260529_182607,G1_thiram_molar_grade,Thiram Positive Molar Grade,5,198,598.0,0
shap_feature_selection_extratrees_p1_20260529_182607,G1_thiram_molar_grade,Thiram Positive Molar Grade,5,199,599.0,0
shap_feature_selection_extratrees_p1_20260529_182607,G1_thiram_molar_grade,Thiram Positive Molar Grade,5,200,600.0,0
shap_feature_selection_extratrees_p1_20260529_182607,G1_thiram_molar_grade,Thiram Positive Molar Grade,5,201,601.0,0
shap_feature_selection_extratrees_p1_20260529_182607,G1_thiram_molar_grade,Thiram Positive Molar Grade,5,202,602.0,0
shap_feature_selection_extratrees_p1_20260529_182607,G1_thiram_molar_grade,Thiram Positive Molar Grade,5,203,603.0,0
shap_feature_selection_extratrees_p1_20260529_182607,G1_thiram_molar_grade,Thiram Positive Molar Grade,5,204,604.0,0
shap_feature_selection_extratrees_p1_20260529_182607,G1_thiram_molar_grade,Thiram Positive Molar Grade,5,205,605.0,0
shap_feature_selection_extratrees_p1_20260529_182607,G1_thiram_molar_grade,Thiram Positive Molar Grade,5,206,606.0,0
shap_feature_selection_extratrees_p1_20260529_182607,G1_thiram_molar_grade,Thiram Positive Molar Grade,5,207,607.0,0
shap_feature_selection_extratrees_p1_20260529_182607,G1_thiram_molar_grade,Thiram Positive Molar Grade,5,208,608.0,0
shap_feature_selection_extratrees_p1_20260529_182607,G1_thiram_molar_grade,Thiram Positive Molar Grade,5,209,609.0,0
shap_feature_selection_extratrees_p1_20260529_182607,G1_thiram_molar_grade,Thiram Positive Molar Grade,5,210,610.0,0
shap_feature_selection_extratrees_p1_20260529_182607,G1_thiram_molar_grade,Thiram Positive Molar Grade,5,211,611.0,0
shap_feature_selection_extratrees_p1_20260529_182607,G1_thiram_molar_grade,Thiram Positive Molar Grade,5,212,612.0,0
shap_feature_selection_extratrees_p1_20260529_182607,G1_thiram_molar_grade,Thiram Positive Molar Grade,5,213,613.0,0
shap_feature_selection_extratrees_p1_20260529_182607,G1_thiram_molar_grade,Thiram Positive Molar Grade,5,214,614.0,0
shap_feature_selection_extratrees_p1_20260529_182607,G1_thiram_molar_grade,Thiram Positive Molar Grade,5,215,615.0,0
shap_feature_selection_extratrees_p1_20260529_182607,G1_thiram_molar_grade,Thiram Positive Molar Grade,5,216,616.0,0
shap_feature_selection_extratrees_p1_20260529_182607,G1_thiram_molar_grade,Thiram Positive Molar Grade,5,217,617.0,0
shap_feature_selection_extratrees_p1_20260529_182607,G1_thiram_molar_grade,Thiram Positive Molar Grade,5,218,618.0,0
shap_feature_selection_extratrees_p1_20260529_182607,G1_thiram_molar_grade,Thiram Positive Molar Grade,5,219,619.0,0
shap_feature_selection_extratrees_p1_20260529_182607,G1_thiram_molar_grade,Thiram Positive Molar Grade,5,220,620.0,0
shap_feature_selection_extratrees_p1_20260529_182607,G1_thiram_molar_grade,Thiram Positive Molar Grade,5,221,621.0,0
shap_feature_selection_extratrees_p1_20260529_182607,G1_thiram_molar_grade,Thiram Positive Molar Grade,5,222,622.0,0
shap_feature_selection_extratrees_p1_20260529_182607,G1_thiram_molar_grade,Thiram Positive Molar Grade,5,223,623.0,0
shap_feature_selection_extratrees_p1_20260529_182607,G1_thiram_molar_grade,Thiram Positive Molar Grade,5,224,624.0,0
shap_feature_selection_extratrees_p1_20260529_182607,G1_thiram_molar_grade,Thiram Positive Molar Grade,5,225,625.0,0
shap_feature_selection_extratrees_p1_20260529_182607,G1_thiram_molar_grade,Thiram Positive Molar Grade,5,226,626.0,0
shap_feature_selection_extratrees_p1_20260529_182607,G1_thiram_molar_grade,Thiram Positive Molar Grade,5,227,627.0,0
shap_feature_selection_extratrees_p1_20260529_182607,G1_thiram_molar_grade,Thiram Positive Molar Grade,5,228,628.0,0
shap_feature_selection_extratrees_p1_20260529_182607,G1_thiram_molar_grade,Thiram Positive Molar Grade,5,229,629.0,0
shap_feature_selection_extratrees_p1_20260529_182607,G1_thiram_molar_grade,Thiram Positive Molar Grade,5,230,630.0,0
shap_feature_selection_extratrees_p1_20260529_182607,G1_thiram_molar_grade,Thiram Positive Molar Grade,5,231,631.0,0
shap_feature_selection_extratrees_p1_20260529_182607,G1_thiram_molar_grade,Thiram Positive Molar Grade,5,232,632.0,0
shap_feature_selection_extratrees_p1_20260529_182607,G1_thiram_molar_grade,Thiram Positive Molar Grade,5,233,633.0,0
shap_feature_selection_extratrees_p1_20260529_182607,G1_thiram_molar_grade,Thiram Positive Molar Grade,5,234,634.0,0
shap_feature_selection_extratrees_p1_20260529_182607,G1_thiram_molar_grade,Thiram Positive Molar Grade,5,235,635.0,0
shap_feature_selection_extratrees_p1_20260529_182607,G1_thiram_molar_grade,Thiram Positive Molar Grade,5,236,636.0,0
shap_feature_selection_extratrees_p1_20260529_182607,G1_thiram_molar_grade,Thiram Positive Molar Grade,5,237,637.0,0
shap_feature_selection_extratrees_p1_20260529_182607,G1_thiram_molar_grade,Thiram Positive Molar Grade,5,238,638.0,0
shap_feature_selection_extratrees_p1_20260529_182607,G1_thiram_molar_grade,Thiram Positive Molar Grade,5,239,639.0,0
shap_feature_selection_extratrees_p1_20260529_182607,G1_thiram_molar_grade,Thiram Positive Molar Grade,5,240,640.0,0
shap_feature_selection_extratrees_p1_20260529_182607,G1_thiram_molar_grade,Thiram Positive Molar Grade,5,241,641.0,0
shap_feature_selection_extratrees_p1_20260529_182607,G1_thiram_molar_grade,Thiram Positive Molar Grade,5,242,642.0,0
shap_feature_selection_extratrees_p1_20260529_182607,G1_thiram_molar_grade,Thiram Positive Molar Grade,5,243,643.0,0
shap_feature_selection_extratrees_p1_20260529_182607,G1_thiram_molar_grade,Thiram Positive Molar Grade,5,244,644.0,0
shap_feature_selection_extratrees_p1_20260529_182607,G1_thiram_molar_grade,Thiram Positive Molar Grade,5,245,645.0,0
shap_feature_selection_extratrees_p1_20260529_182607,G1_thiram_molar_grade,Thiram Positive Molar Grade,5,246,646.0,0
shap_feature_selection_extratrees_p1_20260529_182607,G1_thiram_molar_grade,Thiram Positive Molar Grade,5,247,647.0,0
shap_feature_selection_extratrees_p1_20260529_182607,G1_thiram_molar_grade,Thiram Positive Molar Grade,5,248,648.0,0
shap_feature_selection_extratrees_p1_20260529_182607,G1_thiram_molar_grade,Thiram Positive Molar Grade,5,249,649.0,0
shap_feature_selection_extratrees_p1_20260529_182607,G1_thiram_molar_grade,Thiram Positive Molar Grade,5,250,650.0,0
shap_feature_selection_extratrees_p1_20260529_182607,G1_thiram_molar_grade,Thiram Positive Molar Grade,5,251,651.0,0
shap_feature_selection_extratrees_p1_20260529_182607,G1_thiram_molar_grade,Thiram Positive Molar Grade,5,252,652.0,0
shap_feature_selection_extratrees_p1_20260529_182607,G1_thiram_molar_grade,Thiram Positive Molar Grade,5,253,653.0,0
shap_feature_selection_extratrees_p1_20260529_182607,G1_thiram_molar_grade,Thiram Positive Molar Grade,5,254,654.0,0
shap_feature_selection_extratrees_p1_20260529_182607,G1_thiram_molar_grade,Thiram Positive Molar Grade,5,255,655.0,0
shap_feature_selection_extratrees_p1_20260529_182607,G1_thiram_molar_grade,Thiram Positive Molar Grade,5,256,656.0,0
shap_feature_selection_extratrees_p1_20260529_182607,G1_thiram_molar_grade,Thiram Positive Molar Grade,5,257,657.0,0
shap_feature_selection_extratrees_p1_20260529_182607,G1_thiram_molar_grade,Thiram Positive Molar Grade,5,258,658.0,0
shap_feature_selection_extratrees_p1_20260529_182607,G1_thiram_molar_grade,Thiram Positive Molar Grade,5,259,659.0,0
shap_feature_selection_extratrees_p1_20260529_182607,G1_thiram_molar_grade,Thiram Positive Molar Grade,5,260,660.0,0
shap_feature_selection_extratrees_p1_20260529_182607,G1_thiram_molar_grade,Thiram Positive Molar Grade,5,261,661.0,0
shap_feature_selection_extratrees_p1_20260529_182607,G1_thiram_molar_grade,Thiram Positive Molar Grade,5,262,662.0,0
shap_feature_selection_extratrees_p1_20260529_182607,G1_thiram_molar_grade,Thiram Positive Molar Grade,5,263,663.0,0
shap_feature_selection_extratrees_p1_20260529_182607,G1_thiram_molar_grade,Thiram Positive Molar Grade,5,264,664.0,0
shap_feature_selection_extratrees_p1_20260529_182607,G1_thiram_molar_grade,Thiram Positive Molar Grade,5,265,665.0,0
shap_feature_selection_extratrees_p1_20260529_182607,G1_thiram_molar_grade,Thiram Positive Molar Grade,5,266,666.0,0
shap_feature_selection_extratrees_p1_20260529_182607,G1_thiram_molar_grade,Thiram Positive Molar Grade,5,267,667.0,0
shap_feature_selection_extratrees_p1_20260529_182607,G1_thiram_molar_grade,Thiram Positive Molar Grade,5,268,668.0,0
shap_feature_selection_extratrees_p1_20260529_182607,G1_thiram_molar_grade,Thiram Positive Molar Grade,5,269,669.0,0
shap_feature_selection_extratrees_p1_20260529_182607,G1_thiram_molar_grade,Thiram Positive Molar Grade,5,270,670.0,0
shap_feature_selection_extratrees_p1_20260529_182607,G1_thiram_molar_grade,Thiram Positive Molar Grade,5,271,671.0,0
shap_feature_selection_extratrees_p1_20260529_182607,G1_thiram_molar_grade,Thiram Positive Molar Grade,5,272,672.0,0
shap_feature_selection_extratrees_p1_20260529_182607,G1_thiram_molar_grade,Thiram Positive Molar Grade,5,273,673.0,0
shap_feature_selection_extratrees_p1_20260529_182607,G1_thiram_molar_grade,Thiram Positive Molar Grade,5,274,674.0,0
shap_feature_selection_extratrees_p1_20260529_182607,G1_thiram_molar_grade,Thiram Positive Molar Grade,5,275,675.0,0
shap_feature_selection_extratrees_p1_20260529_182607,G1_thiram_molar_grade,Thiram Positive Molar Grade,5,276,676.0,0
shap_feature_selection_extratrees_p1_20260529_182607,G1_thiram_molar_grade,Thiram Positive Molar Grade,5,277,677.0,0
shap_feature_selection_extratrees_p1_20260529_182607,G1_thiram_molar_grade,Thiram Positive Molar Grade,5,278,678.0,0
shap_feature_selection_extratrees_p1_20260529_182607,G1_thiram_molar_grade,Thiram Positive Molar Grade,5,279,679.0,0
shap_feature_selection_extratrees_p1_20260529_182607,G1_thiram_molar_grade,Thiram Positive Molar Grade,5,280,680.0,0
shap_feature_selection_extratrees_p1_20260529_182607,G1_thiram_molar_grade,Thiram Positive Molar Grade,5,281,681.0,0
shap_feature_selection_extratrees_p1_20260529_182607,G1_thiram_molar_grade,Thiram Positive Molar Grade,5,282,682.0,0
shap_feature_selection_extratrees_p1_20260529_182607,G1_thiram_molar_grade,Thiram Positive Molar Grade,5,283,683.0,0
shap_feature_selection_extratrees_p1_20260529_182607,G1_thiram_molar_grade,Thiram Positive Molar Grade,5,284,684.0,0
shap_feature_selection_extratrees_p1_20260529_182607,G1_thiram_molar_grade,Thiram Positive Molar Grade,5,285,685.0,0
shap_feature_selection_extratrees_p1_20260529_182607,G1_thiram_molar_grade,Thiram Positive Molar Grade,5,286,686.0,0
shap_feature_selection_extratrees_p1_20260529_182607,G1_thiram_molar_grade,Thiram Positive Molar Grade,5,287,687.0,0
shap_feature_selection_extratrees_p1_20260529_182607,G1_thiram_molar_grade,Thiram Positive Molar Grade,5,288,688.0,0
shap_feature_selection_extratrees_p1_20260529_182607,G1_thiram_molar_grade,Thiram Positive Molar Grade,5,289,689.0,0
shap_feature_selection_extratrees_p1_20260529_182607,G1_thiram_molar_grade,Thiram Positive Molar Grade,5,290,690.0,0
shap_feature_selection_extratrees_p1_20260529_182607,G1_thiram_molar_grade,Thiram Positive Molar Grade,5,291,691.0,0
shap_feature_selection_extratrees_p1_20260529_182607,G1_thiram_molar_grade,Thiram Positive Molar Grade,5,292,692.0,0
shap_feature_selection_extratrees_p1_20260529_182607,G1_thiram_molar_grade,Thiram Positive Molar Grade,5,293,693.0,0
shap_feature_selection_extratrees_p1_20260529_182607,G1_thiram_molar_grade,Thiram Positive Molar Grade,5,294,694.0,1
shap_feature_selection_extratrees_p1_20260529_182607,G1_thiram_molar_grade,Thiram Positive Molar Grade,5,295,695.0,1
shap_feature_selection_extratrees_p1_20260529_182607,G1_thiram_molar_grade,Thiram Positive Molar Grade,5,296,696.0,0
shap_feature_selection_extratrees_p1_20260529_182607,G1_thiram_molar_grade,Thiram Positive Molar Grade,5,297,697.0,1
shap_feature_selection_extratrees_p1_20260529_182607,G1_thiram_molar_grade,Thiram Positive Molar Grade,5,298,698.0,0
shap_feature_selection_extratrees_p1_20260529_182607,G1_thiram_molar_grade,Thiram Positive Molar Grade,5,299,699.0,0
shap_feature_selection_extratrees_p1_20260529_182607,G1_thiram_molar_grade,Thiram Positive Molar Grade,5,300,700.0,0
shap_feature_selection_extratrees_p1_20260529_182607,G1_thiram_molar_grade,Thiram Positive Molar Grade,5,301,701.0,0
shap_feature_selection_extratrees_p1_20260529_182607,G1_thiram_molar_grade,Thiram Positive Molar Grade,5,302,702.0,0
shap_feature_selection_extratrees_p1_20260529_182607,G1_thiram_molar_grade,Thiram Positive Molar Grade,5,303,703.0,0
shap_feature_selection_extratrees_p1_20260529_182607,G1_thiram_molar_grade,Thiram Positive Molar Grade,5,304,704.0,0
shap_feature_selection_extratrees_p1_20260529_182607,G1_thiram_molar_grade,Thiram Positive Molar Grade,5,305,705.0,0
shap_feature_selection_extratrees_p1_20260529_182607,G1_thiram_molar_grade,Thiram Positive Molar Grade,5,306,706.0,0
shap_feature_selection_extratrees_p1_20260529_182607,G1_thiram_molar_grade,Thiram Positive Molar Grade,5,307,707.0,0
shap_feature_selection_extratrees_p1_20260529_182607,G1_thiram_molar_grade,Thiram Positive Molar Grade,5,308,708.0,0
shap_feature_selection_extratrees_p1_20260529_182607,G1_thiram_molar_grade,Thiram Positive Molar Grade,5,309,709.0,0
shap_feature_selection_extratrees_p1_20260529_182607,G1_thiram_molar_grade,Thiram Positive Molar Grade,5,310,710.0,0
shap_feature_selection_extratrees_p1_20260529_182607,G1_thiram_molar_grade,Thiram Positive Molar Grade,5,311,711.0,0
shap_feature_selection_extratrees_p1_20260529_182607,G1_thiram_molar_grade,Thiram Positive Molar Grade,5,312,712.0,0
shap_feature_selection_extratrees_p1_20260529_182607,G1_thiram_molar_grade,Thiram Positive Molar Grade,5,313,713.0,0
shap_feature_selection_extratrees_p1_20260529_182607,G1_thiram_molar_grade,Thiram Positive Molar Grade,5,314,714.0,0
shap_feature_selection_extratrees_p1_20260529_182607,G1_thiram_molar_grade,Thiram Positive Molar Grade,5,315,715.0,0
shap_feature_selection_extratrees_p1_20260529_182607,G1_thiram_molar_grade,Thiram Positive Molar Grade,5,316,716.0,0
shap_feature_selection_extratrees_p1_20260529_182607,G1_thiram_molar_grade,Thiram Positive Molar Grade,5,317,717.0,0
shap_feature_selection_extratrees_p1_20260529_182607,G1_thiram_molar_grade,Thiram Positive Molar Grade,5,318,718.0,1
shap_feature_selection_extratrees_p1_20260529_182607,G1_thiram_molar_grade,Thiram Positive Molar Grade,5,319,719.0,1
shap_feature_selection_extratrees_p1_20260529_182607,G1_thiram_molar_grade,Thiram Positive Molar Grade,5,320,720.0,0
shap_feature_selection_extratrees_p1_20260529_182607,G1_thiram_molar_grade,Thiram Positive Molar Grade,5,321,721.0,0
shap_feature_selection_extratrees_p1_20260529_182607,G1_thiram_molar_grade,Thiram Positive Molar Grade,5,322,722.0,0
shap_feature_selection_extratrees_p1_20260529_182607,G1_thiram_molar_grade,Thiram Positive Molar Grade,5,323,723.0,0
shap_feature_selection_extratrees_p1_20260529_182607,G1_thiram_molar_grade,Thiram Positive Molar Grade,5,324,724.0,0
shap_feature_selection_extratrees_p1_20260529_182607,G1_thiram_molar_grade,Thiram Positive Molar Grade,5,325,725.0,0
shap_feature_selection_extratrees_p1_20260529_182607,G1_thiram_molar_grade,Thiram Positive Molar Grade,5,326,726.0,0
shap_feature_selection_extratrees_p1_20260529_182607,G1_thiram_molar_grade,Thiram Positive Molar Grade,5,327,727.0,0
shap_feature_selection_extratrees_p1_20260529_182607,G1_thiram_molar_grade,Thiram Positive Molar Grade,5,328,728.0,0
shap_feature_selection_extratrees_p1_20260529_182607,G1_thiram_molar_grade,Thiram Positive Molar Grade,5,329,729.0,0
shap_feature_selection_extratrees_p1_20260529_182607,G1_thiram_molar_grade,Thiram Positive Molar Grade,5,330,730.0,0
shap_feature_selection_extratrees_p1_20260529_182607,G1_thiram_molar_grade,Thiram Positive Molar Grade,5,331,731.0,0
shap_feature_selection_extratrees_p1_20260529_182607,G1_thiram_molar_grade,Thiram Positive Molar Grade,5,332,732.0,0
shap_feature_selection_extratrees_p1_20260529_182607,G1_thiram_molar_grade,Thiram Positive Molar Grade,5,333,733.0,0
shap_feature_selection_extratrees_p1_20260529_182607,G1_thiram_molar_grade,Thiram Positive Molar Grade,5,334,734.0,0
shap_feature_selection_extratrees_p1_20260529_182607,G1_thiram_molar_grade,Thiram Positive Molar Grade,5,335,735.0,0
shap_feature_selection_extratrees_p1_20260529_182607,G1_thiram_molar_grade,Thiram Positive Molar Grade,5,336,736.0,0
shap_feature_selection_extratrees_p1_20260529_182607,G1_thiram_molar_grade,Thiram Positive Molar Grade,5,337,737.0,0
shap_feature_selection_extratrees_p1_20260529_182607,G1_thiram_molar_grade,Thiram Positive Molar Grade,5,338,738.0,0
shap_feature_selection_extratrees_p1_20260529_182607,G1_thiram_molar_grade,Thiram Positive Molar Grade,5,339,739.0,0
shap_feature_selection_extratrees_p1_20260529_182607,G1_thiram_molar_grade,Thiram Positive Molar Grade,5,340,740.0,0
shap_feature_selection_extratrees_p1_20260529_182607,G1_thiram_molar_grade,Thiram Positive Molar Grade,5,341,741.0,0
shap_feature_selection_extratrees_p1_20260529_182607,G1_thiram_molar_grade,Thiram Positive Molar Grade,5,342,742.0,0
shap_feature_selection_extratrees_p1_20260529_182607,G1_thiram_molar_grade,Thiram Positive Molar Grade,5,343,743.0,0
shap_feature_selection_extratrees_p1_20260529_182607,G1_thiram_molar_grade,Thiram Positive Molar Grade,5,344,744.0,0
shap_feature_selection_extratrees_p1_20260529_182607,G1_thiram_molar_grade,Thiram Positive Molar Grade,5,345,745.0,0
shap_feature_selection_extratrees_p1_20260529_182607,G1_thiram_molar_grade,Thiram Positive Molar Grade,5,346,746.0,0
shap_feature_selection_extratrees_p1_20260529_182607,G1_thiram_molar_grade,Thiram Positive Molar Grade,5,347,747.0,0
shap_feature_selection_extratrees_p1_20260529_182607,G1_thiram_molar_grade,Thiram Positive Molar Grade,5,348,748.0,0
shap_feature_selection_extratrees_p1_20260529_182607,G1_thiram_molar_grade,Thiram Positive Molar Grade,5,349,749.0,0
shap_feature_selection_extratrees_p1_20260529_182607,G1_thiram_molar_grade,Thiram Positive Molar Grade,5,350,750.0,0
shap_feature_selection_extratrees_p1_20260529_182607,G1_thiram_molar_grade,Thiram Positive Molar Grade,5,351,751.0,0
shap_feature_selection_extratrees_p1_20260529_182607,G1_thiram_molar_grade,Thiram Positive Molar Grade,5,352,752.0,0
shap_feature_selection_extratrees_p1_20260529_182607,G1_thiram_molar_grade,Thiram Positive Molar Grade,5,353,753.0,0
shap_feature_selection_extratrees_p1_20260529_182607,G1_thiram_molar_grade,Thiram Positive Molar Grade,5,354,754.0,0
shap_feature_selection_extratrees_p1_20260529_182607,G1_thiram_molar_grade,Thiram Positive Molar Grade,5,355,755.0,0
shap_feature_selection_extratrees_p1_20260529_182607,G1_thiram_molar_grade,Thiram Positive Molar Grade,5,356,756.0,0
shap_feature_selection_extratrees_p1_20260529_182607,G1_thiram_molar_grade,Thiram Positive Molar Grade,5,357,757.0,0
shap_feature_selection_extratrees_p1_20260529_182607,G1_thiram_molar_grade,Thiram Positive Molar Grade,5,358,758.0,0
shap_feature_selection_extratrees_p1_20260529_182607,G1_thiram_molar_grade,Thiram Positive Molar Grade,5,359,759.0,0
shap_feature_selection_extratrees_p1_20260529_182607,G1_thiram_molar_grade,Thiram Positive Molar Grade,5,360,760.0,0
shap_feature_selection_extratrees_p1_20260529_182607,G1_thiram_molar_grade,Thiram Positive Molar Grade,5,361,761.0,0
shap_feature_selection_extratrees_p1_20260529_182607,G1_thiram_molar_grade,Thiram Positive Molar Grade,5,362,762.0,0
shap_feature_selection_extratrees_p1_20260529_182607,G1_thiram_molar_grade,Thiram Positive Molar Grade,5,363,763.0,0
shap_feature_selection_extratrees_p1_20260529_182607,G1_thiram_molar_grade,Thiram Positive Molar Grade,5,364,764.0,0
shap_feature_selection_extratrees_p1_20260529_182607,G1_thiram_molar_grade,Thiram Positive Molar Grade,5,365,765.0,0
shap_feature_selection_extratrees_p1_20260529_182607,G1_thiram_molar_grade,Thiram Positive Molar Grade,5,366,766.0,0
shap_feature_selection_extratrees_p1_20260529_182607,G1_thiram_molar_grade,Thiram Positive Molar Grade,5,367,767.0,0
shap_feature_selection_extratrees_p1_20260529_182607,G1_thiram_molar_grade,Thiram Positive Molar Grade,5,368,768.0,0
shap_feature_selection_extratrees_p1_20260529_182607,G1_thiram_molar_grade,Thiram Positive Molar Grade,5,369,769.0,0
shap_feature_selection_extratrees_p1_20260529_182607,G1_thiram_molar_grade,Thiram Positive Molar Grade,5,370,770.0,0
shap_feature_selection_extratrees_p1_20260529_182607,G1_thiram_molar_grade,Thiram Positive Molar Grade,5,371,771.0,0
shap_feature_selection_extratrees_p1_20260529_182607,G1_thiram_molar_grade,Thiram Positive Molar Grade,5,372,772.0,0
shap_feature_selection_extratrees_p1_20260529_182607,G1_thiram_molar_grade,Thiram Positive Molar Grade,5,373,773.0,0
shap_feature_selection_extratrees_p1_20260529_182607,G1_thiram_molar_grade,Thiram Positive Molar Grade,5,374,774.0,0
shap_feature_selection_extratrees_p1_20260529_182607,G1_thiram_molar_grade,Thiram Positive Molar Grade,5,375,775.0,0
shap_feature_selection_extratrees_p1_20260529_182607,G1_thiram_molar_grade,Thiram Positive Molar Grade,5,376,776.0,0
shap_feature_selection_extratrees_p1_20260529_182607,G1_thiram_molar_grade,Thiram Positive Molar Grade,5,377,777.0,0
shap_feature_selection_extratrees_p1_20260529_182607,G1_thiram_molar_grade,Thiram Positive Molar Grade,5,378,778.0,0
shap_feature_selection_extratrees_p1_20260529_182607,G1_thiram_molar_grade,Thiram Positive Molar Grade,5,379,779.0,0
shap_feature_selection_extratrees_p1_20260529_182607,G1_thiram_molar_grade,Thiram Positive Molar Grade,5,380,780.0,0
shap_feature_selection_extratrees_p1_20260529_182607,G1_thiram_molar_grade,Thiram Positive Molar Grade,5,381,781.0,0
shap_feature_selection_extratrees_p1_20260529_182607,G1_thiram_molar_grade,Thiram Positive Molar Grade,5,382,782.0,0
shap_feature_selection_extratrees_p1_20260529_182607,G1_thiram_molar_grade,Thiram Positive Molar Grade,5,383,783.0,0
shap_feature_selection_extratrees_p1_20260529_182607,G1_thiram_molar_grade,Thiram Positive Molar Grade,5,384,784.0,0
shap_feature_selection_extratrees_p1_20260529_182607,G1_thiram_molar_grade,Thiram Positive Molar Grade,5,385,785.0,0
shap_feature_selection_extratrees_p1_20260529_182607,G1_thiram_molar_grade,Thiram Positive Molar Grade,5,386,786.0,0
shap_feature_selection_extratrees_p1_20260529_182607,G1_thiram_molar_grade,Thiram Positive Molar Grade,5,387,787.0,0
shap_feature_selection_extratrees_p1_20260529_182607,G1_thiram_molar_grade,Thiram Positive Molar Grade,5,388,788.0,0
shap_feature_selection_extratrees_p1_20260529_182607,G1_thiram_molar_grade,Thiram Positive Molar Grade,5,389,789.0,0
shap_feature_selection_extratrees_p1_20260529_182607,G1_thiram_molar_grade,Thiram Positive Molar Grade,5,390,790.0,0
shap_feature_selection_extratrees_p1_20260529_182607,G1_thiram_molar_grade,Thiram Positive Molar Grade,5,391,791.0,0
shap_feature_selection_extratrees_p1_20260529_182607,G1_thiram_molar_grade,Thiram Positive Molar Grade,5,392,792.0,0
shap_feature_selection_extratrees_p1_20260529_182607,G1_thiram_molar_grade,Thiram Positive Molar Grade,5,393,793.0,0
shap_feature_selection_extratrees_p1_20260529_182607,G1_thiram_molar_grade,Thiram Positive Molar Grade,5,394,794.0,0
shap_feature_selection_extratrees_p1_20260529_182607,G1_thiram_molar_grade,Thiram Positive Molar Grade,5,395,795.0,0
shap_feature_selection_extratrees_p1_20260529_182607,G1_thiram_molar_grade,Thiram Positive Molar Grade,5,396,796.0,0
shap_feature_selection_extratrees_p1_20260529_182607,G1_thiram_molar_grade,Thiram Positive Molar Grade,5,397,797.0,0
shap_feature_selection_extratrees_p1_20260529_182607,G1_thiram_molar_grade,Thiram Positive Molar Grade,5,398,798.0,0
shap_feature_selection_extratrees_p1_20260529_182607,G1_thiram_molar_grade,Thiram Positive Molar Grade,5,399,799.0,0
shap_feature_selection_extratrees_p1_20260529_182607,G1_thiram_molar_grade,Thiram Positive Molar Grade,5,400,800.0,0
shap_feature_selection_extratrees_p1_20260529_182607,G1_thiram_molar_grade,Thiram Positive Molar Grade,5,401,801.0,0
shap_feature_selection_extratrees_p1_20260529_182607,G1_thiram_molar_grade,Thiram Positive Molar Grade,5,402,802.0,0
shap_feature_selection_extratrees_p1_20260529_182607,G1_thiram_molar_grade,Thiram Positive Molar Grade,5,403,803.0,0
shap_feature_selection_extratrees_p1_20260529_182607,G1_thiram_molar_grade,Thiram Positive Molar Grade,5,404,804.0,0
shap_feature_selection_extratrees_p1_20260529_182607,G1_thiram_molar_grade,Thiram Positive Molar Grade,5,405,805.0,0
shap_feature_selection_extratrees_p1_20260529_182607,G1_thiram_molar_grade,Thiram Positive Molar Grade,5,406,806.0,0
shap_feature_selection_extratrees_p1_20260529_182607,G1_thiram_molar_grade,Thiram Positive Molar Grade,5,407,807.0,0
shap_feature_selection_extratrees_p1_20260529_182607,G1_thiram_molar_grade,Thiram Positive Molar Grade,5,408,808.0,0
shap_feature_selection_extratrees_p1_20260529_182607,G1_thiram_molar_grade,Thiram Positive Molar Grade,5,409,809.0,0
shap_feature_selection_extratrees_p1_20260529_182607,G1_thiram_molar_grade,Thiram Positive Molar Grade,5,410,810.0,0
shap_feature_selection_extratrees_p1_20260529_182607,G1_thiram_molar_grade,Thiram Positive Molar Grade,5,411,811.0,0
shap_feature_selection_extratrees_p1_20260529_182607,G1_thiram_molar_grade,Thiram Positive Molar Grade,5,412,812.0,0
shap_feature_selection_extratrees_p1_20260529_182607,G1_thiram_molar_grade,Thiram Positive Molar Grade,5,413,813.0,0
shap_feature_selection_extratrees_p1_20260529_182607,G1_thiram_molar_grade,Thiram Positive Molar Grade,5,414,814.0,0
shap_feature_selection_extratrees_p1_20260529_182607,G1_thiram_molar_grade,Thiram Positive Molar Grade,5,415,815.0,0
shap_feature_selection_extratrees_p1_20260529_182607,G1_thiram_molar_grade,Thiram Positive Molar Grade,5,416,816.0,0
shap_feature_selection_extratrees_p1_20260529_182607,G1_thiram_molar_grade,Thiram Positive Molar Grade,5,417,817.0,0
shap_feature_selection_extratrees_p1_20260529_182607,G1_thiram_molar_grade,Thiram Positive Molar Grade,5,418,818.0,0
shap_feature_selection_extratrees_p1_20260529_182607,G1_thiram_molar_grade,Thiram Positive Molar Grade,5,419,819.0,0
shap_feature_selection_extratrees_p1_20260529_182607,G1_thiram_molar_grade,Thiram Positive Molar Grade,5,420,820.0,0
shap_feature_selection_extratrees_p1_20260529_182607,G1_thiram_molar_grade,Thiram Positive Molar Grade,5,421,821.0,0
shap_feature_selection_extratrees_p1_20260529_182607,G1_thiram_molar_grade,Thiram Positive Molar Grade,5,422,822.0,0
shap_feature_selection_extratrees_p1_20260529_182607,G1_thiram_molar_grade,Thiram Positive Molar Grade,5,423,823.0,0
shap_feature_selection_extratrees_p1_20260529_182607,G1_thiram_molar_grade,Thiram Positive Molar Grade,5,424,824.0,0
shap_feature_selection_extratrees_p1_20260529_182607,G1_thiram_molar_grade,Thiram Positive Molar Grade,5,425,825.0,0
shap_feature_selection_extratrees_p1_20260529_182607,G1_thiram_molar_grade,Thiram Positive Molar Grade,5,426,826.0,0
shap_feature_selection_extratrees_p1_20260529_182607,G1_thiram_molar_grade,Thiram Positive Molar Grade,5,427,827.0,0
shap_feature_selection_extratrees_p1_20260529_182607,G1_thiram_molar_grade,Thiram Positive Molar Grade,5,428,828.0,0
shap_feature_selection_extratrees_p1_20260529_182607,G1_thiram_molar_grade,Thiram Positive Molar Grade,5,429,829.0,0
shap_feature_selection_extratrees_p1_20260529_182607,G1_thiram_molar_grade,Thiram Positive Molar Grade,5,430,830.0,0
shap_feature_selection_extratrees_p1_20260529_182607,G1_thiram_molar_grade,Thiram Positive Molar Grade,5,431,831.0,0
shap_feature_selection_extratrees_p1_20260529_182607,G1_thiram_molar_grade,Thiram Positive Molar Grade,5,432,832.0,0
shap_feature_selection_extratrees_p1_20260529_182607,G1_thiram_molar_grade,Thiram Positive Molar Grade,5,433,833.0,0
shap_feature_selection_extratrees_p1_20260529_182607,G1_thiram_molar_grade,Thiram Positive Molar Grade,5,434,834.0,0
shap_feature_selection_extratrees_p1_20260529_182607,G1_thiram_molar_grade,Thiram Positive Molar Grade,5,435,835.0,0
shap_feature_selection_extratrees_p1_20260529_182607,G1_thiram_molar_grade,Thiram Positive Molar Grade,5,436,836.0,0
shap_feature_selection_extratrees_p1_20260529_182607,G1_thiram_molar_grade,Thiram Positive Molar Grade,5,437,837.0,0
shap_feature_selection_extratrees_p1_20260529_182607,G1_thiram_molar_grade,Thiram Positive Molar Grade,5,438,838.0,0
shap_feature_selection_extratrees_p1_20260529_182607,G1_thiram_molar_grade,Thiram Positive Molar Grade,5,439,839.0,0
shap_feature_selection_extratrees_p1_20260529_182607,G1_thiram_molar_grade,Thiram Positive Molar Grade,5,440,840.0,0
shap_feature_selection_extratrees_p1_20260529_182607,G1_thiram_molar_grade,Thiram Positive Molar Grade,5,441,841.0,0
shap_feature_selection_extratrees_p1_20260529_182607,G1_thiram_molar_grade,Thiram Positive Molar Grade,5,442,842.0,0
shap_feature_selection_extratrees_p1_20260529_182607,G1_thiram_molar_grade,Thiram Positive Molar Grade,5,443,843.0,0
shap_feature_selection_extratrees_p1_20260529_182607,G1_thiram_molar_grade,Thiram Positive Molar Grade,5,444,844.0,0
shap_feature_selection_extratrees_p1_20260529_182607,G1_thiram_molar_grade,Thiram Positive Molar Grade,5,445,845.0,0
shap_feature_selection_extratrees_p1_20260529_182607,G1_thiram_molar_grade,Thiram Positive Molar Grade,5,446,846.0,0
shap_feature_selection_extratrees_p1_20260529_182607,G1_thiram_molar_grade,Thiram Positive Molar Grade,5,447,847.0,0
shap_feature_selection_extratrees_p1_20260529_182607,G1_thiram_molar_grade,Thiram Positive Molar Grade,5,448,848.0,0
shap_feature_selection_extratrees_p1_20260529_182607,G1_thiram_molar_grade,Thiram Positive Molar Grade,5,449,849.0,0
shap_feature_selection_extratrees_p1_20260529_182607,G1_thiram_molar_grade,Thiram Positive Molar Grade,5,450,850.0,0
shap_feature_selection_extratrees_p1_20260529_182607,G1_thiram_molar_grade,Thiram Positive Molar Grade,5,451,851.0,0
shap_feature_selection_extratrees_p1_20260529_182607,G1_thiram_molar_grade,Thiram Positive Molar Grade,5,452,852.0,0
shap_feature_selection_extratrees_p1_20260529_182607,G1_thiram_molar_grade,Thiram Positive Molar Grade,5,453,853.0,0
shap_feature_selection_extratrees_p1_20260529_182607,G1_thiram_molar_grade,Thiram Positive Molar Grade,5,454,854.0,0
shap_feature_selection_extratrees_p1_20260529_182607,G1_thiram_molar_grade,Thiram Positive Molar Grade,5,455,855.0,0
shap_feature_selection_extratrees_p1_20260529_182607,G1_thiram_molar_grade,Thiram Positive Molar Grade,5,456,856.0,0
shap_feature_selection_extratrees_p1_20260529_182607,G1_thiram_molar_grade,Thiram Positive Molar Grade,5,457,857.0,0
shap_feature_selection_extratrees_p1_20260529_182607,G1_thiram_molar_grade,Thiram Positive Molar Grade,5,458,858.0,0
shap_feature_selection_extratrees_p1_20260529_182607,G1_thiram_molar_grade,Thiram Positive Molar Grade,5,459,859.0,0
shap_feature_selection_extratrees_p1_20260529_182607,G1_thiram_molar_grade,Thiram Positive Molar Grade,5,460,860.0,0
shap_feature_selection_extratrees_p1_20260529_182607,G1_thiram_molar_grade,Thiram Positive Molar Grade,5,461,861.0,0
shap_feature_selection_extratrees_p1_20260529_182607,G1_thiram_molar_grade,Thiram Positive Molar Grade,5,462,862.0,0
shap_feature_selection_extratrees_p1_20260529_182607,G1_thiram_molar_grade,Thiram Positive Molar Grade,5,463,863.0,0
shap_feature_selection_extratrees_p1_20260529_182607,G1_thiram_molar_grade,Thiram Positive Molar Grade,5,464,864.0,0
shap_feature_selection_extratrees_p1_20260529_182607,G1_thiram_molar_grade,Thiram Positive Molar Grade,5,465,865.0,0
shap_feature_selection_extratrees_p1_20260529_182607,G1_thiram_molar_grade,Thiram Positive Molar Grade,5,466,866.0,0
shap_feature_selection_extratrees_p1_20260529_182607,G1_thiram_molar_grade,Thiram Positive Molar Grade,5,467,867.0,0
shap_feature_selection_extratrees_p1_20260529_182607,G1_thiram_molar_grade,Thiram Positive Molar Grade,5,468,868.0,0
shap_feature_selection_extratrees_p1_20260529_182607,G1_thiram_molar_grade,Thiram Positive Molar Grade,5,469,869.0,0
shap_feature_selection_extratrees_p1_20260529_182607,G1_thiram_molar_grade,Thiram Positive Molar Grade,5,470,870.0,0
shap_feature_selection_extratrees_p1_20260529_182607,G1_thiram_molar_grade,Thiram Positive Molar Grade,5,471,871.0,0
shap_feature_selection_extratrees_p1_20260529_182607,G1_thiram_molar_grade,Thiram Positive Molar Grade,5,472,872.0,0
shap_feature_selection_extratrees_p1_20260529_182607,G1_thiram_molar_grade,Thiram Positive Molar Grade,5,473,873.0,1
shap_feature_selection_extratrees_p1_20260529_182607,G1_thiram_molar_grade,Thiram Positive Molar Grade,5,474,874.0,1
shap_feature_selection_extratrees_p1_20260529_182607,G1_thiram_molar_grade,Thiram Positive Molar Grade,5,475,875.0,1
shap_feature_selection_extratrees_p1_20260529_182607,G1_thiram_molar_grade,Thiram Positive Molar Grade,5,476,876.0,0
shap_feature_selection_extratrees_p1_20260529_182607,G1_thiram_molar_grade,Thiram Positive Molar Grade,5,477,877.0,1
shap_feature_selection_extratrees_p1_20260529_182607,G1_thiram_molar_grade,Thiram Positive Molar Grade,5,478,878.0,1
shap_feature_selection_extratrees_p1_20260529_182607,G1_thiram_molar_grade,Thiram Positive Molar Grade,5,479,879.0,0
shap_feature_selection_extratrees_p1_20260529_182607,G1_thiram_molar_grade,Thiram Positive Molar Grade,5,480,880.0,0
shap_feature_selection_extratrees_p1_20260529_182607,G1_thiram_molar_grade,Thiram Positive Molar Grade,5,481,881.0,0
shap_feature_selection_extratrees_p1_20260529_182607,G1_thiram_molar_grade,Thiram Positive Molar Grade,5,482,882.0,0
shap_feature_selection_extratrees_p1_20260529_182607,G1_thiram_molar_grade,Thiram Positive Molar Grade,5,483,883.0,0
shap_feature_selection_extratrees_p1_20260529_182607,G1_thiram_molar_grade,Thiram Positive Molar Grade,5,484,884.0,0
shap_feature_selection_extratrees_p1_20260529_182607,G1_thiram_molar_grade,Thiram Positive Molar Grade,5,485,885.0,0
shap_feature_selection_extratrees_p1_20260529_182607,G1_thiram_molar_grade,Thiram Positive Molar Grade,5,486,886.0,0
shap_feature_selection_extratrees_p1_20260529_182607,G1_thiram_molar_grade,Thiram Positive Molar Grade,5,487,887.0,0
shap_feature_selection_extratrees_p1_20260529_182607,G1_thiram_molar_grade,Thiram Positive Molar Grade,5,488,888.0,0
shap_feature_selection_extratrees_p1_20260529_182607,G1_thiram_molar_grade,Thiram Positive Molar Grade,5,489,889.0,0
shap_feature_selection_extratrees_p1_20260529_182607,G1_thiram_molar_grade,Thiram Positive Molar Grade,5,490,890.0,0
shap_feature_selection_extratrees_p1_20260529_182607,G1_thiram_molar_grade,Thiram Positive Molar Grade,5,491,891.0,0
shap_feature_selection_extratrees_p1_20260529_182607,G1_thiram_molar_grade,Thiram Positive Molar Grade,5,492,892.0,0
shap_feature_selection_extratrees_p1_20260529_182607,G1_thiram_molar_grade,Thiram Positive Molar Grade,5,493,893.0,0
shap_feature_selection_extratrees_p1_20260529_182607,G1_thiram_molar_grade,Thiram Positive Molar Grade,5,494,894.0,0
shap_feature_selection_extratrees_p1_20260529_182607,G1_thiram_molar_grade,Thiram Positive Molar Grade,5,495,895.0,0
shap_feature_selection_extratrees_p1_20260529_182607,G1_thiram_molar_grade,Thiram Positive Molar Grade,5,496,896.0,0
shap_feature_selection_extratrees_p1_20260529_182607,G1_thiram_molar_grade,Thiram Positive Molar Grade,5,497,897.0,0
shap_feature_selection_extratrees_p1_20260529_182607,G1_thiram_molar_grade,Thiram Positive Molar Grade,5,498,898.0,0
shap_feature_selection_extratrees_p1_20260529_182607,G1_thiram_molar_grade,Thiram Positive Molar Grade,5,499,899.0,0
shap_feature_selection_extratrees_p1_20260529_182607,G1_thiram_molar_grade,Thiram Positive Molar Grade,5,500,900.0,0
shap_feature_selection_extratrees_p1_20260529_182607,G1_thiram_molar_grade,Thiram Positive Molar Grade,5,501,901.0,0
shap_feature_selection_extratrees_p1_20260529_182607,G1_thiram_molar_grade,Thiram Positive Molar Grade,5,502,902.0,0
shap_feature_selection_extratrees_p1_20260529_182607,G1_thiram_molar_grade,Thiram Positive Molar Grade,5,503,903.0,0
shap_feature_selection_extratrees_p1_20260529_182607,G1_thiram_molar_grade,Thiram Positive Molar Grade,5,504,904.0,0
shap_feature_selection_extratrees_p1_20260529_182607,G1_thiram_molar_grade,Thiram Positive Molar Grade,5,505,905.0,0
shap_feature_selection_extratrees_p1_20260529_182607,G1_thiram_molar_grade,Thiram Positive Molar Grade,5,506,906.0,0
shap_feature_selection_extratrees_p1_20260529_182607,G1_thiram_molar_grade,Thiram Positive Molar Grade,5,507,907.0,0
shap_feature_selection_extratrees_p1_20260529_182607,G1_thiram_molar_grade,Thiram Positive Molar Grade,5,508,908.0,0
shap_feature_selection_extratrees_p1_20260529_182607,G1_thiram_molar_grade,Thiram Positive Molar Grade,5,509,909.0,0
shap_feature_selection_extratrees_p1_20260529_182607,G1_thiram_molar_grade,Thiram Positive Molar Grade,5,510,910.0,0
shap_feature_selection_extratrees_p1_20260529_182607,G1_thiram_molar_grade,Thiram Positive Molar Grade,5,511,911.0,0
shap_feature_selection_extratrees_p1_20260529_182607,G1_thiram_molar_grade,Thiram Positive Molar Grade,5,512,912.0,0
shap_feature_selection_extratrees_p1_20260529_182607,G1_thiram_molar_grade,Thiram Positive Molar Grade,5,513,913.0,0
shap_feature_selection_extratrees_p1_20260529_182607,G1_thiram_molar_grade,Thiram Positive Molar Grade,5,514,914.0,0
shap_feature_selection_extratrees_p1_20260529_182607,G1_thiram_molar_grade,Thiram Positive Molar Grade,5,515,915.0,0
shap_feature_selection_extratrees_p1_20260529_182607,G1_thiram_molar_grade,Thiram Positive Molar Grade,5,516,916.0,0
shap_feature_selection_extratrees_p1_20260529_182607,G1_thiram_molar_grade,Thiram Positive Molar Grade,5,517,917.0,0
shap_feature_selection_extratrees_p1_20260529_182607,G1_thiram_molar_grade,Thiram Positive Molar Grade,5,518,918.0,0
shap_feature_selection_extratrees_p1_20260529_182607,G1_thiram_molar_grade,Thiram Positive Molar Grade,5,519,919.0,0
shap_feature_selection_extratrees_p1_20260529_182607,G1_thiram_molar_grade,Thiram Positive Molar Grade,5,520,920.0,0
shap_feature_selection_extratrees_p1_20260529_182607,G1_thiram_molar_grade,Thiram Positive Molar Grade,5,521,921.0,0
shap_feature_selection_extratrees_p1_20260529_182607,G1_thiram_molar_grade,Thiram Positive Molar Grade,5,522,922.0,0
shap_feature_selection_extratrees_p1_20260529_182607,G1_thiram_molar_grade,Thiram Positive Molar Grade,5,523,923.0,0
shap_feature_selection_extratrees_p1_20260529_182607,G1_thiram_molar_grade,Thiram Positive Molar Grade,5,524,924.0,0
shap_feature_selection_extratrees_p1_20260529_182607,G1_thiram_molar_grade,Thiram Positive Molar Grade,5,525,925.0,0
shap_feature_selection_extratrees_p1_20260529_182607,G1_thiram_molar_grade,Thiram Positive Molar Grade,5,526,926.0,0
shap_feature_selection_extratrees_p1_20260529_182607,G1_thiram_molar_grade,Thiram Positive Molar Grade,5,527,927.0,0
shap_feature_selection_extratrees_p1_20260529_182607,G1_thiram_molar_grade,Thiram Positive Molar Grade,5,528,928.0,0
shap_feature_selection_extratrees_p1_20260529_182607,G1_thiram_molar_grade,Thiram Positive Molar Grade,5,529,929.0,0
shap_feature_selection_extratrees_p1_20260529_182607,G1_thiram_molar_grade,Thiram Positive Molar Grade,5,530,930.0,0
shap_feature_selection_extratrees_p1_20260529_182607,G1_thiram_molar_grade,Thiram Positive Molar Grade,5,531,931.0,0
shap_feature_selection_extratrees_p1_20260529_182607,G1_thiram_molar_grade,Thiram Positive Molar Grade,5,532,932.0,0
shap_feature_selection_extratrees_p1_20260529_182607,G1_thiram_molar_grade,Thiram Positive Molar Grade,5,533,933.0,0
shap_feature_selection_extratrees_p1_20260529_182607,G1_thiram_molar_grade,Thiram Positive Molar Grade,5,534,934.0,0
shap_feature_selection_extratrees_p1_20260529_182607,G1_thiram_molar_grade,Thiram Positive Molar Grade,5,535,935.0,0
shap_feature_selection_extratrees_p1_20260529_182607,G1_thiram_molar_grade,Thiram Positive Molar Grade,5,536,936.0,0
shap_feature_selection_extratrees_p1_20260529_182607,G1_thiram_molar_grade,Thiram Positive Molar Grade,5,537,937.0,0
shap_feature_selection_extratrees_p1_20260529_182607,G1_thiram_molar_grade,Thiram Positive Molar Grade,5,538,938.0,0
shap_feature_selection_extratrees_p1_20260529_182607,G1_thiram_molar_grade,Thiram Positive Molar Grade,5,539,939.0,0
shap_feature_selection_extratrees_p1_20260529_182607,G1_thiram_molar_grade,Thiram Positive Molar Grade,5,540,940.0,0
shap_feature_selection_extratrees_p1_20260529_182607,G1_thiram_molar_grade,Thiram Positive Molar Grade,5,541,941.0,0
shap_feature_selection_extratrees_p1_20260529_182607,G1_thiram_molar_grade,Thiram Positive Molar Grade,5,542,942.0,0
shap_feature_selection_extratrees_p1_20260529_182607,G1_thiram_molar_grade,Thiram Positive Molar Grade,5,543,943.0,0
shap_feature_selection_extratrees_p1_20260529_182607,G1_thiram_molar_grade,Thiram Positive Molar Grade,5,544,944.0,0
shap_feature_selection_extratrees_p1_20260529_182607,G1_thiram_molar_grade,Thiram Positive Molar Grade,5,545,945.0,0
shap_feature_selection_extratrees_p1_20260529_182607,G1_thiram_molar_grade,Thiram Positive Molar Grade,5,546,946.0,0
shap_feature_selection_extratrees_p1_20260529_182607,G1_thiram_molar_grade,Thiram Positive Molar Grade,5,547,947.0,0
shap_feature_selection_extratrees_p1_20260529_182607,G1_thiram_molar_grade,Thiram Positive Molar Grade,5,548,948.0,0
shap_feature_selection_extratrees_p1_20260529_182607,G1_thiram_molar_grade,Thiram Positive Molar Grade,5,549,949.0,0
shap_feature_selection_extratrees_p1_20260529_182607,G1_thiram_molar_grade,Thiram Positive Molar Grade,5,550,950.0,0
shap_feature_selection_extratrees_p1_20260529_182607,G1_thiram_molar_grade,Thiram Positive Molar Grade,5,551,951.0,0
shap_feature_selection_extratrees_p1_20260529_182607,G1_thiram_molar_grade,Thiram Positive Molar Grade,5,552,952.0,0
shap_feature_selection_extratrees_p1_20260529_182607,G1_thiram_molar_grade,Thiram Positive Molar Grade,5,553,953.0,0
shap_feature_selection_extratrees_p1_20260529_182607,G1_thiram_molar_grade,Thiram Positive Molar Grade,5,554,954.0,0
shap_feature_selection_extratrees_p1_20260529_182607,G1_thiram_molar_grade,Thiram Positive Molar Grade,5,555,955.0,0
shap_feature_selection_extratrees_p1_20260529_182607,G1_thiram_molar_grade,Thiram Positive Molar Grade,5,556,956.0,0
shap_feature_selection_extratrees_p1_20260529_182607,G1_thiram_molar_grade,Thiram Positive Molar Grade,5,557,957.0,0
shap_feature_selection_extratrees_p1_20260529_182607,G1_thiram_molar_grade,Thiram Positive Molar Grade,5,558,958.0,0
shap_feature_selection_extratrees_p1_20260529_182607,G1_thiram_molar_grade,Thiram Positive Molar Grade,5,559,959.0,0
shap_feature_selection_extratrees_p1_20260529_182607,G1_thiram_molar_grade,Thiram Positive Molar Grade,5,560,960.0,0
shap_feature_selection_extratrees_p1_20260529_182607,G1_thiram_molar_grade,Thiram Positive Molar Grade,5,561,961.0,0
shap_feature_selection_extratrees_p1_20260529_182607,G1_thiram_molar_grade,Thiram Positive Molar Grade,5,562,962.0,0
shap_feature_selection_extratrees_p1_20260529_182607,G1_thiram_molar_grade,Thiram Positive Molar Grade,5,563,963.0,0
shap_feature_selection_extratrees_p1_20260529_182607,G1_thiram_molar_grade,Thiram Positive Molar Grade,5,564,964.0,0
shap_feature_selection_extratrees_p1_20260529_182607,G1_thiram_molar_grade,Thiram Positive Molar Grade,5,565,965.0,0
shap_feature_selection_extratrees_p1_20260529_182607,G1_thiram_molar_grade,Thiram Positive Molar Grade,5,566,966.0,0
shap_feature_selection_extratrees_p1_20260529_182607,G1_thiram_molar_grade,Thiram Positive Molar Grade,5,567,967.0,0
shap_feature_selection_extratrees_p1_20260529_182607,G1_thiram_molar_grade,Thiram Positive Molar Grade,5,568,968.0,0
shap_feature_selection_extratrees_p1_20260529_182607,G1_thiram_molar_grade,Thiram Positive Molar Grade,5,569,969.0,0
shap_feature_selection_extratrees_p1_20260529_182607,G1_thiram_molar_grade,Thiram Positive Molar Grade,5,570,970.0,0
shap_feature_selection_extratrees_p1_20260529_182607,G1_thiram_molar_grade,Thiram Positive Molar Grade,5,571,971.0,0
shap_feature_selection_extratrees_p1_20260529_182607,G1_thiram_molar_grade,Thiram Positive Molar Grade,5,572,972.0,0
shap_feature_selection_extratrees_p1_20260529_182607,G1_thiram_molar_grade,Thiram Positive Molar Grade,5,573,973.0,0
shap_feature_selection_extratrees_p1_20260529_182607,G1_thiram_molar_grade,Thiram Positive Molar Grade,5,574,974.0,0
shap_feature_selection_extratrees_p1_20260529_182607,G1_thiram_molar_grade,Thiram Positive Molar Grade,5,575,975.0,0
shap_feature_selection_extratrees_p1_20260529_182607,G1_thiram_molar_grade,Thiram Positive Molar Grade,5,576,976.0,0
shap_feature_selection_extratrees_p1_20260529_182607,G1_thiram_molar_grade,Thiram Positive Molar Grade,5,577,977.0,0
shap_feature_selection_extratrees_p1_20260529_182607,G1_thiram_molar_grade,Thiram Positive Molar Grade,5,578,978.0,0
shap_feature_selection_extratrees_p1_20260529_182607,G1_thiram_molar_grade,Thiram Positive Molar Grade,5,579,979.0,0
shap_feature_selection_extratrees_p1_20260529_182607,G1_thiram_molar_grade,Thiram Positive Molar Grade,5,580,980.0,0
shap_feature_selection_extratrees_p1_20260529_182607,G1_thiram_molar_grade,Thiram Positive Molar Grade,5,581,981.0,0
shap_feature_selection_extratrees_p1_20260529_182607,G1_thiram_molar_grade,Thiram Positive Molar Grade,5,582,982.0,0
shap_feature_selection_extratrees_p1_20260529_182607,G1_thiram_molar_grade,Thiram Positive Molar Grade,5,583,983.0,0
shap_feature_selection_extratrees_p1_20260529_182607,G1_thiram_molar_grade,Thiram Positive Molar Grade,5,584,984.0,0
shap_feature_selection_extratrees_p1_20260529_182607,G1_thiram_molar_grade,Thiram Positive Molar Grade,5,585,985.0,0
shap_feature_selection_extratrees_p1_20260529_182607,G1_thiram_molar_grade,Thiram Positive Molar Grade,5,586,986.0,0
shap_feature_selection_extratrees_p1_20260529_182607,G1_thiram_molar_grade,Thiram Positive Molar Grade,5,587,987.0,0
shap_feature_selection_extratrees_p1_20260529_182607,G1_thiram_molar_grade,Thiram Positive Molar Grade,5,588,988.0,0
shap_feature_selection_extratrees_p1_20260529_182607,G1_thiram_molar_grade,Thiram Positive Molar Grade,5,589,989.0,0
shap_feature_selection_extratrees_p1_20260529_182607,G1_thiram_molar_grade,Thiram Positive Molar Grade,5,590,990.0,0
shap_feature_selection_extratrees_p1_20260529_182607,G1_thiram_molar_grade,Thiram Positive Molar Grade,5,591,991.0,0
shap_feature_selection_extratrees_p1_20260529_182607,G1_thiram_molar_grade,Thiram Positive Molar Grade,5,592,992.0,0
shap_feature_selection_extratrees_p1_20260529_182607,G1_thiram_molar_grade,Thiram Positive Molar Grade,5,593,993.0,0
shap_feature_selection_extratrees_p1_20260529_182607,G1_thiram_molar_grade,Thiram Positive Molar Grade,5,594,994.0,0
shap_feature_selection_extratrees_p1_20260529_182607,G1_thiram_molar_grade,Thiram Positive Molar Grade,5,595,995.0,0
shap_feature_selection_extratrees_p1_20260529_182607,G1_thiram_molar_grade,Thiram Positive Molar Grade,5,596,996.0,0
shap_feature_selection_extratrees_p1_20260529_182607,G1_thiram_molar_grade,Thiram Positive Molar Grade,5,597,997.0,0
shap_feature_selection_extratrees_p1_20260529_182607,G1_thiram_molar_grade,Thiram Positive Molar Grade,5,598,998.0,0
shap_feature_selection_extratrees_p1_20260529_182607,G1_thiram_molar_grade,Thiram Positive Molar Grade,5,599,999.0,0
shap_feature_selection_extratrees_p1_20260529_182607,G1_thiram_molar_grade,Thiram Positive Molar Grade,5,600,1000.0,0
shap_feature_selection_extratrees_p1_20260529_182607,G1_thiram_molar_grade,Thiram Positive Molar Grade,5,601,1001.0,0
shap_feature_selection_extratrees_p1_20260529_182607,G1_thiram_molar_grade,Thiram Positive Molar Grade,5,602,1002.0,0
shap_feature_selection_extratrees_p1_20260529_182607,G1_thiram_molar_grade,Thiram Positive Molar Grade,5,603,1003.0,0
shap_feature_selection_extratrees_p1_20260529_182607,G1_thiram_molar_grade,Thiram Positive Molar Grade,5,604,1004.0,0
shap_feature_selection_extratrees_p1_20260529_182607,G1_thiram_molar_grade,Thiram Positive Molar Grade,5,605,1005.0,0
shap_feature_selection_extratrees_p1_20260529_182607,G1_thiram_molar_grade,Thiram Positive Molar Grade,5,606,1006.0,0
shap_feature_selection_extratrees_p1_20260529_182607,G1_thiram_molar_grade,Thiram Positive Molar Grade,5,607,1007.0,0
shap_feature_selection_extratrees_p1_20260529_182607,G1_thiram_molar_grade,Thiram Positive Molar Grade,5,608,1008.0,0
shap_feature_selection_extratrees_p1_20260529_182607,G1_thiram_molar_grade,Thiram Positive Molar Grade,5,609,1009.0,0
shap_feature_selection_extratrees_p1_20260529_182607,G1_thiram_molar_grade,Thiram Positive Molar Grade,5,610,1010.0,0
shap_feature_selection_extratrees_p1_20260529_182607,G1_thiram_molar_grade,Thiram Positive Molar Grade,5,611,1011.0,0
shap_feature_selection_extratrees_p1_20260529_182607,G1_thiram_molar_grade,Thiram Positive Molar Grade,5,612,1012.0,0
shap_feature_selection_extratrees_p1_20260529_182607,G1_thiram_molar_grade,Thiram Positive Molar Grade,5,613,1013.0,0
shap_feature_selection_extratrees_p1_20260529_182607,G1_thiram_molar_grade,Thiram Positive Molar Grade,5,614,1014.0,0
shap_feature_selection_extratrees_p1_20260529_182607,G1_thiram_molar_grade,Thiram Positive Molar Grade,5,615,1015.0,0
shap_feature_selection_extratrees_p1_20260529_182607,G1_thiram_molar_grade,Thiram Positive Molar Grade,5,616,1016.0,0
shap_feature_selection_extratrees_p1_20260529_182607,G1_thiram_molar_grade,Thiram Positive Molar Grade,5,617,1017.0,0
shap_feature_selection_extratrees_p1_20260529_182607,G1_thiram_molar_grade,Thiram Positive Molar Grade,5,618,1018.0,0
shap_feature_selection_extratrees_p1_20260529_182607,G1_thiram_molar_grade,Thiram Positive Molar Grade,5,619,1019.0,0
shap_feature_selection_extratrees_p1_20260529_182607,G1_thiram_molar_grade,Thiram Positive Molar Grade,5,620,1020.0,0
shap_feature_selection_extratrees_p1_20260529_182607,G1_thiram_molar_grade,Thiram Positive Molar Grade,5,621,1021.0,0
shap_feature_selection_extratrees_p1_20260529_182607,G1_thiram_molar_grade,Thiram Positive Molar Grade,5,622,1022.0,0
shap_feature_selection_extratrees_p1_20260529_182607,G1_thiram_molar_grade,Thiram Positive Molar Grade,5,623,1023.0,0
shap_feature_selection_extratrees_p1_20260529_182607,G1_thiram_molar_grade,Thiram Positive Molar Grade,5,624,1024.0,0
shap_feature_selection_extratrees_p1_20260529_182607,G1_thiram_molar_grade,Thiram Positive Molar Grade,5,625,1025.0,0
shap_feature_selection_extratrees_p1_20260529_182607,G1_thiram_molar_grade,Thiram Positive Molar Grade,5,626,1026.0,0
shap_feature_selection_extratrees_p1_20260529_182607,G1_thiram_molar_grade,Thiram Positive Molar Grade,5,627,1027.0,0
shap_feature_selection_extratrees_p1_20260529_182607,G1_thiram_molar_grade,Thiram Positive Molar Grade,5,628,1028.0,0
shap_feature_selection_extratrees_p1_20260529_182607,G1_thiram_molar_grade,Thiram Positive Molar Grade,5,629,1029.0,0
shap_feature_selection_extratrees_p1_20260529_182607,G1_thiram_molar_grade,Thiram Positive Molar Grade,5,630,1030.0,0
shap_feature_selection_extratrees_p1_20260529_182607,G1_thiram_molar_grade,Thiram Positive Molar Grade,5,631,1031.0,0
shap_feature_selection_extratrees_p1_20260529_182607,G1_thiram_molar_grade,Thiram Positive Molar Grade,5,632,1032.0,0
shap_feature_selection_extratrees_p1_20260529_182607,G1_thiram_molar_grade,Thiram Positive Molar Grade,5,633,1033.0,0
shap_feature_selection_extratrees_p1_20260529_182607,G1_thiram_molar_grade,Thiram Positive Molar Grade,5,634,1034.0,0
shap_feature_selection_extratrees_p1_20260529_182607,G1_thiram_molar_grade,Thiram Positive Molar Grade,5,635,1035.0,0
shap_feature_selection_extratrees_p1_20260529_182607,G1_thiram_molar_grade,Thiram Positive Molar Grade,5,636,1036.0,0
shap_feature_selection_extratrees_p1_20260529_182607,G1_thiram_molar_grade,Thiram Positive Molar Grade,5,637,1037.0,0
shap_feature_selection_extratrees_p1_20260529_182607,G1_thiram_molar_grade,Thiram Positive Molar Grade,5,638,1038.0,0
shap_feature_selection_extratrees_p1_20260529_182607,G1_thiram_molar_grade,Thiram Positive Molar Grade,5,639,1039.0,0
shap_feature_selection_extratrees_p1_20260529_182607,G1_thiram_molar_grade,Thiram Positive Molar Grade,5,640,1040.0,0
shap_feature_selection_extratrees_p1_20260529_182607,G1_thiram_molar_grade,Thiram Positive Molar Grade,5,641,1041.0,0
shap_feature_selection_extratrees_p1_20260529_182607,G1_thiram_molar_grade,Thiram Positive Molar Grade,5,642,1042.0,0
shap_feature_selection_extratrees_p1_20260529_182607,G1_thiram_molar_grade,Thiram Positive Molar Grade,5,643,1043.0,0
shap_feature_selection_extratrees_p1_20260529_182607,G1_thiram_molar_grade,Thiram Positive Molar Grade,5,644,1044.0,0
shap_feature_selection_extratrees_p1_20260529_182607,G1_thiram_molar_grade,Thiram Positive Molar Grade,5,645,1045.0,0
shap_feature_selection_extratrees_p1_20260529_182607,G1_thiram_molar_grade,Thiram Positive Molar Grade,5,646,1046.0,0
shap_feature_selection_extratrees_p1_20260529_182607,G1_thiram_molar_grade,Thiram Positive Molar Grade,5,647,1047.0,0
shap_feature_selection_extratrees_p1_20260529_182607,G1_thiram_molar_grade,Thiram Positive Molar Grade,5,648,1048.0,0
shap_feature_selection_extratrees_p1_20260529_182607,G1_thiram_molar_grade,Thiram Positive Molar Grade,5,649,1049.0,0
shap_feature_selection_extratrees_p1_20260529_182607,G1_thiram_molar_grade,Thiram Positive Molar Grade,5,650,1050.0,0
shap_feature_selection_extratrees_p1_20260529_182607,G1_thiram_molar_grade,Thiram Positive Molar Grade,5,651,1051.0,0
shap_feature_selection_extratrees_p1_20260529_182607,G1_thiram_molar_grade,Thiram Positive Molar Grade,5,652,1052.0,0
shap_feature_selection_extratrees_p1_20260529_182607,G1_thiram_molar_grade,Thiram Positive Molar Grade,5,653,1053.0,0
shap_feature_selection_extratrees_p1_20260529_182607,G1_thiram_molar_grade,Thiram Positive Molar Grade,5,654,1054.0,0
shap_feature_selection_extratrees_p1_20260529_182607,G1_thiram_molar_grade,Thiram Positive Molar Grade,5,655,1055.0,0
shap_feature_selection_extratrees_p1_20260529_182607,G1_thiram_molar_grade,Thiram Positive Molar Grade,5,656,1056.0,0
shap_feature_selection_extratrees_p1_20260529_182607,G1_thiram_molar_grade,Thiram Positive Molar Grade,5,657,1057.0,0
shap_feature_selection_extratrees_p1_20260529_182607,G1_thiram_molar_grade,Thiram Positive Molar Grade,5,658,1058.0,0
shap_feature_selection_extratrees_p1_20260529_182607,G1_thiram_molar_grade,Thiram Positive Molar Grade,5,659,1059.0,0
shap_feature_selection_extratrees_p1_20260529_182607,G1_thiram_molar_grade,Thiram Positive Molar Grade,5,660,1060.0,0
shap_feature_selection_extratrees_p1_20260529_182607,G1_thiram_molar_grade,Thiram Positive Molar Grade,5,661,1061.0,0
shap_feature_selection_extratrees_p1_20260529_182607,G1_thiram_molar_grade,Thiram Positive Molar Grade,5,662,1062.0,0
shap_feature_selection_extratrees_p1_20260529_182607,G1_thiram_molar_grade,Thiram Positive Molar Grade,5,663,1063.0,0
shap_feature_selection_extratrees_p1_20260529_182607,G1_thiram_molar_grade,Thiram Positive Molar Grade,5,664,1064.0,0
shap_feature_selection_extratrees_p1_20260529_182607,G1_thiram_molar_grade,Thiram Positive Molar Grade,5,665,1065.0,0
shap_feature_selection_extratrees_p1_20260529_182607,G1_thiram_molar_grade,Thiram Positive Molar Grade,5,666,1066.0,0
shap_feature_selection_extratrees_p1_20260529_182607,G1_thiram_molar_grade,Thiram Positive Molar Grade,5,667,1067.0,0
shap_feature_selection_extratrees_p1_20260529_182607,G1_thiram_molar_grade,Thiram Positive Molar Grade,5,668,1068.0,0
shap_feature_selection_extratrees_p1_20260529_182607,G1_thiram_molar_grade,Thiram Positive Molar Grade,5,669,1069.0,0
shap_feature_selection_extratrees_p1_20260529_182607,G1_thiram_molar_grade,Thiram Positive Molar Grade,5,670,1070.0,0
shap_feature_selection_extratrees_p1_20260529_182607,G1_thiram_molar_grade,Thiram Positive Molar Grade,5,671,1071.0,0
shap_feature_selection_extratrees_p1_20260529_182607,G1_thiram_molar_grade,Thiram Positive Molar Grade,5,672,1072.0,0
shap_feature_selection_extratrees_p1_20260529_182607,G1_thiram_molar_grade,Thiram Positive Molar Grade,5,673,1073.0,0
shap_feature_selection_extratrees_p1_20260529_182607,G1_thiram_molar_grade,Thiram Positive Molar Grade,5,674,1074.0,0
shap_feature_selection_extratrees_p1_20260529_182607,G1_thiram_molar_grade,Thiram Positive Molar Grade,5,675,1075.0,0
shap_feature_selection_extratrees_p1_20260529_182607,G1_thiram_molar_grade,Thiram Positive Molar Grade,5,676,1076.0,0
shap_feature_selection_extratrees_p1_20260529_182607,G1_thiram_molar_grade,Thiram Positive Molar Grade,5,677,1077.0,0
shap_feature_selection_extratrees_p1_20260529_182607,G1_thiram_molar_grade,Thiram Positive Molar Grade,5,678,1078.0,0
shap_feature_selection_extratrees_p1_20260529_182607,G1_thiram_molar_grade,Thiram Positive Molar Grade,5,679,1079.0,0
shap_feature_selection_extratrees_p1_20260529_182607,G1_thiram_molar_grade,Thiram Positive Molar Grade,5,680,1080.0,0
shap_feature_selection_extratrees_p1_20260529_182607,G1_thiram_molar_grade,Thiram Positive Molar Grade,5,681,1081.0,0
shap_feature_selection_extratrees_p1_20260529_182607,G1_thiram_molar_grade,Thiram Positive Molar Grade,5,682,1082.0,0
shap_feature_selection_extratrees_p1_20260529_182607,G1_thiram_molar_grade,Thiram Positive Molar Grade,5,683,1083.0,0
shap_feature_selection_extratrees_p1_20260529_182607,G1_thiram_molar_grade,Thiram Positive Molar Grade,5,684,1084.0,0
shap_feature_selection_extratrees_p1_20260529_182607,G1_thiram_molar_grade,Thiram Positive Molar Grade,5,685,1085.0,0
shap_feature_selection_extratrees_p1_20260529_182607,G1_thiram_molar_grade,Thiram Positive Molar Grade,5,686,1086.0,0
shap_feature_selection_extratrees_p1_20260529_182607,G1_thiram_molar_grade,Thiram Positive Molar Grade,5,687,1087.0,0
shap_feature_selection_extratrees_p1_20260529_182607,G1_thiram_molar_grade,Thiram Positive Molar Grade,5,688,1088.0,0
shap_feature_selection_extratrees_p1_20260529_182607,G1_thiram_molar_grade,Thiram Positive Molar Grade,5,689,1089.0,0
shap_feature_selection_extratrees_p1_20260529_182607,G1_thiram_molar_grade,Thiram Positive Molar Grade,5,690,1090.0,0
shap_feature_selection_extratrees_p1_20260529_182607,G1_thiram_molar_grade,Thiram Positive Molar Grade,5,691,1091.0,0
shap_feature_selection_extratrees_p1_20260529_182607,G1_thiram_molar_grade,Thiram Positive Molar Grade,5,692,1092.0,0
shap_feature_selection_extratrees_p1_20260529_182607,G1_thiram_molar_grade,Thiram Positive Molar Grade,5,693,1093.0,0
shap_feature_selection_extratrees_p1_20260529_182607,G1_thiram_molar_grade,Thiram Positive Molar Grade,5,694,1094.0,0
shap_feature_selection_extratrees_p1_20260529_182607,G1_thiram_molar_grade,Thiram Positive Molar Grade,5,695,1095.0,0
shap_feature_selection_extratrees_p1_20260529_182607,G1_thiram_molar_grade,Thiram Positive Molar Grade,5,696,1096.0,0
shap_feature_selection_extratrees_p1_20260529_182607,G1_thiram_molar_grade,Thiram Positive Molar Grade,5,697,1097.0,0
shap_feature_selection_extratrees_p1_20260529_182607,G1_thiram_molar_grade,Thiram Positive Molar Grade,5,698,1098.0,0
shap_feature_selection_extratrees_p1_20260529_182607,G1_thiram_molar_grade,Thiram Positive Molar Grade,5,699,1099.0,0
shap_feature_selection_extratrees_p1_20260529_182607,G1_thiram_molar_grade,Thiram Positive Molar Grade,5,700,1100.0,0
shap_feature_selection_extratrees_p1_20260529_182607,G1_thiram_molar_grade,Thiram Positive Molar Grade,5,701,1101.0,0
shap_feature_selection_extratrees_p1_20260529_182607,G1_thiram_molar_grade,Thiram Positive Molar Grade,5,702,1102.0,0
shap_feature_selection_extratrees_p1_20260529_182607,G1_thiram_molar_grade,Thiram Positive Molar Grade,5,703,1103.0,0
shap_feature_selection_extratrees_p1_20260529_182607,G1_thiram_molar_grade,Thiram Positive Molar Grade,5,704,1104.0,0
shap_feature_selection_extratrees_p1_20260529_182607,G1_thiram_molar_grade,Thiram Positive Molar Grade,5,705,1105.0,0
shap_feature_selection_extratrees_p1_20260529_182607,G1_thiram_molar_grade,Thiram Positive Molar Grade,5,706,1106.0,0
shap_feature_selection_extratrees_p1_20260529_182607,G1_thiram_molar_grade,Thiram Positive Molar Grade,5,707,1107.0,0
shap_feature_selection_extratrees_p1_20260529_182607,G1_thiram_molar_grade,Thiram Positive Molar Grade,5,708,1108.0,0
shap_feature_selection_extratrees_p1_20260529_182607,G1_thiram_molar_grade,Thiram Positive Molar Grade,5,709,1109.0,0
shap_feature_selection_extratrees_p1_20260529_182607,G1_thiram_molar_grade,Thiram Positive Molar Grade,5,710,1110.0,0
shap_feature_selection_extratrees_p1_20260529_182607,G1_thiram_molar_grade,Thiram Positive Molar Grade,5,711,1111.0,0
shap_feature_selection_extratrees_p1_20260529_182607,G1_thiram_molar_grade,Thiram Positive Molar Grade,5,712,1112.0,0
shap_feature_selection_extratrees_p1_20260529_182607,G1_thiram_molar_grade,Thiram Positive Molar Grade,5,713,1113.0,0
shap_feature_selection_extratrees_p1_20260529_182607,G1_thiram_molar_grade,Thiram Positive Molar Grade,5,714,1114.0,0
shap_feature_selection_extratrees_p1_20260529_182607,G1_thiram_molar_grade,Thiram Positive Molar Grade,5,715,1115.0,0
shap_feature_selection_extratrees_p1_20260529_182607,G1_thiram_molar_grade,Thiram Positive Molar Grade,5,716,1116.0,0
shap_feature_selection_extratrees_p1_20260529_182607,G1_thiram_molar_grade,Thiram Positive Molar Grade,5,717,1117.0,0
shap_feature_selection_extratrees_p1_20260529_182607,G1_thiram_molar_grade,Thiram Positive Molar Grade,5,718,1118.0,0
shap_feature_selection_extratrees_p1_20260529_182607,G1_thiram_molar_grade,Thiram Positive Molar Grade,5,719,1119.0,0
shap_feature_selection_extratrees_p1_20260529_182607,G1_thiram_molar_grade,Thiram Positive Molar Grade,5,720,1120.0,0
shap_feature_selection_extratrees_p1_20260529_182607,G1_thiram_molar_grade,Thiram Positive Molar Grade,5,721,1121.0,0
shap_feature_selection_extratrees_p1_20260529_182607,G1_thiram_molar_grade,Thiram Positive Molar Grade,5,722,1122.0,0
shap_feature_selection_extratrees_p1_20260529_182607,G1_thiram_molar_grade,Thiram Positive Molar Grade,5,723,1123.0,0
shap_feature_selection_extratrees_p1_20260529_182607,G1_thiram_molar_grade,Thiram Positive Molar Grade,5,724,1124.0,0
shap_feature_selection_extratrees_p1_20260529_182607,G1_thiram_molar_grade,Thiram Positive Molar Grade,5,725,1125.0,0
shap_feature_selection_extratrees_p1_20260529_182607,G1_thiram_molar_grade,Thiram Positive Molar Grade,5,726,1126.0,1
shap_feature_selection_extratrees_p1_20260529_182607,G1_thiram_molar_grade,Thiram Positive Molar Grade,5,727,1127.0,0
shap_feature_selection_extratrees_p1_20260529_182607,G1_thiram_molar_grade,Thiram Positive Molar Grade,5,728,1128.0,1
shap_feature_selection_extratrees_p1_20260529_182607,G1_thiram_molar_grade,Thiram Positive Molar Grade,5,729,1129.0,1
shap_feature_selection_extratrees_p1_20260529_182607,G1_thiram_molar_grade,Thiram Positive Molar Grade,5,730,1130.0,0
shap_feature_selection_extratrees_p1_20260529_182607,G1_thiram_molar_grade,Thiram Positive Molar Grade,5,731,1131.0,1
shap_feature_selection_extratrees_p1_20260529_182607,G1_thiram_molar_grade,Thiram Positive Molar Grade,5,732,1132.0,0
shap_feature_selection_extratrees_p1_20260529_182607,G1_thiram_molar_grade,Thiram Positive Molar Grade,5,733,1133.0,0
shap_feature_selection_extratrees_p1_20260529_182607,G1_thiram_molar_grade,Thiram Positive Molar Grade,5,734,1134.0,1
shap_feature_selection_extratrees_p1_20260529_182607,G1_thiram_molar_grade,Thiram Positive Molar Grade,5,735,1135.0,1
shap_feature_selection_extratrees_p1_20260529_182607,G1_thiram_molar_grade,Thiram Positive Molar Grade,5,736,1136.0,1
shap_feature_selection_extratrees_p1_20260529_182607,G1_thiram_molar_grade,Thiram Positive Molar Grade,5,737,1137.0,1
shap_feature_selection_extratrees_p1_20260529_182607,G1_thiram_molar_grade,Thiram Positive Molar Grade,5,738,1138.0,1
shap_feature_selection_extratrees_p1_20260529_182607,G1_thiram_molar_grade,Thiram Positive Molar Grade,5,739,1139.0,1
shap_feature_selection_extratrees_p1_20260529_182607,G1_thiram_molar_grade,Thiram Positive Molar Grade,5,740,1140.0,1
shap_feature_selection_extratrees_p1_20260529_182607,G1_thiram_molar_grade,Thiram Positive Molar Grade,5,741,1141.0,1
shap_feature_selection_extratrees_p1_20260529_182607,G1_thiram_molar_grade,Thiram Positive Molar Grade,5,742,1142.0,1
shap_feature_selection_extratrees_p1_20260529_182607,G1_thiram_molar_grade,Thiram Positive Molar Grade,5,743,1143.0,1
shap_feature_selection_extratrees_p1_20260529_182607,G1_thiram_molar_grade,Thiram Positive Molar Grade,5,744,1144.0,1
shap_feature_selection_extratrees_p1_20260529_182607,G1_thiram_molar_grade,Thiram Positive Molar Grade,5,745,1145.0,1
shap_feature_selection_extratrees_p1_20260529_182607,G1_thiram_molar_grade,Thiram Positive Molar Grade,5,746,1146.0,1
shap_feature_selection_extratrees_p1_20260529_182607,G1_thiram_molar_grade,Thiram Positive Molar Grade,5,747,1147.0,1
shap_feature_selection_extratrees_p1_20260529_182607,G1_thiram_molar_grade,Thiram Positive Molar Grade,5,748,1148.0,0
shap_feature_selection_extratrees_p1_20260529_182607,G1_thiram_molar_grade,Thiram Positive Molar Grade,5,749,1149.0,0
shap_feature_selection_extratrees_p1_20260529_182607,G1_thiram_molar_grade,Thiram Positive Molar Grade,5,750,1150.0,1
shap_feature_selection_extratrees_p1_20260529_182607,G1_thiram_molar_grade,Thiram Positive Molar Grade,5,751,1151.0,1
shap_feature_selection_extratrees_p1_20260529_182607,G1_thiram_molar_grade,Thiram Positive Molar Grade,5,752,1152.0,0
shap_feature_selection_extratrees_p1_20260529_182607,G1_thiram_molar_grade,Thiram Positive Molar Grade,5,753,1153.0,0
shap_feature_selection_extratrees_p1_20260529_182607,G1_thiram_molar_grade,Thiram Positive Molar Grade,5,754,1154.0,0
shap_feature_selection_extratrees_p1_20260529_182607,G1_thiram_molar_grade,Thiram Positive Molar Grade,5,755,1155.0,0
shap_feature_selection_extratrees_p1_20260529_182607,G1_thiram_molar_grade,Thiram Positive Molar Grade,5,756,1156.0,0
shap_feature_selection_extratrees_p1_20260529_182607,G1_thiram_molar_grade,Thiram Positive Molar Grade,5,757,1157.0,0
shap_feature_selection_extratrees_p1_20260529_182607,G1_thiram_molar_grade,Thiram Positive Molar Grade,5,758,1158.0,0
shap_feature_selection_extratrees_p1_20260529_182607,G1_thiram_molar_grade,Thiram Positive Molar Grade,5,759,1159.0,0
shap_feature_selection_extratrees_p1_20260529_182607,G1_thiram_molar_grade,Thiram Positive Molar Grade,5,760,1160.0,0
shap_feature_selection_extratrees_p1_20260529_182607,G1_thiram_molar_grade,Thiram Positive Molar Grade,5,761,1161.0,0
shap_feature_selection_extratrees_p1_20260529_182607,G1_thiram_molar_grade,Thiram Positive Molar Grade,5,762,1162.0,0
shap_feature_selection_extratrees_p1_20260529_182607,G1_thiram_molar_grade,Thiram Positive Molar Grade,5,763,1163.0,0
shap_feature_selection_extratrees_p1_20260529_182607,G1_thiram_molar_grade,Thiram Positive Molar Grade,5,764,1164.0,0
shap_feature_selection_extratrees_p1_20260529_182607,G1_thiram_molar_grade,Thiram Positive Molar Grade,5,765,1165.0,0
shap_feature_selection_extratrees_p1_20260529_182607,G1_thiram_molar_grade,Thiram Positive Molar Grade,5,766,1166.0,0
shap_feature_selection_extratrees_p1_20260529_182607,G1_thiram_molar_grade,Thiram Positive Molar Grade,5,767,1167.0,0
shap_feature_selection_extratrees_p1_20260529_182607,G1_thiram_molar_grade,Thiram Positive Molar Grade,5,768,1168.0,0
shap_feature_selection_extratrees_p1_20260529_182607,G1_thiram_molar_grade,Thiram Positive Molar Grade,5,769,1169.0,0
shap_feature_selection_extratrees_p1_20260529_182607,G1_thiram_molar_grade,Thiram Positive Molar Grade,5,770,1170.0,0
shap_feature_selection_extratrees_p1_20260529_182607,G1_thiram_molar_grade,Thiram Positive Molar Grade,5,771,1171.0,0
shap_feature_selection_extratrees_p1_20260529_182607,G1_thiram_molar_grade,Thiram Positive Molar Grade,5,772,1172.0,0
shap_feature_selection_extratrees_p1_20260529_182607,G1_thiram_molar_grade,Thiram Positive Molar Grade,5,773,1173.0,0
shap_feature_selection_extratrees_p1_20260529_182607,G1_thiram_molar_grade,Thiram Positive Molar Grade,5,774,1174.0,0
shap_feature_selection_extratrees_p1_20260529_182607,G1_thiram_molar_grade,Thiram Positive Molar Grade,5,775,1175.0,0
shap_feature_selection_extratrees_p1_20260529_182607,G1_thiram_molar_grade,Thiram Positive Molar Grade,5,776,1176.0,0
shap_feature_selection_extratrees_p1_20260529_182607,G1_thiram_molar_grade,Thiram Positive Molar Grade,5,777,1177.0,0
shap_feature_selection_extratrees_p1_20260529_182607,G1_thiram_molar_grade,Thiram Positive Molar Grade,5,778,1178.0,0
shap_feature_selection_extratrees_p1_20260529_182607,G1_thiram_molar_grade,Thiram Positive Molar Grade,5,779,1179.0,0
shap_feature_selection_extratrees_p1_20260529_182607,G1_thiram_molar_grade,Thiram Positive Molar Grade,5,780,1180.0,0
shap_feature_selection_extratrees_p1_20260529_182607,G1_thiram_molar_grade,Thiram Positive Molar Grade,5,781,1181.0,0
shap_feature_selection_extratrees_p1_20260529_182607,G1_thiram_molar_grade,Thiram Positive Molar Grade,5,782,1182.0,0
shap_feature_selection_extratrees_p1_20260529_182607,G1_thiram_molar_grade,Thiram Positive Molar Grade,5,783,1183.0,0
shap_feature_selection_extratrees_p1_20260529_182607,G1_thiram_molar_grade,Thiram Positive Molar Grade,5,784,1184.0,0
shap_feature_selection_extratrees_p1_20260529_182607,G1_thiram_molar_grade,Thiram Positive Molar Grade,5,785,1185.0,0
shap_feature_selection_extratrees_p1_20260529_182607,G1_thiram_molar_grade,Thiram Positive Molar Grade,5,786,1186.0,0
shap_feature_selection_extratrees_p1_20260529_182607,G1_thiram_molar_grade,Thiram Positive Molar Grade,5,787,1187.0,0
shap_feature_selection_extratrees_p1_20260529_182607,G1_thiram_molar_grade,Thiram Positive Molar Grade,5,788,1188.0,0
shap_feature_selection_extratrees_p1_20260529_182607,G1_thiram_molar_grade,Thiram Positive Molar Grade,5,789,1189.0,0
shap_feature_selection_extratrees_p1_20260529_182607,G1_thiram_molar_grade,Thiram Positive Molar Grade,5,790,1190.0,0
shap_feature_selection_extratrees_p1_20260529_182607,G1_thiram_molar_grade,Thiram Positive Molar Grade,5,791,1191.0,0
shap_feature_selection_extratrees_p1_20260529_182607,G1_thiram_molar_grade,Thiram Positive Molar Grade,5,792,1192.0,0
shap_feature_selection_extratrees_p1_20260529_182607,G1_thiram_molar_grade,Thiram Positive Molar Grade,5,793,1193.0,0
shap_feature_selection_extratrees_p1_20260529_182607,G1_thiram_molar_grade,Thiram Positive Molar Grade,5,794,1194.0,0
shap_feature_selection_extratrees_p1_20260529_182607,G1_thiram_molar_grade,Thiram Positive Molar Grade,5,795,1195.0,0
shap_feature_selection_extratrees_p1_20260529_182607,G1_thiram_molar_grade,Thiram Positive Molar Grade,5,796,1196.0,0
shap_feature_selection_extratrees_p1_20260529_182607,G1_thiram_molar_grade,Thiram Positive Molar Grade,5,797,1197.0,0
shap_feature_selection_extratrees_p1_20260529_182607,G1_thiram_molar_grade,Thiram Positive Molar Grade,5,798,1198.0,0
shap_feature_selection_extratrees_p1_20260529_182607,G1_thiram_molar_grade,Thiram Positive Molar Grade,5,799,1199.0,0
shap_feature_selection_extratrees_p1_20260529_182607,G1_thiram_molar_grade,Thiram Positive Molar Grade,5,800,1200.0,0
shap_feature_selection_extratrees_p1_20260529_182607,G1_thiram_molar_grade,Thiram Positive Molar Grade,5,801,1201.0,0
shap_feature_selection_extratrees_p1_20260529_182607,G1_thiram_molar_grade,Thiram Positive Molar Grade,5,802,1202.0,0
shap_feature_selection_extratrees_p1_20260529_182607,G1_thiram_molar_grade,Thiram Positive Molar Grade,5,803,1203.0,0
shap_feature_selection_extratrees_p1_20260529_182607,G1_thiram_molar_grade,Thiram Positive Molar Grade,5,804,1204.0,0
shap_feature_selection_extratrees_p1_20260529_182607,G1_thiram_molar_grade,Thiram Positive Molar Grade,5,805,1205.0,0
shap_feature_selection_extratrees_p1_20260529_182607,G1_thiram_molar_grade,Thiram Positive Molar Grade,5,806,1206.0,0
shap_feature_selection_extratrees_p1_20260529_182607,G1_thiram_molar_grade,Thiram Positive Molar Grade,5,807,1207.0,0
shap_feature_selection_extratrees_p1_20260529_182607,G1_thiram_molar_grade,Thiram Positive Molar Grade,5,808,1208.0,0
shap_feature_selection_extratrees_p1_20260529_182607,G1_thiram_molar_grade,Thiram Positive Molar Grade,5,809,1209.0,0
shap_feature_selection_extratrees_p1_20260529_182607,G1_thiram_molar_grade,Thiram Positive Molar Grade,5,810,1210.0,0
shap_feature_selection_extratrees_p1_20260529_182607,G1_thiram_molar_grade,Thiram Positive Molar Grade,5,811,1211.0,0
shap_feature_selection_extratrees_p1_20260529_182607,G1_thiram_molar_grade,Thiram Positive Molar Grade,5,812,1212.0,0
shap_feature_selection_extratrees_p1_20260529_182607,G1_thiram_molar_grade,Thiram Positive Molar Grade,5,813,1213.0,0
shap_feature_selection_extratrees_p1_20260529_182607,G1_thiram_molar_grade,Thiram Positive Molar Grade,5,814,1214.0,0
shap_feature_selection_extratrees_p1_20260529_182607,G1_thiram_molar_grade,Thiram Positive Molar Grade,5,815,1215.0,0
shap_feature_selection_extratrees_p1_20260529_182607,G1_thiram_molar_grade,Thiram Positive Molar Grade,5,816,1216.0,0
shap_feature_selection_extratrees_p1_20260529_182607,G1_thiram_molar_grade,Thiram Positive Molar Grade,5,817,1217.0,0
shap_feature_selection_extratrees_p1_20260529_182607,G1_thiram_molar_grade,Thiram Positive Molar Grade,5,818,1218.0,0
shap_feature_selection_extratrees_p1_20260529_182607,G1_thiram_molar_grade,Thiram Positive Molar Grade,5,819,1219.0,0
shap_feature_selection_extratrees_p1_20260529_182607,G1_thiram_molar_grade,Thiram Positive Molar Grade,5,820,1220.0,0
shap_feature_selection_extratrees_p1_20260529_182607,G1_thiram_molar_grade,Thiram Positive Molar Grade,5,821,1221.0,0
shap_feature_selection_extratrees_p1_20260529_182607,G1_thiram_molar_grade,Thiram Positive Molar Grade,5,822,1222.0,0
shap_feature_selection_extratrees_p1_20260529_182607,G1_thiram_molar_grade,Thiram Positive Molar Grade,5,823,1223.0,0
shap_feature_selection_extratrees_p1_20260529_182607,G1_thiram_molar_grade,Thiram Positive Molar Grade,5,824,1224.0,0
shap_feature_selection_extratrees_p1_20260529_182607,G1_thiram_molar_grade,Thiram Positive Molar Grade,5,825,1225.0,0
shap_feature_selection_extratrees_p1_20260529_182607,G1_thiram_molar_grade,Thiram Positive Molar Grade,5,826,1226.0,0
shap_feature_selection_extratrees_p1_20260529_182607,G1_thiram_molar_grade,Thiram Positive Molar Grade,5,827,1227.0,0
shap_feature_selection_extratrees_p1_20260529_182607,G1_thiram_molar_grade,Thiram Positive Molar Grade,5,828,1228.0,0
shap_feature_selection_extratrees_p1_20260529_182607,G1_thiram_molar_grade,Thiram Positive Molar Grade,5,829,1229.0,0
shap_feature_selection_extratrees_p1_20260529_182607,G1_thiram_molar_grade,Thiram Positive Molar Grade,5,830,1230.0,0
shap_feature_selection_extratrees_p1_20260529_182607,G1_thiram_molar_grade,Thiram Positive Molar Grade,5,831,1231.0,0
shap_feature_selection_extratrees_p1_20260529_182607,G1_thiram_molar_grade,Thiram Positive Molar Grade,5,832,1232.0,0
shap_feature_selection_extratrees_p1_20260529_182607,G1_thiram_molar_grade,Thiram Positive Molar Grade,5,833,1233.0,0
shap_feature_selection_extratrees_p1_20260529_182607,G1_thiram_molar_grade,Thiram Positive Molar Grade,5,834,1234.0,0
shap_feature_selection_extratrees_p1_20260529_182607,G1_thiram_molar_grade,Thiram Positive Molar Grade,5,835,1235.0,0
shap_feature_selection_extratrees_p1_20260529_182607,G1_thiram_molar_grade,Thiram Positive Molar Grade,5,836,1236.0,0
shap_feature_selection_extratrees_p1_20260529_182607,G1_thiram_molar_grade,Thiram Positive Molar Grade,5,837,1237.0,0
shap_feature_selection_extratrees_p1_20260529_182607,G1_thiram_molar_grade,Thiram Positive Molar Grade,5,838,1238.0,0
shap_feature_selection_extratrees_p1_20260529_182607,G1_thiram_molar_grade,Thiram Positive Molar Grade,5,839,1239.0,0
shap_feature_selection_extratrees_p1_20260529_182607,G1_thiram_molar_grade,Thiram Positive Molar Grade,5,840,1240.0,0
shap_feature_selection_extratrees_p1_20260529_182607,G1_thiram_molar_grade,Thiram Positive Molar Grade,5,841,1241.0,0
shap_feature_selection_extratrees_p1_20260529_182607,G1_thiram_molar_grade,Thiram Positive Molar Grade,5,842,1242.0,0
shap_feature_selection_extratrees_p1_20260529_182607,G1_thiram_molar_grade,Thiram Positive Molar Grade,5,843,1243.0,0
shap_feature_selection_extratrees_p1_20260529_182607,G1_thiram_molar_grade,Thiram Positive Molar Grade,5,844,1244.0,0
shap_feature_selection_extratrees_p1_20260529_182607,G1_thiram_molar_grade,Thiram Positive Molar Grade,5,845,1245.0,0
shap_feature_selection_extratrees_p1_20260529_182607,G1_thiram_molar_grade,Thiram Positive Molar Grade,5,846,1246.0,0
shap_feature_selection_extratrees_p1_20260529_182607,G1_thiram_molar_grade,Thiram Positive Molar Grade,5,847,1247.0,0
shap_feature_selection_extratrees_p1_20260529_182607,G1_thiram_molar_grade,Thiram Positive Molar Grade,5,848,1248.0,0
shap_feature_selection_extratrees_p1_20260529_182607,G1_thiram_molar_grade,Thiram Positive Molar Grade,5,849,1249.0,0
shap_feature_selection_extratrees_p1_20260529_182607,G1_thiram_molar_grade,Thiram Positive Molar Grade,5,850,1250.0,0
shap_feature_selection_extratrees_p1_20260529_182607,G1_thiram_molar_grade,Thiram Positive Molar Grade,5,851,1251.0,0
shap_feature_selection_extratrees_p1_20260529_182607,G1_thiram_molar_grade,Thiram Positive Molar Grade,5,852,1252.0,0
shap_feature_selection_extratrees_p1_20260529_182607,G1_thiram_molar_grade,Thiram Positive Molar Grade,5,853,1253.0,0
shap_feature_selection_extratrees_p1_20260529_182607,G1_thiram_molar_grade,Thiram Positive Molar Grade,5,854,1254.0,0
shap_feature_selection_extratrees_p1_20260529_182607,G1_thiram_molar_grade,Thiram Positive Molar Grade,5,855,1255.0,0
shap_feature_selection_extratrees_p1_20260529_182607,G1_thiram_molar_grade,Thiram Positive Molar Grade,5,856,1256.0,0
shap_feature_selection_extratrees_p1_20260529_182607,G1_thiram_molar_grade,Thiram Positive Molar Grade,5,857,1257.0,0
shap_feature_selection_extratrees_p1_20260529_182607,G1_thiram_molar_grade,Thiram Positive Molar Grade,5,858,1258.0,0
shap_feature_selection_extratrees_p1_20260529_182607,G1_thiram_molar_grade,Thiram Positive Molar Grade,5,859,1259.0,0
shap_feature_selection_extratrees_p1_20260529_182607,G1_thiram_molar_grade,Thiram Positive Molar Grade,5,860,1260.0,0
shap_feature_selection_extratrees_p1_20260529_182607,G1_thiram_molar_grade,Thiram Positive Molar Grade,5,861,1261.0,0
shap_feature_selection_extratrees_p1_20260529_182607,G1_thiram_molar_grade,Thiram Positive Molar Grade,5,862,1262.0,0
shap_feature_selection_extratrees_p1_20260529_182607,G1_thiram_molar_grade,Thiram Positive Molar Grade,5,863,1263.0,0
shap_feature_selection_extratrees_p1_20260529_182607,G1_thiram_molar_grade,Thiram Positive Molar Grade,5,864,1264.0,0
shap_feature_selection_extratrees_p1_20260529_182607,G1_thiram_molar_grade,Thiram Positive Molar Grade,5,865,1265.0,0
shap_feature_selection_extratrees_p1_20260529_182607,G1_thiram_molar_grade,Thiram Positive Molar Grade,5,866,1266.0,0
shap_feature_selection_extratrees_p1_20260529_182607,G1_thiram_molar_grade,Thiram Positive Molar Grade,5,867,1267.0,0
shap_feature_selection_extratrees_p1_20260529_182607,G1_thiram_molar_grade,Thiram Positive Molar Grade,5,868,1268.0,0
shap_feature_selection_extratrees_p1_20260529_182607,G1_thiram_molar_grade,Thiram Positive Molar Grade,5,869,1269.0,0
shap_feature_selection_extratrees_p1_20260529_182607,G1_thiram_molar_grade,Thiram Positive Molar Grade,5,870,1270.0,0
shap_feature_selection_extratrees_p1_20260529_182607,G1_thiram_molar_grade,Thiram Positive Molar Grade,5,871,1271.0,0
shap_feature_selection_extratrees_p1_20260529_182607,G1_thiram_molar_grade,Thiram Positive Molar Grade,5,872,1272.0,0
shap_feature_selection_extratrees_p1_20260529_182607,G1_thiram_molar_grade,Thiram Positive Molar Grade,5,873,1273.0,0
shap_feature_selection_extratrees_p1_20260529_182607,G1_thiram_molar_grade,Thiram Positive Molar Grade,5,874,1274.0,0
shap_feature_selection_extratrees_p1_20260529_182607,G1_thiram_molar_grade,Thiram Positive Molar Grade,5,875,1275.0,0
shap_feature_selection_extratrees_p1_20260529_182607,G1_thiram_molar_grade,Thiram Positive Molar Grade,5,876,1276.0,0
shap_feature_selection_extratrees_p1_20260529_182607,G1_thiram_molar_grade,Thiram Positive Molar Grade,5,877,1277.0,0
shap_feature_selection_extratrees_p1_20260529_182607,G1_thiram_molar_grade,Thiram Positive Molar Grade,5,878,1278.0,0
shap_feature_selection_extratrees_p1_20260529_182607,G1_thiram_molar_grade,Thiram Positive Molar Grade,5,879,1279.0,0
shap_feature_selection_extratrees_p1_20260529_182607,G1_thiram_molar_grade,Thiram Positive Molar Grade,5,880,1280.0,0
shap_feature_selection_extratrees_p1_20260529_182607,G1_thiram_molar_grade,Thiram Positive Molar Grade,5,881,1281.0,0
shap_feature_selection_extratrees_p1_20260529_182607,G1_thiram_molar_grade,Thiram Positive Molar Grade,5,882,1282.0,0
shap_feature_selection_extratrees_p1_20260529_182607,G1_thiram_molar_grade,Thiram Positive Molar Grade,5,883,1283.0,0
shap_feature_selection_extratrees_p1_20260529_182607,G1_thiram_molar_grade,Thiram Positive Molar Grade,5,884,1284.0,0
shap_feature_selection_extratrees_p1_20260529_182607,G1_thiram_molar_grade,Thiram Positive Molar Grade,5,885,1285.0,0
shap_feature_selection_extratrees_p1_20260529_182607,G1_thiram_molar_grade,Thiram Positive Molar Grade,5,886,1286.0,0
shap_feature_selection_extratrees_p1_20260529_182607,G1_thiram_molar_grade,Thiram Positive Molar Grade,5,887,1287.0,0
shap_feature_selection_extratrees_p1_20260529_182607,G1_thiram_molar_grade,Thiram Positive Molar Grade,5,888,1288.0,0
shap_feature_selection_extratrees_p1_20260529_182607,G1_thiram_molar_grade,Thiram Positive Molar Grade,5,889,1289.0,0
shap_feature_selection_extratrees_p1_20260529_182607,G1_thiram_molar_grade,Thiram Positive Molar Grade,5,890,1290.0,0
shap_feature_selection_extratrees_p1_20260529_182607,G1_thiram_molar_grade,Thiram Positive Molar Grade,5,891,1291.0,0
shap_feature_selection_extratrees_p1_20260529_182607,G1_thiram_molar_grade,Thiram Positive Molar Grade,5,892,1292.0,0
shap_feature_selection_extratrees_p1_20260529_182607,G1_thiram_molar_grade,Thiram Positive Molar Grade,5,893,1293.0,0
shap_feature_selection_extratrees_p1_20260529_182607,G1_thiram_molar_grade,Thiram Positive Molar Grade,5,894,1294.0,0
shap_feature_selection_extratrees_p1_20260529_182607,G1_thiram_molar_grade,Thiram Positive Molar Grade,5,895,1295.0,0
shap_feature_selection_extratrees_p1_20260529_182607,G1_thiram_molar_grade,Thiram Positive Molar Grade,5,896,1296.0,0
shap_feature_selection_extratrees_p1_20260529_182607,G1_thiram_molar_grade,Thiram Positive Molar Grade,5,897,1297.0,0
shap_feature_selection_extratrees_p1_20260529_182607,G1_thiram_molar_grade,Thiram Positive Molar Grade,5,898,1298.0,0
shap_feature_selection_extratrees_p1_20260529_182607,G1_thiram_molar_grade,Thiram Positive Molar Grade,5,899,1299.0,0
shap_feature_selection_extratrees_p1_20260529_182607,G1_thiram_molar_grade,Thiram Positive Molar Grade,5,900,1300.0,0
shap_feature_selection_extratrees_p1_20260529_182607,G1_thiram_molar_grade,Thiram Positive Molar Grade,5,901,1301.0,0
shap_feature_selection_extratrees_p1_20260529_182607,G1_thiram_molar_grade,Thiram Positive Molar Grade,5,902,1302.0,0
shap_feature_selection_extratrees_p1_20260529_182607,G1_thiram_molar_grade,Thiram Positive Molar Grade,5,903,1303.0,0
shap_feature_selection_extratrees_p1_20260529_182607,G1_thiram_molar_grade,Thiram Positive Molar Grade,5,904,1304.0,0
shap_feature_selection_extratrees_p1_20260529_182607,G1_thiram_molar_grade,Thiram Positive Molar Grade,5,905,1305.0,0
shap_feature_selection_extratrees_p1_20260529_182607,G1_thiram_molar_grade,Thiram Positive Molar Grade,5,906,1306.0,0
shap_feature_selection_extratrees_p1_20260529_182607,G1_thiram_molar_grade,Thiram Positive Molar Grade,5,907,1307.0,0
shap_feature_selection_extratrees_p1_20260529_182607,G1_thiram_molar_grade,Thiram Positive Molar Grade,5,908,1308.0,0
shap_feature_selection_extratrees_p1_20260529_182607,G1_thiram_molar_grade,Thiram Positive Molar Grade,5,909,1309.0,0
shap_feature_selection_extratrees_p1_20260529_182607,G1_thiram_molar_grade,Thiram Positive Molar Grade,5,910,1310.0,0
shap_feature_selection_extratrees_p1_20260529_182607,G1_thiram_molar_grade,Thiram Positive Molar Grade,5,911,1311.0,0
shap_feature_selection_extratrees_p1_20260529_182607,G1_thiram_molar_grade,Thiram Positive Molar Grade,5,912,1312.0,0
shap_feature_selection_extratrees_p1_20260529_182607,G1_thiram_molar_grade,Thiram Positive Molar Grade,5,913,1313.0,0
shap_feature_selection_extratrees_p1_20260529_182607,G1_thiram_molar_grade,Thiram Positive Molar Grade,5,914,1314.0,0
shap_feature_selection_extratrees_p1_20260529_182607,G1_thiram_molar_grade,Thiram Positive Molar Grade,5,915,1315.0,0
shap_feature_selection_extratrees_p1_20260529_182607,G1_thiram_molar_grade,Thiram Positive Molar Grade,5,916,1316.0,0
shap_feature_selection_extratrees_p1_20260529_182607,G1_thiram_molar_grade,Thiram Positive Molar Grade,5,917,1317.0,0
shap_feature_selection_extratrees_p1_20260529_182607,G1_thiram_molar_grade,Thiram Positive Molar Grade,5,918,1318.0,0
shap_feature_selection_extratrees_p1_20260529_182607,G1_thiram_molar_grade,Thiram Positive Molar Grade,5,919,1319.0,0
shap_feature_selection_extratrees_p1_20260529_182607,G1_thiram_molar_grade,Thiram Positive Molar Grade,5,920,1320.0,0
shap_feature_selection_extratrees_p1_20260529_182607,G1_thiram_molar_grade,Thiram Positive Molar Grade,5,921,1321.0,0
shap_feature_selection_extratrees_p1_20260529_182607,G1_thiram_molar_grade,Thiram Positive Molar Grade,5,922,1322.0,0
shap_feature_selection_extratrees_p1_20260529_182607,G1_thiram_molar_grade,Thiram Positive Molar Grade,5,923,1323.0,0
shap_feature_selection_extratrees_p1_20260529_182607,G1_thiram_molar_grade,Thiram Positive Molar Grade,5,924,1324.0,0
shap_feature_selection_extratrees_p1_20260529_182607,G1_thiram_molar_grade,Thiram Positive Molar Grade,5,925,1325.0,0
shap_feature_selection_extratrees_p1_20260529_182607,G1_thiram_molar_grade,Thiram Positive Molar Grade,5,926,1326.0,0
shap_feature_selection_extratrees_p1_20260529_182607,G1_thiram_molar_grade,Thiram Positive Molar Grade,5,927,1327.0,0
shap_feature_selection_extratrees_p1_20260529_182607,G1_thiram_molar_grade,Thiram Positive Molar Grade,5,928,1328.0,0
shap_feature_selection_extratrees_p1_20260529_182607,G1_thiram_molar_grade,Thiram Positive Molar Grade,5,929,1329.0,0
shap_feature_selection_extratrees_p1_20260529_182607,G1_thiram_molar_grade,Thiram Positive Molar Grade,5,930,1330.0,0
shap_feature_selection_extratrees_p1_20260529_182607,G1_thiram_molar_grade,Thiram Positive Molar Grade,5,931,1331.0,0
shap_feature_selection_extratrees_p1_20260529_182607,G1_thiram_molar_grade,Thiram Positive Molar Grade,5,932,1332.0,0
shap_feature_selection_extratrees_p1_20260529_182607,G1_thiram_molar_grade,Thiram Positive Molar Grade,5,933,1333.0,0
shap_feature_selection_extratrees_p1_20260529_182607,G1_thiram_molar_grade,Thiram Positive Molar Grade,5,934,1334.0,0
shap_feature_selection_extratrees_p1_20260529_182607,G1_thiram_molar_grade,Thiram Positive Molar Grade,5,935,1335.0,0
shap_feature_selection_extratrees_p1_20260529_182607,G1_thiram_molar_grade,Thiram Positive Molar Grade,5,936,1336.0,0
shap_feature_selection_extratrees_p1_20260529_182607,G1_thiram_molar_grade,Thiram Positive Molar Grade,5,937,1337.0,0
shap_feature_selection_extratrees_p1_20260529_182607,G1_thiram_molar_grade,Thiram Positive Molar Grade,5,938,1338.0,0
shap_feature_selection_extratrees_p1_20260529_182607,G1_thiram_molar_grade,Thiram Positive Molar Grade,5,939,1339.0,0
shap_feature_selection_extratrees_p1_20260529_182607,G1_thiram_molar_grade,Thiram Positive Molar Grade,5,940,1340.0,0
shap_feature_selection_extratrees_p1_20260529_182607,G1_thiram_molar_grade,Thiram Positive Molar Grade,5,941,1341.0,0
shap_feature_selection_extratrees_p1_20260529_182607,G1_thiram_molar_grade,Thiram Positive Molar Grade,5,942,1342.0,0
shap_feature_selection_extratrees_p1_20260529_182607,G1_thiram_molar_grade,Thiram Positive Molar Grade,5,943,1343.0,0
shap_feature_selection_extratrees_p1_20260529_182607,G1_thiram_molar_grade,Thiram Positive Molar Grade,5,944,1344.0,0
shap_feature_selection_extratrees_p1_20260529_182607,G1_thiram_molar_grade,Thiram Positive Molar Grade,5,945,1345.0,0
shap_feature_selection_extratrees_p1_20260529_182607,G1_thiram_molar_grade,Thiram Positive Molar Grade,5,946,1346.0,0
shap_feature_selection_extratrees_p1_20260529_182607,G1_thiram_molar_grade,Thiram Positive Molar Grade,5,947,1347.0,0
shap_feature_selection_extratrees_p1_20260529_182607,G1_thiram_molar_grade,Thiram Positive Molar Grade,5,948,1348.0,0
shap_feature_selection_extratrees_p1_20260529_182607,G1_thiram_molar_grade,Thiram Positive Molar Grade,5,949,1349.0,0
shap_feature_selection_extratrees_p1_20260529_182607,G1_thiram_molar_grade,Thiram Positive Molar Grade,5,950,1350.0,0
shap_feature_selection_extratrees_p1_20260529_182607,G1_thiram_molar_grade,Thiram Positive Molar Grade,5,951,1351.0,0
shap_feature_selection_extratrees_p1_20260529_182607,G1_thiram_molar_grade,Thiram Positive Molar Grade,5,952,1352.0,0
shap_feature_selection_extratrees_p1_20260529_182607,G1_thiram_molar_grade,Thiram Positive Molar Grade,5,953,1353.0,0
shap_feature_selection_extratrees_p1_20260529_182607,G1_thiram_molar_grade,Thiram Positive Molar Grade,5,954,1354.0,0
shap_feature_selection_extratrees_p1_20260529_182607,G1_thiram_molar_grade,Thiram Positive Molar Grade,5,955,1355.0,0
shap_feature_selection_extratrees_p1_20260529_182607,G1_thiram_molar_grade,Thiram Positive Molar Grade,5,956,1356.0,0
shap_feature_selection_extratrees_p1_20260529_182607,G1_thiram_molar_grade,Thiram Positive Molar Grade,5,957,1357.0,0
shap_feature_selection_extratrees_p1_20260529_182607,G1_thiram_molar_grade,Thiram Positive Molar Grade,5,958,1358.0,0
shap_feature_selection_extratrees_p1_20260529_182607,G1_thiram_molar_grade,Thiram Positive Molar Grade,5,959,1359.0,0
shap_feature_selection_extratrees_p1_20260529_182607,G1_thiram_molar_grade,Thiram Positive Molar Grade,5,960,1360.0,0
shap_feature_selection_extratrees_p1_20260529_182607,G1_thiram_molar_grade,Thiram Positive Molar Grade,5,961,1361.0,0
shap_feature_selection_extratrees_p1_20260529_182607,G1_thiram_molar_grade,Thiram Positive Molar Grade,5,962,1362.0,0
shap_feature_selection_extratrees_p1_20260529_182607,G1_thiram_molar_grade,Thiram Positive Molar Grade,5,963,1363.0,0
shap_feature_selection_extratrees_p1_20260529_182607,G1_thiram_molar_grade,Thiram Positive Molar Grade,5,964,1364.0,0
shap_feature_selection_extratrees_p1_20260529_182607,G1_thiram_molar_grade,Thiram Positive Molar Grade,5,965,1365.0,0
shap_feature_selection_extratrees_p1_20260529_182607,G1_thiram_molar_grade,Thiram Positive Molar Grade,5,966,1366.0,0
shap_feature_selection_extratrees_p1_20260529_182607,G1_thiram_molar_grade,Thiram Positive Molar Grade,5,967,1367.0,0
shap_feature_selection_extratrees_p1_20260529_182607,G1_thiram_molar_grade,Thiram Positive Molar Grade,5,968,1368.0,0
shap_feature_selection_extratrees_p1_20260529_182607,G1_thiram_molar_grade,Thiram Positive Molar Grade,5,969,1369.0,1
shap_feature_selection_extratrees_p1_20260529_182607,G1_thiram_molar_grade,Thiram Positive Molar Grade,5,970,1370.0,1
shap_feature_selection_extratrees_p1_20260529_182607,G1_thiram_molar_grade,Thiram Positive Molar Grade,5,971,1371.0,1
shap_feature_selection_extratrees_p1_20260529_182607,G1_thiram_molar_grade,Thiram Positive Molar Grade,5,972,1372.0,1
shap_feature_selection_extratrees_p1_20260529_182607,G1_thiram_molar_grade,Thiram Positive Molar Grade,5,973,1373.0,0
shap_feature_selection_extratrees_p1_20260529_182607,G1_thiram_molar_grade,Thiram Positive Molar Grade,5,974,1374.0,1
shap_feature_selection_extratrees_p1_20260529_182607,G1_thiram_molar_grade,Thiram Positive Molar Grade,5,975,1375.0,1
shap_feature_selection_extratrees_p1_20260529_182607,G1_thiram_molar_grade,Thiram Positive Molar Grade,5,976,1376.0,0
shap_feature_selection_extratrees_p1_20260529_182607,G1_thiram_molar_grade,Thiram Positive Molar Grade,5,977,1377.0,1
shap_feature_selection_extratrees_p1_20260529_182607,G1_thiram_molar_grade,Thiram Positive Molar Grade,5,978,1378.0,0
shap_feature_selection_extratrees_p1_20260529_182607,G1_thiram_molar_grade,Thiram Positive Molar Grade,5,979,1379.0,0
shap_feature_selection_extratrees_p1_20260529_182607,G1_thiram_molar_grade,Thiram Positive Molar Grade,5,980,1380.0,0
shap_feature_selection_extratrees_p1_20260529_182607,G1_thiram_molar_grade,Thiram Positive Molar Grade,5,981,1381.0,0
shap_feature_selection_extratrees_p1_20260529_182607,G1_thiram_molar_grade,Thiram Positive Molar Grade,5,982,1382.0,0
shap_feature_selection_extratrees_p1_20260529_182607,G1_thiram_molar_grade,Thiram Positive Molar Grade,5,983,1383.0,0
shap_feature_selection_extratrees_p1_20260529_182607,G1_thiram_molar_grade,Thiram Positive Molar Grade,5,984,1384.0,0
shap_feature_selection_extratrees_p1_20260529_182607,G1_thiram_molar_grade,Thiram Positive Molar Grade,5,985,1385.0,0
shap_feature_selection_extratrees_p1_20260529_182607,G1_thiram_molar_grade,Thiram Positive Molar Grade,5,986,1386.0,0
shap_feature_selection_extratrees_p1_20260529_182607,G1_thiram_molar_grade,Thiram Positive Molar Grade,5,987,1387.0,0
shap_feature_selection_extratrees_p1_20260529_182607,G1_thiram_molar_grade,Thiram Positive Molar Grade,5,988,1388.0,0
shap_feature_selection_extratrees_p1_20260529_182607,G1_thiram_molar_grade,Thiram Positive Molar Grade,5,989,1389.0,0
shap_feature_selection_extratrees_p1_20260529_182607,G1_thiram_molar_grade,Thiram Positive Molar Grade,5,990,1390.0,0
shap_feature_selection_extratrees_p1_20260529_182607,G1_thiram_molar_grade,Thiram Positive Molar Grade,5,991,1391.0,0
shap_feature_selection_extratrees_p1_20260529_182607,G1_thiram_molar_grade,Thiram Positive Molar Grade,5,992,1392.0,0
shap_feature_selection_extratrees_p1_20260529_182607,G1_thiram_molar_grade,Thiram Positive Molar Grade,5,993,1393.0,0
shap_feature_selection_extratrees_p1_20260529_182607,G1_thiram_molar_grade,Thiram Positive Molar Grade,5,994,1394.0,0
shap_feature_selection_extratrees_p1_20260529_182607,G1_thiram_molar_grade,Thiram Positive Molar Grade,5,995,1395.0,0
shap_feature_selection_extratrees_p1_20260529_182607,G1_thiram_molar_grade,Thiram Positive Molar Grade,5,996,1396.0,0
shap_feature_selection_extratrees_p1_20260529_182607,G1_thiram_molar_grade,Thiram Positive Molar Grade,5,997,1397.0,0
shap_feature_selection_extratrees_p1_20260529_182607,G1_thiram_molar_grade,Thiram Positive Molar Grade,5,998,1398.0,0
shap_feature_selection_extratrees_p1_20260529_182607,G1_thiram_molar_grade,Thiram Positive Molar Grade,5,999,1399.0,0
shap_feature_selection_extratrees_p1_20260529_182607,G1_thiram_molar_grade,Thiram Positive Molar Grade,5,1000,1400.0,0
shap_feature_selection_extratrees_p1_20260529_182607,G1_thiram_molar_grade,Thiram Positive Molar Grade,5,1001,1401.0,0
shap_feature_selection_extratrees_p1_20260529_182607,G1_thiram_molar_grade,Thiram Positive Molar Grade,5,1002,1402.0,0
shap_feature_selection_extratrees_p1_20260529_182607,G1_thiram_molar_grade,Thiram Positive Molar Grade,5,1003,1403.0,0
shap_feature_selection_extratrees_p1_20260529_182607,G1_thiram_molar_grade,Thiram Positive Molar Grade,5,1004,1404.0,0
shap_feature_selection_extratrees_p1_20260529_182607,G1_thiram_molar_grade,Thiram Positive Molar Grade,5,1005,1405.0,0
shap_feature_selection_extratrees_p1_20260529_182607,G1_thiram_molar_grade,Thiram Positive Molar Grade,5,1006,1406.0,0
shap_feature_selection_extratrees_p1_20260529_182607,G1_thiram_molar_grade,Thiram Positive Molar Grade,5,1007,1407.0,0
shap_feature_selection_extratrees_p1_20260529_182607,G1_thiram_molar_grade,Thiram Positive Molar Grade,5,1008,1408.0,0
shap_feature_selection_extratrees_p1_20260529_182607,G1_thiram_molar_grade,Thiram Positive Molar Grade,5,1009,1409.0,0
shap_feature_selection_extratrees_p1_20260529_182607,G1_thiram_molar_grade,Thiram Positive Molar Grade,5,1010,1410.0,0
shap_feature_selection_extratrees_p1_20260529_182607,G1_thiram_molar_grade,Thiram Positive Molar Grade,5,1011,1411.0,0
shap_feature_selection_extratrees_p1_20260529_182607,G1_thiram_molar_grade,Thiram Positive Molar Grade,5,1012,1412.0,0
shap_feature_selection_extratrees_p1_20260529_182607,G1_thiram_molar_grade,Thiram Positive Molar Grade,5,1013,1413.0,0
shap_feature_selection_extratrees_p1_20260529_182607,G1_thiram_molar_grade,Thiram Positive Molar Grade,5,1014,1414.0,0
shap_feature_selection_extratrees_p1_20260529_182607,G1_thiram_molar_grade,Thiram Positive Molar Grade,5,1015,1415.0,0
shap_feature_selection_extratrees_p1_20260529_182607,G1_thiram_molar_grade,Thiram Positive Molar Grade,5,1016,1416.0,0
shap_feature_selection_extratrees_p1_20260529_182607,G1_thiram_molar_grade,Thiram Positive Molar Grade,5,1017,1417.0,0
shap_feature_selection_extratrees_p1_20260529_182607,G1_thiram_molar_grade,Thiram Positive Molar Grade,5,1018,1418.0,0
shap_feature_selection_extratrees_p1_20260529_182607,G1_thiram_molar_grade,Thiram Positive Molar Grade,5,1019,1419.0,0
shap_feature_selection_extratrees_p1_20260529_182607,G1_thiram_molar_grade,Thiram Positive Molar Grade,5,1020,1420.0,0
shap_feature_selection_extratrees_p1_20260529_182607,G1_thiram_molar_grade,Thiram Positive Molar Grade,5,1021,1421.0,0
shap_feature_selection_extratrees_p1_20260529_182607,G1_thiram_molar_grade,Thiram Positive Molar Grade,5,1022,1422.0,0
shap_feature_selection_extratrees_p1_20260529_182607,G1_thiram_molar_grade,Thiram Positive Molar Grade,5,1023,1423.0,0
shap_feature_selection_extratrees_p1_20260529_182607,G1_thiram_molar_grade,Thiram Positive Molar Grade,5,1024,1424.0,0
shap_feature_selection_extratrees_p1_20260529_182607,G1_thiram_molar_grade,Thiram Positive Molar Grade,5,1025,1425.0,0
shap_feature_selection_extratrees_p1_20260529_182607,G1_thiram_molar_grade,Thiram Positive Molar Grade,5,1026,1426.0,0
shap_feature_selection_extratrees_p1_20260529_182607,G1_thiram_molar_grade,Thiram Positive Molar Grade,5,1027,1427.0,0
shap_feature_selection_extratrees_p1_20260529_182607,G1_thiram_molar_grade,Thiram Positive Molar Grade,5,1028,1428.0,0
shap_feature_selection_extratrees_p1_20260529_182607,G1_thiram_molar_grade,Thiram Positive Molar Grade,5,1029,1429.0,0
shap_feature_selection_extratrees_p1_20260529_182607,G1_thiram_molar_grade,Thiram Positive Molar Grade,5,1030,1430.0,0
shap_feature_selection_extratrees_p1_20260529_182607,G1_thiram_molar_grade,Thiram Positive Molar Grade,5,1031,1431.0,0
shap_feature_selection_extratrees_p1_20260529_182607,G1_thiram_molar_grade,Thiram Positive Molar Grade,5,1032,1432.0,0
shap_feature_selection_extratrees_p1_20260529_182607,G1_thiram_molar_grade,Thiram Positive Molar Grade,5,1033,1433.0,0
shap_feature_selection_extratrees_p1_20260529_182607,G1_thiram_molar_grade,Thiram Positive Molar Grade,5,1034,1434.0,0
shap_feature_selection_extratrees_p1_20260529_182607,G1_thiram_molar_grade,Thiram Positive Molar Grade,5,1035,1435.0,0
shap_feature_selection_extratrees_p1_20260529_182607,G1_thiram_molar_grade,Thiram Positive Molar Grade,5,1036,1436.0,0
shap_feature_selection_extratrees_p1_20260529_182607,G1_thiram_molar_grade,Thiram Positive Molar Grade,5,1037,1437.0,0
shap_feature_selection_extratrees_p1_20260529_182607,G1_thiram_molar_grade,Thiram Positive Molar Grade,5,1038,1438.0,0
shap_feature_selection_extratrees_p1_20260529_182607,G1_thiram_molar_grade,Thiram Positive Molar Grade,5,1039,1439.0,0
shap_feature_selection_extratrees_p1_20260529_182607,G1_thiram_molar_grade,Thiram Positive Molar Grade,5,1040,1440.0,0
shap_feature_selection_extratrees_p1_20260529_182607,G1_thiram_molar_grade,Thiram Positive Molar Grade,5,1041,1441.0,0
shap_feature_selection_extratrees_p1_20260529_182607,G1_thiram_molar_grade,Thiram Positive Molar Grade,5,1042,1442.0,0
shap_feature_selection_extratrees_p1_20260529_182607,G1_thiram_molar_grade,Thiram Positive Molar Grade,5,1043,1443.0,0
shap_feature_selection_extratrees_p1_20260529_182607,G1_thiram_molar_grade,Thiram Positive Molar Grade,5,1044,1444.0,0
shap_feature_selection_extratrees_p1_20260529_182607,G1_thiram_molar_grade,Thiram Positive Molar Grade,5,1045,1445.0,0
shap_feature_selection_extratrees_p1_20260529_182607,G1_thiram_molar_grade,Thiram Positive Molar Grade,5,1046,1446.0,0
shap_feature_selection_extratrees_p1_20260529_182607,G1_thiram_molar_grade,Thiram Positive Molar Grade,5,1047,1447.0,0
shap_feature_selection_extratrees_p1_20260529_182607,G1_thiram_molar_grade,Thiram Positive Molar Grade,5,1048,1448.0,0
shap_feature_selection_extratrees_p1_20260529_182607,G1_thiram_molar_grade,Thiram Positive Molar Grade,5,1049,1449.0,0
shap_feature_selection_extratrees_p1_20260529_182607,G1_thiram_molar_grade,Thiram Positive Molar Grade,5,1050,1450.0,0
shap_feature_selection_extratrees_p1_20260529_182607,G1_thiram_molar_grade,Thiram Positive Molar Grade,5,1051,1451.0,0
shap_feature_selection_extratrees_p1_20260529_182607,G1_thiram_molar_grade,Thiram Positive Molar Grade,5,1052,1452.0,0
shap_feature_selection_extratrees_p1_20260529_182607,G1_thiram_molar_grade,Thiram Positive Molar Grade,5,1053,1453.0,0
shap_feature_selection_extratrees_p1_20260529_182607,G1_thiram_molar_grade,Thiram Positive Molar Grade,5,1054,1454.0,0
shap_feature_selection_extratrees_p1_20260529_182607,G1_thiram_molar_grade,Thiram Positive Molar Grade,5,1055,1455.0,0
shap_feature_selection_extratrees_p1_20260529_182607,G1_thiram_molar_grade,Thiram Positive Molar Grade,5,1056,1456.0,0
shap_feature_selection_extratrees_p1_20260529_182607,G1_thiram_molar_grade,Thiram Positive Molar Grade,5,1057,1457.0,0
shap_feature_selection_extratrees_p1_20260529_182607,G1_thiram_molar_grade,Thiram Positive Molar Grade,5,1058,1458.0,0
shap_feature_selection_extratrees_p1_20260529_182607,G1_thiram_molar_grade,Thiram Positive Molar Grade,5,1059,1459.0,0
shap_feature_selection_extratrees_p1_20260529_182607,G1_thiram_molar_grade,Thiram Positive Molar Grade,5,1060,1460.0,0
shap_feature_selection_extratrees_p1_20260529_182607,G1_thiram_molar_grade,Thiram Positive Molar Grade,5,1061,1461.0,0
shap_feature_selection_extratrees_p1_20260529_182607,G1_thiram_molar_grade,Thiram Positive Molar Grade,5,1062,1462.0,0
shap_feature_selection_extratrees_p1_20260529_182607,G1_thiram_molar_grade,Thiram Positive Molar Grade,5,1063,1463.0,0
shap_feature_selection_extratrees_p1_20260529_182607,G1_thiram_molar_grade,Thiram Positive Molar Grade,5,1064,1464.0,0
shap_feature_selection_extratrees_p1_20260529_182607,G1_thiram_molar_grade,Thiram Positive Molar Grade,5,1065,1465.0,0
shap_feature_selection_extratrees_p1_20260529_182607,G1_thiram_molar_grade,Thiram Positive Molar Grade,5,1066,1466.0,0
shap_feature_selection_extratrees_p1_20260529_182607,G1_thiram_molar_grade,Thiram Positive Molar Grade,5,1067,1467.0,0
shap_feature_selection_extratrees_p1_20260529_182607,G1_thiram_molar_grade,Thiram Positive Molar Grade,5,1068,1468.0,0
shap_feature_selection_extratrees_p1_20260529_182607,G1_thiram_molar_grade,Thiram Positive Molar Grade,5,1069,1469.0,0
shap_feature_selection_extratrees_p1_20260529_182607,G1_thiram_molar_grade,Thiram Positive Molar Grade,5,1070,1470.0,0
shap_feature_selection_extratrees_p1_20260529_182607,G1_thiram_molar_grade,Thiram Positive Molar Grade,5,1071,1471.0,0
shap_feature_selection_extratrees_p1_20260529_182607,G1_thiram_molar_grade,Thiram Positive Molar Grade,5,1072,1472.0,0
shap_feature_selection_extratrees_p1_20260529_182607,G1_thiram_molar_grade,Thiram Positive Molar Grade,5,1073,1473.0,0
shap_feature_selection_extratrees_p1_20260529_182607,G1_thiram_molar_grade,Thiram Positive Molar Grade,5,1074,1474.0,0
shap_feature_selection_extratrees_p1_20260529_182607,G1_thiram_molar_grade,Thiram Positive Molar Grade,5,1075,1475.0,0
shap_feature_selection_extratrees_p1_20260529_182607,G1_thiram_molar_grade,Thiram Positive Molar Grade,5,1076,1476.0,0
shap_feature_selection_extratrees_p1_20260529_182607,G1_thiram_molar_grade,Thiram Positive Molar Grade,5,1077,1477.0,0
shap_feature_selection_extratrees_p1_20260529_182607,G1_thiram_molar_grade,Thiram Positive Molar Grade,5,1078,1478.0,0
shap_feature_selection_extratrees_p1_20260529_182607,G1_thiram_molar_grade,Thiram Positive Molar Grade,5,1079,1479.0,0
shap_feature_selection_extratrees_p1_20260529_182607,G1_thiram_molar_grade,Thiram Positive Molar Grade,5,1080,1480.0,0
shap_feature_selection_extratrees_p1_20260529_182607,G1_thiram_molar_grade,Thiram Positive Molar Grade,5,1081,1481.0,0
shap_feature_selection_extratrees_p1_20260529_182607,G1_thiram_molar_grade,Thiram Positive Molar Grade,5,1082,1482.0,0
shap_feature_selection_extratrees_p1_20260529_182607,G1_thiram_molar_grade,Thiram Positive Molar Grade,5,1083,1483.0,0
shap_feature_selection_extratrees_p1_20260529_182607,G1_thiram_molar_grade,Thiram Positive Molar Grade,5,1084,1484.0,0
shap_feature_selection_extratrees_p1_20260529_182607,G1_thiram_molar_grade,Thiram Positive Molar Grade,5,1085,1485.0,0
shap_feature_selection_extratrees_p1_20260529_182607,G1_thiram_molar_grade,Thiram Positive Molar Grade,5,1086,1486.0,0
shap_feature_selection_extratrees_p1_20260529_182607,G1_thiram_molar_grade,Thiram Positive Molar Grade,5,1087,1487.0,0
shap_feature_selection_extratrees_p1_20260529_182607,G1_thiram_molar_grade,Thiram Positive Molar Grade,5,1088,1488.0,0
shap_feature_selection_extratrees_p1_20260529_182607,G1_thiram_molar_grade,Thiram Positive Molar Grade,5,1089,1489.0,0
shap_feature_selection_extratrees_p1_20260529_182607,G1_thiram_molar_grade,Thiram Positive Molar Grade,5,1090,1490.0,0
shap_feature_selection_extratrees_p1_20260529_182607,G1_thiram_molar_grade,Thiram Positive Molar Grade,5,1091,1491.0,0
shap_feature_selection_extratrees_p1_20260529_182607,G1_thiram_molar_grade,Thiram Positive Molar Grade,5,1092,1492.0,0
shap_feature_selection_extratrees_p1_20260529_182607,G1_thiram_molar_grade,Thiram Positive Molar Grade,5,1093,1493.0,0
shap_feature_selection_extratrees_p1_20260529_182607,G1_thiram_molar_grade,Thiram Positive Molar Grade,5,1094,1494.0,1
shap_feature_selection_extratrees_p1_20260529_182607,G1_thiram_molar_grade,Thiram Positive Molar Grade,5,1095,1495.0,1
shap_feature_selection_extratrees_p1_20260529_182607,G1_thiram_molar_grade,Thiram Positive Molar Grade,5,1096,1496.0,1
shap_feature_selection_extratrees_p1_20260529_182607,G1_thiram_molar_grade,Thiram Positive Molar Grade,5,1097,1497.0,1
shap_feature_selection_extratrees_p1_20260529_182607,G1_thiram_molar_grade,Thiram Positive Molar Grade,5,1098,1498.0,1
shap_feature_selection_extratrees_p1_20260529_182607,G1_thiram_molar_grade,Thiram Positive Molar Grade,5,1099,1499.0,1
shap_feature_selection_extratrees_p1_20260529_182607,G1_thiram_molar_grade,Thiram Positive Molar Grade,5,1100,1500.0,1
shap_feature_selection_extratrees_p1_20260529_182607,G1_thiram_molar_grade,Thiram Positive Molar Grade,5,1101,1501.0,0
shap_feature_selection_extratrees_p1_20260529_182607,G1_thiram_molar_grade,Thiram Positive Molar Grade,5,1102,1502.0,1
shap_feature_selection_extratrees_p1_20260529_182607,G1_thiram_molar_grade,Thiram Positive Molar Grade,5,1103,1503.0,1
shap_feature_selection_extratrees_p1_20260529_182607,G1_thiram_molar_grade,Thiram Positive Molar Grade,5,1104,1504.0,1
shap_feature_selection_extratrees_p1_20260529_182607,G1_thiram_molar_grade,Thiram Positive Molar Grade,5,1105,1505.0,1
shap_feature_selection_extratrees_p1_20260529_182607,G1_thiram_molar_grade,Thiram Positive Molar Grade,5,1106,1506.0,1
shap_feature_selection_extratrees_p1_20260529_182607,G1_thiram_molar_grade,Thiram Positive Molar Grade,5,1107,1507.0,1
shap_feature_selection_extratrees_p1_20260529_182607,G1_thiram_molar_grade,Thiram Positive Molar Grade,5,1108,1508.0,1
shap_feature_selection_extratrees_p1_20260529_182607,G1_thiram_molar_grade,Thiram Positive Molar Grade,5,1109,1509.0,1
shap_feature_selection_extratrees_p1_20260529_182607,G1_thiram_molar_grade,Thiram Positive Molar Grade,5,1110,1510.0,1
shap_feature_selection_extratrees_p1_20260529_182607,G1_thiram_molar_grade,Thiram Positive Molar Grade,5,1111,1511.0,1
shap_feature_selection_extratrees_p1_20260529_182607,G1_thiram_molar_grade,Thiram Positive Molar Grade,5,1112,1512.0,0
shap_feature_selection_extratrees_p1_20260529_182607,G1_thiram_molar_grade,Thiram Positive Molar Grade,5,1113,1513.0,1
shap_feature_selection_extratrees_p1_20260529_182607,G1_thiram_molar_grade,Thiram Positive Molar Grade,5,1114,1514.0,1
shap_feature_selection_extratrees_p1_20260529_182607,G1_thiram_molar_grade,Thiram Positive Molar Grade,5,1115,1515.0,1
shap_feature_selection_extratrees_p1_20260529_182607,G1_thiram_molar_grade,Thiram Positive Molar Grade,5,1116,1516.0,1
shap_feature_selection_extratrees_p1_20260529_182607,G1_thiram_molar_grade,Thiram Positive Molar Grade,5,1117,1517.0,1
shap_feature_selection_extratrees_p1_20260529_182607,G1_thiram_molar_grade,Thiram Positive Molar Grade,5,1118,1518.0,0
shap_feature_selection_extratrees_p1_20260529_182607,G1_thiram_molar_grade,Thiram Positive Molar Grade,5,1119,1519.0,0
shap_feature_selection_extratrees_p1_20260529_182607,G1_thiram_molar_grade,Thiram Positive Molar Grade,5,1120,1520.0,1
shap_feature_selection_extratrees_p1_20260529_182607,G1_thiram_molar_grade,Thiram Positive Molar Grade,5,1121,1521.0,0
shap_feature_selection_extratrees_p1_20260529_182607,G1_thiram_molar_grade,Thiram Positive Molar Grade,5,1122,1522.0,1
shap_feature_selection_extratrees_p1_20260529_182607,G1_thiram_molar_grade,Thiram Positive Molar Grade,5,1123,1523.0,0
shap_feature_selection_extratrees_p1_20260529_182607,G1_thiram_molar_grade,Thiram Positive Molar Grade,5,1124,1524.0,0
shap_feature_selection_extratrees_p1_20260529_182607,G1_thiram_molar_grade,Thiram Positive Molar Grade,5,1125,1525.0,0
shap_feature_selection_extratrees_p1_20260529_182607,G1_thiram_molar_grade,Thiram Positive Molar Grade,5,1126,1526.0,0
shap_feature_selection_extratrees_p1_20260529_182607,G1_thiram_molar_grade,Thiram Positive Molar Grade,5,1127,1527.0,0
shap_feature_selection_extratrees_p1_20260529_182607,G1_thiram_molar_grade,Thiram Positive Molar Grade,5,1128,1528.0,0
shap_feature_selection_extratrees_p1_20260529_182607,G1_thiram_molar_grade,Thiram Positive Molar Grade,5,1129,1529.0,0
shap_feature_selection_extratrees_p1_20260529_182607,G1_thiram_molar_grade,Thiram Positive Molar Grade,5,1130,1530.0,0
shap_feature_selection_extratrees_p1_20260529_182607,G1_thiram_molar_grade,Thiram Positive Molar Grade,5,1131,1531.0,0
shap_feature_selection_extratrees_p1_20260529_182607,G1_thiram_molar_grade,Thiram Positive Molar Grade,5,1132,1532.0,0
shap_feature_selection_extratrees_p1_20260529_182607,G1_thiram_molar_grade,Thiram Positive Molar Grade,5,1133,1533.0,0
shap_feature_selection_extratrees_p1_20260529_182607,G1_thiram_molar_grade,Thiram Positive Molar Grade,5,1134,1534.0,0
shap_feature_selection_extratrees_p1_20260529_182607,G1_thiram_molar_grade,Thiram Positive Molar Grade,5,1135,1535.0,0
shap_feature_selection_extratrees_p1_20260529_182607,G1_thiram_molar_grade,Thiram Positive Molar Grade,5,1136,1536.0,0
shap_feature_selection_extratrees_p1_20260529_182607,G1_thiram_molar_grade,Thiram Positive Molar Grade,5,1137,1537.0,0
shap_feature_selection_extratrees_p1_20260529_182607,G1_thiram_molar_grade,Thiram Positive Molar Grade,5,1138,1538.0,0
shap_feature_selection_extratrees_p1_20260529_182607,G1_thiram_molar_grade,Thiram Positive Molar Grade,5,1139,1539.0,0
shap_feature_selection_extratrees_p1_20260529_182607,G1_thiram_molar_grade,Thiram Positive Molar Grade,5,1140,1540.0,0
shap_feature_selection_extratrees_p1_20260529_182607,G1_thiram_molar_grade,Thiram Positive Molar Grade,5,1141,1541.0,0
shap_feature_selection_extratrees_p1_20260529_182607,G1_thiram_molar_grade,Thiram Positive Molar Grade,5,1142,1542.0,0
shap_feature_selection_extratrees_p1_20260529_182607,G1_thiram_molar_grade,Thiram Positive Molar Grade,5,1143,1543.0,0
shap_feature_selection_extratrees_p1_20260529_182607,G1_thiram_molar_grade,Thiram Positive Molar Grade,5,1144,1544.0,0
shap_feature_selection_extratrees_p1_20260529_182607,G1_thiram_molar_grade,Thiram Positive Molar Grade,5,1145,1545.0,0
shap_feature_selection_extratrees_p1_20260529_182607,G1_thiram_molar_grade,Thiram Positive Molar Grade,5,1146,1546.0,0
shap_feature_selection_extratrees_p1_20260529_182607,G1_thiram_molar_grade,Thiram Positive Molar Grade,5,1147,1547.0,0
shap_feature_selection_extratrees_p1_20260529_182607,G1_thiram_molar_grade,Thiram Positive Molar Grade,5,1148,1548.0,0
shap_feature_selection_extratrees_p1_20260529_182607,G1_thiram_molar_grade,Thiram Positive Molar Grade,5,1149,1549.0,0
shap_feature_selection_extratrees_p1_20260529_182607,G1_thiram_molar_grade,Thiram Positive Molar Grade,5,1150,1550.0,0
shap_feature_selection_extratrees_p1_20260529_182607,G1_thiram_molar_grade,Thiram Positive Molar Grade,5,1151,1551.0,0
shap_feature_selection_extratrees_p1_20260529_182607,G1_thiram_molar_grade,Thiram Positive Molar Grade,5,1152,1552.0,0
shap_feature_selection_extratrees_p1_20260529_182607,G1_thiram_molar_grade,Thiram Positive Molar Grade,5,1153,1553.0,0
shap_feature_selection_extratrees_p1_20260529_182607,G1_thiram_molar_grade,Thiram Positive Molar Grade,5,1154,1554.0,0
shap_feature_selection_extratrees_p1_20260529_182607,G1_thiram_molar_grade,Thiram Positive Molar Grade,5,1155,1555.0,0
shap_feature_selection_extratrees_p1_20260529_182607,G1_thiram_molar_grade,Thiram Positive Molar Grade,5,1156,1556.0,0
shap_feature_selection_extratrees_p1_20260529_182607,G1_thiram_molar_grade,Thiram Positive Molar Grade,5,1157,1557.0,0
shap_feature_selection_extratrees_p1_20260529_182607,G1_thiram_molar_grade,Thiram Positive Molar Grade,5,1158,1558.0,0
shap_feature_selection_extratrees_p1_20260529_182607,G1_thiram_molar_grade,Thiram Positive Molar Grade,5,1159,1559.0,0
shap_feature_selection_extratrees_p1_20260529_182607,G1_thiram_molar_grade,Thiram Positive Molar Grade,5,1160,1560.0,0
shap_feature_selection_extratrees_p1_20260529_182607,G1_thiram_molar_grade,Thiram Positive Molar Grade,5,1161,1561.0,0
shap_feature_selection_extratrees_p1_20260529_182607,G1_thiram_molar_grade,Thiram Positive Molar Grade,5,1162,1562.0,0
shap_feature_selection_extratrees_p1_20260529_182607,G1_thiram_molar_grade,Thiram Positive Molar Grade,5,1163,1563.0,0
shap_feature_selection_extratrees_p1_20260529_182607,G1_thiram_molar_grade,Thiram Positive Molar Grade,5,1164,1564.0,0
shap_feature_selection_extratrees_p1_20260529_182607,G1_thiram_molar_grade,Thiram Positive Molar Grade,5,1165,1565.0,0
shap_feature_selection_extratrees_p1_20260529_182607,G1_thiram_molar_grade,Thiram Positive Molar Grade,5,1166,1566.0,0
shap_feature_selection_extratrees_p1_20260529_182607,G1_thiram_molar_grade,Thiram Positive Molar Grade,5,1167,1567.0,0
shap_feature_selection_extratrees_p1_20260529_182607,G1_thiram_molar_grade,Thiram Positive Molar Grade,5,1168,1568.0,0
shap_feature_selection_extratrees_p1_20260529_182607,G1_thiram_molar_grade,Thiram Positive Molar Grade,5,1169,1569.0,0
shap_feature_selection_extratrees_p1_20260529_182607,G1_thiram_molar_grade,Thiram Positive Molar Grade,5,1170,1570.0,0
shap_feature_selection_extratrees_p1_20260529_182607,G1_thiram_molar_grade,Thiram Positive Molar Grade,5,1171,1571.0,0
shap_feature_selection_extratrees_p1_20260529_182607,G1_thiram_molar_grade,Thiram Positive Molar Grade,5,1172,1572.0,0
shap_feature_selection_extratrees_p1_20260529_182607,G1_thiram_molar_grade,Thiram Positive Molar Grade,5,1173,1573.0,0
shap_feature_selection_extratrees_p1_20260529_182607,G1_thiram_molar_grade,Thiram Positive Molar Grade,5,1174,1574.0,0
shap_feature_selection_extratrees_p1_20260529_182607,G1_thiram_molar_grade,Thiram Positive Molar Grade,5,1175,1575.0,0
shap_feature_selection_extratrees_p1_20260529_182607,G1_thiram_molar_grade,Thiram Positive Molar Grade,5,1176,1576.0,0
shap_feature_selection_extratrees_p1_20260529_182607,G1_thiram_molar_grade,Thiram Positive Molar Grade,5,1177,1577.0,0
shap_feature_selection_extratrees_p1_20260529_182607,G1_thiram_molar_grade,Thiram Positive Molar Grade,5,1178,1578.0,0
shap_feature_selection_extratrees_p1_20260529_182607,G1_thiram_molar_grade,Thiram Positive Molar Grade,5,1179,1579.0,0
shap_feature_selection_extratrees_p1_20260529_182607,G1_thiram_molar_grade,Thiram Positive Molar Grade,5,1180,1580.0,0
shap_feature_selection_extratrees_p1_20260529_182607,G1_thiram_molar_grade,Thiram Positive Molar Grade,5,1181,1581.0,0
shap_feature_selection_extratrees_p1_20260529_182607,G1_thiram_molar_grade,Thiram Positive Molar Grade,5,1182,1582.0,0
shap_feature_selection_extratrees_p1_20260529_182607,G1_thiram_molar_grade,Thiram Positive Molar Grade,5,1183,1583.0,0
shap_feature_selection_extratrees_p1_20260529_182607,G1_thiram_molar_grade,Thiram Positive Molar Grade,5,1184,1584.0,0
shap_feature_selection_extratrees_p1_20260529_182607,G1_thiram_molar_grade,Thiram Positive Molar Grade,5,1185,1585.0,0
shap_feature_selection_extratrees_p1_20260529_182607,G1_thiram_molar_grade,Thiram Positive Molar Grade,5,1186,1586.0,0
shap_feature_selection_extratrees_p1_20260529_182607,G1_thiram_molar_grade,Thiram Positive Molar Grade,5,1187,1587.0,0
shap_feature_selection_extratrees_p1_20260529_182607,G1_thiram_molar_grade,Thiram Positive Molar Grade,5,1188,1588.0,0
shap_feature_selection_extratrees_p1_20260529_182607,G1_thiram_molar_grade,Thiram Positive Molar Grade,5,1189,1589.0,0
shap_feature_selection_extratrees_p1_20260529_182607,G1_thiram_molar_grade,Thiram Positive Molar Grade,5,1190,1590.0,0
shap_feature_selection_extratrees_p1_20260529_182607,G1_thiram_molar_grade,Thiram Positive Molar Grade,5,1191,1591.0,0
shap_feature_selection_extratrees_p1_20260529_182607,G1_thiram_molar_grade,Thiram Positive Molar Grade,5,1192,1592.0,0
shap_feature_selection_extratrees_p1_20260529_182607,G1_thiram_molar_grade,Thiram Positive Molar Grade,5,1193,1593.0,0
shap_feature_selection_extratrees_p1_20260529_182607,G1_thiram_molar_grade,Thiram Positive Molar Grade,5,1194,1594.0,0
shap_feature_selection_extratrees_p1_20260529_182607,G1_thiram_molar_grade,Thiram Positive Molar Grade,5,1195,1595.0,0
shap_feature_selection_extratrees_p1_20260529_182607,G1_thiram_molar_grade,Thiram Positive Molar Grade,5,1196,1596.0,0
shap_feature_selection_extratrees_p1_20260529_182607,G1_thiram_molar_grade,Thiram Positive Molar Grade,5,1197,1597.0,0
shap_feature_selection_extratrees_p1_20260529_182607,G1_thiram_molar_grade,Thiram Positive Molar Grade,5,1198,1598.0,0
shap_feature_selection_extratrees_p1_20260529_182607,G1_thiram_molar_grade,Thiram Positive Molar Grade,5,1199,1599.0,0
shap_feature_selection_extratrees_p1_20260529_182607,G1_thiram_molar_grade,Thiram Positive Molar Grade,5,1200,1600.0,0
shap_feature_selection_extratrees_p1_20260529_182607,G1_thiram_molar_grade,Thiram Positive Molar Grade,5,1201,1601.0,0
shap_feature_selection_extratrees_p1_20260529_182607,G1_thiram_molar_grade,Thiram Positive Molar Grade,5,1202,1602.0,0
shap_feature_selection_extratrees_p1_20260529_182607,G1_thiram_molar_grade,Thiram Positive Molar Grade,5,1203,1603.0,0
shap_feature_selection_extratrees_p1_20260529_182607,G1_thiram_molar_grade,Thiram Positive Molar Grade,5,1204,1604.0,0
shap_feature_selection_extratrees_p1_20260529_182607,G1_thiram_molar_grade,Thiram Positive Molar Grade,5,1205,1605.0,0
shap_feature_selection_extratrees_p1_20260529_182607,G1_thiram_molar_grade,Thiram Positive Molar Grade,5,1206,1606.0,0
shap_feature_selection_extratrees_p1_20260529_182607,G1_thiram_molar_grade,Thiram Positive Molar Grade,5,1207,1607.0,0
shap_feature_selection_extratrees_p1_20260529_182607,G1_thiram_molar_grade,Thiram Positive Molar Grade,5,1208,1608.0,0
shap_feature_selection_extratrees_p1_20260529_182607,G1_thiram_molar_grade,Thiram Positive Molar Grade,5,1209,1609.0,0
shap_feature_selection_extratrees_p1_20260529_182607,G1_thiram_molar_grade,Thiram Positive Molar Grade,5,1210,1610.0,0
shap_feature_selection_extratrees_p1_20260529_182607,G1_thiram_molar_grade,Thiram Positive Molar Grade,5,1211,1611.0,0
shap_feature_selection_extratrees_p1_20260529_182607,G1_thiram_molar_grade,Thiram Positive Molar Grade,5,1212,1612.0,0
shap_feature_selection_extratrees_p1_20260529_182607,G1_thiram_molar_grade,Thiram Positive Molar Grade,5,1213,1613.0,0
shap_feature_selection_extratrees_p1_20260529_182607,G1_thiram_molar_grade,Thiram Positive Molar Grade,5,1214,1614.0,0
shap_feature_selection_extratrees_p1_20260529_182607,G1_thiram_molar_grade,Thiram Positive Molar Grade,5,1215,1615.0,0
shap_feature_selection_extratrees_p1_20260529_182607,G1_thiram_molar_grade,Thiram Positive Molar Grade,5,1216,1616.0,0
shap_feature_selection_extratrees_p1_20260529_182607,G1_thiram_molar_grade,Thiram Positive Molar Grade,5,1217,1617.0,0
shap_feature_selection_extratrees_p1_20260529_182607,G1_thiram_molar_grade,Thiram Positive Molar Grade,5,1218,1618.0,0
shap_feature_selection_extratrees_p1_20260529_182607,G1_thiram_molar_grade,Thiram Positive Molar Grade,5,1219,1619.0,0
shap_feature_selection_extratrees_p1_20260529_182607,G1_thiram_molar_grade,Thiram Positive Molar Grade,5,1220,1620.0,0
shap_feature_selection_extratrees_p1_20260529_182607,G1_thiram_molar_grade,Thiram Positive Molar Grade,5,1221,1621.0,0
shap_feature_selection_extratrees_p1_20260529_182607,G1_thiram_molar_grade,Thiram Positive Molar Grade,5,1222,1622.0,0
shap_feature_selection_extratrees_p1_20260529_182607,G1_thiram_molar_grade,Thiram Positive Molar Grade,5,1223,1623.0,0
shap_feature_selection_extratrees_p1_20260529_182607,G1_thiram_molar_grade,Thiram Positive Molar Grade,5,1224,1624.0,0
shap_feature_selection_extratrees_p1_20260529_182607,G1_thiram_molar_grade,Thiram Positive Molar Grade,5,1225,1625.0,0
shap_feature_selection_extratrees_p1_20260529_182607,G1_thiram_molar_grade,Thiram Positive Molar Grade,5,1226,1626.0,0
shap_feature_selection_extratrees_p1_20260529_182607,G1_thiram_molar_grade,Thiram Positive Molar Grade,5,1227,1627.0,0
shap_feature_selection_extratrees_p1_20260529_182607,G1_thiram_molar_grade,Thiram Positive Molar Grade,5,1228,1628.0,0
shap_feature_selection_extratrees_p1_20260529_182607,G1_thiram_molar_grade,Thiram Positive Molar Grade,5,1229,1629.0,0
shap_feature_selection_extratrees_p1_20260529_182607,G1_thiram_molar_grade,Thiram Positive Molar Grade,5,1230,1630.0,0
shap_feature_selection_extratrees_p1_20260529_182607,G1_thiram_molar_grade,Thiram Positive Molar Grade,5,1231,1631.0,0
shap_feature_selection_extratrees_p1_20260529_182607,G1_thiram_molar_grade,Thiram Positive Molar Grade,5,1232,1632.0,0
shap_feature_selection_extratrees_p1_20260529_182607,G1_thiram_molar_grade,Thiram Positive Molar Grade,5,1233,1633.0,0
shap_feature_selection_extratrees_p1_20260529_182607,G1_thiram_molar_grade,Thiram Positive Molar Grade,5,1234,1634.0,0
shap_feature_selection_extratrees_p1_20260529_182607,G1_thiram_molar_grade,Thiram Positive Molar Grade,5,1235,1635.0,0
shap_feature_selection_extratrees_p1_20260529_182607,G1_thiram_molar_grade,Thiram Positive Molar Grade,5,1236,1636.0,0
shap_feature_selection_extratrees_p1_20260529_182607,G1_thiram_molar_grade,Thiram Positive Molar Grade,5,1237,1637.0,0
shap_feature_selection_extratrees_p1_20260529_182607,G1_thiram_molar_grade,Thiram Positive Molar Grade,5,1238,1638.0,0
shap_feature_selection_extratrees_p1_20260529_182607,G1_thiram_molar_grade,Thiram Positive Molar Grade,5,1239,1639.0,0
shap_feature_selection_extratrees_p1_20260529_182607,G1_thiram_molar_grade,Thiram Positive Molar Grade,5,1240,1640.0,0
shap_feature_selection_extratrees_p1_20260529_182607,G1_thiram_molar_grade,Thiram Positive Molar Grade,5,1241,1641.0,0
shap_feature_selection_extratrees_p1_20260529_182607,G1_thiram_molar_grade,Thiram Positive Molar Grade,5,1242,1642.0,0
shap_feature_selection_extratrees_p1_20260529_182607,G1_thiram_molar_grade,Thiram Positive Molar Grade,5,1243,1643.0,0
shap_feature_selection_extratrees_p1_20260529_182607,G1_thiram_molar_grade,Thiram Positive Molar Grade,5,1244,1644.0,0
shap_feature_selection_extratrees_p1_20260529_182607,G1_thiram_molar_grade,Thiram Positive Molar Grade,5,1245,1645.0,0
shap_feature_selection_extratrees_p1_20260529_182607,G1_thiram_molar_grade,Thiram Positive Molar Grade,5,1246,1646.0,0
shap_feature_selection_extratrees_p1_20260529_182607,G1_thiram_molar_grade,Thiram Positive Molar Grade,5,1247,1647.0,0
shap_feature_selection_extratrees_p1_20260529_182607,G1_thiram_molar_grade,Thiram Positive Molar Grade,5,1248,1648.0,0
shap_feature_selection_extratrees_p1_20260529_182607,G1_thiram_molar_grade,Thiram Positive Molar Grade,5,1249,1649.0,0
shap_feature_selection_extratrees_p1_20260529_182607,G1_thiram_molar_grade,Thiram Positive Molar Grade,5,1250,1650.0,0
shap_feature_selection_extratrees_p1_20260529_182607,G1_thiram_molar_grade,Thiram Positive Molar Grade,5,1251,1651.0,0
shap_feature_selection_extratrees_p1_20260529_182607,G1_thiram_molar_grade,Thiram Positive Molar Grade,5,1252,1652.0,0
shap_feature_selection_extratrees_p1_20260529_182607,G1_thiram_molar_grade,Thiram Positive Molar Grade,5,1253,1653.0,0
shap_feature_selection_extratrees_p1_20260529_182607,G1_thiram_molar_grade,Thiram Positive Molar Grade,5,1254,1654.0,0
shap_feature_selection_extratrees_p1_20260529_182607,G1_thiram_molar_grade,Thiram Positive Molar Grade,5,1255,1655.0,0
shap_feature_selection_extratrees_p1_20260529_182607,G1_thiram_molar_grade,Thiram Positive Molar Grade,5,1256,1656.0,0
shap_feature_selection_extratrees_p1_20260529_182607,G1_thiram_molar_grade,Thiram Positive Molar Grade,5,1257,1657.0,0
shap_feature_selection_extratrees_p1_20260529_182607,G1_thiram_molar_grade,Thiram Positive Molar Grade,5,1258,1658.0,0
shap_feature_selection_extratrees_p1_20260529_182607,G1_thiram_molar_grade,Thiram Positive Molar Grade,5,1259,1659.0,0
shap_feature_selection_extratrees_p1_20260529_182607,G1_thiram_molar_grade,Thiram Positive Molar Grade,5,1260,1660.0,0
shap_feature_selection_extratrees_p1_20260529_182607,G1_thiram_molar_grade,Thiram Positive Molar Grade,5,1261,1661.0,0
shap_feature_selection_extratrees_p1_20260529_182607,G1_thiram_molar_grade,Thiram Positive Molar Grade,5,1262,1662.0,0
shap_feature_selection_extratrees_p1_20260529_182607,G1_thiram_molar_grade,Thiram Positive Molar Grade,5,1263,1663.0,0
shap_feature_selection_extratrees_p1_20260529_182607,G1_thiram_molar_grade,Thiram Positive Molar Grade,5,1264,1664.0,0
shap_feature_selection_extratrees_p1_20260529_182607,G1_thiram_molar_grade,Thiram Positive Molar Grade,5,1265,1665.0,0
shap_feature_selection_extratrees_p1_20260529_182607,G1_thiram_molar_grade,Thiram Positive Molar Grade,5,1266,1666.0,0
shap_feature_selection_extratrees_p1_20260529_182607,G1_thiram_molar_grade,Thiram Positive Molar Grade,5,1267,1667.0,0
shap_feature_selection_extratrees_p1_20260529_182607,G1_thiram_molar_grade,Thiram Positive Molar Grade,5,1268,1668.0,0
shap_feature_selection_extratrees_p1_20260529_182607,G1_thiram_molar_grade,Thiram Positive Molar Grade,5,1269,1669.0,0
shap_feature_selection_extratrees_p1_20260529_182607,G1_thiram_molar_grade,Thiram Positive Molar Grade,5,1270,1670.0,0
shap_feature_selection_extratrees_p1_20260529_182607,G1_thiram_molar_grade,Thiram Positive Molar Grade,5,1271,1671.0,0
shap_feature_selection_extratrees_p1_20260529_182607,G1_thiram_molar_grade,Thiram Positive Molar Grade,5,1272,1672.0,0
shap_feature_selection_extratrees_p1_20260529_182607,G1_thiram_molar_grade,Thiram Positive Molar Grade,5,1273,1673.0,0
shap_feature_selection_extratrees_p1_20260529_182607,G1_thiram_molar_grade,Thiram Positive Molar Grade,5,1274,1674.0,0
shap_feature_selection_extratrees_p1_20260529_182607,G1_thiram_molar_grade,Thiram Positive Molar Grade,5,1275,1675.0,0
shap_feature_selection_extratrees_p1_20260529_182607,G1_thiram_molar_grade,Thiram Positive Molar Grade,5,1276,1676.0,0
shap_feature_selection_extratrees_p1_20260529_182607,G1_thiram_molar_grade,Thiram Positive Molar Grade,5,1277,1677.0,0
shap_feature_selection_extratrees_p1_20260529_182607,G1_thiram_molar_grade,Thiram Positive Molar Grade,5,1278,1678.0,0
shap_feature_selection_extratrees_p1_20260529_182607,G1_thiram_molar_grade,Thiram Positive Molar Grade,5,1279,1679.0,0
shap_feature_selection_extratrees_p1_20260529_182607,G1_thiram_molar_grade,Thiram Positive Molar Grade,5,1280,1680.0,0
shap_feature_selection_extratrees_p1_20260529_182607,G1_thiram_molar_grade,Thiram Positive Molar Grade,5,1281,1681.0,0
shap_feature_selection_extratrees_p1_20260529_182607,G1_thiram_molar_grade,Thiram Positive Molar Grade,5,1282,1682.0,0
shap_feature_selection_extratrees_p1_20260529_182607,G1_thiram_molar_grade,Thiram Positive Molar Grade,5,1283,1683.0,0
shap_feature_selection_extratrees_p1_20260529_182607,G1_thiram_molar_grade,Thiram Positive Molar Grade,5,1284,1684.0,0
shap_feature_selection_extratrees_p1_20260529_182607,G1_thiram_molar_grade,Thiram Positive Molar Grade,5,1285,1685.0,0
shap_feature_selection_extratrees_p1_20260529_182607,G1_thiram_molar_grade,Thiram Positive Molar Grade,5,1286,1686.0,0
shap_feature_selection_extratrees_p1_20260529_182607,G1_thiram_molar_grade,Thiram Positive Molar Grade,5,1287,1687.0,0
shap_feature_selection_extratrees_p1_20260529_182607,G1_thiram_molar_grade,Thiram Positive Molar Grade,5,1288,1688.0,0
shap_feature_selection_extratrees_p1_20260529_182607,G1_thiram_molar_grade,Thiram Positive Molar Grade,5,1289,1689.0,0
shap_feature_selection_extratrees_p1_20260529_182607,G1_thiram_molar_grade,Thiram Positive Molar Grade,5,1290,1690.0,0
shap_feature_selection_extratrees_p1_20260529_182607,G1_thiram_molar_grade,Thiram Positive Molar Grade,5,1291,1691.0,0
shap_feature_selection_extratrees_p1_20260529_182607,G1_thiram_molar_grade,Thiram Positive Molar Grade,5,1292,1692.0,0
shap_feature_selection_extratrees_p1_20260529_182607,G1_thiram_molar_grade,Thiram Positive Molar Grade,5,1293,1693.0,0
shap_feature_selection_extratrees_p1_20260529_182607,G1_thiram_molar_grade,Thiram Positive Molar Grade,5,1294,1694.0,0
shap_feature_selection_extratrees_p1_20260529_182607,G1_thiram_molar_grade,Thiram Positive Molar Grade,5,1295,1695.0,0
shap_feature_selection_extratrees_p1_20260529_182607,G1_thiram_molar_grade,Thiram Positive Molar Grade,5,1296,1696.0,0
shap_feature_selection_extratrees_p1_20260529_182607,G1_thiram_molar_grade,Thiram Positive Molar Grade,5,1297,1697.0,0
shap_feature_selection_extratrees_p1_20260529_182607,G1_thiram_molar_grade,Thiram Positive Molar Grade,5,1298,1698.0,0
shap_feature_selection_extratrees_p1_20260529_182607,G1_thiram_molar_grade,Thiram Positive Molar Grade,5,1299,1699.0,0
shap_feature_selection_extratrees_p1_20260529_182607,G1_thiram_molar_grade,Thiram Positive Molar Grade,5,1300,1700.0,0
shap_feature_selection_extratrees_p1_20260529_182607,G1_thiram_molar_grade,Thiram Positive Molar Grade,5,1301,1701.0,0
shap_feature_selection_extratrees_p1_20260529_182607,G1_thiram_molar_grade,Thiram Positive Molar Grade,5,1302,1702.0,0
shap_feature_selection_extratrees_p1_20260529_182607,G1_thiram_molar_grade,Thiram Positive Molar Grade,5,1303,1703.0,0
shap_feature_selection_extratrees_p1_20260529_182607,G1_thiram_molar_grade,Thiram Positive Molar Grade,5,1304,1704.0,0
shap_feature_selection_extratrees_p1_20260529_182607,G1_thiram_molar_grade,Thiram Positive Molar Grade,5,1305,1705.0,0
shap_feature_selection_extratrees_p1_20260529_182607,G1_thiram_molar_grade,Thiram Positive Molar Grade,5,1306,1706.0,0
shap_feature_selection_extratrees_p1_20260529_182607,G1_thiram_molar_grade,Thiram Positive Molar Grade,5,1307,1707.0,0
shap_feature_selection_extratrees_p1_20260529_182607,G1_thiram_molar_grade,Thiram Positive Molar Grade,5,1308,1708.0,0
shap_feature_selection_extratrees_p1_20260529_182607,G1_thiram_molar_grade,Thiram Positive Molar Grade,5,1309,1709.0,0
shap_feature_selection_extratrees_p1_20260529_182607,G1_thiram_molar_grade,Thiram Positive Molar Grade,5,1310,1710.0,0
shap_feature_selection_extratrees_p1_20260529_182607,G1_thiram_molar_grade,Thiram Positive Molar Grade,5,1311,1711.0,0
shap_feature_selection_extratrees_p1_20260529_182607,G1_thiram_molar_grade,Thiram Positive Molar Grade,5,1312,1712.0,0
shap_feature_selection_extratrees_p1_20260529_182607,G1_thiram_molar_grade,Thiram Positive Molar Grade,5,1313,1713.0,0
shap_feature_selection_extratrees_p1_20260529_182607,G1_thiram_molar_grade,Thiram Positive Molar Grade,5,1314,1714.0,0
shap_feature_selection_extratrees_p1_20260529_182607,G1_thiram_molar_grade,Thiram Positive Molar Grade,5,1315,1715.0,0
shap_feature_selection_extratrees_p1_20260529_182607,G1_thiram_molar_grade,Thiram Positive Molar Grade,5,1316,1716.0,0
shap_feature_selection_extratrees_p1_20260529_182607,G1_thiram_molar_grade,Thiram Positive Molar Grade,5,1317,1717.0,0
shap_feature_selection_extratrees_p1_20260529_182607,G1_thiram_molar_grade,Thiram Positive Molar Grade,5,1318,1718.0,0
shap_feature_selection_extratrees_p1_20260529_182607,G1_thiram_molar_grade,Thiram Positive Molar Grade,5,1319,1719.0,0
shap_feature_selection_extratrees_p1_20260529_182607,G1_thiram_molar_grade,Thiram Positive Molar Grade,5,1320,1720.0,0
shap_feature_selection_extratrees_p1_20260529_182607,G1_thiram_molar_grade,Thiram Positive Molar Grade,5,1321,1721.0,0
shap_feature_selection_extratrees_p1_20260529_182607,G1_thiram_molar_grade,Thiram Positive Molar Grade,5,1322,1722.0,0
shap_feature_selection_extratrees_p1_20260529_182607,G1_thiram_molar_grade,Thiram Positive Molar Grade,5,1323,1723.0,0
shap_feature_selection_extratrees_p1_20260529_182607,G1_thiram_molar_grade,Thiram Positive Molar Grade,5,1324,1724.0,0
shap_feature_selection_extratrees_p1_20260529_182607,G1_thiram_molar_grade,Thiram Positive Molar Grade,5,1325,1725.0,0
shap_feature_selection_extratrees_p1_20260529_182607,G1_thiram_molar_grade,Thiram Positive Molar Grade,5,1326,1726.0,0
shap_feature_selection_extratrees_p1_20260529_182607,G1_thiram_molar_grade,Thiram Positive Molar Grade,5,1327,1727.0,0
shap_feature_selection_extratrees_p1_20260529_182607,G1_thiram_molar_grade,Thiram Positive Molar Grade,5,1328,1728.0,0
shap_feature_selection_extratrees_p1_20260529_182607,G1_thiram_molar_grade,Thiram Positive Molar Grade,5,1329,1729.0,0
shap_feature_selection_extratrees_p1_20260529_182607,G1_thiram_molar_grade,Thiram Positive Molar Grade,5,1330,1730.0,0
shap_feature_selection_extratrees_p1_20260529_182607,G1_thiram_molar_grade,Thiram Positive Molar Grade,5,1331,1731.0,0
shap_feature_selection_extratrees_p1_20260529_182607,G1_thiram_molar_grade,Thiram Positive Molar Grade,5,1332,1732.0,0
shap_feature_selection_extratrees_p1_20260529_182607,G1_thiram_molar_grade,Thiram Positive Molar Grade,5,1333,1733.0,0
shap_feature_selection_extratrees_p1_20260529_182607,G1_thiram_molar_grade,Thiram Positive Molar Grade,5,1334,1734.0,0
shap_feature_selection_extratrees_p1_20260529_182607,G1_thiram_molar_grade,Thiram Positive Molar Grade,5,1335,1735.0,0
shap_feature_selection_extratrees_p1_20260529_182607,G1_thiram_molar_grade,Thiram Positive Molar Grade,5,1336,1736.0,0
shap_feature_selection_extratrees_p1_20260529_182607,G1_thiram_molar_grade,Thiram Positive Molar Grade,5,1337,1737.0,0
shap_feature_selection_extratrees_p1_20260529_182607,G1_thiram_molar_grade,Thiram Positive Molar Grade,5,1338,1738.0,0
shap_feature_selection_extratrees_p1_20260529_182607,G1_thiram_molar_grade,Thiram Positive Molar Grade,5,1339,1739.0,0
shap_feature_selection_extratrees_p1_20260529_182607,G1_thiram_molar_grade,Thiram Positive Molar Grade,5,1340,1740.0,0
shap_feature_selection_extratrees_p1_20260529_182607,G1_thiram_molar_grade,Thiram Positive Molar Grade,5,1341,1741.0,0
shap_feature_selection_extratrees_p1_20260529_182607,G1_thiram_molar_grade,Thiram Positive Molar Grade,5,1342,1742.0,0
shap_feature_selection_extratrees_p1_20260529_182607,G1_thiram_molar_grade,Thiram Positive Molar Grade,5,1343,1743.0,0
shap_feature_selection_extratrees_p1_20260529_182607,G1_thiram_molar_grade,Thiram Positive Molar Grade,5,1344,1744.0,0
shap_feature_selection_extratrees_p1_20260529_182607,G1_thiram_molar_grade,Thiram Positive Molar Grade,5,1345,1745.0,0
shap_feature_selection_extratrees_p1_20260529_182607,G1_thiram_molar_grade,Thiram Positive Molar Grade,5,1346,1746.0,0
shap_feature_selection_extratrees_p1_20260529_182607,G1_thiram_molar_grade,Thiram Positive Molar Grade,5,1347,1747.0,0
shap_feature_selection_extratrees_p1_20260529_182607,G1_thiram_molar_grade,Thiram Positive Molar Grade,5,1348,1748.0,0
shap_feature_selection_extratrees_p1_20260529_182607,G1_thiram_molar_grade,Thiram Positive Molar Grade,5,1349,1749.0,0
shap_feature_selection_extratrees_p1_20260529_182607,G1_thiram_molar_grade,Thiram Positive Molar Grade,5,1350,1750.0,0
shap_feature_selection_extratrees_p1_20260529_182607,G1_thiram_molar_grade,Thiram Positive Molar Grade,5,1351,1751.0,0
shap_feature_selection_extratrees_p1_20260529_182607,G1_thiram_molar_grade,Thiram Positive Molar Grade,5,1352,1752.0,0
shap_feature_selection_extratrees_p1_20260529_182607,G1_thiram_molar_grade,Thiram Positive Molar Grade,5,1353,1753.0,0
shap_feature_selection_extratrees_p1_20260529_182607,G1_thiram_molar_grade,Thiram Positive Molar Grade,5,1354,1754.0,0
shap_feature_selection_extratrees_p1_20260529_182607,G1_thiram_molar_grade,Thiram Positive Molar Grade,5,1355,1755.0,0
shap_feature_selection_extratrees_p1_20260529_182607,G1_thiram_molar_grade,Thiram Positive Molar Grade,5,1356,1756.0,0
shap_feature_selection_extratrees_p1_20260529_182607,G1_thiram_molar_grade,Thiram Positive Molar Grade,5,1357,1757.0,0
shap_feature_selection_extratrees_p1_20260529_182607,G1_thiram_molar_grade,Thiram Positive Molar Grade,5,1358,1758.0,0
shap_feature_selection_extratrees_p1_20260529_182607,G1_thiram_molar_grade,Thiram Positive Molar Grade,5,1359,1759.0,0
shap_feature_selection_extratrees_p1_20260529_182607,G1_thiram_molar_grade,Thiram Positive Molar Grade,5,1360,1760.0,0
shap_feature_selection_extratrees_p1_20260529_182607,G1_thiram_molar_grade,Thiram Positive Molar Grade,5,1361,1761.0,0
shap_feature_selection_extratrees_p1_20260529_182607,G1_thiram_molar_grade,Thiram Positive Molar Grade,5,1362,1762.0,0
shap_feature_selection_extratrees_p1_20260529_182607,G1_thiram_molar_grade,Thiram Positive Molar Grade,5,1363,1763.0,0
shap_feature_selection_extratrees_p1_20260529_182607,G1_thiram_molar_grade,Thiram Positive Molar Grade,5,1364,1764.0,0
shap_feature_selection_extratrees_p1_20260529_182607,G1_thiram_molar_grade,Thiram Positive Molar Grade,5,1365,1765.0,0
shap_feature_selection_extratrees_p1_20260529_182607,G1_thiram_molar_grade,Thiram Positive Molar Grade,5,1366,1766.0,0
shap_feature_selection_extratrees_p1_20260529_182607,G1_thiram_molar_grade,Thiram Positive Molar Grade,5,1367,1767.0,0
shap_feature_selection_extratrees_p1_20260529_182607,G1_thiram_molar_grade,Thiram Positive Molar Grade,5,1368,1768.0,0
shap_feature_selection_extratrees_p1_20260529_182607,G1_thiram_molar_grade,Thiram Positive Molar Grade,5,1369,1769.0,0
shap_feature_selection_extratrees_p1_20260529_182607,G1_thiram_molar_grade,Thiram Positive Molar Grade,5,1370,1770.0,0
shap_feature_selection_extratrees_p1_20260529_182607,G1_thiram_molar_grade,Thiram Positive Molar Grade,5,1371,1771.0,0
shap_feature_selection_extratrees_p1_20260529_182607,G1_thiram_molar_grade,Thiram Positive Molar Grade,5,1372,1772.0,0
shap_feature_selection_extratrees_p1_20260529_182607,G1_thiram_molar_grade,Thiram Positive Molar Grade,5,1373,1773.0,0
shap_feature_selection_extratrees_p1_20260529_182607,G1_thiram_molar_grade,Thiram Positive Molar Grade,5,1374,1774.0,0
shap_feature_selection_extratrees_p1_20260529_182607,G1_thiram_molar_grade,Thiram Positive Molar Grade,5,1375,1775.0,0
shap_feature_selection_extratrees_p1_20260529_182607,G1_thiram_molar_grade,Thiram Positive Molar Grade,5,1376,1776.0,0
shap_feature_selection_extratrees_p1_20260529_182607,G1_thiram_molar_grade,Thiram Positive Molar Grade,5,1377,1777.0,0
shap_feature_selection_extratrees_p1_20260529_182607,G1_thiram_molar_grade,Thiram Positive Molar Grade,5,1378,1778.0,0
shap_feature_selection_extratrees_p1_20260529_182607,G1_thiram_molar_grade,Thiram Positive Molar Grade,5,1379,1779.0,0
shap_feature_selection_extratrees_p1_20260529_182607,G1_thiram_molar_grade,Thiram Positive Molar Grade,5,1380,1780.0,0
shap_feature_selection_extratrees_p1_20260529_182607,G1_thiram_molar_grade,Thiram Positive Molar Grade,5,1381,1781.0,0
shap_feature_selection_extratrees_p1_20260529_182607,G1_thiram_molar_grade,Thiram Positive Molar Grade,5,1382,1782.0,0
shap_feature_selection_extratrees_p1_20260529_182607,G1_thiram_molar_grade,Thiram Positive Molar Grade,5,1383,1783.0,0
shap_feature_selection_extratrees_p1_20260529_182607,G1_thiram_molar_grade,Thiram Positive Molar Grade,5,1384,1784.0,0
shap_feature_selection_extratrees_p1_20260529_182607,G1_thiram_molar_grade,Thiram Positive Molar Grade,5,1385,1785.0,0
shap_feature_selection_extratrees_p1_20260529_182607,G1_thiram_molar_grade,Thiram Positive Molar Grade,5,1386,1786.0,0
shap_feature_selection_extratrees_p1_20260529_182607,G1_thiram_molar_grade,Thiram Positive Molar Grade,5,1387,1787.0,0
shap_feature_selection_extratrees_p1_20260529_182607,G1_thiram_molar_grade,Thiram Positive Molar Grade,5,1388,1788.0,0
shap_feature_selection_extratrees_p1_20260529_182607,G1_thiram_molar_grade,Thiram Positive Molar Grade,5,1389,1789.0,0
shap_feature_selection_extratrees_p1_20260529_182607,G1_thiram_molar_grade,Thiram Positive Molar Grade,5,1390,1790.0,0
shap_feature_selection_extratrees_p1_20260529_182607,G1_thiram_molar_grade,Thiram Positive Molar Grade,5,1391,1791.0,0
shap_feature_selection_extratrees_p1_20260529_182607,G1_thiram_molar_grade,Thiram Positive Molar Grade,5,1392,1792.0,0
shap_feature_selection_extratrees_p1_20260529_182607,G1_thiram_molar_grade,Thiram Positive Molar Grade,5,1393,1793.0,0
shap_feature_selection_extratrees_p1_20260529_182607,G1_thiram_molar_grade,Thiram Positive Molar Grade,5,1394,1794.0,0
shap_feature_selection_extratrees_p1_20260529_182607,G1_thiram_molar_grade,Thiram Positive Molar Grade,5,1395,1795.0,0
shap_feature_selection_extratrees_p1_20260529_182607,G1_thiram_molar_grade,Thiram Positive Molar Grade,5,1396,1796.0,0
shap_feature_selection_extratrees_p1_20260529_182607,G1_thiram_molar_grade,Thiram Positive Molar Grade,5,1397,1797.0,0
shap_feature_selection_extratrees_p1_20260529_182607,G1_thiram_molar_grade,Thiram Positive Molar Grade,5,1398,1798.0,0
shap_feature_selection_extratrees_p1_20260529_182607,G1_thiram_molar_grade,Thiram Positive Molar Grade,5,1399,1799.0,0
shap_feature_selection_extratrees_p1_20260529_182607,G1_thiram_molar_grade,Thiram Positive Molar Grade,5,1400,1800.0,0
shap_feature_selection_extratrees_p1_20260529_182607,G2_mg_molar_grade,MG Positive Molar Grade,5,0,400.0,0
shap_feature_selection_extratrees_p1_20260529_182607,G2_mg_molar_grade,MG Positive Molar Grade,5,1,401.0,0
shap_feature_selection_extratrees_p1_20260529_182607,G2_mg_molar_grade,MG Positive Molar Grade,5,2,402.0,0
shap_feature_selection_extratrees_p1_20260529_182607,G2_mg_molar_grade,MG Positive Molar Grade,5,3,403.0,0
shap_feature_selection_extratrees_p1_20260529_182607,G2_mg_molar_grade,MG Positive Molar Grade,5,4,404.0,0
shap_feature_selection_extratrees_p1_20260529_182607,G2_mg_molar_grade,MG Positive Molar Grade,5,5,405.0,0
shap_feature_selection_extratrees_p1_20260529_182607,G2_mg_molar_grade,MG Positive Molar Grade,5,6,406.0,0
shap_feature_selection_extratrees_p1_20260529_182607,G2_mg_molar_grade,MG Positive Molar Grade,5,7,407.0,0
shap_feature_selection_extratrees_p1_20260529_182607,G2_mg_molar_grade,MG Positive Molar Grade,5,8,408.0,0
shap_feature_selection_extratrees_p1_20260529_182607,G2_mg_molar_grade,MG Positive Molar Grade,5,9,409.0,0
shap_feature_selection_extratrees_p1_20260529_182607,G2_mg_molar_grade,MG Positive Molar Grade,5,10,410.0,0
shap_feature_selection_extratrees_p1_20260529_182607,G2_mg_molar_grade,MG Positive Molar Grade,5,11,411.0,0
shap_feature_selection_extratrees_p1_20260529_182607,G2_mg_molar_grade,MG Positive Molar Grade,5,12,412.0,0
shap_feature_selection_extratrees_p1_20260529_182607,G2_mg_molar_grade,MG Positive Molar Grade,5,13,413.0,0
shap_feature_selection_extratrees_p1_20260529_182607,G2_mg_molar_grade,MG Positive Molar Grade,5,14,414.0,0
shap_feature_selection_extratrees_p1_20260529_182607,G2_mg_molar_grade,MG Positive Molar Grade,5,15,415.0,0
shap_feature_selection_extratrees_p1_20260529_182607,G2_mg_molar_grade,MG Positive Molar Grade,5,16,416.0,0
shap_feature_selection_extratrees_p1_20260529_182607,G2_mg_molar_grade,MG Positive Molar Grade,5,17,417.0,0
shap_feature_selection_extratrees_p1_20260529_182607,G2_mg_molar_grade,MG Positive Molar Grade,5,18,418.0,0
shap_feature_selection_extratrees_p1_20260529_182607,G2_mg_molar_grade,MG Positive Molar Grade,5,19,419.0,0
shap_feature_selection_extratrees_p1_20260529_182607,G2_mg_molar_grade,MG Positive Molar Grade,5,20,420.0,0
shap_feature_selection_extratrees_p1_20260529_182607,G2_mg_molar_grade,MG Positive Molar Grade,5,21,421.0,0
shap_feature_selection_extratrees_p1_20260529_182607,G2_mg_molar_grade,MG Positive Molar Grade,5,22,422.0,0
shap_feature_selection_extratrees_p1_20260529_182607,G2_mg_molar_grade,MG Positive Molar Grade,5,23,423.0,0
shap_feature_selection_extratrees_p1_20260529_182607,G2_mg_molar_grade,MG Positive Molar Grade,5,24,424.0,0
shap_feature_selection_extratrees_p1_20260529_182607,G2_mg_molar_grade,MG Positive Molar Grade,5,25,425.0,0
shap_feature_selection_extratrees_p1_20260529_182607,G2_mg_molar_grade,MG Positive Molar Grade,5,26,426.0,0
shap_feature_selection_extratrees_p1_20260529_182607,G2_mg_molar_grade,MG Positive Molar Grade,5,27,427.0,0
shap_feature_selection_extratrees_p1_20260529_182607,G2_mg_molar_grade,MG Positive Molar Grade,5,28,428.0,0
shap_feature_selection_extratrees_p1_20260529_182607,G2_mg_molar_grade,MG Positive Molar Grade,5,29,429.0,0
shap_feature_selection_extratrees_p1_20260529_182607,G2_mg_molar_grade,MG Positive Molar Grade,5,30,430.0,0
shap_feature_selection_extratrees_p1_20260529_182607,G2_mg_molar_grade,MG Positive Molar Grade,5,31,431.0,0
shap_feature_selection_extratrees_p1_20260529_182607,G2_mg_molar_grade,MG Positive Molar Grade,5,32,432.0,0
shap_feature_selection_extratrees_p1_20260529_182607,G2_mg_molar_grade,MG Positive Molar Grade,5,33,433.0,0
shap_feature_selection_extratrees_p1_20260529_182607,G2_mg_molar_grade,MG Positive Molar Grade,5,34,434.0,0
shap_feature_selection_extratrees_p1_20260529_182607,G2_mg_molar_grade,MG Positive Molar Grade,5,35,435.0,0
shap_feature_selection_extratrees_p1_20260529_182607,G2_mg_molar_grade,MG Positive Molar Grade,5,36,436.0,0
shap_feature_selection_extratrees_p1_20260529_182607,G2_mg_molar_grade,MG Positive Molar Grade,5,37,437.0,0
shap_feature_selection_extratrees_p1_20260529_182607,G2_mg_molar_grade,MG Positive Molar Grade,5,38,438.0,0
shap_feature_selection_extratrees_p1_20260529_182607,G2_mg_molar_grade,MG Positive Molar Grade,5,39,439.0,0
shap_feature_selection_extratrees_p1_20260529_182607,G2_mg_molar_grade,MG Positive Molar Grade,5,40,440.0,0
shap_feature_selection_extratrees_p1_20260529_182607,G2_mg_molar_grade,MG Positive Molar Grade,5,41,441.0,0
shap_feature_selection_extratrees_p1_20260529_182607,G2_mg_molar_grade,MG Positive Molar Grade,5,42,442.0,0
shap_feature_selection_extratrees_p1_20260529_182607,G2_mg_molar_grade,MG Positive Molar Grade,5,43,443.0,0
shap_feature_selection_extratrees_p1_20260529_182607,G2_mg_molar_grade,MG Positive Molar Grade,5,44,444.0,0
shap_feature_selection_extratrees_p1_20260529_182607,G2_mg_molar_grade,MG Positive Molar Grade,5,45,445.0,0
shap_feature_selection_extratrees_p1_20260529_182607,G2_mg_molar_grade,MG Positive Molar Grade,5,46,446.0,0
shap_feature_selection_extratrees_p1_20260529_182607,G2_mg_molar_grade,MG Positive Molar Grade,5,47,447.0,0
shap_feature_selection_extratrees_p1_20260529_182607,G2_mg_molar_grade,MG Positive Molar Grade,5,48,448.0,0
shap_feature_selection_extratrees_p1_20260529_182607,G2_mg_molar_grade,MG Positive Molar Grade,5,49,449.0,0
shap_feature_selection_extratrees_p1_20260529_182607,G2_mg_molar_grade,MG Positive Molar Grade,5,50,450.0,0
shap_feature_selection_extratrees_p1_20260529_182607,G2_mg_molar_grade,MG Positive Molar Grade,5,51,451.0,0
shap_feature_selection_extratrees_p1_20260529_182607,G2_mg_molar_grade,MG Positive Molar Grade,5,52,452.0,0
shap_feature_selection_extratrees_p1_20260529_182607,G2_mg_molar_grade,MG Positive Molar Grade,5,53,453.0,0
shap_feature_selection_extratrees_p1_20260529_182607,G2_mg_molar_grade,MG Positive Molar Grade,5,54,454.0,0
shap_feature_selection_extratrees_p1_20260529_182607,G2_mg_molar_grade,MG Positive Molar Grade,5,55,455.0,0
shap_feature_selection_extratrees_p1_20260529_182607,G2_mg_molar_grade,MG Positive Molar Grade,5,56,456.0,0
shap_feature_selection_extratrees_p1_20260529_182607,G2_mg_molar_grade,MG Positive Molar Grade,5,57,457.0,0
shap_feature_selection_extratrees_p1_20260529_182607,G2_mg_molar_grade,MG Positive Molar Grade,5,58,458.0,0
shap_feature_selection_extratrees_p1_20260529_182607,G2_mg_molar_grade,MG Positive Molar Grade,5,59,459.0,0
shap_feature_selection_extratrees_p1_20260529_182607,G2_mg_molar_grade,MG Positive Molar Grade,5,60,460.0,0
shap_feature_selection_extratrees_p1_20260529_182607,G2_mg_molar_grade,MG Positive Molar Grade,5,61,461.0,0
shap_feature_selection_extratrees_p1_20260529_182607,G2_mg_molar_grade,MG Positive Molar Grade,5,62,462.0,0
shap_feature_selection_extratrees_p1_20260529_182607,G2_mg_molar_grade,MG Positive Molar Grade,5,63,463.0,0
shap_feature_selection_extratrees_p1_20260529_182607,G2_mg_molar_grade,MG Positive Molar Grade,5,64,464.0,0
shap_feature_selection_extratrees_p1_20260529_182607,G2_mg_molar_grade,MG Positive Molar Grade,5,65,465.0,0
shap_feature_selection_extratrees_p1_20260529_182607,G2_mg_molar_grade,MG Positive Molar Grade,5,66,466.0,0
shap_feature_selection_extratrees_p1_20260529_182607,G2_mg_molar_grade,MG Positive Molar Grade,5,67,467.0,0
shap_feature_selection_extratrees_p1_20260529_182607,G2_mg_molar_grade,MG Positive Molar Grade,5,68,468.0,0
shap_feature_selection_extratrees_p1_20260529_182607,G2_mg_molar_grade,MG Positive Molar Grade,5,69,469.0,0
shap_feature_selection_extratrees_p1_20260529_182607,G2_mg_molar_grade,MG Positive Molar Grade,5,70,470.0,0
shap_feature_selection_extratrees_p1_20260529_182607,G2_mg_molar_grade,MG Positive Molar Grade,5,71,471.0,0
shap_feature_selection_extratrees_p1_20260529_182607,G2_mg_molar_grade,MG Positive Molar Grade,5,72,472.0,0
shap_feature_selection_extratrees_p1_20260529_182607,G2_mg_molar_grade,MG Positive Molar Grade,5,73,473.0,0
shap_feature_selection_extratrees_p1_20260529_182607,G2_mg_molar_grade,MG Positive Molar Grade,5,74,474.0,0
shap_feature_selection_extratrees_p1_20260529_182607,G2_mg_molar_grade,MG Positive Molar Grade,5,75,475.0,0
shap_feature_selection_extratrees_p1_20260529_182607,G2_mg_molar_grade,MG Positive Molar Grade,5,76,476.0,0
shap_feature_selection_extratrees_p1_20260529_182607,G2_mg_molar_grade,MG Positive Molar Grade,5,77,477.0,0
shap_feature_selection_extratrees_p1_20260529_182607,G2_mg_molar_grade,MG Positive Molar Grade,5,78,478.0,0
shap_feature_selection_extratrees_p1_20260529_182607,G2_mg_molar_grade,MG Positive Molar Grade,5,79,479.0,0
shap_feature_selection_extratrees_p1_20260529_182607,G2_mg_molar_grade,MG Positive Molar Grade,5,80,480.0,0
shap_feature_selection_extratrees_p1_20260529_182607,G2_mg_molar_grade,MG Positive Molar Grade,5,81,481.0,1
shap_feature_selection_extratrees_p1_20260529_182607,G2_mg_molar_grade,MG Positive Molar Grade,5,82,482.0,0
shap_feature_selection_extratrees_p1_20260529_182607,G2_mg_molar_grade,MG Positive Molar Grade,5,83,483.0,0
shap_feature_selection_extratrees_p1_20260529_182607,G2_mg_molar_grade,MG Positive Molar Grade,5,84,484.0,0
shap_feature_selection_extratrees_p1_20260529_182607,G2_mg_molar_grade,MG Positive Molar Grade,5,85,485.0,0
shap_feature_selection_extratrees_p1_20260529_182607,G2_mg_molar_grade,MG Positive Molar Grade,5,86,486.0,0
shap_feature_selection_extratrees_p1_20260529_182607,G2_mg_molar_grade,MG Positive Molar Grade,5,87,487.0,1
shap_feature_selection_extratrees_p1_20260529_182607,G2_mg_molar_grade,MG Positive Molar Grade,5,88,488.0,0
shap_feature_selection_extratrees_p1_20260529_182607,G2_mg_molar_grade,MG Positive Molar Grade,5,89,489.0,0
shap_feature_selection_extratrees_p1_20260529_182607,G2_mg_molar_grade,MG Positive Molar Grade,5,90,490.0,0
shap_feature_selection_extratrees_p1_20260529_182607,G2_mg_molar_grade,MG Positive Molar Grade,5,91,491.0,0
shap_feature_selection_extratrees_p1_20260529_182607,G2_mg_molar_grade,MG Positive Molar Grade,5,92,492.0,0
shap_feature_selection_extratrees_p1_20260529_182607,G2_mg_molar_grade,MG Positive Molar Grade,5,93,493.0,0
shap_feature_selection_extratrees_p1_20260529_182607,G2_mg_molar_grade,MG Positive Molar Grade,5,94,494.0,0
shap_feature_selection_extratrees_p1_20260529_182607,G2_mg_molar_grade,MG Positive Molar Grade,5,95,495.0,0
shap_feature_selection_extratrees_p1_20260529_182607,G2_mg_molar_grade,MG Positive Molar Grade,5,96,496.0,0
shap_feature_selection_extratrees_p1_20260529_182607,G2_mg_molar_grade,MG Positive Molar Grade,5,97,497.0,0
shap_feature_selection_extratrees_p1_20260529_182607,G2_mg_molar_grade,MG Positive Molar Grade,5,98,498.0,0
shap_feature_selection_extratrees_p1_20260529_182607,G2_mg_molar_grade,MG Positive Molar Grade,5,99,499.0,0
shap_feature_selection_extratrees_p1_20260529_182607,G2_mg_molar_grade,MG Positive Molar Grade,5,100,500.0,0
shap_feature_selection_extratrees_p1_20260529_182607,G2_mg_molar_grade,MG Positive Molar Grade,5,101,501.0,0
shap_feature_selection_extratrees_p1_20260529_182607,G2_mg_molar_grade,MG Positive Molar Grade,5,102,502.0,0
shap_feature_selection_extratrees_p1_20260529_182607,G2_mg_molar_grade,MG Positive Molar Grade,5,103,503.0,0
shap_feature_selection_extratrees_p1_20260529_182607,G2_mg_molar_grade,MG Positive Molar Grade,5,104,504.0,0
shap_feature_selection_extratrees_p1_20260529_182607,G2_mg_molar_grade,MG Positive Molar Grade,5,105,505.0,0
shap_feature_selection_extratrees_p1_20260529_182607,G2_mg_molar_grade,MG Positive Molar Grade,5,106,506.0,0
shap_feature_selection_extratrees_p1_20260529_182607,G2_mg_molar_grade,MG Positive Molar Grade,5,107,507.0,0
shap_feature_selection_extratrees_p1_20260529_182607,G2_mg_molar_grade,MG Positive Molar Grade,5,108,508.0,0
shap_feature_selection_extratrees_p1_20260529_182607,G2_mg_molar_grade,MG Positive Molar Grade,5,109,509.0,0
shap_feature_selection_extratrees_p1_20260529_182607,G2_mg_molar_grade,MG Positive Molar Grade,5,110,510.0,0
shap_feature_selection_extratrees_p1_20260529_182607,G2_mg_molar_grade,MG Positive Molar Grade,5,111,511.0,0
shap_feature_selection_extratrees_p1_20260529_182607,G2_mg_molar_grade,MG Positive Molar Grade,5,112,512.0,0
shap_feature_selection_extratrees_p1_20260529_182607,G2_mg_molar_grade,MG Positive Molar Grade,5,113,513.0,0
shap_feature_selection_extratrees_p1_20260529_182607,G2_mg_molar_grade,MG Positive Molar Grade,5,114,514.0,0
shap_feature_selection_extratrees_p1_20260529_182607,G2_mg_molar_grade,MG Positive Molar Grade,5,115,515.0,0
shap_feature_selection_extratrees_p1_20260529_182607,G2_mg_molar_grade,MG Positive Molar Grade,5,116,516.0,0
shap_feature_selection_extratrees_p1_20260529_182607,G2_mg_molar_grade,MG Positive Molar Grade,5,117,517.0,0
shap_feature_selection_extratrees_p1_20260529_182607,G2_mg_molar_grade,MG Positive Molar Grade,5,118,518.0,0
shap_feature_selection_extratrees_p1_20260529_182607,G2_mg_molar_grade,MG Positive Molar Grade,5,119,519.0,0
shap_feature_selection_extratrees_p1_20260529_182607,G2_mg_molar_grade,MG Positive Molar Grade,5,120,520.0,0
shap_feature_selection_extratrees_p1_20260529_182607,G2_mg_molar_grade,MG Positive Molar Grade,5,121,521.0,0
shap_feature_selection_extratrees_p1_20260529_182607,G2_mg_molar_grade,MG Positive Molar Grade,5,122,522.0,0
shap_feature_selection_extratrees_p1_20260529_182607,G2_mg_molar_grade,MG Positive Molar Grade,5,123,523.0,0
shap_feature_selection_extratrees_p1_20260529_182607,G2_mg_molar_grade,MG Positive Molar Grade,5,124,524.0,0
shap_feature_selection_extratrees_p1_20260529_182607,G2_mg_molar_grade,MG Positive Molar Grade,5,125,525.0,0
shap_feature_selection_extratrees_p1_20260529_182607,G2_mg_molar_grade,MG Positive Molar Grade,5,126,526.0,0
shap_feature_selection_extratrees_p1_20260529_182607,G2_mg_molar_grade,MG Positive Molar Grade,5,127,527.0,0
shap_feature_selection_extratrees_p1_20260529_182607,G2_mg_molar_grade,MG Positive Molar Grade,5,128,528.0,0
shap_feature_selection_extratrees_p1_20260529_182607,G2_mg_molar_grade,MG Positive Molar Grade,5,129,529.0,0
shap_feature_selection_extratrees_p1_20260529_182607,G2_mg_molar_grade,MG Positive Molar Grade,5,130,530.0,0
shap_feature_selection_extratrees_p1_20260529_182607,G2_mg_molar_grade,MG Positive Molar Grade,5,131,531.0,0
shap_feature_selection_extratrees_p1_20260529_182607,G2_mg_molar_grade,MG Positive Molar Grade,5,132,532.0,0
shap_feature_selection_extratrees_p1_20260529_182607,G2_mg_molar_grade,MG Positive Molar Grade,5,133,533.0,0
shap_feature_selection_extratrees_p1_20260529_182607,G2_mg_molar_grade,MG Positive Molar Grade,5,134,534.0,0
shap_feature_selection_extratrees_p1_20260529_182607,G2_mg_molar_grade,MG Positive Molar Grade,5,135,535.0,0
shap_feature_selection_extratrees_p1_20260529_182607,G2_mg_molar_grade,MG Positive Molar Grade,5,136,536.0,0
shap_feature_selection_extratrees_p1_20260529_182607,G2_mg_molar_grade,MG Positive Molar Grade,5,137,537.0,0
shap_feature_selection_extratrees_p1_20260529_182607,G2_mg_molar_grade,MG Positive Molar Grade,5,138,538.0,0
shap_feature_selection_extratrees_p1_20260529_182607,G2_mg_molar_grade,MG Positive Molar Grade,5,139,539.0,0
shap_feature_selection_extratrees_p1_20260529_182607,G2_mg_molar_grade,MG Positive Molar Grade,5,140,540.0,0
shap_feature_selection_extratrees_p1_20260529_182607,G2_mg_molar_grade,MG Positive Molar Grade,5,141,541.0,0
shap_feature_selection_extratrees_p1_20260529_182607,G2_mg_molar_grade,MG Positive Molar Grade,5,142,542.0,0
shap_feature_selection_extratrees_p1_20260529_182607,G2_mg_molar_grade,MG Positive Molar Grade,5,143,543.0,0
shap_feature_selection_extratrees_p1_20260529_182607,G2_mg_molar_grade,MG Positive Molar Grade,5,144,544.0,0
shap_feature_selection_extratrees_p1_20260529_182607,G2_mg_molar_grade,MG Positive Molar Grade,5,145,545.0,0
shap_feature_selection_extratrees_p1_20260529_182607,G2_mg_molar_grade,MG Positive Molar Grade,5,146,546.0,0
shap_feature_selection_extratrees_p1_20260529_182607,G2_mg_molar_grade,MG Positive Molar Grade,5,147,547.0,0
shap_feature_selection_extratrees_p1_20260529_182607,G2_mg_molar_grade,MG Positive Molar Grade,5,148,548.0,0
shap_feature_selection_extratrees_p1_20260529_182607,G2_mg_molar_grade,MG Positive Molar Grade,5,149,549.0,0
shap_feature_selection_extratrees_p1_20260529_182607,G2_mg_molar_grade,MG Positive Molar Grade,5,150,550.0,0
shap_feature_selection_extratrees_p1_20260529_182607,G2_mg_molar_grade,MG Positive Molar Grade,5,151,551.0,0
shap_feature_selection_extratrees_p1_20260529_182607,G2_mg_molar_grade,MG Positive Molar Grade,5,152,552.0,0
shap_feature_selection_extratrees_p1_20260529_182607,G2_mg_molar_grade,MG Positive Molar Grade,5,153,553.0,0
shap_feature_selection_extratrees_p1_20260529_182607,G2_mg_molar_grade,MG Positive Molar Grade,5,154,554.0,0
shap_feature_selection_extratrees_p1_20260529_182607,G2_mg_molar_grade,MG Positive Molar Grade,5,155,555.0,0
shap_feature_selection_extratrees_p1_20260529_182607,G2_mg_molar_grade,MG Positive Molar Grade,5,156,556.0,0
shap_feature_selection_extratrees_p1_20260529_182607,G2_mg_molar_grade,MG Positive Molar Grade,5,157,557.0,0
shap_feature_selection_extratrees_p1_20260529_182607,G2_mg_molar_grade,MG Positive Molar Grade,5,158,558.0,0
shap_feature_selection_extratrees_p1_20260529_182607,G2_mg_molar_grade,MG Positive Molar Grade,5,159,559.0,0
shap_feature_selection_extratrees_p1_20260529_182607,G2_mg_molar_grade,MG Positive Molar Grade,5,160,560.0,0
shap_feature_selection_extratrees_p1_20260529_182607,G2_mg_molar_grade,MG Positive Molar Grade,5,161,561.0,0
shap_feature_selection_extratrees_p1_20260529_182607,G2_mg_molar_grade,MG Positive Molar Grade,5,162,562.0,0
shap_feature_selection_extratrees_p1_20260529_182607,G2_mg_molar_grade,MG Positive Molar Grade,5,163,563.0,0
shap_feature_selection_extratrees_p1_20260529_182607,G2_mg_molar_grade,MG Positive Molar Grade,5,164,564.0,0
shap_feature_selection_extratrees_p1_20260529_182607,G2_mg_molar_grade,MG Positive Molar Grade,5,165,565.0,0
shap_feature_selection_extratrees_p1_20260529_182607,G2_mg_molar_grade,MG Positive Molar Grade,5,166,566.0,0
shap_feature_selection_extratrees_p1_20260529_182607,G2_mg_molar_grade,MG Positive Molar Grade,5,167,567.0,0
shap_feature_selection_extratrees_p1_20260529_182607,G2_mg_molar_grade,MG Positive Molar Grade,5,168,568.0,0
shap_feature_selection_extratrees_p1_20260529_182607,G2_mg_molar_grade,MG Positive Molar Grade,5,169,569.0,0
shap_feature_selection_extratrees_p1_20260529_182607,G2_mg_molar_grade,MG Positive Molar Grade,5,170,570.0,0
shap_feature_selection_extratrees_p1_20260529_182607,G2_mg_molar_grade,MG Positive Molar Grade,5,171,571.0,0
shap_feature_selection_extratrees_p1_20260529_182607,G2_mg_molar_grade,MG Positive Molar Grade,5,172,572.0,0
shap_feature_selection_extratrees_p1_20260529_182607,G2_mg_molar_grade,MG Positive Molar Grade,5,173,573.0,0
shap_feature_selection_extratrees_p1_20260529_182607,G2_mg_molar_grade,MG Positive Molar Grade,5,174,574.0,0
shap_feature_selection_extratrees_p1_20260529_182607,G2_mg_molar_grade,MG Positive Molar Grade,5,175,575.0,0
shap_feature_selection_extratrees_p1_20260529_182607,G2_mg_molar_grade,MG Positive Molar Grade,5,176,576.0,0
shap_feature_selection_extratrees_p1_20260529_182607,G2_mg_molar_grade,MG Positive Molar Grade,5,177,577.0,0
shap_feature_selection_extratrees_p1_20260529_182607,G2_mg_molar_grade,MG Positive Molar Grade,5,178,578.0,0
shap_feature_selection_extratrees_p1_20260529_182607,G2_mg_molar_grade,MG Positive Molar Grade,5,179,579.0,0
shap_feature_selection_extratrees_p1_20260529_182607,G2_mg_molar_grade,MG Positive Molar Grade,5,180,580.0,0
shap_feature_selection_extratrees_p1_20260529_182607,G2_mg_molar_grade,MG Positive Molar Grade,5,181,581.0,0
shap_feature_selection_extratrees_p1_20260529_182607,G2_mg_molar_grade,MG Positive Molar Grade,5,182,582.0,0
shap_feature_selection_extratrees_p1_20260529_182607,G2_mg_molar_grade,MG Positive Molar Grade,5,183,583.0,0
shap_feature_selection_extratrees_p1_20260529_182607,G2_mg_molar_grade,MG Positive Molar Grade,5,184,584.0,0
shap_feature_selection_extratrees_p1_20260529_182607,G2_mg_molar_grade,MG Positive Molar Grade,5,185,585.0,0
shap_feature_selection_extratrees_p1_20260529_182607,G2_mg_molar_grade,MG Positive Molar Grade,5,186,586.0,0
shap_feature_selection_extratrees_p1_20260529_182607,G2_mg_molar_grade,MG Positive Molar Grade,5,187,587.0,0
shap_feature_selection_extratrees_p1_20260529_182607,G2_mg_molar_grade,MG Positive Molar Grade,5,188,588.0,0
shap_feature_selection_extratrees_p1_20260529_182607,G2_mg_molar_grade,MG Positive Molar Grade,5,189,589.0,0
shap_feature_selection_extratrees_p1_20260529_182607,G2_mg_molar_grade,MG Positive Molar Grade,5,190,590.0,0
shap_feature_selection_extratrees_p1_20260529_182607,G2_mg_molar_grade,MG Positive Molar Grade,5,191,591.0,0
shap_feature_selection_extratrees_p1_20260529_182607,G2_mg_molar_grade,MG Positive Molar Grade,5,192,592.0,0
shap_feature_selection_extratrees_p1_20260529_182607,G2_mg_molar_grade,MG Positive Molar Grade,5,193,593.0,0
shap_feature_selection_extratrees_p1_20260529_182607,G2_mg_molar_grade,MG Positive Molar Grade,5,194,594.0,0
shap_feature_selection_extratrees_p1_20260529_182607,G2_mg_molar_grade,MG Positive Molar Grade,5,195,595.0,0
shap_feature_selection_extratrees_p1_20260529_182607,G2_mg_molar_grade,MG Positive Molar Grade,5,196,596.0,0
shap_feature_selection_extratrees_p1_20260529_182607,G2_mg_molar_grade,MG Positive Molar Grade,5,197,597.0,0
shap_feature_selection_extratrees_p1_20260529_182607,G2_mg_molar_grade,MG Positive Molar Grade,5,198,598.0,0
shap_feature_selection_extratrees_p1_20260529_182607,G2_mg_molar_grade,MG Positive Molar Grade,5,199,599.0,0
shap_feature_selection_extratrees_p1_20260529_182607,G2_mg_molar_grade,MG Positive Molar Grade,5,200,600.0,0
shap_feature_selection_extratrees_p1_20260529_182607,G2_mg_molar_grade,MG Positive Molar Grade,5,201,601.0,0
shap_feature_selection_extratrees_p1_20260529_182607,G2_mg_molar_grade,MG Positive Molar Grade,5,202,602.0,0
shap_feature_selection_extratrees_p1_20260529_182607,G2_mg_molar_grade,MG Positive Molar Grade,5,203,603.0,0
shap_feature_selection_extratrees_p1_20260529_182607,G2_mg_molar_grade,MG Positive Molar Grade,5,204,604.0,0
shap_feature_selection_extratrees_p1_20260529_182607,G2_mg_molar_grade,MG Positive Molar Grade,5,205,605.0,0
shap_feature_selection_extratrees_p1_20260529_182607,G2_mg_molar_grade,MG Positive Molar Grade,5,206,606.0,0
shap_feature_selection_extratrees_p1_20260529_182607,G2_mg_molar_grade,MG Positive Molar Grade,5,207,607.0,0
shap_feature_selection_extratrees_p1_20260529_182607,G2_mg_molar_grade,MG Positive Molar Grade,5,208,608.0,0
shap_feature_selection_extratrees_p1_20260529_182607,G2_mg_molar_grade,MG Positive Molar Grade,5,209,609.0,0
shap_feature_selection_extratrees_p1_20260529_182607,G2_mg_molar_grade,MG Positive Molar Grade,5,210,610.0,0
shap_feature_selection_extratrees_p1_20260529_182607,G2_mg_molar_grade,MG Positive Molar Grade,5,211,611.0,0
shap_feature_selection_extratrees_p1_20260529_182607,G2_mg_molar_grade,MG Positive Molar Grade,5,212,612.0,0
shap_feature_selection_extratrees_p1_20260529_182607,G2_mg_molar_grade,MG Positive Molar Grade,5,213,613.0,0
shap_feature_selection_extratrees_p1_20260529_182607,G2_mg_molar_grade,MG Positive Molar Grade,5,214,614.0,0
shap_feature_selection_extratrees_p1_20260529_182607,G2_mg_molar_grade,MG Positive Molar Grade,5,215,615.0,0
shap_feature_selection_extratrees_p1_20260529_182607,G2_mg_molar_grade,MG Positive Molar Grade,5,216,616.0,0
shap_feature_selection_extratrees_p1_20260529_182607,G2_mg_molar_grade,MG Positive Molar Grade,5,217,617.0,0
shap_feature_selection_extratrees_p1_20260529_182607,G2_mg_molar_grade,MG Positive Molar Grade,5,218,618.0,0
shap_feature_selection_extratrees_p1_20260529_182607,G2_mg_molar_grade,MG Positive Molar Grade,5,219,619.0,0
shap_feature_selection_extratrees_p1_20260529_182607,G2_mg_molar_grade,MG Positive Molar Grade,5,220,620.0,0
shap_feature_selection_extratrees_p1_20260529_182607,G2_mg_molar_grade,MG Positive Molar Grade,5,221,621.0,0
shap_feature_selection_extratrees_p1_20260529_182607,G2_mg_molar_grade,MG Positive Molar Grade,5,222,622.0,0
shap_feature_selection_extratrees_p1_20260529_182607,G2_mg_molar_grade,MG Positive Molar Grade,5,223,623.0,0
shap_feature_selection_extratrees_p1_20260529_182607,G2_mg_molar_grade,MG Positive Molar Grade,5,224,624.0,0
shap_feature_selection_extratrees_p1_20260529_182607,G2_mg_molar_grade,MG Positive Molar Grade,5,225,625.0,0
shap_feature_selection_extratrees_p1_20260529_182607,G2_mg_molar_grade,MG Positive Molar Grade,5,226,626.0,0
shap_feature_selection_extratrees_p1_20260529_182607,G2_mg_molar_grade,MG Positive Molar Grade,5,227,627.0,0
shap_feature_selection_extratrees_p1_20260529_182607,G2_mg_molar_grade,MG Positive Molar Grade,5,228,628.0,0
shap_feature_selection_extratrees_p1_20260529_182607,G2_mg_molar_grade,MG Positive Molar Grade,5,229,629.0,0
shap_feature_selection_extratrees_p1_20260529_182607,G2_mg_molar_grade,MG Positive Molar Grade,5,230,630.0,0
shap_feature_selection_extratrees_p1_20260529_182607,G2_mg_molar_grade,MG Positive Molar Grade,5,231,631.0,0
shap_feature_selection_extratrees_p1_20260529_182607,G2_mg_molar_grade,MG Positive Molar Grade,5,232,632.0,0
shap_feature_selection_extratrees_p1_20260529_182607,G2_mg_molar_grade,MG Positive Molar Grade,5,233,633.0,0
shap_feature_selection_extratrees_p1_20260529_182607,G2_mg_molar_grade,MG Positive Molar Grade,5,234,634.0,0
shap_feature_selection_extratrees_p1_20260529_182607,G2_mg_molar_grade,MG Positive Molar Grade,5,235,635.0,0
shap_feature_selection_extratrees_p1_20260529_182607,G2_mg_molar_grade,MG Positive Molar Grade,5,236,636.0,0
shap_feature_selection_extratrees_p1_20260529_182607,G2_mg_molar_grade,MG Positive Molar Grade,5,237,637.0,0
shap_feature_selection_extratrees_p1_20260529_182607,G2_mg_molar_grade,MG Positive Molar Grade,5,238,638.0,0
shap_feature_selection_extratrees_p1_20260529_182607,G2_mg_molar_grade,MG Positive Molar Grade,5,239,639.0,0
shap_feature_selection_extratrees_p1_20260529_182607,G2_mg_molar_grade,MG Positive Molar Grade,5,240,640.0,0
shap_feature_selection_extratrees_p1_20260529_182607,G2_mg_molar_grade,MG Positive Molar Grade,5,241,641.0,0
shap_feature_selection_extratrees_p1_20260529_182607,G2_mg_molar_grade,MG Positive Molar Grade,5,242,642.0,0
shap_feature_selection_extratrees_p1_20260529_182607,G2_mg_molar_grade,MG Positive Molar Grade,5,243,643.0,0
shap_feature_selection_extratrees_p1_20260529_182607,G2_mg_molar_grade,MG Positive Molar Grade,5,244,644.0,0
shap_feature_selection_extratrees_p1_20260529_182607,G2_mg_molar_grade,MG Positive Molar Grade,5,245,645.0,0
shap_feature_selection_extratrees_p1_20260529_182607,G2_mg_molar_grade,MG Positive Molar Grade,5,246,646.0,0
shap_feature_selection_extratrees_p1_20260529_182607,G2_mg_molar_grade,MG Positive Molar Grade,5,247,647.0,0
shap_feature_selection_extratrees_p1_20260529_182607,G2_mg_molar_grade,MG Positive Molar Grade,5,248,648.0,0
shap_feature_selection_extratrees_p1_20260529_182607,G2_mg_molar_grade,MG Positive Molar Grade,5,249,649.0,0
shap_feature_selection_extratrees_p1_20260529_182607,G2_mg_molar_grade,MG Positive Molar Grade,5,250,650.0,0
shap_feature_selection_extratrees_p1_20260529_182607,G2_mg_molar_grade,MG Positive Molar Grade,5,251,651.0,0
shap_feature_selection_extratrees_p1_20260529_182607,G2_mg_molar_grade,MG Positive Molar Grade,5,252,652.0,0
shap_feature_selection_extratrees_p1_20260529_182607,G2_mg_molar_grade,MG Positive Molar Grade,5,253,653.0,0
shap_feature_selection_extratrees_p1_20260529_182607,G2_mg_molar_grade,MG Positive Molar Grade,5,254,654.0,0
shap_feature_selection_extratrees_p1_20260529_182607,G2_mg_molar_grade,MG Positive Molar Grade,5,255,655.0,0
shap_feature_selection_extratrees_p1_20260529_182607,G2_mg_molar_grade,MG Positive Molar Grade,5,256,656.0,0
shap_feature_selection_extratrees_p1_20260529_182607,G2_mg_molar_grade,MG Positive Molar Grade,5,257,657.0,0
shap_feature_selection_extratrees_p1_20260529_182607,G2_mg_molar_grade,MG Positive Molar Grade,5,258,658.0,0
shap_feature_selection_extratrees_p1_20260529_182607,G2_mg_molar_grade,MG Positive Molar Grade,5,259,659.0,0
shap_feature_selection_extratrees_p1_20260529_182607,G2_mg_molar_grade,MG Positive Molar Grade,5,260,660.0,0
shap_feature_selection_extratrees_p1_20260529_182607,G2_mg_molar_grade,MG Positive Molar Grade,5,261,661.0,0
shap_feature_selection_extratrees_p1_20260529_182607,G2_mg_molar_grade,MG Positive Molar Grade,5,262,662.0,0
shap_feature_selection_extratrees_p1_20260529_182607,G2_mg_molar_grade,MG Positive Molar Grade,5,263,663.0,0
shap_feature_selection_extratrees_p1_20260529_182607,G2_mg_molar_grade,MG Positive Molar Grade,5,264,664.0,0
shap_feature_selection_extratrees_p1_20260529_182607,G2_mg_molar_grade,MG Positive Molar Grade,5,265,665.0,0
shap_feature_selection_extratrees_p1_20260529_182607,G2_mg_molar_grade,MG Positive Molar Grade,5,266,666.0,0
shap_feature_selection_extratrees_p1_20260529_182607,G2_mg_molar_grade,MG Positive Molar Grade,5,267,667.0,0
shap_feature_selection_extratrees_p1_20260529_182607,G2_mg_molar_grade,MG Positive Molar Grade,5,268,668.0,0
shap_feature_selection_extratrees_p1_20260529_182607,G2_mg_molar_grade,MG Positive Molar Grade,5,269,669.0,0
shap_feature_selection_extratrees_p1_20260529_182607,G2_mg_molar_grade,MG Positive Molar Grade,5,270,670.0,0
shap_feature_selection_extratrees_p1_20260529_182607,G2_mg_molar_grade,MG Positive Molar Grade,5,271,671.0,0
shap_feature_selection_extratrees_p1_20260529_182607,G2_mg_molar_grade,MG Positive Molar Grade,5,272,672.0,0
shap_feature_selection_extratrees_p1_20260529_182607,G2_mg_molar_grade,MG Positive Molar Grade,5,273,673.0,0
shap_feature_selection_extratrees_p1_20260529_182607,G2_mg_molar_grade,MG Positive Molar Grade,5,274,674.0,0
shap_feature_selection_extratrees_p1_20260529_182607,G2_mg_molar_grade,MG Positive Molar Grade,5,275,675.0,0
shap_feature_selection_extratrees_p1_20260529_182607,G2_mg_molar_grade,MG Positive Molar Grade,5,276,676.0,0
shap_feature_selection_extratrees_p1_20260529_182607,G2_mg_molar_grade,MG Positive Molar Grade,5,277,677.0,0
shap_feature_selection_extratrees_p1_20260529_182607,G2_mg_molar_grade,MG Positive Molar Grade,5,278,678.0,0
shap_feature_selection_extratrees_p1_20260529_182607,G2_mg_molar_grade,MG Positive Molar Grade,5,279,679.0,1
shap_feature_selection_extratrees_p1_20260529_182607,G2_mg_molar_grade,MG Positive Molar Grade,5,280,680.0,0
shap_feature_selection_extratrees_p1_20260529_182607,G2_mg_molar_grade,MG Positive Molar Grade,5,281,681.0,0
shap_feature_selection_extratrees_p1_20260529_182607,G2_mg_molar_grade,MG Positive Molar Grade,5,282,682.0,0
shap_feature_selection_extratrees_p1_20260529_182607,G2_mg_molar_grade,MG Positive Molar Grade,5,283,683.0,0
shap_feature_selection_extratrees_p1_20260529_182607,G2_mg_molar_grade,MG Positive Molar Grade,5,284,684.0,0
shap_feature_selection_extratrees_p1_20260529_182607,G2_mg_molar_grade,MG Positive Molar Grade,5,285,685.0,0
shap_feature_selection_extratrees_p1_20260529_182607,G2_mg_molar_grade,MG Positive Molar Grade,5,286,686.0,0
shap_feature_selection_extratrees_p1_20260529_182607,G2_mg_molar_grade,MG Positive Molar Grade,5,287,687.0,0
shap_feature_selection_extratrees_p1_20260529_182607,G2_mg_molar_grade,MG Positive Molar Grade,5,288,688.0,0
shap_feature_selection_extratrees_p1_20260529_182607,G2_mg_molar_grade,MG Positive Molar Grade,5,289,689.0,0
shap_feature_selection_extratrees_p1_20260529_182607,G2_mg_molar_grade,MG Positive Molar Grade,5,290,690.0,0
shap_feature_selection_extratrees_p1_20260529_182607,G2_mg_molar_grade,MG Positive Molar Grade,5,291,691.0,0
shap_feature_selection_extratrees_p1_20260529_182607,G2_mg_molar_grade,MG Positive Molar Grade,5,292,692.0,0
shap_feature_selection_extratrees_p1_20260529_182607,G2_mg_molar_grade,MG Positive Molar Grade,5,293,693.0,0
shap_feature_selection_extratrees_p1_20260529_182607,G2_mg_molar_grade,MG Positive Molar Grade,5,294,694.0,0
shap_feature_selection_extratrees_p1_20260529_182607,G2_mg_molar_grade,MG Positive Molar Grade,5,295,695.0,0
shap_feature_selection_extratrees_p1_20260529_182607,G2_mg_molar_grade,MG Positive Molar Grade,5,296,696.0,0
shap_feature_selection_extratrees_p1_20260529_182607,G2_mg_molar_grade,MG Positive Molar Grade,5,297,697.0,0
shap_feature_selection_extratrees_p1_20260529_182607,G2_mg_molar_grade,MG Positive Molar Grade,5,298,698.0,0
shap_feature_selection_extratrees_p1_20260529_182607,G2_mg_molar_grade,MG Positive Molar Grade,5,299,699.0,0
shap_feature_selection_extratrees_p1_20260529_182607,G2_mg_molar_grade,MG Positive Molar Grade,5,300,700.0,0
shap_feature_selection_extratrees_p1_20260529_182607,G2_mg_molar_grade,MG Positive Molar Grade,5,301,701.0,0
shap_feature_selection_extratrees_p1_20260529_182607,G2_mg_molar_grade,MG Positive Molar Grade,5,302,702.0,0
shap_feature_selection_extratrees_p1_20260529_182607,G2_mg_molar_grade,MG Positive Molar Grade,5,303,703.0,0
shap_feature_selection_extratrees_p1_20260529_182607,G2_mg_molar_grade,MG Positive Molar Grade,5,304,704.0,0
shap_feature_selection_extratrees_p1_20260529_182607,G2_mg_molar_grade,MG Positive Molar Grade,5,305,705.0,0
shap_feature_selection_extratrees_p1_20260529_182607,G2_mg_molar_grade,MG Positive Molar Grade,5,306,706.0,0
shap_feature_selection_extratrees_p1_20260529_182607,G2_mg_molar_grade,MG Positive Molar Grade,5,307,707.0,0
shap_feature_selection_extratrees_p1_20260529_182607,G2_mg_molar_grade,MG Positive Molar Grade,5,308,708.0,0
shap_feature_selection_extratrees_p1_20260529_182607,G2_mg_molar_grade,MG Positive Molar Grade,5,309,709.0,0
shap_feature_selection_extratrees_p1_20260529_182607,G2_mg_molar_grade,MG Positive Molar Grade,5,310,710.0,0
shap_feature_selection_extratrees_p1_20260529_182607,G2_mg_molar_grade,MG Positive Molar Grade,5,311,711.0,0
shap_feature_selection_extratrees_p1_20260529_182607,G2_mg_molar_grade,MG Positive Molar Grade,5,312,712.0,0
shap_feature_selection_extratrees_p1_20260529_182607,G2_mg_molar_grade,MG Positive Molar Grade,5,313,713.0,0
shap_feature_selection_extratrees_p1_20260529_182607,G2_mg_molar_grade,MG Positive Molar Grade,5,314,714.0,0
shap_feature_selection_extratrees_p1_20260529_182607,G2_mg_molar_grade,MG Positive Molar Grade,5,315,715.0,0
shap_feature_selection_extratrees_p1_20260529_182607,G2_mg_molar_grade,MG Positive Molar Grade,5,316,716.0,0
shap_feature_selection_extratrees_p1_20260529_182607,G2_mg_molar_grade,MG Positive Molar Grade,5,317,717.0,0
shap_feature_selection_extratrees_p1_20260529_182607,G2_mg_molar_grade,MG Positive Molar Grade,5,318,718.0,0
shap_feature_selection_extratrees_p1_20260529_182607,G2_mg_molar_grade,MG Positive Molar Grade,5,319,719.0,0
shap_feature_selection_extratrees_p1_20260529_182607,G2_mg_molar_grade,MG Positive Molar Grade,5,320,720.0,0
shap_feature_selection_extratrees_p1_20260529_182607,G2_mg_molar_grade,MG Positive Molar Grade,5,321,721.0,0
shap_feature_selection_extratrees_p1_20260529_182607,G2_mg_molar_grade,MG Positive Molar Grade,5,322,722.0,0
shap_feature_selection_extratrees_p1_20260529_182607,G2_mg_molar_grade,MG Positive Molar Grade,5,323,723.0,1
shap_feature_selection_extratrees_p1_20260529_182607,G2_mg_molar_grade,MG Positive Molar Grade,5,324,724.0,0
shap_feature_selection_extratrees_p1_20260529_182607,G2_mg_molar_grade,MG Positive Molar Grade,5,325,725.0,0
shap_feature_selection_extratrees_p1_20260529_182607,G2_mg_molar_grade,MG Positive Molar Grade,5,326,726.0,0
shap_feature_selection_extratrees_p1_20260529_182607,G2_mg_molar_grade,MG Positive Molar Grade,5,327,727.0,0
shap_feature_selection_extratrees_p1_20260529_182607,G2_mg_molar_grade,MG Positive Molar Grade,5,328,728.0,0
shap_feature_selection_extratrees_p1_20260529_182607,G2_mg_molar_grade,MG Positive Molar Grade,5,329,729.0,0
shap_feature_selection_extratrees_p1_20260529_182607,G2_mg_molar_grade,MG Positive Molar Grade,5,330,730.0,0
shap_feature_selection_extratrees_p1_20260529_182607,G2_mg_molar_grade,MG Positive Molar Grade,5,331,731.0,0
shap_feature_selection_extratrees_p1_20260529_182607,G2_mg_molar_grade,MG Positive Molar Grade,5,332,732.0,0
shap_feature_selection_extratrees_p1_20260529_182607,G2_mg_molar_grade,MG Positive Molar Grade,5,333,733.0,0
shap_feature_selection_extratrees_p1_20260529_182607,G2_mg_molar_grade,MG Positive Molar Grade,5,334,734.0,0
shap_feature_selection_extratrees_p1_20260529_182607,G2_mg_molar_grade,MG Positive Molar Grade,5,335,735.0,0
shap_feature_selection_extratrees_p1_20260529_182607,G2_mg_molar_grade,MG Positive Molar Grade,5,336,736.0,0
shap_feature_selection_extratrees_p1_20260529_182607,G2_mg_molar_grade,MG Positive Molar Grade,5,337,737.0,0
shap_feature_selection_extratrees_p1_20260529_182607,G2_mg_molar_grade,MG Positive Molar Grade,5,338,738.0,0
shap_feature_selection_extratrees_p1_20260529_182607,G2_mg_molar_grade,MG Positive Molar Grade,5,339,739.0,0
shap_feature_selection_extratrees_p1_20260529_182607,G2_mg_molar_grade,MG Positive Molar Grade,5,340,740.0,0
shap_feature_selection_extratrees_p1_20260529_182607,G2_mg_molar_grade,MG Positive Molar Grade,5,341,741.0,0
shap_feature_selection_extratrees_p1_20260529_182607,G2_mg_molar_grade,MG Positive Molar Grade,5,342,742.0,0
shap_feature_selection_extratrees_p1_20260529_182607,G2_mg_molar_grade,MG Positive Molar Grade,5,343,743.0,0
shap_feature_selection_extratrees_p1_20260529_182607,G2_mg_molar_grade,MG Positive Molar Grade,5,344,744.0,0
shap_feature_selection_extratrees_p1_20260529_182607,G2_mg_molar_grade,MG Positive Molar Grade,5,345,745.0,0
shap_feature_selection_extratrees_p1_20260529_182607,G2_mg_molar_grade,MG Positive Molar Grade,5,346,746.0,0
shap_feature_selection_extratrees_p1_20260529_182607,G2_mg_molar_grade,MG Positive Molar Grade,5,347,747.0,0
shap_feature_selection_extratrees_p1_20260529_182607,G2_mg_molar_grade,MG Positive Molar Grade,5,348,748.0,0
shap_feature_selection_extratrees_p1_20260529_182607,G2_mg_molar_grade,MG Positive Molar Grade,5,349,749.0,0
shap_feature_selection_extratrees_p1_20260529_182607,G2_mg_molar_grade,MG Positive Molar Grade,5,350,750.0,0
shap_feature_selection_extratrees_p1_20260529_182607,G2_mg_molar_grade,MG Positive Molar Grade,5,351,751.0,0
shap_feature_selection_extratrees_p1_20260529_182607,G2_mg_molar_grade,MG Positive Molar Grade,5,352,752.0,0
shap_feature_selection_extratrees_p1_20260529_182607,G2_mg_molar_grade,MG Positive Molar Grade,5,353,753.0,0
shap_feature_selection_extratrees_p1_20260529_182607,G2_mg_molar_grade,MG Positive Molar Grade,5,354,754.0,0
shap_feature_selection_extratrees_p1_20260529_182607,G2_mg_molar_grade,MG Positive Molar Grade,5,355,755.0,0
shap_feature_selection_extratrees_p1_20260529_182607,G2_mg_molar_grade,MG Positive Molar Grade,5,356,756.0,0
shap_feature_selection_extratrees_p1_20260529_182607,G2_mg_molar_grade,MG Positive Molar Grade,5,357,757.0,0
shap_feature_selection_extratrees_p1_20260529_182607,G2_mg_molar_grade,MG Positive Molar Grade,5,358,758.0,0
shap_feature_selection_extratrees_p1_20260529_182607,G2_mg_molar_grade,MG Positive Molar Grade,5,359,759.0,0
shap_feature_selection_extratrees_p1_20260529_182607,G2_mg_molar_grade,MG Positive Molar Grade,5,360,760.0,0
shap_feature_selection_extratrees_p1_20260529_182607,G2_mg_molar_grade,MG Positive Molar Grade,5,361,761.0,0
shap_feature_selection_extratrees_p1_20260529_182607,G2_mg_molar_grade,MG Positive Molar Grade,5,362,762.0,0
shap_feature_selection_extratrees_p1_20260529_182607,G2_mg_molar_grade,MG Positive Molar Grade,5,363,763.0,0
shap_feature_selection_extratrees_p1_20260529_182607,G2_mg_molar_grade,MG Positive Molar Grade,5,364,764.0,0
shap_feature_selection_extratrees_p1_20260529_182607,G2_mg_molar_grade,MG Positive Molar Grade,5,365,765.0,0
shap_feature_selection_extratrees_p1_20260529_182607,G2_mg_molar_grade,MG Positive Molar Grade,5,366,766.0,0
shap_feature_selection_extratrees_p1_20260529_182607,G2_mg_molar_grade,MG Positive Molar Grade,5,367,767.0,0
shap_feature_selection_extratrees_p1_20260529_182607,G2_mg_molar_grade,MG Positive Molar Grade,5,368,768.0,0
shap_feature_selection_extratrees_p1_20260529_182607,G2_mg_molar_grade,MG Positive Molar Grade,5,369,769.0,0
shap_feature_selection_extratrees_p1_20260529_182607,G2_mg_molar_grade,MG Positive Molar Grade,5,370,770.0,0
shap_feature_selection_extratrees_p1_20260529_182607,G2_mg_molar_grade,MG Positive Molar Grade,5,371,771.0,0
shap_feature_selection_extratrees_p1_20260529_182607,G2_mg_molar_grade,MG Positive Molar Grade,5,372,772.0,0
shap_feature_selection_extratrees_p1_20260529_182607,G2_mg_molar_grade,MG Positive Molar Grade,5,373,773.0,0
shap_feature_selection_extratrees_p1_20260529_182607,G2_mg_molar_grade,MG Positive Molar Grade,5,374,774.0,0
shap_feature_selection_extratrees_p1_20260529_182607,G2_mg_molar_grade,MG Positive Molar Grade,5,375,775.0,0
shap_feature_selection_extratrees_p1_20260529_182607,G2_mg_molar_grade,MG Positive Molar Grade,5,376,776.0,0
shap_feature_selection_extratrees_p1_20260529_182607,G2_mg_molar_grade,MG Positive Molar Grade,5,377,777.0,0
shap_feature_selection_extratrees_p1_20260529_182607,G2_mg_molar_grade,MG Positive Molar Grade,5,378,778.0,0
shap_feature_selection_extratrees_p1_20260529_182607,G2_mg_molar_grade,MG Positive Molar Grade,5,379,779.0,0
shap_feature_selection_extratrees_p1_20260529_182607,G2_mg_molar_grade,MG Positive Molar Grade,5,380,780.0,0
shap_feature_selection_extratrees_p1_20260529_182607,G2_mg_molar_grade,MG Positive Molar Grade,5,381,781.0,0
shap_feature_selection_extratrees_p1_20260529_182607,G2_mg_molar_grade,MG Positive Molar Grade,5,382,782.0,0
shap_feature_selection_extratrees_p1_20260529_182607,G2_mg_molar_grade,MG Positive Molar Grade,5,383,783.0,0
shap_feature_selection_extratrees_p1_20260529_182607,G2_mg_molar_grade,MG Positive Molar Grade,5,384,784.0,0
shap_feature_selection_extratrees_p1_20260529_182607,G2_mg_molar_grade,MG Positive Molar Grade,5,385,785.0,0
shap_feature_selection_extratrees_p1_20260529_182607,G2_mg_molar_grade,MG Positive Molar Grade,5,386,786.0,0
shap_feature_selection_extratrees_p1_20260529_182607,G2_mg_molar_grade,MG Positive Molar Grade,5,387,787.0,0
shap_feature_selection_extratrees_p1_20260529_182607,G2_mg_molar_grade,MG Positive Molar Grade,5,388,788.0,0
shap_feature_selection_extratrees_p1_20260529_182607,G2_mg_molar_grade,MG Positive Molar Grade,5,389,789.0,0
shap_feature_selection_extratrees_p1_20260529_182607,G2_mg_molar_grade,MG Positive Molar Grade,5,390,790.0,0
shap_feature_selection_extratrees_p1_20260529_182607,G2_mg_molar_grade,MG Positive Molar Grade,5,391,791.0,0
shap_feature_selection_extratrees_p1_20260529_182607,G2_mg_molar_grade,MG Positive Molar Grade,5,392,792.0,0
shap_feature_selection_extratrees_p1_20260529_182607,G2_mg_molar_grade,MG Positive Molar Grade,5,393,793.0,0
shap_feature_selection_extratrees_p1_20260529_182607,G2_mg_molar_grade,MG Positive Molar Grade,5,394,794.0,0
shap_feature_selection_extratrees_p1_20260529_182607,G2_mg_molar_grade,MG Positive Molar Grade,5,395,795.0,0
shap_feature_selection_extratrees_p1_20260529_182607,G2_mg_molar_grade,MG Positive Molar Grade,5,396,796.0,0
shap_feature_selection_extratrees_p1_20260529_182607,G2_mg_molar_grade,MG Positive Molar Grade,5,397,797.0,0
shap_feature_selection_extratrees_p1_20260529_182607,G2_mg_molar_grade,MG Positive Molar Grade,5,398,798.0,0
shap_feature_selection_extratrees_p1_20260529_182607,G2_mg_molar_grade,MG Positive Molar Grade,5,399,799.0,0
shap_feature_selection_extratrees_p1_20260529_182607,G2_mg_molar_grade,MG Positive Molar Grade,5,400,800.0,0
shap_feature_selection_extratrees_p1_20260529_182607,G2_mg_molar_grade,MG Positive Molar Grade,5,401,801.0,0
shap_feature_selection_extratrees_p1_20260529_182607,G2_mg_molar_grade,MG Positive Molar Grade,5,402,802.0,0
shap_feature_selection_extratrees_p1_20260529_182607,G2_mg_molar_grade,MG Positive Molar Grade,5,403,803.0,0
shap_feature_selection_extratrees_p1_20260529_182607,G2_mg_molar_grade,MG Positive Molar Grade,5,404,804.0,0
shap_feature_selection_extratrees_p1_20260529_182607,G2_mg_molar_grade,MG Positive Molar Grade,5,405,805.0,0
shap_feature_selection_extratrees_p1_20260529_182607,G2_mg_molar_grade,MG Positive Molar Grade,5,406,806.0,0
shap_feature_selection_extratrees_p1_20260529_182607,G2_mg_molar_grade,MG Positive Molar Grade,5,407,807.0,0
shap_feature_selection_extratrees_p1_20260529_182607,G2_mg_molar_grade,MG Positive Molar Grade,5,408,808.0,0
shap_feature_selection_extratrees_p1_20260529_182607,G2_mg_molar_grade,MG Positive Molar Grade,5,409,809.0,0
shap_feature_selection_extratrees_p1_20260529_182607,G2_mg_molar_grade,MG Positive Molar Grade,5,410,810.0,0
shap_feature_selection_extratrees_p1_20260529_182607,G2_mg_molar_grade,MG Positive Molar Grade,5,411,811.0,0
shap_feature_selection_extratrees_p1_20260529_182607,G2_mg_molar_grade,MG Positive Molar Grade,5,412,812.0,0
shap_feature_selection_extratrees_p1_20260529_182607,G2_mg_molar_grade,MG Positive Molar Grade,5,413,813.0,0
shap_feature_selection_extratrees_p1_20260529_182607,G2_mg_molar_grade,MG Positive Molar Grade,5,414,814.0,0
shap_feature_selection_extratrees_p1_20260529_182607,G2_mg_molar_grade,MG Positive Molar Grade,5,415,815.0,0
shap_feature_selection_extratrees_p1_20260529_182607,G2_mg_molar_grade,MG Positive Molar Grade,5,416,816.0,0
shap_feature_selection_extratrees_p1_20260529_182607,G2_mg_molar_grade,MG Positive Molar Grade,5,417,817.0,0
shap_feature_selection_extratrees_p1_20260529_182607,G2_mg_molar_grade,MG Positive Molar Grade,5,418,818.0,0
shap_feature_selection_extratrees_p1_20260529_182607,G2_mg_molar_grade,MG Positive Molar Grade,5,419,819.0,0
shap_feature_selection_extratrees_p1_20260529_182607,G2_mg_molar_grade,MG Positive Molar Grade,5,420,820.0,0
shap_feature_selection_extratrees_p1_20260529_182607,G2_mg_molar_grade,MG Positive Molar Grade,5,421,821.0,0
shap_feature_selection_extratrees_p1_20260529_182607,G2_mg_molar_grade,MG Positive Molar Grade,5,422,822.0,0
shap_feature_selection_extratrees_p1_20260529_182607,G2_mg_molar_grade,MG Positive Molar Grade,5,423,823.0,0
shap_feature_selection_extratrees_p1_20260529_182607,G2_mg_molar_grade,MG Positive Molar Grade,5,424,824.0,0
shap_feature_selection_extratrees_p1_20260529_182607,G2_mg_molar_grade,MG Positive Molar Grade,5,425,825.0,0
shap_feature_selection_extratrees_p1_20260529_182607,G2_mg_molar_grade,MG Positive Molar Grade,5,426,826.0,0
shap_feature_selection_extratrees_p1_20260529_182607,G2_mg_molar_grade,MG Positive Molar Grade,5,427,827.0,0
shap_feature_selection_extratrees_p1_20260529_182607,G2_mg_molar_grade,MG Positive Molar Grade,5,428,828.0,0
shap_feature_selection_extratrees_p1_20260529_182607,G2_mg_molar_grade,MG Positive Molar Grade,5,429,829.0,0
shap_feature_selection_extratrees_p1_20260529_182607,G2_mg_molar_grade,MG Positive Molar Grade,5,430,830.0,0
shap_feature_selection_extratrees_p1_20260529_182607,G2_mg_molar_grade,MG Positive Molar Grade,5,431,831.0,0
shap_feature_selection_extratrees_p1_20260529_182607,G2_mg_molar_grade,MG Positive Molar Grade,5,432,832.0,0
shap_feature_selection_extratrees_p1_20260529_182607,G2_mg_molar_grade,MG Positive Molar Grade,5,433,833.0,0
shap_feature_selection_extratrees_p1_20260529_182607,G2_mg_molar_grade,MG Positive Molar Grade,5,434,834.0,0
shap_feature_selection_extratrees_p1_20260529_182607,G2_mg_molar_grade,MG Positive Molar Grade,5,435,835.0,0
shap_feature_selection_extratrees_p1_20260529_182607,G2_mg_molar_grade,MG Positive Molar Grade,5,436,836.0,0
shap_feature_selection_extratrees_p1_20260529_182607,G2_mg_molar_grade,MG Positive Molar Grade,5,437,837.0,0
shap_feature_selection_extratrees_p1_20260529_182607,G2_mg_molar_grade,MG Positive Molar Grade,5,438,838.0,0
shap_feature_selection_extratrees_p1_20260529_182607,G2_mg_molar_grade,MG Positive Molar Grade,5,439,839.0,0
shap_feature_selection_extratrees_p1_20260529_182607,G2_mg_molar_grade,MG Positive Molar Grade,5,440,840.0,0
shap_feature_selection_extratrees_p1_20260529_182607,G2_mg_molar_grade,MG Positive Molar Grade,5,441,841.0,0
shap_feature_selection_extratrees_p1_20260529_182607,G2_mg_molar_grade,MG Positive Molar Grade,5,442,842.0,0
shap_feature_selection_extratrees_p1_20260529_182607,G2_mg_molar_grade,MG Positive Molar Grade,5,443,843.0,0
shap_feature_selection_extratrees_p1_20260529_182607,G2_mg_molar_grade,MG Positive Molar Grade,5,444,844.0,1
shap_feature_selection_extratrees_p1_20260529_182607,G2_mg_molar_grade,MG Positive Molar Grade,5,445,845.0,0
shap_feature_selection_extratrees_p1_20260529_182607,G2_mg_molar_grade,MG Positive Molar Grade,5,446,846.0,0
shap_feature_selection_extratrees_p1_20260529_182607,G2_mg_molar_grade,MG Positive Molar Grade,5,447,847.0,1
shap_feature_selection_extratrees_p1_20260529_182607,G2_mg_molar_grade,MG Positive Molar Grade,5,448,848.0,0
shap_feature_selection_extratrees_p1_20260529_182607,G2_mg_molar_grade,MG Positive Molar Grade,5,449,849.0,0
shap_feature_selection_extratrees_p1_20260529_182607,G2_mg_molar_grade,MG Positive Molar Grade,5,450,850.0,0
shap_feature_selection_extratrees_p1_20260529_182607,G2_mg_molar_grade,MG Positive Molar Grade,5,451,851.0,0
shap_feature_selection_extratrees_p1_20260529_182607,G2_mg_molar_grade,MG Positive Molar Grade,5,452,852.0,1
shap_feature_selection_extratrees_p1_20260529_182607,G2_mg_molar_grade,MG Positive Molar Grade,5,453,853.0,0
shap_feature_selection_extratrees_p1_20260529_182607,G2_mg_molar_grade,MG Positive Molar Grade,5,454,854.0,1
shap_feature_selection_extratrees_p1_20260529_182607,G2_mg_molar_grade,MG Positive Molar Grade,5,455,855.0,0
shap_feature_selection_extratrees_p1_20260529_182607,G2_mg_molar_grade,MG Positive Molar Grade,5,456,856.0,0
shap_feature_selection_extratrees_p1_20260529_182607,G2_mg_molar_grade,MG Positive Molar Grade,5,457,857.0,1
shap_feature_selection_extratrees_p1_20260529_182607,G2_mg_molar_grade,MG Positive Molar Grade,5,458,858.0,0
shap_feature_selection_extratrees_p1_20260529_182607,G2_mg_molar_grade,MG Positive Molar Grade,5,459,859.0,0
shap_feature_selection_extratrees_p1_20260529_182607,G2_mg_molar_grade,MG Positive Molar Grade,5,460,860.0,1
shap_feature_selection_extratrees_p1_20260529_182607,G2_mg_molar_grade,MG Positive Molar Grade,5,461,861.0,0
shap_feature_selection_extratrees_p1_20260529_182607,G2_mg_molar_grade,MG Positive Molar Grade,5,462,862.0,0
shap_feature_selection_extratrees_p1_20260529_182607,G2_mg_molar_grade,MG Positive Molar Grade,5,463,863.0,0
shap_feature_selection_extratrees_p1_20260529_182607,G2_mg_molar_grade,MG Positive Molar Grade,5,464,864.0,0
shap_feature_selection_extratrees_p1_20260529_182607,G2_mg_molar_grade,MG Positive Molar Grade,5,465,865.0,1
shap_feature_selection_extratrees_p1_20260529_182607,G2_mg_molar_grade,MG Positive Molar Grade,5,466,866.0,1
shap_feature_selection_extratrees_p1_20260529_182607,G2_mg_molar_grade,MG Positive Molar Grade,5,467,867.0,1
shap_feature_selection_extratrees_p1_20260529_182607,G2_mg_molar_grade,MG Positive Molar Grade,5,468,868.0,1
shap_feature_selection_extratrees_p1_20260529_182607,G2_mg_molar_grade,MG Positive Molar Grade,5,469,869.0,1
shap_feature_selection_extratrees_p1_20260529_182607,G2_mg_molar_grade,MG Positive Molar Grade,5,470,870.0,0
shap_feature_selection_extratrees_p1_20260529_182607,G2_mg_molar_grade,MG Positive Molar Grade,5,471,871.0,0
shap_feature_selection_extratrees_p1_20260529_182607,G2_mg_molar_grade,MG Positive Molar Grade,5,472,872.0,1
shap_feature_selection_extratrees_p1_20260529_182607,G2_mg_molar_grade,MG Positive Molar Grade,5,473,873.0,0
shap_feature_selection_extratrees_p1_20260529_182607,G2_mg_molar_grade,MG Positive Molar Grade,5,474,874.0,0
shap_feature_selection_extratrees_p1_20260529_182607,G2_mg_molar_grade,MG Positive Molar Grade,5,475,875.0,0
shap_feature_selection_extratrees_p1_20260529_182607,G2_mg_molar_grade,MG Positive Molar Grade,5,476,876.0,0
shap_feature_selection_extratrees_p1_20260529_182607,G2_mg_molar_grade,MG Positive Molar Grade,5,477,877.0,0
shap_feature_selection_extratrees_p1_20260529_182607,G2_mg_molar_grade,MG Positive Molar Grade,5,478,878.0,0
shap_feature_selection_extratrees_p1_20260529_182607,G2_mg_molar_grade,MG Positive Molar Grade,5,479,879.0,0
shap_feature_selection_extratrees_p1_20260529_182607,G2_mg_molar_grade,MG Positive Molar Grade,5,480,880.0,0
shap_feature_selection_extratrees_p1_20260529_182607,G2_mg_molar_grade,MG Positive Molar Grade,5,481,881.0,0
shap_feature_selection_extratrees_p1_20260529_182607,G2_mg_molar_grade,MG Positive Molar Grade,5,482,882.0,0
shap_feature_selection_extratrees_p1_20260529_182607,G2_mg_molar_grade,MG Positive Molar Grade,5,483,883.0,0
shap_feature_selection_extratrees_p1_20260529_182607,G2_mg_molar_grade,MG Positive Molar Grade,5,484,884.0,0
shap_feature_selection_extratrees_p1_20260529_182607,G2_mg_molar_grade,MG Positive Molar Grade,5,485,885.0,0
shap_feature_selection_extratrees_p1_20260529_182607,G2_mg_molar_grade,MG Positive Molar Grade,5,486,886.0,0
shap_feature_selection_extratrees_p1_20260529_182607,G2_mg_molar_grade,MG Positive Molar Grade,5,487,887.0,0
shap_feature_selection_extratrees_p1_20260529_182607,G2_mg_molar_grade,MG Positive Molar Grade,5,488,888.0,0
shap_feature_selection_extratrees_p1_20260529_182607,G2_mg_molar_grade,MG Positive Molar Grade,5,489,889.0,0
shap_feature_selection_extratrees_p1_20260529_182607,G2_mg_molar_grade,MG Positive Molar Grade,5,490,890.0,0
shap_feature_selection_extratrees_p1_20260529_182607,G2_mg_molar_grade,MG Positive Molar Grade,5,491,891.0,0
shap_feature_selection_extratrees_p1_20260529_182607,G2_mg_molar_grade,MG Positive Molar Grade,5,492,892.0,0
shap_feature_selection_extratrees_p1_20260529_182607,G2_mg_molar_grade,MG Positive Molar Grade,5,493,893.0,0
shap_feature_selection_extratrees_p1_20260529_182607,G2_mg_molar_grade,MG Positive Molar Grade,5,494,894.0,0
shap_feature_selection_extratrees_p1_20260529_182607,G2_mg_molar_grade,MG Positive Molar Grade,5,495,895.0,0
shap_feature_selection_extratrees_p1_20260529_182607,G2_mg_molar_grade,MG Positive Molar Grade,5,496,896.0,0
shap_feature_selection_extratrees_p1_20260529_182607,G2_mg_molar_grade,MG Positive Molar Grade,5,497,897.0,0
shap_feature_selection_extratrees_p1_20260529_182607,G2_mg_molar_grade,MG Positive Molar Grade,5,498,898.0,0
shap_feature_selection_extratrees_p1_20260529_182607,G2_mg_molar_grade,MG Positive Molar Grade,5,499,899.0,0
shap_feature_selection_extratrees_p1_20260529_182607,G2_mg_molar_grade,MG Positive Molar Grade,5,500,900.0,0
shap_feature_selection_extratrees_p1_20260529_182607,G2_mg_molar_grade,MG Positive Molar Grade,5,501,901.0,0
shap_feature_selection_extratrees_p1_20260529_182607,G2_mg_molar_grade,MG Positive Molar Grade,5,502,902.0,0
shap_feature_selection_extratrees_p1_20260529_182607,G2_mg_molar_grade,MG Positive Molar Grade,5,503,903.0,0
shap_feature_selection_extratrees_p1_20260529_182607,G2_mg_molar_grade,MG Positive Molar Grade,5,504,904.0,0
shap_feature_selection_extratrees_p1_20260529_182607,G2_mg_molar_grade,MG Positive Molar Grade,5,505,905.0,1
shap_feature_selection_extratrees_p1_20260529_182607,G2_mg_molar_grade,MG Positive Molar Grade,5,506,906.0,1
shap_feature_selection_extratrees_p1_20260529_182607,G2_mg_molar_grade,MG Positive Molar Grade,5,507,907.0,0
shap_feature_selection_extratrees_p1_20260529_182607,G2_mg_molar_grade,MG Positive Molar Grade,5,508,908.0,0
shap_feature_selection_extratrees_p1_20260529_182607,G2_mg_molar_grade,MG Positive Molar Grade,5,509,909.0,0
shap_feature_selection_extratrees_p1_20260529_182607,G2_mg_molar_grade,MG Positive Molar Grade,5,510,910.0,0
shap_feature_selection_extratrees_p1_20260529_182607,G2_mg_molar_grade,MG Positive Molar Grade,5,511,911.0,0
shap_feature_selection_extratrees_p1_20260529_182607,G2_mg_molar_grade,MG Positive Molar Grade,5,512,912.0,0
shap_feature_selection_extratrees_p1_20260529_182607,G2_mg_molar_grade,MG Positive Molar Grade,5,513,913.0,0
shap_feature_selection_extratrees_p1_20260529_182607,G2_mg_molar_grade,MG Positive Molar Grade,5,514,914.0,0
shap_feature_selection_extratrees_p1_20260529_182607,G2_mg_molar_grade,MG Positive Molar Grade,5,515,915.0,0
shap_feature_selection_extratrees_p1_20260529_182607,G2_mg_molar_grade,MG Positive Molar Grade,5,516,916.0,0
shap_feature_selection_extratrees_p1_20260529_182607,G2_mg_molar_grade,MG Positive Molar Grade,5,517,917.0,0
shap_feature_selection_extratrees_p1_20260529_182607,G2_mg_molar_grade,MG Positive Molar Grade,5,518,918.0,0
shap_feature_selection_extratrees_p1_20260529_182607,G2_mg_molar_grade,MG Positive Molar Grade,5,519,919.0,0
shap_feature_selection_extratrees_p1_20260529_182607,G2_mg_molar_grade,MG Positive Molar Grade,5,520,920.0,0
shap_feature_selection_extratrees_p1_20260529_182607,G2_mg_molar_grade,MG Positive Molar Grade,5,521,921.0,0
shap_feature_selection_extratrees_p1_20260529_182607,G2_mg_molar_grade,MG Positive Molar Grade,5,522,922.0,0
shap_feature_selection_extratrees_p1_20260529_182607,G2_mg_molar_grade,MG Positive Molar Grade,5,523,923.0,0
shap_feature_selection_extratrees_p1_20260529_182607,G2_mg_molar_grade,MG Positive Molar Grade,5,524,924.0,0
shap_feature_selection_extratrees_p1_20260529_182607,G2_mg_molar_grade,MG Positive Molar Grade,5,525,925.0,0
shap_feature_selection_extratrees_p1_20260529_182607,G2_mg_molar_grade,MG Positive Molar Grade,5,526,926.0,0
shap_feature_selection_extratrees_p1_20260529_182607,G2_mg_molar_grade,MG Positive Molar Grade,5,527,927.0,0
shap_feature_selection_extratrees_p1_20260529_182607,G2_mg_molar_grade,MG Positive Molar Grade,5,528,928.0,0
shap_feature_selection_extratrees_p1_20260529_182607,G2_mg_molar_grade,MG Positive Molar Grade,5,529,929.0,0
shap_feature_selection_extratrees_p1_20260529_182607,G2_mg_molar_grade,MG Positive Molar Grade,5,530,930.0,0
shap_feature_selection_extratrees_p1_20260529_182607,G2_mg_molar_grade,MG Positive Molar Grade,5,531,931.0,0
shap_feature_selection_extratrees_p1_20260529_182607,G2_mg_molar_grade,MG Positive Molar Grade,5,532,932.0,0
shap_feature_selection_extratrees_p1_20260529_182607,G2_mg_molar_grade,MG Positive Molar Grade,5,533,933.0,0
shap_feature_selection_extratrees_p1_20260529_182607,G2_mg_molar_grade,MG Positive Molar Grade,5,534,934.0,0
shap_feature_selection_extratrees_p1_20260529_182607,G2_mg_molar_grade,MG Positive Molar Grade,5,535,935.0,0
shap_feature_selection_extratrees_p1_20260529_182607,G2_mg_molar_grade,MG Positive Molar Grade,5,536,936.0,0
shap_feature_selection_extratrees_p1_20260529_182607,G2_mg_molar_grade,MG Positive Molar Grade,5,537,937.0,0
shap_feature_selection_extratrees_p1_20260529_182607,G2_mg_molar_grade,MG Positive Molar Grade,5,538,938.0,0
shap_feature_selection_extratrees_p1_20260529_182607,G2_mg_molar_grade,MG Positive Molar Grade,5,539,939.0,0
shap_feature_selection_extratrees_p1_20260529_182607,G2_mg_molar_grade,MG Positive Molar Grade,5,540,940.0,0
shap_feature_selection_extratrees_p1_20260529_182607,G2_mg_molar_grade,MG Positive Molar Grade,5,541,941.0,0
shap_feature_selection_extratrees_p1_20260529_182607,G2_mg_molar_grade,MG Positive Molar Grade,5,542,942.0,0
shap_feature_selection_extratrees_p1_20260529_182607,G2_mg_molar_grade,MG Positive Molar Grade,5,543,943.0,0
shap_feature_selection_extratrees_p1_20260529_182607,G2_mg_molar_grade,MG Positive Molar Grade,5,544,944.0,0
shap_feature_selection_extratrees_p1_20260529_182607,G2_mg_molar_grade,MG Positive Molar Grade,5,545,945.0,0
shap_feature_selection_extratrees_p1_20260529_182607,G2_mg_molar_grade,MG Positive Molar Grade,5,546,946.0,0
shap_feature_selection_extratrees_p1_20260529_182607,G2_mg_molar_grade,MG Positive Molar Grade,5,547,947.0,0
shap_feature_selection_extratrees_p1_20260529_182607,G2_mg_molar_grade,MG Positive Molar Grade,5,548,948.0,0
shap_feature_selection_extratrees_p1_20260529_182607,G2_mg_molar_grade,MG Positive Molar Grade,5,549,949.0,0
shap_feature_selection_extratrees_p1_20260529_182607,G2_mg_molar_grade,MG Positive Molar Grade,5,550,950.0,0
shap_feature_selection_extratrees_p1_20260529_182607,G2_mg_molar_grade,MG Positive Molar Grade,5,551,951.0,0
shap_feature_selection_extratrees_p1_20260529_182607,G2_mg_molar_grade,MG Positive Molar Grade,5,552,952.0,0
shap_feature_selection_extratrees_p1_20260529_182607,G2_mg_molar_grade,MG Positive Molar Grade,5,553,953.0,0
shap_feature_selection_extratrees_p1_20260529_182607,G2_mg_molar_grade,MG Positive Molar Grade,5,554,954.0,0
shap_feature_selection_extratrees_p1_20260529_182607,G2_mg_molar_grade,MG Positive Molar Grade,5,555,955.0,0
shap_feature_selection_extratrees_p1_20260529_182607,G2_mg_molar_grade,MG Positive Molar Grade,5,556,956.0,0
shap_feature_selection_extratrees_p1_20260529_182607,G2_mg_molar_grade,MG Positive Molar Grade,5,557,957.0,0
shap_feature_selection_extratrees_p1_20260529_182607,G2_mg_molar_grade,MG Positive Molar Grade,5,558,958.0,0
shap_feature_selection_extratrees_p1_20260529_182607,G2_mg_molar_grade,MG Positive Molar Grade,5,559,959.0,0
shap_feature_selection_extratrees_p1_20260529_182607,G2_mg_molar_grade,MG Positive Molar Grade,5,560,960.0,0
shap_feature_selection_extratrees_p1_20260529_182607,G2_mg_molar_grade,MG Positive Molar Grade,5,561,961.0,0
shap_feature_selection_extratrees_p1_20260529_182607,G2_mg_molar_grade,MG Positive Molar Grade,5,562,962.0,0
shap_feature_selection_extratrees_p1_20260529_182607,G2_mg_molar_grade,MG Positive Molar Grade,5,563,963.0,0
shap_feature_selection_extratrees_p1_20260529_182607,G2_mg_molar_grade,MG Positive Molar Grade,5,564,964.0,0
shap_feature_selection_extratrees_p1_20260529_182607,G2_mg_molar_grade,MG Positive Molar Grade,5,565,965.0,0
shap_feature_selection_extratrees_p1_20260529_182607,G2_mg_molar_grade,MG Positive Molar Grade,5,566,966.0,0
shap_feature_selection_extratrees_p1_20260529_182607,G2_mg_molar_grade,MG Positive Molar Grade,5,567,967.0,0
shap_feature_selection_extratrees_p1_20260529_182607,G2_mg_molar_grade,MG Positive Molar Grade,5,568,968.0,0
shap_feature_selection_extratrees_p1_20260529_182607,G2_mg_molar_grade,MG Positive Molar Grade,5,569,969.0,0
shap_feature_selection_extratrees_p1_20260529_182607,G2_mg_molar_grade,MG Positive Molar Grade,5,570,970.0,0
shap_feature_selection_extratrees_p1_20260529_182607,G2_mg_molar_grade,MG Positive Molar Grade,5,571,971.0,0
shap_feature_selection_extratrees_p1_20260529_182607,G2_mg_molar_grade,MG Positive Molar Grade,5,572,972.0,0
shap_feature_selection_extratrees_p1_20260529_182607,G2_mg_molar_grade,MG Positive Molar Grade,5,573,973.0,0
shap_feature_selection_extratrees_p1_20260529_182607,G2_mg_molar_grade,MG Positive Molar Grade,5,574,974.0,0
shap_feature_selection_extratrees_p1_20260529_182607,G2_mg_molar_grade,MG Positive Molar Grade,5,575,975.0,0
shap_feature_selection_extratrees_p1_20260529_182607,G2_mg_molar_grade,MG Positive Molar Grade,5,576,976.0,0
shap_feature_selection_extratrees_p1_20260529_182607,G2_mg_molar_grade,MG Positive Molar Grade,5,577,977.0,0
shap_feature_selection_extratrees_p1_20260529_182607,G2_mg_molar_grade,MG Positive Molar Grade,5,578,978.0,0
shap_feature_selection_extratrees_p1_20260529_182607,G2_mg_molar_grade,MG Positive Molar Grade,5,579,979.0,0
shap_feature_selection_extratrees_p1_20260529_182607,G2_mg_molar_grade,MG Positive Molar Grade,5,580,980.0,0
shap_feature_selection_extratrees_p1_20260529_182607,G2_mg_molar_grade,MG Positive Molar Grade,5,581,981.0,0
shap_feature_selection_extratrees_p1_20260529_182607,G2_mg_molar_grade,MG Positive Molar Grade,5,582,982.0,0
shap_feature_selection_extratrees_p1_20260529_182607,G2_mg_molar_grade,MG Positive Molar Grade,5,583,983.0,0
shap_feature_selection_extratrees_p1_20260529_182607,G2_mg_molar_grade,MG Positive Molar Grade,5,584,984.0,0
shap_feature_selection_extratrees_p1_20260529_182607,G2_mg_molar_grade,MG Positive Molar Grade,5,585,985.0,0
shap_feature_selection_extratrees_p1_20260529_182607,G2_mg_molar_grade,MG Positive Molar Grade,5,586,986.0,0
shap_feature_selection_extratrees_p1_20260529_182607,G2_mg_molar_grade,MG Positive Molar Grade,5,587,987.0,0
shap_feature_selection_extratrees_p1_20260529_182607,G2_mg_molar_grade,MG Positive Molar Grade,5,588,988.0,0
shap_feature_selection_extratrees_p1_20260529_182607,G2_mg_molar_grade,MG Positive Molar Grade,5,589,989.0,0
shap_feature_selection_extratrees_p1_20260529_182607,G2_mg_molar_grade,MG Positive Molar Grade,5,590,990.0,0
shap_feature_selection_extratrees_p1_20260529_182607,G2_mg_molar_grade,MG Positive Molar Grade,5,591,991.0,0
shap_feature_selection_extratrees_p1_20260529_182607,G2_mg_molar_grade,MG Positive Molar Grade,5,592,992.0,0
shap_feature_selection_extratrees_p1_20260529_182607,G2_mg_molar_grade,MG Positive Molar Grade,5,593,993.0,0
shap_feature_selection_extratrees_p1_20260529_182607,G2_mg_molar_grade,MG Positive Molar Grade,5,594,994.0,0
shap_feature_selection_extratrees_p1_20260529_182607,G2_mg_molar_grade,MG Positive Molar Grade,5,595,995.0,0
shap_feature_selection_extratrees_p1_20260529_182607,G2_mg_molar_grade,MG Positive Molar Grade,5,596,996.0,0
shap_feature_selection_extratrees_p1_20260529_182607,G2_mg_molar_grade,MG Positive Molar Grade,5,597,997.0,0
shap_feature_selection_extratrees_p1_20260529_182607,G2_mg_molar_grade,MG Positive Molar Grade,5,598,998.0,0
shap_feature_selection_extratrees_p1_20260529_182607,G2_mg_molar_grade,MG Positive Molar Grade,5,599,999.0,0
shap_feature_selection_extratrees_p1_20260529_182607,G2_mg_molar_grade,MG Positive Molar Grade,5,600,1000.0,0
shap_feature_selection_extratrees_p1_20260529_182607,G2_mg_molar_grade,MG Positive Molar Grade,5,601,1001.0,0
shap_feature_selection_extratrees_p1_20260529_182607,G2_mg_molar_grade,MG Positive Molar Grade,5,602,1002.0,0
shap_feature_selection_extratrees_p1_20260529_182607,G2_mg_molar_grade,MG Positive Molar Grade,5,603,1003.0,0
shap_feature_selection_extratrees_p1_20260529_182607,G2_mg_molar_grade,MG Positive Molar Grade,5,604,1004.0,0
shap_feature_selection_extratrees_p1_20260529_182607,G2_mg_molar_grade,MG Positive Molar Grade,5,605,1005.0,0
shap_feature_selection_extratrees_p1_20260529_182607,G2_mg_molar_grade,MG Positive Molar Grade,5,606,1006.0,0
shap_feature_selection_extratrees_p1_20260529_182607,G2_mg_molar_grade,MG Positive Molar Grade,5,607,1007.0,0
shap_feature_selection_extratrees_p1_20260529_182607,G2_mg_molar_grade,MG Positive Molar Grade,5,608,1008.0,0
shap_feature_selection_extratrees_p1_20260529_182607,G2_mg_molar_grade,MG Positive Molar Grade,5,609,1009.0,0
shap_feature_selection_extratrees_p1_20260529_182607,G2_mg_molar_grade,MG Positive Molar Grade,5,610,1010.0,0
shap_feature_selection_extratrees_p1_20260529_182607,G2_mg_molar_grade,MG Positive Molar Grade,5,611,1011.0,0
shap_feature_selection_extratrees_p1_20260529_182607,G2_mg_molar_grade,MG Positive Molar Grade,5,612,1012.0,0
shap_feature_selection_extratrees_p1_20260529_182607,G2_mg_molar_grade,MG Positive Molar Grade,5,613,1013.0,0
shap_feature_selection_extratrees_p1_20260529_182607,G2_mg_molar_grade,MG Positive Molar Grade,5,614,1014.0,0
shap_feature_selection_extratrees_p1_20260529_182607,G2_mg_molar_grade,MG Positive Molar Grade,5,615,1015.0,0
shap_feature_selection_extratrees_p1_20260529_182607,G2_mg_molar_grade,MG Positive Molar Grade,5,616,1016.0,0
shap_feature_selection_extratrees_p1_20260529_182607,G2_mg_molar_grade,MG Positive Molar Grade,5,617,1017.0,0
shap_feature_selection_extratrees_p1_20260529_182607,G2_mg_molar_grade,MG Positive Molar Grade,5,618,1018.0,0
shap_feature_selection_extratrees_p1_20260529_182607,G2_mg_molar_grade,MG Positive Molar Grade,5,619,1019.0,0
shap_feature_selection_extratrees_p1_20260529_182607,G2_mg_molar_grade,MG Positive Molar Grade,5,620,1020.0,0
shap_feature_selection_extratrees_p1_20260529_182607,G2_mg_molar_grade,MG Positive Molar Grade,5,621,1021.0,0
shap_feature_selection_extratrees_p1_20260529_182607,G2_mg_molar_grade,MG Positive Molar Grade,5,622,1022.0,0
shap_feature_selection_extratrees_p1_20260529_182607,G2_mg_molar_grade,MG Positive Molar Grade,5,623,1023.0,1
shap_feature_selection_extratrees_p1_20260529_182607,G2_mg_molar_grade,MG Positive Molar Grade,5,624,1024.0,0
shap_feature_selection_extratrees_p1_20260529_182607,G2_mg_molar_grade,MG Positive Molar Grade,5,625,1025.0,0
shap_feature_selection_extratrees_p1_20260529_182607,G2_mg_molar_grade,MG Positive Molar Grade,5,626,1026.0,0
shap_feature_selection_extratrees_p1_20260529_182607,G2_mg_molar_grade,MG Positive Molar Grade,5,627,1027.0,0
shap_feature_selection_extratrees_p1_20260529_182607,G2_mg_molar_grade,MG Positive Molar Grade,5,628,1028.0,1
shap_feature_selection_extratrees_p1_20260529_182607,G2_mg_molar_grade,MG Positive Molar Grade,5,629,1029.0,0
shap_feature_selection_extratrees_p1_20260529_182607,G2_mg_molar_grade,MG Positive Molar Grade,5,630,1030.0,0
shap_feature_selection_extratrees_p1_20260529_182607,G2_mg_molar_grade,MG Positive Molar Grade,5,631,1031.0,1
shap_feature_selection_extratrees_p1_20260529_182607,G2_mg_molar_grade,MG Positive Molar Grade,5,632,1032.0,0
shap_feature_selection_extratrees_p1_20260529_182607,G2_mg_molar_grade,MG Positive Molar Grade,5,633,1033.0,1
shap_feature_selection_extratrees_p1_20260529_182607,G2_mg_molar_grade,MG Positive Molar Grade,5,634,1034.0,1
shap_feature_selection_extratrees_p1_20260529_182607,G2_mg_molar_grade,MG Positive Molar Grade,5,635,1035.0,1
shap_feature_selection_extratrees_p1_20260529_182607,G2_mg_molar_grade,MG Positive Molar Grade,5,636,1036.0,1
shap_feature_selection_extratrees_p1_20260529_182607,G2_mg_molar_grade,MG Positive Molar Grade,5,637,1037.0,1
shap_feature_selection_extratrees_p1_20260529_182607,G2_mg_molar_grade,MG Positive Molar Grade,5,638,1038.0,0
shap_feature_selection_extratrees_p1_20260529_182607,G2_mg_molar_grade,MG Positive Molar Grade,5,639,1039.0,1
shap_feature_selection_extratrees_p1_20260529_182607,G2_mg_molar_grade,MG Positive Molar Grade,5,640,1040.0,0
shap_feature_selection_extratrees_p1_20260529_182607,G2_mg_molar_grade,MG Positive Molar Grade,5,641,1041.0,1
shap_feature_selection_extratrees_p1_20260529_182607,G2_mg_molar_grade,MG Positive Molar Grade,5,642,1042.0,0
shap_feature_selection_extratrees_p1_20260529_182607,G2_mg_molar_grade,MG Positive Molar Grade,5,643,1043.0,0
shap_feature_selection_extratrees_p1_20260529_182607,G2_mg_molar_grade,MG Positive Molar Grade,5,644,1044.0,0
shap_feature_selection_extratrees_p1_20260529_182607,G2_mg_molar_grade,MG Positive Molar Grade,5,645,1045.0,0
shap_feature_selection_extratrees_p1_20260529_182607,G2_mg_molar_grade,MG Positive Molar Grade,5,646,1046.0,0
shap_feature_selection_extratrees_p1_20260529_182607,G2_mg_molar_grade,MG Positive Molar Grade,5,647,1047.0,0
shap_feature_selection_extratrees_p1_20260529_182607,G2_mg_molar_grade,MG Positive Molar Grade,5,648,1048.0,0
shap_feature_selection_extratrees_p1_20260529_182607,G2_mg_molar_grade,MG Positive Molar Grade,5,649,1049.0,0
shap_feature_selection_extratrees_p1_20260529_182607,G2_mg_molar_grade,MG Positive Molar Grade,5,650,1050.0,0
shap_feature_selection_extratrees_p1_20260529_182607,G2_mg_molar_grade,MG Positive Molar Grade,5,651,1051.0,0
shap_feature_selection_extratrees_p1_20260529_182607,G2_mg_molar_grade,MG Positive Molar Grade,5,652,1052.0,0
shap_feature_selection_extratrees_p1_20260529_182607,G2_mg_molar_grade,MG Positive Molar Grade,5,653,1053.0,0
shap_feature_selection_extratrees_p1_20260529_182607,G2_mg_molar_grade,MG Positive Molar Grade,5,654,1054.0,0
shap_feature_selection_extratrees_p1_20260529_182607,G2_mg_molar_grade,MG Positive Molar Grade,5,655,1055.0,0
shap_feature_selection_extratrees_p1_20260529_182607,G2_mg_molar_grade,MG Positive Molar Grade,5,656,1056.0,0
shap_feature_selection_extratrees_p1_20260529_182607,G2_mg_molar_grade,MG Positive Molar Grade,5,657,1057.0,0
shap_feature_selection_extratrees_p1_20260529_182607,G2_mg_molar_grade,MG Positive Molar Grade,5,658,1058.0,0
shap_feature_selection_extratrees_p1_20260529_182607,G2_mg_molar_grade,MG Positive Molar Grade,5,659,1059.0,0
shap_feature_selection_extratrees_p1_20260529_182607,G2_mg_molar_grade,MG Positive Molar Grade,5,660,1060.0,0
shap_feature_selection_extratrees_p1_20260529_182607,G2_mg_molar_grade,MG Positive Molar Grade,5,661,1061.0,0
shap_feature_selection_extratrees_p1_20260529_182607,G2_mg_molar_grade,MG Positive Molar Grade,5,662,1062.0,0
shap_feature_selection_extratrees_p1_20260529_182607,G2_mg_molar_grade,MG Positive Molar Grade,5,663,1063.0,0
shap_feature_selection_extratrees_p1_20260529_182607,G2_mg_molar_grade,MG Positive Molar Grade,5,664,1064.0,0
shap_feature_selection_extratrees_p1_20260529_182607,G2_mg_molar_grade,MG Positive Molar Grade,5,665,1065.0,0
shap_feature_selection_extratrees_p1_20260529_182607,G2_mg_molar_grade,MG Positive Molar Grade,5,666,1066.0,0
shap_feature_selection_extratrees_p1_20260529_182607,G2_mg_molar_grade,MG Positive Molar Grade,5,667,1067.0,0
shap_feature_selection_extratrees_p1_20260529_182607,G2_mg_molar_grade,MG Positive Molar Grade,5,668,1068.0,0
shap_feature_selection_extratrees_p1_20260529_182607,G2_mg_molar_grade,MG Positive Molar Grade,5,669,1069.0,0
shap_feature_selection_extratrees_p1_20260529_182607,G2_mg_molar_grade,MG Positive Molar Grade,5,670,1070.0,0
shap_feature_selection_extratrees_p1_20260529_182607,G2_mg_molar_grade,MG Positive Molar Grade,5,671,1071.0,0
shap_feature_selection_extratrees_p1_20260529_182607,G2_mg_molar_grade,MG Positive Molar Grade,5,672,1072.0,0
shap_feature_selection_extratrees_p1_20260529_182607,G2_mg_molar_grade,MG Positive Molar Grade,5,673,1073.0,0
shap_feature_selection_extratrees_p1_20260529_182607,G2_mg_molar_grade,MG Positive Molar Grade,5,674,1074.0,0
shap_feature_selection_extratrees_p1_20260529_182607,G2_mg_molar_grade,MG Positive Molar Grade,5,675,1075.0,0
shap_feature_selection_extratrees_p1_20260529_182607,G2_mg_molar_grade,MG Positive Molar Grade,5,676,1076.0,0
shap_feature_selection_extratrees_p1_20260529_182607,G2_mg_molar_grade,MG Positive Molar Grade,5,677,1077.0,0
shap_feature_selection_extratrees_p1_20260529_182607,G2_mg_molar_grade,MG Positive Molar Grade,5,678,1078.0,0
shap_feature_selection_extratrees_p1_20260529_182607,G2_mg_molar_grade,MG Positive Molar Grade,5,679,1079.0,0
shap_feature_selection_extratrees_p1_20260529_182607,G2_mg_molar_grade,MG Positive Molar Grade,5,680,1080.0,0
shap_feature_selection_extratrees_p1_20260529_182607,G2_mg_molar_grade,MG Positive Molar Grade,5,681,1081.0,0
shap_feature_selection_extratrees_p1_20260529_182607,G2_mg_molar_grade,MG Positive Molar Grade,5,682,1082.0,0
shap_feature_selection_extratrees_p1_20260529_182607,G2_mg_molar_grade,MG Positive Molar Grade,5,683,1083.0,0
shap_feature_selection_extratrees_p1_20260529_182607,G2_mg_molar_grade,MG Positive Molar Grade,5,684,1084.0,1
shap_feature_selection_extratrees_p1_20260529_182607,G2_mg_molar_grade,MG Positive Molar Grade,5,685,1085.0,1
shap_feature_selection_extratrees_p1_20260529_182607,G2_mg_molar_grade,MG Positive Molar Grade,5,686,1086.0,0
shap_feature_selection_extratrees_p1_20260529_182607,G2_mg_molar_grade,MG Positive Molar Grade,5,687,1087.0,0
shap_feature_selection_extratrees_p1_20260529_182607,G2_mg_molar_grade,MG Positive Molar Grade,5,688,1088.0,0
shap_feature_selection_extratrees_p1_20260529_182607,G2_mg_molar_grade,MG Positive Molar Grade,5,689,1089.0,0
shap_feature_selection_extratrees_p1_20260529_182607,G2_mg_molar_grade,MG Positive Molar Grade,5,690,1090.0,1
shap_feature_selection_extratrees_p1_20260529_182607,G2_mg_molar_grade,MG Positive Molar Grade,5,691,1091.0,1
shap_feature_selection_extratrees_p1_20260529_182607,G2_mg_molar_grade,MG Positive Molar Grade,5,692,1092.0,0
shap_feature_selection_extratrees_p1_20260529_182607,G2_mg_molar_grade,MG Positive Molar Grade,5,693,1093.0,0
shap_feature_selection_extratrees_p1_20260529_182607,G2_mg_molar_grade,MG Positive Molar Grade,5,694,1094.0,0
shap_feature_selection_extratrees_p1_20260529_182607,G2_mg_molar_grade,MG Positive Molar Grade,5,695,1095.0,0
shap_feature_selection_extratrees_p1_20260529_182607,G2_mg_molar_grade,MG Positive Molar Grade,5,696,1096.0,0
shap_feature_selection_extratrees_p1_20260529_182607,G2_mg_molar_grade,MG Positive Molar Grade,5,697,1097.0,0
shap_feature_selection_extratrees_p1_20260529_182607,G2_mg_molar_grade,MG Positive Molar Grade,5,698,1098.0,0
shap_feature_selection_extratrees_p1_20260529_182607,G2_mg_molar_grade,MG Positive Molar Grade,5,699,1099.0,0
shap_feature_selection_extratrees_p1_20260529_182607,G2_mg_molar_grade,MG Positive Molar Grade,5,700,1100.0,0
shap_feature_selection_extratrees_p1_20260529_182607,G2_mg_molar_grade,MG Positive Molar Grade,5,701,1101.0,0
shap_feature_selection_extratrees_p1_20260529_182607,G2_mg_molar_grade,MG Positive Molar Grade,5,702,1102.0,0
shap_feature_selection_extratrees_p1_20260529_182607,G2_mg_molar_grade,MG Positive Molar Grade,5,703,1103.0,0
shap_feature_selection_extratrees_p1_20260529_182607,G2_mg_molar_grade,MG Positive Molar Grade,5,704,1104.0,0
shap_feature_selection_extratrees_p1_20260529_182607,G2_mg_molar_grade,MG Positive Molar Grade,5,705,1105.0,0
shap_feature_selection_extratrees_p1_20260529_182607,G2_mg_molar_grade,MG Positive Molar Grade,5,706,1106.0,0
shap_feature_selection_extratrees_p1_20260529_182607,G2_mg_molar_grade,MG Positive Molar Grade,5,707,1107.0,0
shap_feature_selection_extratrees_p1_20260529_182607,G2_mg_molar_grade,MG Positive Molar Grade,5,708,1108.0,0
shap_feature_selection_extratrees_p1_20260529_182607,G2_mg_molar_grade,MG Positive Molar Grade,5,709,1109.0,0
shap_feature_selection_extratrees_p1_20260529_182607,G2_mg_molar_grade,MG Positive Molar Grade,5,710,1110.0,0
shap_feature_selection_extratrees_p1_20260529_182607,G2_mg_molar_grade,MG Positive Molar Grade,5,711,1111.0,0
shap_feature_selection_extratrees_p1_20260529_182607,G2_mg_molar_grade,MG Positive Molar Grade,5,712,1112.0,0
shap_feature_selection_extratrees_p1_20260529_182607,G2_mg_molar_grade,MG Positive Molar Grade,5,713,1113.0,0
shap_feature_selection_extratrees_p1_20260529_182607,G2_mg_molar_grade,MG Positive Molar Grade,5,714,1114.0,0
shap_feature_selection_extratrees_p1_20260529_182607,G2_mg_molar_grade,MG Positive Molar Grade,5,715,1115.0,0
shap_feature_selection_extratrees_p1_20260529_182607,G2_mg_molar_grade,MG Positive Molar Grade,5,716,1116.0,0
shap_feature_selection_extratrees_p1_20260529_182607,G2_mg_molar_grade,MG Positive Molar Grade,5,717,1117.0,0
shap_feature_selection_extratrees_p1_20260529_182607,G2_mg_molar_grade,MG Positive Molar Grade,5,718,1118.0,0
shap_feature_selection_extratrees_p1_20260529_182607,G2_mg_molar_grade,MG Positive Molar Grade,5,719,1119.0,0
shap_feature_selection_extratrees_p1_20260529_182607,G2_mg_molar_grade,MG Positive Molar Grade,5,720,1120.0,0
shap_feature_selection_extratrees_p1_20260529_182607,G2_mg_molar_grade,MG Positive Molar Grade,5,721,1121.0,0
shap_feature_selection_extratrees_p1_20260529_182607,G2_mg_molar_grade,MG Positive Molar Grade,5,722,1122.0,0
shap_feature_selection_extratrees_p1_20260529_182607,G2_mg_molar_grade,MG Positive Molar Grade,5,723,1123.0,0
shap_feature_selection_extratrees_p1_20260529_182607,G2_mg_molar_grade,MG Positive Molar Grade,5,724,1124.0,0
shap_feature_selection_extratrees_p1_20260529_182607,G2_mg_molar_grade,MG Positive Molar Grade,5,725,1125.0,0
shap_feature_selection_extratrees_p1_20260529_182607,G2_mg_molar_grade,MG Positive Molar Grade,5,726,1126.0,0
shap_feature_selection_extratrees_p1_20260529_182607,G2_mg_molar_grade,MG Positive Molar Grade,5,727,1127.0,0
shap_feature_selection_extratrees_p1_20260529_182607,G2_mg_molar_grade,MG Positive Molar Grade,5,728,1128.0,0
shap_feature_selection_extratrees_p1_20260529_182607,G2_mg_molar_grade,MG Positive Molar Grade,5,729,1129.0,0
shap_feature_selection_extratrees_p1_20260529_182607,G2_mg_molar_grade,MG Positive Molar Grade,5,730,1130.0,0
shap_feature_selection_extratrees_p1_20260529_182607,G2_mg_molar_grade,MG Positive Molar Grade,5,731,1131.0,0
shap_feature_selection_extratrees_p1_20260529_182607,G2_mg_molar_grade,MG Positive Molar Grade,5,732,1132.0,0
shap_feature_selection_extratrees_p1_20260529_182607,G2_mg_molar_grade,MG Positive Molar Grade,5,733,1133.0,0
shap_feature_selection_extratrees_p1_20260529_182607,G2_mg_molar_grade,MG Positive Molar Grade,5,734,1134.0,0
shap_feature_selection_extratrees_p1_20260529_182607,G2_mg_molar_grade,MG Positive Molar Grade,5,735,1135.0,0
shap_feature_selection_extratrees_p1_20260529_182607,G2_mg_molar_grade,MG Positive Molar Grade,5,736,1136.0,0
shap_feature_selection_extratrees_p1_20260529_182607,G2_mg_molar_grade,MG Positive Molar Grade,5,737,1137.0,0
shap_feature_selection_extratrees_p1_20260529_182607,G2_mg_molar_grade,MG Positive Molar Grade,5,738,1138.0,0
shap_feature_selection_extratrees_p1_20260529_182607,G2_mg_molar_grade,MG Positive Molar Grade,5,739,1139.0,0
shap_feature_selection_extratrees_p1_20260529_182607,G2_mg_molar_grade,MG Positive Molar Grade,5,740,1140.0,0
shap_feature_selection_extratrees_p1_20260529_182607,G2_mg_molar_grade,MG Positive Molar Grade,5,741,1141.0,0
shap_feature_selection_extratrees_p1_20260529_182607,G2_mg_molar_grade,MG Positive Molar Grade,5,742,1142.0,0
shap_feature_selection_extratrees_p1_20260529_182607,G2_mg_molar_grade,MG Positive Molar Grade,5,743,1143.0,0
shap_feature_selection_extratrees_p1_20260529_182607,G2_mg_molar_grade,MG Positive Molar Grade,5,744,1144.0,0
shap_feature_selection_extratrees_p1_20260529_182607,G2_mg_molar_grade,MG Positive Molar Grade,5,745,1145.0,0
shap_feature_selection_extratrees_p1_20260529_182607,G2_mg_molar_grade,MG Positive Molar Grade,5,746,1146.0,0
shap_feature_selection_extratrees_p1_20260529_182607,G2_mg_molar_grade,MG Positive Molar Grade,5,747,1147.0,0
shap_feature_selection_extratrees_p1_20260529_182607,G2_mg_molar_grade,MG Positive Molar Grade,5,748,1148.0,0
shap_feature_selection_extratrees_p1_20260529_182607,G2_mg_molar_grade,MG Positive Molar Grade,5,749,1149.0,0
shap_feature_selection_extratrees_p1_20260529_182607,G2_mg_molar_grade,MG Positive Molar Grade,5,750,1150.0,0
shap_feature_selection_extratrees_p1_20260529_182607,G2_mg_molar_grade,MG Positive Molar Grade,5,751,1151.0,0
shap_feature_selection_extratrees_p1_20260529_182607,G2_mg_molar_grade,MG Positive Molar Grade,5,752,1152.0,1
shap_feature_selection_extratrees_p1_20260529_182607,G2_mg_molar_grade,MG Positive Molar Grade,5,753,1153.0,0
shap_feature_selection_extratrees_p1_20260529_182607,G2_mg_molar_grade,MG Positive Molar Grade,5,754,1154.0,0
shap_feature_selection_extratrees_p1_20260529_182607,G2_mg_molar_grade,MG Positive Molar Grade,5,755,1155.0,0
shap_feature_selection_extratrees_p1_20260529_182607,G2_mg_molar_grade,MG Positive Molar Grade,5,756,1156.0,0
shap_feature_selection_extratrees_p1_20260529_182607,G2_mg_molar_grade,MG Positive Molar Grade,5,757,1157.0,1
shap_feature_selection_extratrees_p1_20260529_182607,G2_mg_molar_grade,MG Positive Molar Grade,5,758,1158.0,1
shap_feature_selection_extratrees_p1_20260529_182607,G2_mg_molar_grade,MG Positive Molar Grade,5,759,1159.0,1
shap_feature_selection_extratrees_p1_20260529_182607,G2_mg_molar_grade,MG Positive Molar Grade,5,760,1160.0,1
shap_feature_selection_extratrees_p1_20260529_182607,G2_mg_molar_grade,MG Positive Molar Grade,5,761,1161.0,1
shap_feature_selection_extratrees_p1_20260529_182607,G2_mg_molar_grade,MG Positive Molar Grade,5,762,1162.0,1
shap_feature_selection_extratrees_p1_20260529_182607,G2_mg_molar_grade,MG Positive Molar Grade,5,763,1163.0,0
shap_feature_selection_extratrees_p1_20260529_182607,G2_mg_molar_grade,MG Positive Molar Grade,5,764,1164.0,0
shap_feature_selection_extratrees_p1_20260529_182607,G2_mg_molar_grade,MG Positive Molar Grade,5,765,1165.0,0
shap_feature_selection_extratrees_p1_20260529_182607,G2_mg_molar_grade,MG Positive Molar Grade,5,766,1166.0,0
shap_feature_selection_extratrees_p1_20260529_182607,G2_mg_molar_grade,MG Positive Molar Grade,5,767,1167.0,0
shap_feature_selection_extratrees_p1_20260529_182607,G2_mg_molar_grade,MG Positive Molar Grade,5,768,1168.0,0
shap_feature_selection_extratrees_p1_20260529_182607,G2_mg_molar_grade,MG Positive Molar Grade,5,769,1169.0,0
shap_feature_selection_extratrees_p1_20260529_182607,G2_mg_molar_grade,MG Positive Molar Grade,5,770,1170.0,0
shap_feature_selection_extratrees_p1_20260529_182607,G2_mg_molar_grade,MG Positive Molar Grade,5,771,1171.0,1
shap_feature_selection_extratrees_p1_20260529_182607,G2_mg_molar_grade,MG Positive Molar Grade,5,772,1172.0,0
shap_feature_selection_extratrees_p1_20260529_182607,G2_mg_molar_grade,MG Positive Molar Grade,5,773,1173.0,0
shap_feature_selection_extratrees_p1_20260529_182607,G2_mg_molar_grade,MG Positive Molar Grade,5,774,1174.0,1
shap_feature_selection_extratrees_p1_20260529_182607,G2_mg_molar_grade,MG Positive Molar Grade,5,775,1175.0,0
shap_feature_selection_extratrees_p1_20260529_182607,G2_mg_molar_grade,MG Positive Molar Grade,5,776,1176.0,0
shap_feature_selection_extratrees_p1_20260529_182607,G2_mg_molar_grade,MG Positive Molar Grade,5,777,1177.0,0
shap_feature_selection_extratrees_p1_20260529_182607,G2_mg_molar_grade,MG Positive Molar Grade,5,778,1178.0,1
shap_feature_selection_extratrees_p1_20260529_182607,G2_mg_molar_grade,MG Positive Molar Grade,5,779,1179.0,0
shap_feature_selection_extratrees_p1_20260529_182607,G2_mg_molar_grade,MG Positive Molar Grade,5,780,1180.0,1
shap_feature_selection_extratrees_p1_20260529_182607,G2_mg_molar_grade,MG Positive Molar Grade,5,781,1181.0,1
shap_feature_selection_extratrees_p1_20260529_182607,G2_mg_molar_grade,MG Positive Molar Grade,5,782,1182.0,0
shap_feature_selection_extratrees_p1_20260529_182607,G2_mg_molar_grade,MG Positive Molar Grade,5,783,1183.0,1
shap_feature_selection_extratrees_p1_20260529_182607,G2_mg_molar_grade,MG Positive Molar Grade,5,784,1184.0,1
shap_feature_selection_extratrees_p1_20260529_182607,G2_mg_molar_grade,MG Positive Molar Grade,5,785,1185.0,1
shap_feature_selection_extratrees_p1_20260529_182607,G2_mg_molar_grade,MG Positive Molar Grade,5,786,1186.0,1
shap_feature_selection_extratrees_p1_20260529_182607,G2_mg_molar_grade,MG Positive Molar Grade,5,787,1187.0,1
shap_feature_selection_extratrees_p1_20260529_182607,G2_mg_molar_grade,MG Positive Molar Grade,5,788,1188.0,1
shap_feature_selection_extratrees_p1_20260529_182607,G2_mg_molar_grade,MG Positive Molar Grade,5,789,1189.0,0
shap_feature_selection_extratrees_p1_20260529_182607,G2_mg_molar_grade,MG Positive Molar Grade,5,790,1190.0,0
shap_feature_selection_extratrees_p1_20260529_182607,G2_mg_molar_grade,MG Positive Molar Grade,5,791,1191.0,0
shap_feature_selection_extratrees_p1_20260529_182607,G2_mg_molar_grade,MG Positive Molar Grade,5,792,1192.0,0
shap_feature_selection_extratrees_p1_20260529_182607,G2_mg_molar_grade,MG Positive Molar Grade,5,793,1193.0,0
shap_feature_selection_extratrees_p1_20260529_182607,G2_mg_molar_grade,MG Positive Molar Grade,5,794,1194.0,0
shap_feature_selection_extratrees_p1_20260529_182607,G2_mg_molar_grade,MG Positive Molar Grade,5,795,1195.0,0
shap_feature_selection_extratrees_p1_20260529_182607,G2_mg_molar_grade,MG Positive Molar Grade,5,796,1196.0,0
shap_feature_selection_extratrees_p1_20260529_182607,G2_mg_molar_grade,MG Positive Molar Grade,5,797,1197.0,0
shap_feature_selection_extratrees_p1_20260529_182607,G2_mg_molar_grade,MG Positive Molar Grade,5,798,1198.0,0
shap_feature_selection_extratrees_p1_20260529_182607,G2_mg_molar_grade,MG Positive Molar Grade,5,799,1199.0,0
shap_feature_selection_extratrees_p1_20260529_182607,G2_mg_molar_grade,MG Positive Molar Grade,5,800,1200.0,0
shap_feature_selection_extratrees_p1_20260529_182607,G2_mg_molar_grade,MG Positive Molar Grade,5,801,1201.0,0
shap_feature_selection_extratrees_p1_20260529_182607,G2_mg_molar_grade,MG Positive Molar Grade,5,802,1202.0,0
shap_feature_selection_extratrees_p1_20260529_182607,G2_mg_molar_grade,MG Positive Molar Grade,5,803,1203.0,0
shap_feature_selection_extratrees_p1_20260529_182607,G2_mg_molar_grade,MG Positive Molar Grade,5,804,1204.0,0
shap_feature_selection_extratrees_p1_20260529_182607,G2_mg_molar_grade,MG Positive Molar Grade,5,805,1205.0,0
shap_feature_selection_extratrees_p1_20260529_182607,G2_mg_molar_grade,MG Positive Molar Grade,5,806,1206.0,1
shap_feature_selection_extratrees_p1_20260529_182607,G2_mg_molar_grade,MG Positive Molar Grade,5,807,1207.0,1
shap_feature_selection_extratrees_p1_20260529_182607,G2_mg_molar_grade,MG Positive Molar Grade,5,808,1208.0,1
shap_feature_selection_extratrees_p1_20260529_182607,G2_mg_molar_grade,MG Positive Molar Grade,5,809,1209.0,1
shap_feature_selection_extratrees_p1_20260529_182607,G2_mg_molar_grade,MG Positive Molar Grade,5,810,1210.0,1
shap_feature_selection_extratrees_p1_20260529_182607,G2_mg_molar_grade,MG Positive Molar Grade,5,811,1211.0,1
shap_feature_selection_extratrees_p1_20260529_182607,G2_mg_molar_grade,MG Positive Molar Grade,5,812,1212.0,1
shap_feature_selection_extratrees_p1_20260529_182607,G2_mg_molar_grade,MG Positive Molar Grade,5,813,1213.0,1
shap_feature_selection_extratrees_p1_20260529_182607,G2_mg_molar_grade,MG Positive Molar Grade,5,814,1214.0,1
shap_feature_selection_extratrees_p1_20260529_182607,G2_mg_molar_grade,MG Positive Molar Grade,5,815,1215.0,1
shap_feature_selection_extratrees_p1_20260529_182607,G2_mg_molar_grade,MG Positive Molar Grade,5,816,1216.0,1
shap_feature_selection_extratrees_p1_20260529_182607,G2_mg_molar_grade,MG Positive Molar Grade,5,817,1217.0,0
shap_feature_selection_extratrees_p1_20260529_182607,G2_mg_molar_grade,MG Positive Molar Grade,5,818,1218.0,0
shap_feature_selection_extratrees_p1_20260529_182607,G2_mg_molar_grade,MG Positive Molar Grade,5,819,1219.0,1
shap_feature_selection_extratrees_p1_20260529_182607,G2_mg_molar_grade,MG Positive Molar Grade,5,820,1220.0,0
shap_feature_selection_extratrees_p1_20260529_182607,G2_mg_molar_grade,MG Positive Molar Grade,5,821,1221.0,0
shap_feature_selection_extratrees_p1_20260529_182607,G2_mg_molar_grade,MG Positive Molar Grade,5,822,1222.0,0
shap_feature_selection_extratrees_p1_20260529_182607,G2_mg_molar_grade,MG Positive Molar Grade,5,823,1223.0,0
shap_feature_selection_extratrees_p1_20260529_182607,G2_mg_molar_grade,MG Positive Molar Grade,5,824,1224.0,0
shap_feature_selection_extratrees_p1_20260529_182607,G2_mg_molar_grade,MG Positive Molar Grade,5,825,1225.0,0
shap_feature_selection_extratrees_p1_20260529_182607,G2_mg_molar_grade,MG Positive Molar Grade,5,826,1226.0,0
shap_feature_selection_extratrees_p1_20260529_182607,G2_mg_molar_grade,MG Positive Molar Grade,5,827,1227.0,0
shap_feature_selection_extratrees_p1_20260529_182607,G2_mg_molar_grade,MG Positive Molar Grade,5,828,1228.0,0
shap_feature_selection_extratrees_p1_20260529_182607,G2_mg_molar_grade,MG Positive Molar Grade,5,829,1229.0,0
shap_feature_selection_extratrees_p1_20260529_182607,G2_mg_molar_grade,MG Positive Molar Grade,5,830,1230.0,0
shap_feature_selection_extratrees_p1_20260529_182607,G2_mg_molar_grade,MG Positive Molar Grade,5,831,1231.0,0
shap_feature_selection_extratrees_p1_20260529_182607,G2_mg_molar_grade,MG Positive Molar Grade,5,832,1232.0,0
shap_feature_selection_extratrees_p1_20260529_182607,G2_mg_molar_grade,MG Positive Molar Grade,5,833,1233.0,0
shap_feature_selection_extratrees_p1_20260529_182607,G2_mg_molar_grade,MG Positive Molar Grade,5,834,1234.0,0
shap_feature_selection_extratrees_p1_20260529_182607,G2_mg_molar_grade,MG Positive Molar Grade,5,835,1235.0,0
shap_feature_selection_extratrees_p1_20260529_182607,G2_mg_molar_grade,MG Positive Molar Grade,5,836,1236.0,0
shap_feature_selection_extratrees_p1_20260529_182607,G2_mg_molar_grade,MG Positive Molar Grade,5,837,1237.0,0
shap_feature_selection_extratrees_p1_20260529_182607,G2_mg_molar_grade,MG Positive Molar Grade,5,838,1238.0,0
shap_feature_selection_extratrees_p1_20260529_182607,G2_mg_molar_grade,MG Positive Molar Grade,5,839,1239.0,0
shap_feature_selection_extratrees_p1_20260529_182607,G2_mg_molar_grade,MG Positive Molar Grade,5,840,1240.0,0
shap_feature_selection_extratrees_p1_20260529_182607,G2_mg_molar_grade,MG Positive Molar Grade,5,841,1241.0,0
shap_feature_selection_extratrees_p1_20260529_182607,G2_mg_molar_grade,MG Positive Molar Grade,5,842,1242.0,0
shap_feature_selection_extratrees_p1_20260529_182607,G2_mg_molar_grade,MG Positive Molar Grade,5,843,1243.0,0
shap_feature_selection_extratrees_p1_20260529_182607,G2_mg_molar_grade,MG Positive Molar Grade,5,844,1244.0,0
shap_feature_selection_extratrees_p1_20260529_182607,G2_mg_molar_grade,MG Positive Molar Grade,5,845,1245.0,0
shap_feature_selection_extratrees_p1_20260529_182607,G2_mg_molar_grade,MG Positive Molar Grade,5,846,1246.0,0
shap_feature_selection_extratrees_p1_20260529_182607,G2_mg_molar_grade,MG Positive Molar Grade,5,847,1247.0,0
shap_feature_selection_extratrees_p1_20260529_182607,G2_mg_molar_grade,MG Positive Molar Grade,5,848,1248.0,0
shap_feature_selection_extratrees_p1_20260529_182607,G2_mg_molar_grade,MG Positive Molar Grade,5,849,1249.0,0
shap_feature_selection_extratrees_p1_20260529_182607,G2_mg_molar_grade,MG Positive Molar Grade,5,850,1250.0,0
shap_feature_selection_extratrees_p1_20260529_182607,G2_mg_molar_grade,MG Positive Molar Grade,5,851,1251.0,0
shap_feature_selection_extratrees_p1_20260529_182607,G2_mg_molar_grade,MG Positive Molar Grade,5,852,1252.0,0
shap_feature_selection_extratrees_p1_20260529_182607,G2_mg_molar_grade,MG Positive Molar Grade,5,853,1253.0,0
shap_feature_selection_extratrees_p1_20260529_182607,G2_mg_molar_grade,MG Positive Molar Grade,5,854,1254.0,0
shap_feature_selection_extratrees_p1_20260529_182607,G2_mg_molar_grade,MG Positive Molar Grade,5,855,1255.0,0
shap_feature_selection_extratrees_p1_20260529_182607,G2_mg_molar_grade,MG Positive Molar Grade,5,856,1256.0,0
shap_feature_selection_extratrees_p1_20260529_182607,G2_mg_molar_grade,MG Positive Molar Grade,5,857,1257.0,0
shap_feature_selection_extratrees_p1_20260529_182607,G2_mg_molar_grade,MG Positive Molar Grade,5,858,1258.0,0
shap_feature_selection_extratrees_p1_20260529_182607,G2_mg_molar_grade,MG Positive Molar Grade,5,859,1259.0,0
shap_feature_selection_extratrees_p1_20260529_182607,G2_mg_molar_grade,MG Positive Molar Grade,5,860,1260.0,0
shap_feature_selection_extratrees_p1_20260529_182607,G2_mg_molar_grade,MG Positive Molar Grade,5,861,1261.0,0
shap_feature_selection_extratrees_p1_20260529_182607,G2_mg_molar_grade,MG Positive Molar Grade,5,862,1262.0,0
shap_feature_selection_extratrees_p1_20260529_182607,G2_mg_molar_grade,MG Positive Molar Grade,5,863,1263.0,0
shap_feature_selection_extratrees_p1_20260529_182607,G2_mg_molar_grade,MG Positive Molar Grade,5,864,1264.0,0
shap_feature_selection_extratrees_p1_20260529_182607,G2_mg_molar_grade,MG Positive Molar Grade,5,865,1265.0,0
shap_feature_selection_extratrees_p1_20260529_182607,G2_mg_molar_grade,MG Positive Molar Grade,5,866,1266.0,0
shap_feature_selection_extratrees_p1_20260529_182607,G2_mg_molar_grade,MG Positive Molar Grade,5,867,1267.0,0
shap_feature_selection_extratrees_p1_20260529_182607,G2_mg_molar_grade,MG Positive Molar Grade,5,868,1268.0,0
shap_feature_selection_extratrees_p1_20260529_182607,G2_mg_molar_grade,MG Positive Molar Grade,5,869,1269.0,0
shap_feature_selection_extratrees_p1_20260529_182607,G2_mg_molar_grade,MG Positive Molar Grade,5,870,1270.0,0
shap_feature_selection_extratrees_p1_20260529_182607,G2_mg_molar_grade,MG Positive Molar Grade,5,871,1271.0,0
shap_feature_selection_extratrees_p1_20260529_182607,G2_mg_molar_grade,MG Positive Molar Grade,5,872,1272.0,0
shap_feature_selection_extratrees_p1_20260529_182607,G2_mg_molar_grade,MG Positive Molar Grade,5,873,1273.0,0
shap_feature_selection_extratrees_p1_20260529_182607,G2_mg_molar_grade,MG Positive Molar Grade,5,874,1274.0,0
shap_feature_selection_extratrees_p1_20260529_182607,G2_mg_molar_grade,MG Positive Molar Grade,5,875,1275.0,0
shap_feature_selection_extratrees_p1_20260529_182607,G2_mg_molar_grade,MG Positive Molar Grade,5,876,1276.0,0
shap_feature_selection_extratrees_p1_20260529_182607,G2_mg_molar_grade,MG Positive Molar Grade,5,877,1277.0,0
shap_feature_selection_extratrees_p1_20260529_182607,G2_mg_molar_grade,MG Positive Molar Grade,5,878,1278.0,0
shap_feature_selection_extratrees_p1_20260529_182607,G2_mg_molar_grade,MG Positive Molar Grade,5,879,1279.0,0
shap_feature_selection_extratrees_p1_20260529_182607,G2_mg_molar_grade,MG Positive Molar Grade,5,880,1280.0,0
shap_feature_selection_extratrees_p1_20260529_182607,G2_mg_molar_grade,MG Positive Molar Grade,5,881,1281.0,0
shap_feature_selection_extratrees_p1_20260529_182607,G2_mg_molar_grade,MG Positive Molar Grade,5,882,1282.0,0
shap_feature_selection_extratrees_p1_20260529_182607,G2_mg_molar_grade,MG Positive Molar Grade,5,883,1283.0,0
shap_feature_selection_extratrees_p1_20260529_182607,G2_mg_molar_grade,MG Positive Molar Grade,5,884,1284.0,0
shap_feature_selection_extratrees_p1_20260529_182607,G2_mg_molar_grade,MG Positive Molar Grade,5,885,1285.0,0
shap_feature_selection_extratrees_p1_20260529_182607,G2_mg_molar_grade,MG Positive Molar Grade,5,886,1286.0,1
shap_feature_selection_extratrees_p1_20260529_182607,G2_mg_molar_grade,MG Positive Molar Grade,5,887,1287.0,0
shap_feature_selection_extratrees_p1_20260529_182607,G2_mg_molar_grade,MG Positive Molar Grade,5,888,1288.0,0
shap_feature_selection_extratrees_p1_20260529_182607,G2_mg_molar_grade,MG Positive Molar Grade,5,889,1289.0,0
shap_feature_selection_extratrees_p1_20260529_182607,G2_mg_molar_grade,MG Positive Molar Grade,5,890,1290.0,0
shap_feature_selection_extratrees_p1_20260529_182607,G2_mg_molar_grade,MG Positive Molar Grade,5,891,1291.0,0
shap_feature_selection_extratrees_p1_20260529_182607,G2_mg_molar_grade,MG Positive Molar Grade,5,892,1292.0,0
shap_feature_selection_extratrees_p1_20260529_182607,G2_mg_molar_grade,MG Positive Molar Grade,5,893,1293.0,0
shap_feature_selection_extratrees_p1_20260529_182607,G2_mg_molar_grade,MG Positive Molar Grade,5,894,1294.0,0
shap_feature_selection_extratrees_p1_20260529_182607,G2_mg_molar_grade,MG Positive Molar Grade,5,895,1295.0,0
shap_feature_selection_extratrees_p1_20260529_182607,G2_mg_molar_grade,MG Positive Molar Grade,5,896,1296.0,0
shap_feature_selection_extratrees_p1_20260529_182607,G2_mg_molar_grade,MG Positive Molar Grade,5,897,1297.0,0
shap_feature_selection_extratrees_p1_20260529_182607,G2_mg_molar_grade,MG Positive Molar Grade,5,898,1298.0,0
shap_feature_selection_extratrees_p1_20260529_182607,G2_mg_molar_grade,MG Positive Molar Grade,5,899,1299.0,0
shap_feature_selection_extratrees_p1_20260529_182607,G2_mg_molar_grade,MG Positive Molar Grade,5,900,1300.0,0
shap_feature_selection_extratrees_p1_20260529_182607,G2_mg_molar_grade,MG Positive Molar Grade,5,901,1301.0,0
shap_feature_selection_extratrees_p1_20260529_182607,G2_mg_molar_grade,MG Positive Molar Grade,5,902,1302.0,0
shap_feature_selection_extratrees_p1_20260529_182607,G2_mg_molar_grade,MG Positive Molar Grade,5,903,1303.0,0
shap_feature_selection_extratrees_p1_20260529_182607,G2_mg_molar_grade,MG Positive Molar Grade,5,904,1304.0,0
shap_feature_selection_extratrees_p1_20260529_182607,G2_mg_molar_grade,MG Positive Molar Grade,5,905,1305.0,0
shap_feature_selection_extratrees_p1_20260529_182607,G2_mg_molar_grade,MG Positive Molar Grade,5,906,1306.0,0
shap_feature_selection_extratrees_p1_20260529_182607,G2_mg_molar_grade,MG Positive Molar Grade,5,907,1307.0,0
shap_feature_selection_extratrees_p1_20260529_182607,G2_mg_molar_grade,MG Positive Molar Grade,5,908,1308.0,0
shap_feature_selection_extratrees_p1_20260529_182607,G2_mg_molar_grade,MG Positive Molar Grade,5,909,1309.0,0
shap_feature_selection_extratrees_p1_20260529_182607,G2_mg_molar_grade,MG Positive Molar Grade,5,910,1310.0,0
shap_feature_selection_extratrees_p1_20260529_182607,G2_mg_molar_grade,MG Positive Molar Grade,5,911,1311.0,0
shap_feature_selection_extratrees_p1_20260529_182607,G2_mg_molar_grade,MG Positive Molar Grade,5,912,1312.0,0
shap_feature_selection_extratrees_p1_20260529_182607,G2_mg_molar_grade,MG Positive Molar Grade,5,913,1313.0,0
shap_feature_selection_extratrees_p1_20260529_182607,G2_mg_molar_grade,MG Positive Molar Grade,5,914,1314.0,0
shap_feature_selection_extratrees_p1_20260529_182607,G2_mg_molar_grade,MG Positive Molar Grade,5,915,1315.0,0
shap_feature_selection_extratrees_p1_20260529_182607,G2_mg_molar_grade,MG Positive Molar Grade,5,916,1316.0,0
shap_feature_selection_extratrees_p1_20260529_182607,G2_mg_molar_grade,MG Positive Molar Grade,5,917,1317.0,0
shap_feature_selection_extratrees_p1_20260529_182607,G2_mg_molar_grade,MG Positive Molar Grade,5,918,1318.0,0
shap_feature_selection_extratrees_p1_20260529_182607,G2_mg_molar_grade,MG Positive Molar Grade,5,919,1319.0,0
shap_feature_selection_extratrees_p1_20260529_182607,G2_mg_molar_grade,MG Positive Molar Grade,5,920,1320.0,0
shap_feature_selection_extratrees_p1_20260529_182607,G2_mg_molar_grade,MG Positive Molar Grade,5,921,1321.0,0
shap_feature_selection_extratrees_p1_20260529_182607,G2_mg_molar_grade,MG Positive Molar Grade,5,922,1322.0,0
shap_feature_selection_extratrees_p1_20260529_182607,G2_mg_molar_grade,MG Positive Molar Grade,5,923,1323.0,0
shap_feature_selection_extratrees_p1_20260529_182607,G2_mg_molar_grade,MG Positive Molar Grade,5,924,1324.0,0
shap_feature_selection_extratrees_p1_20260529_182607,G2_mg_molar_grade,MG Positive Molar Grade,5,925,1325.0,0
shap_feature_selection_extratrees_p1_20260529_182607,G2_mg_molar_grade,MG Positive Molar Grade,5,926,1326.0,0
shap_feature_selection_extratrees_p1_20260529_182607,G2_mg_molar_grade,MG Positive Molar Grade,5,927,1327.0,0
shap_feature_selection_extratrees_p1_20260529_182607,G2_mg_molar_grade,MG Positive Molar Grade,5,928,1328.0,0
shap_feature_selection_extratrees_p1_20260529_182607,G2_mg_molar_grade,MG Positive Molar Grade,5,929,1329.0,0
shap_feature_selection_extratrees_p1_20260529_182607,G2_mg_molar_grade,MG Positive Molar Grade,5,930,1330.0,0
shap_feature_selection_extratrees_p1_20260529_182607,G2_mg_molar_grade,MG Positive Molar Grade,5,931,1331.0,0
shap_feature_selection_extratrees_p1_20260529_182607,G2_mg_molar_grade,MG Positive Molar Grade,5,932,1332.0,0
shap_feature_selection_extratrees_p1_20260529_182607,G2_mg_molar_grade,MG Positive Molar Grade,5,933,1333.0,0
shap_feature_selection_extratrees_p1_20260529_182607,G2_mg_molar_grade,MG Positive Molar Grade,5,934,1334.0,0
shap_feature_selection_extratrees_p1_20260529_182607,G2_mg_molar_grade,MG Positive Molar Grade,5,935,1335.0,0
shap_feature_selection_extratrees_p1_20260529_182607,G2_mg_molar_grade,MG Positive Molar Grade,5,936,1336.0,0
shap_feature_selection_extratrees_p1_20260529_182607,G2_mg_molar_grade,MG Positive Molar Grade,5,937,1337.0,0
shap_feature_selection_extratrees_p1_20260529_182607,G2_mg_molar_grade,MG Positive Molar Grade,5,938,1338.0,0
shap_feature_selection_extratrees_p1_20260529_182607,G2_mg_molar_grade,MG Positive Molar Grade,5,939,1339.0,0
shap_feature_selection_extratrees_p1_20260529_182607,G2_mg_molar_grade,MG Positive Molar Grade,5,940,1340.0,0
shap_feature_selection_extratrees_p1_20260529_182607,G2_mg_molar_grade,MG Positive Molar Grade,5,941,1341.0,0
shap_feature_selection_extratrees_p1_20260529_182607,G2_mg_molar_grade,MG Positive Molar Grade,5,942,1342.0,0
shap_feature_selection_extratrees_p1_20260529_182607,G2_mg_molar_grade,MG Positive Molar Grade,5,943,1343.0,0
shap_feature_selection_extratrees_p1_20260529_182607,G2_mg_molar_grade,MG Positive Molar Grade,5,944,1344.0,0
shap_feature_selection_extratrees_p1_20260529_182607,G2_mg_molar_grade,MG Positive Molar Grade,5,945,1345.0,0
shap_feature_selection_extratrees_p1_20260529_182607,G2_mg_molar_grade,MG Positive Molar Grade,5,946,1346.0,0
shap_feature_selection_extratrees_p1_20260529_182607,G2_mg_molar_grade,MG Positive Molar Grade,5,947,1347.0,0
shap_feature_selection_extratrees_p1_20260529_182607,G2_mg_molar_grade,MG Positive Molar Grade,5,948,1348.0,0
shap_feature_selection_extratrees_p1_20260529_182607,G2_mg_molar_grade,MG Positive Molar Grade,5,949,1349.0,0
shap_feature_selection_extratrees_p1_20260529_182607,G2_mg_molar_grade,MG Positive Molar Grade,5,950,1350.0,0
shap_feature_selection_extratrees_p1_20260529_182607,G2_mg_molar_grade,MG Positive Molar Grade,5,951,1351.0,0
shap_feature_selection_extratrees_p1_20260529_182607,G2_mg_molar_grade,MG Positive Molar Grade,5,952,1352.0,0
shap_feature_selection_extratrees_p1_20260529_182607,G2_mg_molar_grade,MG Positive Molar Grade,5,953,1353.0,0
shap_feature_selection_extratrees_p1_20260529_182607,G2_mg_molar_grade,MG Positive Molar Grade,5,954,1354.0,0
shap_feature_selection_extratrees_p1_20260529_182607,G2_mg_molar_grade,MG Positive Molar Grade,5,955,1355.0,0
shap_feature_selection_extratrees_p1_20260529_182607,G2_mg_molar_grade,MG Positive Molar Grade,5,956,1356.0,0
shap_feature_selection_extratrees_p1_20260529_182607,G2_mg_molar_grade,MG Positive Molar Grade,5,957,1357.0,0
shap_feature_selection_extratrees_p1_20260529_182607,G2_mg_molar_grade,MG Positive Molar Grade,5,958,1358.0,0
shap_feature_selection_extratrees_p1_20260529_182607,G2_mg_molar_grade,MG Positive Molar Grade,5,959,1359.0,0
shap_feature_selection_extratrees_p1_20260529_182607,G2_mg_molar_grade,MG Positive Molar Grade,5,960,1360.0,0
shap_feature_selection_extratrees_p1_20260529_182607,G2_mg_molar_grade,MG Positive Molar Grade,5,961,1361.0,0
shap_feature_selection_extratrees_p1_20260529_182607,G2_mg_molar_grade,MG Positive Molar Grade,5,962,1362.0,0
shap_feature_selection_extratrees_p1_20260529_182607,G2_mg_molar_grade,MG Positive Molar Grade,5,963,1363.0,0
shap_feature_selection_extratrees_p1_20260529_182607,G2_mg_molar_grade,MG Positive Molar Grade,5,964,1364.0,0
shap_feature_selection_extratrees_p1_20260529_182607,G2_mg_molar_grade,MG Positive Molar Grade,5,965,1365.0,0
shap_feature_selection_extratrees_p1_20260529_182607,G2_mg_molar_grade,MG Positive Molar Grade,5,966,1366.0,0
shap_feature_selection_extratrees_p1_20260529_182607,G2_mg_molar_grade,MG Positive Molar Grade,5,967,1367.0,0
shap_feature_selection_extratrees_p1_20260529_182607,G2_mg_molar_grade,MG Positive Molar Grade,5,968,1368.0,0
shap_feature_selection_extratrees_p1_20260529_182607,G2_mg_molar_grade,MG Positive Molar Grade,5,969,1369.0,0
shap_feature_selection_extratrees_p1_20260529_182607,G2_mg_molar_grade,MG Positive Molar Grade,5,970,1370.0,0
shap_feature_selection_extratrees_p1_20260529_182607,G2_mg_molar_grade,MG Positive Molar Grade,5,971,1371.0,0
shap_feature_selection_extratrees_p1_20260529_182607,G2_mg_molar_grade,MG Positive Molar Grade,5,972,1372.0,0
shap_feature_selection_extratrees_p1_20260529_182607,G2_mg_molar_grade,MG Positive Molar Grade,5,973,1373.0,0
shap_feature_selection_extratrees_p1_20260529_182607,G2_mg_molar_grade,MG Positive Molar Grade,5,974,1374.0,0
shap_feature_selection_extratrees_p1_20260529_182607,G2_mg_molar_grade,MG Positive Molar Grade,5,975,1375.0,0
shap_feature_selection_extratrees_p1_20260529_182607,G2_mg_molar_grade,MG Positive Molar Grade,5,976,1376.0,0
shap_feature_selection_extratrees_p1_20260529_182607,G2_mg_molar_grade,MG Positive Molar Grade,5,977,1377.0,0
shap_feature_selection_extratrees_p1_20260529_182607,G2_mg_molar_grade,MG Positive Molar Grade,5,978,1378.0,0
shap_feature_selection_extratrees_p1_20260529_182607,G2_mg_molar_grade,MG Positive Molar Grade,5,979,1379.0,0
shap_feature_selection_extratrees_p1_20260529_182607,G2_mg_molar_grade,MG Positive Molar Grade,5,980,1380.0,0
shap_feature_selection_extratrees_p1_20260529_182607,G2_mg_molar_grade,MG Positive Molar Grade,5,981,1381.0,0
shap_feature_selection_extratrees_p1_20260529_182607,G2_mg_molar_grade,MG Positive Molar Grade,5,982,1382.0,0
shap_feature_selection_extratrees_p1_20260529_182607,G2_mg_molar_grade,MG Positive Molar Grade,5,983,1383.0,0
shap_feature_selection_extratrees_p1_20260529_182607,G2_mg_molar_grade,MG Positive Molar Grade,5,984,1384.0,0
shap_feature_selection_extratrees_p1_20260529_182607,G2_mg_molar_grade,MG Positive Molar Grade,5,985,1385.0,0
shap_feature_selection_extratrees_p1_20260529_182607,G2_mg_molar_grade,MG Positive Molar Grade,5,986,1386.0,0
shap_feature_selection_extratrees_p1_20260529_182607,G2_mg_molar_grade,MG Positive Molar Grade,5,987,1387.0,0
shap_feature_selection_extratrees_p1_20260529_182607,G2_mg_molar_grade,MG Positive Molar Grade,5,988,1388.0,0
shap_feature_selection_extratrees_p1_20260529_182607,G2_mg_molar_grade,MG Positive Molar Grade,5,989,1389.0,0
shap_feature_selection_extratrees_p1_20260529_182607,G2_mg_molar_grade,MG Positive Molar Grade,5,990,1390.0,0
shap_feature_selection_extratrees_p1_20260529_182607,G2_mg_molar_grade,MG Positive Molar Grade,5,991,1391.0,0
shap_feature_selection_extratrees_p1_20260529_182607,G2_mg_molar_grade,MG Positive Molar Grade,5,992,1392.0,0
shap_feature_selection_extratrees_p1_20260529_182607,G2_mg_molar_grade,MG Positive Molar Grade,5,993,1393.0,0
shap_feature_selection_extratrees_p1_20260529_182607,G2_mg_molar_grade,MG Positive Molar Grade,5,994,1394.0,0
shap_feature_selection_extratrees_p1_20260529_182607,G2_mg_molar_grade,MG Positive Molar Grade,5,995,1395.0,0
shap_feature_selection_extratrees_p1_20260529_182607,G2_mg_molar_grade,MG Positive Molar Grade,5,996,1396.0,0
shap_feature_selection_extratrees_p1_20260529_182607,G2_mg_molar_grade,MG Positive Molar Grade,5,997,1397.0,0
shap_feature_selection_extratrees_p1_20260529_182607,G2_mg_molar_grade,MG Positive Molar Grade,5,998,1398.0,0
shap_feature_selection_extratrees_p1_20260529_182607,G2_mg_molar_grade,MG Positive Molar Grade,5,999,1399.0,0
shap_feature_selection_extratrees_p1_20260529_182607,G2_mg_molar_grade,MG Positive Molar Grade,5,1000,1400.0,0
shap_feature_selection_extratrees_p1_20260529_182607,G2_mg_molar_grade,MG Positive Molar Grade,5,1001,1401.0,0
shap_feature_selection_extratrees_p1_20260529_182607,G2_mg_molar_grade,MG Positive Molar Grade,5,1002,1402.0,0
shap_feature_selection_extratrees_p1_20260529_182607,G2_mg_molar_grade,MG Positive Molar Grade,5,1003,1403.0,0
shap_feature_selection_extratrees_p1_20260529_182607,G2_mg_molar_grade,MG Positive Molar Grade,5,1004,1404.0,0
shap_feature_selection_extratrees_p1_20260529_182607,G2_mg_molar_grade,MG Positive Molar Grade,5,1005,1405.0,0
shap_feature_selection_extratrees_p1_20260529_182607,G2_mg_molar_grade,MG Positive Molar Grade,5,1006,1406.0,0
shap_feature_selection_extratrees_p1_20260529_182607,G2_mg_molar_grade,MG Positive Molar Grade,5,1007,1407.0,0
shap_feature_selection_extratrees_p1_20260529_182607,G2_mg_molar_grade,MG Positive Molar Grade,5,1008,1408.0,0
shap_feature_selection_extratrees_p1_20260529_182607,G2_mg_molar_grade,MG Positive Molar Grade,5,1009,1409.0,0
shap_feature_selection_extratrees_p1_20260529_182607,G2_mg_molar_grade,MG Positive Molar Grade,5,1010,1410.0,0
shap_feature_selection_extratrees_p1_20260529_182607,G2_mg_molar_grade,MG Positive Molar Grade,5,1011,1411.0,0
shap_feature_selection_extratrees_p1_20260529_182607,G2_mg_molar_grade,MG Positive Molar Grade,5,1012,1412.0,0
shap_feature_selection_extratrees_p1_20260529_182607,G2_mg_molar_grade,MG Positive Molar Grade,5,1013,1413.0,0
shap_feature_selection_extratrees_p1_20260529_182607,G2_mg_molar_grade,MG Positive Molar Grade,5,1014,1414.0,0
shap_feature_selection_extratrees_p1_20260529_182607,G2_mg_molar_grade,MG Positive Molar Grade,5,1015,1415.0,0
shap_feature_selection_extratrees_p1_20260529_182607,G2_mg_molar_grade,MG Positive Molar Grade,5,1016,1416.0,0
shap_feature_selection_extratrees_p1_20260529_182607,G2_mg_molar_grade,MG Positive Molar Grade,5,1017,1417.0,0
shap_feature_selection_extratrees_p1_20260529_182607,G2_mg_molar_grade,MG Positive Molar Grade,5,1018,1418.0,0
shap_feature_selection_extratrees_p1_20260529_182607,G2_mg_molar_grade,MG Positive Molar Grade,5,1019,1419.0,1
shap_feature_selection_extratrees_p1_20260529_182607,G2_mg_molar_grade,MG Positive Molar Grade,5,1020,1420.0,0
shap_feature_selection_extratrees_p1_20260529_182607,G2_mg_molar_grade,MG Positive Molar Grade,5,1021,1421.0,0
shap_feature_selection_extratrees_p1_20260529_182607,G2_mg_molar_grade,MG Positive Molar Grade,5,1022,1422.0,1
shap_feature_selection_extratrees_p1_20260529_182607,G2_mg_molar_grade,MG Positive Molar Grade,5,1023,1423.0,1
shap_feature_selection_extratrees_p1_20260529_182607,G2_mg_molar_grade,MG Positive Molar Grade,5,1024,1424.0,0
shap_feature_selection_extratrees_p1_20260529_182607,G2_mg_molar_grade,MG Positive Molar Grade,5,1025,1425.0,1
shap_feature_selection_extratrees_p1_20260529_182607,G2_mg_molar_grade,MG Positive Molar Grade,5,1026,1426.0,0
shap_feature_selection_extratrees_p1_20260529_182607,G2_mg_molar_grade,MG Positive Molar Grade,5,1027,1427.0,0
shap_feature_selection_extratrees_p1_20260529_182607,G2_mg_molar_grade,MG Positive Molar Grade,5,1028,1428.0,0
shap_feature_selection_extratrees_p1_20260529_182607,G2_mg_molar_grade,MG Positive Molar Grade,5,1029,1429.0,0
shap_feature_selection_extratrees_p1_20260529_182607,G2_mg_molar_grade,MG Positive Molar Grade,5,1030,1430.0,0
shap_feature_selection_extratrees_p1_20260529_182607,G2_mg_molar_grade,MG Positive Molar Grade,5,1031,1431.0,0
shap_feature_selection_extratrees_p1_20260529_182607,G2_mg_molar_grade,MG Positive Molar Grade,5,1032,1432.0,0
shap_feature_selection_extratrees_p1_20260529_182607,G2_mg_molar_grade,MG Positive Molar Grade,5,1033,1433.0,0
shap_feature_selection_extratrees_p1_20260529_182607,G2_mg_molar_grade,MG Positive Molar Grade,5,1034,1434.0,0
shap_feature_selection_extratrees_p1_20260529_182607,G2_mg_molar_grade,MG Positive Molar Grade,5,1035,1435.0,0
shap_feature_selection_extratrees_p1_20260529_182607,G2_mg_molar_grade,MG Positive Molar Grade,5,1036,1436.0,0
shap_feature_selection_extratrees_p1_20260529_182607,G2_mg_molar_grade,MG Positive Molar Grade,5,1037,1437.0,0
shap_feature_selection_extratrees_p1_20260529_182607,G2_mg_molar_grade,MG Positive Molar Grade,5,1038,1438.0,0
shap_feature_selection_extratrees_p1_20260529_182607,G2_mg_molar_grade,MG Positive Molar Grade,5,1039,1439.0,0
shap_feature_selection_extratrees_p1_20260529_182607,G2_mg_molar_grade,MG Positive Molar Grade,5,1040,1440.0,0
shap_feature_selection_extratrees_p1_20260529_182607,G2_mg_molar_grade,MG Positive Molar Grade,5,1041,1441.0,0
shap_feature_selection_extratrees_p1_20260529_182607,G2_mg_molar_grade,MG Positive Molar Grade,5,1042,1442.0,0
shap_feature_selection_extratrees_p1_20260529_182607,G2_mg_molar_grade,MG Positive Molar Grade,5,1043,1443.0,0
shap_feature_selection_extratrees_p1_20260529_182607,G2_mg_molar_grade,MG Positive Molar Grade,5,1044,1444.0,0
shap_feature_selection_extratrees_p1_20260529_182607,G2_mg_molar_grade,MG Positive Molar Grade,5,1045,1445.0,0
shap_feature_selection_extratrees_p1_20260529_182607,G2_mg_molar_grade,MG Positive Molar Grade,5,1046,1446.0,0
shap_feature_selection_extratrees_p1_20260529_182607,G2_mg_molar_grade,MG Positive Molar Grade,5,1047,1447.0,0
shap_feature_selection_extratrees_p1_20260529_182607,G2_mg_molar_grade,MG Positive Molar Grade,5,1048,1448.0,0
shap_feature_selection_extratrees_p1_20260529_182607,G2_mg_molar_grade,MG Positive Molar Grade,5,1049,1449.0,0
shap_feature_selection_extratrees_p1_20260529_182607,G2_mg_molar_grade,MG Positive Molar Grade,5,1050,1450.0,0
shap_feature_selection_extratrees_p1_20260529_182607,G2_mg_molar_grade,MG Positive Molar Grade,5,1051,1451.0,0
shap_feature_selection_extratrees_p1_20260529_182607,G2_mg_molar_grade,MG Positive Molar Grade,5,1052,1452.0,0
shap_feature_selection_extratrees_p1_20260529_182607,G2_mg_molar_grade,MG Positive Molar Grade,5,1053,1453.0,0
shap_feature_selection_extratrees_p1_20260529_182607,G2_mg_molar_grade,MG Positive Molar Grade,5,1054,1454.0,0
shap_feature_selection_extratrees_p1_20260529_182607,G2_mg_molar_grade,MG Positive Molar Grade,5,1055,1455.0,0
shap_feature_selection_extratrees_p1_20260529_182607,G2_mg_molar_grade,MG Positive Molar Grade,5,1056,1456.0,0
shap_feature_selection_extratrees_p1_20260529_182607,G2_mg_molar_grade,MG Positive Molar Grade,5,1057,1457.0,0
shap_feature_selection_extratrees_p1_20260529_182607,G2_mg_molar_grade,MG Positive Molar Grade,5,1058,1458.0,0
shap_feature_selection_extratrees_p1_20260529_182607,G2_mg_molar_grade,MG Positive Molar Grade,5,1059,1459.0,0
shap_feature_selection_extratrees_p1_20260529_182607,G2_mg_molar_grade,MG Positive Molar Grade,5,1060,1460.0,0
shap_feature_selection_extratrees_p1_20260529_182607,G2_mg_molar_grade,MG Positive Molar Grade,5,1061,1461.0,0
shap_feature_selection_extratrees_p1_20260529_182607,G2_mg_molar_grade,MG Positive Molar Grade,5,1062,1462.0,0
shap_feature_selection_extratrees_p1_20260529_182607,G2_mg_molar_grade,MG Positive Molar Grade,5,1063,1463.0,0
shap_feature_selection_extratrees_p1_20260529_182607,G2_mg_molar_grade,MG Positive Molar Grade,5,1064,1464.0,0
shap_feature_selection_extratrees_p1_20260529_182607,G2_mg_molar_grade,MG Positive Molar Grade,5,1065,1465.0,0
shap_feature_selection_extratrees_p1_20260529_182607,G2_mg_molar_grade,MG Positive Molar Grade,5,1066,1466.0,0
shap_feature_selection_extratrees_p1_20260529_182607,G2_mg_molar_grade,MG Positive Molar Grade,5,1067,1467.0,0
shap_feature_selection_extratrees_p1_20260529_182607,G2_mg_molar_grade,MG Positive Molar Grade,5,1068,1468.0,0
shap_feature_selection_extratrees_p1_20260529_182607,G2_mg_molar_grade,MG Positive Molar Grade,5,1069,1469.0,0
shap_feature_selection_extratrees_p1_20260529_182607,G2_mg_molar_grade,MG Positive Molar Grade,5,1070,1470.0,0
shap_feature_selection_extratrees_p1_20260529_182607,G2_mg_molar_grade,MG Positive Molar Grade,5,1071,1471.0,0
shap_feature_selection_extratrees_p1_20260529_182607,G2_mg_molar_grade,MG Positive Molar Grade,5,1072,1472.0,0
shap_feature_selection_extratrees_p1_20260529_182607,G2_mg_molar_grade,MG Positive Molar Grade,5,1073,1473.0,0
shap_feature_selection_extratrees_p1_20260529_182607,G2_mg_molar_grade,MG Positive Molar Grade,5,1074,1474.0,0
shap_feature_selection_extratrees_p1_20260529_182607,G2_mg_molar_grade,MG Positive Molar Grade,5,1075,1475.0,0
shap_feature_selection_extratrees_p1_20260529_182607,G2_mg_molar_grade,MG Positive Molar Grade,5,1076,1476.0,0
shap_feature_selection_extratrees_p1_20260529_182607,G2_mg_molar_grade,MG Positive Molar Grade,5,1077,1477.0,0
shap_feature_selection_extratrees_p1_20260529_182607,G2_mg_molar_grade,MG Positive Molar Grade,5,1078,1478.0,0
shap_feature_selection_extratrees_p1_20260529_182607,G2_mg_molar_grade,MG Positive Molar Grade,5,1079,1479.0,0
shap_feature_selection_extratrees_p1_20260529_182607,G2_mg_molar_grade,MG Positive Molar Grade,5,1080,1480.0,0
shap_feature_selection_extratrees_p1_20260529_182607,G2_mg_molar_grade,MG Positive Molar Grade,5,1081,1481.0,0
shap_feature_selection_extratrees_p1_20260529_182607,G2_mg_molar_grade,MG Positive Molar Grade,5,1082,1482.0,0
shap_feature_selection_extratrees_p1_20260529_182607,G2_mg_molar_grade,MG Positive Molar Grade,5,1083,1483.0,0
shap_feature_selection_extratrees_p1_20260529_182607,G2_mg_molar_grade,MG Positive Molar Grade,5,1084,1484.0,0
shap_feature_selection_extratrees_p1_20260529_182607,G2_mg_molar_grade,MG Positive Molar Grade,5,1085,1485.0,0
shap_feature_selection_extratrees_p1_20260529_182607,G2_mg_molar_grade,MG Positive Molar Grade,5,1086,1486.0,0
shap_feature_selection_extratrees_p1_20260529_182607,G2_mg_molar_grade,MG Positive Molar Grade,5,1087,1487.0,0
shap_feature_selection_extratrees_p1_20260529_182607,G2_mg_molar_grade,MG Positive Molar Grade,5,1088,1488.0,0
shap_feature_selection_extratrees_p1_20260529_182607,G2_mg_molar_grade,MG Positive Molar Grade,5,1089,1489.0,0
shap_feature_selection_extratrees_p1_20260529_182607,G2_mg_molar_grade,MG Positive Molar Grade,5,1090,1490.0,0
shap_feature_selection_extratrees_p1_20260529_182607,G2_mg_molar_grade,MG Positive Molar Grade,5,1091,1491.0,0
shap_feature_selection_extratrees_p1_20260529_182607,G2_mg_molar_grade,MG Positive Molar Grade,5,1092,1492.0,0
shap_feature_selection_extratrees_p1_20260529_182607,G2_mg_molar_grade,MG Positive Molar Grade,5,1093,1493.0,0
shap_feature_selection_extratrees_p1_20260529_182607,G2_mg_molar_grade,MG Positive Molar Grade,5,1094,1494.0,0
shap_feature_selection_extratrees_p1_20260529_182607,G2_mg_molar_grade,MG Positive Molar Grade,5,1095,1495.0,0
shap_feature_selection_extratrees_p1_20260529_182607,G2_mg_molar_grade,MG Positive Molar Grade,5,1096,1496.0,0
shap_feature_selection_extratrees_p1_20260529_182607,G2_mg_molar_grade,MG Positive Molar Grade,5,1097,1497.0,0
shap_feature_selection_extratrees_p1_20260529_182607,G2_mg_molar_grade,MG Positive Molar Grade,5,1098,1498.0,0
shap_feature_selection_extratrees_p1_20260529_182607,G2_mg_molar_grade,MG Positive Molar Grade,5,1099,1499.0,0
shap_feature_selection_extratrees_p1_20260529_182607,G2_mg_molar_grade,MG Positive Molar Grade,5,1100,1500.0,0
shap_feature_selection_extratrees_p1_20260529_182607,G2_mg_molar_grade,MG Positive Molar Grade,5,1101,1501.0,0
shap_feature_selection_extratrees_p1_20260529_182607,G2_mg_molar_grade,MG Positive Molar Grade,5,1102,1502.0,0
shap_feature_selection_extratrees_p1_20260529_182607,G2_mg_molar_grade,MG Positive Molar Grade,5,1103,1503.0,0
shap_feature_selection_extratrees_p1_20260529_182607,G2_mg_molar_grade,MG Positive Molar Grade,5,1104,1504.0,0
shap_feature_selection_extratrees_p1_20260529_182607,G2_mg_molar_grade,MG Positive Molar Grade,5,1105,1505.0,0
shap_feature_selection_extratrees_p1_20260529_182607,G2_mg_molar_grade,MG Positive Molar Grade,5,1106,1506.0,0
shap_feature_selection_extratrees_p1_20260529_182607,G2_mg_molar_grade,MG Positive Molar Grade,5,1107,1507.0,0
shap_feature_selection_extratrees_p1_20260529_182607,G2_mg_molar_grade,MG Positive Molar Grade,5,1108,1508.0,0
shap_feature_selection_extratrees_p1_20260529_182607,G2_mg_molar_grade,MG Positive Molar Grade,5,1109,1509.0,0
shap_feature_selection_extratrees_p1_20260529_182607,G2_mg_molar_grade,MG Positive Molar Grade,5,1110,1510.0,0
shap_feature_selection_extratrees_p1_20260529_182607,G2_mg_molar_grade,MG Positive Molar Grade,5,1111,1511.0,0
shap_feature_selection_extratrees_p1_20260529_182607,G2_mg_molar_grade,MG Positive Molar Grade,5,1112,1512.0,0
shap_feature_selection_extratrees_p1_20260529_182607,G2_mg_molar_grade,MG Positive Molar Grade,5,1113,1513.0,0
shap_feature_selection_extratrees_p1_20260529_182607,G2_mg_molar_grade,MG Positive Molar Grade,5,1114,1514.0,0
shap_feature_selection_extratrees_p1_20260529_182607,G2_mg_molar_grade,MG Positive Molar Grade,5,1115,1515.0,0
shap_feature_selection_extratrees_p1_20260529_182607,G2_mg_molar_grade,MG Positive Molar Grade,5,1116,1516.0,0
shap_feature_selection_extratrees_p1_20260529_182607,G2_mg_molar_grade,MG Positive Molar Grade,5,1117,1517.0,0
shap_feature_selection_extratrees_p1_20260529_182607,G2_mg_molar_grade,MG Positive Molar Grade,5,1118,1518.0,0
shap_feature_selection_extratrees_p1_20260529_182607,G2_mg_molar_grade,MG Positive Molar Grade,5,1119,1519.0,0
shap_feature_selection_extratrees_p1_20260529_182607,G2_mg_molar_grade,MG Positive Molar Grade,5,1120,1520.0,0
shap_feature_selection_extratrees_p1_20260529_182607,G2_mg_molar_grade,MG Positive Molar Grade,5,1121,1521.0,0
shap_feature_selection_extratrees_p1_20260529_182607,G2_mg_molar_grade,MG Positive Molar Grade,5,1122,1522.0,0
shap_feature_selection_extratrees_p1_20260529_182607,G2_mg_molar_grade,MG Positive Molar Grade,5,1123,1523.0,0
shap_feature_selection_extratrees_p1_20260529_182607,G2_mg_molar_grade,MG Positive Molar Grade,5,1124,1524.0,0
shap_feature_selection_extratrees_p1_20260529_182607,G2_mg_molar_grade,MG Positive Molar Grade,5,1125,1525.0,0
shap_feature_selection_extratrees_p1_20260529_182607,G2_mg_molar_grade,MG Positive Molar Grade,5,1126,1526.0,0
shap_feature_selection_extratrees_p1_20260529_182607,G2_mg_molar_grade,MG Positive Molar Grade,5,1127,1527.0,0
shap_feature_selection_extratrees_p1_20260529_182607,G2_mg_molar_grade,MG Positive Molar Grade,5,1128,1528.0,0
shap_feature_selection_extratrees_p1_20260529_182607,G2_mg_molar_grade,MG Positive Molar Grade,5,1129,1529.0,0
shap_feature_selection_extratrees_p1_20260529_182607,G2_mg_molar_grade,MG Positive Molar Grade,5,1130,1530.0,0
shap_feature_selection_extratrees_p1_20260529_182607,G2_mg_molar_grade,MG Positive Molar Grade,5,1131,1531.0,0
shap_feature_selection_extratrees_p1_20260529_182607,G2_mg_molar_grade,MG Positive Molar Grade,5,1132,1532.0,0
shap_feature_selection_extratrees_p1_20260529_182607,G2_mg_molar_grade,MG Positive Molar Grade,5,1133,1533.0,0
shap_feature_selection_extratrees_p1_20260529_182607,G2_mg_molar_grade,MG Positive Molar Grade,5,1134,1534.0,0
shap_feature_selection_extratrees_p1_20260529_182607,G2_mg_molar_grade,MG Positive Molar Grade,5,1135,1535.0,0
shap_feature_selection_extratrees_p1_20260529_182607,G2_mg_molar_grade,MG Positive Molar Grade,5,1136,1536.0,0
shap_feature_selection_extratrees_p1_20260529_182607,G2_mg_molar_grade,MG Positive Molar Grade,5,1137,1537.0,0
shap_feature_selection_extratrees_p1_20260529_182607,G2_mg_molar_grade,MG Positive Molar Grade,5,1138,1538.0,0
shap_feature_selection_extratrees_p1_20260529_182607,G2_mg_molar_grade,MG Positive Molar Grade,5,1139,1539.0,0
shap_feature_selection_extratrees_p1_20260529_182607,G2_mg_molar_grade,MG Positive Molar Grade,5,1140,1540.0,0
shap_feature_selection_extratrees_p1_20260529_182607,G2_mg_molar_grade,MG Positive Molar Grade,5,1141,1541.0,0
shap_feature_selection_extratrees_p1_20260529_182607,G2_mg_molar_grade,MG Positive Molar Grade,5,1142,1542.0,0
shap_feature_selection_extratrees_p1_20260529_182607,G2_mg_molar_grade,MG Positive Molar Grade,5,1143,1543.0,0
shap_feature_selection_extratrees_p1_20260529_182607,G2_mg_molar_grade,MG Positive Molar Grade,5,1144,1544.0,0
shap_feature_selection_extratrees_p1_20260529_182607,G2_mg_molar_grade,MG Positive Molar Grade,5,1145,1545.0,0
shap_feature_selection_extratrees_p1_20260529_182607,G2_mg_molar_grade,MG Positive Molar Grade,5,1146,1546.0,0
shap_feature_selection_extratrees_p1_20260529_182607,G2_mg_molar_grade,MG Positive Molar Grade,5,1147,1547.0,0
shap_feature_selection_extratrees_p1_20260529_182607,G2_mg_molar_grade,MG Positive Molar Grade,5,1148,1548.0,0
shap_feature_selection_extratrees_p1_20260529_182607,G2_mg_molar_grade,MG Positive Molar Grade,5,1149,1549.0,0
shap_feature_selection_extratrees_p1_20260529_182607,G2_mg_molar_grade,MG Positive Molar Grade,5,1150,1550.0,0
shap_feature_selection_extratrees_p1_20260529_182607,G2_mg_molar_grade,MG Positive Molar Grade,5,1151,1551.0,0
shap_feature_selection_extratrees_p1_20260529_182607,G2_mg_molar_grade,MG Positive Molar Grade,5,1152,1552.0,0
shap_feature_selection_extratrees_p1_20260529_182607,G2_mg_molar_grade,MG Positive Molar Grade,5,1153,1553.0,0
shap_feature_selection_extratrees_p1_20260529_182607,G2_mg_molar_grade,MG Positive Molar Grade,5,1154,1554.0,0
shap_feature_selection_extratrees_p1_20260529_182607,G2_mg_molar_grade,MG Positive Molar Grade,5,1155,1555.0,0
shap_feature_selection_extratrees_p1_20260529_182607,G2_mg_molar_grade,MG Positive Molar Grade,5,1156,1556.0,0
shap_feature_selection_extratrees_p1_20260529_182607,G2_mg_molar_grade,MG Positive Molar Grade,5,1157,1557.0,0
shap_feature_selection_extratrees_p1_20260529_182607,G2_mg_molar_grade,MG Positive Molar Grade,5,1158,1558.0,0
shap_feature_selection_extratrees_p1_20260529_182607,G2_mg_molar_grade,MG Positive Molar Grade,5,1159,1559.0,0
shap_feature_selection_extratrees_p1_20260529_182607,G2_mg_molar_grade,MG Positive Molar Grade,5,1160,1560.0,0
shap_feature_selection_extratrees_p1_20260529_182607,G2_mg_molar_grade,MG Positive Molar Grade,5,1161,1561.0,0
shap_feature_selection_extratrees_p1_20260529_182607,G2_mg_molar_grade,MG Positive Molar Grade,5,1162,1562.0,0
shap_feature_selection_extratrees_p1_20260529_182607,G2_mg_molar_grade,MG Positive Molar Grade,5,1163,1563.0,0
shap_feature_selection_extratrees_p1_20260529_182607,G2_mg_molar_grade,MG Positive Molar Grade,5,1164,1564.0,0
shap_feature_selection_extratrees_p1_20260529_182607,G2_mg_molar_grade,MG Positive Molar Grade,5,1165,1565.0,0
shap_feature_selection_extratrees_p1_20260529_182607,G2_mg_molar_grade,MG Positive Molar Grade,5,1166,1566.0,0
shap_feature_selection_extratrees_p1_20260529_182607,G2_mg_molar_grade,MG Positive Molar Grade,5,1167,1567.0,0
shap_feature_selection_extratrees_p1_20260529_182607,G2_mg_molar_grade,MG Positive Molar Grade,5,1168,1568.0,0
shap_feature_selection_extratrees_p1_20260529_182607,G2_mg_molar_grade,MG Positive Molar Grade,5,1169,1569.0,0
shap_feature_selection_extratrees_p1_20260529_182607,G2_mg_molar_grade,MG Positive Molar Grade,5,1170,1570.0,0
shap_feature_selection_extratrees_p1_20260529_182607,G2_mg_molar_grade,MG Positive Molar Grade,5,1171,1571.0,0
shap_feature_selection_extratrees_p1_20260529_182607,G2_mg_molar_grade,MG Positive Molar Grade,5,1172,1572.0,0
shap_feature_selection_extratrees_p1_20260529_182607,G2_mg_molar_grade,MG Positive Molar Grade,5,1173,1573.0,0
shap_feature_selection_extratrees_p1_20260529_182607,G2_mg_molar_grade,MG Positive Molar Grade,5,1174,1574.0,0
shap_feature_selection_extratrees_p1_20260529_182607,G2_mg_molar_grade,MG Positive Molar Grade,5,1175,1575.0,0
shap_feature_selection_extratrees_p1_20260529_182607,G2_mg_molar_grade,MG Positive Molar Grade,5,1176,1576.0,0
shap_feature_selection_extratrees_p1_20260529_182607,G2_mg_molar_grade,MG Positive Molar Grade,5,1177,1577.0,0
shap_feature_selection_extratrees_p1_20260529_182607,G2_mg_molar_grade,MG Positive Molar Grade,5,1178,1578.0,0
shap_feature_selection_extratrees_p1_20260529_182607,G2_mg_molar_grade,MG Positive Molar Grade,5,1179,1579.0,0
shap_feature_selection_extratrees_p1_20260529_182607,G2_mg_molar_grade,MG Positive Molar Grade,5,1180,1580.0,0
shap_feature_selection_extratrees_p1_20260529_182607,G2_mg_molar_grade,MG Positive Molar Grade,5,1181,1581.0,0
shap_feature_selection_extratrees_p1_20260529_182607,G2_mg_molar_grade,MG Positive Molar Grade,5,1182,1582.0,0
shap_feature_selection_extratrees_p1_20260529_182607,G2_mg_molar_grade,MG Positive Molar Grade,5,1183,1583.0,0
shap_feature_selection_extratrees_p1_20260529_182607,G2_mg_molar_grade,MG Positive Molar Grade,5,1184,1584.0,0
shap_feature_selection_extratrees_p1_20260529_182607,G2_mg_molar_grade,MG Positive Molar Grade,5,1185,1585.0,0
shap_feature_selection_extratrees_p1_20260529_182607,G2_mg_molar_grade,MG Positive Molar Grade,5,1186,1586.0,0
shap_feature_selection_extratrees_p1_20260529_182607,G2_mg_molar_grade,MG Positive Molar Grade,5,1187,1587.0,0
shap_feature_selection_extratrees_p1_20260529_182607,G2_mg_molar_grade,MG Positive Molar Grade,5,1188,1588.0,0
shap_feature_selection_extratrees_p1_20260529_182607,G2_mg_molar_grade,MG Positive Molar Grade,5,1189,1589.0,0
shap_feature_selection_extratrees_p1_20260529_182607,G2_mg_molar_grade,MG Positive Molar Grade,5,1190,1590.0,0
shap_feature_selection_extratrees_p1_20260529_182607,G2_mg_molar_grade,MG Positive Molar Grade,5,1191,1591.0,0
shap_feature_selection_extratrees_p1_20260529_182607,G2_mg_molar_grade,MG Positive Molar Grade,5,1192,1592.0,0
shap_feature_selection_extratrees_p1_20260529_182607,G2_mg_molar_grade,MG Positive Molar Grade,5,1193,1593.0,0
shap_feature_selection_extratrees_p1_20260529_182607,G2_mg_molar_grade,MG Positive Molar Grade,5,1194,1594.0,0
shap_feature_selection_extratrees_p1_20260529_182607,G2_mg_molar_grade,MG Positive Molar Grade,5,1195,1595.0,0
shap_feature_selection_extratrees_p1_20260529_182607,G2_mg_molar_grade,MG Positive Molar Grade,5,1196,1596.0,0
shap_feature_selection_extratrees_p1_20260529_182607,G2_mg_molar_grade,MG Positive Molar Grade,5,1197,1597.0,0
shap_feature_selection_extratrees_p1_20260529_182607,G2_mg_molar_grade,MG Positive Molar Grade,5,1198,1598.0,0
shap_feature_selection_extratrees_p1_20260529_182607,G2_mg_molar_grade,MG Positive Molar Grade,5,1199,1599.0,0
shap_feature_selection_extratrees_p1_20260529_182607,G2_mg_molar_grade,MG Positive Molar Grade,5,1200,1600.0,0
shap_feature_selection_extratrees_p1_20260529_182607,G2_mg_molar_grade,MG Positive Molar Grade,5,1201,1601.0,0
shap_feature_selection_extratrees_p1_20260529_182607,G2_mg_molar_grade,MG Positive Molar Grade,5,1202,1602.0,0
shap_feature_selection_extratrees_p1_20260529_182607,G2_mg_molar_grade,MG Positive Molar Grade,5,1203,1603.0,0
shap_feature_selection_extratrees_p1_20260529_182607,G2_mg_molar_grade,MG Positive Molar Grade,5,1204,1604.0,0
shap_feature_selection_extratrees_p1_20260529_182607,G2_mg_molar_grade,MG Positive Molar Grade,5,1205,1605.0,0
shap_feature_selection_extratrees_p1_20260529_182607,G2_mg_molar_grade,MG Positive Molar Grade,5,1206,1606.0,1
shap_feature_selection_extratrees_p1_20260529_182607,G2_mg_molar_grade,MG Positive Molar Grade,5,1207,1607.0,1
shap_feature_selection_extratrees_p1_20260529_182607,G2_mg_molar_grade,MG Positive Molar Grade,5,1208,1608.0,1
shap_feature_selection_extratrees_p1_20260529_182607,G2_mg_molar_grade,MG Positive Molar Grade,5,1209,1609.0,0
shap_feature_selection_extratrees_p1_20260529_182607,G2_mg_molar_grade,MG Positive Molar Grade,5,1210,1610.0,0
shap_feature_selection_extratrees_p1_20260529_182607,G2_mg_molar_grade,MG Positive Molar Grade,5,1211,1611.0,0
shap_feature_selection_extratrees_p1_20260529_182607,G2_mg_molar_grade,MG Positive Molar Grade,5,1212,1612.0,0
shap_feature_selection_extratrees_p1_20260529_182607,G2_mg_molar_grade,MG Positive Molar Grade,5,1213,1613.0,0
shap_feature_selection_extratrees_p1_20260529_182607,G2_mg_molar_grade,MG Positive Molar Grade,5,1214,1614.0,0
shap_feature_selection_extratrees_p1_20260529_182607,G2_mg_molar_grade,MG Positive Molar Grade,5,1215,1615.0,0
shap_feature_selection_extratrees_p1_20260529_182607,G2_mg_molar_grade,MG Positive Molar Grade,5,1216,1616.0,0
shap_feature_selection_extratrees_p1_20260529_182607,G2_mg_molar_grade,MG Positive Molar Grade,5,1217,1617.0,0
shap_feature_selection_extratrees_p1_20260529_182607,G2_mg_molar_grade,MG Positive Molar Grade,5,1218,1618.0,0
shap_feature_selection_extratrees_p1_20260529_182607,G2_mg_molar_grade,MG Positive Molar Grade,5,1219,1619.0,0
shap_feature_selection_extratrees_p1_20260529_182607,G2_mg_molar_grade,MG Positive Molar Grade,5,1220,1620.0,0
shap_feature_selection_extratrees_p1_20260529_182607,G2_mg_molar_grade,MG Positive Molar Grade,5,1221,1621.0,0
shap_feature_selection_extratrees_p1_20260529_182607,G2_mg_molar_grade,MG Positive Molar Grade,5,1222,1622.0,0
shap_feature_selection_extratrees_p1_20260529_182607,G2_mg_molar_grade,MG Positive Molar Grade,5,1223,1623.0,0
shap_feature_selection_extratrees_p1_20260529_182607,G2_mg_molar_grade,MG Positive Molar Grade,5,1224,1624.0,0
shap_feature_selection_extratrees_p1_20260529_182607,G2_mg_molar_grade,MG Positive Molar Grade,5,1225,1625.0,0
shap_feature_selection_extratrees_p1_20260529_182607,G2_mg_molar_grade,MG Positive Molar Grade,5,1226,1626.0,0
shap_feature_selection_extratrees_p1_20260529_182607,G2_mg_molar_grade,MG Positive Molar Grade,5,1227,1627.0,0
shap_feature_selection_extratrees_p1_20260529_182607,G2_mg_molar_grade,MG Positive Molar Grade,5,1228,1628.0,0
shap_feature_selection_extratrees_p1_20260529_182607,G2_mg_molar_grade,MG Positive Molar Grade,5,1229,1629.0,0
shap_feature_selection_extratrees_p1_20260529_182607,G2_mg_molar_grade,MG Positive Molar Grade,5,1230,1630.0,0
shap_feature_selection_extratrees_p1_20260529_182607,G2_mg_molar_grade,MG Positive Molar Grade,5,1231,1631.0,0
shap_feature_selection_extratrees_p1_20260529_182607,G2_mg_molar_grade,MG Positive Molar Grade,5,1232,1632.0,0
shap_feature_selection_extratrees_p1_20260529_182607,G2_mg_molar_grade,MG Positive Molar Grade,5,1233,1633.0,0
shap_feature_selection_extratrees_p1_20260529_182607,G2_mg_molar_grade,MG Positive Molar Grade,5,1234,1634.0,0
shap_feature_selection_extratrees_p1_20260529_182607,G2_mg_molar_grade,MG Positive Molar Grade,5,1235,1635.0,0
shap_feature_selection_extratrees_p1_20260529_182607,G2_mg_molar_grade,MG Positive Molar Grade,5,1236,1636.0,0
shap_feature_selection_extratrees_p1_20260529_182607,G2_mg_molar_grade,MG Positive Molar Grade,5,1237,1637.0,0
shap_feature_selection_extratrees_p1_20260529_182607,G2_mg_molar_grade,MG Positive Molar Grade,5,1238,1638.0,0
shap_feature_selection_extratrees_p1_20260529_182607,G2_mg_molar_grade,MG Positive Molar Grade,5,1239,1639.0,0
shap_feature_selection_extratrees_p1_20260529_182607,G2_mg_molar_grade,MG Positive Molar Grade,5,1240,1640.0,0
shap_feature_selection_extratrees_p1_20260529_182607,G2_mg_molar_grade,MG Positive Molar Grade,5,1241,1641.0,0
shap_feature_selection_extratrees_p1_20260529_182607,G2_mg_molar_grade,MG Positive Molar Grade,5,1242,1642.0,0
shap_feature_selection_extratrees_p1_20260529_182607,G2_mg_molar_grade,MG Positive Molar Grade,5,1243,1643.0,0
shap_feature_selection_extratrees_p1_20260529_182607,G2_mg_molar_grade,MG Positive Molar Grade,5,1244,1644.0,0
shap_feature_selection_extratrees_p1_20260529_182607,G2_mg_molar_grade,MG Positive Molar Grade,5,1245,1645.0,0
shap_feature_selection_extratrees_p1_20260529_182607,G2_mg_molar_grade,MG Positive Molar Grade,5,1246,1646.0,0
shap_feature_selection_extratrees_p1_20260529_182607,G2_mg_molar_grade,MG Positive Molar Grade,5,1247,1647.0,0
shap_feature_selection_extratrees_p1_20260529_182607,G2_mg_molar_grade,MG Positive Molar Grade,5,1248,1648.0,0
shap_feature_selection_extratrees_p1_20260529_182607,G2_mg_molar_grade,MG Positive Molar Grade,5,1249,1649.0,0
shap_feature_selection_extratrees_p1_20260529_182607,G2_mg_molar_grade,MG Positive Molar Grade,5,1250,1650.0,0
shap_feature_selection_extratrees_p1_20260529_182607,G2_mg_molar_grade,MG Positive Molar Grade,5,1251,1651.0,0
shap_feature_selection_extratrees_p1_20260529_182607,G2_mg_molar_grade,MG Positive Molar Grade,5,1252,1652.0,0
shap_feature_selection_extratrees_p1_20260529_182607,G2_mg_molar_grade,MG Positive Molar Grade,5,1253,1653.0,0
shap_feature_selection_extratrees_p1_20260529_182607,G2_mg_molar_grade,MG Positive Molar Grade,5,1254,1654.0,0
shap_feature_selection_extratrees_p1_20260529_182607,G2_mg_molar_grade,MG Positive Molar Grade,5,1255,1655.0,0
shap_feature_selection_extratrees_p1_20260529_182607,G2_mg_molar_grade,MG Positive Molar Grade,5,1256,1656.0,1
shap_feature_selection_extratrees_p1_20260529_182607,G2_mg_molar_grade,MG Positive Molar Grade,5,1257,1657.0,0
shap_feature_selection_extratrees_p1_20260529_182607,G2_mg_molar_grade,MG Positive Molar Grade,5,1258,1658.0,0
shap_feature_selection_extratrees_p1_20260529_182607,G2_mg_molar_grade,MG Positive Molar Grade,5,1259,1659.0,0
shap_feature_selection_extratrees_p1_20260529_182607,G2_mg_molar_grade,MG Positive Molar Grade,5,1260,1660.0,0
shap_feature_selection_extratrees_p1_20260529_182607,G2_mg_molar_grade,MG Positive Molar Grade,5,1261,1661.0,0
shap_feature_selection_extratrees_p1_20260529_182607,G2_mg_molar_grade,MG Positive Molar Grade,5,1262,1662.0,0
shap_feature_selection_extratrees_p1_20260529_182607,G2_mg_molar_grade,MG Positive Molar Grade,5,1263,1663.0,0
shap_feature_selection_extratrees_p1_20260529_182607,G2_mg_molar_grade,MG Positive Molar Grade,5,1264,1664.0,0
shap_feature_selection_extratrees_p1_20260529_182607,G2_mg_molar_grade,MG Positive Molar Grade,5,1265,1665.0,0
shap_feature_selection_extratrees_p1_20260529_182607,G2_mg_molar_grade,MG Positive Molar Grade,5,1266,1666.0,0
shap_feature_selection_extratrees_p1_20260529_182607,G2_mg_molar_grade,MG Positive Molar Grade,5,1267,1667.0,0
shap_feature_selection_extratrees_p1_20260529_182607,G2_mg_molar_grade,MG Positive Molar Grade,5,1268,1668.0,0
shap_feature_selection_extratrees_p1_20260529_182607,G2_mg_molar_grade,MG Positive Molar Grade,5,1269,1669.0,0
shap_feature_selection_extratrees_p1_20260529_182607,G2_mg_molar_grade,MG Positive Molar Grade,5,1270,1670.0,0
shap_feature_selection_extratrees_p1_20260529_182607,G2_mg_molar_grade,MG Positive Molar Grade,5,1271,1671.0,0
shap_feature_selection_extratrees_p1_20260529_182607,G2_mg_molar_grade,MG Positive Molar Grade,5,1272,1672.0,0
shap_feature_selection_extratrees_p1_20260529_182607,G2_mg_molar_grade,MG Positive Molar Grade,5,1273,1673.0,0
shap_feature_selection_extratrees_p1_20260529_182607,G2_mg_molar_grade,MG Positive Molar Grade,5,1274,1674.0,0
shap_feature_selection_extratrees_p1_20260529_182607,G2_mg_molar_grade,MG Positive Molar Grade,5,1275,1675.0,0
shap_feature_selection_extratrees_p1_20260529_182607,G2_mg_molar_grade,MG Positive Molar Grade,5,1276,1676.0,0
shap_feature_selection_extratrees_p1_20260529_182607,G2_mg_molar_grade,MG Positive Molar Grade,5,1277,1677.0,0
shap_feature_selection_extratrees_p1_20260529_182607,G2_mg_molar_grade,MG Positive Molar Grade,5,1278,1678.0,0
shap_feature_selection_extratrees_p1_20260529_182607,G2_mg_molar_grade,MG Positive Molar Grade,5,1279,1679.0,0
shap_feature_selection_extratrees_p1_20260529_182607,G2_mg_molar_grade,MG Positive Molar Grade,5,1280,1680.0,0
shap_feature_selection_extratrees_p1_20260529_182607,G2_mg_molar_grade,MG Positive Molar Grade,5,1281,1681.0,0
shap_feature_selection_extratrees_p1_20260529_182607,G2_mg_molar_grade,MG Positive Molar Grade,5,1282,1682.0,0
shap_feature_selection_extratrees_p1_20260529_182607,G2_mg_molar_grade,MG Positive Molar Grade,5,1283,1683.0,0
shap_feature_selection_extratrees_p1_20260529_182607,G2_mg_molar_grade,MG Positive Molar Grade,5,1284,1684.0,0
shap_feature_selection_extratrees_p1_20260529_182607,G2_mg_molar_grade,MG Positive Molar Grade,5,1285,1685.0,0
shap_feature_selection_extratrees_p1_20260529_182607,G2_mg_molar_grade,MG Positive Molar Grade,5,1286,1686.0,0
shap_feature_selection_extratrees_p1_20260529_182607,G2_mg_molar_grade,MG Positive Molar Grade,5,1287,1687.0,0
shap_feature_selection_extratrees_p1_20260529_182607,G2_mg_molar_grade,MG Positive Molar Grade,5,1288,1688.0,0
shap_feature_selection_extratrees_p1_20260529_182607,G2_mg_molar_grade,MG Positive Molar Grade,5,1289,1689.0,0
shap_feature_selection_extratrees_p1_20260529_182607,G2_mg_molar_grade,MG Positive Molar Grade,5,1290,1690.0,0
shap_feature_selection_extratrees_p1_20260529_182607,G2_mg_molar_grade,MG Positive Molar Grade,5,1291,1691.0,0
shap_feature_selection_extratrees_p1_20260529_182607,G2_mg_molar_grade,MG Positive Molar Grade,5,1292,1692.0,0
shap_feature_selection_extratrees_p1_20260529_182607,G2_mg_molar_grade,MG Positive Molar Grade,5,1293,1693.0,0
shap_feature_selection_extratrees_p1_20260529_182607,G2_mg_molar_grade,MG Positive Molar Grade,5,1294,1694.0,0
shap_feature_selection_extratrees_p1_20260529_182607,G2_mg_molar_grade,MG Positive Molar Grade,5,1295,1695.0,0
shap_feature_selection_extratrees_p1_20260529_182607,G2_mg_molar_grade,MG Positive Molar Grade,5,1296,1696.0,0
shap_feature_selection_extratrees_p1_20260529_182607,G2_mg_molar_grade,MG Positive Molar Grade,5,1297,1697.0,0
shap_feature_selection_extratrees_p1_20260529_182607,G2_mg_molar_grade,MG Positive Molar Grade,5,1298,1698.0,0
shap_feature_selection_extratrees_p1_20260529_182607,G2_mg_molar_grade,MG Positive Molar Grade,5,1299,1699.0,0
shap_feature_selection_extratrees_p1_20260529_182607,G2_mg_molar_grade,MG Positive Molar Grade,5,1300,1700.0,0
shap_feature_selection_extratrees_p1_20260529_182607,G2_mg_molar_grade,MG Positive Molar Grade,5,1301,1701.0,0
shap_feature_selection_extratrees_p1_20260529_182607,G2_mg_molar_grade,MG Positive Molar Grade,5,1302,1702.0,0
shap_feature_selection_extratrees_p1_20260529_182607,G2_mg_molar_grade,MG Positive Molar Grade,5,1303,1703.0,0
shap_feature_selection_extratrees_p1_20260529_182607,G2_mg_molar_grade,MG Positive Molar Grade,5,1304,1704.0,0
shap_feature_selection_extratrees_p1_20260529_182607,G2_mg_molar_grade,MG Positive Molar Grade,5,1305,1705.0,0
shap_feature_selection_extratrees_p1_20260529_182607,G2_mg_molar_grade,MG Positive Molar Grade,5,1306,1706.0,0
shap_feature_selection_extratrees_p1_20260529_182607,G2_mg_molar_grade,MG Positive Molar Grade,5,1307,1707.0,0
shap_feature_selection_extratrees_p1_20260529_182607,G2_mg_molar_grade,MG Positive Molar Grade,5,1308,1708.0,0
shap_feature_selection_extratrees_p1_20260529_182607,G2_mg_molar_grade,MG Positive Molar Grade,5,1309,1709.0,0
shap_feature_selection_extratrees_p1_20260529_182607,G2_mg_molar_grade,MG Positive Molar Grade,5,1310,1710.0,0
shap_feature_selection_extratrees_p1_20260529_182607,G2_mg_molar_grade,MG Positive Molar Grade,5,1311,1711.0,0
shap_feature_selection_extratrees_p1_20260529_182607,G2_mg_molar_grade,MG Positive Molar Grade,5,1312,1712.0,0
shap_feature_selection_extratrees_p1_20260529_182607,G2_mg_molar_grade,MG Positive Molar Grade,5,1313,1713.0,0
shap_feature_selection_extratrees_p1_20260529_182607,G2_mg_molar_grade,MG Positive Molar Grade,5,1314,1714.0,0
shap_feature_selection_extratrees_p1_20260529_182607,G2_mg_molar_grade,MG Positive Molar Grade,5,1315,1715.0,0
shap_feature_selection_extratrees_p1_20260529_182607,G2_mg_molar_grade,MG Positive Molar Grade,5,1316,1716.0,0
shap_feature_selection_extratrees_p1_20260529_182607,G2_mg_molar_grade,MG Positive Molar Grade,5,1317,1717.0,0
shap_feature_selection_extratrees_p1_20260529_182607,G2_mg_molar_grade,MG Positive Molar Grade,5,1318,1718.0,0
shap_feature_selection_extratrees_p1_20260529_182607,G2_mg_molar_grade,MG Positive Molar Grade,5,1319,1719.0,0
shap_feature_selection_extratrees_p1_20260529_182607,G2_mg_molar_grade,MG Positive Molar Grade,5,1320,1720.0,0
shap_feature_selection_extratrees_p1_20260529_182607,G2_mg_molar_grade,MG Positive Molar Grade,5,1321,1721.0,0
shap_feature_selection_extratrees_p1_20260529_182607,G2_mg_molar_grade,MG Positive Molar Grade,5,1322,1722.0,0
shap_feature_selection_extratrees_p1_20260529_182607,G2_mg_molar_grade,MG Positive Molar Grade,5,1323,1723.0,0
shap_feature_selection_extratrees_p1_20260529_182607,G2_mg_molar_grade,MG Positive Molar Grade,5,1324,1724.0,0
shap_feature_selection_extratrees_p1_20260529_182607,G2_mg_molar_grade,MG Positive Molar Grade,5,1325,1725.0,0
shap_feature_selection_extratrees_p1_20260529_182607,G2_mg_molar_grade,MG Positive Molar Grade,5,1326,1726.0,0
shap_feature_selection_extratrees_p1_20260529_182607,G2_mg_molar_grade,MG Positive Molar Grade,5,1327,1727.0,0
shap_feature_selection_extratrees_p1_20260529_182607,G2_mg_molar_grade,MG Positive Molar Grade,5,1328,1728.0,0
shap_feature_selection_extratrees_p1_20260529_182607,G2_mg_molar_grade,MG Positive Molar Grade,5,1329,1729.0,0
shap_feature_selection_extratrees_p1_20260529_182607,G2_mg_molar_grade,MG Positive Molar Grade,5,1330,1730.0,0
shap_feature_selection_extratrees_p1_20260529_182607,G2_mg_molar_grade,MG Positive Molar Grade,5,1331,1731.0,0
shap_feature_selection_extratrees_p1_20260529_182607,G2_mg_molar_grade,MG Positive Molar Grade,5,1332,1732.0,0
shap_feature_selection_extratrees_p1_20260529_182607,G2_mg_molar_grade,MG Positive Molar Grade,5,1333,1733.0,0
shap_feature_selection_extratrees_p1_20260529_182607,G2_mg_molar_grade,MG Positive Molar Grade,5,1334,1734.0,0
shap_feature_selection_extratrees_p1_20260529_182607,G2_mg_molar_grade,MG Positive Molar Grade,5,1335,1735.0,0
shap_feature_selection_extratrees_p1_20260529_182607,G2_mg_molar_grade,MG Positive Molar Grade,5,1336,1736.0,0
shap_feature_selection_extratrees_p1_20260529_182607,G2_mg_molar_grade,MG Positive Molar Grade,5,1337,1737.0,0
shap_feature_selection_extratrees_p1_20260529_182607,G2_mg_molar_grade,MG Positive Molar Grade,5,1338,1738.0,0
shap_feature_selection_extratrees_p1_20260529_182607,G2_mg_molar_grade,MG Positive Molar Grade,5,1339,1739.0,0
shap_feature_selection_extratrees_p1_20260529_182607,G2_mg_molar_grade,MG Positive Molar Grade,5,1340,1740.0,0
shap_feature_selection_extratrees_p1_20260529_182607,G2_mg_molar_grade,MG Positive Molar Grade,5,1341,1741.0,0
shap_feature_selection_extratrees_p1_20260529_182607,G2_mg_molar_grade,MG Positive Molar Grade,5,1342,1742.0,0
shap_feature_selection_extratrees_p1_20260529_182607,G2_mg_molar_grade,MG Positive Molar Grade,5,1343,1743.0,0
shap_feature_selection_extratrees_p1_20260529_182607,G2_mg_molar_grade,MG Positive Molar Grade,5,1344,1744.0,0
shap_feature_selection_extratrees_p1_20260529_182607,G2_mg_molar_grade,MG Positive Molar Grade,5,1345,1745.0,0
shap_feature_selection_extratrees_p1_20260529_182607,G2_mg_molar_grade,MG Positive Molar Grade,5,1346,1746.0,0
shap_feature_selection_extratrees_p1_20260529_182607,G2_mg_molar_grade,MG Positive Molar Grade,5,1347,1747.0,0
shap_feature_selection_extratrees_p1_20260529_182607,G2_mg_molar_grade,MG Positive Molar Grade,5,1348,1748.0,0
shap_feature_selection_extratrees_p1_20260529_182607,G2_mg_molar_grade,MG Positive Molar Grade,5,1349,1749.0,0
shap_feature_selection_extratrees_p1_20260529_182607,G2_mg_molar_grade,MG Positive Molar Grade,5,1350,1750.0,0
shap_feature_selection_extratrees_p1_20260529_182607,G2_mg_molar_grade,MG Positive Molar Grade,5,1351,1751.0,0
shap_feature_selection_extratrees_p1_20260529_182607,G2_mg_molar_grade,MG Positive Molar Grade,5,1352,1752.0,0
shap_feature_selection_extratrees_p1_20260529_182607,G2_mg_molar_grade,MG Positive Molar Grade,5,1353,1753.0,0
shap_feature_selection_extratrees_p1_20260529_182607,G2_mg_molar_grade,MG Positive Molar Grade,5,1354,1754.0,0
shap_feature_selection_extratrees_p1_20260529_182607,G2_mg_molar_grade,MG Positive Molar Grade,5,1355,1755.0,0
shap_feature_selection_extratrees_p1_20260529_182607,G2_mg_molar_grade,MG Positive Molar Grade,5,1356,1756.0,0
shap_feature_selection_extratrees_p1_20260529_182607,G2_mg_molar_grade,MG Positive Molar Grade,5,1357,1757.0,0
shap_feature_selection_extratrees_p1_20260529_182607,G2_mg_molar_grade,MG Positive Molar Grade,5,1358,1758.0,0
shap_feature_selection_extratrees_p1_20260529_182607,G2_mg_molar_grade,MG Positive Molar Grade,5,1359,1759.0,0
shap_feature_selection_extratrees_p1_20260529_182607,G2_mg_molar_grade,MG Positive Molar Grade,5,1360,1760.0,0
shap_feature_selection_extratrees_p1_20260529_182607,G2_mg_molar_grade,MG Positive Molar Grade,5,1361,1761.0,0
shap_feature_selection_extratrees_p1_20260529_182607,G2_mg_molar_grade,MG Positive Molar Grade,5,1362,1762.0,0
shap_feature_selection_extratrees_p1_20260529_182607,G2_mg_molar_grade,MG Positive Molar Grade,5,1363,1763.0,0
shap_feature_selection_extratrees_p1_20260529_182607,G2_mg_molar_grade,MG Positive Molar Grade,5,1364,1764.0,0
shap_feature_selection_extratrees_p1_20260529_182607,G2_mg_molar_grade,MG Positive Molar Grade,5,1365,1765.0,0
shap_feature_selection_extratrees_p1_20260529_182607,G2_mg_molar_grade,MG Positive Molar Grade,5,1366,1766.0,0
shap_feature_selection_extratrees_p1_20260529_182607,G2_mg_molar_grade,MG Positive Molar Grade,5,1367,1767.0,0
shap_feature_selection_extratrees_p1_20260529_182607,G2_mg_molar_grade,MG Positive Molar Grade,5,1368,1768.0,0
shap_feature_selection_extratrees_p1_20260529_182607,G2_mg_molar_grade,MG Positive Molar Grade,5,1369,1769.0,0
shap_feature_selection_extratrees_p1_20260529_182607,G2_mg_molar_grade,MG Positive Molar Grade,5,1370,1770.0,0
shap_feature_selection_extratrees_p1_20260529_182607,G2_mg_molar_grade,MG Positive Molar Grade,5,1371,1771.0,0
shap_feature_selection_extratrees_p1_20260529_182607,G2_mg_molar_grade,MG Positive Molar Grade,5,1372,1772.0,0
shap_feature_selection_extratrees_p1_20260529_182607,G2_mg_molar_grade,MG Positive Molar Grade,5,1373,1773.0,0
shap_feature_selection_extratrees_p1_20260529_182607,G2_mg_molar_grade,MG Positive Molar Grade,5,1374,1774.0,0
shap_feature_selection_extratrees_p1_20260529_182607,G2_mg_molar_grade,MG Positive Molar Grade,5,1375,1775.0,0
shap_feature_selection_extratrees_p1_20260529_182607,G2_mg_molar_grade,MG Positive Molar Grade,5,1376,1776.0,0
shap_feature_selection_extratrees_p1_20260529_182607,G2_mg_molar_grade,MG Positive Molar Grade,5,1377,1777.0,0
shap_feature_selection_extratrees_p1_20260529_182607,G2_mg_molar_grade,MG Positive Molar Grade,5,1378,1778.0,0
shap_feature_selection_extratrees_p1_20260529_182607,G2_mg_molar_grade,MG Positive Molar Grade,5,1379,1779.0,0
shap_feature_selection_extratrees_p1_20260529_182607,G2_mg_molar_grade,MG Positive Molar Grade,5,1380,1780.0,0
shap_feature_selection_extratrees_p1_20260529_182607,G2_mg_molar_grade,MG Positive Molar Grade,5,1381,1781.0,0
shap_feature_selection_extratrees_p1_20260529_182607,G2_mg_molar_grade,MG Positive Molar Grade,5,1382,1782.0,0
shap_feature_selection_extratrees_p1_20260529_182607,G2_mg_molar_grade,MG Positive Molar Grade,5,1383,1783.0,0
shap_feature_selection_extratrees_p1_20260529_182607,G2_mg_molar_grade,MG Positive Molar Grade,5,1384,1784.0,0
shap_feature_selection_extratrees_p1_20260529_182607,G2_mg_molar_grade,MG Positive Molar Grade,5,1385,1785.0,0
shap_feature_selection_extratrees_p1_20260529_182607,G2_mg_molar_grade,MG Positive Molar Grade,5,1386,1786.0,0
shap_feature_selection_extratrees_p1_20260529_182607,G2_mg_molar_grade,MG Positive Molar Grade,5,1387,1787.0,0
shap_feature_selection_extratrees_p1_20260529_182607,G2_mg_molar_grade,MG Positive Molar Grade,5,1388,1788.0,0
shap_feature_selection_extratrees_p1_20260529_182607,G2_mg_molar_grade,MG Positive Molar Grade,5,1389,1789.0,0
shap_feature_selection_extratrees_p1_20260529_182607,G2_mg_molar_grade,MG Positive Molar Grade,5,1390,1790.0,0
shap_feature_selection_extratrees_p1_20260529_182607,G2_mg_molar_grade,MG Positive Molar Grade,5,1391,1791.0,0
shap_feature_selection_extratrees_p1_20260529_182607,G2_mg_molar_grade,MG Positive Molar Grade,5,1392,1792.0,0
shap_feature_selection_extratrees_p1_20260529_182607,G2_mg_molar_grade,MG Positive Molar Grade,5,1393,1793.0,0
shap_feature_selection_extratrees_p1_20260529_182607,G2_mg_molar_grade,MG Positive Molar Grade,5,1394,1794.0,0
shap_feature_selection_extratrees_p1_20260529_182607,G2_mg_molar_grade,MG Positive Molar Grade,5,1395,1795.0,0
shap_feature_selection_extratrees_p1_20260529_182607,G2_mg_molar_grade,MG Positive Molar Grade,5,1396,1796.0,0
shap_feature_selection_extratrees_p1_20260529_182607,G2_mg_molar_grade,MG Positive Molar Grade,5,1397,1797.0,0
shap_feature_selection_extratrees_p1_20260529_182607,G2_mg_molar_grade,MG Positive Molar Grade,5,1398,1798.0,0
shap_feature_selection_extratrees_p1_20260529_182607,G2_mg_molar_grade,MG Positive Molar Grade,5,1399,1799.0,0
shap_feature_selection_extratrees_p1_20260529_182607,G2_mg_molar_grade,MG Positive Molar Grade,5,1400,1800.0,0
shap_feature_selection_extratrees_p1_20260529_182607,G3_mba_molar_grade,MBA Positive Molar Grade,5,0,400.0,0
shap_feature_selection_extratrees_p1_20260529_182607,G3_mba_molar_grade,MBA Positive Molar Grade,5,1,401.0,0
shap_feature_selection_extratrees_p1_20260529_182607,G3_mba_molar_grade,MBA Positive Molar Grade,5,2,402.0,0
shap_feature_selection_extratrees_p1_20260529_182607,G3_mba_molar_grade,MBA Positive Molar Grade,5,3,403.0,0
shap_feature_selection_extratrees_p1_20260529_182607,G3_mba_molar_grade,MBA Positive Molar Grade,5,4,404.0,0
shap_feature_selection_extratrees_p1_20260529_182607,G3_mba_molar_grade,MBA Positive Molar Grade,5,5,405.0,0
shap_feature_selection_extratrees_p1_20260529_182607,G3_mba_molar_grade,MBA Positive Molar Grade,5,6,406.0,0
shap_feature_selection_extratrees_p1_20260529_182607,G3_mba_molar_grade,MBA Positive Molar Grade,5,7,407.0,0
shap_feature_selection_extratrees_p1_20260529_182607,G3_mba_molar_grade,MBA Positive Molar Grade,5,8,408.0,0
shap_feature_selection_extratrees_p1_20260529_182607,G3_mba_molar_grade,MBA Positive Molar Grade,5,9,409.0,0
shap_feature_selection_extratrees_p1_20260529_182607,G3_mba_molar_grade,MBA Positive Molar Grade,5,10,410.0,0
shap_feature_selection_extratrees_p1_20260529_182607,G3_mba_molar_grade,MBA Positive Molar Grade,5,11,411.0,0
shap_feature_selection_extratrees_p1_20260529_182607,G3_mba_molar_grade,MBA Positive Molar Grade,5,12,412.0,0
shap_feature_selection_extratrees_p1_20260529_182607,G3_mba_molar_grade,MBA Positive Molar Grade,5,13,413.0,0
shap_feature_selection_extratrees_p1_20260529_182607,G3_mba_molar_grade,MBA Positive Molar Grade,5,14,414.0,0
shap_feature_selection_extratrees_p1_20260529_182607,G3_mba_molar_grade,MBA Positive Molar Grade,5,15,415.0,0
shap_feature_selection_extratrees_p1_20260529_182607,G3_mba_molar_grade,MBA Positive Molar Grade,5,16,416.0,0
shap_feature_selection_extratrees_p1_20260529_182607,G3_mba_molar_grade,MBA Positive Molar Grade,5,17,417.0,0
shap_feature_selection_extratrees_p1_20260529_182607,G3_mba_molar_grade,MBA Positive Molar Grade,5,18,418.0,0
shap_feature_selection_extratrees_p1_20260529_182607,G3_mba_molar_grade,MBA Positive Molar Grade,5,19,419.0,0
shap_feature_selection_extratrees_p1_20260529_182607,G3_mba_molar_grade,MBA Positive Molar Grade,5,20,420.0,0
shap_feature_selection_extratrees_p1_20260529_182607,G3_mba_molar_grade,MBA Positive Molar Grade,5,21,421.0,0
shap_feature_selection_extratrees_p1_20260529_182607,G3_mba_molar_grade,MBA Positive Molar Grade,5,22,422.0,0
shap_feature_selection_extratrees_p1_20260529_182607,G3_mba_molar_grade,MBA Positive Molar Grade,5,23,423.0,0
shap_feature_selection_extratrees_p1_20260529_182607,G3_mba_molar_grade,MBA Positive Molar Grade,5,24,424.0,0
shap_feature_selection_extratrees_p1_20260529_182607,G3_mba_molar_grade,MBA Positive Molar Grade,5,25,425.0,0
shap_feature_selection_extratrees_p1_20260529_182607,G3_mba_molar_grade,MBA Positive Molar Grade,5,26,426.0,0
shap_feature_selection_extratrees_p1_20260529_182607,G3_mba_molar_grade,MBA Positive Molar Grade,5,27,427.0,0
shap_feature_selection_extratrees_p1_20260529_182607,G3_mba_molar_grade,MBA Positive Molar Grade,5,28,428.0,0
shap_feature_selection_extratrees_p1_20260529_182607,G3_mba_molar_grade,MBA Positive Molar Grade,5,29,429.0,0
shap_feature_selection_extratrees_p1_20260529_182607,G3_mba_molar_grade,MBA Positive Molar Grade,5,30,430.0,0
shap_feature_selection_extratrees_p1_20260529_182607,G3_mba_molar_grade,MBA Positive Molar Grade,5,31,431.0,0
shap_feature_selection_extratrees_p1_20260529_182607,G3_mba_molar_grade,MBA Positive Molar Grade,5,32,432.0,0
shap_feature_selection_extratrees_p1_20260529_182607,G3_mba_molar_grade,MBA Positive Molar Grade,5,33,433.0,0
shap_feature_selection_extratrees_p1_20260529_182607,G3_mba_molar_grade,MBA Positive Molar Grade,5,34,434.0,0
shap_feature_selection_extratrees_p1_20260529_182607,G3_mba_molar_grade,MBA Positive Molar Grade,5,35,435.0,0
shap_feature_selection_extratrees_p1_20260529_182607,G3_mba_molar_grade,MBA Positive Molar Grade,5,36,436.0,0
shap_feature_selection_extratrees_p1_20260529_182607,G3_mba_molar_grade,MBA Positive Molar Grade,5,37,437.0,0
shap_feature_selection_extratrees_p1_20260529_182607,G3_mba_molar_grade,MBA Positive Molar Grade,5,38,438.0,0
shap_feature_selection_extratrees_p1_20260529_182607,G3_mba_molar_grade,MBA Positive Molar Grade,5,39,439.0,0
shap_feature_selection_extratrees_p1_20260529_182607,G3_mba_molar_grade,MBA Positive Molar Grade,5,40,440.0,0
shap_feature_selection_extratrees_p1_20260529_182607,G3_mba_molar_grade,MBA Positive Molar Grade,5,41,441.0,0
shap_feature_selection_extratrees_p1_20260529_182607,G3_mba_molar_grade,MBA Positive Molar Grade,5,42,442.0,0
shap_feature_selection_extratrees_p1_20260529_182607,G3_mba_molar_grade,MBA Positive Molar Grade,5,43,443.0,0
shap_feature_selection_extratrees_p1_20260529_182607,G3_mba_molar_grade,MBA Positive Molar Grade,5,44,444.0,0
shap_feature_selection_extratrees_p1_20260529_182607,G3_mba_molar_grade,MBA Positive Molar Grade,5,45,445.0,0
shap_feature_selection_extratrees_p1_20260529_182607,G3_mba_molar_grade,MBA Positive Molar Grade,5,46,446.0,0
shap_feature_selection_extratrees_p1_20260529_182607,G3_mba_molar_grade,MBA Positive Molar Grade,5,47,447.0,0
shap_feature_selection_extratrees_p1_20260529_182607,G3_mba_molar_grade,MBA Positive Molar Grade,5,48,448.0,0
shap_feature_selection_extratrees_p1_20260529_182607,G3_mba_molar_grade,MBA Positive Molar Grade,5,49,449.0,0
shap_feature_selection_extratrees_p1_20260529_182607,G3_mba_molar_grade,MBA Positive Molar Grade,5,50,450.0,0
shap_feature_selection_extratrees_p1_20260529_182607,G3_mba_molar_grade,MBA Positive Molar Grade,5,51,451.0,0
shap_feature_selection_extratrees_p1_20260529_182607,G3_mba_molar_grade,MBA Positive Molar Grade,5,52,452.0,0
shap_feature_selection_extratrees_p1_20260529_182607,G3_mba_molar_grade,MBA Positive Molar Grade,5,53,453.0,0
shap_feature_selection_extratrees_p1_20260529_182607,G3_mba_molar_grade,MBA Positive Molar Grade,5,54,454.0,0
shap_feature_selection_extratrees_p1_20260529_182607,G3_mba_molar_grade,MBA Positive Molar Grade,5,55,455.0,0
shap_feature_selection_extratrees_p1_20260529_182607,G3_mba_molar_grade,MBA Positive Molar Grade,5,56,456.0,0
shap_feature_selection_extratrees_p1_20260529_182607,G3_mba_molar_grade,MBA Positive Molar Grade,5,57,457.0,0
shap_feature_selection_extratrees_p1_20260529_182607,G3_mba_molar_grade,MBA Positive Molar Grade,5,58,458.0,0
shap_feature_selection_extratrees_p1_20260529_182607,G3_mba_molar_grade,MBA Positive Molar Grade,5,59,459.0,0
shap_feature_selection_extratrees_p1_20260529_182607,G3_mba_molar_grade,MBA Positive Molar Grade,5,60,460.0,0
shap_feature_selection_extratrees_p1_20260529_182607,G3_mba_molar_grade,MBA Positive Molar Grade,5,61,461.0,0
shap_feature_selection_extratrees_p1_20260529_182607,G3_mba_molar_grade,MBA Positive Molar Grade,5,62,462.0,0
shap_feature_selection_extratrees_p1_20260529_182607,G3_mba_molar_grade,MBA Positive Molar Grade,5,63,463.0,0
shap_feature_selection_extratrees_p1_20260529_182607,G3_mba_molar_grade,MBA Positive Molar Grade,5,64,464.0,0
shap_feature_selection_extratrees_p1_20260529_182607,G3_mba_molar_grade,MBA Positive Molar Grade,5,65,465.0,0
shap_feature_selection_extratrees_p1_20260529_182607,G3_mba_molar_grade,MBA Positive Molar Grade,5,66,466.0,0
shap_feature_selection_extratrees_p1_20260529_182607,G3_mba_molar_grade,MBA Positive Molar Grade,5,67,467.0,0
shap_feature_selection_extratrees_p1_20260529_182607,G3_mba_molar_grade,MBA Positive Molar Grade,5,68,468.0,0
shap_feature_selection_extratrees_p1_20260529_182607,G3_mba_molar_grade,MBA Positive Molar Grade,5,69,469.0,0
shap_feature_selection_extratrees_p1_20260529_182607,G3_mba_molar_grade,MBA Positive Molar Grade,5,70,470.0,0
shap_feature_selection_extratrees_p1_20260529_182607,G3_mba_molar_grade,MBA Positive Molar Grade,5,71,471.0,0
shap_feature_selection_extratrees_p1_20260529_182607,G3_mba_molar_grade,MBA Positive Molar Grade,5,72,472.0,0
shap_feature_selection_extratrees_p1_20260529_182607,G3_mba_molar_grade,MBA Positive Molar Grade,5,73,473.0,0
shap_feature_selection_extratrees_p1_20260529_182607,G3_mba_molar_grade,MBA Positive Molar Grade,5,74,474.0,0
shap_feature_selection_extratrees_p1_20260529_182607,G3_mba_molar_grade,MBA Positive Molar Grade,5,75,475.0,0
shap_feature_selection_extratrees_p1_20260529_182607,G3_mba_molar_grade,MBA Positive Molar Grade,5,76,476.0,0
shap_feature_selection_extratrees_p1_20260529_182607,G3_mba_molar_grade,MBA Positive Molar Grade,5,77,477.0,0
shap_feature_selection_extratrees_p1_20260529_182607,G3_mba_molar_grade,MBA Positive Molar Grade,5,78,478.0,0
shap_feature_selection_extratrees_p1_20260529_182607,G3_mba_molar_grade,MBA Positive Molar Grade,5,79,479.0,0
shap_feature_selection_extratrees_p1_20260529_182607,G3_mba_molar_grade,MBA Positive Molar Grade,5,80,480.0,0
shap_feature_selection_extratrees_p1_20260529_182607,G3_mba_molar_grade,MBA Positive Molar Grade,5,81,481.0,0
shap_feature_selection_extratrees_p1_20260529_182607,G3_mba_molar_grade,MBA Positive Molar Grade,5,82,482.0,0
shap_feature_selection_extratrees_p1_20260529_182607,G3_mba_molar_grade,MBA Positive Molar Grade,5,83,483.0,0
shap_feature_selection_extratrees_p1_20260529_182607,G3_mba_molar_grade,MBA Positive Molar Grade,5,84,484.0,0
shap_feature_selection_extratrees_p1_20260529_182607,G3_mba_molar_grade,MBA Positive Molar Grade,5,85,485.0,0
shap_feature_selection_extratrees_p1_20260529_182607,G3_mba_molar_grade,MBA Positive Molar Grade,5,86,486.0,0
shap_feature_selection_extratrees_p1_20260529_182607,G3_mba_molar_grade,MBA Positive Molar Grade,5,87,487.0,0
shap_feature_selection_extratrees_p1_20260529_182607,G3_mba_molar_grade,MBA Positive Molar Grade,5,88,488.0,0
shap_feature_selection_extratrees_p1_20260529_182607,G3_mba_molar_grade,MBA Positive Molar Grade,5,89,489.0,0
shap_feature_selection_extratrees_p1_20260529_182607,G3_mba_molar_grade,MBA Positive Molar Grade,5,90,490.0,0
shap_feature_selection_extratrees_p1_20260529_182607,G3_mba_molar_grade,MBA Positive Molar Grade,5,91,491.0,0
shap_feature_selection_extratrees_p1_20260529_182607,G3_mba_molar_grade,MBA Positive Molar Grade,5,92,492.0,0
shap_feature_selection_extratrees_p1_20260529_182607,G3_mba_molar_grade,MBA Positive Molar Grade,5,93,493.0,0
shap_feature_selection_extratrees_p1_20260529_182607,G3_mba_molar_grade,MBA Positive Molar Grade,5,94,494.0,0
shap_feature_selection_extratrees_p1_20260529_182607,G3_mba_molar_grade,MBA Positive Molar Grade,5,95,495.0,0
shap_feature_selection_extratrees_p1_20260529_182607,G3_mba_molar_grade,MBA Positive Molar Grade,5,96,496.0,0
shap_feature_selection_extratrees_p1_20260529_182607,G3_mba_molar_grade,MBA Positive Molar Grade,5,97,497.0,0
shap_feature_selection_extratrees_p1_20260529_182607,G3_mba_molar_grade,MBA Positive Molar Grade,5,98,498.0,0
shap_feature_selection_extratrees_p1_20260529_182607,G3_mba_molar_grade,MBA Positive Molar Grade,5,99,499.0,0
shap_feature_selection_extratrees_p1_20260529_182607,G3_mba_molar_grade,MBA Positive Molar Grade,5,100,500.0,0
shap_feature_selection_extratrees_p1_20260529_182607,G3_mba_molar_grade,MBA Positive Molar Grade,5,101,501.0,0
shap_feature_selection_extratrees_p1_20260529_182607,G3_mba_molar_grade,MBA Positive Molar Grade,5,102,502.0,0
shap_feature_selection_extratrees_p1_20260529_182607,G3_mba_molar_grade,MBA Positive Molar Grade,5,103,503.0,0
shap_feature_selection_extratrees_p1_20260529_182607,G3_mba_molar_grade,MBA Positive Molar Grade,5,104,504.0,0
shap_feature_selection_extratrees_p1_20260529_182607,G3_mba_molar_grade,MBA Positive Molar Grade,5,105,505.0,0
shap_feature_selection_extratrees_p1_20260529_182607,G3_mba_molar_grade,MBA Positive Molar Grade,5,106,506.0,0
shap_feature_selection_extratrees_p1_20260529_182607,G3_mba_molar_grade,MBA Positive Molar Grade,5,107,507.0,0
shap_feature_selection_extratrees_p1_20260529_182607,G3_mba_molar_grade,MBA Positive Molar Grade,5,108,508.0,0
shap_feature_selection_extratrees_p1_20260529_182607,G3_mba_molar_grade,MBA Positive Molar Grade,5,109,509.0,0
shap_feature_selection_extratrees_p1_20260529_182607,G3_mba_molar_grade,MBA Positive Molar Grade,5,110,510.0,0
shap_feature_selection_extratrees_p1_20260529_182607,G3_mba_molar_grade,MBA Positive Molar Grade,5,111,511.0,0
shap_feature_selection_extratrees_p1_20260529_182607,G3_mba_molar_grade,MBA Positive Molar Grade,5,112,512.0,0
shap_feature_selection_extratrees_p1_20260529_182607,G3_mba_molar_grade,MBA Positive Molar Grade,5,113,513.0,0
shap_feature_selection_extratrees_p1_20260529_182607,G3_mba_molar_grade,MBA Positive Molar Grade,5,114,514.0,0
shap_feature_selection_extratrees_p1_20260529_182607,G3_mba_molar_grade,MBA Positive Molar Grade,5,115,515.0,0
shap_feature_selection_extratrees_p1_20260529_182607,G3_mba_molar_grade,MBA Positive Molar Grade,5,116,516.0,0
shap_feature_selection_extratrees_p1_20260529_182607,G3_mba_molar_grade,MBA Positive Molar Grade,5,117,517.0,0
shap_feature_selection_extratrees_p1_20260529_182607,G3_mba_molar_grade,MBA Positive Molar Grade,5,118,518.0,0
shap_feature_selection_extratrees_p1_20260529_182607,G3_mba_molar_grade,MBA Positive Molar Grade,5,119,519.0,0
shap_feature_selection_extratrees_p1_20260529_182607,G3_mba_molar_grade,MBA Positive Molar Grade,5,120,520.0,0
shap_feature_selection_extratrees_p1_20260529_182607,G3_mba_molar_grade,MBA Positive Molar Grade,5,121,521.0,0
shap_feature_selection_extratrees_p1_20260529_182607,G3_mba_molar_grade,MBA Positive Molar Grade,5,122,522.0,0
shap_feature_selection_extratrees_p1_20260529_182607,G3_mba_molar_grade,MBA Positive Molar Grade,5,123,523.0,0
shap_feature_selection_extratrees_p1_20260529_182607,G3_mba_molar_grade,MBA Positive Molar Grade,5,124,524.0,0
shap_feature_selection_extratrees_p1_20260529_182607,G3_mba_molar_grade,MBA Positive Molar Grade,5,125,525.0,0
shap_feature_selection_extratrees_p1_20260529_182607,G3_mba_molar_grade,MBA Positive Molar Grade,5,126,526.0,0
shap_feature_selection_extratrees_p1_20260529_182607,G3_mba_molar_grade,MBA Positive Molar Grade,5,127,527.0,0
shap_feature_selection_extratrees_p1_20260529_182607,G3_mba_molar_grade,MBA Positive Molar Grade,5,128,528.0,0
shap_feature_selection_extratrees_p1_20260529_182607,G3_mba_molar_grade,MBA Positive Molar Grade,5,129,529.0,0
shap_feature_selection_extratrees_p1_20260529_182607,G3_mba_molar_grade,MBA Positive Molar Grade,5,130,530.0,0
shap_feature_selection_extratrees_p1_20260529_182607,G3_mba_molar_grade,MBA Positive Molar Grade,5,131,531.0,0
shap_feature_selection_extratrees_p1_20260529_182607,G3_mba_molar_grade,MBA Positive Molar Grade,5,132,532.0,0
shap_feature_selection_extratrees_p1_20260529_182607,G3_mba_molar_grade,MBA Positive Molar Grade,5,133,533.0,0
shap_feature_selection_extratrees_p1_20260529_182607,G3_mba_molar_grade,MBA Positive Molar Grade,5,134,534.0,0
shap_feature_selection_extratrees_p1_20260529_182607,G3_mba_molar_grade,MBA Positive Molar Grade,5,135,535.0,0
shap_feature_selection_extratrees_p1_20260529_182607,G3_mba_molar_grade,MBA Positive Molar Grade,5,136,536.0,0
shap_feature_selection_extratrees_p1_20260529_182607,G3_mba_molar_grade,MBA Positive Molar Grade,5,137,537.0,0
shap_feature_selection_extratrees_p1_20260529_182607,G3_mba_molar_grade,MBA Positive Molar Grade,5,138,538.0,0
shap_feature_selection_extratrees_p1_20260529_182607,G3_mba_molar_grade,MBA Positive Molar Grade,5,139,539.0,0
shap_feature_selection_extratrees_p1_20260529_182607,G3_mba_molar_grade,MBA Positive Molar Grade,5,140,540.0,0
shap_feature_selection_extratrees_p1_20260529_182607,G3_mba_molar_grade,MBA Positive Molar Grade,5,141,541.0,0
shap_feature_selection_extratrees_p1_20260529_182607,G3_mba_molar_grade,MBA Positive Molar Grade,5,142,542.0,0
shap_feature_selection_extratrees_p1_20260529_182607,G3_mba_molar_grade,MBA Positive Molar Grade,5,143,543.0,0
shap_feature_selection_extratrees_p1_20260529_182607,G3_mba_molar_grade,MBA Positive Molar Grade,5,144,544.0,0
shap_feature_selection_extratrees_p1_20260529_182607,G3_mba_molar_grade,MBA Positive Molar Grade,5,145,545.0,0
shap_feature_selection_extratrees_p1_20260529_182607,G3_mba_molar_grade,MBA Positive Molar Grade,5,146,546.0,0
shap_feature_selection_extratrees_p1_20260529_182607,G3_mba_molar_grade,MBA Positive Molar Grade,5,147,547.0,0
shap_feature_selection_extratrees_p1_20260529_182607,G3_mba_molar_grade,MBA Positive Molar Grade,5,148,548.0,0
shap_feature_selection_extratrees_p1_20260529_182607,G3_mba_molar_grade,MBA Positive Molar Grade,5,149,549.0,0
shap_feature_selection_extratrees_p1_20260529_182607,G3_mba_molar_grade,MBA Positive Molar Grade,5,150,550.0,0
shap_feature_selection_extratrees_p1_20260529_182607,G3_mba_molar_grade,MBA Positive Molar Grade,5,151,551.0,0
shap_feature_selection_extratrees_p1_20260529_182607,G3_mba_molar_grade,MBA Positive Molar Grade,5,152,552.0,0
shap_feature_selection_extratrees_p1_20260529_182607,G3_mba_molar_grade,MBA Positive Molar Grade,5,153,553.0,0
shap_feature_selection_extratrees_p1_20260529_182607,G3_mba_molar_grade,MBA Positive Molar Grade,5,154,554.0,0
shap_feature_selection_extratrees_p1_20260529_182607,G3_mba_molar_grade,MBA Positive Molar Grade,5,155,555.0,0
shap_feature_selection_extratrees_p1_20260529_182607,G3_mba_molar_grade,MBA Positive Molar Grade,5,156,556.0,0
shap_feature_selection_extratrees_p1_20260529_182607,G3_mba_molar_grade,MBA Positive Molar Grade,5,157,557.0,0
shap_feature_selection_extratrees_p1_20260529_182607,G3_mba_molar_grade,MBA Positive Molar Grade,5,158,558.0,0
shap_feature_selection_extratrees_p1_20260529_182607,G3_mba_molar_grade,MBA Positive Molar Grade,5,159,559.0,0
shap_feature_selection_extratrees_p1_20260529_182607,G3_mba_molar_grade,MBA Positive Molar Grade,5,160,560.0,0
shap_feature_selection_extratrees_p1_20260529_182607,G3_mba_molar_grade,MBA Positive Molar Grade,5,161,561.0,0
shap_feature_selection_extratrees_p1_20260529_182607,G3_mba_molar_grade,MBA Positive Molar Grade,5,162,562.0,0
shap_feature_selection_extratrees_p1_20260529_182607,G3_mba_molar_grade,MBA Positive Molar Grade,5,163,563.0,0
shap_feature_selection_extratrees_p1_20260529_182607,G3_mba_molar_grade,MBA Positive Molar Grade,5,164,564.0,0
shap_feature_selection_extratrees_p1_20260529_182607,G3_mba_molar_grade,MBA Positive Molar Grade,5,165,565.0,0
shap_feature_selection_extratrees_p1_20260529_182607,G3_mba_molar_grade,MBA Positive Molar Grade,5,166,566.0,0
shap_feature_selection_extratrees_p1_20260529_182607,G3_mba_molar_grade,MBA Positive Molar Grade,5,167,567.0,0
shap_feature_selection_extratrees_p1_20260529_182607,G3_mba_molar_grade,MBA Positive Molar Grade,5,168,568.0,0
shap_feature_selection_extratrees_p1_20260529_182607,G3_mba_molar_grade,MBA Positive Molar Grade,5,169,569.0,0
shap_feature_selection_extratrees_p1_20260529_182607,G3_mba_molar_grade,MBA Positive Molar Grade,5,170,570.0,0
shap_feature_selection_extratrees_p1_20260529_182607,G3_mba_molar_grade,MBA Positive Molar Grade,5,171,571.0,0
shap_feature_selection_extratrees_p1_20260529_182607,G3_mba_molar_grade,MBA Positive Molar Grade,5,172,572.0,0
shap_feature_selection_extratrees_p1_20260529_182607,G3_mba_molar_grade,MBA Positive Molar Grade,5,173,573.0,0
shap_feature_selection_extratrees_p1_20260529_182607,G3_mba_molar_grade,MBA Positive Molar Grade,5,174,574.0,0
shap_feature_selection_extratrees_p1_20260529_182607,G3_mba_molar_grade,MBA Positive Molar Grade,5,175,575.0,0
shap_feature_selection_extratrees_p1_20260529_182607,G3_mba_molar_grade,MBA Positive Molar Grade,5,176,576.0,0
shap_feature_selection_extratrees_p1_20260529_182607,G3_mba_molar_grade,MBA Positive Molar Grade,5,177,577.0,0
shap_feature_selection_extratrees_p1_20260529_182607,G3_mba_molar_grade,MBA Positive Molar Grade,5,178,578.0,0
shap_feature_selection_extratrees_p1_20260529_182607,G3_mba_molar_grade,MBA Positive Molar Grade,5,179,579.0,0
shap_feature_selection_extratrees_p1_20260529_182607,G3_mba_molar_grade,MBA Positive Molar Grade,5,180,580.0,0
shap_feature_selection_extratrees_p1_20260529_182607,G3_mba_molar_grade,MBA Positive Molar Grade,5,181,581.0,0
shap_feature_selection_extratrees_p1_20260529_182607,G3_mba_molar_grade,MBA Positive Molar Grade,5,182,582.0,0
shap_feature_selection_extratrees_p1_20260529_182607,G3_mba_molar_grade,MBA Positive Molar Grade,5,183,583.0,0
shap_feature_selection_extratrees_p1_20260529_182607,G3_mba_molar_grade,MBA Positive Molar Grade,5,184,584.0,0
shap_feature_selection_extratrees_p1_20260529_182607,G3_mba_molar_grade,MBA Positive Molar Grade,5,185,585.0,0
shap_feature_selection_extratrees_p1_20260529_182607,G3_mba_molar_grade,MBA Positive Molar Grade,5,186,586.0,0
shap_feature_selection_extratrees_p1_20260529_182607,G3_mba_molar_grade,MBA Positive Molar Grade,5,187,587.0,0
shap_feature_selection_extratrees_p1_20260529_182607,G3_mba_molar_grade,MBA Positive Molar Grade,5,188,588.0,0
shap_feature_selection_extratrees_p1_20260529_182607,G3_mba_molar_grade,MBA Positive Molar Grade,5,189,589.0,0
shap_feature_selection_extratrees_p1_20260529_182607,G3_mba_molar_grade,MBA Positive Molar Grade,5,190,590.0,0
shap_feature_selection_extratrees_p1_20260529_182607,G3_mba_molar_grade,MBA Positive Molar Grade,5,191,591.0,0
shap_feature_selection_extratrees_p1_20260529_182607,G3_mba_molar_grade,MBA Positive Molar Grade,5,192,592.0,0
shap_feature_selection_extratrees_p1_20260529_182607,G3_mba_molar_grade,MBA Positive Molar Grade,5,193,593.0,0
shap_feature_selection_extratrees_p1_20260529_182607,G3_mba_molar_grade,MBA Positive Molar Grade,5,194,594.0,0
shap_feature_selection_extratrees_p1_20260529_182607,G3_mba_molar_grade,MBA Positive Molar Grade,5,195,595.0,0
shap_feature_selection_extratrees_p1_20260529_182607,G3_mba_molar_grade,MBA Positive Molar Grade,5,196,596.0,0
shap_feature_selection_extratrees_p1_20260529_182607,G3_mba_molar_grade,MBA Positive Molar Grade,5,197,597.0,0
shap_feature_selection_extratrees_p1_20260529_182607,G3_mba_molar_grade,MBA Positive Molar Grade,5,198,598.0,0
shap_feature_selection_extratrees_p1_20260529_182607,G3_mba_molar_grade,MBA Positive Molar Grade,5,199,599.0,0
shap_feature_selection_extratrees_p1_20260529_182607,G3_mba_molar_grade,MBA Positive Molar Grade,5,200,600.0,0
shap_feature_selection_extratrees_p1_20260529_182607,G3_mba_molar_grade,MBA Positive Molar Grade,5,201,601.0,0
shap_feature_selection_extratrees_p1_20260529_182607,G3_mba_molar_grade,MBA Positive Molar Grade,5,202,602.0,0
shap_feature_selection_extratrees_p1_20260529_182607,G3_mba_molar_grade,MBA Positive Molar Grade,5,203,603.0,0
shap_feature_selection_extratrees_p1_20260529_182607,G3_mba_molar_grade,MBA Positive Molar Grade,5,204,604.0,0
shap_feature_selection_extratrees_p1_20260529_182607,G3_mba_molar_grade,MBA Positive Molar Grade,5,205,605.0,0
shap_feature_selection_extratrees_p1_20260529_182607,G3_mba_molar_grade,MBA Positive Molar Grade,5,206,606.0,0
shap_feature_selection_extratrees_p1_20260529_182607,G3_mba_molar_grade,MBA Positive Molar Grade,5,207,607.0,0
shap_feature_selection_extratrees_p1_20260529_182607,G3_mba_molar_grade,MBA Positive Molar Grade,5,208,608.0,0
shap_feature_selection_extratrees_p1_20260529_182607,G3_mba_molar_grade,MBA Positive Molar Grade,5,209,609.0,0
shap_feature_selection_extratrees_p1_20260529_182607,G3_mba_molar_grade,MBA Positive Molar Grade,5,210,610.0,0
shap_feature_selection_extratrees_p1_20260529_182607,G3_mba_molar_grade,MBA Positive Molar Grade,5,211,611.0,0
shap_feature_selection_extratrees_p1_20260529_182607,G3_mba_molar_grade,MBA Positive Molar Grade,5,212,612.0,0
shap_feature_selection_extratrees_p1_20260529_182607,G3_mba_molar_grade,MBA Positive Molar Grade,5,213,613.0,0
shap_feature_selection_extratrees_p1_20260529_182607,G3_mba_molar_grade,MBA Positive Molar Grade,5,214,614.0,0
shap_feature_selection_extratrees_p1_20260529_182607,G3_mba_molar_grade,MBA Positive Molar Grade,5,215,615.0,0
shap_feature_selection_extratrees_p1_20260529_182607,G3_mba_molar_grade,MBA Positive Molar Grade,5,216,616.0,0
shap_feature_selection_extratrees_p1_20260529_182607,G3_mba_molar_grade,MBA Positive Molar Grade,5,217,617.0,0
shap_feature_selection_extratrees_p1_20260529_182607,G3_mba_molar_grade,MBA Positive Molar Grade,5,218,618.0,0
shap_feature_selection_extratrees_p1_20260529_182607,G3_mba_molar_grade,MBA Positive Molar Grade,5,219,619.0,0
shap_feature_selection_extratrees_p1_20260529_182607,G3_mba_molar_grade,MBA Positive Molar Grade,5,220,620.0,0
shap_feature_selection_extratrees_p1_20260529_182607,G3_mba_molar_grade,MBA Positive Molar Grade,5,221,621.0,0
shap_feature_selection_extratrees_p1_20260529_182607,G3_mba_molar_grade,MBA Positive Molar Grade,5,222,622.0,0
shap_feature_selection_extratrees_p1_20260529_182607,G3_mba_molar_grade,MBA Positive Molar Grade,5,223,623.0,0
shap_feature_selection_extratrees_p1_20260529_182607,G3_mba_molar_grade,MBA Positive Molar Grade,5,224,624.0,0
shap_feature_selection_extratrees_p1_20260529_182607,G3_mba_molar_grade,MBA Positive Molar Grade,5,225,625.0,0
shap_feature_selection_extratrees_p1_20260529_182607,G3_mba_molar_grade,MBA Positive Molar Grade,5,226,626.0,0
shap_feature_selection_extratrees_p1_20260529_182607,G3_mba_molar_grade,MBA Positive Molar Grade,5,227,627.0,0
shap_feature_selection_extratrees_p1_20260529_182607,G3_mba_molar_grade,MBA Positive Molar Grade,5,228,628.0,0
shap_feature_selection_extratrees_p1_20260529_182607,G3_mba_molar_grade,MBA Positive Molar Grade,5,229,629.0,0
shap_feature_selection_extratrees_p1_20260529_182607,G3_mba_molar_grade,MBA Positive Molar Grade,5,230,630.0,0
shap_feature_selection_extratrees_p1_20260529_182607,G3_mba_molar_grade,MBA Positive Molar Grade,5,231,631.0,0
shap_feature_selection_extratrees_p1_20260529_182607,G3_mba_molar_grade,MBA Positive Molar Grade,5,232,632.0,0
shap_feature_selection_extratrees_p1_20260529_182607,G3_mba_molar_grade,MBA Positive Molar Grade,5,233,633.0,0
shap_feature_selection_extratrees_p1_20260529_182607,G3_mba_molar_grade,MBA Positive Molar Grade,5,234,634.0,0
shap_feature_selection_extratrees_p1_20260529_182607,G3_mba_molar_grade,MBA Positive Molar Grade,5,235,635.0,0
shap_feature_selection_extratrees_p1_20260529_182607,G3_mba_molar_grade,MBA Positive Molar Grade,5,236,636.0,0
shap_feature_selection_extratrees_p1_20260529_182607,G3_mba_molar_grade,MBA Positive Molar Grade,5,237,637.0,0
shap_feature_selection_extratrees_p1_20260529_182607,G3_mba_molar_grade,MBA Positive Molar Grade,5,238,638.0,0
shap_feature_selection_extratrees_p1_20260529_182607,G3_mba_molar_grade,MBA Positive Molar Grade,5,239,639.0,0
shap_feature_selection_extratrees_p1_20260529_182607,G3_mba_molar_grade,MBA Positive Molar Grade,5,240,640.0,0
shap_feature_selection_extratrees_p1_20260529_182607,G3_mba_molar_grade,MBA Positive Molar Grade,5,241,641.0,0
shap_feature_selection_extratrees_p1_20260529_182607,G3_mba_molar_grade,MBA Positive Molar Grade,5,242,642.0,0
shap_feature_selection_extratrees_p1_20260529_182607,G3_mba_molar_grade,MBA Positive Molar Grade,5,243,643.0,0
shap_feature_selection_extratrees_p1_20260529_182607,G3_mba_molar_grade,MBA Positive Molar Grade,5,244,644.0,0
shap_feature_selection_extratrees_p1_20260529_182607,G3_mba_molar_grade,MBA Positive Molar Grade,5,245,645.0,0
shap_feature_selection_extratrees_p1_20260529_182607,G3_mba_molar_grade,MBA Positive Molar Grade,5,246,646.0,0
shap_feature_selection_extratrees_p1_20260529_182607,G3_mba_molar_grade,MBA Positive Molar Grade,5,247,647.0,0
shap_feature_selection_extratrees_p1_20260529_182607,G3_mba_molar_grade,MBA Positive Molar Grade,5,248,648.0,0
shap_feature_selection_extratrees_p1_20260529_182607,G3_mba_molar_grade,MBA Positive Molar Grade,5,249,649.0,0
shap_feature_selection_extratrees_p1_20260529_182607,G3_mba_molar_grade,MBA Positive Molar Grade,5,250,650.0,0
shap_feature_selection_extratrees_p1_20260529_182607,G3_mba_molar_grade,MBA Positive Molar Grade,5,251,651.0,0
shap_feature_selection_extratrees_p1_20260529_182607,G3_mba_molar_grade,MBA Positive Molar Grade,5,252,652.0,0
shap_feature_selection_extratrees_p1_20260529_182607,G3_mba_molar_grade,MBA Positive Molar Grade,5,253,653.0,0
shap_feature_selection_extratrees_p1_20260529_182607,G3_mba_molar_grade,MBA Positive Molar Grade,5,254,654.0,0
shap_feature_selection_extratrees_p1_20260529_182607,G3_mba_molar_grade,MBA Positive Molar Grade,5,255,655.0,0
shap_feature_selection_extratrees_p1_20260529_182607,G3_mba_molar_grade,MBA Positive Molar Grade,5,256,656.0,0
shap_feature_selection_extratrees_p1_20260529_182607,G3_mba_molar_grade,MBA Positive Molar Grade,5,257,657.0,0
shap_feature_selection_extratrees_p1_20260529_182607,G3_mba_molar_grade,MBA Positive Molar Grade,5,258,658.0,0
shap_feature_selection_extratrees_p1_20260529_182607,G3_mba_molar_grade,MBA Positive Molar Grade,5,259,659.0,0
shap_feature_selection_extratrees_p1_20260529_182607,G3_mba_molar_grade,MBA Positive Molar Grade,5,260,660.0,0
shap_feature_selection_extratrees_p1_20260529_182607,G3_mba_molar_grade,MBA Positive Molar Grade,5,261,661.0,0
shap_feature_selection_extratrees_p1_20260529_182607,G3_mba_molar_grade,MBA Positive Molar Grade,5,262,662.0,0
shap_feature_selection_extratrees_p1_20260529_182607,G3_mba_molar_grade,MBA Positive Molar Grade,5,263,663.0,0
shap_feature_selection_extratrees_p1_20260529_182607,G3_mba_molar_grade,MBA Positive Molar Grade,5,264,664.0,0
shap_feature_selection_extratrees_p1_20260529_182607,G3_mba_molar_grade,MBA Positive Molar Grade,5,265,665.0,0
shap_feature_selection_extratrees_p1_20260529_182607,G3_mba_molar_grade,MBA Positive Molar Grade,5,266,666.0,0
shap_feature_selection_extratrees_p1_20260529_182607,G3_mba_molar_grade,MBA Positive Molar Grade,5,267,667.0,0
shap_feature_selection_extratrees_p1_20260529_182607,G3_mba_molar_grade,MBA Positive Molar Grade,5,268,668.0,0
shap_feature_selection_extratrees_p1_20260529_182607,G3_mba_molar_grade,MBA Positive Molar Grade,5,269,669.0,0
shap_feature_selection_extratrees_p1_20260529_182607,G3_mba_molar_grade,MBA Positive Molar Grade,5,270,670.0,0
shap_feature_selection_extratrees_p1_20260529_182607,G3_mba_molar_grade,MBA Positive Molar Grade,5,271,671.0,0
shap_feature_selection_extratrees_p1_20260529_182607,G3_mba_molar_grade,MBA Positive Molar Grade,5,272,672.0,0
shap_feature_selection_extratrees_p1_20260529_182607,G3_mba_molar_grade,MBA Positive Molar Grade,5,273,673.0,0
shap_feature_selection_extratrees_p1_20260529_182607,G3_mba_molar_grade,MBA Positive Molar Grade,5,274,674.0,0
shap_feature_selection_extratrees_p1_20260529_182607,G3_mba_molar_grade,MBA Positive Molar Grade,5,275,675.0,0
shap_feature_selection_extratrees_p1_20260529_182607,G3_mba_molar_grade,MBA Positive Molar Grade,5,276,676.0,0
shap_feature_selection_extratrees_p1_20260529_182607,G3_mba_molar_grade,MBA Positive Molar Grade,5,277,677.0,0
shap_feature_selection_extratrees_p1_20260529_182607,G3_mba_molar_grade,MBA Positive Molar Grade,5,278,678.0,0
shap_feature_selection_extratrees_p1_20260529_182607,G3_mba_molar_grade,MBA Positive Molar Grade,5,279,679.0,0
shap_feature_selection_extratrees_p1_20260529_182607,G3_mba_molar_grade,MBA Positive Molar Grade,5,280,680.0,0
shap_feature_selection_extratrees_p1_20260529_182607,G3_mba_molar_grade,MBA Positive Molar Grade,5,281,681.0,0
shap_feature_selection_extratrees_p1_20260529_182607,G3_mba_molar_grade,MBA Positive Molar Grade,5,282,682.0,0
shap_feature_selection_extratrees_p1_20260529_182607,G3_mba_molar_grade,MBA Positive Molar Grade,5,283,683.0,0
shap_feature_selection_extratrees_p1_20260529_182607,G3_mba_molar_grade,MBA Positive Molar Grade,5,284,684.0,0
shap_feature_selection_extratrees_p1_20260529_182607,G3_mba_molar_grade,MBA Positive Molar Grade,5,285,685.0,0
shap_feature_selection_extratrees_p1_20260529_182607,G3_mba_molar_grade,MBA Positive Molar Grade,5,286,686.0,0
shap_feature_selection_extratrees_p1_20260529_182607,G3_mba_molar_grade,MBA Positive Molar Grade,5,287,687.0,0
shap_feature_selection_extratrees_p1_20260529_182607,G3_mba_molar_grade,MBA Positive Molar Grade,5,288,688.0,0
shap_feature_selection_extratrees_p1_20260529_182607,G3_mba_molar_grade,MBA Positive Molar Grade,5,289,689.0,0
shap_feature_selection_extratrees_p1_20260529_182607,G3_mba_molar_grade,MBA Positive Molar Grade,5,290,690.0,0
shap_feature_selection_extratrees_p1_20260529_182607,G3_mba_molar_grade,MBA Positive Molar Grade,5,291,691.0,0
shap_feature_selection_extratrees_p1_20260529_182607,G3_mba_molar_grade,MBA Positive Molar Grade,5,292,692.0,0
shap_feature_selection_extratrees_p1_20260529_182607,G3_mba_molar_grade,MBA Positive Molar Grade,5,293,693.0,0
shap_feature_selection_extratrees_p1_20260529_182607,G3_mba_molar_grade,MBA Positive Molar Grade,5,294,694.0,0
shap_feature_selection_extratrees_p1_20260529_182607,G3_mba_molar_grade,MBA Positive Molar Grade,5,295,695.0,0
shap_feature_selection_extratrees_p1_20260529_182607,G3_mba_molar_grade,MBA Positive Molar Grade,5,296,696.0,0
shap_feature_selection_extratrees_p1_20260529_182607,G3_mba_molar_grade,MBA Positive Molar Grade,5,297,697.0,0
shap_feature_selection_extratrees_p1_20260529_182607,G3_mba_molar_grade,MBA Positive Molar Grade,5,298,698.0,0
shap_feature_selection_extratrees_p1_20260529_182607,G3_mba_molar_grade,MBA Positive Molar Grade,5,299,699.0,0
shap_feature_selection_extratrees_p1_20260529_182607,G3_mba_molar_grade,MBA Positive Molar Grade,5,300,700.0,0
shap_feature_selection_extratrees_p1_20260529_182607,G3_mba_molar_grade,MBA Positive Molar Grade,5,301,701.0,0
shap_feature_selection_extratrees_p1_20260529_182607,G3_mba_molar_grade,MBA Positive Molar Grade,5,302,702.0,0
shap_feature_selection_extratrees_p1_20260529_182607,G3_mba_molar_grade,MBA Positive Molar Grade,5,303,703.0,0
shap_feature_selection_extratrees_p1_20260529_182607,G3_mba_molar_grade,MBA Positive Molar Grade,5,304,704.0,1
shap_feature_selection_extratrees_p1_20260529_182607,G3_mba_molar_grade,MBA Positive Molar Grade,5,305,705.0,0
shap_feature_selection_extratrees_p1_20260529_182607,G3_mba_molar_grade,MBA Positive Molar Grade,5,306,706.0,1
shap_feature_selection_extratrees_p1_20260529_182607,G3_mba_molar_grade,MBA Positive Molar Grade,5,307,707.0,0
shap_feature_selection_extratrees_p1_20260529_182607,G3_mba_molar_grade,MBA Positive Molar Grade,5,308,708.0,0
shap_feature_selection_extratrees_p1_20260529_182607,G3_mba_molar_grade,MBA Positive Molar Grade,5,309,709.0,0
shap_feature_selection_extratrees_p1_20260529_182607,G3_mba_molar_grade,MBA Positive Molar Grade,5,310,710.0,0
shap_feature_selection_extratrees_p1_20260529_182607,G3_mba_molar_grade,MBA Positive Molar Grade,5,311,711.0,0
shap_feature_selection_extratrees_p1_20260529_182607,G3_mba_molar_grade,MBA Positive Molar Grade,5,312,712.0,0
shap_feature_selection_extratrees_p1_20260529_182607,G3_mba_molar_grade,MBA Positive Molar Grade,5,313,713.0,0
shap_feature_selection_extratrees_p1_20260529_182607,G3_mba_molar_grade,MBA Positive Molar Grade,5,314,714.0,0
shap_feature_selection_extratrees_p1_20260529_182607,G3_mba_molar_grade,MBA Positive Molar Grade,5,315,715.0,0
shap_feature_selection_extratrees_p1_20260529_182607,G3_mba_molar_grade,MBA Positive Molar Grade,5,316,716.0,0
shap_feature_selection_extratrees_p1_20260529_182607,G3_mba_molar_grade,MBA Positive Molar Grade,5,317,717.0,0
shap_feature_selection_extratrees_p1_20260529_182607,G3_mba_molar_grade,MBA Positive Molar Grade,5,318,718.0,0
shap_feature_selection_extratrees_p1_20260529_182607,G3_mba_molar_grade,MBA Positive Molar Grade,5,319,719.0,0
shap_feature_selection_extratrees_p1_20260529_182607,G3_mba_molar_grade,MBA Positive Molar Grade,5,320,720.0,0
shap_feature_selection_extratrees_p1_20260529_182607,G3_mba_molar_grade,MBA Positive Molar Grade,5,321,721.0,0
shap_feature_selection_extratrees_p1_20260529_182607,G3_mba_molar_grade,MBA Positive Molar Grade,5,322,722.0,0
shap_feature_selection_extratrees_p1_20260529_182607,G3_mba_molar_grade,MBA Positive Molar Grade,5,323,723.0,0
shap_feature_selection_extratrees_p1_20260529_182607,G3_mba_molar_grade,MBA Positive Molar Grade,5,324,724.0,0
shap_feature_selection_extratrees_p1_20260529_182607,G3_mba_molar_grade,MBA Positive Molar Grade,5,325,725.0,0
shap_feature_selection_extratrees_p1_20260529_182607,G3_mba_molar_grade,MBA Positive Molar Grade,5,326,726.0,0
shap_feature_selection_extratrees_p1_20260529_182607,G3_mba_molar_grade,MBA Positive Molar Grade,5,327,727.0,0
shap_feature_selection_extratrees_p1_20260529_182607,G3_mba_molar_grade,MBA Positive Molar Grade,5,328,728.0,0
shap_feature_selection_extratrees_p1_20260529_182607,G3_mba_molar_grade,MBA Positive Molar Grade,5,329,729.0,0
shap_feature_selection_extratrees_p1_20260529_182607,G3_mba_molar_grade,MBA Positive Molar Grade,5,330,730.0,0
shap_feature_selection_extratrees_p1_20260529_182607,G3_mba_molar_grade,MBA Positive Molar Grade,5,331,731.0,0
shap_feature_selection_extratrees_p1_20260529_182607,G3_mba_molar_grade,MBA Positive Molar Grade,5,332,732.0,0
shap_feature_selection_extratrees_p1_20260529_182607,G3_mba_molar_grade,MBA Positive Molar Grade,5,333,733.0,0
shap_feature_selection_extratrees_p1_20260529_182607,G3_mba_molar_grade,MBA Positive Molar Grade,5,334,734.0,0
shap_feature_selection_extratrees_p1_20260529_182607,G3_mba_molar_grade,MBA Positive Molar Grade,5,335,735.0,0
shap_feature_selection_extratrees_p1_20260529_182607,G3_mba_molar_grade,MBA Positive Molar Grade,5,336,736.0,0
shap_feature_selection_extratrees_p1_20260529_182607,G3_mba_molar_grade,MBA Positive Molar Grade,5,337,737.0,0
shap_feature_selection_extratrees_p1_20260529_182607,G3_mba_molar_grade,MBA Positive Molar Grade,5,338,738.0,0
shap_feature_selection_extratrees_p1_20260529_182607,G3_mba_molar_grade,MBA Positive Molar Grade,5,339,739.0,0
shap_feature_selection_extratrees_p1_20260529_182607,G3_mba_molar_grade,MBA Positive Molar Grade,5,340,740.0,0
shap_feature_selection_extratrees_p1_20260529_182607,G3_mba_molar_grade,MBA Positive Molar Grade,5,341,741.0,0
shap_feature_selection_extratrees_p1_20260529_182607,G3_mba_molar_grade,MBA Positive Molar Grade,5,342,742.0,0
shap_feature_selection_extratrees_p1_20260529_182607,G3_mba_molar_grade,MBA Positive Molar Grade,5,343,743.0,0
shap_feature_selection_extratrees_p1_20260529_182607,G3_mba_molar_grade,MBA Positive Molar Grade,5,344,744.0,0
shap_feature_selection_extratrees_p1_20260529_182607,G3_mba_molar_grade,MBA Positive Molar Grade,5,345,745.0,0
shap_feature_selection_extratrees_p1_20260529_182607,G3_mba_molar_grade,MBA Positive Molar Grade,5,346,746.0,0
shap_feature_selection_extratrees_p1_20260529_182607,G3_mba_molar_grade,MBA Positive Molar Grade,5,347,747.0,0
shap_feature_selection_extratrees_p1_20260529_182607,G3_mba_molar_grade,MBA Positive Molar Grade,5,348,748.0,0
shap_feature_selection_extratrees_p1_20260529_182607,G3_mba_molar_grade,MBA Positive Molar Grade,5,349,749.0,0
shap_feature_selection_extratrees_p1_20260529_182607,G3_mba_molar_grade,MBA Positive Molar Grade,5,350,750.0,0
shap_feature_selection_extratrees_p1_20260529_182607,G3_mba_molar_grade,MBA Positive Molar Grade,5,351,751.0,0
shap_feature_selection_extratrees_p1_20260529_182607,G3_mba_molar_grade,MBA Positive Molar Grade,5,352,752.0,0
shap_feature_selection_extratrees_p1_20260529_182607,G3_mba_molar_grade,MBA Positive Molar Grade,5,353,753.0,0
shap_feature_selection_extratrees_p1_20260529_182607,G3_mba_molar_grade,MBA Positive Molar Grade,5,354,754.0,0
shap_feature_selection_extratrees_p1_20260529_182607,G3_mba_molar_grade,MBA Positive Molar Grade,5,355,755.0,0
shap_feature_selection_extratrees_p1_20260529_182607,G3_mba_molar_grade,MBA Positive Molar Grade,5,356,756.0,0
shap_feature_selection_extratrees_p1_20260529_182607,G3_mba_molar_grade,MBA Positive Molar Grade,5,357,757.0,0
shap_feature_selection_extratrees_p1_20260529_182607,G3_mba_molar_grade,MBA Positive Molar Grade,5,358,758.0,0
shap_feature_selection_extratrees_p1_20260529_182607,G3_mba_molar_grade,MBA Positive Molar Grade,5,359,759.0,0
shap_feature_selection_extratrees_p1_20260529_182607,G3_mba_molar_grade,MBA Positive Molar Grade,5,360,760.0,0
shap_feature_selection_extratrees_p1_20260529_182607,G3_mba_molar_grade,MBA Positive Molar Grade,5,361,761.0,0
shap_feature_selection_extratrees_p1_20260529_182607,G3_mba_molar_grade,MBA Positive Molar Grade,5,362,762.0,0
shap_feature_selection_extratrees_p1_20260529_182607,G3_mba_molar_grade,MBA Positive Molar Grade,5,363,763.0,0
shap_feature_selection_extratrees_p1_20260529_182607,G3_mba_molar_grade,MBA Positive Molar Grade,5,364,764.0,0
shap_feature_selection_extratrees_p1_20260529_182607,G3_mba_molar_grade,MBA Positive Molar Grade,5,365,765.0,0
shap_feature_selection_extratrees_p1_20260529_182607,G3_mba_molar_grade,MBA Positive Molar Grade,5,366,766.0,0
shap_feature_selection_extratrees_p1_20260529_182607,G3_mba_molar_grade,MBA Positive Molar Grade,5,367,767.0,0
shap_feature_selection_extratrees_p1_20260529_182607,G3_mba_molar_grade,MBA Positive Molar Grade,5,368,768.0,0
shap_feature_selection_extratrees_p1_20260529_182607,G3_mba_molar_grade,MBA Positive Molar Grade,5,369,769.0,0
shap_feature_selection_extratrees_p1_20260529_182607,G3_mba_molar_grade,MBA Positive Molar Grade,5,370,770.0,0
shap_feature_selection_extratrees_p1_20260529_182607,G3_mba_molar_grade,MBA Positive Molar Grade,5,371,771.0,0
shap_feature_selection_extratrees_p1_20260529_182607,G3_mba_molar_grade,MBA Positive Molar Grade,5,372,772.0,0
shap_feature_selection_extratrees_p1_20260529_182607,G3_mba_molar_grade,MBA Positive Molar Grade,5,373,773.0,0
shap_feature_selection_extratrees_p1_20260529_182607,G3_mba_molar_grade,MBA Positive Molar Grade,5,374,774.0,0
shap_feature_selection_extratrees_p1_20260529_182607,G3_mba_molar_grade,MBA Positive Molar Grade,5,375,775.0,0
shap_feature_selection_extratrees_p1_20260529_182607,G3_mba_molar_grade,MBA Positive Molar Grade,5,376,776.0,0
shap_feature_selection_extratrees_p1_20260529_182607,G3_mba_molar_grade,MBA Positive Molar Grade,5,377,777.0,0
shap_feature_selection_extratrees_p1_20260529_182607,G3_mba_molar_grade,MBA Positive Molar Grade,5,378,778.0,0
shap_feature_selection_extratrees_p1_20260529_182607,G3_mba_molar_grade,MBA Positive Molar Grade,5,379,779.0,0
shap_feature_selection_extratrees_p1_20260529_182607,G3_mba_molar_grade,MBA Positive Molar Grade,5,380,780.0,0
shap_feature_selection_extratrees_p1_20260529_182607,G3_mba_molar_grade,MBA Positive Molar Grade,5,381,781.0,0
shap_feature_selection_extratrees_p1_20260529_182607,G3_mba_molar_grade,MBA Positive Molar Grade,5,382,782.0,0
shap_feature_selection_extratrees_p1_20260529_182607,G3_mba_molar_grade,MBA Positive Molar Grade,5,383,783.0,0
shap_feature_selection_extratrees_p1_20260529_182607,G3_mba_molar_grade,MBA Positive Molar Grade,5,384,784.0,0
shap_feature_selection_extratrees_p1_20260529_182607,G3_mba_molar_grade,MBA Positive Molar Grade,5,385,785.0,0
shap_feature_selection_extratrees_p1_20260529_182607,G3_mba_molar_grade,MBA Positive Molar Grade,5,386,786.0,0
shap_feature_selection_extratrees_p1_20260529_182607,G3_mba_molar_grade,MBA Positive Molar Grade,5,387,787.0,0
shap_feature_selection_extratrees_p1_20260529_182607,G3_mba_molar_grade,MBA Positive Molar Grade,5,388,788.0,0
shap_feature_selection_extratrees_p1_20260529_182607,G3_mba_molar_grade,MBA Positive Molar Grade,5,389,789.0,0
shap_feature_selection_extratrees_p1_20260529_182607,G3_mba_molar_grade,MBA Positive Molar Grade,5,390,790.0,0
shap_feature_selection_extratrees_p1_20260529_182607,G3_mba_molar_grade,MBA Positive Molar Grade,5,391,791.0,0
shap_feature_selection_extratrees_p1_20260529_182607,G3_mba_molar_grade,MBA Positive Molar Grade,5,392,792.0,0
shap_feature_selection_extratrees_p1_20260529_182607,G3_mba_molar_grade,MBA Positive Molar Grade,5,393,793.0,0
shap_feature_selection_extratrees_p1_20260529_182607,G3_mba_molar_grade,MBA Positive Molar Grade,5,394,794.0,0
shap_feature_selection_extratrees_p1_20260529_182607,G3_mba_molar_grade,MBA Positive Molar Grade,5,395,795.0,0
shap_feature_selection_extratrees_p1_20260529_182607,G3_mba_molar_grade,MBA Positive Molar Grade,5,396,796.0,0
shap_feature_selection_extratrees_p1_20260529_182607,G3_mba_molar_grade,MBA Positive Molar Grade,5,397,797.0,0
shap_feature_selection_extratrees_p1_20260529_182607,G3_mba_molar_grade,MBA Positive Molar Grade,5,398,798.0,0
shap_feature_selection_extratrees_p1_20260529_182607,G3_mba_molar_grade,MBA Positive Molar Grade,5,399,799.0,0
shap_feature_selection_extratrees_p1_20260529_182607,G3_mba_molar_grade,MBA Positive Molar Grade,5,400,800.0,0
shap_feature_selection_extratrees_p1_20260529_182607,G3_mba_molar_grade,MBA Positive Molar Grade,5,401,801.0,0
shap_feature_selection_extratrees_p1_20260529_182607,G3_mba_molar_grade,MBA Positive Molar Grade,5,402,802.0,0
shap_feature_selection_extratrees_p1_20260529_182607,G3_mba_molar_grade,MBA Positive Molar Grade,5,403,803.0,0
shap_feature_selection_extratrees_p1_20260529_182607,G3_mba_molar_grade,MBA Positive Molar Grade,5,404,804.0,0
shap_feature_selection_extratrees_p1_20260529_182607,G3_mba_molar_grade,MBA Positive Molar Grade,5,405,805.0,0
shap_feature_selection_extratrees_p1_20260529_182607,G3_mba_molar_grade,MBA Positive Molar Grade,5,406,806.0,0
shap_feature_selection_extratrees_p1_20260529_182607,G3_mba_molar_grade,MBA Positive Molar Grade,5,407,807.0,0
shap_feature_selection_extratrees_p1_20260529_182607,G3_mba_molar_grade,MBA Positive Molar Grade,5,408,808.0,0
shap_feature_selection_extratrees_p1_20260529_182607,G3_mba_molar_grade,MBA Positive Molar Grade,5,409,809.0,0
shap_feature_selection_extratrees_p1_20260529_182607,G3_mba_molar_grade,MBA Positive Molar Grade,5,410,810.0,0
shap_feature_selection_extratrees_p1_20260529_182607,G3_mba_molar_grade,MBA Positive Molar Grade,5,411,811.0,0
shap_feature_selection_extratrees_p1_20260529_182607,G3_mba_molar_grade,MBA Positive Molar Grade,5,412,812.0,0
shap_feature_selection_extratrees_p1_20260529_182607,G3_mba_molar_grade,MBA Positive Molar Grade,5,413,813.0,0
shap_feature_selection_extratrees_p1_20260529_182607,G3_mba_molar_grade,MBA Positive Molar Grade,5,414,814.0,0
shap_feature_selection_extratrees_p1_20260529_182607,G3_mba_molar_grade,MBA Positive Molar Grade,5,415,815.0,0
shap_feature_selection_extratrees_p1_20260529_182607,G3_mba_molar_grade,MBA Positive Molar Grade,5,416,816.0,0
shap_feature_selection_extratrees_p1_20260529_182607,G3_mba_molar_grade,MBA Positive Molar Grade,5,417,817.0,0
shap_feature_selection_extratrees_p1_20260529_182607,G3_mba_molar_grade,MBA Positive Molar Grade,5,418,818.0,0
shap_feature_selection_extratrees_p1_20260529_182607,G3_mba_molar_grade,MBA Positive Molar Grade,5,419,819.0,0
shap_feature_selection_extratrees_p1_20260529_182607,G3_mba_molar_grade,MBA Positive Molar Grade,5,420,820.0,0
shap_feature_selection_extratrees_p1_20260529_182607,G3_mba_molar_grade,MBA Positive Molar Grade,5,421,821.0,0
shap_feature_selection_extratrees_p1_20260529_182607,G3_mba_molar_grade,MBA Positive Molar Grade,5,422,822.0,0
shap_feature_selection_extratrees_p1_20260529_182607,G3_mba_molar_grade,MBA Positive Molar Grade,5,423,823.0,0
shap_feature_selection_extratrees_p1_20260529_182607,G3_mba_molar_grade,MBA Positive Molar Grade,5,424,824.0,0
shap_feature_selection_extratrees_p1_20260529_182607,G3_mba_molar_grade,MBA Positive Molar Grade,5,425,825.0,0
shap_feature_selection_extratrees_p1_20260529_182607,G3_mba_molar_grade,MBA Positive Molar Grade,5,426,826.0,0
shap_feature_selection_extratrees_p1_20260529_182607,G3_mba_molar_grade,MBA Positive Molar Grade,5,427,827.0,0
shap_feature_selection_extratrees_p1_20260529_182607,G3_mba_molar_grade,MBA Positive Molar Grade,5,428,828.0,0
shap_feature_selection_extratrees_p1_20260529_182607,G3_mba_molar_grade,MBA Positive Molar Grade,5,429,829.0,0
shap_feature_selection_extratrees_p1_20260529_182607,G3_mba_molar_grade,MBA Positive Molar Grade,5,430,830.0,0
shap_feature_selection_extratrees_p1_20260529_182607,G3_mba_molar_grade,MBA Positive Molar Grade,5,431,831.0,0
shap_feature_selection_extratrees_p1_20260529_182607,G3_mba_molar_grade,MBA Positive Molar Grade,5,432,832.0,0
shap_feature_selection_extratrees_p1_20260529_182607,G3_mba_molar_grade,MBA Positive Molar Grade,5,433,833.0,0
shap_feature_selection_extratrees_p1_20260529_182607,G3_mba_molar_grade,MBA Positive Molar Grade,5,434,834.0,0
shap_feature_selection_extratrees_p1_20260529_182607,G3_mba_molar_grade,MBA Positive Molar Grade,5,435,835.0,0
shap_feature_selection_extratrees_p1_20260529_182607,G3_mba_molar_grade,MBA Positive Molar Grade,5,436,836.0,0
shap_feature_selection_extratrees_p1_20260529_182607,G3_mba_molar_grade,MBA Positive Molar Grade,5,437,837.0,0
shap_feature_selection_extratrees_p1_20260529_182607,G3_mba_molar_grade,MBA Positive Molar Grade,5,438,838.0,0
shap_feature_selection_extratrees_p1_20260529_182607,G3_mba_molar_grade,MBA Positive Molar Grade,5,439,839.0,0
shap_feature_selection_extratrees_p1_20260529_182607,G3_mba_molar_grade,MBA Positive Molar Grade,5,440,840.0,0
shap_feature_selection_extratrees_p1_20260529_182607,G3_mba_molar_grade,MBA Positive Molar Grade,5,441,841.0,0
shap_feature_selection_extratrees_p1_20260529_182607,G3_mba_molar_grade,MBA Positive Molar Grade,5,442,842.0,0
shap_feature_selection_extratrees_p1_20260529_182607,G3_mba_molar_grade,MBA Positive Molar Grade,5,443,843.0,0
shap_feature_selection_extratrees_p1_20260529_182607,G3_mba_molar_grade,MBA Positive Molar Grade,5,444,844.0,0
shap_feature_selection_extratrees_p1_20260529_182607,G3_mba_molar_grade,MBA Positive Molar Grade,5,445,845.0,0
shap_feature_selection_extratrees_p1_20260529_182607,G3_mba_molar_grade,MBA Positive Molar Grade,5,446,846.0,0
shap_feature_selection_extratrees_p1_20260529_182607,G3_mba_molar_grade,MBA Positive Molar Grade,5,447,847.0,0
shap_feature_selection_extratrees_p1_20260529_182607,G3_mba_molar_grade,MBA Positive Molar Grade,5,448,848.0,0
shap_feature_selection_extratrees_p1_20260529_182607,G3_mba_molar_grade,MBA Positive Molar Grade,5,449,849.0,0
shap_feature_selection_extratrees_p1_20260529_182607,G3_mba_molar_grade,MBA Positive Molar Grade,5,450,850.0,0
shap_feature_selection_extratrees_p1_20260529_182607,G3_mba_molar_grade,MBA Positive Molar Grade,5,451,851.0,0
shap_feature_selection_extratrees_p1_20260529_182607,G3_mba_molar_grade,MBA Positive Molar Grade,5,452,852.0,0
shap_feature_selection_extratrees_p1_20260529_182607,G3_mba_molar_grade,MBA Positive Molar Grade,5,453,853.0,0
shap_feature_selection_extratrees_p1_20260529_182607,G3_mba_molar_grade,MBA Positive Molar Grade,5,454,854.0,0
shap_feature_selection_extratrees_p1_20260529_182607,G3_mba_molar_grade,MBA Positive Molar Grade,5,455,855.0,0
shap_feature_selection_extratrees_p1_20260529_182607,G3_mba_molar_grade,MBA Positive Molar Grade,5,456,856.0,0
shap_feature_selection_extratrees_p1_20260529_182607,G3_mba_molar_grade,MBA Positive Molar Grade,5,457,857.0,1
shap_feature_selection_extratrees_p1_20260529_182607,G3_mba_molar_grade,MBA Positive Molar Grade,5,458,858.0,0
shap_feature_selection_extratrees_p1_20260529_182607,G3_mba_molar_grade,MBA Positive Molar Grade,5,459,859.0,1
shap_feature_selection_extratrees_p1_20260529_182607,G3_mba_molar_grade,MBA Positive Molar Grade,5,460,860.0,0
shap_feature_selection_extratrees_p1_20260529_182607,G3_mba_molar_grade,MBA Positive Molar Grade,5,461,861.0,0
shap_feature_selection_extratrees_p1_20260529_182607,G3_mba_molar_grade,MBA Positive Molar Grade,5,462,862.0,0
shap_feature_selection_extratrees_p1_20260529_182607,G3_mba_molar_grade,MBA Positive Molar Grade,5,463,863.0,0
shap_feature_selection_extratrees_p1_20260529_182607,G3_mba_molar_grade,MBA Positive Molar Grade,5,464,864.0,0
shap_feature_selection_extratrees_p1_20260529_182607,G3_mba_molar_grade,MBA Positive Molar Grade,5,465,865.0,0
shap_feature_selection_extratrees_p1_20260529_182607,G3_mba_molar_grade,MBA Positive Molar Grade,5,466,866.0,0
shap_feature_selection_extratrees_p1_20260529_182607,G3_mba_molar_grade,MBA Positive Molar Grade,5,467,867.0,0
shap_feature_selection_extratrees_p1_20260529_182607,G3_mba_molar_grade,MBA Positive Molar Grade,5,468,868.0,0
shap_feature_selection_extratrees_p1_20260529_182607,G3_mba_molar_grade,MBA Positive Molar Grade,5,469,869.0,0
shap_feature_selection_extratrees_p1_20260529_182607,G3_mba_molar_grade,MBA Positive Molar Grade,5,470,870.0,0
shap_feature_selection_extratrees_p1_20260529_182607,G3_mba_molar_grade,MBA Positive Molar Grade,5,471,871.0,0
shap_feature_selection_extratrees_p1_20260529_182607,G3_mba_molar_grade,MBA Positive Molar Grade,5,472,872.0,0
shap_feature_selection_extratrees_p1_20260529_182607,G3_mba_molar_grade,MBA Positive Molar Grade,5,473,873.0,0
shap_feature_selection_extratrees_p1_20260529_182607,G3_mba_molar_grade,MBA Positive Molar Grade,5,474,874.0,0
shap_feature_selection_extratrees_p1_20260529_182607,G3_mba_molar_grade,MBA Positive Molar Grade,5,475,875.0,0
shap_feature_selection_extratrees_p1_20260529_182607,G3_mba_molar_grade,MBA Positive Molar Grade,5,476,876.0,0
shap_feature_selection_extratrees_p1_20260529_182607,G3_mba_molar_grade,MBA Positive Molar Grade,5,477,877.0,0
shap_feature_selection_extratrees_p1_20260529_182607,G3_mba_molar_grade,MBA Positive Molar Grade,5,478,878.0,0
shap_feature_selection_extratrees_p1_20260529_182607,G3_mba_molar_grade,MBA Positive Molar Grade,5,479,879.0,0
shap_feature_selection_extratrees_p1_20260529_182607,G3_mba_molar_grade,MBA Positive Molar Grade,5,480,880.0,0
shap_feature_selection_extratrees_p1_20260529_182607,G3_mba_molar_grade,MBA Positive Molar Grade,5,481,881.0,0
shap_feature_selection_extratrees_p1_20260529_182607,G3_mba_molar_grade,MBA Positive Molar Grade,5,482,882.0,0
shap_feature_selection_extratrees_p1_20260529_182607,G3_mba_molar_grade,MBA Positive Molar Grade,5,483,883.0,0
shap_feature_selection_extratrees_p1_20260529_182607,G3_mba_molar_grade,MBA Positive Molar Grade,5,484,884.0,0
shap_feature_selection_extratrees_p1_20260529_182607,G3_mba_molar_grade,MBA Positive Molar Grade,5,485,885.0,0
shap_feature_selection_extratrees_p1_20260529_182607,G3_mba_molar_grade,MBA Positive Molar Grade,5,486,886.0,0
shap_feature_selection_extratrees_p1_20260529_182607,G3_mba_molar_grade,MBA Positive Molar Grade,5,487,887.0,0
shap_feature_selection_extratrees_p1_20260529_182607,G3_mba_molar_grade,MBA Positive Molar Grade,5,488,888.0,0
shap_feature_selection_extratrees_p1_20260529_182607,G3_mba_molar_grade,MBA Positive Molar Grade,5,489,889.0,0
shap_feature_selection_extratrees_p1_20260529_182607,G3_mba_molar_grade,MBA Positive Molar Grade,5,490,890.0,0
shap_feature_selection_extratrees_p1_20260529_182607,G3_mba_molar_grade,MBA Positive Molar Grade,5,491,891.0,0
shap_feature_selection_extratrees_p1_20260529_182607,G3_mba_molar_grade,MBA Positive Molar Grade,5,492,892.0,0
shap_feature_selection_extratrees_p1_20260529_182607,G3_mba_molar_grade,MBA Positive Molar Grade,5,493,893.0,0
shap_feature_selection_extratrees_p1_20260529_182607,G3_mba_molar_grade,MBA Positive Molar Grade,5,494,894.0,0
shap_feature_selection_extratrees_p1_20260529_182607,G3_mba_molar_grade,MBA Positive Molar Grade,5,495,895.0,0
shap_feature_selection_extratrees_p1_20260529_182607,G3_mba_molar_grade,MBA Positive Molar Grade,5,496,896.0,0
shap_feature_selection_extratrees_p1_20260529_182607,G3_mba_molar_grade,MBA Positive Molar Grade,5,497,897.0,0
shap_feature_selection_extratrees_p1_20260529_182607,G3_mba_molar_grade,MBA Positive Molar Grade,5,498,898.0,0
shap_feature_selection_extratrees_p1_20260529_182607,G3_mba_molar_grade,MBA Positive Molar Grade,5,499,899.0,0
shap_feature_selection_extratrees_p1_20260529_182607,G3_mba_molar_grade,MBA Positive Molar Grade,5,500,900.0,0
shap_feature_selection_extratrees_p1_20260529_182607,G3_mba_molar_grade,MBA Positive Molar Grade,5,501,901.0,0
shap_feature_selection_extratrees_p1_20260529_182607,G3_mba_molar_grade,MBA Positive Molar Grade,5,502,902.0,0
shap_feature_selection_extratrees_p1_20260529_182607,G3_mba_molar_grade,MBA Positive Molar Grade,5,503,903.0,0
shap_feature_selection_extratrees_p1_20260529_182607,G3_mba_molar_grade,MBA Positive Molar Grade,5,504,904.0,0
shap_feature_selection_extratrees_p1_20260529_182607,G3_mba_molar_grade,MBA Positive Molar Grade,5,505,905.0,0
shap_feature_selection_extratrees_p1_20260529_182607,G3_mba_molar_grade,MBA Positive Molar Grade,5,506,906.0,0
shap_feature_selection_extratrees_p1_20260529_182607,G3_mba_molar_grade,MBA Positive Molar Grade,5,507,907.0,0
shap_feature_selection_extratrees_p1_20260529_182607,G3_mba_molar_grade,MBA Positive Molar Grade,5,508,908.0,0
shap_feature_selection_extratrees_p1_20260529_182607,G3_mba_molar_grade,MBA Positive Molar Grade,5,509,909.0,0
shap_feature_selection_extratrees_p1_20260529_182607,G3_mba_molar_grade,MBA Positive Molar Grade,5,510,910.0,0
shap_feature_selection_extratrees_p1_20260529_182607,G3_mba_molar_grade,MBA Positive Molar Grade,5,511,911.0,0
shap_feature_selection_extratrees_p1_20260529_182607,G3_mba_molar_grade,MBA Positive Molar Grade,5,512,912.0,0
shap_feature_selection_extratrees_p1_20260529_182607,G3_mba_molar_grade,MBA Positive Molar Grade,5,513,913.0,0
shap_feature_selection_extratrees_p1_20260529_182607,G3_mba_molar_grade,MBA Positive Molar Grade,5,514,914.0,0
shap_feature_selection_extratrees_p1_20260529_182607,G3_mba_molar_grade,MBA Positive Molar Grade,5,515,915.0,0
shap_feature_selection_extratrees_p1_20260529_182607,G3_mba_molar_grade,MBA Positive Molar Grade,5,516,916.0,0
shap_feature_selection_extratrees_p1_20260529_182607,G3_mba_molar_grade,MBA Positive Molar Grade,5,517,917.0,0
shap_feature_selection_extratrees_p1_20260529_182607,G3_mba_molar_grade,MBA Positive Molar Grade,5,518,918.0,0
shap_feature_selection_extratrees_p1_20260529_182607,G3_mba_molar_grade,MBA Positive Molar Grade,5,519,919.0,0
shap_feature_selection_extratrees_p1_20260529_182607,G3_mba_molar_grade,MBA Positive Molar Grade,5,520,920.0,0
shap_feature_selection_extratrees_p1_20260529_182607,G3_mba_molar_grade,MBA Positive Molar Grade,5,521,921.0,0
shap_feature_selection_extratrees_p1_20260529_182607,G3_mba_molar_grade,MBA Positive Molar Grade,5,522,922.0,0
shap_feature_selection_extratrees_p1_20260529_182607,G3_mba_molar_grade,MBA Positive Molar Grade,5,523,923.0,0
shap_feature_selection_extratrees_p1_20260529_182607,G3_mba_molar_grade,MBA Positive Molar Grade,5,524,924.0,0
shap_feature_selection_extratrees_p1_20260529_182607,G3_mba_molar_grade,MBA Positive Molar Grade,5,525,925.0,0
shap_feature_selection_extratrees_p1_20260529_182607,G3_mba_molar_grade,MBA Positive Molar Grade,5,526,926.0,0
shap_feature_selection_extratrees_p1_20260529_182607,G3_mba_molar_grade,MBA Positive Molar Grade,5,527,927.0,0
shap_feature_selection_extratrees_p1_20260529_182607,G3_mba_molar_grade,MBA Positive Molar Grade,5,528,928.0,0
shap_feature_selection_extratrees_p1_20260529_182607,G3_mba_molar_grade,MBA Positive Molar Grade,5,529,929.0,0
shap_feature_selection_extratrees_p1_20260529_182607,G3_mba_molar_grade,MBA Positive Molar Grade,5,530,930.0,0
shap_feature_selection_extratrees_p1_20260529_182607,G3_mba_molar_grade,MBA Positive Molar Grade,5,531,931.0,0
shap_feature_selection_extratrees_p1_20260529_182607,G3_mba_molar_grade,MBA Positive Molar Grade,5,532,932.0,0
shap_feature_selection_extratrees_p1_20260529_182607,G3_mba_molar_grade,MBA Positive Molar Grade,5,533,933.0,0
shap_feature_selection_extratrees_p1_20260529_182607,G3_mba_molar_grade,MBA Positive Molar Grade,5,534,934.0,0
shap_feature_selection_extratrees_p1_20260529_182607,G3_mba_molar_grade,MBA Positive Molar Grade,5,535,935.0,0
shap_feature_selection_extratrees_p1_20260529_182607,G3_mba_molar_grade,MBA Positive Molar Grade,5,536,936.0,0
shap_feature_selection_extratrees_p1_20260529_182607,G3_mba_molar_grade,MBA Positive Molar Grade,5,537,937.0,0
shap_feature_selection_extratrees_p1_20260529_182607,G3_mba_molar_grade,MBA Positive Molar Grade,5,538,938.0,0
shap_feature_selection_extratrees_p1_20260529_182607,G3_mba_molar_grade,MBA Positive Molar Grade,5,539,939.0,0
shap_feature_selection_extratrees_p1_20260529_182607,G3_mba_molar_grade,MBA Positive Molar Grade,5,540,940.0,1
shap_feature_selection_extratrees_p1_20260529_182607,G3_mba_molar_grade,MBA Positive Molar Grade,5,541,941.0,0
shap_feature_selection_extratrees_p1_20260529_182607,G3_mba_molar_grade,MBA Positive Molar Grade,5,542,942.0,0
shap_feature_selection_extratrees_p1_20260529_182607,G3_mba_molar_grade,MBA Positive Molar Grade,5,543,943.0,0
shap_feature_selection_extratrees_p1_20260529_182607,G3_mba_molar_grade,MBA Positive Molar Grade,5,544,944.0,0
shap_feature_selection_extratrees_p1_20260529_182607,G3_mba_molar_grade,MBA Positive Molar Grade,5,545,945.0,0
shap_feature_selection_extratrees_p1_20260529_182607,G3_mba_molar_grade,MBA Positive Molar Grade,5,546,946.0,0
shap_feature_selection_extratrees_p1_20260529_182607,G3_mba_molar_grade,MBA Positive Molar Grade,5,547,947.0,0
shap_feature_selection_extratrees_p1_20260529_182607,G3_mba_molar_grade,MBA Positive Molar Grade,5,548,948.0,0
shap_feature_selection_extratrees_p1_20260529_182607,G3_mba_molar_grade,MBA Positive Molar Grade,5,549,949.0,0
shap_feature_selection_extratrees_p1_20260529_182607,G3_mba_molar_grade,MBA Positive Molar Grade,5,550,950.0,0
shap_feature_selection_extratrees_p1_20260529_182607,G3_mba_molar_grade,MBA Positive Molar Grade,5,551,951.0,0
shap_feature_selection_extratrees_p1_20260529_182607,G3_mba_molar_grade,MBA Positive Molar Grade,5,552,952.0,0
shap_feature_selection_extratrees_p1_20260529_182607,G3_mba_molar_grade,MBA Positive Molar Grade,5,553,953.0,0
shap_feature_selection_extratrees_p1_20260529_182607,G3_mba_molar_grade,MBA Positive Molar Grade,5,554,954.0,0
shap_feature_selection_extratrees_p1_20260529_182607,G3_mba_molar_grade,MBA Positive Molar Grade,5,555,955.0,0
shap_feature_selection_extratrees_p1_20260529_182607,G3_mba_molar_grade,MBA Positive Molar Grade,5,556,956.0,0
shap_feature_selection_extratrees_p1_20260529_182607,G3_mba_molar_grade,MBA Positive Molar Grade,5,557,957.0,0
shap_feature_selection_extratrees_p1_20260529_182607,G3_mba_molar_grade,MBA Positive Molar Grade,5,558,958.0,0
shap_feature_selection_extratrees_p1_20260529_182607,G3_mba_molar_grade,MBA Positive Molar Grade,5,559,959.0,0
shap_feature_selection_extratrees_p1_20260529_182607,G3_mba_molar_grade,MBA Positive Molar Grade,5,560,960.0,0
shap_feature_selection_extratrees_p1_20260529_182607,G3_mba_molar_grade,MBA Positive Molar Grade,5,561,961.0,0
shap_feature_selection_extratrees_p1_20260529_182607,G3_mba_molar_grade,MBA Positive Molar Grade,5,562,962.0,0
shap_feature_selection_extratrees_p1_20260529_182607,G3_mba_molar_grade,MBA Positive Molar Grade,5,563,963.0,0
shap_feature_selection_extratrees_p1_20260529_182607,G3_mba_molar_grade,MBA Positive Molar Grade,5,564,964.0,0
shap_feature_selection_extratrees_p1_20260529_182607,G3_mba_molar_grade,MBA Positive Molar Grade,5,565,965.0,0
shap_feature_selection_extratrees_p1_20260529_182607,G3_mba_molar_grade,MBA Positive Molar Grade,5,566,966.0,0
shap_feature_selection_extratrees_p1_20260529_182607,G3_mba_molar_grade,MBA Positive Molar Grade,5,567,967.0,0
shap_feature_selection_extratrees_p1_20260529_182607,G3_mba_molar_grade,MBA Positive Molar Grade,5,568,968.0,0
shap_feature_selection_extratrees_p1_20260529_182607,G3_mba_molar_grade,MBA Positive Molar Grade,5,569,969.0,0
shap_feature_selection_extratrees_p1_20260529_182607,G3_mba_molar_grade,MBA Positive Molar Grade,5,570,970.0,0
shap_feature_selection_extratrees_p1_20260529_182607,G3_mba_molar_grade,MBA Positive Molar Grade,5,571,971.0,0
shap_feature_selection_extratrees_p1_20260529_182607,G3_mba_molar_grade,MBA Positive Molar Grade,5,572,972.0,0
shap_feature_selection_extratrees_p1_20260529_182607,G3_mba_molar_grade,MBA Positive Molar Grade,5,573,973.0,0
shap_feature_selection_extratrees_p1_20260529_182607,G3_mba_molar_grade,MBA Positive Molar Grade,5,574,974.0,0
shap_feature_selection_extratrees_p1_20260529_182607,G3_mba_molar_grade,MBA Positive Molar Grade,5,575,975.0,0
shap_feature_selection_extratrees_p1_20260529_182607,G3_mba_molar_grade,MBA Positive Molar Grade,5,576,976.0,0
shap_feature_selection_extratrees_p1_20260529_182607,G3_mba_molar_grade,MBA Positive Molar Grade,5,577,977.0,0
shap_feature_selection_extratrees_p1_20260529_182607,G3_mba_molar_grade,MBA Positive Molar Grade,5,578,978.0,0
shap_feature_selection_extratrees_p1_20260529_182607,G3_mba_molar_grade,MBA Positive Molar Grade,5,579,979.0,0
shap_feature_selection_extratrees_p1_20260529_182607,G3_mba_molar_grade,MBA Positive Molar Grade,5,580,980.0,0
shap_feature_selection_extratrees_p1_20260529_182607,G3_mba_molar_grade,MBA Positive Molar Grade,5,581,981.0,0
shap_feature_selection_extratrees_p1_20260529_182607,G3_mba_molar_grade,MBA Positive Molar Grade,5,582,982.0,0
shap_feature_selection_extratrees_p1_20260529_182607,G3_mba_molar_grade,MBA Positive Molar Grade,5,583,983.0,0
shap_feature_selection_extratrees_p1_20260529_182607,G3_mba_molar_grade,MBA Positive Molar Grade,5,584,984.0,0
shap_feature_selection_extratrees_p1_20260529_182607,G3_mba_molar_grade,MBA Positive Molar Grade,5,585,985.0,0
shap_feature_selection_extratrees_p1_20260529_182607,G3_mba_molar_grade,MBA Positive Molar Grade,5,586,986.0,0
shap_feature_selection_extratrees_p1_20260529_182607,G3_mba_molar_grade,MBA Positive Molar Grade,5,587,987.0,0
shap_feature_selection_extratrees_p1_20260529_182607,G3_mba_molar_grade,MBA Positive Molar Grade,5,588,988.0,0
shap_feature_selection_extratrees_p1_20260529_182607,G3_mba_molar_grade,MBA Positive Molar Grade,5,589,989.0,0
shap_feature_selection_extratrees_p1_20260529_182607,G3_mba_molar_grade,MBA Positive Molar Grade,5,590,990.0,0
shap_feature_selection_extratrees_p1_20260529_182607,G3_mba_molar_grade,MBA Positive Molar Grade,5,591,991.0,0
shap_feature_selection_extratrees_p1_20260529_182607,G3_mba_molar_grade,MBA Positive Molar Grade,5,592,992.0,0
shap_feature_selection_extratrees_p1_20260529_182607,G3_mba_molar_grade,MBA Positive Molar Grade,5,593,993.0,0
shap_feature_selection_extratrees_p1_20260529_182607,G3_mba_molar_grade,MBA Positive Molar Grade,5,594,994.0,0
shap_feature_selection_extratrees_p1_20260529_182607,G3_mba_molar_grade,MBA Positive Molar Grade,5,595,995.0,0
shap_feature_selection_extratrees_p1_20260529_182607,G3_mba_molar_grade,MBA Positive Molar Grade,5,596,996.0,0
shap_feature_selection_extratrees_p1_20260529_182607,G3_mba_molar_grade,MBA Positive Molar Grade,5,597,997.0,0
shap_feature_selection_extratrees_p1_20260529_182607,G3_mba_molar_grade,MBA Positive Molar Grade,5,598,998.0,0
shap_feature_selection_extratrees_p1_20260529_182607,G3_mba_molar_grade,MBA Positive Molar Grade,5,599,999.0,0
shap_feature_selection_extratrees_p1_20260529_182607,G3_mba_molar_grade,MBA Positive Molar Grade,5,600,1000.0,0
shap_feature_selection_extratrees_p1_20260529_182607,G3_mba_molar_grade,MBA Positive Molar Grade,5,601,1001.0,0
shap_feature_selection_extratrees_p1_20260529_182607,G3_mba_molar_grade,MBA Positive Molar Grade,5,602,1002.0,0
shap_feature_selection_extratrees_p1_20260529_182607,G3_mba_molar_grade,MBA Positive Molar Grade,5,603,1003.0,0
shap_feature_selection_extratrees_p1_20260529_182607,G3_mba_molar_grade,MBA Positive Molar Grade,5,604,1004.0,0
shap_feature_selection_extratrees_p1_20260529_182607,G3_mba_molar_grade,MBA Positive Molar Grade,5,605,1005.0,0
shap_feature_selection_extratrees_p1_20260529_182607,G3_mba_molar_grade,MBA Positive Molar Grade,5,606,1006.0,0
shap_feature_selection_extratrees_p1_20260529_182607,G3_mba_molar_grade,MBA Positive Molar Grade,5,607,1007.0,0
shap_feature_selection_extratrees_p1_20260529_182607,G3_mba_molar_grade,MBA Positive Molar Grade,5,608,1008.0,0
shap_feature_selection_extratrees_p1_20260529_182607,G3_mba_molar_grade,MBA Positive Molar Grade,5,609,1009.0,0
shap_feature_selection_extratrees_p1_20260529_182607,G3_mba_molar_grade,MBA Positive Molar Grade,5,610,1010.0,0
shap_feature_selection_extratrees_p1_20260529_182607,G3_mba_molar_grade,MBA Positive Molar Grade,5,611,1011.0,0
shap_feature_selection_extratrees_p1_20260529_182607,G3_mba_molar_grade,MBA Positive Molar Grade,5,612,1012.0,0
shap_feature_selection_extratrees_p1_20260529_182607,G3_mba_molar_grade,MBA Positive Molar Grade,5,613,1013.0,0
shap_feature_selection_extratrees_p1_20260529_182607,G3_mba_molar_grade,MBA Positive Molar Grade,5,614,1014.0,0
shap_feature_selection_extratrees_p1_20260529_182607,G3_mba_molar_grade,MBA Positive Molar Grade,5,615,1015.0,0
shap_feature_selection_extratrees_p1_20260529_182607,G3_mba_molar_grade,MBA Positive Molar Grade,5,616,1016.0,0
shap_feature_selection_extratrees_p1_20260529_182607,G3_mba_molar_grade,MBA Positive Molar Grade,5,617,1017.0,0
shap_feature_selection_extratrees_p1_20260529_182607,G3_mba_molar_grade,MBA Positive Molar Grade,5,618,1018.0,0
shap_feature_selection_extratrees_p1_20260529_182607,G3_mba_molar_grade,MBA Positive Molar Grade,5,619,1019.0,0
shap_feature_selection_extratrees_p1_20260529_182607,G3_mba_molar_grade,MBA Positive Molar Grade,5,620,1020.0,0
shap_feature_selection_extratrees_p1_20260529_182607,G3_mba_molar_grade,MBA Positive Molar Grade,5,621,1021.0,0
shap_feature_selection_extratrees_p1_20260529_182607,G3_mba_molar_grade,MBA Positive Molar Grade,5,622,1022.0,0
shap_feature_selection_extratrees_p1_20260529_182607,G3_mba_molar_grade,MBA Positive Molar Grade,5,623,1023.0,0
shap_feature_selection_extratrees_p1_20260529_182607,G3_mba_molar_grade,MBA Positive Molar Grade,5,624,1024.0,0
shap_feature_selection_extratrees_p1_20260529_182607,G3_mba_molar_grade,MBA Positive Molar Grade,5,625,1025.0,0
shap_feature_selection_extratrees_p1_20260529_182607,G3_mba_molar_grade,MBA Positive Molar Grade,5,626,1026.0,0
shap_feature_selection_extratrees_p1_20260529_182607,G3_mba_molar_grade,MBA Positive Molar Grade,5,627,1027.0,0
shap_feature_selection_extratrees_p1_20260529_182607,G3_mba_molar_grade,MBA Positive Molar Grade,5,628,1028.0,0
shap_feature_selection_extratrees_p1_20260529_182607,G3_mba_molar_grade,MBA Positive Molar Grade,5,629,1029.0,0
shap_feature_selection_extratrees_p1_20260529_182607,G3_mba_molar_grade,MBA Positive Molar Grade,5,630,1030.0,0
shap_feature_selection_extratrees_p1_20260529_182607,G3_mba_molar_grade,MBA Positive Molar Grade,5,631,1031.0,0
shap_feature_selection_extratrees_p1_20260529_182607,G3_mba_molar_grade,MBA Positive Molar Grade,5,632,1032.0,0
shap_feature_selection_extratrees_p1_20260529_182607,G3_mba_molar_grade,MBA Positive Molar Grade,5,633,1033.0,0
shap_feature_selection_extratrees_p1_20260529_182607,G3_mba_molar_grade,MBA Positive Molar Grade,5,634,1034.0,0
shap_feature_selection_extratrees_p1_20260529_182607,G3_mba_molar_grade,MBA Positive Molar Grade,5,635,1035.0,0
shap_feature_selection_extratrees_p1_20260529_182607,G3_mba_molar_grade,MBA Positive Molar Grade,5,636,1036.0,0
shap_feature_selection_extratrees_p1_20260529_182607,G3_mba_molar_grade,MBA Positive Molar Grade,5,637,1037.0,0
shap_feature_selection_extratrees_p1_20260529_182607,G3_mba_molar_grade,MBA Positive Molar Grade,5,638,1038.0,0
shap_feature_selection_extratrees_p1_20260529_182607,G3_mba_molar_grade,MBA Positive Molar Grade,5,639,1039.0,0
shap_feature_selection_extratrees_p1_20260529_182607,G3_mba_molar_grade,MBA Positive Molar Grade,5,640,1040.0,0
shap_feature_selection_extratrees_p1_20260529_182607,G3_mba_molar_grade,MBA Positive Molar Grade,5,641,1041.0,0
shap_feature_selection_extratrees_p1_20260529_182607,G3_mba_molar_grade,MBA Positive Molar Grade,5,642,1042.0,0
shap_feature_selection_extratrees_p1_20260529_182607,G3_mba_molar_grade,MBA Positive Molar Grade,5,643,1043.0,0
shap_feature_selection_extratrees_p1_20260529_182607,G3_mba_molar_grade,MBA Positive Molar Grade,5,644,1044.0,0
shap_feature_selection_extratrees_p1_20260529_182607,G3_mba_molar_grade,MBA Positive Molar Grade,5,645,1045.0,0
shap_feature_selection_extratrees_p1_20260529_182607,G3_mba_molar_grade,MBA Positive Molar Grade,5,646,1046.0,0
shap_feature_selection_extratrees_p1_20260529_182607,G3_mba_molar_grade,MBA Positive Molar Grade,5,647,1047.0,0
shap_feature_selection_extratrees_p1_20260529_182607,G3_mba_molar_grade,MBA Positive Molar Grade,5,648,1048.0,0
shap_feature_selection_extratrees_p1_20260529_182607,G3_mba_molar_grade,MBA Positive Molar Grade,5,649,1049.0,0
shap_feature_selection_extratrees_p1_20260529_182607,G3_mba_molar_grade,MBA Positive Molar Grade,5,650,1050.0,0
shap_feature_selection_extratrees_p1_20260529_182607,G3_mba_molar_grade,MBA Positive Molar Grade,5,651,1051.0,0
shap_feature_selection_extratrees_p1_20260529_182607,G3_mba_molar_grade,MBA Positive Molar Grade,5,652,1052.0,1
shap_feature_selection_extratrees_p1_20260529_182607,G3_mba_molar_grade,MBA Positive Molar Grade,5,653,1053.0,1
shap_feature_selection_extratrees_p1_20260529_182607,G3_mba_molar_grade,MBA Positive Molar Grade,5,654,1054.0,1
shap_feature_selection_extratrees_p1_20260529_182607,G3_mba_molar_grade,MBA Positive Molar Grade,5,655,1055.0,1
shap_feature_selection_extratrees_p1_20260529_182607,G3_mba_molar_grade,MBA Positive Molar Grade,5,656,1056.0,1
shap_feature_selection_extratrees_p1_20260529_182607,G3_mba_molar_grade,MBA Positive Molar Grade,5,657,1057.0,1
shap_feature_selection_extratrees_p1_20260529_182607,G3_mba_molar_grade,MBA Positive Molar Grade,5,658,1058.0,0
shap_feature_selection_extratrees_p1_20260529_182607,G3_mba_molar_grade,MBA Positive Molar Grade,5,659,1059.0,0
shap_feature_selection_extratrees_p1_20260529_182607,G3_mba_molar_grade,MBA Positive Molar Grade,5,660,1060.0,1
shap_feature_selection_extratrees_p1_20260529_182607,G3_mba_molar_grade,MBA Positive Molar Grade,5,661,1061.0,1
shap_feature_selection_extratrees_p1_20260529_182607,G3_mba_molar_grade,MBA Positive Molar Grade,5,662,1062.0,1
shap_feature_selection_extratrees_p1_20260529_182607,G3_mba_molar_grade,MBA Positive Molar Grade,5,663,1063.0,1
shap_feature_selection_extratrees_p1_20260529_182607,G3_mba_molar_grade,MBA Positive Molar Grade,5,664,1064.0,1
shap_feature_selection_extratrees_p1_20260529_182607,G3_mba_molar_grade,MBA Positive Molar Grade,5,665,1065.0,1
shap_feature_selection_extratrees_p1_20260529_182607,G3_mba_molar_grade,MBA Positive Molar Grade,5,666,1066.0,1
shap_feature_selection_extratrees_p1_20260529_182607,G3_mba_molar_grade,MBA Positive Molar Grade,5,667,1067.0,0
shap_feature_selection_extratrees_p1_20260529_182607,G3_mba_molar_grade,MBA Positive Molar Grade,5,668,1068.0,1
shap_feature_selection_extratrees_p1_20260529_182607,G3_mba_molar_grade,MBA Positive Molar Grade,5,669,1069.0,1
shap_feature_selection_extratrees_p1_20260529_182607,G3_mba_molar_grade,MBA Positive Molar Grade,5,670,1070.0,1
shap_feature_selection_extratrees_p1_20260529_182607,G3_mba_molar_grade,MBA Positive Molar Grade,5,671,1071.0,1
shap_feature_selection_extratrees_p1_20260529_182607,G3_mba_molar_grade,MBA Positive Molar Grade,5,672,1072.0,1
shap_feature_selection_extratrees_p1_20260529_182607,G3_mba_molar_grade,MBA Positive Molar Grade,5,673,1073.0,0
shap_feature_selection_extratrees_p1_20260529_182607,G3_mba_molar_grade,MBA Positive Molar Grade,5,674,1074.0,0
shap_feature_selection_extratrees_p1_20260529_182607,G3_mba_molar_grade,MBA Positive Molar Grade,5,675,1075.0,0
shap_feature_selection_extratrees_p1_20260529_182607,G3_mba_molar_grade,MBA Positive Molar Grade,5,676,1076.0,1
shap_feature_selection_extratrees_p1_20260529_182607,G3_mba_molar_grade,MBA Positive Molar Grade,5,677,1077.0,0
shap_feature_selection_extratrees_p1_20260529_182607,G3_mba_molar_grade,MBA Positive Molar Grade,5,678,1078.0,0
shap_feature_selection_extratrees_p1_20260529_182607,G3_mba_molar_grade,MBA Positive Molar Grade,5,679,1079.0,0
shap_feature_selection_extratrees_p1_20260529_182607,G3_mba_molar_grade,MBA Positive Molar Grade,5,680,1080.0,0
shap_feature_selection_extratrees_p1_20260529_182607,G3_mba_molar_grade,MBA Positive Molar Grade,5,681,1081.0,0
shap_feature_selection_extratrees_p1_20260529_182607,G3_mba_molar_grade,MBA Positive Molar Grade,5,682,1082.0,0
shap_feature_selection_extratrees_p1_20260529_182607,G3_mba_molar_grade,MBA Positive Molar Grade,5,683,1083.0,0
shap_feature_selection_extratrees_p1_20260529_182607,G3_mba_molar_grade,MBA Positive Molar Grade,5,684,1084.0,0
shap_feature_selection_extratrees_p1_20260529_182607,G3_mba_molar_grade,MBA Positive Molar Grade,5,685,1085.0,0
shap_feature_selection_extratrees_p1_20260529_182607,G3_mba_molar_grade,MBA Positive Molar Grade,5,686,1086.0,0
shap_feature_selection_extratrees_p1_20260529_182607,G3_mba_molar_grade,MBA Positive Molar Grade,5,687,1087.0,0
shap_feature_selection_extratrees_p1_20260529_182607,G3_mba_molar_grade,MBA Positive Molar Grade,5,688,1088.0,0
shap_feature_selection_extratrees_p1_20260529_182607,G3_mba_molar_grade,MBA Positive Molar Grade,5,689,1089.0,0
shap_feature_selection_extratrees_p1_20260529_182607,G3_mba_molar_grade,MBA Positive Molar Grade,5,690,1090.0,0
shap_feature_selection_extratrees_p1_20260529_182607,G3_mba_molar_grade,MBA Positive Molar Grade,5,691,1091.0,0
shap_feature_selection_extratrees_p1_20260529_182607,G3_mba_molar_grade,MBA Positive Molar Grade,5,692,1092.0,0
shap_feature_selection_extratrees_p1_20260529_182607,G3_mba_molar_grade,MBA Positive Molar Grade,5,693,1093.0,0
shap_feature_selection_extratrees_p1_20260529_182607,G3_mba_molar_grade,MBA Positive Molar Grade,5,694,1094.0,0
shap_feature_selection_extratrees_p1_20260529_182607,G3_mba_molar_grade,MBA Positive Molar Grade,5,695,1095.0,0
shap_feature_selection_extratrees_p1_20260529_182607,G3_mba_molar_grade,MBA Positive Molar Grade,5,696,1096.0,0
shap_feature_selection_extratrees_p1_20260529_182607,G3_mba_molar_grade,MBA Positive Molar Grade,5,697,1097.0,0
shap_feature_selection_extratrees_p1_20260529_182607,G3_mba_molar_grade,MBA Positive Molar Grade,5,698,1098.0,0
shap_feature_selection_extratrees_p1_20260529_182607,G3_mba_molar_grade,MBA Positive Molar Grade,5,699,1099.0,0
shap_feature_selection_extratrees_p1_20260529_182607,G3_mba_molar_grade,MBA Positive Molar Grade,5,700,1100.0,0
shap_feature_selection_extratrees_p1_20260529_182607,G3_mba_molar_grade,MBA Positive Molar Grade,5,701,1101.0,0
shap_feature_selection_extratrees_p1_20260529_182607,G3_mba_molar_grade,MBA Positive Molar Grade,5,702,1102.0,0
shap_feature_selection_extratrees_p1_20260529_182607,G3_mba_molar_grade,MBA Positive Molar Grade,5,703,1103.0,0
shap_feature_selection_extratrees_p1_20260529_182607,G3_mba_molar_grade,MBA Positive Molar Grade,5,704,1104.0,0
shap_feature_selection_extratrees_p1_20260529_182607,G3_mba_molar_grade,MBA Positive Molar Grade,5,705,1105.0,0
shap_feature_selection_extratrees_p1_20260529_182607,G3_mba_molar_grade,MBA Positive Molar Grade,5,706,1106.0,0
shap_feature_selection_extratrees_p1_20260529_182607,G3_mba_molar_grade,MBA Positive Molar Grade,5,707,1107.0,0
shap_feature_selection_extratrees_p1_20260529_182607,G3_mba_molar_grade,MBA Positive Molar Grade,5,708,1108.0,0
shap_feature_selection_extratrees_p1_20260529_182607,G3_mba_molar_grade,MBA Positive Molar Grade,5,709,1109.0,0
shap_feature_selection_extratrees_p1_20260529_182607,G3_mba_molar_grade,MBA Positive Molar Grade,5,710,1110.0,0
shap_feature_selection_extratrees_p1_20260529_182607,G3_mba_molar_grade,MBA Positive Molar Grade,5,711,1111.0,0
shap_feature_selection_extratrees_p1_20260529_182607,G3_mba_molar_grade,MBA Positive Molar Grade,5,712,1112.0,0
shap_feature_selection_extratrees_p1_20260529_182607,G3_mba_molar_grade,MBA Positive Molar Grade,5,713,1113.0,0
shap_feature_selection_extratrees_p1_20260529_182607,G3_mba_molar_grade,MBA Positive Molar Grade,5,714,1114.0,0
shap_feature_selection_extratrees_p1_20260529_182607,G3_mba_molar_grade,MBA Positive Molar Grade,5,715,1115.0,0
shap_feature_selection_extratrees_p1_20260529_182607,G3_mba_molar_grade,MBA Positive Molar Grade,5,716,1116.0,0
shap_feature_selection_extratrees_p1_20260529_182607,G3_mba_molar_grade,MBA Positive Molar Grade,5,717,1117.0,0
shap_feature_selection_extratrees_p1_20260529_182607,G3_mba_molar_grade,MBA Positive Molar Grade,5,718,1118.0,0
shap_feature_selection_extratrees_p1_20260529_182607,G3_mba_molar_grade,MBA Positive Molar Grade,5,719,1119.0,0
shap_feature_selection_extratrees_p1_20260529_182607,G3_mba_molar_grade,MBA Positive Molar Grade,5,720,1120.0,0
shap_feature_selection_extratrees_p1_20260529_182607,G3_mba_molar_grade,MBA Positive Molar Grade,5,721,1121.0,0
shap_feature_selection_extratrees_p1_20260529_182607,G3_mba_molar_grade,MBA Positive Molar Grade,5,722,1122.0,0
shap_feature_selection_extratrees_p1_20260529_182607,G3_mba_molar_grade,MBA Positive Molar Grade,5,723,1123.0,0
shap_feature_selection_extratrees_p1_20260529_182607,G3_mba_molar_grade,MBA Positive Molar Grade,5,724,1124.0,0
shap_feature_selection_extratrees_p1_20260529_182607,G3_mba_molar_grade,MBA Positive Molar Grade,5,725,1125.0,0
shap_feature_selection_extratrees_p1_20260529_182607,G3_mba_molar_grade,MBA Positive Molar Grade,5,726,1126.0,0
shap_feature_selection_extratrees_p1_20260529_182607,G3_mba_molar_grade,MBA Positive Molar Grade,5,727,1127.0,0
shap_feature_selection_extratrees_p1_20260529_182607,G3_mba_molar_grade,MBA Positive Molar Grade,5,728,1128.0,0
shap_feature_selection_extratrees_p1_20260529_182607,G3_mba_molar_grade,MBA Positive Molar Grade,5,729,1129.0,0
shap_feature_selection_extratrees_p1_20260529_182607,G3_mba_molar_grade,MBA Positive Molar Grade,5,730,1130.0,0
shap_feature_selection_extratrees_p1_20260529_182607,G3_mba_molar_grade,MBA Positive Molar Grade,5,731,1131.0,0
shap_feature_selection_extratrees_p1_20260529_182607,G3_mba_molar_grade,MBA Positive Molar Grade,5,732,1132.0,0
shap_feature_selection_extratrees_p1_20260529_182607,G3_mba_molar_grade,MBA Positive Molar Grade,5,733,1133.0,0
shap_feature_selection_extratrees_p1_20260529_182607,G3_mba_molar_grade,MBA Positive Molar Grade,5,734,1134.0,0
shap_feature_selection_extratrees_p1_20260529_182607,G3_mba_molar_grade,MBA Positive Molar Grade,5,735,1135.0,0
shap_feature_selection_extratrees_p1_20260529_182607,G3_mba_molar_grade,MBA Positive Molar Grade,5,736,1136.0,0
shap_feature_selection_extratrees_p1_20260529_182607,G3_mba_molar_grade,MBA Positive Molar Grade,5,737,1137.0,0
shap_feature_selection_extratrees_p1_20260529_182607,G3_mba_molar_grade,MBA Positive Molar Grade,5,738,1138.0,0
shap_feature_selection_extratrees_p1_20260529_182607,G3_mba_molar_grade,MBA Positive Molar Grade,5,739,1139.0,0
shap_feature_selection_extratrees_p1_20260529_182607,G3_mba_molar_grade,MBA Positive Molar Grade,5,740,1140.0,0
shap_feature_selection_extratrees_p1_20260529_182607,G3_mba_molar_grade,MBA Positive Molar Grade,5,741,1141.0,0
shap_feature_selection_extratrees_p1_20260529_182607,G3_mba_molar_grade,MBA Positive Molar Grade,5,742,1142.0,0
shap_feature_selection_extratrees_p1_20260529_182607,G3_mba_molar_grade,MBA Positive Molar Grade,5,743,1143.0,0
shap_feature_selection_extratrees_p1_20260529_182607,G3_mba_molar_grade,MBA Positive Molar Grade,5,744,1144.0,0
shap_feature_selection_extratrees_p1_20260529_182607,G3_mba_molar_grade,MBA Positive Molar Grade,5,745,1145.0,0
shap_feature_selection_extratrees_p1_20260529_182607,G3_mba_molar_grade,MBA Positive Molar Grade,5,746,1146.0,0
shap_feature_selection_extratrees_p1_20260529_182607,G3_mba_molar_grade,MBA Positive Molar Grade,5,747,1147.0,0
shap_feature_selection_extratrees_p1_20260529_182607,G3_mba_molar_grade,MBA Positive Molar Grade,5,748,1148.0,0
shap_feature_selection_extratrees_p1_20260529_182607,G3_mba_molar_grade,MBA Positive Molar Grade,5,749,1149.0,0
shap_feature_selection_extratrees_p1_20260529_182607,G3_mba_molar_grade,MBA Positive Molar Grade,5,750,1150.0,0
shap_feature_selection_extratrees_p1_20260529_182607,G3_mba_molar_grade,MBA Positive Molar Grade,5,751,1151.0,0
shap_feature_selection_extratrees_p1_20260529_182607,G3_mba_molar_grade,MBA Positive Molar Grade,5,752,1152.0,0
shap_feature_selection_extratrees_p1_20260529_182607,G3_mba_molar_grade,MBA Positive Molar Grade,5,753,1153.0,0
shap_feature_selection_extratrees_p1_20260529_182607,G3_mba_molar_grade,MBA Positive Molar Grade,5,754,1154.0,0
shap_feature_selection_extratrees_p1_20260529_182607,G3_mba_molar_grade,MBA Positive Molar Grade,5,755,1155.0,0
shap_feature_selection_extratrees_p1_20260529_182607,G3_mba_molar_grade,MBA Positive Molar Grade,5,756,1156.0,0
shap_feature_selection_extratrees_p1_20260529_182607,G3_mba_molar_grade,MBA Positive Molar Grade,5,757,1157.0,0
shap_feature_selection_extratrees_p1_20260529_182607,G3_mba_molar_grade,MBA Positive Molar Grade,5,758,1158.0,0
shap_feature_selection_extratrees_p1_20260529_182607,G3_mba_molar_grade,MBA Positive Molar Grade,5,759,1159.0,0
shap_feature_selection_extratrees_p1_20260529_182607,G3_mba_molar_grade,MBA Positive Molar Grade,5,760,1160.0,0
shap_feature_selection_extratrees_p1_20260529_182607,G3_mba_molar_grade,MBA Positive Molar Grade,5,761,1161.0,0
shap_feature_selection_extratrees_p1_20260529_182607,G3_mba_molar_grade,MBA Positive Molar Grade,5,762,1162.0,0
shap_feature_selection_extratrees_p1_20260529_182607,G3_mba_molar_grade,MBA Positive Molar Grade,5,763,1163.0,0
shap_feature_selection_extratrees_p1_20260529_182607,G3_mba_molar_grade,MBA Positive Molar Grade,5,764,1164.0,0
shap_feature_selection_extratrees_p1_20260529_182607,G3_mba_molar_grade,MBA Positive Molar Grade,5,765,1165.0,0
shap_feature_selection_extratrees_p1_20260529_182607,G3_mba_molar_grade,MBA Positive Molar Grade,5,766,1166.0,0
shap_feature_selection_extratrees_p1_20260529_182607,G3_mba_molar_grade,MBA Positive Molar Grade,5,767,1167.0,0
shap_feature_selection_extratrees_p1_20260529_182607,G3_mba_molar_grade,MBA Positive Molar Grade,5,768,1168.0,0
shap_feature_selection_extratrees_p1_20260529_182607,G3_mba_molar_grade,MBA Positive Molar Grade,5,769,1169.0,0
shap_feature_selection_extratrees_p1_20260529_182607,G3_mba_molar_grade,MBA Positive Molar Grade,5,770,1170.0,0
shap_feature_selection_extratrees_p1_20260529_182607,G3_mba_molar_grade,MBA Positive Molar Grade,5,771,1171.0,0
shap_feature_selection_extratrees_p1_20260529_182607,G3_mba_molar_grade,MBA Positive Molar Grade,5,772,1172.0,0
shap_feature_selection_extratrees_p1_20260529_182607,G3_mba_molar_grade,MBA Positive Molar Grade,5,773,1173.0,0
shap_feature_selection_extratrees_p1_20260529_182607,G3_mba_molar_grade,MBA Positive Molar Grade,5,774,1174.0,0
shap_feature_selection_extratrees_p1_20260529_182607,G3_mba_molar_grade,MBA Positive Molar Grade,5,775,1175.0,0
shap_feature_selection_extratrees_p1_20260529_182607,G3_mba_molar_grade,MBA Positive Molar Grade,5,776,1176.0,0
shap_feature_selection_extratrees_p1_20260529_182607,G3_mba_molar_grade,MBA Positive Molar Grade,5,777,1177.0,0
shap_feature_selection_extratrees_p1_20260529_182607,G3_mba_molar_grade,MBA Positive Molar Grade,5,778,1178.0,0
shap_feature_selection_extratrees_p1_20260529_182607,G3_mba_molar_grade,MBA Positive Molar Grade,5,779,1179.0,0
shap_feature_selection_extratrees_p1_20260529_182607,G3_mba_molar_grade,MBA Positive Molar Grade,5,780,1180.0,0
shap_feature_selection_extratrees_p1_20260529_182607,G3_mba_molar_grade,MBA Positive Molar Grade,5,781,1181.0,0
shap_feature_selection_extratrees_p1_20260529_182607,G3_mba_molar_grade,MBA Positive Molar Grade,5,782,1182.0,0
shap_feature_selection_extratrees_p1_20260529_182607,G3_mba_molar_grade,MBA Positive Molar Grade,5,783,1183.0,0
shap_feature_selection_extratrees_p1_20260529_182607,G3_mba_molar_grade,MBA Positive Molar Grade,5,784,1184.0,0
shap_feature_selection_extratrees_p1_20260529_182607,G3_mba_molar_grade,MBA Positive Molar Grade,5,785,1185.0,0
shap_feature_selection_extratrees_p1_20260529_182607,G3_mba_molar_grade,MBA Positive Molar Grade,5,786,1186.0,0
shap_feature_selection_extratrees_p1_20260529_182607,G3_mba_molar_grade,MBA Positive Molar Grade,5,787,1187.0,0
shap_feature_selection_extratrees_p1_20260529_182607,G3_mba_molar_grade,MBA Positive Molar Grade,5,788,1188.0,0
shap_feature_selection_extratrees_p1_20260529_182607,G3_mba_molar_grade,MBA Positive Molar Grade,5,789,1189.0,0
shap_feature_selection_extratrees_p1_20260529_182607,G3_mba_molar_grade,MBA Positive Molar Grade,5,790,1190.0,0
shap_feature_selection_extratrees_p1_20260529_182607,G3_mba_molar_grade,MBA Positive Molar Grade,5,791,1191.0,0
shap_feature_selection_extratrees_p1_20260529_182607,G3_mba_molar_grade,MBA Positive Molar Grade,5,792,1192.0,0
shap_feature_selection_extratrees_p1_20260529_182607,G3_mba_molar_grade,MBA Positive Molar Grade,5,793,1193.0,0
shap_feature_selection_extratrees_p1_20260529_182607,G3_mba_molar_grade,MBA Positive Molar Grade,5,794,1194.0,0
shap_feature_selection_extratrees_p1_20260529_182607,G3_mba_molar_grade,MBA Positive Molar Grade,5,795,1195.0,0
shap_feature_selection_extratrees_p1_20260529_182607,G3_mba_molar_grade,MBA Positive Molar Grade,5,796,1196.0,0
shap_feature_selection_extratrees_p1_20260529_182607,G3_mba_molar_grade,MBA Positive Molar Grade,5,797,1197.0,0
shap_feature_selection_extratrees_p1_20260529_182607,G3_mba_molar_grade,MBA Positive Molar Grade,5,798,1198.0,0
shap_feature_selection_extratrees_p1_20260529_182607,G3_mba_molar_grade,MBA Positive Molar Grade,5,799,1199.0,0
shap_feature_selection_extratrees_p1_20260529_182607,G3_mba_molar_grade,MBA Positive Molar Grade,5,800,1200.0,0
shap_feature_selection_extratrees_p1_20260529_182607,G3_mba_molar_grade,MBA Positive Molar Grade,5,801,1201.0,0
shap_feature_selection_extratrees_p1_20260529_182607,G3_mba_molar_grade,MBA Positive Molar Grade,5,802,1202.0,0
shap_feature_selection_extratrees_p1_20260529_182607,G3_mba_molar_grade,MBA Positive Molar Grade,5,803,1203.0,0
shap_feature_selection_extratrees_p1_20260529_182607,G3_mba_molar_grade,MBA Positive Molar Grade,5,804,1204.0,0
shap_feature_selection_extratrees_p1_20260529_182607,G3_mba_molar_grade,MBA Positive Molar Grade,5,805,1205.0,0
shap_feature_selection_extratrees_p1_20260529_182607,G3_mba_molar_grade,MBA Positive Molar Grade,5,806,1206.0,0
shap_feature_selection_extratrees_p1_20260529_182607,G3_mba_molar_grade,MBA Positive Molar Grade,5,807,1207.0,0
shap_feature_selection_extratrees_p1_20260529_182607,G3_mba_molar_grade,MBA Positive Molar Grade,5,808,1208.0,0
shap_feature_selection_extratrees_p1_20260529_182607,G3_mba_molar_grade,MBA Positive Molar Grade,5,809,1209.0,0
shap_feature_selection_extratrees_p1_20260529_182607,G3_mba_molar_grade,MBA Positive Molar Grade,5,810,1210.0,0
shap_feature_selection_extratrees_p1_20260529_182607,G3_mba_molar_grade,MBA Positive Molar Grade,5,811,1211.0,0
shap_feature_selection_extratrees_p1_20260529_182607,G3_mba_molar_grade,MBA Positive Molar Grade,5,812,1212.0,0
shap_feature_selection_extratrees_p1_20260529_182607,G3_mba_molar_grade,MBA Positive Molar Grade,5,813,1213.0,0
shap_feature_selection_extratrees_p1_20260529_182607,G3_mba_molar_grade,MBA Positive Molar Grade,5,814,1214.0,0
shap_feature_selection_extratrees_p1_20260529_182607,G3_mba_molar_grade,MBA Positive Molar Grade,5,815,1215.0,0
shap_feature_selection_extratrees_p1_20260529_182607,G3_mba_molar_grade,MBA Positive Molar Grade,5,816,1216.0,0
shap_feature_selection_extratrees_p1_20260529_182607,G3_mba_molar_grade,MBA Positive Molar Grade,5,817,1217.0,0
shap_feature_selection_extratrees_p1_20260529_182607,G3_mba_molar_grade,MBA Positive Molar Grade,5,818,1218.0,0
shap_feature_selection_extratrees_p1_20260529_182607,G3_mba_molar_grade,MBA Positive Molar Grade,5,819,1219.0,0
shap_feature_selection_extratrees_p1_20260529_182607,G3_mba_molar_grade,MBA Positive Molar Grade,5,820,1220.0,0
shap_feature_selection_extratrees_p1_20260529_182607,G3_mba_molar_grade,MBA Positive Molar Grade,5,821,1221.0,0
shap_feature_selection_extratrees_p1_20260529_182607,G3_mba_molar_grade,MBA Positive Molar Grade,5,822,1222.0,0
shap_feature_selection_extratrees_p1_20260529_182607,G3_mba_molar_grade,MBA Positive Molar Grade,5,823,1223.0,0
shap_feature_selection_extratrees_p1_20260529_182607,G3_mba_molar_grade,MBA Positive Molar Grade,5,824,1224.0,0
shap_feature_selection_extratrees_p1_20260529_182607,G3_mba_molar_grade,MBA Positive Molar Grade,5,825,1225.0,0
shap_feature_selection_extratrees_p1_20260529_182607,G3_mba_molar_grade,MBA Positive Molar Grade,5,826,1226.0,0
shap_feature_selection_extratrees_p1_20260529_182607,G3_mba_molar_grade,MBA Positive Molar Grade,5,827,1227.0,0
shap_feature_selection_extratrees_p1_20260529_182607,G3_mba_molar_grade,MBA Positive Molar Grade,5,828,1228.0,0
shap_feature_selection_extratrees_p1_20260529_182607,G3_mba_molar_grade,MBA Positive Molar Grade,5,829,1229.0,0
shap_feature_selection_extratrees_p1_20260529_182607,G3_mba_molar_grade,MBA Positive Molar Grade,5,830,1230.0,0
shap_feature_selection_extratrees_p1_20260529_182607,G3_mba_molar_grade,MBA Positive Molar Grade,5,831,1231.0,0
shap_feature_selection_extratrees_p1_20260529_182607,G3_mba_molar_grade,MBA Positive Molar Grade,5,832,1232.0,0
shap_feature_selection_extratrees_p1_20260529_182607,G3_mba_molar_grade,MBA Positive Molar Grade,5,833,1233.0,0
shap_feature_selection_extratrees_p1_20260529_182607,G3_mba_molar_grade,MBA Positive Molar Grade,5,834,1234.0,0
shap_feature_selection_extratrees_p1_20260529_182607,G3_mba_molar_grade,MBA Positive Molar Grade,5,835,1235.0,0
shap_feature_selection_extratrees_p1_20260529_182607,G3_mba_molar_grade,MBA Positive Molar Grade,5,836,1236.0,0
shap_feature_selection_extratrees_p1_20260529_182607,G3_mba_molar_grade,MBA Positive Molar Grade,5,837,1237.0,0
shap_feature_selection_extratrees_p1_20260529_182607,G3_mba_molar_grade,MBA Positive Molar Grade,5,838,1238.0,0
shap_feature_selection_extratrees_p1_20260529_182607,G3_mba_molar_grade,MBA Positive Molar Grade,5,839,1239.0,0
shap_feature_selection_extratrees_p1_20260529_182607,G3_mba_molar_grade,MBA Positive Molar Grade,5,840,1240.0,0
shap_feature_selection_extratrees_p1_20260529_182607,G3_mba_molar_grade,MBA Positive Molar Grade,5,841,1241.0,0
shap_feature_selection_extratrees_p1_20260529_182607,G3_mba_molar_grade,MBA Positive Molar Grade,5,842,1242.0,0
shap_feature_selection_extratrees_p1_20260529_182607,G3_mba_molar_grade,MBA Positive Molar Grade,5,843,1243.0,0
shap_feature_selection_extratrees_p1_20260529_182607,G3_mba_molar_grade,MBA Positive Molar Grade,5,844,1244.0,0
shap_feature_selection_extratrees_p1_20260529_182607,G3_mba_molar_grade,MBA Positive Molar Grade,5,845,1245.0,0
shap_feature_selection_extratrees_p1_20260529_182607,G3_mba_molar_grade,MBA Positive Molar Grade,5,846,1246.0,0
shap_feature_selection_extratrees_p1_20260529_182607,G3_mba_molar_grade,MBA Positive Molar Grade,5,847,1247.0,0
shap_feature_selection_extratrees_p1_20260529_182607,G3_mba_molar_grade,MBA Positive Molar Grade,5,848,1248.0,0
shap_feature_selection_extratrees_p1_20260529_182607,G3_mba_molar_grade,MBA Positive Molar Grade,5,849,1249.0,0
shap_feature_selection_extratrees_p1_20260529_182607,G3_mba_molar_grade,MBA Positive Molar Grade,5,850,1250.0,0
shap_feature_selection_extratrees_p1_20260529_182607,G3_mba_molar_grade,MBA Positive Molar Grade,5,851,1251.0,0
shap_feature_selection_extratrees_p1_20260529_182607,G3_mba_molar_grade,MBA Positive Molar Grade,5,852,1252.0,0
shap_feature_selection_extratrees_p1_20260529_182607,G3_mba_molar_grade,MBA Positive Molar Grade,5,853,1253.0,0
shap_feature_selection_extratrees_p1_20260529_182607,G3_mba_molar_grade,MBA Positive Molar Grade,5,854,1254.0,0
shap_feature_selection_extratrees_p1_20260529_182607,G3_mba_molar_grade,MBA Positive Molar Grade,5,855,1255.0,0
shap_feature_selection_extratrees_p1_20260529_182607,G3_mba_molar_grade,MBA Positive Molar Grade,5,856,1256.0,0
shap_feature_selection_extratrees_p1_20260529_182607,G3_mba_molar_grade,MBA Positive Molar Grade,5,857,1257.0,0
shap_feature_selection_extratrees_p1_20260529_182607,G3_mba_molar_grade,MBA Positive Molar Grade,5,858,1258.0,0
shap_feature_selection_extratrees_p1_20260529_182607,G3_mba_molar_grade,MBA Positive Molar Grade,5,859,1259.0,0
shap_feature_selection_extratrees_p1_20260529_182607,G3_mba_molar_grade,MBA Positive Molar Grade,5,860,1260.0,0
shap_feature_selection_extratrees_p1_20260529_182607,G3_mba_molar_grade,MBA Positive Molar Grade,5,861,1261.0,0
shap_feature_selection_extratrees_p1_20260529_182607,G3_mba_molar_grade,MBA Positive Molar Grade,5,862,1262.0,0
shap_feature_selection_extratrees_p1_20260529_182607,G3_mba_molar_grade,MBA Positive Molar Grade,5,863,1263.0,0
shap_feature_selection_extratrees_p1_20260529_182607,G3_mba_molar_grade,MBA Positive Molar Grade,5,864,1264.0,0
shap_feature_selection_extratrees_p1_20260529_182607,G3_mba_molar_grade,MBA Positive Molar Grade,5,865,1265.0,0
shap_feature_selection_extratrees_p1_20260529_182607,G3_mba_molar_grade,MBA Positive Molar Grade,5,866,1266.0,0
shap_feature_selection_extratrees_p1_20260529_182607,G3_mba_molar_grade,MBA Positive Molar Grade,5,867,1267.0,0
shap_feature_selection_extratrees_p1_20260529_182607,G3_mba_molar_grade,MBA Positive Molar Grade,5,868,1268.0,0
shap_feature_selection_extratrees_p1_20260529_182607,G3_mba_molar_grade,MBA Positive Molar Grade,5,869,1269.0,0
shap_feature_selection_extratrees_p1_20260529_182607,G3_mba_molar_grade,MBA Positive Molar Grade,5,870,1270.0,0
shap_feature_selection_extratrees_p1_20260529_182607,G3_mba_molar_grade,MBA Positive Molar Grade,5,871,1271.0,0
shap_feature_selection_extratrees_p1_20260529_182607,G3_mba_molar_grade,MBA Positive Molar Grade,5,872,1272.0,0
shap_feature_selection_extratrees_p1_20260529_182607,G3_mba_molar_grade,MBA Positive Molar Grade,5,873,1273.0,0
shap_feature_selection_extratrees_p1_20260529_182607,G3_mba_molar_grade,MBA Positive Molar Grade,5,874,1274.0,0
shap_feature_selection_extratrees_p1_20260529_182607,G3_mba_molar_grade,MBA Positive Molar Grade,5,875,1275.0,0
shap_feature_selection_extratrees_p1_20260529_182607,G3_mba_molar_grade,MBA Positive Molar Grade,5,876,1276.0,0
shap_feature_selection_extratrees_p1_20260529_182607,G3_mba_molar_grade,MBA Positive Molar Grade,5,877,1277.0,0
shap_feature_selection_extratrees_p1_20260529_182607,G3_mba_molar_grade,MBA Positive Molar Grade,5,878,1278.0,0
shap_feature_selection_extratrees_p1_20260529_182607,G3_mba_molar_grade,MBA Positive Molar Grade,5,879,1279.0,0
shap_feature_selection_extratrees_p1_20260529_182607,G3_mba_molar_grade,MBA Positive Molar Grade,5,880,1280.0,0
shap_feature_selection_extratrees_p1_20260529_182607,G3_mba_molar_grade,MBA Positive Molar Grade,5,881,1281.0,0
shap_feature_selection_extratrees_p1_20260529_182607,G3_mba_molar_grade,MBA Positive Molar Grade,5,882,1282.0,0
shap_feature_selection_extratrees_p1_20260529_182607,G3_mba_molar_grade,MBA Positive Molar Grade,5,883,1283.0,0
shap_feature_selection_extratrees_p1_20260529_182607,G3_mba_molar_grade,MBA Positive Molar Grade,5,884,1284.0,0
shap_feature_selection_extratrees_p1_20260529_182607,G3_mba_molar_grade,MBA Positive Molar Grade,5,885,1285.0,0
shap_feature_selection_extratrees_p1_20260529_182607,G3_mba_molar_grade,MBA Positive Molar Grade,5,886,1286.0,0
shap_feature_selection_extratrees_p1_20260529_182607,G3_mba_molar_grade,MBA Positive Molar Grade,5,887,1287.0,0
shap_feature_selection_extratrees_p1_20260529_182607,G3_mba_molar_grade,MBA Positive Molar Grade,5,888,1288.0,0
shap_feature_selection_extratrees_p1_20260529_182607,G3_mba_molar_grade,MBA Positive Molar Grade,5,889,1289.0,0
shap_feature_selection_extratrees_p1_20260529_182607,G3_mba_molar_grade,MBA Positive Molar Grade,5,890,1290.0,0
shap_feature_selection_extratrees_p1_20260529_182607,G3_mba_molar_grade,MBA Positive Molar Grade,5,891,1291.0,0
shap_feature_selection_extratrees_p1_20260529_182607,G3_mba_molar_grade,MBA Positive Molar Grade,5,892,1292.0,0
shap_feature_selection_extratrees_p1_20260529_182607,G3_mba_molar_grade,MBA Positive Molar Grade,5,893,1293.0,0
shap_feature_selection_extratrees_p1_20260529_182607,G3_mba_molar_grade,MBA Positive Molar Grade,5,894,1294.0,0
shap_feature_selection_extratrees_p1_20260529_182607,G3_mba_molar_grade,MBA Positive Molar Grade,5,895,1295.0,0
shap_feature_selection_extratrees_p1_20260529_182607,G3_mba_molar_grade,MBA Positive Molar Grade,5,896,1296.0,0
shap_feature_selection_extratrees_p1_20260529_182607,G3_mba_molar_grade,MBA Positive Molar Grade,5,897,1297.0,0
shap_feature_selection_extratrees_p1_20260529_182607,G3_mba_molar_grade,MBA Positive Molar Grade,5,898,1298.0,0
shap_feature_selection_extratrees_p1_20260529_182607,G3_mba_molar_grade,MBA Positive Molar Grade,5,899,1299.0,0
shap_feature_selection_extratrees_p1_20260529_182607,G3_mba_molar_grade,MBA Positive Molar Grade,5,900,1300.0,0
shap_feature_selection_extratrees_p1_20260529_182607,G3_mba_molar_grade,MBA Positive Molar Grade,5,901,1301.0,0
shap_feature_selection_extratrees_p1_20260529_182607,G3_mba_molar_grade,MBA Positive Molar Grade,5,902,1302.0,0
shap_feature_selection_extratrees_p1_20260529_182607,G3_mba_molar_grade,MBA Positive Molar Grade,5,903,1303.0,0
shap_feature_selection_extratrees_p1_20260529_182607,G3_mba_molar_grade,MBA Positive Molar Grade,5,904,1304.0,0
shap_feature_selection_extratrees_p1_20260529_182607,G3_mba_molar_grade,MBA Positive Molar Grade,5,905,1305.0,0
shap_feature_selection_extratrees_p1_20260529_182607,G3_mba_molar_grade,MBA Positive Molar Grade,5,906,1306.0,0
shap_feature_selection_extratrees_p1_20260529_182607,G3_mba_molar_grade,MBA Positive Molar Grade,5,907,1307.0,0
shap_feature_selection_extratrees_p1_20260529_182607,G3_mba_molar_grade,MBA Positive Molar Grade,5,908,1308.0,0
shap_feature_selection_extratrees_p1_20260529_182607,G3_mba_molar_grade,MBA Positive Molar Grade,5,909,1309.0,0
shap_feature_selection_extratrees_p1_20260529_182607,G3_mba_molar_grade,MBA Positive Molar Grade,5,910,1310.0,0
shap_feature_selection_extratrees_p1_20260529_182607,G3_mba_molar_grade,MBA Positive Molar Grade,5,911,1311.0,0
shap_feature_selection_extratrees_p1_20260529_182607,G3_mba_molar_grade,MBA Positive Molar Grade,5,912,1312.0,0
shap_feature_selection_extratrees_p1_20260529_182607,G3_mba_molar_grade,MBA Positive Molar Grade,5,913,1313.0,0
shap_feature_selection_extratrees_p1_20260529_182607,G3_mba_molar_grade,MBA Positive Molar Grade,5,914,1314.0,0
shap_feature_selection_extratrees_p1_20260529_182607,G3_mba_molar_grade,MBA Positive Molar Grade,5,915,1315.0,0
shap_feature_selection_extratrees_p1_20260529_182607,G3_mba_molar_grade,MBA Positive Molar Grade,5,916,1316.0,0
shap_feature_selection_extratrees_p1_20260529_182607,G3_mba_molar_grade,MBA Positive Molar Grade,5,917,1317.0,0
shap_feature_selection_extratrees_p1_20260529_182607,G3_mba_molar_grade,MBA Positive Molar Grade,5,918,1318.0,0
shap_feature_selection_extratrees_p1_20260529_182607,G3_mba_molar_grade,MBA Positive Molar Grade,5,919,1319.0,0
shap_feature_selection_extratrees_p1_20260529_182607,G3_mba_molar_grade,MBA Positive Molar Grade,5,920,1320.0,0
shap_feature_selection_extratrees_p1_20260529_182607,G3_mba_molar_grade,MBA Positive Molar Grade,5,921,1321.0,0
shap_feature_selection_extratrees_p1_20260529_182607,G3_mba_molar_grade,MBA Positive Molar Grade,5,922,1322.0,0
shap_feature_selection_extratrees_p1_20260529_182607,G3_mba_molar_grade,MBA Positive Molar Grade,5,923,1323.0,0
shap_feature_selection_extratrees_p1_20260529_182607,G3_mba_molar_grade,MBA Positive Molar Grade,5,924,1324.0,0
shap_feature_selection_extratrees_p1_20260529_182607,G3_mba_molar_grade,MBA Positive Molar Grade,5,925,1325.0,0
shap_feature_selection_extratrees_p1_20260529_182607,G3_mba_molar_grade,MBA Positive Molar Grade,5,926,1326.0,0
shap_feature_selection_extratrees_p1_20260529_182607,G3_mba_molar_grade,MBA Positive Molar Grade,5,927,1327.0,0
shap_feature_selection_extratrees_p1_20260529_182607,G3_mba_molar_grade,MBA Positive Molar Grade,5,928,1328.0,0
shap_feature_selection_extratrees_p1_20260529_182607,G3_mba_molar_grade,MBA Positive Molar Grade,5,929,1329.0,0
shap_feature_selection_extratrees_p1_20260529_182607,G3_mba_molar_grade,MBA Positive Molar Grade,5,930,1330.0,0
shap_feature_selection_extratrees_p1_20260529_182607,G3_mba_molar_grade,MBA Positive Molar Grade,5,931,1331.0,0
shap_feature_selection_extratrees_p1_20260529_182607,G3_mba_molar_grade,MBA Positive Molar Grade,5,932,1332.0,0
shap_feature_selection_extratrees_p1_20260529_182607,G3_mba_molar_grade,MBA Positive Molar Grade,5,933,1333.0,0
shap_feature_selection_extratrees_p1_20260529_182607,G3_mba_molar_grade,MBA Positive Molar Grade,5,934,1334.0,0
shap_feature_selection_extratrees_p1_20260529_182607,G3_mba_molar_grade,MBA Positive Molar Grade,5,935,1335.0,0
shap_feature_selection_extratrees_p1_20260529_182607,G3_mba_molar_grade,MBA Positive Molar Grade,5,936,1336.0,0
shap_feature_selection_extratrees_p1_20260529_182607,G3_mba_molar_grade,MBA Positive Molar Grade,5,937,1337.0,0
shap_feature_selection_extratrees_p1_20260529_182607,G3_mba_molar_grade,MBA Positive Molar Grade,5,938,1338.0,0
shap_feature_selection_extratrees_p1_20260529_182607,G3_mba_molar_grade,MBA Positive Molar Grade,5,939,1339.0,0
shap_feature_selection_extratrees_p1_20260529_182607,G3_mba_molar_grade,MBA Positive Molar Grade,5,940,1340.0,0
shap_feature_selection_extratrees_p1_20260529_182607,G3_mba_molar_grade,MBA Positive Molar Grade,5,941,1341.0,0
shap_feature_selection_extratrees_p1_20260529_182607,G3_mba_molar_grade,MBA Positive Molar Grade,5,942,1342.0,0
shap_feature_selection_extratrees_p1_20260529_182607,G3_mba_molar_grade,MBA Positive Molar Grade,5,943,1343.0,0
shap_feature_selection_extratrees_p1_20260529_182607,G3_mba_molar_grade,MBA Positive Molar Grade,5,944,1344.0,0
shap_feature_selection_extratrees_p1_20260529_182607,G3_mba_molar_grade,MBA Positive Molar Grade,5,945,1345.0,0
shap_feature_selection_extratrees_p1_20260529_182607,G3_mba_molar_grade,MBA Positive Molar Grade,5,946,1346.0,0
shap_feature_selection_extratrees_p1_20260529_182607,G3_mba_molar_grade,MBA Positive Molar Grade,5,947,1347.0,0
shap_feature_selection_extratrees_p1_20260529_182607,G3_mba_molar_grade,MBA Positive Molar Grade,5,948,1348.0,0
shap_feature_selection_extratrees_p1_20260529_182607,G3_mba_molar_grade,MBA Positive Molar Grade,5,949,1349.0,0
shap_feature_selection_extratrees_p1_20260529_182607,G3_mba_molar_grade,MBA Positive Molar Grade,5,950,1350.0,0
shap_feature_selection_extratrees_p1_20260529_182607,G3_mba_molar_grade,MBA Positive Molar Grade,5,951,1351.0,0
shap_feature_selection_extratrees_p1_20260529_182607,G3_mba_molar_grade,MBA Positive Molar Grade,5,952,1352.0,0
shap_feature_selection_extratrees_p1_20260529_182607,G3_mba_molar_grade,MBA Positive Molar Grade,5,953,1353.0,0
shap_feature_selection_extratrees_p1_20260529_182607,G3_mba_molar_grade,MBA Positive Molar Grade,5,954,1354.0,0
shap_feature_selection_extratrees_p1_20260529_182607,G3_mba_molar_grade,MBA Positive Molar Grade,5,955,1355.0,0
shap_feature_selection_extratrees_p1_20260529_182607,G3_mba_molar_grade,MBA Positive Molar Grade,5,956,1356.0,0
shap_feature_selection_extratrees_p1_20260529_182607,G3_mba_molar_grade,MBA Positive Molar Grade,5,957,1357.0,0
shap_feature_selection_extratrees_p1_20260529_182607,G3_mba_molar_grade,MBA Positive Molar Grade,5,958,1358.0,0
shap_feature_selection_extratrees_p1_20260529_182607,G3_mba_molar_grade,MBA Positive Molar Grade,5,959,1359.0,0
shap_feature_selection_extratrees_p1_20260529_182607,G3_mba_molar_grade,MBA Positive Molar Grade,5,960,1360.0,0
shap_feature_selection_extratrees_p1_20260529_182607,G3_mba_molar_grade,MBA Positive Molar Grade,5,961,1361.0,0
shap_feature_selection_extratrees_p1_20260529_182607,G3_mba_molar_grade,MBA Positive Molar Grade,5,962,1362.0,0
shap_feature_selection_extratrees_p1_20260529_182607,G3_mba_molar_grade,MBA Positive Molar Grade,5,963,1363.0,0
shap_feature_selection_extratrees_p1_20260529_182607,G3_mba_molar_grade,MBA Positive Molar Grade,5,964,1364.0,0
shap_feature_selection_extratrees_p1_20260529_182607,G3_mba_molar_grade,MBA Positive Molar Grade,5,965,1365.0,0
shap_feature_selection_extratrees_p1_20260529_182607,G3_mba_molar_grade,MBA Positive Molar Grade,5,966,1366.0,0
shap_feature_selection_extratrees_p1_20260529_182607,G3_mba_molar_grade,MBA Positive Molar Grade,5,967,1367.0,0
shap_feature_selection_extratrees_p1_20260529_182607,G3_mba_molar_grade,MBA Positive Molar Grade,5,968,1368.0,0
shap_feature_selection_extratrees_p1_20260529_182607,G3_mba_molar_grade,MBA Positive Molar Grade,5,969,1369.0,0
shap_feature_selection_extratrees_p1_20260529_182607,G3_mba_molar_grade,MBA Positive Molar Grade,5,970,1370.0,0
shap_feature_selection_extratrees_p1_20260529_182607,G3_mba_molar_grade,MBA Positive Molar Grade,5,971,1371.0,0
shap_feature_selection_extratrees_p1_20260529_182607,G3_mba_molar_grade,MBA Positive Molar Grade,5,972,1372.0,0
shap_feature_selection_extratrees_p1_20260529_182607,G3_mba_molar_grade,MBA Positive Molar Grade,5,973,1373.0,0
shap_feature_selection_extratrees_p1_20260529_182607,G3_mba_molar_grade,MBA Positive Molar Grade,5,974,1374.0,0
shap_feature_selection_extratrees_p1_20260529_182607,G3_mba_molar_grade,MBA Positive Molar Grade,5,975,1375.0,0
shap_feature_selection_extratrees_p1_20260529_182607,G3_mba_molar_grade,MBA Positive Molar Grade,5,976,1376.0,0
shap_feature_selection_extratrees_p1_20260529_182607,G3_mba_molar_grade,MBA Positive Molar Grade,5,977,1377.0,1
shap_feature_selection_extratrees_p1_20260529_182607,G3_mba_molar_grade,MBA Positive Molar Grade,5,978,1378.0,0
shap_feature_selection_extratrees_p1_20260529_182607,G3_mba_molar_grade,MBA Positive Molar Grade,5,979,1379.0,0
shap_feature_selection_extratrees_p1_20260529_182607,G3_mba_molar_grade,MBA Positive Molar Grade,5,980,1380.0,0
shap_feature_selection_extratrees_p1_20260529_182607,G3_mba_molar_grade,MBA Positive Molar Grade,5,981,1381.0,0
shap_feature_selection_extratrees_p1_20260529_182607,G3_mba_molar_grade,MBA Positive Molar Grade,5,982,1382.0,0
shap_feature_selection_extratrees_p1_20260529_182607,G3_mba_molar_grade,MBA Positive Molar Grade,5,983,1383.0,1
shap_feature_selection_extratrees_p1_20260529_182607,G3_mba_molar_grade,MBA Positive Molar Grade,5,984,1384.0,1
shap_feature_selection_extratrees_p1_20260529_182607,G3_mba_molar_grade,MBA Positive Molar Grade,5,985,1385.0,0
shap_feature_selection_extratrees_p1_20260529_182607,G3_mba_molar_grade,MBA Positive Molar Grade,5,986,1386.0,1
shap_feature_selection_extratrees_p1_20260529_182607,G3_mba_molar_grade,MBA Positive Molar Grade,5,987,1387.0,1
shap_feature_selection_extratrees_p1_20260529_182607,G3_mba_molar_grade,MBA Positive Molar Grade,5,988,1388.0,0
shap_feature_selection_extratrees_p1_20260529_182607,G3_mba_molar_grade,MBA Positive Molar Grade,5,989,1389.0,1
shap_feature_selection_extratrees_p1_20260529_182607,G3_mba_molar_grade,MBA Positive Molar Grade,5,990,1390.0,1
shap_feature_selection_extratrees_p1_20260529_182607,G3_mba_molar_grade,MBA Positive Molar Grade,5,991,1391.0,1
shap_feature_selection_extratrees_p1_20260529_182607,G3_mba_molar_grade,MBA Positive Molar Grade,5,992,1392.0,1
shap_feature_selection_extratrees_p1_20260529_182607,G3_mba_molar_grade,MBA Positive Molar Grade,5,993,1393.0,0
shap_feature_selection_extratrees_p1_20260529_182607,G3_mba_molar_grade,MBA Positive Molar Grade,5,994,1394.0,1
shap_feature_selection_extratrees_p1_20260529_182607,G3_mba_molar_grade,MBA Positive Molar Grade,5,995,1395.0,0
shap_feature_selection_extratrees_p1_20260529_182607,G3_mba_molar_grade,MBA Positive Molar Grade,5,996,1396.0,1
shap_feature_selection_extratrees_p1_20260529_182607,G3_mba_molar_grade,MBA Positive Molar Grade,5,997,1397.0,0
shap_feature_selection_extratrees_p1_20260529_182607,G3_mba_molar_grade,MBA Positive Molar Grade,5,998,1398.0,0
shap_feature_selection_extratrees_p1_20260529_182607,G3_mba_molar_grade,MBA Positive Molar Grade,5,999,1399.0,0
shap_feature_selection_extratrees_p1_20260529_182607,G3_mba_molar_grade,MBA Positive Molar Grade,5,1000,1400.0,1
shap_feature_selection_extratrees_p1_20260529_182607,G3_mba_molar_grade,MBA Positive Molar Grade,5,1001,1401.0,1
shap_feature_selection_extratrees_p1_20260529_182607,G3_mba_molar_grade,MBA Positive Molar Grade,5,1002,1402.0,0
shap_feature_selection_extratrees_p1_20260529_182607,G3_mba_molar_grade,MBA Positive Molar Grade,5,1003,1403.0,0
shap_feature_selection_extratrees_p1_20260529_182607,G3_mba_molar_grade,MBA Positive Molar Grade,5,1004,1404.0,1
shap_feature_selection_extratrees_p1_20260529_182607,G3_mba_molar_grade,MBA Positive Molar Grade,5,1005,1405.0,0
shap_feature_selection_extratrees_p1_20260529_182607,G3_mba_molar_grade,MBA Positive Molar Grade,5,1006,1406.0,0
shap_feature_selection_extratrees_p1_20260529_182607,G3_mba_molar_grade,MBA Positive Molar Grade,5,1007,1407.0,0
shap_feature_selection_extratrees_p1_20260529_182607,G3_mba_molar_grade,MBA Positive Molar Grade,5,1008,1408.0,0
shap_feature_selection_extratrees_p1_20260529_182607,G3_mba_molar_grade,MBA Positive Molar Grade,5,1009,1409.0,0
shap_feature_selection_extratrees_p1_20260529_182607,G3_mba_molar_grade,MBA Positive Molar Grade,5,1010,1410.0,0
shap_feature_selection_extratrees_p1_20260529_182607,G3_mba_molar_grade,MBA Positive Molar Grade,5,1011,1411.0,0
shap_feature_selection_extratrees_p1_20260529_182607,G3_mba_molar_grade,MBA Positive Molar Grade,5,1012,1412.0,0
shap_feature_selection_extratrees_p1_20260529_182607,G3_mba_molar_grade,MBA Positive Molar Grade,5,1013,1413.0,0
shap_feature_selection_extratrees_p1_20260529_182607,G3_mba_molar_grade,MBA Positive Molar Grade,5,1014,1414.0,0
shap_feature_selection_extratrees_p1_20260529_182607,G3_mba_molar_grade,MBA Positive Molar Grade,5,1015,1415.0,0
shap_feature_selection_extratrees_p1_20260529_182607,G3_mba_molar_grade,MBA Positive Molar Grade,5,1016,1416.0,0
shap_feature_selection_extratrees_p1_20260529_182607,G3_mba_molar_grade,MBA Positive Molar Grade,5,1017,1417.0,0
shap_feature_selection_extratrees_p1_20260529_182607,G3_mba_molar_grade,MBA Positive Molar Grade,5,1018,1418.0,0
shap_feature_selection_extratrees_p1_20260529_182607,G3_mba_molar_grade,MBA Positive Molar Grade,5,1019,1419.0,0
shap_feature_selection_extratrees_p1_20260529_182607,G3_mba_molar_grade,MBA Positive Molar Grade,5,1020,1420.0,0
shap_feature_selection_extratrees_p1_20260529_182607,G3_mba_molar_grade,MBA Positive Molar Grade,5,1021,1421.0,0
shap_feature_selection_extratrees_p1_20260529_182607,G3_mba_molar_grade,MBA Positive Molar Grade,5,1022,1422.0,0
shap_feature_selection_extratrees_p1_20260529_182607,G3_mba_molar_grade,MBA Positive Molar Grade,5,1023,1423.0,0
shap_feature_selection_extratrees_p1_20260529_182607,G3_mba_molar_grade,MBA Positive Molar Grade,5,1024,1424.0,0
shap_feature_selection_extratrees_p1_20260529_182607,G3_mba_molar_grade,MBA Positive Molar Grade,5,1025,1425.0,0
shap_feature_selection_extratrees_p1_20260529_182607,G3_mba_molar_grade,MBA Positive Molar Grade,5,1026,1426.0,0
shap_feature_selection_extratrees_p1_20260529_182607,G3_mba_molar_grade,MBA Positive Molar Grade,5,1027,1427.0,0
shap_feature_selection_extratrees_p1_20260529_182607,G3_mba_molar_grade,MBA Positive Molar Grade,5,1028,1428.0,0
shap_feature_selection_extratrees_p1_20260529_182607,G3_mba_molar_grade,MBA Positive Molar Grade,5,1029,1429.0,0
shap_feature_selection_extratrees_p1_20260529_182607,G3_mba_molar_grade,MBA Positive Molar Grade,5,1030,1430.0,0
shap_feature_selection_extratrees_p1_20260529_182607,G3_mba_molar_grade,MBA Positive Molar Grade,5,1031,1431.0,0
shap_feature_selection_extratrees_p1_20260529_182607,G3_mba_molar_grade,MBA Positive Molar Grade,5,1032,1432.0,0
shap_feature_selection_extratrees_p1_20260529_182607,G3_mba_molar_grade,MBA Positive Molar Grade,5,1033,1433.0,1
shap_feature_selection_extratrees_p1_20260529_182607,G3_mba_molar_grade,MBA Positive Molar Grade,5,1034,1434.0,1
shap_feature_selection_extratrees_p1_20260529_182607,G3_mba_molar_grade,MBA Positive Molar Grade,5,1035,1435.0,1
shap_feature_selection_extratrees_p1_20260529_182607,G3_mba_molar_grade,MBA Positive Molar Grade,5,1036,1436.0,1
shap_feature_selection_extratrees_p1_20260529_182607,G3_mba_molar_grade,MBA Positive Molar Grade,5,1037,1437.0,1
shap_feature_selection_extratrees_p1_20260529_182607,G3_mba_molar_grade,MBA Positive Molar Grade,5,1038,1438.0,1
shap_feature_selection_extratrees_p1_20260529_182607,G3_mba_molar_grade,MBA Positive Molar Grade,5,1039,1439.0,1
shap_feature_selection_extratrees_p1_20260529_182607,G3_mba_molar_grade,MBA Positive Molar Grade,5,1040,1440.0,1
shap_feature_selection_extratrees_p1_20260529_182607,G3_mba_molar_grade,MBA Positive Molar Grade,5,1041,1441.0,1
shap_feature_selection_extratrees_p1_20260529_182607,G3_mba_molar_grade,MBA Positive Molar Grade,5,1042,1442.0,1
shap_feature_selection_extratrees_p1_20260529_182607,G3_mba_molar_grade,MBA Positive Molar Grade,5,1043,1443.0,1
shap_feature_selection_extratrees_p1_20260529_182607,G3_mba_molar_grade,MBA Positive Molar Grade,5,1044,1444.0,1
shap_feature_selection_extratrees_p1_20260529_182607,G3_mba_molar_grade,MBA Positive Molar Grade,5,1045,1445.0,0
shap_feature_selection_extratrees_p1_20260529_182607,G3_mba_molar_grade,MBA Positive Molar Grade,5,1046,1446.0,1
shap_feature_selection_extratrees_p1_20260529_182607,G3_mba_molar_grade,MBA Positive Molar Grade,5,1047,1447.0,1
shap_feature_selection_extratrees_p1_20260529_182607,G3_mba_molar_grade,MBA Positive Molar Grade,5,1048,1448.0,0
shap_feature_selection_extratrees_p1_20260529_182607,G3_mba_molar_grade,MBA Positive Molar Grade,5,1049,1449.0,1
shap_feature_selection_extratrees_p1_20260529_182607,G3_mba_molar_grade,MBA Positive Molar Grade,5,1050,1450.0,0
shap_feature_selection_extratrees_p1_20260529_182607,G3_mba_molar_grade,MBA Positive Molar Grade,5,1051,1451.0,0
shap_feature_selection_extratrees_p1_20260529_182607,G3_mba_molar_grade,MBA Positive Molar Grade,5,1052,1452.0,0
shap_feature_selection_extratrees_p1_20260529_182607,G3_mba_molar_grade,MBA Positive Molar Grade,5,1053,1453.0,0
shap_feature_selection_extratrees_p1_20260529_182607,G3_mba_molar_grade,MBA Positive Molar Grade,5,1054,1454.0,0
shap_feature_selection_extratrees_p1_20260529_182607,G3_mba_molar_grade,MBA Positive Molar Grade,5,1055,1455.0,0
shap_feature_selection_extratrees_p1_20260529_182607,G3_mba_molar_grade,MBA Positive Molar Grade,5,1056,1456.0,0
shap_feature_selection_extratrees_p1_20260529_182607,G3_mba_molar_grade,MBA Positive Molar Grade,5,1057,1457.0,0
shap_feature_selection_extratrees_p1_20260529_182607,G3_mba_molar_grade,MBA Positive Molar Grade,5,1058,1458.0,0
shap_feature_selection_extratrees_p1_20260529_182607,G3_mba_molar_grade,MBA Positive Molar Grade,5,1059,1459.0,0
shap_feature_selection_extratrees_p1_20260529_182607,G3_mba_molar_grade,MBA Positive Molar Grade,5,1060,1460.0,0
shap_feature_selection_extratrees_p1_20260529_182607,G3_mba_molar_grade,MBA Positive Molar Grade,5,1061,1461.0,0
shap_feature_selection_extratrees_p1_20260529_182607,G3_mba_molar_grade,MBA Positive Molar Grade,5,1062,1462.0,0
shap_feature_selection_extratrees_p1_20260529_182607,G3_mba_molar_grade,MBA Positive Molar Grade,5,1063,1463.0,0
shap_feature_selection_extratrees_p1_20260529_182607,G3_mba_molar_grade,MBA Positive Molar Grade,5,1064,1464.0,0
shap_feature_selection_extratrees_p1_20260529_182607,G3_mba_molar_grade,MBA Positive Molar Grade,5,1065,1465.0,0
shap_feature_selection_extratrees_p1_20260529_182607,G3_mba_molar_grade,MBA Positive Molar Grade,5,1066,1466.0,0
shap_feature_selection_extratrees_p1_20260529_182607,G3_mba_molar_grade,MBA Positive Molar Grade,5,1067,1467.0,0
shap_feature_selection_extratrees_p1_20260529_182607,G3_mba_molar_grade,MBA Positive Molar Grade,5,1068,1468.0,0
shap_feature_selection_extratrees_p1_20260529_182607,G3_mba_molar_grade,MBA Positive Molar Grade,5,1069,1469.0,0
shap_feature_selection_extratrees_p1_20260529_182607,G3_mba_molar_grade,MBA Positive Molar Grade,5,1070,1470.0,0
shap_feature_selection_extratrees_p1_20260529_182607,G3_mba_molar_grade,MBA Positive Molar Grade,5,1071,1471.0,1
shap_feature_selection_extratrees_p1_20260529_182607,G3_mba_molar_grade,MBA Positive Molar Grade,5,1072,1472.0,0
shap_feature_selection_extratrees_p1_20260529_182607,G3_mba_molar_grade,MBA Positive Molar Grade,5,1073,1473.0,1
shap_feature_selection_extratrees_p1_20260529_182607,G3_mba_molar_grade,MBA Positive Molar Grade,5,1074,1474.0,0
shap_feature_selection_extratrees_p1_20260529_182607,G3_mba_molar_grade,MBA Positive Molar Grade,5,1075,1475.0,0
shap_feature_selection_extratrees_p1_20260529_182607,G3_mba_molar_grade,MBA Positive Molar Grade,5,1076,1476.0,0
shap_feature_selection_extratrees_p1_20260529_182607,G3_mba_molar_grade,MBA Positive Molar Grade,5,1077,1477.0,0
shap_feature_selection_extratrees_p1_20260529_182607,G3_mba_molar_grade,MBA Positive Molar Grade,5,1078,1478.0,0
shap_feature_selection_extratrees_p1_20260529_182607,G3_mba_molar_grade,MBA Positive Molar Grade,5,1079,1479.0,0
shap_feature_selection_extratrees_p1_20260529_182607,G3_mba_molar_grade,MBA Positive Molar Grade,5,1080,1480.0,0
shap_feature_selection_extratrees_p1_20260529_182607,G3_mba_molar_grade,MBA Positive Molar Grade,5,1081,1481.0,0
shap_feature_selection_extratrees_p1_20260529_182607,G3_mba_molar_grade,MBA Positive Molar Grade,5,1082,1482.0,0
shap_feature_selection_extratrees_p1_20260529_182607,G3_mba_molar_grade,MBA Positive Molar Grade,5,1083,1483.0,0
shap_feature_selection_extratrees_p1_20260529_182607,G3_mba_molar_grade,MBA Positive Molar Grade,5,1084,1484.0,0
shap_feature_selection_extratrees_p1_20260529_182607,G3_mba_molar_grade,MBA Positive Molar Grade,5,1085,1485.0,0
shap_feature_selection_extratrees_p1_20260529_182607,G3_mba_molar_grade,MBA Positive Molar Grade,5,1086,1486.0,0
shap_feature_selection_extratrees_p1_20260529_182607,G3_mba_molar_grade,MBA Positive Molar Grade,5,1087,1487.0,0
shap_feature_selection_extratrees_p1_20260529_182607,G3_mba_molar_grade,MBA Positive Molar Grade,5,1088,1488.0,0
shap_feature_selection_extratrees_p1_20260529_182607,G3_mba_molar_grade,MBA Positive Molar Grade,5,1089,1489.0,0
shap_feature_selection_extratrees_p1_20260529_182607,G3_mba_molar_grade,MBA Positive Molar Grade,5,1090,1490.0,0
shap_feature_selection_extratrees_p1_20260529_182607,G3_mba_molar_grade,MBA Positive Molar Grade,5,1091,1491.0,0
shap_feature_selection_extratrees_p1_20260529_182607,G3_mba_molar_grade,MBA Positive Molar Grade,5,1092,1492.0,0
shap_feature_selection_extratrees_p1_20260529_182607,G3_mba_molar_grade,MBA Positive Molar Grade,5,1093,1493.0,0
shap_feature_selection_extratrees_p1_20260529_182607,G3_mba_molar_grade,MBA Positive Molar Grade,5,1094,1494.0,0
shap_feature_selection_extratrees_p1_20260529_182607,G3_mba_molar_grade,MBA Positive Molar Grade,5,1095,1495.0,0
shap_feature_selection_extratrees_p1_20260529_182607,G3_mba_molar_grade,MBA Positive Molar Grade,5,1096,1496.0,0
shap_feature_selection_extratrees_p1_20260529_182607,G3_mba_molar_grade,MBA Positive Molar Grade,5,1097,1497.0,0
shap_feature_selection_extratrees_p1_20260529_182607,G3_mba_molar_grade,MBA Positive Molar Grade,5,1098,1498.0,0
shap_feature_selection_extratrees_p1_20260529_182607,G3_mba_molar_grade,MBA Positive Molar Grade,5,1099,1499.0,0
shap_feature_selection_extratrees_p1_20260529_182607,G3_mba_molar_grade,MBA Positive Molar Grade,5,1100,1500.0,0
shap_feature_selection_extratrees_p1_20260529_182607,G3_mba_molar_grade,MBA Positive Molar Grade,5,1101,1501.0,0
shap_feature_selection_extratrees_p1_20260529_182607,G3_mba_molar_grade,MBA Positive Molar Grade,5,1102,1502.0,0
shap_feature_selection_extratrees_p1_20260529_182607,G3_mba_molar_grade,MBA Positive Molar Grade,5,1103,1503.0,0
shap_feature_selection_extratrees_p1_20260529_182607,G3_mba_molar_grade,MBA Positive Molar Grade,5,1104,1504.0,0
shap_feature_selection_extratrees_p1_20260529_182607,G3_mba_molar_grade,MBA Positive Molar Grade,5,1105,1505.0,0
shap_feature_selection_extratrees_p1_20260529_182607,G3_mba_molar_grade,MBA Positive Molar Grade,5,1106,1506.0,0
shap_feature_selection_extratrees_p1_20260529_182607,G3_mba_molar_grade,MBA Positive Molar Grade,5,1107,1507.0,0
shap_feature_selection_extratrees_p1_20260529_182607,G3_mba_molar_grade,MBA Positive Molar Grade,5,1108,1508.0,0
shap_feature_selection_extratrees_p1_20260529_182607,G3_mba_molar_grade,MBA Positive Molar Grade,5,1109,1509.0,0
shap_feature_selection_extratrees_p1_20260529_182607,G3_mba_molar_grade,MBA Positive Molar Grade,5,1110,1510.0,0
shap_feature_selection_extratrees_p1_20260529_182607,G3_mba_molar_grade,MBA Positive Molar Grade,5,1111,1511.0,0
shap_feature_selection_extratrees_p1_20260529_182607,G3_mba_molar_grade,MBA Positive Molar Grade,5,1112,1512.0,0
shap_feature_selection_extratrees_p1_20260529_182607,G3_mba_molar_grade,MBA Positive Molar Grade,5,1113,1513.0,0
shap_feature_selection_extratrees_p1_20260529_182607,G3_mba_molar_grade,MBA Positive Molar Grade,5,1114,1514.0,0
shap_feature_selection_extratrees_p1_20260529_182607,G3_mba_molar_grade,MBA Positive Molar Grade,5,1115,1515.0,0
shap_feature_selection_extratrees_p1_20260529_182607,G3_mba_molar_grade,MBA Positive Molar Grade,5,1116,1516.0,0
shap_feature_selection_extratrees_p1_20260529_182607,G3_mba_molar_grade,MBA Positive Molar Grade,5,1117,1517.0,0
shap_feature_selection_extratrees_p1_20260529_182607,G3_mba_molar_grade,MBA Positive Molar Grade,5,1118,1518.0,0
shap_feature_selection_extratrees_p1_20260529_182607,G3_mba_molar_grade,MBA Positive Molar Grade,5,1119,1519.0,0
shap_feature_selection_extratrees_p1_20260529_182607,G3_mba_molar_grade,MBA Positive Molar Grade,5,1120,1520.0,0
shap_feature_selection_extratrees_p1_20260529_182607,G3_mba_molar_grade,MBA Positive Molar Grade,5,1121,1521.0,0
shap_feature_selection_extratrees_p1_20260529_182607,G3_mba_molar_grade,MBA Positive Molar Grade,5,1122,1522.0,0
shap_feature_selection_extratrees_p1_20260529_182607,G3_mba_molar_grade,MBA Positive Molar Grade,5,1123,1523.0,0
shap_feature_selection_extratrees_p1_20260529_182607,G3_mba_molar_grade,MBA Positive Molar Grade,5,1124,1524.0,0
shap_feature_selection_extratrees_p1_20260529_182607,G3_mba_molar_grade,MBA Positive Molar Grade,5,1125,1525.0,0
shap_feature_selection_extratrees_p1_20260529_182607,G3_mba_molar_grade,MBA Positive Molar Grade,5,1126,1526.0,0
shap_feature_selection_extratrees_p1_20260529_182607,G3_mba_molar_grade,MBA Positive Molar Grade,5,1127,1527.0,0
shap_feature_selection_extratrees_p1_20260529_182607,G3_mba_molar_grade,MBA Positive Molar Grade,5,1128,1528.0,0
shap_feature_selection_extratrees_p1_20260529_182607,G3_mba_molar_grade,MBA Positive Molar Grade,5,1129,1529.0,0
shap_feature_selection_extratrees_p1_20260529_182607,G3_mba_molar_grade,MBA Positive Molar Grade,5,1130,1530.0,0
shap_feature_selection_extratrees_p1_20260529_182607,G3_mba_molar_grade,MBA Positive Molar Grade,5,1131,1531.0,0
shap_feature_selection_extratrees_p1_20260529_182607,G3_mba_molar_grade,MBA Positive Molar Grade,5,1132,1532.0,0
shap_feature_selection_extratrees_p1_20260529_182607,G3_mba_molar_grade,MBA Positive Molar Grade,5,1133,1533.0,0
shap_feature_selection_extratrees_p1_20260529_182607,G3_mba_molar_grade,MBA Positive Molar Grade,5,1134,1534.0,0
shap_feature_selection_extratrees_p1_20260529_182607,G3_mba_molar_grade,MBA Positive Molar Grade,5,1135,1535.0,0
shap_feature_selection_extratrees_p1_20260529_182607,G3_mba_molar_grade,MBA Positive Molar Grade,5,1136,1536.0,0
shap_feature_selection_extratrees_p1_20260529_182607,G3_mba_molar_grade,MBA Positive Molar Grade,5,1137,1537.0,0
shap_feature_selection_extratrees_p1_20260529_182607,G3_mba_molar_grade,MBA Positive Molar Grade,5,1138,1538.0,0
shap_feature_selection_extratrees_p1_20260529_182607,G3_mba_molar_grade,MBA Positive Molar Grade,5,1139,1539.0,0
shap_feature_selection_extratrees_p1_20260529_182607,G3_mba_molar_grade,MBA Positive Molar Grade,5,1140,1540.0,0
shap_feature_selection_extratrees_p1_20260529_182607,G3_mba_molar_grade,MBA Positive Molar Grade,5,1141,1541.0,0
shap_feature_selection_extratrees_p1_20260529_182607,G3_mba_molar_grade,MBA Positive Molar Grade,5,1142,1542.0,0
shap_feature_selection_extratrees_p1_20260529_182607,G3_mba_molar_grade,MBA Positive Molar Grade,5,1143,1543.0,0
shap_feature_selection_extratrees_p1_20260529_182607,G3_mba_molar_grade,MBA Positive Molar Grade,5,1144,1544.0,0
shap_feature_selection_extratrees_p1_20260529_182607,G3_mba_molar_grade,MBA Positive Molar Grade,5,1145,1545.0,0
shap_feature_selection_extratrees_p1_20260529_182607,G3_mba_molar_grade,MBA Positive Molar Grade,5,1146,1546.0,0
shap_feature_selection_extratrees_p1_20260529_182607,G3_mba_molar_grade,MBA Positive Molar Grade,5,1147,1547.0,0
shap_feature_selection_extratrees_p1_20260529_182607,G3_mba_molar_grade,MBA Positive Molar Grade,5,1148,1548.0,0
shap_feature_selection_extratrees_p1_20260529_182607,G3_mba_molar_grade,MBA Positive Molar Grade,5,1149,1549.0,0
shap_feature_selection_extratrees_p1_20260529_182607,G3_mba_molar_grade,MBA Positive Molar Grade,5,1150,1550.0,0
shap_feature_selection_extratrees_p1_20260529_182607,G3_mba_molar_grade,MBA Positive Molar Grade,5,1151,1551.0,0
shap_feature_selection_extratrees_p1_20260529_182607,G3_mba_molar_grade,MBA Positive Molar Grade,5,1152,1552.0,0
shap_feature_selection_extratrees_p1_20260529_182607,G3_mba_molar_grade,MBA Positive Molar Grade,5,1153,1553.0,0
shap_feature_selection_extratrees_p1_20260529_182607,G3_mba_molar_grade,MBA Positive Molar Grade,5,1154,1554.0,0
shap_feature_selection_extratrees_p1_20260529_182607,G3_mba_molar_grade,MBA Positive Molar Grade,5,1155,1555.0,0
shap_feature_selection_extratrees_p1_20260529_182607,G3_mba_molar_grade,MBA Positive Molar Grade,5,1156,1556.0,0
shap_feature_selection_extratrees_p1_20260529_182607,G3_mba_molar_grade,MBA Positive Molar Grade,5,1157,1557.0,0
shap_feature_selection_extratrees_p1_20260529_182607,G3_mba_molar_grade,MBA Positive Molar Grade,5,1158,1558.0,0
shap_feature_selection_extratrees_p1_20260529_182607,G3_mba_molar_grade,MBA Positive Molar Grade,5,1159,1559.0,0
shap_feature_selection_extratrees_p1_20260529_182607,G3_mba_molar_grade,MBA Positive Molar Grade,5,1160,1560.0,1
shap_feature_selection_extratrees_p1_20260529_182607,G3_mba_molar_grade,MBA Positive Molar Grade,5,1161,1561.0,0
shap_feature_selection_extratrees_p1_20260529_182607,G3_mba_molar_grade,MBA Positive Molar Grade,5,1162,1562.0,0
shap_feature_selection_extratrees_p1_20260529_182607,G3_mba_molar_grade,MBA Positive Molar Grade,5,1163,1563.0,0
shap_feature_selection_extratrees_p1_20260529_182607,G3_mba_molar_grade,MBA Positive Molar Grade,5,1164,1564.0,0
shap_feature_selection_extratrees_p1_20260529_182607,G3_mba_molar_grade,MBA Positive Molar Grade,5,1165,1565.0,0
shap_feature_selection_extratrees_p1_20260529_182607,G3_mba_molar_grade,MBA Positive Molar Grade,5,1166,1566.0,0
shap_feature_selection_extratrees_p1_20260529_182607,G3_mba_molar_grade,MBA Positive Molar Grade,5,1167,1567.0,0
shap_feature_selection_extratrees_p1_20260529_182607,G3_mba_molar_grade,MBA Positive Molar Grade,5,1168,1568.0,0
shap_feature_selection_extratrees_p1_20260529_182607,G3_mba_molar_grade,MBA Positive Molar Grade,5,1169,1569.0,1
shap_feature_selection_extratrees_p1_20260529_182607,G3_mba_molar_grade,MBA Positive Molar Grade,5,1170,1570.0,1
shap_feature_selection_extratrees_p1_20260529_182607,G3_mba_molar_grade,MBA Positive Molar Grade,5,1171,1571.0,1
shap_feature_selection_extratrees_p1_20260529_182607,G3_mba_molar_grade,MBA Positive Molar Grade,5,1172,1572.0,1
shap_feature_selection_extratrees_p1_20260529_182607,G3_mba_molar_grade,MBA Positive Molar Grade,5,1173,1573.0,1
shap_feature_selection_extratrees_p1_20260529_182607,G3_mba_molar_grade,MBA Positive Molar Grade,5,1174,1574.0,1
shap_feature_selection_extratrees_p1_20260529_182607,G3_mba_molar_grade,MBA Positive Molar Grade,5,1175,1575.0,1
shap_feature_selection_extratrees_p1_20260529_182607,G3_mba_molar_grade,MBA Positive Molar Grade,5,1176,1576.0,1
shap_feature_selection_extratrees_p1_20260529_182607,G3_mba_molar_grade,MBA Positive Molar Grade,5,1177,1577.0,1
shap_feature_selection_extratrees_p1_20260529_182607,G3_mba_molar_grade,MBA Positive Molar Grade,5,1178,1578.0,1
shap_feature_selection_extratrees_p1_20260529_182607,G3_mba_molar_grade,MBA Positive Molar Grade,5,1179,1579.0,1
shap_feature_selection_extratrees_p1_20260529_182607,G3_mba_molar_grade,MBA Positive Molar Grade,5,1180,1580.0,1
shap_feature_selection_extratrees_p1_20260529_182607,G3_mba_molar_grade,MBA Positive Molar Grade,5,1181,1581.0,1
shap_feature_selection_extratrees_p1_20260529_182607,G3_mba_molar_grade,MBA Positive Molar Grade,5,1182,1582.0,1
shap_feature_selection_extratrees_p1_20260529_182607,G3_mba_molar_grade,MBA Positive Molar Grade,5,1183,1583.0,1
shap_feature_selection_extratrees_p1_20260529_182607,G3_mba_molar_grade,MBA Positive Molar Grade,5,1184,1584.0,0
shap_feature_selection_extratrees_p1_20260529_182607,G3_mba_molar_grade,MBA Positive Molar Grade,5,1185,1585.0,0
shap_feature_selection_extratrees_p1_20260529_182607,G3_mba_molar_grade,MBA Positive Molar Grade,5,1186,1586.0,0
shap_feature_selection_extratrees_p1_20260529_182607,G3_mba_molar_grade,MBA Positive Molar Grade,5,1187,1587.0,0
shap_feature_selection_extratrees_p1_20260529_182607,G3_mba_molar_grade,MBA Positive Molar Grade,5,1188,1588.0,0
shap_feature_selection_extratrees_p1_20260529_182607,G3_mba_molar_grade,MBA Positive Molar Grade,5,1189,1589.0,0
shap_feature_selection_extratrees_p1_20260529_182607,G3_mba_molar_grade,MBA Positive Molar Grade,5,1190,1590.0,0
shap_feature_selection_extratrees_p1_20260529_182607,G3_mba_molar_grade,MBA Positive Molar Grade,5,1191,1591.0,0
shap_feature_selection_extratrees_p1_20260529_182607,G3_mba_molar_grade,MBA Positive Molar Grade,5,1192,1592.0,0
shap_feature_selection_extratrees_p1_20260529_182607,G3_mba_molar_grade,MBA Positive Molar Grade,5,1193,1593.0,0
shap_feature_selection_extratrees_p1_20260529_182607,G3_mba_molar_grade,MBA Positive Molar Grade,5,1194,1594.0,0
shap_feature_selection_extratrees_p1_20260529_182607,G3_mba_molar_grade,MBA Positive Molar Grade,5,1195,1595.0,0
shap_feature_selection_extratrees_p1_20260529_182607,G3_mba_molar_grade,MBA Positive Molar Grade,5,1196,1596.0,0
shap_feature_selection_extratrees_p1_20260529_182607,G3_mba_molar_grade,MBA Positive Molar Grade,5,1197,1597.0,0
shap_feature_selection_extratrees_p1_20260529_182607,G3_mba_molar_grade,MBA Positive Molar Grade,5,1198,1598.0,0
shap_feature_selection_extratrees_p1_20260529_182607,G3_mba_molar_grade,MBA Positive Molar Grade,5,1199,1599.0,0
shap_feature_selection_extratrees_p1_20260529_182607,G3_mba_molar_grade,MBA Positive Molar Grade,5,1200,1600.0,0
shap_feature_selection_extratrees_p1_20260529_182607,G3_mba_molar_grade,MBA Positive Molar Grade,5,1201,1601.0,0
shap_feature_selection_extratrees_p1_20260529_182607,G3_mba_molar_grade,MBA Positive Molar Grade,5,1202,1602.0,0
shap_feature_selection_extratrees_p1_20260529_182607,G3_mba_molar_grade,MBA Positive Molar Grade,5,1203,1603.0,0
shap_feature_selection_extratrees_p1_20260529_182607,G3_mba_molar_grade,MBA Positive Molar Grade,5,1204,1604.0,0
shap_feature_selection_extratrees_p1_20260529_182607,G3_mba_molar_grade,MBA Positive Molar Grade,5,1205,1605.0,0
shap_feature_selection_extratrees_p1_20260529_182607,G3_mba_molar_grade,MBA Positive Molar Grade,5,1206,1606.0,0
shap_feature_selection_extratrees_p1_20260529_182607,G3_mba_molar_grade,MBA Positive Molar Grade,5,1207,1607.0,0
shap_feature_selection_extratrees_p1_20260529_182607,G3_mba_molar_grade,MBA Positive Molar Grade,5,1208,1608.0,0
shap_feature_selection_extratrees_p1_20260529_182607,G3_mba_molar_grade,MBA Positive Molar Grade,5,1209,1609.0,0
shap_feature_selection_extratrees_p1_20260529_182607,G3_mba_molar_grade,MBA Positive Molar Grade,5,1210,1610.0,0
shap_feature_selection_extratrees_p1_20260529_182607,G3_mba_molar_grade,MBA Positive Molar Grade,5,1211,1611.0,0
shap_feature_selection_extratrees_p1_20260529_182607,G3_mba_molar_grade,MBA Positive Molar Grade,5,1212,1612.0,0
shap_feature_selection_extratrees_p1_20260529_182607,G3_mba_molar_grade,MBA Positive Molar Grade,5,1213,1613.0,0
shap_feature_selection_extratrees_p1_20260529_182607,G3_mba_molar_grade,MBA Positive Molar Grade,5,1214,1614.0,0
shap_feature_selection_extratrees_p1_20260529_182607,G3_mba_molar_grade,MBA Positive Molar Grade,5,1215,1615.0,0
shap_feature_selection_extratrees_p1_20260529_182607,G3_mba_molar_grade,MBA Positive Molar Grade,5,1216,1616.0,0
shap_feature_selection_extratrees_p1_20260529_182607,G3_mba_molar_grade,MBA Positive Molar Grade,5,1217,1617.0,0
shap_feature_selection_extratrees_p1_20260529_182607,G3_mba_molar_grade,MBA Positive Molar Grade,5,1218,1618.0,0
shap_feature_selection_extratrees_p1_20260529_182607,G3_mba_molar_grade,MBA Positive Molar Grade,5,1219,1619.0,0
shap_feature_selection_extratrees_p1_20260529_182607,G3_mba_molar_grade,MBA Positive Molar Grade,5,1220,1620.0,0
shap_feature_selection_extratrees_p1_20260529_182607,G3_mba_molar_grade,MBA Positive Molar Grade,5,1221,1621.0,0
shap_feature_selection_extratrees_p1_20260529_182607,G3_mba_molar_grade,MBA Positive Molar Grade,5,1222,1622.0,0
shap_feature_selection_extratrees_p1_20260529_182607,G3_mba_molar_grade,MBA Positive Molar Grade,5,1223,1623.0,0
shap_feature_selection_extratrees_p1_20260529_182607,G3_mba_molar_grade,MBA Positive Molar Grade,5,1224,1624.0,0
shap_feature_selection_extratrees_p1_20260529_182607,G3_mba_molar_grade,MBA Positive Molar Grade,5,1225,1625.0,0
shap_feature_selection_extratrees_p1_20260529_182607,G3_mba_molar_grade,MBA Positive Molar Grade,5,1226,1626.0,0
shap_feature_selection_extratrees_p1_20260529_182607,G3_mba_molar_grade,MBA Positive Molar Grade,5,1227,1627.0,0
shap_feature_selection_extratrees_p1_20260529_182607,G3_mba_molar_grade,MBA Positive Molar Grade,5,1228,1628.0,0
shap_feature_selection_extratrees_p1_20260529_182607,G3_mba_molar_grade,MBA Positive Molar Grade,5,1229,1629.0,0
shap_feature_selection_extratrees_p1_20260529_182607,G3_mba_molar_grade,MBA Positive Molar Grade,5,1230,1630.0,0
shap_feature_selection_extratrees_p1_20260529_182607,G3_mba_molar_grade,MBA Positive Molar Grade,5,1231,1631.0,0
shap_feature_selection_extratrees_p1_20260529_182607,G3_mba_molar_grade,MBA Positive Molar Grade,5,1232,1632.0,0
shap_feature_selection_extratrees_p1_20260529_182607,G3_mba_molar_grade,MBA Positive Molar Grade,5,1233,1633.0,0
shap_feature_selection_extratrees_p1_20260529_182607,G3_mba_molar_grade,MBA Positive Molar Grade,5,1234,1634.0,0
shap_feature_selection_extratrees_p1_20260529_182607,G3_mba_molar_grade,MBA Positive Molar Grade,5,1235,1635.0,0
shap_feature_selection_extratrees_p1_20260529_182607,G3_mba_molar_grade,MBA Positive Molar Grade,5,1236,1636.0,0
shap_feature_selection_extratrees_p1_20260529_182607,G3_mba_molar_grade,MBA Positive Molar Grade,5,1237,1637.0,0
shap_feature_selection_extratrees_p1_20260529_182607,G3_mba_molar_grade,MBA Positive Molar Grade,5,1238,1638.0,0
shap_feature_selection_extratrees_p1_20260529_182607,G3_mba_molar_grade,MBA Positive Molar Grade,5,1239,1639.0,0
shap_feature_selection_extratrees_p1_20260529_182607,G3_mba_molar_grade,MBA Positive Molar Grade,5,1240,1640.0,0
shap_feature_selection_extratrees_p1_20260529_182607,G3_mba_molar_grade,MBA Positive Molar Grade,5,1241,1641.0,0
shap_feature_selection_extratrees_p1_20260529_182607,G3_mba_molar_grade,MBA Positive Molar Grade,5,1242,1642.0,0
shap_feature_selection_extratrees_p1_20260529_182607,G3_mba_molar_grade,MBA Positive Molar Grade,5,1243,1643.0,0
shap_feature_selection_extratrees_p1_20260529_182607,G3_mba_molar_grade,MBA Positive Molar Grade,5,1244,1644.0,0
shap_feature_selection_extratrees_p1_20260529_182607,G3_mba_molar_grade,MBA Positive Molar Grade,5,1245,1645.0,0
shap_feature_selection_extratrees_p1_20260529_182607,G3_mba_molar_grade,MBA Positive Molar Grade,5,1246,1646.0,0
shap_feature_selection_extratrees_p1_20260529_182607,G3_mba_molar_grade,MBA Positive Molar Grade,5,1247,1647.0,0
shap_feature_selection_extratrees_p1_20260529_182607,G3_mba_molar_grade,MBA Positive Molar Grade,5,1248,1648.0,0
shap_feature_selection_extratrees_p1_20260529_182607,G3_mba_molar_grade,MBA Positive Molar Grade,5,1249,1649.0,0
shap_feature_selection_extratrees_p1_20260529_182607,G3_mba_molar_grade,MBA Positive Molar Grade,5,1250,1650.0,0
shap_feature_selection_extratrees_p1_20260529_182607,G3_mba_molar_grade,MBA Positive Molar Grade,5,1251,1651.0,0
shap_feature_selection_extratrees_p1_20260529_182607,G3_mba_molar_grade,MBA Positive Molar Grade,5,1252,1652.0,0
shap_feature_selection_extratrees_p1_20260529_182607,G3_mba_molar_grade,MBA Positive Molar Grade,5,1253,1653.0,0
shap_feature_selection_extratrees_p1_20260529_182607,G3_mba_molar_grade,MBA Positive Molar Grade,5,1254,1654.0,0
shap_feature_selection_extratrees_p1_20260529_182607,G3_mba_molar_grade,MBA Positive Molar Grade,5,1255,1655.0,0
shap_feature_selection_extratrees_p1_20260529_182607,G3_mba_molar_grade,MBA Positive Molar Grade,5,1256,1656.0,0
shap_feature_selection_extratrees_p1_20260529_182607,G3_mba_molar_grade,MBA Positive Molar Grade,5,1257,1657.0,0
shap_feature_selection_extratrees_p1_20260529_182607,G3_mba_molar_grade,MBA Positive Molar Grade,5,1258,1658.0,0
shap_feature_selection_extratrees_p1_20260529_182607,G3_mba_molar_grade,MBA Positive Molar Grade,5,1259,1659.0,0
shap_feature_selection_extratrees_p1_20260529_182607,G3_mba_molar_grade,MBA Positive Molar Grade,5,1260,1660.0,0
shap_feature_selection_extratrees_p1_20260529_182607,G3_mba_molar_grade,MBA Positive Molar Grade,5,1261,1661.0,0
shap_feature_selection_extratrees_p1_20260529_182607,G3_mba_molar_grade,MBA Positive Molar Grade,5,1262,1662.0,0
shap_feature_selection_extratrees_p1_20260529_182607,G3_mba_molar_grade,MBA Positive Molar Grade,5,1263,1663.0,0
shap_feature_selection_extratrees_p1_20260529_182607,G3_mba_molar_grade,MBA Positive Molar Grade,5,1264,1664.0,0
shap_feature_selection_extratrees_p1_20260529_182607,G3_mba_molar_grade,MBA Positive Molar Grade,5,1265,1665.0,0
shap_feature_selection_extratrees_p1_20260529_182607,G3_mba_molar_grade,MBA Positive Molar Grade,5,1266,1666.0,0
shap_feature_selection_extratrees_p1_20260529_182607,G3_mba_molar_grade,MBA Positive Molar Grade,5,1267,1667.0,0
shap_feature_selection_extratrees_p1_20260529_182607,G3_mba_molar_grade,MBA Positive Molar Grade,5,1268,1668.0,0
shap_feature_selection_extratrees_p1_20260529_182607,G3_mba_molar_grade,MBA Positive Molar Grade,5,1269,1669.0,0
shap_feature_selection_extratrees_p1_20260529_182607,G3_mba_molar_grade,MBA Positive Molar Grade,5,1270,1670.0,0
shap_feature_selection_extratrees_p1_20260529_182607,G3_mba_molar_grade,MBA Positive Molar Grade,5,1271,1671.0,0
shap_feature_selection_extratrees_p1_20260529_182607,G3_mba_molar_grade,MBA Positive Molar Grade,5,1272,1672.0,0
shap_feature_selection_extratrees_p1_20260529_182607,G3_mba_molar_grade,MBA Positive Molar Grade,5,1273,1673.0,0
shap_feature_selection_extratrees_p1_20260529_182607,G3_mba_molar_grade,MBA Positive Molar Grade,5,1274,1674.0,0
shap_feature_selection_extratrees_p1_20260529_182607,G3_mba_molar_grade,MBA Positive Molar Grade,5,1275,1675.0,0
shap_feature_selection_extratrees_p1_20260529_182607,G3_mba_molar_grade,MBA Positive Molar Grade,5,1276,1676.0,0
shap_feature_selection_extratrees_p1_20260529_182607,G3_mba_molar_grade,MBA Positive Molar Grade,5,1277,1677.0,0
shap_feature_selection_extratrees_p1_20260529_182607,G3_mba_molar_grade,MBA Positive Molar Grade,5,1278,1678.0,0
shap_feature_selection_extratrees_p1_20260529_182607,G3_mba_molar_grade,MBA Positive Molar Grade,5,1279,1679.0,0
shap_feature_selection_extratrees_p1_20260529_182607,G3_mba_molar_grade,MBA Positive Molar Grade,5,1280,1680.0,0
shap_feature_selection_extratrees_p1_20260529_182607,G3_mba_molar_grade,MBA Positive Molar Grade,5,1281,1681.0,0
shap_feature_selection_extratrees_p1_20260529_182607,G3_mba_molar_grade,MBA Positive Molar Grade,5,1282,1682.0,0
shap_feature_selection_extratrees_p1_20260529_182607,G3_mba_molar_grade,MBA Positive Molar Grade,5,1283,1683.0,0
shap_feature_selection_extratrees_p1_20260529_182607,G3_mba_molar_grade,MBA Positive Molar Grade,5,1284,1684.0,0
shap_feature_selection_extratrees_p1_20260529_182607,G3_mba_molar_grade,MBA Positive Molar Grade,5,1285,1685.0,0
shap_feature_selection_extratrees_p1_20260529_182607,G3_mba_molar_grade,MBA Positive Molar Grade,5,1286,1686.0,0
shap_feature_selection_extratrees_p1_20260529_182607,G3_mba_molar_grade,MBA Positive Molar Grade,5,1287,1687.0,0
shap_feature_selection_extratrees_p1_20260529_182607,G3_mba_molar_grade,MBA Positive Molar Grade,5,1288,1688.0,0
shap_feature_selection_extratrees_p1_20260529_182607,G3_mba_molar_grade,MBA Positive Molar Grade,5,1289,1689.0,0
shap_feature_selection_extratrees_p1_20260529_182607,G3_mba_molar_grade,MBA Positive Molar Grade,5,1290,1690.0,0
shap_feature_selection_extratrees_p1_20260529_182607,G3_mba_molar_grade,MBA Positive Molar Grade,5,1291,1691.0,0
shap_feature_selection_extratrees_p1_20260529_182607,G3_mba_molar_grade,MBA Positive Molar Grade,5,1292,1692.0,0
shap_feature_selection_extratrees_p1_20260529_182607,G3_mba_molar_grade,MBA Positive Molar Grade,5,1293,1693.0,0
shap_feature_selection_extratrees_p1_20260529_182607,G3_mba_molar_grade,MBA Positive Molar Grade,5,1294,1694.0,0
shap_feature_selection_extratrees_p1_20260529_182607,G3_mba_molar_grade,MBA Positive Molar Grade,5,1295,1695.0,0
shap_feature_selection_extratrees_p1_20260529_182607,G3_mba_molar_grade,MBA Positive Molar Grade,5,1296,1696.0,0
shap_feature_selection_extratrees_p1_20260529_182607,G3_mba_molar_grade,MBA Positive Molar Grade,5,1297,1697.0,0
shap_feature_selection_extratrees_p1_20260529_182607,G3_mba_molar_grade,MBA Positive Molar Grade,5,1298,1698.0,0
shap_feature_selection_extratrees_p1_20260529_182607,G3_mba_molar_grade,MBA Positive Molar Grade,5,1299,1699.0,0
shap_feature_selection_extratrees_p1_20260529_182607,G3_mba_molar_grade,MBA Positive Molar Grade,5,1300,1700.0,0
shap_feature_selection_extratrees_p1_20260529_182607,G3_mba_molar_grade,MBA Positive Molar Grade,5,1301,1701.0,0
shap_feature_selection_extratrees_p1_20260529_182607,G3_mba_molar_grade,MBA Positive Molar Grade,5,1302,1702.0,0
shap_feature_selection_extratrees_p1_20260529_182607,G3_mba_molar_grade,MBA Positive Molar Grade,5,1303,1703.0,0
shap_feature_selection_extratrees_p1_20260529_182607,G3_mba_molar_grade,MBA Positive Molar Grade,5,1304,1704.0,0
shap_feature_selection_extratrees_p1_20260529_182607,G3_mba_molar_grade,MBA Positive Molar Grade,5,1305,1705.0,0
shap_feature_selection_extratrees_p1_20260529_182607,G3_mba_molar_grade,MBA Positive Molar Grade,5,1306,1706.0,0
shap_feature_selection_extratrees_p1_20260529_182607,G3_mba_molar_grade,MBA Positive Molar Grade,5,1307,1707.0,0
shap_feature_selection_extratrees_p1_20260529_182607,G3_mba_molar_grade,MBA Positive Molar Grade,5,1308,1708.0,0
shap_feature_selection_extratrees_p1_20260529_182607,G3_mba_molar_grade,MBA Positive Molar Grade,5,1309,1709.0,0
shap_feature_selection_extratrees_p1_20260529_182607,G3_mba_molar_grade,MBA Positive Molar Grade,5,1310,1710.0,0
shap_feature_selection_extratrees_p1_20260529_182607,G3_mba_molar_grade,MBA Positive Molar Grade,5,1311,1711.0,0
shap_feature_selection_extratrees_p1_20260529_182607,G3_mba_molar_grade,MBA Positive Molar Grade,5,1312,1712.0,0
shap_feature_selection_extratrees_p1_20260529_182607,G3_mba_molar_grade,MBA Positive Molar Grade,5,1313,1713.0,0
shap_feature_selection_extratrees_p1_20260529_182607,G3_mba_molar_grade,MBA Positive Molar Grade,5,1314,1714.0,0
shap_feature_selection_extratrees_p1_20260529_182607,G3_mba_molar_grade,MBA Positive Molar Grade,5,1315,1715.0,0
shap_feature_selection_extratrees_p1_20260529_182607,G3_mba_molar_grade,MBA Positive Molar Grade,5,1316,1716.0,0
shap_feature_selection_extratrees_p1_20260529_182607,G3_mba_molar_grade,MBA Positive Molar Grade,5,1317,1717.0,0
shap_feature_selection_extratrees_p1_20260529_182607,G3_mba_molar_grade,MBA Positive Molar Grade,5,1318,1718.0,0
shap_feature_selection_extratrees_p1_20260529_182607,G3_mba_molar_grade,MBA Positive Molar Grade,5,1319,1719.0,0
shap_feature_selection_extratrees_p1_20260529_182607,G3_mba_molar_grade,MBA Positive Molar Grade,5,1320,1720.0,0
shap_feature_selection_extratrees_p1_20260529_182607,G3_mba_molar_grade,MBA Positive Molar Grade,5,1321,1721.0,0
shap_feature_selection_extratrees_p1_20260529_182607,G3_mba_molar_grade,MBA Positive Molar Grade,5,1322,1722.0,0
shap_feature_selection_extratrees_p1_20260529_182607,G3_mba_molar_grade,MBA Positive Molar Grade,5,1323,1723.0,0
shap_feature_selection_extratrees_p1_20260529_182607,G3_mba_molar_grade,MBA Positive Molar Grade,5,1324,1724.0,0
shap_feature_selection_extratrees_p1_20260529_182607,G3_mba_molar_grade,MBA Positive Molar Grade,5,1325,1725.0,0
shap_feature_selection_extratrees_p1_20260529_182607,G3_mba_molar_grade,MBA Positive Molar Grade,5,1326,1726.0,0
shap_feature_selection_extratrees_p1_20260529_182607,G3_mba_molar_grade,MBA Positive Molar Grade,5,1327,1727.0,0
shap_feature_selection_extratrees_p1_20260529_182607,G3_mba_molar_grade,MBA Positive Molar Grade,5,1328,1728.0,0
shap_feature_selection_extratrees_p1_20260529_182607,G3_mba_molar_grade,MBA Positive Molar Grade,5,1329,1729.0,0
shap_feature_selection_extratrees_p1_20260529_182607,G3_mba_molar_grade,MBA Positive Molar Grade,5,1330,1730.0,0
shap_feature_selection_extratrees_p1_20260529_182607,G3_mba_molar_grade,MBA Positive Molar Grade,5,1331,1731.0,0
shap_feature_selection_extratrees_p1_20260529_182607,G3_mba_molar_grade,MBA Positive Molar Grade,5,1332,1732.0,0
shap_feature_selection_extratrees_p1_20260529_182607,G3_mba_molar_grade,MBA Positive Molar Grade,5,1333,1733.0,0
shap_feature_selection_extratrees_p1_20260529_182607,G3_mba_molar_grade,MBA Positive Molar Grade,5,1334,1734.0,0
shap_feature_selection_extratrees_p1_20260529_182607,G3_mba_molar_grade,MBA Positive Molar Grade,5,1335,1735.0,0
shap_feature_selection_extratrees_p1_20260529_182607,G3_mba_molar_grade,MBA Positive Molar Grade,5,1336,1736.0,0
shap_feature_selection_extratrees_p1_20260529_182607,G3_mba_molar_grade,MBA Positive Molar Grade,5,1337,1737.0,0
shap_feature_selection_extratrees_p1_20260529_182607,G3_mba_molar_grade,MBA Positive Molar Grade,5,1338,1738.0,0
shap_feature_selection_extratrees_p1_20260529_182607,G3_mba_molar_grade,MBA Positive Molar Grade,5,1339,1739.0,0
shap_feature_selection_extratrees_p1_20260529_182607,G3_mba_molar_grade,MBA Positive Molar Grade,5,1340,1740.0,0
shap_feature_selection_extratrees_p1_20260529_182607,G3_mba_molar_grade,MBA Positive Molar Grade,5,1341,1741.0,0
shap_feature_selection_extratrees_p1_20260529_182607,G3_mba_molar_grade,MBA Positive Molar Grade,5,1342,1742.0,0
shap_feature_selection_extratrees_p1_20260529_182607,G3_mba_molar_grade,MBA Positive Molar Grade,5,1343,1743.0,0
shap_feature_selection_extratrees_p1_20260529_182607,G3_mba_molar_grade,MBA Positive Molar Grade,5,1344,1744.0,0
shap_feature_selection_extratrees_p1_20260529_182607,G3_mba_molar_grade,MBA Positive Molar Grade,5,1345,1745.0,0
shap_feature_selection_extratrees_p1_20260529_182607,G3_mba_molar_grade,MBA Positive Molar Grade,5,1346,1746.0,0
shap_feature_selection_extratrees_p1_20260529_182607,G3_mba_molar_grade,MBA Positive Molar Grade,5,1347,1747.0,0
shap_feature_selection_extratrees_p1_20260529_182607,G3_mba_molar_grade,MBA Positive Molar Grade,5,1348,1748.0,0
shap_feature_selection_extratrees_p1_20260529_182607,G3_mba_molar_grade,MBA Positive Molar Grade,5,1349,1749.0,0
shap_feature_selection_extratrees_p1_20260529_182607,G3_mba_molar_grade,MBA Positive Molar Grade,5,1350,1750.0,0
shap_feature_selection_extratrees_p1_20260529_182607,G3_mba_molar_grade,MBA Positive Molar Grade,5,1351,1751.0,0
shap_feature_selection_extratrees_p1_20260529_182607,G3_mba_molar_grade,MBA Positive Molar Grade,5,1352,1752.0,0
shap_feature_selection_extratrees_p1_20260529_182607,G3_mba_molar_grade,MBA Positive Molar Grade,5,1353,1753.0,0
shap_feature_selection_extratrees_p1_20260529_182607,G3_mba_molar_grade,MBA Positive Molar Grade,5,1354,1754.0,0
shap_feature_selection_extratrees_p1_20260529_182607,G3_mba_molar_grade,MBA Positive Molar Grade,5,1355,1755.0,0
shap_feature_selection_extratrees_p1_20260529_182607,G3_mba_molar_grade,MBA Positive Molar Grade,5,1356,1756.0,0
shap_feature_selection_extratrees_p1_20260529_182607,G3_mba_molar_grade,MBA Positive Molar Grade,5,1357,1757.0,0
shap_feature_selection_extratrees_p1_20260529_182607,G3_mba_molar_grade,MBA Positive Molar Grade,5,1358,1758.0,0
shap_feature_selection_extratrees_p1_20260529_182607,G3_mba_molar_grade,MBA Positive Molar Grade,5,1359,1759.0,0
shap_feature_selection_extratrees_p1_20260529_182607,G3_mba_molar_grade,MBA Positive Molar Grade,5,1360,1760.0,0
shap_feature_selection_extratrees_p1_20260529_182607,G3_mba_molar_grade,MBA Positive Molar Grade,5,1361,1761.0,0
shap_feature_selection_extratrees_p1_20260529_182607,G3_mba_molar_grade,MBA Positive Molar Grade,5,1362,1762.0,0
shap_feature_selection_extratrees_p1_20260529_182607,G3_mba_molar_grade,MBA Positive Molar Grade,5,1363,1763.0,0
shap_feature_selection_extratrees_p1_20260529_182607,G3_mba_molar_grade,MBA Positive Molar Grade,5,1364,1764.0,0
shap_feature_selection_extratrees_p1_20260529_182607,G3_mba_molar_grade,MBA Positive Molar Grade,5,1365,1765.0,0
shap_feature_selection_extratrees_p1_20260529_182607,G3_mba_molar_grade,MBA Positive Molar Grade,5,1366,1766.0,0
shap_feature_selection_extratrees_p1_20260529_182607,G3_mba_molar_grade,MBA Positive Molar Grade,5,1367,1767.0,0
shap_feature_selection_extratrees_p1_20260529_182607,G3_mba_molar_grade,MBA Positive Molar Grade,5,1368,1768.0,0
shap_feature_selection_extratrees_p1_20260529_182607,G3_mba_molar_grade,MBA Positive Molar Grade,5,1369,1769.0,0
shap_feature_selection_extratrees_p1_20260529_182607,G3_mba_molar_grade,MBA Positive Molar Grade,5,1370,1770.0,0
shap_feature_selection_extratrees_p1_20260529_182607,G3_mba_molar_grade,MBA Positive Molar Grade,5,1371,1771.0,0
shap_feature_selection_extratrees_p1_20260529_182607,G3_mba_molar_grade,MBA Positive Molar Grade,5,1372,1772.0,0
shap_feature_selection_extratrees_p1_20260529_182607,G3_mba_molar_grade,MBA Positive Molar Grade,5,1373,1773.0,0
shap_feature_selection_extratrees_p1_20260529_182607,G3_mba_molar_grade,MBA Positive Molar Grade,5,1374,1774.0,0
shap_feature_selection_extratrees_p1_20260529_182607,G3_mba_molar_grade,MBA Positive Molar Grade,5,1375,1775.0,0
shap_feature_selection_extratrees_p1_20260529_182607,G3_mba_molar_grade,MBA Positive Molar Grade,5,1376,1776.0,0
shap_feature_selection_extratrees_p1_20260529_182607,G3_mba_molar_grade,MBA Positive Molar Grade,5,1377,1777.0,0
shap_feature_selection_extratrees_p1_20260529_182607,G3_mba_molar_grade,MBA Positive Molar Grade,5,1378,1778.0,0
shap_feature_selection_extratrees_p1_20260529_182607,G3_mba_molar_grade,MBA Positive Molar Grade,5,1379,1779.0,0
shap_feature_selection_extratrees_p1_20260529_182607,G3_mba_molar_grade,MBA Positive Molar Grade,5,1380,1780.0,0
shap_feature_selection_extratrees_p1_20260529_182607,G3_mba_molar_grade,MBA Positive Molar Grade,5,1381,1781.0,0
shap_feature_selection_extratrees_p1_20260529_182607,G3_mba_molar_grade,MBA Positive Molar Grade,5,1382,1782.0,0
shap_feature_selection_extratrees_p1_20260529_182607,G3_mba_molar_grade,MBA Positive Molar Grade,5,1383,1783.0,0
shap_feature_selection_extratrees_p1_20260529_182607,G3_mba_molar_grade,MBA Positive Molar Grade,5,1384,1784.0,0
shap_feature_selection_extratrees_p1_20260529_182607,G3_mba_molar_grade,MBA Positive Molar Grade,5,1385,1785.0,0
shap_feature_selection_extratrees_p1_20260529_182607,G3_mba_molar_grade,MBA Positive Molar Grade,5,1386,1786.0,0
shap_feature_selection_extratrees_p1_20260529_182607,G3_mba_molar_grade,MBA Positive Molar Grade,5,1387,1787.0,0
shap_feature_selection_extratrees_p1_20260529_182607,G3_mba_molar_grade,MBA Positive Molar Grade,5,1388,1788.0,0
shap_feature_selection_extratrees_p1_20260529_182607,G3_mba_molar_grade,MBA Positive Molar Grade,5,1389,1789.0,0
shap_feature_selection_extratrees_p1_20260529_182607,G3_mba_molar_grade,MBA Positive Molar Grade,5,1390,1790.0,0
shap_feature_selection_extratrees_p1_20260529_182607,G3_mba_molar_grade,MBA Positive Molar Grade,5,1391,1791.0,0
shap_feature_selection_extratrees_p1_20260529_182607,G3_mba_molar_grade,MBA Positive Molar Grade,5,1392,1792.0,0
shap_feature_selection_extratrees_p1_20260529_182607,G3_mba_molar_grade,MBA Positive Molar Grade,5,1393,1793.0,0
shap_feature_selection_extratrees_p1_20260529_182607,G3_mba_molar_grade,MBA Positive Molar Grade,5,1394,1794.0,0
shap_feature_selection_extratrees_p1_20260529_182607,G3_mba_molar_grade,MBA Positive Molar Grade,5,1395,1795.0,0
shap_feature_selection_extratrees_p1_20260529_182607,G3_mba_molar_grade,MBA Positive Molar Grade,5,1396,1796.0,0
shap_feature_selection_extratrees_p1_20260529_182607,G3_mba_molar_grade,MBA Positive Molar Grade,5,1397,1797.0,0
shap_feature_selection_extratrees_p1_20260529_182607,G3_mba_molar_grade,MBA Positive Molar Grade,5,1398,1798.0,0
shap_feature_selection_extratrees_p1_20260529_182607,G3_mba_molar_grade,MBA Positive Molar Grade,5,1399,1799.0,0
shap_feature_selection_extratrees_p1_20260529_182607,G3_mba_molar_grade,MBA Positive Molar Grade,5,1400,1800.0,0
