File Version,BWRam4.10_4
Date,2026-04-23 18:03:36
title,BWS465-785S
model,BTC665N-785S-SYS
c code,SMH
operator,
pixel_start,0
pixel_end,2047
units,3
show_mode,3
data_mode,0
pixel_mode,0
integration times(sec),5
integration times unit,2
time_multiply,1
average number,2
spectrometer_type,72
yaxis,0
yaxis_min,0
yaxis_max,10000
xaxis,1
xaxis_min,186
xaxis_max,1340
pixel_num,2048
coefs_a0,782.269778738713
coefs_a1,0.15231769418122
coefs_a2,-4.40551035385953E-06
coefs_a3,-6.89461841283763E-10
coefs_b0,-6082.7057387519
coefs_b1,10.9055655951747
coefs_b2,-0.00647983654806097
coefs_b3,3.16822715335838E-06
coefs_r0,1
coefs_r1,0
coefs_r2,0
coefs_r3,0
coefs_j0,1
coefs_j1,0
coefs_j2,0
coefs_j3,0
enable_coefs_r,0
laser_wavelength,785
laser_powerlevel,40
probe_index,0
probe_name,Probe1
dark_compensate,0
numcoeff_d,7
coefs_d0,0
coefs_d1,1
coefs_d2,0
coefs_d3,0
coefs_d4,0
coefs_d5,0
coefs_d6,0
coefs_d7,0
irradiance_lamp_inttime,1
irradiance_lamp_unitindex,0
Color_Data_Flag,0
Color_StartWL,783
Color_EndWL,783
Color_IncWL,10
power_unit_index,1
photometric_index,0
Illuminant_index,2
observer_index,0
lab_l,0
lab_a,0
lab_b,0
radiometric_flag,0
Data Pretreat_0,
Data Pretreat_1,
Data Pretreat_2,
Data Pretreat_3,
Data Pretreat_4,
Data Pretreat_5,
Data Pretreat_6,
Data Pretreat_7,
Data Pretreat_8,
Data Pretreat_9,
Data Pretreat_10,
Data Pretreat_11,
Data Pretreat_12,
Data Pretreat_13,
Data Pretreat_14,
Data Pretreat_15,
Data Pretreat_16,
Data Pretreat_17,
Data Pretreat_18,
Data Pretreat_19,
Data Pretreat_20,
Data Pretreat_21,
Data Pretreat_22,
Data Pretreat_23,
Data Pretreat_24,
Data Pretreat_25,
Data Pretreat_26,
Data Pretreat_27,
Data Pretreat_28,
Data Pretreat_29,
Pixel,Wavelength,Wavenumber,Raman Shift,Dark,Reference,Raw data #1,Dark Subtracted #1,%TR #1,Absorbance #1,Irradiance (W/cm^2/nm) #1,RelativeIntensityCorrection_Ratio #1,ReferenceMaterialCorrection_Ratio #1,AbsoluteIrradianceCorrection_Ratio #1,
0,   ,   ,   ,834.5000,65535.0000,945.0000,110.5000,0.0000,0.0000,0.0000,1.0000,1.0000E+00,1.0000E+00,
1,   ,   ,   ,814.5000,65535.0000,919.5000,105.0000,0.0000,0.0000,0.0000,1.0000,1.0000E+00,1.0000E+00,
2,   ,   ,   ,815.0000,65535.0000,915.5000,100.5000,0.0000,0.0000,0.0000,1.0000,1.0000E+00,1.0000E+00,
3,   ,   ,   ,1292.5000,65535.0000,1401.0000,108.5000,0.0000,0.0000,0.0000,1.0000,1.0000E+00,1.0000E+00,
4,   ,   ,   ,848.0000,65535.0000,963.0000,115.0000,0.0000,0.0000,0.0000,1.0000,1.0000E+00,1.0000E+00,
5,   ,   ,   ,830.0000,65535.0000,941.0000,111.0000,0.0000,0.0000,0.0000,1.0000,1.0000E+00,1.0000E+00,
6,   ,   ,   ,816.5000,65535.0000,941.0000,124.5000,0.0000,0.0000,0.0000,1.0000,1.0000E+00,1.0000E+00,
7,   ,   ,   ,825.0000,65535.0000,979.0000,154.0000,0.0000,0.0000,0.0000,1.0000,1.0000E+00,1.0000E+00,
8,   ,   ,   ,833.5000,65535.0000,952.5000,119.0000,0.0000,0.0000,0.0000,1.0000,1.0000E+00,1.0000E+00,
9,   ,   ,   ,906.0000,65535.0000,1064.0000,158.0000,0.0000,0.0000,0.0000,1.0000,1.0000E+00,1.0000E+00,
10,   ,   ,   ,803.5000,65535.0000,1069.5000,266.0000,0.0000,0.0000,0.0000,1.0000,1.0000E+00,1.0000E+00,
11,   ,   ,   ,855.0000,65535.0000,1846.0000,991.0000,0.0000,0.0000,0.0000,1.0000,1.0000E+00,1.0000E+00,
12,   ,   ,   ,832.5000,65535.0000,4043.0000,3210.5000,0.0000,0.0000,0.0000,1.0000,1.0000E+00,1.0000E+00,
13,   ,   ,   ,808.5000,65535.0000,5417.0000,4608.5000,0.0000,0.0000,0.0000,1.0000,1.0000E+00,1.0000E+00,
14,   ,   ,   ,808.5000,65535.0000,7404.5000,6596.0000,0.0000,0.0000,0.0000,1.0000,1.0000E+00,1.0000E+00,
15,   ,   ,   ,827.5000,65535.0000,9881.0000,9053.5000,0.0000,0.0000,0.0000,1.0000,1.0000E+00,1.0000E+00,
16,   ,   ,   ,859.0000,65535.0000,6991.0000,6132.0000,0.0000,0.0000,0.0000,1.0000,1.0000E+00,1.0000E+00,
17,   ,   ,   ,807.0000,65535.0000,2987.0000,2180.0000,0.0000,0.0000,0.0000,1.0000,1.0000E+00,1.0000E+00,
18,   ,   ,   ,809.5000,65535.0000,1160.5000,351.0000,0.0000,0.0000,0.0000,1.0000,1.0000E+00,1.0000E+00,
19,   ,   ,   ,859.5000,65535.0000,1042.5000,183.0000,0.0000,0.0000,0.0000,1.0000,1.0000E+00,1.0000E+00,
20,   ,   ,   ,823.5000,65535.0000,983.0000,159.5000,0.0000,0.0000,0.0000,1.0000,1.0000E+00,1.0000E+00,
21,   ,   ,   ,851.5000,65535.0000,1012.5000,161.0000,0.0000,0.0000,0.0000,1.0000,1.0000E+00,1.0000E+00,
22,   ,   ,   ,853.5000,65535.0000,1004.0000,150.5000,0.0000,0.0000,0.0000,1.0000,1.0000E+00,1.0000E+00,
23,   ,   ,   ,847.0000,65535.0000,1019.0000,172.0000,0.0000,0.0000,0.0000,1.0000,1.0000E+00,1.0000E+00,
24,   ,   ,   ,835.0000,65535.0000,995.5000,160.5000,0.0000,0.0000,0.0000,1.0000,1.0000E+00,1.0000E+00,
25,   ,   ,   ,860.5000,65535.0000,1009.0000,148.5000,0.0000,0.0000,0.0000,1.0000,1.0000E+00,1.0000E+00,
26,   ,   ,   ,816.0000,65535.0000,989.5000,173.5000,0.0000,0.0000,0.0000,1.0000,1.0000E+00,1.0000E+00,
27,   ,   ,   ,859.5000,65535.0000,1014.5000,155.0000,0.0000,0.0000,0.0000,1.0000,1.0000E+00,1.0000E+00,
28,   ,   ,   ,835.5000,65535.0000,973.5000,138.0000,0.0000,0.0000,0.0000,1.0000,1.0000E+00,1.0000E+00,
29,   ,   ,   ,841.5000,65535.0000,995.0000,153.5000,0.0000,0.0000,0.0000,1.0000,1.0000E+00,1.0000E+00,
30,   ,   ,   ,842.5000,65535.0000,989.0000,146.5000,0.0000,0.0000,0.0000,1.0000,1.0000E+00,1.0000E+00,
31,   ,   ,   ,815.5000,65535.0000,977.0000,161.5000,0.0000,0.0000,0.0000,1.0000,1.0000E+00,1.0000E+00,
32,   ,   ,   ,863.5000,65535.0000,1006.0000,142.5000,0.0000,0.0000,0.0000,1.0000,1.0000E+00,1.0000E+00,
33,   ,   ,   ,841.0000,65535.0000,971.5000,130.5000,0.0000,0.0000,0.0000,1.0000,1.0000E+00,1.0000E+00,
34,   ,   ,   ,825.5000,65535.0000,945.5000,120.0000,0.0000,0.0000,0.0000,1.0000,1.0000E+00,1.0000E+00,
35,   ,   ,   ,830.5000,65535.0000,961.0000,130.5000,0.0000,0.0000,0.0000,1.0000,1.0000E+00,1.0000E+00,
36,   ,   ,   ,821.5000,65535.0000,976.0000,154.5000,0.0000,0.0000,0.0000,1.0000,1.0000E+00,1.0000E+00,
37,   ,   ,   ,865.5000,65535.0000,984.5000,119.0000,0.0000,0.0000,0.0000,1.0000,1.0000E+00,1.0000E+00,
38,   ,   ,   ,878.5000,65535.0000,1006.0000,127.5000,0.0000,0.0000,0.0000,1.0000,1.0000E+00,1.0000E+00,
39,   ,   ,   ,809.5000,65535.0000,984.5000,175.0000,0.0000,0.0000,0.0000,1.0000,1.0000E+00,1.0000E+00,
40,   ,   ,   ,833.5000,65535.0000,963.0000,129.5000,0.0000,0.0000,0.0000,1.0000,1.0000E+00,1.0000E+00,
41,   ,   ,   ,824.5000,65535.0000,996.0000,171.5000,0.0000,0.0000,0.0000,1.0000,1.0000E+00,1.0000E+00,
42,   ,   ,   ,817.0000,65535.0000,975.5000,158.5000,0.0000,0.0000,0.0000,1.0000,1.0000E+00,1.0000E+00,
43,   ,   ,   ,827.0000,65535.0000,1030.0000,203.0000,0.0000,0.0000,0.0000,1.0000,1.0000E+00,1.0000E+00,
44,   ,   ,   ,829.5000,65535.0000,1054.5000,225.0000,0.0000,0.0000,0.0000,1.0000,1.0000E+00,1.0000E+00,
45,   ,   ,   ,842.5000,65535.0000,1073.5000,231.0000,0.0000,0.0000,0.0000,1.0000,1.0000E+00,1.0000E+00,
46,   ,   ,   ,822.5000,65535.0000,1126.0000,303.5000,0.0000,0.0000,0.0000,1.0000,1.0000E+00,1.0000E+00,
47,   ,   ,   ,891.0000,65535.0000,1275.5000,384.5000,0.0000,0.0000,0.0000,1.0000,1.0000E+00,1.0000E+00,
48,   ,   ,   ,850.5000,65535.0000,1461.5000,611.0000,0.0000,0.0000,0.0000,1.0000,1.0000E+00,1.0000E+00,
49,   ,   ,   ,829.5000,65535.0000,1849.5000,1020.0000,0.0000,0.0000,0.0000,1.0000,1.0000E+00,1.0000E+00,
50,   ,   ,   ,877.5000,65535.0000,2367.0000,1489.5000,0.0000,0.0000,0.0000,1.0000,1.0000E+00,1.0000E+00,
51,   ,   ,   ,829.5000,65535.0000,3187.5000,2358.0000,0.0000,0.0000,0.0000,1.0000,1.0000E+00,1.0000E+00,
52,   ,   ,   ,833.5000,65535.0000,4288.0000,3454.5000,0.0000,0.0000,0.0000,1.0000,1.0000E+00,1.0000E+00,
53,   ,   ,   ,859.0000,65535.0000,5636.0000,4777.0000,0.0000,0.0000,0.0000,1.0000,1.0000E+00,1.0000E+00,
54,   ,   ,   ,860.5000,65535.0000,7148.5000,6288.0000,0.0000,0.0000,0.0000,1.0000,1.0000E+00,1.0000E+00,
55,   ,   ,   ,843.0000,65535.0000,8763.0000,7920.0000,0.0000,0.0000,0.0000,1.0000,1.0000E+00,1.0000E+00,
56,   ,   ,   ,817.5000,65535.0000,10471.0000,9653.5000,0.0000,0.0000,0.0000,1.0000,1.0000E+00,1.0000E+00,
57,   ,   ,   ,838.0000,65535.0000,11953.0000,11115.0000,0.0000,0.0000,0.0000,1.0000,1.0000E+00,1.0000E+00,
58,   ,   ,   ,852.5000,65535.0000,13169.0000,12316.5000,0.0000,0.0000,0.0000,1.0000,1.0000E+00,1.0000E+00,
59,   ,   ,   ,831.0000,65535.0000,14001.0000,13170.0000,0.0000,0.0000,0.0000,1.0000,1.0000E+00,1.0000E+00,
60,   ,   ,   ,881.5000,65535.0000,14579.5000,13698.0000,0.0000,0.0000,0.0000,1.0000,1.0000E+00,1.0000E+00,
61,   ,   ,   ,868.0000,65535.0000,15013.0000,14145.0000,0.0000,0.0000,0.0000,1.0000,1.0000E+00,1.0000E+00,
62,   ,   ,   ,854.5000,65535.0000,15199.5000,14345.0000,0.0000,0.0000,0.0000,1.0000,1.0000E+00,1.0000E+00,
63,   ,   ,   ,870.5000,65535.0000,15403.5000,14533.0000,0.0000,0.0000,0.0000,1.0000,1.0000E+00,1.0000E+00,
64,   ,   ,   ,873.5000,65535.0000,15517.5000,14644.0000,0.0000,0.0000,0.0000,1.0000,1.0000E+00,1.0000E+00,
65,   ,   ,   ,882.0000,65535.0000,15504.5000,14622.5000,0.0000,0.0000,0.0000,1.0000,1.0000E+00,1.0000E+00,
66,   ,   ,   ,867.0000,65535.0000,15563.0000,14696.0000,0.0000,0.0000,0.0000,1.0000,1.0000E+00,1.0000E+00,
67,   ,   ,   ,861.5000,65535.0000,15524.5000,14663.0000,0.0000,0.0000,0.0000,1.0000,1.0000E+00,1.0000E+00,
68,   ,   ,   ,882.5000,65535.0000,15633.5000,14751.0000,0.0000,0.0000,0.0000,1.0000,1.0000E+00,1.0000E+00,
69,   ,   ,   ,819.0000,65535.0000,15673.5000,14854.5000,0.0000,0.0000,0.0000,1.0000,1.0000E+00,1.0000E+00,
70,   ,   ,   ,875.0000,65535.0000,15764.5000,14889.5000,0.0000,0.0000,0.0000,1.0000,1.0000E+00,1.0000E+00,
71,   ,   ,   ,854.0000,65535.0000,15748.0000,14894.0000,0.0000,0.0000,0.0000,1.0000,1.0000E+00,1.0000E+00,
72,   ,   ,   ,838.5000,65535.0000,15774.5000,14936.0000,0.0000,0.0000,0.0000,1.0000,1.0000E+00,1.0000E+00,
73,   ,   ,   ,900.0000,65535.0000,15802.0000,14902.0000,0.0000,0.0000,0.0000,1.0000,1.0000E+00,1.0000E+00,
74,   ,   ,   ,877.0000,65535.0000,15834.5000,14957.5000,0.0000,0.0000,0.0000,1.0000,1.0000E+00,1.0000E+00,
75,   ,   ,   ,877.0000,65535.0000,15971.0000,15094.0000,0.0000,0.0000,0.0000,1.0000,1.0000E+00,1.0000E+00,
76,   ,   ,   ,921.5000,65535.0000,15947.0000,15025.5000,0.0000,0.0000,0.0000,1.0000,1.0000E+00,1.0000E+00,
77,   ,   ,   ,877.5000,65535.0000,15833.5000,14956.0000,0.0000,0.0000,0.0000,1.0000,1.0000E+00,1.0000E+00,
78,   ,   ,   ,879.5000,65535.0000,15801.0000,14921.5000,0.0000,0.0000,0.0000,1.0000,1.0000E+00,1.0000E+00,
79,   ,   ,   ,880.5000,65535.0000,15777.5000,14897.0000,0.0000,0.0000,0.0000,1.0000,1.0000E+00,1.0000E+00,
80,   ,   ,   ,866.0000,65535.0000,15874.0000,15008.0000,0.0000,0.0000,0.0000,1.0000,1.0000E+00,1.0000E+00,
81,   ,   ,   ,1080.5000,65535.0000,16046.5000,14966.0000,0.0000,0.0000,0.0000,1.0000,1.0000E+00,1.0000E+00,
82,   ,   ,   ,930.0000,65535.0000,15859.0000,14929.0000,0.0000,0.0000,0.0000,1.0000,1.0000E+00,1.0000E+00,
83,   ,   ,   ,887.5000,65535.0000,15757.5000,14870.0000,0.0000,0.0000,0.0000,1.0000,1.0000E+00,1.0000E+00,
84,   ,   ,   ,836.5000,65535.0000,15854.5000,15018.0000,0.0000,0.0000,0.0000,1.0000,1.0000E+00,1.0000E+00,
85,   ,   ,   ,866.0000,65535.0000,15711.5000,14845.5000,0.0000,0.0000,0.0000,1.0000,1.0000E+00,1.0000E+00,
86,   ,   ,   ,871.0000,65535.0000,15828.0000,14957.0000,0.0000,0.0000,0.0000,1.0000,1.0000E+00,1.0000E+00,
87,   ,   ,   ,852.5000,65535.0000,15777.5000,14925.0000,0.0000,0.0000,0.0000,1.0000,1.0000E+00,1.0000E+00,
88,   ,   ,   ,870.5000,65535.0000,15768.5000,14898.0000,0.0000,0.0000,0.0000,1.0000,1.0000E+00,1.0000E+00,
89,   ,   ,   ,855.0000,65535.0000,15747.5000,14892.5000,0.0000,0.0000,0.0000,1.0000,1.0000E+00,1.0000E+00,
90,   ,   ,   ,906.5000,65535.0000,15724.5000,14818.0000,0.0000,0.0000,0.0000,1.0000,1.0000E+00,1.0000E+00,
91,   ,   ,   ,1216.0000,65535.0000,15994.0000,14778.0000,0.0000,0.0000,0.0000,1.0000,1.0000E+00,1.0000E+00,
92,   ,   ,   ,871.0000,65535.0000,15746.0000,14875.0000,0.0000,0.0000,0.0000,1.0000,1.0000E+00,1.0000E+00,
93,   ,   ,   ,873.5000,65535.0000,15665.5000,14792.0000,0.0000,0.0000,0.0000,1.0000,1.0000E+00,1.0000E+00,
94,   ,   ,   ,878.5000,65535.0000,15691.5000,14813.0000,0.0000,0.0000,0.0000,1.0000,1.0000E+00,1.0000E+00,
95,   ,   ,   ,910.5000,65535.0000,15721.5000,14811.0000,0.0000,0.0000,0.0000,1.0000,1.0000E+00,1.0000E+00,
96,   ,   ,   ,905.0000,65535.0000,15810.5000,14905.5000,0.0000,0.0000,0.0000,1.0000,1.0000E+00,1.0000E+00,
97,   ,   ,   ,861.0000,65535.0000,15775.0000,14914.0000,0.0000,0.0000,0.0000,1.0000,1.0000E+00,1.0000E+00,
98,   ,   ,   ,874.0000,65535.0000,15835.5000,14961.5000,0.0000,0.0000,0.0000,1.0000,1.0000E+00,1.0000E+00,
99,   ,   ,   ,854.0000,65535.0000,15896.5000,15042.5000,0.0000,0.0000,0.0000,1.0000,1.0000E+00,1.0000E+00,
100,   ,   ,   ,874.0000,65535.0000,15874.5000,15000.5000,0.0000,0.0000,0.0000,1.0000,1.0000E+00,1.0000E+00,
101,   ,   ,   ,863.0000,65535.0000,15893.5000,15030.5000,0.0000,0.0000,0.0000,1.0000,1.0000E+00,1.0000E+00,
102,   ,   ,   ,883.5000,65535.0000,15884.0000,15000.5000,0.0000,0.0000,0.0000,1.0000,1.0000E+00,1.0000E+00,
103,   ,   ,   ,847.0000,65535.0000,15917.5000,15070.5000,0.0000,0.0000,0.0000,1.0000,1.0000E+00,1.0000E+00,
104,   ,   ,   ,904.0000,65535.0000,15870.0000,14966.0000,0.0000,0.0000,0.0000,1.0000,1.0000E+00,1.0000E+00,
105,   ,   ,   ,860.0000,65535.0000,15788.5000,14928.5000,0.0000,0.0000,0.0000,1.0000,1.0000E+00,1.0000E+00,
106,   ,   ,   ,887.0000,65535.0000,15892.0000,15005.0000,0.0000,0.0000,0.0000,1.0000,1.0000E+00,1.0000E+00,
107,   ,   ,   ,852.0000,65535.0000,15917.0000,15065.0000,0.0000,0.0000,0.0000,1.0000,1.0000E+00,1.0000E+00,
108,   ,   ,   ,891.5000,65535.0000,15996.0000,15104.5000,0.0000,0.0000,0.0000,1.0000,1.0000E+00,1.0000E+00,
109,   ,   ,   ,852.0000,65535.0000,15974.0000,15122.0000,0.0000,0.0000,0.0000,1.0000,1.0000E+00,1.0000E+00,
110,   ,   ,   ,874.0000,65535.0000,15942.0000,15068.0000,0.0000,0.0000,0.0000,1.0000,1.0000E+00,1.0000E+00,
111,   ,   ,   ,840.0000,65535.0000,15934.0000,15094.0000,0.0000,0.0000,0.0000,1.0000,1.0000E+00,1.0000E+00,
112,   ,   ,   ,897.0000,65535.0000,15978.5000,15081.5000,0.0000,0.0000,0.0000,1.0000,1.0000E+00,1.0000E+00,
113,   ,   ,   ,855.5000,65535.0000,15847.0000,14991.5000,0.0000,0.0000,0.0000,1.0000,1.0000E+00,1.0000E+00,
114,   ,   ,   ,856.5000,65535.0000,15857.5000,15001.0000,0.0000,0.0000,0.0000,1.0000,1.0000E+00,1.0000E+00,
115,   ,   ,   ,852.0000,65535.0000,15869.5000,15017.5000,0.0000,0.0000,0.0000,1.0000,1.0000E+00,1.0000E+00,
116,   ,   ,   ,842.5000,65535.0000,15793.0000,14950.5000,0.0000,0.0000,0.0000,1.0000,1.0000E+00,1.0000E+00,
117,   ,   ,   ,855.5000,65535.0000,15772.5000,14917.0000,0.0000,0.0000,0.0000,1.0000,1.0000E+00,1.0000E+00,
118,   ,   ,   ,861.5000,65535.0000,15798.0000,14936.5000,0.0000,0.0000,0.0000,1.0000,1.0000E+00,1.0000E+00,
119,   ,   ,   ,901.0000,65535.0000,15750.5000,14849.5000,0.0000,0.0000,0.0000,1.0000,1.0000E+00,1.0000E+00,
120,   ,   ,   ,850.0000,65535.0000,15629.5000,14779.5000,0.0000,0.0000,0.0000,1.0000,1.0000E+00,1.0000E+00,
121,   ,   ,   ,852.5000,65535.0000,15713.0000,14860.5000,0.0000,0.0000,0.0000,1.0000,1.0000E+00,1.0000E+00,
122,   ,   ,   ,862.5000,65535.0000,15668.5000,14806.0000,0.0000,0.0000,0.0000,1.0000,1.0000E+00,1.0000E+00,
123,   ,   ,   ,916.0000,65535.0000,15708.5000,14792.5000,0.0000,0.0000,0.0000,1.0000,1.0000E+00,1.0000E+00,
124,   ,   ,   ,884.0000,65535.0000,15634.5000,14750.5000,0.0000,0.0000,0.0000,1.0000,1.0000E+00,1.0000E+00,
125,   ,   ,   ,840.5000,65535.0000,15754.0000,14913.5000,0.0000,0.0000,0.0000,1.0000,1.0000E+00,1.0000E+00,
126,   ,   ,   ,895.0000,65535.0000,15777.5000,14882.5000,0.0000,0.0000,0.0000,1.0000,1.0000E+00,1.0000E+00,
127,   ,   ,   ,865.5000,65535.0000,15785.0000,14919.5000,0.0000,0.0000,0.0000,1.0000,1.0000E+00,1.0000E+00,
128,   ,   ,   ,839.0000,65535.0000,15799.0000,14960.0000,0.0000,0.0000,0.0000,1.0000,1.0000E+00,1.0000E+00,
129,   ,   ,   ,884.0000,65535.0000,15827.0000,14943.0000,0.0000,0.0000,0.0000,1.0000,1.0000E+00,1.0000E+00,
130,   ,   ,   ,901.0000,65535.0000,15895.5000,14994.5000,0.0000,0.0000,0.0000,1.0000,1.0000E+00,1.0000E+00,
131,   ,   ,   ,859.5000,65535.0000,15903.0000,15043.5000,0.0000,0.0000,0.0000,1.0000,1.0000E+00,1.0000E+00,
132,   ,   ,   ,849.0000,65535.0000,15835.5000,14986.5000,0.0000,0.0000,0.0000,1.0000,1.0000E+00,1.0000E+00,
133,   ,   ,   ,866.5000,65535.0000,15926.5000,15060.0000,0.0000,0.0000,0.0000,1.0000,1.0000E+00,1.0000E+00,
134,   ,   ,   ,843.0000,65535.0000,15866.5000,15023.5000,0.0000,0.0000,0.0000,1.0000,1.0000E+00,1.0000E+00,
135,   ,   ,   ,866.0000,65535.0000,15917.5000,15051.5000,0.0000,0.0000,0.0000,1.0000,1.0000E+00,1.0000E+00,
136,   ,   ,   ,880.0000,65535.0000,15836.5000,14956.5000,0.0000,0.0000,0.0000,1.0000,1.0000E+00,1.0000E+00,
137,   ,   ,   ,880.0000,65535.0000,15928.0000,15048.0000,0.0000,0.0000,0.0000,1.0000,1.0000E+00,1.0000E+00,
138,   ,   ,   ,924.0000,65535.0000,16072.0000,15148.0000,0.0000,0.0000,0.0000,1.0000,1.0000E+00,1.0000E+00,
139,   ,   ,   ,837.0000,65535.0000,15972.0000,15135.0000,0.0000,0.0000,0.0000,1.0000,1.0000E+00,1.0000E+00,
140,   ,   ,   ,887.0000,65535.0000,16047.5000,15160.5000,0.0000,0.0000,0.0000,1.0000,1.0000E+00,1.0000E+00,
141,   ,   ,   ,870.0000,65535.0000,16094.0000,15224.0000,0.0000,0.0000,0.0000,1.0000,1.0000E+00,1.0000E+00,
142,   ,   ,   ,858.5000,65535.0000,16103.5000,15245.0000,0.0000,0.0000,0.0000,1.0000,1.0000E+00,1.0000E+00,
143,   ,   ,   ,881.5000,65535.0000,16012.0000,15130.5000,0.0000,0.0000,0.0000,1.0000,1.0000E+00,1.0000E+00,
144,   ,   ,   ,877.0000,65535.0000,16147.0000,15270.0000,0.0000,0.0000,0.0000,1.0000,1.0000E+00,1.0000E+00,
145,   ,   ,   ,836.0000,65535.0000,15985.0000,15149.0000,0.0000,0.0000,0.0000,1.0000,1.0000E+00,1.0000E+00,
146,   ,   ,   ,868.5000,65535.0000,15991.5000,15123.0000,0.0000,0.0000,0.0000,1.0000,1.0000E+00,1.0000E+00,
147,   ,   ,   ,919.0000,65535.0000,15995.5000,15076.5000,0.0000,0.0000,0.0000,1.0000,1.0000E+00,1.0000E+00,
148,   ,   ,   ,874.0000,65535.0000,15987.0000,15113.0000,0.0000,0.0000,0.0000,1.0000,1.0000E+00,1.0000E+00,
149,   ,   ,   ,890.0000,65535.0000,16075.5000,15185.5000,0.0000,0.0000,0.0000,1.0000,1.0000E+00,1.0000E+00,
150,   ,   ,   ,895.0000,65535.0000,15980.5000,15085.5000,0.0000,0.0000,0.0000,1.0000,1.0000E+00,1.0000E+00,
151,   ,   ,   ,850.5000,65535.0000,15986.0000,15135.5000,0.0000,0.0000,0.0000,1.0000,1.0000E+00,1.0000E+00,
152,   ,   ,   ,831.5000,65535.0000,15881.0000,15049.5000,0.0000,0.0000,0.0000,1.0000,1.0000E+00,1.0000E+00,
153,   ,   ,   ,909.0000,65535.0000,15989.0000,15080.0000,0.0000,0.0000,0.0000,1.0000,1.0000E+00,1.0000E+00,
154,   ,   ,   ,877.5000,65535.0000,16063.0000,15185.5000,0.0000,0.0000,0.0000,1.0000,1.0000E+00,1.0000E+00,
155,   ,   ,   ,888.0000,65535.0000,15894.5000,15006.5000,0.0000,0.0000,0.0000,1.0000,1.0000E+00,1.0000E+00,
156,   ,   ,   ,899.5000,65535.0000,15913.5000,15014.0000,0.0000,0.0000,0.0000,1.0000,1.0000E+00,1.0000E+00,
157,   ,   ,   ,884.5000,65535.0000,15855.5000,14971.0000,0.0000,0.0000,0.0000,1.0000,1.0000E+00,1.0000E+00,
158,   ,   ,   ,872.5000,65535.0000,15822.0000,14949.5000,0.0000,0.0000,0.0000,1.0000,1.0000E+00,1.0000E+00,
159,   ,   ,   ,879.0000,65535.0000,15900.5000,15021.5000,0.0000,0.0000,0.0000,1.0000,1.0000E+00,1.0000E+00,
160,   ,   ,   ,893.5000,65535.0000,15783.5000,14890.0000,0.0000,0.0000,0.0000,1.0000,1.0000E+00,1.0000E+00,
161,   ,   ,   ,866.5000,65535.0000,15777.0000,14910.5000,0.0000,0.0000,0.0000,1.0000,1.0000E+00,1.0000E+00,
162,   ,   ,   ,875.0000,65535.0000,15674.0000,14799.0000,0.0000,0.0000,0.0000,1.0000,1.0000E+00,1.0000E+00,
163,   ,   ,   ,896.5000,65535.0000,15706.0000,14809.5000,0.0000,0.0000,0.0000,1.0000,1.0000E+00,1.0000E+00,
164,   ,   ,   ,877.0000,65535.0000,15700.5000,14823.5000,0.0000,0.0000,0.0000,1.0000,1.0000E+00,1.0000E+00,
165,   ,   ,   ,860.5000,65535.0000,15703.5000,14843.0000,0.0000,0.0000,0.0000,1.0000,1.0000E+00,1.0000E+00,
166,   ,   ,   ,866.0000,65535.0000,15702.0000,14836.0000,0.0000,0.0000,0.0000,1.0000,1.0000E+00,1.0000E+00,
167,   ,   ,   ,869.5000,65535.0000,15730.0000,14860.5000,0.0000,0.0000,0.0000,1.0000,1.0000E+00,1.0000E+00,
168,   ,   ,   ,901.0000,65535.0000,15773.5000,14872.5000,0.0000,0.0000,0.0000,1.0000,1.0000E+00,1.0000E+00,
169,   ,   ,   ,841.5000,65535.0000,15756.5000,14915.0000,0.0000,0.0000,0.0000,1.0000,1.0000E+00,1.0000E+00,
170,   ,   ,   ,848.5000,65535.0000,15756.0000,14907.5000,0.0000,0.0000,0.0000,1.0000,1.0000E+00,1.0000E+00,
171,   ,   ,   ,859.5000,65535.0000,15742.0000,14882.5000,0.0000,0.0000,0.0000,1.0000,1.0000E+00,1.0000E+00,
172,   ,   ,   ,888.5000,65535.0000,15840.0000,14951.5000,0.0000,0.0000,0.0000,1.0000,1.0000E+00,1.0000E+00,
173,   ,   ,   ,880.5000,65535.0000,15787.5000,14907.0000,0.0000,0.0000,0.0000,1.0000,1.0000E+00,1.0000E+00,
174,   ,   ,   ,874.0000,65535.0000,15768.5000,14894.5000,0.0000,0.0000,0.0000,1.0000,1.0000E+00,1.0000E+00,
175,   ,   ,   ,878.0000,65535.0000,15855.5000,14977.5000,0.0000,0.0000,0.0000,1.0000,1.0000E+00,1.0000E+00,
176,   ,   ,   ,861.5000,65535.0000,15959.0000,15097.5000,0.0000,0.0000,0.0000,1.0000,1.0000E+00,1.0000E+00,
177,   ,   ,   ,867.5000,65535.0000,15780.5000,14913.0000,0.0000,0.0000,0.0000,1.0000,1.0000E+00,1.0000E+00,
178,   ,   ,   ,875.0000,65535.0000,15949.0000,15074.0000,0.0000,0.0000,0.0000,1.0000,1.0000E+00,1.0000E+00,
179,   ,   ,   ,847.5000,65535.0000,15910.0000,15062.5000,0.0000,0.0000,0.0000,1.0000,1.0000E+00,1.0000E+00,
180,   ,   ,   ,839.5000,65535.0000,15995.0000,15155.5000,0.0000,0.0000,0.0000,1.0000,1.0000E+00,1.0000E+00,
181,   ,   ,   ,864.0000,65535.0000,15847.5000,14983.5000,0.0000,0.0000,0.0000,1.0000,1.0000E+00,1.0000E+00,
182,   ,   ,   ,901.0000,65535.0000,16048.0000,15147.0000,0.0000,0.0000,0.0000,1.0000,1.0000E+00,1.0000E+00,
183,   ,   ,   ,864.0000,65535.0000,16055.5000,15191.5000,0.0000,0.0000,0.0000,1.0000,1.0000E+00,1.0000E+00,
184,   ,   ,   ,897.5000,65535.0000,15974.5000,15077.0000,0.0000,0.0000,0.0000,1.0000,1.0000E+00,1.0000E+00,
185,   ,   ,   ,899.5000,65535.0000,15978.5000,15079.0000,0.0000,0.0000,0.0000,1.0000,1.0000E+00,1.0000E+00,
186,810.44,12338.92,399.94,865.5000,65535.0000,15975.0000,15109.5000,0.0000,0.0000,0.0000,1.0000,1.0000E+00,1.0000E+00,
187,810.59,12336.62,402.23,895.5000,65535.0000,16136.0000,15240.5000,0.0000,0.0000,0.0000,1.0000,1.0000E+00,1.0000E+00,
188,810.75,12334.33,404.52,876.5000,65535.0000,15979.0000,15102.5000,0.0000,0.0000,0.0000,1.0000,1.0000E+00,1.0000E+00,
189,810.90,12332.04,406.81,851.5000,65535.0000,15885.5000,15034.0000,0.0000,0.0000,0.0000,1.0000,1.0000E+00,1.0000E+00,
190,811.05,12329.75,409.10,851.0000,65535.0000,15962.0000,15111.0000,0.0000,0.0000,0.0000,1.0000,1.0000E+00,1.0000E+00,
191,811.20,12327.46,411.39,839.5000,65535.0000,15989.0000,15149.5000,0.0000,0.0000,0.0000,1.0000,1.0000E+00,1.0000E+00,
192,811.35,12325.18,413.68,848.5000,65535.0000,15946.5000,15098.0000,0.0000,0.0000,0.0000,1.0000,1.0000E+00,1.0000E+00,
193,811.50,12322.89,415.96,883.0000,65535.0000,15887.5000,15004.5000,0.0000,0.0000,0.0000,1.0000,1.0000E+00,1.0000E+00,
194,811.65,12320.60,418.25,867.5000,65535.0000,15868.5000,15001.0000,0.0000,0.0000,0.0000,1.0000,1.0000E+00,1.0000E+00,
195,811.80,12318.32,420.53,877.5000,65535.0000,15858.0000,14980.5000,0.0000,0.0000,0.0000,1.0000,1.0000E+00,1.0000E+00,
196,811.95,12316.04,422.82,882.0000,65535.0000,15883.0000,15001.0000,0.0000,0.0000,0.0000,1.0000,1.0000E+00,1.0000E+00,
197,812.10,12313.75,425.10,890.0000,65535.0000,15793.5000,14903.5000,0.0000,0.0000,0.0000,1.0000,1.0000E+00,1.0000E+00,
198,812.25,12311.47,427.38,852.0000,65535.0000,15850.0000,14998.0000,0.0000,0.0000,0.0000,1.0000,1.0000E+00,1.0000E+00,
199,812.40,12309.19,429.66,830.0000,65535.0000,15775.5000,14945.5000,0.0000,0.0000,0.0000,1.0000,1.0000E+00,1.0000E+00,
200,812.55,12306.91,431.94,873.5000,65535.0000,15816.5000,14943.0000,0.0000,0.0000,0.0000,1.0000,1.0000E+00,1.0000E+00,
201,812.70,12304.63,434.22,853.5000,65535.0000,15903.5000,15050.0000,0.0000,0.0000,0.0000,1.0000,1.0000E+00,1.0000E+00,
202,812.85,12302.35,436.50,871.5000,65535.0000,15776.5000,14905.0000,0.0000,0.0000,0.0000,1.0000,1.0000E+00,1.0000E+00,
203,813.00,12300.08,438.78,848.0000,65535.0000,15799.5000,14951.5000,0.0000,0.0000,0.0000,1.0000,1.0000E+00,1.0000E+00,
204,813.15,12297.80,441.05,864.0000,65535.0000,15763.5000,14899.5000,0.0000,0.0000,0.0000,1.0000,1.0000E+00,1.0000E+00,
205,813.30,12295.53,443.33,853.0000,65535.0000,15720.5000,14867.5000,0.0000,0.0000,0.0000,1.0000,1.0000E+00,1.0000E+00,
206,813.45,12293.25,445.60,865.5000,65535.0000,15719.0000,14853.5000,0.0000,0.0000,0.0000,1.0000,1.0000E+00,1.0000E+00,
207,813.60,12290.98,447.87,886.0000,65535.0000,15778.0000,14892.0000,0.0000,0.0000,0.0000,1.0000,1.0000E+00,1.0000E+00,
208,813.76,12288.71,450.14,900.0000,65535.0000,15744.5000,14844.5000,0.0000,0.0000,0.0000,1.0000,1.0000E+00,1.0000E+00,
209,813.91,12286.44,452.41,903.5000,65535.0000,15754.0000,14850.5000,0.0000,0.0000,0.0000,1.0000,1.0000E+00,1.0000E+00,
210,814.06,12284.17,454.68,832.0000,65535.0000,15704.5000,14872.5000,0.0000,0.0000,0.0000,1.0000,1.0000E+00,1.0000E+00,
211,814.21,12281.90,456.95,828.0000,65535.0000,15769.5000,14941.5000,0.0000,0.0000,0.0000,1.0000,1.0000E+00,1.0000E+00,
212,814.36,12279.63,459.22,874.0000,65535.0000,15782.0000,14908.0000,0.0000,0.0000,0.0000,1.0000,1.0000E+00,1.0000E+00,
213,814.51,12277.37,461.49,858.5000,65535.0000,15717.0000,14858.5000,0.0000,0.0000,0.0000,1.0000,1.0000E+00,1.0000E+00,
214,814.66,12275.10,463.75,857.0000,65535.0000,15712.0000,14855.0000,0.0000,0.0000,0.0000,1.0000,1.0000E+00,1.0000E+00,
215,814.81,12272.84,466.02,869.5000,65535.0000,15800.0000,14930.5000,0.0000,0.0000,0.0000,1.0000,1.0000E+00,1.0000E+00,
216,814.96,12270.57,468.28,827.0000,65535.0000,15811.5000,14984.5000,0.0000,0.0000,0.0000,1.0000,1.0000E+00,1.0000E+00,
217,815.11,12268.31,470.54,826.0000,65535.0000,15767.0000,14941.0000,0.0000,0.0000,0.0000,1.0000,1.0000E+00,1.0000E+00,
218,815.26,12266.05,472.81,864.0000,65535.0000,15774.0000,14910.0000,0.0000,0.0000,0.0000,1.0000,1.0000E+00,1.0000E+00,
219,815.41,12263.79,475.07,846.0000,65535.0000,15851.0000,15005.0000,0.0000,0.0000,0.0000,1.0000,1.0000E+00,1.0000E+00,
220,815.56,12261.53,477.33,896.5000,65535.0000,15855.0000,14958.5000,0.0000,0.0000,0.0000,1.0000,1.0000E+00,1.0000E+00,
221,815.71,12259.27,479.59,876.5000,65535.0000,15864.5000,14988.0000,0.0000,0.0000,0.0000,1.0000,1.0000E+00,1.0000E+00,
222,815.86,12257.01,481.84,822.0000,65535.0000,15831.0000,15009.0000,0.0000,0.0000,0.0000,1.0000,1.0000E+00,1.0000E+00,
223,816.01,12254.75,484.10,898.0000,65535.0000,15976.5000,15078.5000,0.0000,0.0000,0.0000,1.0000,1.0000E+00,1.0000E+00,
224,816.16,12252.50,486.36,886.0000,65535.0000,15994.5000,15108.5000,0.0000,0.0000,0.0000,1.0000,1.0000E+00,1.0000E+00,
225,816.31,12250.24,488.61,847.5000,65535.0000,15831.0000,14983.5000,0.0000,0.0000,0.0000,1.0000,1.0000E+00,1.0000E+00,
226,816.46,12247.99,490.87,822.5000,65535.0000,15985.5000,15163.0000,0.0000,0.0000,0.0000,1.0000,1.0000E+00,1.0000E+00,
227,816.61,12245.74,493.12,1136.0000,65535.0000,16212.5000,15076.5000,0.0000,0.0000,0.0000,1.0000,1.0000E+00,1.0000E+00,
228,816.76,12243.48,495.37,868.0000,65535.0000,15944.0000,15076.0000,0.0000,0.0000,0.0000,1.0000,1.0000E+00,1.0000E+00,
229,816.91,12241.23,497.62,851.5000,65535.0000,15939.5000,15088.0000,0.0000,0.0000,0.0000,1.0000,1.0000E+00,1.0000E+00,
230,817.06,12238.98,499.87,919.5000,65535.0000,16075.0000,15155.5000,0.0000,0.0000,0.0000,1.0000,1.0000E+00,1.0000E+00,
231,817.21,12236.73,502.12,863.0000,65535.0000,16021.5000,15158.5000,0.0000,0.0000,0.0000,1.0000,1.0000E+00,1.0000E+00,
232,817.36,12234.48,504.37,877.0000,65535.0000,15976.5000,15099.5000,0.0000,0.0000,0.0000,1.0000,1.0000E+00,1.0000E+00,
233,817.51,12232.24,506.62,900.0000,65535.0000,16004.5000,15104.5000,0.0000,0.0000,0.0000,1.0000,1.0000E+00,1.0000E+00,
234,817.66,12229.99,508.86,860.5000,65535.0000,16008.0000,15147.5000,0.0000,0.0000,0.0000,1.0000,1.0000E+00,1.0000E+00,
235,817.81,12227.75,511.11,842.5000,65535.0000,15965.0000,15122.5000,0.0000,0.0000,0.0000,1.0000,1.0000E+00,1.0000E+00,
236,817.96,12225.50,513.35,847.0000,65535.0000,15844.0000,14997.0000,0.0000,0.0000,0.0000,1.0000,1.0000E+00,1.0000E+00,
237,818.11,12223.26,515.59,908.5000,65535.0000,15792.5000,14884.0000,0.0000,0.0000,0.0000,1.0000,1.0000E+00,1.0000E+00,
238,818.26,12221.02,517.84,881.5000,65535.0000,15749.0000,14867.5000,0.0000,0.0000,0.0000,1.0000,1.0000E+00,1.0000E+00,
239,818.41,12218.77,520.08,867.0000,65535.0000,15731.0000,14864.0000,0.0000,0.0000,0.0000,1.0000,1.0000E+00,1.0000E+00,
240,818.56,12216.53,522.32,859.5000,65535.0000,15808.5000,14949.0000,0.0000,0.0000,0.0000,1.0000,1.0000E+00,1.0000E+00,
241,818.71,12214.30,524.56,846.5000,65535.0000,15837.5000,14991.0000,0.0000,0.0000,0.0000,1.0000,1.0000E+00,1.0000E+00,
242,818.86,12212.06,526.80,860.5000,65535.0000,15756.0000,14895.5000,0.0000,0.0000,0.0000,1.0000,1.0000E+00,1.0000E+00,
243,819.01,12209.82,529.03,862.5000,65535.0000,15751.0000,14888.5000,0.0000,0.0000,0.0000,1.0000,1.0000E+00,1.0000E+00,
244,819.16,12207.58,531.27,879.5000,65535.0000,15876.5000,14997.0000,0.0000,0.0000,0.0000,1.0000,1.0000E+00,1.0000E+00,
245,819.31,12205.35,533.51,865.0000,65535.0000,15836.0000,14971.0000,0.0000,0.0000,0.0000,1.0000,1.0000E+00,1.0000E+00,
246,819.46,12203.11,535.74,888.0000,65535.0000,15908.5000,15020.5000,0.0000,0.0000,0.0000,1.0000,1.0000E+00,1.0000E+00,
247,819.61,12200.88,537.97,890.5000,65535.0000,15882.5000,14992.0000,0.0000,0.0000,0.0000,1.0000,1.0000E+00,1.0000E+00,
248,819.76,12198.65,540.21,834.5000,65535.0000,15866.0000,15031.5000,0.0000,0.0000,0.0000,1.0000,1.0000E+00,1.0000E+00,
249,819.91,12196.41,542.44,889.0000,65535.0000,15788.5000,14899.5000,0.0000,0.0000,0.0000,1.0000,1.0000E+00,1.0000E+00,
250,820.06,12194.18,544.67,897.5000,65535.0000,15920.5000,15023.0000,0.0000,0.0000,0.0000,1.0000,1.0000E+00,1.0000E+00,
251,820.21,12191.95,546.90,847.5000,65535.0000,15930.5000,15083.0000,0.0000,0.0000,0.0000,1.0000,1.0000E+00,1.0000E+00,
252,820.36,12189.73,549.13,886.0000,65535.0000,15974.0000,15088.0000,0.0000,0.0000,0.0000,1.0000,1.0000E+00,1.0000E+00,
253,820.51,12187.50,551.36,827.0000,65535.0000,15891.5000,15064.5000,0.0000,0.0000,0.0000,1.0000,1.0000E+00,1.0000E+00,
254,820.66,12185.27,553.58,884.5000,65535.0000,15950.5000,15066.0000,0.0000,0.0000,0.0000,1.0000,1.0000E+00,1.0000E+00,
255,820.81,12183.04,555.81,893.0000,65535.0000,15971.5000,15078.5000,0.0000,0.0000,0.0000,1.0000,1.0000E+00,1.0000E+00,
256,820.96,12180.82,558.03,890.5000,65535.0000,15913.0000,15022.5000,0.0000,0.0000,0.0000,1.0000,1.0000E+00,1.0000E+00,
257,821.11,12178.60,560.26,877.0000,65535.0000,15946.5000,15069.5000,0.0000,0.0000,0.0000,1.0000,1.0000E+00,1.0000E+00,
258,821.26,12176.37,562.48,908.0000,65535.0000,16037.0000,15129.0000,0.0000,0.0000,0.0000,1.0000,1.0000E+00,1.0000E+00,
259,821.41,12174.15,564.70,916.0000,65535.0000,15970.5000,15054.5000,0.0000,0.0000,0.0000,1.0000,1.0000E+00,1.0000E+00,
260,821.56,12171.93,566.92,923.5000,65535.0000,15901.5000,14978.0000,0.0000,0.0000,0.0000,1.0000,1.0000E+00,1.0000E+00,
261,821.71,12169.71,569.14,829.0000,65535.0000,15898.5000,15069.5000,0.0000,0.0000,0.0000,1.0000,1.0000E+00,1.0000E+00,
262,821.86,12167.49,571.36,888.5000,65535.0000,15926.5000,15038.0000,0.0000,0.0000,0.0000,1.0000,1.0000E+00,1.0000E+00,
263,822.01,12165.27,573.58,920.5000,65535.0000,15861.5000,14941.0000,0.0000,0.0000,0.0000,1.0000,1.0000E+00,1.0000E+00,
264,822.16,12163.05,575.80,865.0000,65535.0000,15890.5000,15025.5000,0.0000,0.0000,0.0000,1.0000,1.0000E+00,1.0000E+00,
265,822.31,12160.84,578.02,875.0000,65535.0000,15943.0000,15068.0000,0.0000,0.0000,0.0000,1.0000,1.0000E+00,1.0000E+00,
266,822.46,12158.62,580.23,861.5000,65535.0000,15699.5000,14838.0000,0.0000,0.0000,0.0000,1.0000,1.0000E+00,1.0000E+00,
267,822.61,12156.41,582.45,852.0000,65535.0000,15768.5000,14916.5000,0.0000,0.0000,0.0000,1.0000,1.0000E+00,1.0000E+00,
268,822.76,12154.19,584.66,851.5000,65535.0000,15651.5000,14800.0000,0.0000,0.0000,0.0000,1.0000,1.0000E+00,1.0000E+00,
269,822.91,12151.98,586.87,821.0000,65535.0000,15705.0000,14884.0000,0.0000,0.0000,0.0000,1.0000,1.0000E+00,1.0000E+00,
270,823.06,12149.77,589.08,861.5000,65535.0000,15626.5000,14765.0000,0.0000,0.0000,0.0000,1.0000,1.0000E+00,1.0000E+00,
271,823.21,12147.56,591.29,864.0000,65535.0000,15613.0000,14749.0000,0.0000,0.0000,0.0000,1.0000,1.0000E+00,1.0000E+00,
272,823.36,12145.35,593.50,864.5000,65535.0000,15601.0000,14736.5000,0.0000,0.0000,0.0000,1.0000,1.0000E+00,1.0000E+00,
273,823.51,12143.14,595.71,897.0000,65535.0000,15546.0000,14649.0000,0.0000,0.0000,0.0000,1.0000,1.0000E+00,1.0000E+00,
274,823.66,12140.93,597.92,849.5000,65535.0000,15468.5000,14619.0000,0.0000,0.0000,0.0000,1.0000,1.0000E+00,1.0000E+00,
275,823.81,12138.73,600.13,868.5000,65535.0000,15422.5000,14554.0000,0.0000,0.0000,0.0000,1.0000,1.0000E+00,1.0000E+00,
276,823.96,12136.52,602.33,884.5000,65535.0000,15519.5000,14635.0000,0.0000,0.0000,0.0000,1.0000,1.0000E+00,1.0000E+00,
277,824.11,12134.32,604.54,880.5000,65535.0000,15489.0000,14608.5000,0.0000,0.0000,0.0000,1.0000,1.0000E+00,1.0000E+00,
278,824.26,12132.11,606.74,879.5000,65535.0000,15428.5000,14549.0000,0.0000,0.0000,0.0000,1.0000,1.0000E+00,1.0000E+00,
279,824.41,12129.91,608.94,846.5000,65535.0000,15362.0000,14515.5000,0.0000,0.0000,0.0000,1.0000,1.0000E+00,1.0000E+00,
280,824.56,12127.71,611.15,855.5000,65535.0000,15242.0000,14386.5000,0.0000,0.0000,0.0000,1.0000,1.0000E+00,1.0000E+00,
281,824.71,12125.51,613.35,893.5000,65535.0000,15319.0000,14425.5000,0.0000,0.0000,0.0000,1.0000,1.0000E+00,1.0000E+00,
282,824.86,12123.31,615.55,905.0000,65535.0000,15333.5000,14428.5000,0.0000,0.0000,0.0000,1.0000,1.0000E+00,1.0000E+00,
283,825.01,12121.11,617.75,877.5000,65535.0000,15371.0000,14493.5000,0.0000,0.0000,0.0000,1.0000,1.0000E+00,1.0000E+00,
284,825.16,12118.91,619.95,895.0000,65535.0000,15343.5000,14448.5000,0.0000,0.0000,0.0000,1.0000,1.0000E+00,1.0000E+00,
285,825.31,12116.71,622.14,870.5000,65535.0000,15351.0000,14480.5000,0.0000,0.0000,0.0000,1.0000,1.0000E+00,1.0000E+00,
286,825.46,12114.51,624.34,853.5000,65535.0000,15326.0000,14472.5000,0.0000,0.0000,0.0000,1.0000,1.0000E+00,1.0000E+00,
287,825.61,12112.32,626.54,910.5000,65535.0000,15254.5000,14344.0000,0.0000,0.0000,0.0000,1.0000,1.0000E+00,1.0000E+00,
288,825.76,12110.12,628.73,911.5000,65535.0000,15288.5000,14377.0000,0.0000,0.0000,0.0000,1.0000,1.0000E+00,1.0000E+00,
289,825.90,12107.93,630.92,874.0000,65535.0000,15281.5000,14407.5000,0.0000,0.0000,0.0000,1.0000,1.0000E+00,1.0000E+00,
290,826.05,12105.74,633.12,872.5000,65535.0000,15352.5000,14480.0000,0.0000,0.0000,0.0000,1.0000,1.0000E+00,1.0000E+00,
291,826.20,12103.55,635.31,895.0000,65535.0000,15377.5000,14482.5000,0.0000,0.0000,0.0000,1.0000,1.0000E+00,1.0000E+00,
292,826.35,12101.35,637.50,865.5000,65535.0000,15377.5000,14512.0000,0.0000,0.0000,0.0000,1.0000,1.0000E+00,1.0000E+00,
293,826.50,12099.17,639.69,853.0000,65535.0000,15303.0000,14450.0000,0.0000,0.0000,0.0000,1.0000,1.0000E+00,1.0000E+00,
294,826.65,12096.98,641.88,936.0000,65535.0000,15381.0000,14445.0000,0.0000,0.0000,0.0000,1.0000,1.0000E+00,1.0000E+00,
295,826.80,12094.79,644.07,900.5000,65535.0000,15357.0000,14456.5000,0.0000,0.0000,0.0000,1.0000,1.0000E+00,1.0000E+00,
296,826.95,12092.60,646.25,873.5000,65535.0000,15333.5000,14460.0000,0.0000,0.0000,0.0000,1.0000,1.0000E+00,1.0000E+00,
297,827.10,12090.42,648.44,888.5000,65535.0000,15276.0000,14387.5000,0.0000,0.0000,0.0000,1.0000,1.0000E+00,1.0000E+00,
298,827.25,12088.23,650.62,830.5000,65535.0000,15387.5000,14557.0000,0.0000,0.0000,0.0000,1.0000,1.0000E+00,1.0000E+00,
299,827.40,12086.05,652.81,868.0000,65535.0000,15461.0000,14593.0000,0.0000,0.0000,0.0000,1.0000,1.0000E+00,1.0000E+00,
300,827.55,12083.86,654.99,873.5000,65535.0000,15433.5000,14560.0000,0.0000,0.0000,0.0000,1.0000,1.0000E+00,1.0000E+00,
301,827.70,12081.68,657.17,848.5000,65535.0000,15503.0000,14654.5000,0.0000,0.0000,0.0000,1.0000,1.0000E+00,1.0000E+00,
302,827.85,12079.50,659.35,847.0000,65535.0000,15435.5000,14588.5000,0.0000,0.0000,0.0000,1.0000,1.0000E+00,1.0000E+00,
303,828.00,12077.32,661.54,871.0000,65535.0000,15442.5000,14571.5000,0.0000,0.0000,0.0000,1.0000,1.0000E+00,1.0000E+00,
304,828.15,12075.14,663.71,885.0000,65535.0000,15463.0000,14578.0000,0.0000,0.0000,0.0000,1.0000,1.0000E+00,1.0000E+00,
305,828.30,12072.96,665.89,876.5000,65535.0000,15439.5000,14563.0000,0.0000,0.0000,0.0000,1.0000,1.0000E+00,1.0000E+00,
306,828.45,12070.78,668.07,879.0000,65535.0000,15486.5000,14607.5000,0.0000,0.0000,0.0000,1.0000,1.0000E+00,1.0000E+00,
307,828.60,12068.61,670.25,837.5000,65535.0000,15493.5000,14656.0000,0.0000,0.0000,0.0000,1.0000,1.0000E+00,1.0000E+00,
308,828.75,12066.43,672.42,840.0000,65535.0000,15375.5000,14535.5000,0.0000,0.0000,0.0000,1.0000,1.0000E+00,1.0000E+00,
309,828.89,12064.25,674.60,873.0000,65535.0000,15466.0000,14593.0000,0.0000,0.0000,0.0000,1.0000,1.0000E+00,1.0000E+00,
310,829.04,12062.08,676.77,856.5000,65535.0000,15453.0000,14596.5000,0.0000,0.0000,0.0000,1.0000,1.0000E+00,1.0000E+00,
311,829.19,12059.91,678.95,898.5000,65535.0000,15526.5000,14628.0000,0.0000,0.0000,0.0000,1.0000,1.0000E+00,1.0000E+00,
312,829.34,12057.74,681.12,874.5000,65535.0000,15412.0000,14537.5000,0.0000,0.0000,0.0000,1.0000,1.0000E+00,1.0000E+00,
313,829.49,12055.56,683.29,925.0000,65535.0000,15416.0000,14491.0000,0.0000,0.0000,0.0000,1.0000,1.0000E+00,1.0000E+00,
314,829.64,12053.39,685.46,887.5000,65535.0000,15395.0000,14507.5000,0.0000,0.0000,0.0000,1.0000,1.0000E+00,1.0000E+00,
315,829.79,12051.22,687.63,873.0000,65535.0000,15426.5000,14553.5000,0.0000,0.0000,0.0000,1.0000,1.0000E+00,1.0000E+00,
316,829.94,12049.06,689.80,866.0000,65535.0000,15342.5000,14476.5000,0.0000,0.0000,0.0000,1.0000,1.0000E+00,1.0000E+00,
317,830.09,12046.89,691.96,904.0000,65535.0000,15568.0000,14664.0000,0.0000,0.0000,0.0000,1.0000,1.0000E+00,1.0000E+00,
318,830.24,12044.72,694.13,848.5000,65535.0000,15415.0000,14566.5000,0.0000,0.0000,0.0000,1.0000,1.0000E+00,1.0000E+00,
319,830.39,12042.56,696.30,902.0000,65535.0000,15373.5000,14471.5000,0.0000,0.0000,0.0000,1.0000,1.0000E+00,1.0000E+00,
320,830.54,12040.39,698.46,884.0000,65535.0000,15351.5000,14467.5000,0.0000,0.0000,0.0000,1.0000,1.0000E+00,1.0000E+00,
321,830.69,12038.23,700.62,869.0000,65535.0000,15374.5000,14505.5000,0.0000,0.0000,0.0000,1.0000,1.0000E+00,1.0000E+00,
322,830.84,12036.07,702.79,890.5000,65535.0000,15379.5000,14489.0000,0.0000,0.0000,0.0000,1.0000,1.0000E+00,1.0000E+00,
323,830.99,12033.90,704.95,894.5000,65535.0000,15364.0000,14469.5000,0.0000,0.0000,0.0000,1.0000,1.0000E+00,1.0000E+00,
324,831.13,12031.74,707.11,869.0000,65535.0000,15296.0000,14427.0000,0.0000,0.0000,0.0000,1.0000,1.0000E+00,1.0000E+00,
325,831.28,12029.58,709.27,891.5000,65535.0000,15259.5000,14368.0000,0.0000,0.0000,0.0000,1.0000,1.0000E+00,1.0000E+00,
326,831.43,12027.42,711.43,843.5000,65535.0000,15208.0000,14364.5000,0.0000,0.0000,0.0000,1.0000,1.0000E+00,1.0000E+00,
327,831.58,12025.27,713.59,871.5000,65535.0000,15131.5000,14260.0000,0.0000,0.0000,0.0000,1.0000,1.0000E+00,1.0000E+00,
328,831.73,12023.11,715.75,887.0000,65535.0000,15161.5000,14274.5000,0.0000,0.0000,0.0000,1.0000,1.0000E+00,1.0000E+00,
329,831.88,12020.95,717.90,861.5000,65535.0000,15194.0000,14332.5000,0.0000,0.0000,0.0000,1.0000,1.0000E+00,1.0000E+00,
330,832.03,12018.80,720.06,860.0000,65535.0000,15153.5000,14293.5000,0.0000,0.0000,0.0000,1.0000,1.0000E+00,1.0000E+00,
331,832.18,12016.64,722.21,857.5000,65535.0000,15113.0000,14255.5000,0.0000,0.0000,0.0000,1.0000,1.0000E+00,1.0000E+00,
332,832.33,12014.49,724.37,858.0000,65535.0000,15100.5000,14242.5000,0.0000,0.0000,0.0000,1.0000,1.0000E+00,1.0000E+00,
333,832.48,12012.34,726.52,844.0000,65535.0000,15089.5000,14245.5000,0.0000,0.0000,0.0000,1.0000,1.0000E+00,1.0000E+00,
334,832.63,12010.18,728.67,904.5000,65535.0000,15048.0000,14143.5000,0.0000,0.0000,0.0000,1.0000,1.0000E+00,1.0000E+00,
335,832.78,12008.03,730.82,880.0000,65535.0000,15160.0000,14280.0000,0.0000,0.0000,0.0000,1.0000,1.0000E+00,1.0000E+00,
336,832.93,12005.88,732.97,860.5000,65535.0000,15032.0000,14171.5000,0.0000,0.0000,0.0000,1.0000,1.0000E+00,1.0000E+00,
337,833.07,12003.73,735.12,855.5000,65535.0000,15005.0000,14149.5000,0.0000,0.0000,0.0000,1.0000,1.0000E+00,1.0000E+00,
338,833.22,12001.59,737.27,865.5000,65535.0000,14988.5000,14123.0000,0.0000,0.0000,0.0000,1.0000,1.0000E+00,1.0000E+00,
339,833.37,11999.44,739.42,873.0000,65535.0000,14979.5000,14106.5000,0.0000,0.0000,0.0000,1.0000,1.0000E+00,1.0000E+00,
340,833.52,11997.29,741.56,862.0000,65535.0000,14948.5000,14086.5000,0.0000,0.0000,0.0000,1.0000,1.0000E+00,1.0000E+00,
341,833.67,11995.15,743.71,922.5000,65535.0000,15074.0000,14151.5000,0.0000,0.0000,0.0000,1.0000,1.0000E+00,1.0000E+00,
342,833.82,11993.00,745.85,898.5000,65535.0000,15053.0000,14154.5000,0.0000,0.0000,0.0000,1.0000,1.0000E+00,1.0000E+00,
343,833.97,11990.86,747.99,846.0000,65535.0000,15133.5000,14287.5000,0.0000,0.0000,0.0000,1.0000,1.0000E+00,1.0000E+00,
344,834.12,11988.72,750.14,860.5000,65535.0000,15183.0000,14322.5000,0.0000,0.0000,0.0000,1.0000,1.0000E+00,1.0000E+00,
345,834.27,11986.57,752.28,892.5000,65535.0000,15119.0000,14226.5000,0.0000,0.0000,0.0000,1.0000,1.0000E+00,1.0000E+00,
346,834.42,11984.43,754.42,901.0000,65535.0000,15162.0000,14261.0000,0.0000,0.0000,0.0000,1.0000,1.0000E+00,1.0000E+00,
347,834.56,11982.29,756.56,844.0000,65535.0000,15173.5000,14329.5000,0.0000,0.0000,0.0000,1.0000,1.0000E+00,1.0000E+00,
348,834.71,11980.15,758.70,1427.0000,65535.0000,15619.5000,14192.5000,0.0000,0.0000,0.0000,1.0000,1.0000E+00,1.0000E+00,
349,834.86,11978.02,760.84,876.5000,65535.0000,15211.5000,14335.0000,0.0000,0.0000,0.0000,1.0000,1.0000E+00,1.0000E+00,
350,835.01,11975.88,762.97,837.5000,65535.0000,15175.0000,14337.5000,0.0000,0.0000,0.0000,1.0000,1.0000E+00,1.0000E+00,
351,835.16,11973.74,765.11,891.5000,65535.0000,15145.5000,14254.0000,0.0000,0.0000,0.0000,1.0000,1.0000E+00,1.0000E+00,
352,835.31,11971.61,767.25,902.5000,65535.0000,15203.5000,14301.0000,0.0000,0.0000,0.0000,1.0000,1.0000E+00,1.0000E+00,
353,835.46,11969.47,769.38,873.5000,65535.0000,15039.5000,14166.0000,0.0000,0.0000,0.0000,1.0000,1.0000E+00,1.0000E+00,
354,835.61,11967.34,771.51,868.5000,65535.0000,15004.0000,14135.5000,0.0000,0.0000,0.0000,1.0000,1.0000E+00,1.0000E+00,
355,835.76,11965.21,773.65,863.5000,65535.0000,14980.0000,14116.5000,0.0000,0.0000,0.0000,1.0000,1.0000E+00,1.0000E+00,
356,835.91,11963.08,775.78,884.5000,65535.0000,15119.0000,14234.5000,0.0000,0.0000,0.0000,1.0000,1.0000E+00,1.0000E+00,
357,836.05,11960.94,777.91,870.5000,65535.0000,15035.5000,14165.0000,0.0000,0.0000,0.0000,1.0000,1.0000E+00,1.0000E+00,
358,836.20,11958.82,780.04,865.5000,65535.0000,15037.5000,14172.0000,0.0000,0.0000,0.0000,1.0000,1.0000E+00,1.0000E+00,
359,836.35,11956.69,782.17,875.0000,65535.0000,14994.5000,14119.5000,0.0000,0.0000,0.0000,1.0000,1.0000E+00,1.0000E+00,
360,836.50,11954.56,784.30,896.0000,65535.0000,15074.0000,14178.0000,0.0000,0.0000,0.0000,1.0000,1.0000E+00,1.0000E+00,
361,836.65,11952.43,786.42,846.5000,65535.0000,15049.5000,14203.0000,0.0000,0.0000,0.0000,1.0000,1.0000E+00,1.0000E+00,
362,836.80,11950.30,788.55,891.0000,65535.0000,15129.5000,14238.5000,0.0000,0.0000,0.0000,1.0000,1.0000E+00,1.0000E+00,
363,836.95,11948.18,790.67,859.5000,65535.0000,15077.5000,14218.0000,0.0000,0.0000,0.0000,1.0000,1.0000E+00,1.0000E+00,
364,837.10,11946.05,792.80,875.0000,65535.0000,15089.5000,14214.5000,0.0000,0.0000,0.0000,1.0000,1.0000E+00,1.0000E+00,
365,837.25,11943.93,794.92,831.5000,65535.0000,15044.5000,14213.0000,0.0000,0.0000,0.0000,1.0000,1.0000E+00,1.0000E+00,
366,837.39,11941.81,797.05,886.0000,65535.0000,15137.0000,14251.0000,0.0000,0.0000,0.0000,1.0000,1.0000E+00,1.0000E+00,
367,837.54,11939.69,799.17,833.5000,65535.0000,15012.5000,14179.0000,0.0000,0.0000,0.0000,1.0000,1.0000E+00,1.0000E+00,
368,837.69,11937.57,801.29,875.0000,65535.0000,14963.5000,14088.5000,0.0000,0.0000,0.0000,1.0000,1.0000E+00,1.0000E+00,
369,837.84,11935.45,803.41,855.0000,65535.0000,14867.5000,14012.5000,0.0000,0.0000,0.0000,1.0000,1.0000E+00,1.0000E+00,
370,837.99,11933.33,805.53,848.0000,65535.0000,14881.0000,14033.0000,0.0000,0.0000,0.0000,1.0000,1.0000E+00,1.0000E+00,
371,838.14,11931.21,807.64,903.5000,65535.0000,14960.0000,14056.5000,0.0000,0.0000,0.0000,1.0000,1.0000E+00,1.0000E+00,
372,838.29,11929.09,809.76,862.5000,65535.0000,14899.5000,14037.0000,0.0000,0.0000,0.0000,1.0000,1.0000E+00,1.0000E+00,
373,838.44,11926.97,811.88,869.5000,65535.0000,14971.0000,14101.5000,0.0000,0.0000,0.0000,1.0000,1.0000E+00,1.0000E+00,
374,838.58,11924.86,813.99,850.5000,65535.0000,14850.5000,14000.0000,0.0000,0.0000,0.0000,1.0000,1.0000E+00,1.0000E+00,
375,838.73,11922.74,816.11,887.0000,65535.0000,14983.5000,14096.5000,0.0000,0.0000,0.0000,1.0000,1.0000E+00,1.0000E+00,
376,838.88,11920.63,818.22,882.5000,65535.0000,14889.0000,14006.5000,0.0000,0.0000,0.0000,1.0000,1.0000E+00,1.0000E+00,
377,839.03,11918.52,820.34,910.5000,65535.0000,14843.5000,13933.0000,0.0000,0.0000,0.0000,1.0000,1.0000E+00,1.0000E+00,
378,839.18,11916.41,822.45,842.5000,65535.0000,14931.5000,14089.0000,0.0000,0.0000,0.0000,1.0000,1.0000E+00,1.0000E+00,
379,839.33,11914.30,824.56,847.5000,65535.0000,14845.0000,13997.5000,0.0000,0.0000,0.0000,1.0000,1.0000E+00,1.0000E+00,
380,839.48,11912.19,826.67,846.0000,65535.0000,14831.5000,13985.5000,0.0000,0.0000,0.0000,1.0000,1.0000E+00,1.0000E+00,
381,839.63,11910.08,828.78,913.0000,65535.0000,14819.5000,13906.5000,0.0000,0.0000,0.0000,1.0000,1.0000E+00,1.0000E+00,
382,839.77,11907.97,830.89,843.0000,65535.0000,14830.5000,13987.5000,0.0000,0.0000,0.0000,1.0000,1.0000E+00,1.0000E+00,
383,839.92,11905.86,832.99,883.5000,65535.0000,14734.5000,13851.0000,0.0000,0.0000,0.0000,1.0000,1.0000E+00,1.0000E+00,
384,840.07,11903.75,835.10,861.5000,65535.0000,14632.0000,13770.5000,0.0000,0.0000,0.0000,1.0000,1.0000E+00,1.0000E+00,
385,840.22,11901.65,837.20,853.5000,65535.0000,14729.0000,13875.5000,0.0000,0.0000,0.0000,1.0000,1.0000E+00,1.0000E+00,
386,840.37,11899.54,839.31,870.0000,65535.0000,14529.5000,13659.5000,0.0000,0.0000,0.0000,1.0000,1.0000E+00,1.0000E+00,
387,840.52,11897.44,841.41,871.5000,65535.0000,14691.0000,13819.5000,0.0000,0.0000,0.0000,1.0000,1.0000E+00,1.0000E+00,
388,840.67,11895.34,843.52,880.0000,65535.0000,14657.5000,13777.5000,0.0000,0.0000,0.0000,1.0000,1.0000E+00,1.0000E+00,
389,840.81,11893.23,845.62,837.5000,65535.0000,14709.5000,13872.0000,0.0000,0.0000,0.0000,1.0000,1.0000E+00,1.0000E+00,
390,840.96,11891.13,847.72,868.0000,65535.0000,14670.5000,13802.5000,0.0000,0.0000,0.0000,1.0000,1.0000E+00,1.0000E+00,
391,841.11,11889.03,849.82,880.5000,65535.0000,14661.0000,13780.5000,0.0000,0.0000,0.0000,1.0000,1.0000E+00,1.0000E+00,
392,841.26,11886.93,851.92,849.0000,65535.0000,14722.5000,13873.5000,0.0000,0.0000,0.0000,1.0000,1.0000E+00,1.0000E+00,
393,841.41,11884.84,854.02,869.0000,65535.0000,14806.0000,13937.0000,0.0000,0.0000,0.0000,1.0000,1.0000E+00,1.0000E+00,
394,841.56,11882.74,856.12,863.0000,65535.0000,14684.5000,13821.5000,0.0000,0.0000,0.0000,1.0000,1.0000E+00,1.0000E+00,
395,841.71,11880.64,858.21,835.0000,65535.0000,14733.5000,13898.5000,0.0000,0.0000,0.0000,1.0000,1.0000E+00,1.0000E+00,
396,841.85,11878.55,860.31,868.0000,65535.0000,14654.0000,13786.0000,0.0000,0.0000,0.0000,1.0000,1.0000E+00,1.0000E+00,
397,842.00,11876.45,862.40,900.0000,65535.0000,14742.0000,13842.0000,0.0000,0.0000,0.0000,1.0000,1.0000E+00,1.0000E+00,
398,842.15,11874.36,864.50,869.5000,65535.0000,14748.0000,13878.5000,0.0000,0.0000,0.0000,1.0000,1.0000E+00,1.0000E+00,
399,842.30,11872.26,866.59,910.0000,65535.0000,14715.0000,13805.0000,0.0000,0.0000,0.0000,1.0000,1.0000E+00,1.0000E+00,
400,842.45,11870.17,868.68,870.5000,65535.0000,14705.5000,13835.0000,0.0000,0.0000,0.0000,1.0000,1.0000E+00,1.0000E+00,
401,842.60,11868.08,870.77,835.0000,65535.0000,14583.5000,13748.5000,0.0000,0.0000,0.0000,1.0000,1.0000E+00,1.0000E+00,
402,842.74,11865.99,872.86,886.5000,65535.0000,14599.5000,13713.0000,0.0000,0.0000,0.0000,1.0000,1.0000E+00,1.0000E+00,
403,842.89,11863.90,874.95,917.5000,65535.0000,14637.0000,13719.5000,0.0000,0.0000,0.0000,1.0000,1.0000E+00,1.0000E+00,
404,843.04,11861.81,877.04,865.5000,65535.0000,14627.5000,13762.0000,0.0000,0.0000,0.0000,1.0000,1.0000E+00,1.0000E+00,
405,843.19,11859.72,879.13,1115.0000,65535.0000,14807.5000,13692.5000,0.0000,0.0000,0.0000,1.0000,1.0000E+00,1.0000E+00,
406,843.34,11857.64,881.22,881.5000,65535.0000,14497.5000,13616.0000,0.0000,0.0000,0.0000,1.0000,1.0000E+00,1.0000E+00,
407,843.49,11855.55,883.30,860.5000,65535.0000,14536.0000,13675.5000,0.0000,0.0000,0.0000,1.0000,1.0000E+00,1.0000E+00,
408,843.64,11853.46,885.39,840.0000,65535.0000,14426.0000,13586.0000,0.0000,0.0000,0.0000,1.0000,1.0000E+00,1.0000E+00,
409,843.78,11851.38,887.47,852.5000,65535.0000,14548.5000,13696.0000,0.0000,0.0000,0.0000,1.0000,1.0000E+00,1.0000E+00,
410,843.93,11849.30,889.56,866.5000,65535.0000,14544.0000,13677.5000,0.0000,0.0000,0.0000,1.0000,1.0000E+00,1.0000E+00,
411,844.08,11847.21,891.64,889.0000,65535.0000,14422.5000,13533.5000,0.0000,0.0000,0.0000,1.0000,1.0000E+00,1.0000E+00,
412,844.23,11845.13,893.72,859.5000,65535.0000,14419.5000,13560.0000,0.0000,0.0000,0.0000,1.0000,1.0000E+00,1.0000E+00,
413,844.38,11843.05,895.80,847.5000,65535.0000,14385.5000,13538.0000,0.0000,0.0000,0.0000,1.0000,1.0000E+00,1.0000E+00,
414,844.53,11840.97,897.88,884.5000,65535.0000,14368.0000,13483.5000,0.0000,0.0000,0.0000,1.0000,1.0000E+00,1.0000E+00,
415,844.67,11838.89,899.96,825.5000,65535.0000,14298.0000,13472.5000,0.0000,0.0000,0.0000,1.0000,1.0000E+00,1.0000E+00,
416,844.82,11836.81,902.04,881.5000,65535.0000,14352.0000,13470.5000,0.0000,0.0000,0.0000,1.0000,1.0000E+00,1.0000E+00,
417,844.97,11834.74,904.12,857.0000,65535.0000,14314.0000,13457.0000,0.0000,0.0000,0.0000,1.0000,1.0000E+00,1.0000E+00,
418,845.12,11832.66,906.19,851.5000,65535.0000,14204.5000,13353.0000,0.0000,0.0000,0.0000,1.0000,1.0000E+00,1.0000E+00,
419,845.27,11830.58,908.27,888.0000,65535.0000,14293.5000,13405.5000,0.0000,0.0000,0.0000,1.0000,1.0000E+00,1.0000E+00,
420,845.41,11828.51,910.34,890.5000,65535.0000,14278.5000,13388.0000,0.0000,0.0000,0.0000,1.0000,1.0000E+00,1.0000E+00,
421,845.56,11826.44,912.42,864.0000,65535.0000,14221.5000,13357.5000,0.0000,0.0000,0.0000,1.0000,1.0000E+00,1.0000E+00,
422,845.71,11824.36,914.49,856.5000,65535.0000,14242.0000,13385.5000,0.0000,0.0000,0.0000,1.0000,1.0000E+00,1.0000E+00,
423,845.86,11822.29,916.56,868.0000,65535.0000,14213.0000,13345.0000,0.0000,0.0000,0.0000,1.0000,1.0000E+00,1.0000E+00,
424,846.01,11820.22,918.63,851.5000,65535.0000,14172.0000,13320.5000,0.0000,0.0000,0.0000,1.0000,1.0000E+00,1.0000E+00,
425,846.16,11818.15,920.70,884.0000,65535.0000,14197.5000,13313.5000,0.0000,0.0000,0.0000,1.0000,1.0000E+00,1.0000E+00,
426,846.30,11816.08,922.77,905.5000,65535.0000,14175.0000,13269.5000,0.0000,0.0000,0.0000,1.0000,1.0000E+00,1.0000E+00,
427,846.45,11814.01,924.84,871.0000,65535.0000,14122.0000,13251.0000,0.0000,0.0000,0.0000,1.0000,1.0000E+00,1.0000E+00,
428,846.60,11811.94,926.91,853.0000,65535.0000,14076.0000,13223.0000,0.0000,0.0000,0.0000,1.0000,1.0000E+00,1.0000E+00,
429,846.75,11809.88,928.98,849.5000,65535.0000,14185.5000,13336.0000,0.0000,0.0000,0.0000,1.0000,1.0000E+00,1.0000E+00,
430,846.90,11807.81,931.04,910.5000,65535.0000,14257.0000,13346.5000,0.0000,0.0000,0.0000,1.0000,1.0000E+00,1.0000E+00,
431,847.05,11805.75,933.11,868.5000,65535.0000,14171.5000,13303.0000,0.0000,0.0000,0.0000,1.0000,1.0000E+00,1.0000E+00,
432,847.19,11803.68,935.17,858.5000,65535.0000,14241.0000,13382.5000,0.0000,0.0000,0.0000,1.0000,1.0000E+00,1.0000E+00,
433,847.34,11801.62,937.23,889.0000,65535.0000,14184.0000,13295.0000,0.0000,0.0000,0.0000,1.0000,1.0000E+00,1.0000E+00,
434,847.49,11799.56,939.30,901.5000,65535.0000,14100.0000,13198.5000,0.0000,0.0000,0.0000,1.0000,1.0000E+00,1.0000E+00,
435,847.64,11797.49,941.36,877.0000,65535.0000,14193.0000,13316.0000,0.0000,0.0000,0.0000,1.0000,1.0000E+00,1.0000E+00,
436,847.79,11795.43,943.42,854.0000,65535.0000,14159.5000,13305.5000,0.0000,0.0000,0.0000,1.0000,1.0000E+00,1.0000E+00,
437,847.93,11793.37,945.48,895.0000,65535.0000,14188.5000,13293.5000,0.0000,0.0000,0.0000,1.0000,1.0000E+00,1.0000E+00,
438,848.08,11791.32,947.54,866.5000,65535.0000,14162.5000,13296.0000,0.0000,0.0000,0.0000,1.0000,1.0000E+00,1.0000E+00,
439,848.23,11789.26,949.60,855.0000,65535.0000,14276.0000,13421.0000,0.0000,0.0000,0.0000,1.0000,1.0000E+00,1.0000E+00,
440,848.38,11787.20,951.65,851.5000,65535.0000,14235.5000,13384.0000,0.0000,0.0000,0.0000,1.0000,1.0000E+00,1.0000E+00,
441,848.53,11785.14,953.71,846.5000,65535.0000,14268.5000,13422.0000,0.0000,0.0000,0.0000,1.0000,1.0000E+00,1.0000E+00,
442,848.67,11783.09,955.77,837.0000,65535.0000,14236.0000,13399.0000,0.0000,0.0000,0.0000,1.0000,1.0000E+00,1.0000E+00,
443,848.82,11781.03,957.82,851.5000,65535.0000,14230.0000,13378.5000,0.0000,0.0000,0.0000,1.0000,1.0000E+00,1.0000E+00,
444,848.97,11778.98,959.87,861.0000,65535.0000,14128.0000,13267.0000,0.0000,0.0000,0.0000,1.0000,1.0000E+00,1.0000E+00,
445,849.12,11776.93,961.93,854.0000,65535.0000,14209.5000,13355.5000,0.0000,0.0000,0.0000,1.0000,1.0000E+00,1.0000E+00,
446,849.27,11774.87,963.98,850.5000,65535.0000,14207.0000,13356.5000,0.0000,0.0000,0.0000,1.0000,1.0000E+00,1.0000E+00,
447,849.41,11772.82,966.03,886.0000,65535.0000,14284.5000,13398.5000,0.0000,0.0000,0.0000,1.0000,1.0000E+00,1.0000E+00,
448,849.56,11770.77,968.08,871.0000,65535.0000,14174.5000,13303.5000,0.0000,0.0000,0.0000,1.0000,1.0000E+00,1.0000E+00,
449,849.71,11768.72,970.13,885.5000,65535.0000,14206.0000,13320.5000,0.0000,0.0000,0.0000,1.0000,1.0000E+00,1.0000E+00,
450,849.86,11766.67,972.18,843.0000,65535.0000,14195.5000,13352.5000,0.0000,0.0000,0.0000,1.0000,1.0000E+00,1.0000E+00,
451,850.01,11764.63,974.23,860.5000,65535.0000,14196.5000,13336.0000,0.0000,0.0000,0.0000,1.0000,1.0000E+00,1.0000E+00,
452,850.15,11762.58,976.27,882.0000,65535.0000,14127.0000,13245.0000,0.0000,0.0000,0.0000,1.0000,1.0000E+00,1.0000E+00,
453,850.30,11760.53,978.32,871.5000,65535.0000,14168.0000,13296.5000,0.0000,0.0000,0.0000,1.0000,1.0000E+00,1.0000E+00,
454,850.45,11758.49,980.37,822.0000,65535.0000,14182.0000,13360.0000,0.0000,0.0000,0.0000,1.0000,1.0000E+00,1.0000E+00,
455,850.60,11756.44,982.41,876.0000,65535.0000,14192.0000,13316.0000,0.0000,0.0000,0.0000,1.0000,1.0000E+00,1.0000E+00,
456,850.75,11754.40,984.45,860.5000,65535.0000,14105.5000,13245.0000,0.0000,0.0000,0.0000,1.0000,1.0000E+00,1.0000E+00,
457,850.89,11752.36,986.50,851.5000,65535.0000,14117.0000,13265.5000,0.0000,0.0000,0.0000,1.0000,1.0000E+00,1.0000E+00,
458,851.04,11750.32,988.54,894.5000,65535.0000,14065.5000,13171.0000,0.0000,0.0000,0.0000,1.0000,1.0000E+00,1.0000E+00,
459,851.19,11748.28,990.58,876.0000,65535.0000,14193.5000,13317.5000,0.0000,0.0000,0.0000,1.0000,1.0000E+00,1.0000E+00,
460,851.34,11746.24,992.62,861.5000,65535.0000,14158.0000,13296.5000,0.0000,0.0000,0.0000,1.0000,1.0000E+00,1.0000E+00,
461,851.48,11744.20,994.66,897.0000,65535.0000,14027.5000,13130.5000,0.0000,0.0000,0.0000,1.0000,1.0000E+00,1.0000E+00,
462,851.63,11742.16,996.70,853.5000,65535.0000,14077.0000,13223.5000,0.0000,0.0000,0.0000,1.0000,1.0000E+00,1.0000E+00,
463,851.78,11740.12,998.73,984.0000,65535.0000,14193.5000,13209.5000,0.0000,0.0000,0.0000,1.0000,1.0000E+00,1.0000E+00,
464,851.93,11738.08,1000.77,873.0000,65535.0000,14163.5000,13290.5000,0.0000,0.0000,0.0000,1.0000,1.0000E+00,1.0000E+00,
465,852.08,11736.05,1002.81,850.5000,65535.0000,14018.5000,13168.0000,0.0000,0.0000,0.0000,1.0000,1.0000E+00,1.0000E+00,
466,852.22,11734.01,1004.84,852.0000,65535.0000,13956.0000,13104.0000,0.0000,0.0000,0.0000,1.0000,1.0000E+00,1.0000E+00,
467,852.37,11731.98,1006.87,838.0000,65535.0000,13875.0000,13037.0000,0.0000,0.0000,0.0000,1.0000,1.0000E+00,1.0000E+00,
468,852.52,11729.95,1008.91,874.5000,65535.0000,13941.5000,13067.0000,0.0000,0.0000,0.0000,1.0000,1.0000E+00,1.0000E+00,
469,852.67,11727.91,1010.94,891.5000,65535.0000,13969.5000,13078.0000,0.0000,0.0000,0.0000,1.0000,1.0000E+00,1.0000E+00,
470,852.81,11725.88,1012.97,870.5000,65535.0000,13973.0000,13102.5000,0.0000,0.0000,0.0000,1.0000,1.0000E+00,1.0000E+00,
471,852.96,11723.85,1015.00,863.0000,65535.0000,13896.0000,13033.0000,0.0000,0.0000,0.0000,1.0000,1.0000E+00,1.0000E+00,
472,853.11,11721.82,1017.03,877.5000,65535.0000,13930.5000,13053.0000,0.0000,0.0000,0.0000,1.0000,1.0000E+00,1.0000E+00,
473,853.26,11719.79,1019.06,897.5000,65535.0000,13902.0000,13004.5000,0.0000,0.0000,0.0000,1.0000,1.0000E+00,1.0000E+00,
474,853.41,11717.76,1021.09,874.5000,65535.0000,13881.0000,13006.5000,0.0000,0.0000,0.0000,1.0000,1.0000E+00,1.0000E+00,
475,853.55,11715.74,1023.12,857.5000,65535.0000,13809.0000,12951.5000,0.0000,0.0000,0.0000,1.0000,1.0000E+00,1.0000E+00,
476,853.70,11713.71,1025.14,852.5000,65535.0000,13913.5000,13061.0000,0.0000,0.0000,0.0000,1.0000,1.0000E+00,1.0000E+00,
477,853.85,11711.68,1027.17,856.0000,65535.0000,13908.0000,13052.0000,0.0000,0.0000,0.0000,1.0000,1.0000E+00,1.0000E+00,
478,854.00,11709.66,1029.19,876.0000,65535.0000,13881.0000,13005.0000,0.0000,0.0000,0.0000,1.0000,1.0000E+00,1.0000E+00,
479,854.14,11707.64,1031.22,880.0000,65535.0000,13866.0000,12986.0000,0.0000,0.0000,0.0000,1.0000,1.0000E+00,1.0000E+00,
480,854.29,11705.61,1033.24,861.5000,65535.0000,13929.0000,13067.5000,0.0000,0.0000,0.0000,1.0000,1.0000E+00,1.0000E+00,
481,854.44,11703.59,1035.26,870.0000,65535.0000,13805.0000,12935.0000,0.0000,0.0000,0.0000,1.0000,1.0000E+00,1.0000E+00,
482,854.59,11701.57,1037.28,862.0000,65535.0000,13873.5000,13011.5000,0.0000,0.0000,0.0000,1.0000,1.0000E+00,1.0000E+00,
483,854.73,11699.55,1039.30,879.0000,65535.0000,13925.0000,13046.0000,0.0000,0.0000,0.0000,1.0000,1.0000E+00,1.0000E+00,
484,854.88,11697.53,1041.32,852.5000,65535.0000,13866.0000,13013.5000,0.0000,0.0000,0.0000,1.0000,1.0000E+00,1.0000E+00,
485,855.03,11695.51,1043.34,880.5000,65535.0000,14018.0000,13137.5000,0.0000,0.0000,0.0000,1.0000,1.0000E+00,1.0000E+00,
486,855.18,11693.49,1045.36,889.5000,65535.0000,13896.0000,13006.5000,0.0000,0.0000,0.0000,1.0000,1.0000E+00,1.0000E+00,
487,855.32,11691.48,1047.38,873.0000,65535.0000,13949.5000,13076.5000,0.0000,0.0000,0.0000,1.0000,1.0000E+00,1.0000E+00,
488,855.47,11689.46,1049.39,921.0000,65535.0000,13948.5000,13027.5000,0.0000,0.0000,0.0000,1.0000,1.0000E+00,1.0000E+00,
489,855.62,11687.44,1051.41,868.5000,65535.0000,13972.5000,13104.0000,0.0000,0.0000,0.0000,1.0000,1.0000E+00,1.0000E+00,
490,855.77,11685.43,1053.42,842.5000,65535.0000,13827.5000,12985.0000,0.0000,0.0000,0.0000,1.0000,1.0000E+00,1.0000E+00,
491,855.91,11683.42,1055.44,819.5000,65535.0000,13871.0000,13051.5000,0.0000,0.0000,0.0000,1.0000,1.0000E+00,1.0000E+00,
492,856.06,11681.40,1057.45,863.0000,65535.0000,13862.0000,12999.0000,0.0000,0.0000,0.0000,1.0000,1.0000E+00,1.0000E+00,
493,856.21,11679.39,1059.46,878.0000,65535.0000,13844.0000,12966.0000,0.0000,0.0000,0.0000,1.0000,1.0000E+00,1.0000E+00,
494,856.36,11677.38,1061.47,872.0000,65535.0000,13883.5000,13011.5000,0.0000,0.0000,0.0000,1.0000,1.0000E+00,1.0000E+00,
495,856.50,11675.37,1063.48,879.0000,65535.0000,13916.0000,13037.0000,0.0000,0.0000,0.0000,1.0000,1.0000E+00,1.0000E+00,
496,856.65,11673.36,1065.49,906.5000,65535.0000,13961.5000,13055.0000,0.0000,0.0000,0.0000,1.0000,1.0000E+00,1.0000E+00,
497,856.80,11671.35,1067.50,865.5000,65535.0000,14041.0000,13175.5000,0.0000,0.0000,0.0000,1.0000,1.0000E+00,1.0000E+00,
498,856.95,11669.34,1069.51,847.0000,65535.0000,14028.5000,13181.5000,0.0000,0.0000,0.0000,1.0000,1.0000E+00,1.0000E+00,
499,857.09,11667.34,1071.52,897.5000,65535.0000,14002.5000,13105.0000,0.0000,0.0000,0.0000,1.0000,1.0000E+00,1.0000E+00,
500,857.24,11665.33,1073.52,866.5000,65535.0000,13950.5000,13084.0000,0.0000,0.0000,0.0000,1.0000,1.0000E+00,1.0000E+00,
501,857.39,11663.32,1075.53,862.0000,65535.0000,14000.0000,13138.0000,0.0000,0.0000,0.0000,1.0000,1.0000E+00,1.0000E+00,
502,857.54,11661.32,1077.53,895.5000,65535.0000,14058.5000,13163.0000,0.0000,0.0000,0.0000,1.0000,1.0000E+00,1.0000E+00,
503,857.68,11659.32,1079.54,879.0000,65535.0000,14014.0000,13135.0000,0.0000,0.0000,0.0000,1.0000,1.0000E+00,1.0000E+00,
504,857.83,11657.31,1081.54,1007.5000,65535.0000,14162.0000,13154.5000,0.0000,0.0000,0.0000,1.0000,1.0000E+00,1.0000E+00,
505,857.98,11655.31,1083.54,877.5000,65535.0000,14011.5000,13134.0000,0.0000,0.0000,0.0000,1.0000,1.0000E+00,1.0000E+00,
506,858.13,11653.31,1085.54,893.5000,65535.0000,13905.0000,13011.5000,0.0000,0.0000,0.0000,1.0000,1.0000E+00,1.0000E+00,
507,858.27,11651.31,1087.54,865.5000,65535.0000,14021.5000,13156.0000,0.0000,0.0000,0.0000,1.0000,1.0000E+00,1.0000E+00,
508,858.42,11649.31,1089.54,870.0000,65535.0000,13850.0000,12980.0000,0.0000,0.0000,0.0000,1.0000,1.0000E+00,1.0000E+00,
509,858.57,11647.31,1091.54,891.5000,65535.0000,14001.5000,13110.0000,0.0000,0.0000,0.0000,1.0000,1.0000E+00,1.0000E+00,
510,858.71,11645.31,1093.54,874.0000,65535.0000,13897.0000,13023.0000,0.0000,0.0000,0.0000,1.0000,1.0000E+00,1.0000E+00,
511,858.86,11643.32,1095.54,836.0000,65535.0000,13869.5000,13033.5000,0.0000,0.0000,0.0000,1.0000,1.0000E+00,1.0000E+00,
512,859.01,11641.32,1097.53,871.0000,65535.0000,13835.0000,12964.0000,0.0000,0.0000,0.0000,1.0000,1.0000E+00,1.0000E+00,
513,859.16,11639.33,1099.53,875.5000,65535.0000,13854.0000,12978.5000,0.0000,0.0000,0.0000,1.0000,1.0000E+00,1.0000E+00,
514,859.30,11637.33,1101.52,855.5000,65535.0000,13809.0000,12953.5000,0.0000,0.0000,0.0000,1.0000,1.0000E+00,1.0000E+00,
515,859.45,11635.34,1103.52,843.0000,65535.0000,13804.0000,12961.0000,0.0000,0.0000,0.0000,1.0000,1.0000E+00,1.0000E+00,
516,859.60,11633.35,1105.51,885.5000,65535.0000,13729.0000,12843.5000,0.0000,0.0000,0.0000,1.0000,1.0000E+00,1.0000E+00,
517,859.75,11631.35,1107.50,873.0000,65535.0000,13924.5000,13051.5000,0.0000,0.0000,0.0000,1.0000,1.0000E+00,1.0000E+00,
518,859.89,11629.36,1109.49,904.0000,65535.0000,13766.0000,12862.0000,0.0000,0.0000,0.0000,1.0000,1.0000E+00,1.0000E+00,
519,860.04,11627.37,1111.48,919.0000,65535.0000,13654.0000,12735.0000,0.0000,0.0000,0.0000,1.0000,1.0000E+00,1.0000E+00,
520,860.19,11625.38,1113.47,878.0000,65535.0000,13699.0000,12821.0000,0.0000,0.0000,0.0000,1.0000,1.0000E+00,1.0000E+00,
521,860.33,11623.39,1115.46,916.5000,65535.0000,13741.5000,12825.0000,0.0000,0.0000,0.0000,1.0000,1.0000E+00,1.0000E+00,
522,860.48,11621.41,1117.45,839.0000,65535.0000,13620.0000,12781.0000,0.0000,0.0000,0.0000,1.0000,1.0000E+00,1.0000E+00,
523,860.63,11619.42,1119.44,903.5000,65535.0000,13476.0000,12572.5000,0.0000,0.0000,0.0000,1.0000,1.0000E+00,1.0000E+00,
524,860.78,11617.43,1121.42,884.0000,65535.0000,13518.0000,12634.0000,0.0000,0.0000,0.0000,1.0000,1.0000E+00,1.0000E+00,
525,860.92,11615.45,1123.41,862.0000,65535.0000,13484.5000,12622.5000,0.0000,0.0000,0.0000,1.0000,1.0000E+00,1.0000E+00,
526,861.07,11613.46,1125.39,871.0000,65535.0000,13557.5000,12686.5000,0.0000,0.0000,0.0000,1.0000,1.0000E+00,1.0000E+00,
527,861.22,11611.48,1127.37,891.5000,65535.0000,13537.0000,12645.5000,0.0000,0.0000,0.0000,1.0000,1.0000E+00,1.0000E+00,
528,861.36,11609.50,1129.36,878.0000,65535.0000,13458.5000,12580.5000,0.0000,0.0000,0.0000,1.0000,1.0000E+00,1.0000E+00,
529,861.51,11607.51,1131.34,869.0000,65535.0000,13454.0000,12585.0000,0.0000,0.0000,0.0000,1.0000,1.0000E+00,1.0000E+00,
530,861.66,11605.53,1133.32,873.0000,65535.0000,13470.5000,12597.5000,0.0000,0.0000,0.0000,1.0000,1.0000E+00,1.0000E+00,
531,861.81,11603.55,1135.30,883.0000,65535.0000,13587.5000,12704.5000,0.0000,0.0000,0.0000,1.0000,1.0000E+00,1.0000E+00,
532,861.95,11601.57,1137.28,864.0000,65535.0000,13432.5000,12568.5000,0.0000,0.0000,0.0000,1.0000,1.0000E+00,1.0000E+00,
533,862.10,11599.59,1139.26,844.5000,65535.0000,13561.0000,12716.5000,0.0000,0.0000,0.0000,1.0000,1.0000E+00,1.0000E+00,
534,862.25,11597.62,1141.24,859.0000,65535.0000,13545.5000,12686.5000,0.0000,0.0000,0.0000,1.0000,1.0000E+00,1.0000E+00,
535,862.39,11595.64,1143.21,893.0000,65535.0000,13491.0000,12598.0000,0.0000,0.0000,0.0000,1.0000,1.0000E+00,1.0000E+00,
536,862.54,11593.66,1145.19,876.0000,65535.0000,13475.0000,12599.0000,0.0000,0.0000,0.0000,1.0000,1.0000E+00,1.0000E+00,
537,862.69,11591.69,1147.17,920.0000,65535.0000,13564.5000,12644.5000,0.0000,0.0000,0.0000,1.0000,1.0000E+00,1.0000E+00,
538,862.83,11589.71,1149.14,885.0000,65535.0000,13442.5000,12557.5000,0.0000,0.0000,0.0000,1.0000,1.0000E+00,1.0000E+00,
539,862.98,11587.74,1151.12,860.0000,65535.0000,13435.5000,12575.5000,0.0000,0.0000,0.0000,1.0000,1.0000E+00,1.0000E+00,
540,863.13,11585.77,1153.09,869.0000,65535.0000,13414.0000,12545.0000,0.0000,0.0000,0.0000,1.0000,1.0000E+00,1.0000E+00,
541,863.28,11583.79,1155.06,894.5000,65535.0000,13481.5000,12587.0000,0.0000,0.0000,0.0000,1.0000,1.0000E+00,1.0000E+00,
542,863.42,11581.82,1157.03,861.0000,65535.0000,13462.5000,12601.5000,0.0000,0.0000,0.0000,1.0000,1.0000E+00,1.0000E+00,
543,863.57,11579.85,1159.00,858.5000,65535.0000,13512.0000,12653.5000,0.0000,0.0000,0.0000,1.0000,1.0000E+00,1.0000E+00,
544,863.72,11577.88,1160.97,866.0000,65535.0000,13499.5000,12633.5000,0.0000,0.0000,0.0000,1.0000,1.0000E+00,1.0000E+00,
545,863.86,11575.91,1162.94,845.5000,65535.0000,13489.5000,12644.0000,0.0000,0.0000,0.0000,1.0000,1.0000E+00,1.0000E+00,
546,864.01,11573.94,1164.91,889.0000,65535.0000,13573.5000,12684.5000,0.0000,0.0000,0.0000,1.0000,1.0000E+00,1.0000E+00,
547,864.16,11571.98,1166.88,848.0000,65535.0000,13577.5000,12729.5000,0.0000,0.0000,0.0000,1.0000,1.0000E+00,1.0000E+00,
548,864.30,11570.01,1168.84,848.5000,65535.0000,13362.0000,12513.5000,0.0000,0.0000,0.0000,1.0000,1.0000E+00,1.0000E+00,
549,864.45,11568.05,1170.81,865.5000,65535.0000,13495.5000,12630.0000,0.0000,0.0000,0.0000,1.0000,1.0000E+00,1.0000E+00,
550,864.60,11566.08,1172.77,885.0000,65535.0000,13500.5000,12615.5000,0.0000,0.0000,0.0000,1.0000,1.0000E+00,1.0000E+00,
551,864.74,11564.12,1174.74,838.0000,65535.0000,13377.5000,12539.5000,0.0000,0.0000,0.0000,1.0000,1.0000E+00,1.0000E+00,
552,864.89,11562.15,1176.70,837.0000,65535.0000,13230.0000,12393.0000,0.0000,0.0000,0.0000,1.0000,1.0000E+00,1.0000E+00,
553,865.04,11560.19,1178.66,861.5000,65535.0000,13314.0000,12452.5000,0.0000,0.0000,0.0000,1.0000,1.0000E+00,1.0000E+00,
554,865.18,11558.23,1180.62,876.0000,65535.0000,13295.5000,12419.5000,0.0000,0.0000,0.0000,1.0000,1.0000E+00,1.0000E+00,
555,865.33,11556.27,1182.58,891.0000,65535.0000,13321.5000,12430.5000,0.0000,0.0000,0.0000,1.0000,1.0000E+00,1.0000E+00,
556,865.48,11554.31,1184.54,864.0000,65535.0000,13329.5000,12465.5000,0.0000,0.0000,0.0000,1.0000,1.0000E+00,1.0000E+00,
557,865.62,11552.35,1186.50,868.0000,65535.0000,13268.5000,12400.5000,0.0000,0.0000,0.0000,1.0000,1.0000E+00,1.0000E+00,
558,865.77,11550.39,1188.46,875.5000,65535.0000,13228.5000,12353.0000,0.0000,0.0000,0.0000,1.0000,1.0000E+00,1.0000E+00,
559,865.92,11548.43,1190.42,836.0000,65535.0000,13223.0000,12387.0000,0.0000,0.0000,0.0000,1.0000,1.0000E+00,1.0000E+00,
560,866.07,11546.48,1192.38,952.0000,65535.0000,13315.5000,12363.5000,0.0000,0.0000,0.0000,1.0000,1.0000E+00,1.0000E+00,
561,866.21,11544.52,1194.33,839.5000,65535.0000,13269.5000,12430.0000,0.0000,0.0000,0.0000,1.0000,1.0000E+00,1.0000E+00,
562,866.36,11542.57,1196.29,856.0000,65535.0000,13154.5000,12298.5000,0.0000,0.0000,0.0000,1.0000,1.0000E+00,1.0000E+00,
563,866.51,11540.61,1198.24,858.5000,65535.0000,13154.0000,12295.5000,0.0000,0.0000,0.0000,1.0000,1.0000E+00,1.0000E+00,
564,866.65,11538.66,1200.20,872.5000,65535.0000,13138.5000,12266.0000,0.0000,0.0000,0.0000,1.0000,1.0000E+00,1.0000E+00,
565,866.80,11536.71,1202.15,845.0000,65535.0000,13157.0000,12312.0000,0.0000,0.0000,0.0000,1.0000,1.0000E+00,1.0000E+00,
566,866.95,11534.75,1204.10,859.0000,65535.0000,13102.0000,12243.0000,0.0000,0.0000,0.0000,1.0000,1.0000E+00,1.0000E+00,
567,867.09,11532.80,1206.05,859.0000,65535.0000,13101.5000,12242.5000,0.0000,0.0000,0.0000,1.0000,1.0000E+00,1.0000E+00,
568,867.24,11530.85,1208.00,857.0000,65535.0000,13113.5000,12256.5000,0.0000,0.0000,0.0000,1.0000,1.0000E+00,1.0000E+00,
569,867.39,11528.90,1209.95,838.5000,65535.0000,13172.0000,12333.5000,0.0000,0.0000,0.0000,1.0000,1.0000E+00,1.0000E+00,
570,867.53,11526.95,1211.90,902.5000,65535.0000,13153.5000,12251.0000,0.0000,0.0000,0.0000,1.0000,1.0000E+00,1.0000E+00,
571,867.68,11525.01,1213.85,843.5000,65535.0000,13125.0000,12281.5000,0.0000,0.0000,0.0000,1.0000,1.0000E+00,1.0000E+00,
572,867.83,11523.06,1215.79,826.0000,65535.0000,13100.0000,12274.0000,0.0000,0.0000,0.0000,1.0000,1.0000E+00,1.0000E+00,
573,867.97,11521.11,1217.74,862.0000,65535.0000,13164.0000,12302.0000,0.0000,0.0000,0.0000,1.0000,1.0000E+00,1.0000E+00,
574,868.12,11519.17,1219.69,867.0000,65535.0000,13188.0000,12321.0000,0.0000,0.0000,0.0000,1.0000,1.0000E+00,1.0000E+00,
575,868.26,11517.22,1221.63,867.5000,65535.0000,13126.5000,12259.0000,0.0000,0.0000,0.0000,1.0000,1.0000E+00,1.0000E+00,
576,868.41,11515.28,1223.57,900.0000,65535.0000,13222.0000,12322.0000,0.0000,0.0000,0.0000,1.0000,1.0000E+00,1.0000E+00,
577,868.56,11513.34,1225.52,843.5000,65535.0000,13194.5000,12351.0000,0.0000,0.0000,0.0000,1.0000,1.0000E+00,1.0000E+00,
578,868.70,11511.39,1227.46,830.5000,65535.0000,13247.5000,12417.0000,0.0000,0.0000,0.0000,1.0000,1.0000E+00,1.0000E+00,
579,868.85,11509.45,1229.40,856.0000,65535.0000,13193.5000,12337.5000,0.0000,0.0000,0.0000,1.0000,1.0000E+00,1.0000E+00,
580,869.00,11507.51,1231.34,875.0000,65535.0000,13218.5000,12343.5000,0.0000,0.0000,0.0000,1.0000,1.0000E+00,1.0000E+00,
581,869.14,11505.57,1233.28,872.5000,65535.0000,13151.5000,12279.0000,0.0000,0.0000,0.0000,1.0000,1.0000E+00,1.0000E+00,
582,869.29,11503.63,1235.22,842.5000,65535.0000,13105.0000,12262.5000,0.0000,0.0000,0.0000,1.0000,1.0000E+00,1.0000E+00,
583,869.44,11501.70,1237.16,1030.5000,65535.0000,13257.0000,12226.5000,0.0000,0.0000,0.0000,1.0000,1.0000E+00,1.0000E+00,
584,869.58,11499.76,1239.09,874.0000,65535.0000,13079.0000,12205.0000,0.0000,0.0000,0.0000,1.0000,1.0000E+00,1.0000E+00,
585,869.73,11497.82,1241.03,873.5000,65535.0000,13165.5000,12292.0000,0.0000,0.0000,0.0000,1.0000,1.0000E+00,1.0000E+00,
586,869.88,11495.89,1242.97,901.5000,65535.0000,13153.0000,12251.5000,0.0000,0.0000,0.0000,1.0000,1.0000E+00,1.0000E+00,
587,870.02,11493.95,1244.90,837.5000,65535.0000,13168.0000,12330.5000,0.0000,0.0000,0.0000,1.0000,1.0000E+00,1.0000E+00,
588,870.17,11492.02,1246.84,858.5000,65535.0000,13120.5000,12262.0000,0.0000,0.0000,0.0000,1.0000,1.0000E+00,1.0000E+00,
589,870.32,11490.08,1248.77,863.5000,65535.0000,13141.0000,12277.5000,0.0000,0.0000,0.0000,1.0000,1.0000E+00,1.0000E+00,
590,870.46,11488.15,1250.70,865.0000,65535.0000,13193.5000,12328.5000,0.0000,0.0000,0.0000,1.0000,1.0000E+00,1.0000E+00,
591,870.61,11486.22,1252.63,853.0000,65535.0000,13123.5000,12270.5000,0.0000,0.0000,0.0000,1.0000,1.0000E+00,1.0000E+00,
592,870.75,11484.29,1254.56,853.5000,65535.0000,13079.0000,12225.5000,0.0000,0.0000,0.0000,1.0000,1.0000E+00,1.0000E+00,
593,870.90,11482.36,1256.49,910.5000,65535.0000,13140.0000,12229.5000,0.0000,0.0000,0.0000,1.0000,1.0000E+00,1.0000E+00,
594,871.05,11480.43,1258.42,811.5000,65535.0000,13084.0000,12272.5000,0.0000,0.0000,0.0000,1.0000,1.0000E+00,1.0000E+00,
595,871.19,11478.50,1260.35,858.0000,65535.0000,13116.5000,12258.5000,0.0000,0.0000,0.0000,1.0000,1.0000E+00,1.0000E+00,
596,871.34,11476.57,1262.28,846.0000,65535.0000,13101.5000,12255.5000,0.0000,0.0000,0.0000,1.0000,1.0000E+00,1.0000E+00,
597,871.49,11474.65,1264.21,843.5000,65535.0000,12992.0000,12148.5000,0.0000,0.0000,0.0000,1.0000,1.0000E+00,1.0000E+00,
598,871.63,11472.72,1266.13,868.0000,65535.0000,13001.5000,12133.5000,0.0000,0.0000,0.0000,1.0000,1.0000E+00,1.0000E+00,
599,871.78,11470.79,1268.06,919.5000,65535.0000,13104.5000,12185.0000,0.0000,0.0000,0.0000,1.0000,1.0000E+00,1.0000E+00,
600,871.93,11468.87,1269.98,838.0000,65535.0000,12941.0000,12103.0000,0.0000,0.0000,0.0000,1.0000,1.0000E+00,1.0000E+00,
601,872.07,11466.95,1271.91,869.5000,65535.0000,12964.0000,12094.5000,0.0000,0.0000,0.0000,1.0000,1.0000E+00,1.0000E+00,
602,872.22,11465.02,1273.83,844.5000,65535.0000,12985.0000,12140.5000,0.0000,0.0000,0.0000,1.0000,1.0000E+00,1.0000E+00,
603,872.36,11463.10,1275.75,889.0000,65535.0000,13000.0000,12111.0000,0.0000,0.0000,0.0000,1.0000,1.0000E+00,1.0000E+00,
604,872.51,11461.18,1277.67,851.5000,65535.0000,12980.0000,12128.5000,0.0000,0.0000,0.0000,1.0000,1.0000E+00,1.0000E+00,
605,872.66,11459.26,1279.59,862.5000,65535.0000,12826.0000,11963.5000,0.0000,0.0000,0.0000,1.0000,1.0000E+00,1.0000E+00,
606,872.80,11457.34,1281.51,863.0000,65535.0000,12934.0000,12071.0000,0.0000,0.0000,0.0000,1.0000,1.0000E+00,1.0000E+00,
607,872.95,11455.42,1283.43,915.5000,65535.0000,12994.0000,12078.5000,0.0000,0.0000,0.0000,1.0000,1.0000E+00,1.0000E+00,
608,873.10,11453.50,1285.35,850.5000,65535.0000,12987.5000,12137.0000,0.0000,0.0000,0.0000,1.0000,1.0000E+00,1.0000E+00,
609,873.24,11451.58,1287.27,865.5000,65535.0000,12902.0000,12036.5000,0.0000,0.0000,0.0000,1.0000,1.0000E+00,1.0000E+00,
610,873.39,11449.67,1289.19,910.5000,65535.0000,12996.0000,12085.5000,0.0000,0.0000,0.0000,1.0000,1.0000E+00,1.0000E+00,
611,873.53,11447.75,1291.10,940.5000,65535.0000,13089.5000,12149.0000,0.0000,0.0000,0.0000,1.0000,1.0000E+00,1.0000E+00,
612,873.68,11445.84,1293.02,832.0000,65535.0000,13000.5000,12168.5000,0.0000,0.0000,0.0000,1.0000,1.0000E+00,1.0000E+00,
613,873.83,11443.92,1294.93,858.0000,65535.0000,12968.0000,12110.0000,0.0000,0.0000,0.0000,1.0000,1.0000E+00,1.0000E+00,
614,873.97,11442.01,1296.84,839.5000,65535.0000,12974.5000,12135.0000,0.0000,0.0000,0.0000,1.0000,1.0000E+00,1.0000E+00,
615,874.12,11440.10,1298.76,856.0000,65535.0000,12889.0000,12033.0000,0.0000,0.0000,0.0000,1.0000,1.0000E+00,1.0000E+00,
616,874.26,11438.18,1300.67,844.5000,65535.0000,12855.5000,12011.0000,0.0000,0.0000,0.0000,1.0000,1.0000E+00,1.0000E+00,
617,874.41,11436.27,1302.58,845.5000,65535.0000,12816.0000,11970.5000,0.0000,0.0000,0.0000,1.0000,1.0000E+00,1.0000E+00,
618,874.56,11434.36,1304.49,854.5000,65535.0000,12860.5000,12006.0000,0.0000,0.0000,0.0000,1.0000,1.0000E+00,1.0000E+00,
619,874.70,11432.45,1306.40,840.0000,65535.0000,12899.5000,12059.5000,0.0000,0.0000,0.0000,1.0000,1.0000E+00,1.0000E+00,
620,874.85,11430.54,1308.31,856.0000,65535.0000,12870.5000,12014.5000,0.0000,0.0000,0.0000,1.0000,1.0000E+00,1.0000E+00,
621,875.00,11428.64,1310.22,830.5000,65535.0000,12842.0000,12011.5000,0.0000,0.0000,0.0000,1.0000,1.0000E+00,1.0000E+00,
622,875.14,11426.73,1312.12,839.0000,65535.0000,12889.0000,12050.0000,0.0000,0.0000,0.0000,1.0000,1.0000E+00,1.0000E+00,
623,875.29,11424.82,1314.03,853.5000,65535.0000,12994.0000,12140.5000,0.0000,0.0000,0.0000,1.0000,1.0000E+00,1.0000E+00,
624,875.43,11422.92,1315.94,870.0000,65535.0000,13003.0000,12133.0000,0.0000,0.0000,0.0000,1.0000,1.0000E+00,1.0000E+00,
625,875.58,11421.01,1317.84,884.5000,65535.0000,12931.0000,12046.5000,0.0000,0.0000,0.0000,1.0000,1.0000E+00,1.0000E+00,
626,875.73,11419.11,1319.75,867.5000,65535.0000,12933.0000,12065.5000,0.0000,0.0000,0.0000,1.0000,1.0000E+00,1.0000E+00,
627,875.87,11417.21,1321.65,846.5000,65535.0000,12813.5000,11967.0000,0.0000,0.0000,0.0000,1.0000,1.0000E+00,1.0000E+00,
628,876.02,11415.30,1323.55,878.0000,65535.0000,12934.0000,12056.0000,0.0000,0.0000,0.0000,1.0000,1.0000E+00,1.0000E+00,
629,876.16,11413.40,1325.45,820.5000,65535.0000,12793.0000,11972.5000,0.0000,0.0000,0.0000,1.0000,1.0000E+00,1.0000E+00,
630,876.31,11411.50,1327.35,856.0000,65535.0000,12767.5000,11911.5000,0.0000,0.0000,0.0000,1.0000,1.0000E+00,1.0000E+00,
631,876.45,11409.60,1329.25,880.5000,65535.0000,12812.5000,11932.0000,0.0000,0.0000,0.0000,1.0000,1.0000E+00,1.0000E+00,
632,876.60,11407.70,1331.15,921.5000,65535.0000,12838.0000,11916.5000,0.0000,0.0000,0.0000,1.0000,1.0000E+00,1.0000E+00,
633,876.75,11405.80,1333.05,932.0000,65535.0000,12824.0000,11892.0000,0.0000,0.0000,0.0000,1.0000,1.0000E+00,1.0000E+00,
634,876.89,11403.90,1334.95,870.0000,65535.0000,12750.0000,11880.0000,0.0000,0.0000,0.0000,1.0000,1.0000E+00,1.0000E+00,
635,877.04,11402.01,1336.85,874.5000,65535.0000,12737.5000,11863.0000,0.0000,0.0000,0.0000,1.0000,1.0000E+00,1.0000E+00,
636,877.18,11400.11,1338.74,866.5000,65535.0000,12590.5000,11724.0000,0.0000,0.0000,0.0000,1.0000,1.0000E+00,1.0000E+00,
637,877.33,11398.22,1340.64,837.5000,65535.0000,12756.5000,11919.0000,0.0000,0.0000,0.0000,1.0000,1.0000E+00,1.0000E+00,
638,877.48,11396.32,1342.53,914.5000,65535.0000,12732.0000,11817.5000,0.0000,0.0000,0.0000,1.0000,1.0000E+00,1.0000E+00,
639,877.62,11394.43,1344.43,964.5000,65535.0000,12764.5000,11800.0000,0.0000,0.0000,0.0000,1.0000,1.0000E+00,1.0000E+00,
640,877.77,11392.53,1346.32,898.0000,65535.0000,12628.5000,11730.5000,0.0000,0.0000,0.0000,1.0000,1.0000E+00,1.0000E+00,
641,877.91,11390.64,1348.21,851.0000,65535.0000,12680.5000,11829.5000,0.0000,0.0000,0.0000,1.0000,1.0000E+00,1.0000E+00,
642,878.06,11388.75,1350.10,834.5000,65535.0000,12689.0000,11854.5000,0.0000,0.0000,0.0000,1.0000,1.0000E+00,1.0000E+00,
643,878.21,11386.86,1351.99,881.5000,65535.0000,12642.5000,11761.0000,0.0000,0.0000,0.0000,1.0000,1.0000E+00,1.0000E+00,
644,878.35,11384.97,1353.88,837.5000,65535.0000,12478.5000,11641.0000,0.0000,0.0000,0.0000,1.0000,1.0000E+00,1.0000E+00,
645,878.50,11383.08,1355.77,1118.5000,65535.0000,12704.0000,11585.5000,0.0000,0.0000,0.0000,1.0000,1.0000E+00,1.0000E+00,
646,878.64,11381.19,1357.66,853.5000,65535.0000,12408.5000,11555.0000,0.0000,0.0000,0.0000,1.0000,1.0000E+00,1.0000E+00,
647,878.79,11379.30,1359.55,849.0000,65535.0000,12426.5000,11577.5000,0.0000,0.0000,0.0000,1.0000,1.0000E+00,1.0000E+00,
648,878.93,11377.42,1361.44,838.5000,65535.0000,12432.0000,11593.5000,0.0000,0.0000,0.0000,1.0000,1.0000E+00,1.0000E+00,
649,879.08,11375.53,1363.32,847.5000,65535.0000,12469.5000,11622.0000,0.0000,0.0000,0.0000,1.0000,1.0000E+00,1.0000E+00,
650,879.23,11373.65,1365.21,884.0000,65535.0000,12366.5000,11482.5000,0.0000,0.0000,0.0000,1.0000,1.0000E+00,1.0000E+00,
651,879.37,11371.76,1367.09,857.0000,65535.0000,12431.0000,11574.0000,0.0000,0.0000,0.0000,1.0000,1.0000E+00,1.0000E+00,
652,879.52,11369.88,1368.98,873.0000,65535.0000,12357.0000,11484.0000,0.0000,0.0000,0.0000,1.0000,1.0000E+00,1.0000E+00,
653,879.66,11367.99,1370.86,878.0000,65535.0000,12360.5000,11482.5000,0.0000,0.0000,0.0000,1.0000,1.0000E+00,1.0000E+00,
654,879.81,11366.11,1372.74,818.0000,65535.0000,12292.0000,11474.0000,0.0000,0.0000,0.0000,1.0000,1.0000E+00,1.0000E+00,
655,879.95,11364.23,1374.62,930.5000,65535.0000,12369.0000,11438.5000,0.0000,0.0000,0.0000,1.0000,1.0000E+00,1.0000E+00,
656,880.10,11362.35,1376.50,866.0000,65535.0000,12281.5000,11415.5000,0.0000,0.0000,0.0000,1.0000,1.0000E+00,1.0000E+00,
657,880.25,11360.47,1378.38,865.0000,65535.0000,12300.5000,11435.5000,0.0000,0.0000,0.0000,1.0000,1.0000E+00,1.0000E+00,
658,880.39,11358.59,1380.26,855.0000,65535.0000,12336.0000,11481.0000,0.0000,0.0000,0.0000,1.0000,1.0000E+00,1.0000E+00,
659,880.54,11356.71,1382.14,855.0000,65535.0000,12387.0000,11532.0000,0.0000,0.0000,0.0000,1.0000,1.0000E+00,1.0000E+00,
660,880.68,11354.83,1384.02,898.5000,65535.0000,12266.0000,11367.5000,0.0000,0.0000,0.0000,1.0000,1.0000E+00,1.0000E+00,
661,880.83,11352.96,1385.90,873.0000,65535.0000,12269.5000,11396.5000,0.0000,0.0000,0.0000,1.0000,1.0000E+00,1.0000E+00,
662,880.97,11351.08,1387.77,855.0000,65535.0000,12261.0000,11406.0000,0.0000,0.0000,0.0000,1.0000,1.0000E+00,1.0000E+00,
663,881.12,11349.21,1389.65,889.0000,65535.0000,12310.0000,11421.0000,0.0000,0.0000,0.0000,1.0000,1.0000E+00,1.0000E+00,
664,881.26,11347.33,1391.52,863.0000,65535.0000,12332.0000,11469.0000,0.0000,0.0000,0.0000,1.0000,1.0000E+00,1.0000E+00,
665,881.41,11345.46,1393.40,839.0000,65535.0000,12249.0000,11410.0000,0.0000,0.0000,0.0000,1.0000,1.0000E+00,1.0000E+00,
666,881.56,11343.58,1395.27,891.0000,65535.0000,12307.5000,11416.5000,0.0000,0.0000,0.0000,1.0000,1.0000E+00,1.0000E+00,
667,881.70,11341.71,1397.14,895.0000,65535.0000,12278.0000,11383.0000,0.0000,0.0000,0.0000,1.0000,1.0000E+00,1.0000E+00,
668,881.85,11339.84,1399.01,866.0000,65535.0000,12289.0000,11423.0000,0.0000,0.0000,0.0000,1.0000,1.0000E+00,1.0000E+00,
669,881.99,11337.97,1400.88,845.0000,65535.0000,12248.0000,11403.0000,0.0000,0.0000,0.0000,1.0000,1.0000E+00,1.0000E+00,
670,882.14,11336.10,1402.75,911.0000,65535.0000,12311.0000,11400.0000,0.0000,0.0000,0.0000,1.0000,1.0000E+00,1.0000E+00,
671,882.28,11334.23,1404.62,870.5000,65535.0000,12183.5000,11313.0000,0.0000,0.0000,0.0000,1.0000,1.0000E+00,1.0000E+00,
672,882.43,11332.36,1406.49,886.0000,65535.0000,12329.5000,11443.5000,0.0000,0.0000,0.0000,1.0000,1.0000E+00,1.0000E+00,
673,882.57,11330.49,1408.36,854.5000,65535.0000,12293.0000,11438.5000,0.0000,0.0000,0.0000,1.0000,1.0000E+00,1.0000E+00,
674,882.72,11328.63,1410.23,855.0000,65535.0000,12272.0000,11417.0000,0.0000,0.0000,0.0000,1.0000,1.0000E+00,1.0000E+00,
675,882.86,11326.76,1412.09,860.5000,65535.0000,12268.5000,11408.0000,0.0000,0.0000,0.0000,1.0000,1.0000E+00,1.0000E+00,
676,883.01,11324.90,1413.96,842.0000,65535.0000,12296.5000,11454.5000,0.0000,0.0000,0.0000,1.0000,1.0000E+00,1.0000E+00,
677,883.16,11323.03,1415.82,856.5000,65535.0000,12275.0000,11418.5000,0.0000,0.0000,0.0000,1.0000,1.0000E+00,1.0000E+00,
678,883.30,11321.17,1417.69,868.0000,65535.0000,12297.5000,11429.5000,0.0000,0.0000,0.0000,1.0000,1.0000E+00,1.0000E+00,
679,883.45,11319.30,1419.55,915.5000,65535.0000,12312.0000,11396.5000,0.0000,0.0000,0.0000,1.0000,1.0000E+00,1.0000E+00,
680,883.59,11317.44,1421.41,853.0000,65535.0000,12263.0000,11410.0000,0.0000,0.0000,0.0000,1.0000,1.0000E+00,1.0000E+00,
681,883.74,11315.58,1423.27,877.0000,65535.0000,12282.0000,11405.0000,0.0000,0.0000,0.0000,1.0000,1.0000E+00,1.0000E+00,
682,883.88,11313.72,1425.13,896.0000,65535.0000,12299.0000,11403.0000,0.0000,0.0000,0.0000,1.0000,1.0000E+00,1.0000E+00,
683,884.03,11311.86,1426.99,844.5000,65535.0000,12258.5000,11414.0000,0.0000,0.0000,0.0000,1.0000,1.0000E+00,1.0000E+00,
684,884.17,11310.00,1428.85,838.5000,65535.0000,12275.0000,11436.5000,0.0000,0.0000,0.0000,1.0000,1.0000E+00,1.0000E+00,
685,884.32,11308.14,1430.71,873.5000,65535.0000,12207.0000,11333.5000,0.0000,0.0000,0.0000,1.0000,1.0000E+00,1.0000E+00,
686,884.46,11306.28,1432.57,850.5000,65535.0000,12163.0000,11312.5000,0.0000,0.0000,0.0000,1.0000,1.0000E+00,1.0000E+00,
687,884.61,11304.43,1434.43,891.0000,65535.0000,12227.0000,11336.0000,0.0000,0.0000,0.0000,1.0000,1.0000E+00,1.0000E+00,
688,884.75,11302.57,1436.28,851.5000,65535.0000,12111.0000,11259.5000,0.0000,0.0000,0.0000,1.0000,1.0000E+00,1.0000E+00,
689,884.90,11300.71,1438.14,883.0000,65535.0000,12102.5000,11219.5000,0.0000,0.0000,0.0000,1.0000,1.0000E+00,1.0000E+00,
690,885.05,11298.86,1439.99,867.5000,65535.0000,12101.5000,11234.0000,0.0000,0.0000,0.0000,1.0000,1.0000E+00,1.0000E+00,
691,885.19,11297.01,1441.85,899.5000,65535.0000,12123.5000,11224.0000,0.0000,0.0000,0.0000,1.0000,1.0000E+00,1.0000E+00,
692,885.34,11295.15,1443.70,882.0000,65535.0000,12079.0000,11197.0000,0.0000,0.0000,0.0000,1.0000,1.0000E+00,1.0000E+00,
693,885.48,11293.30,1445.55,881.0000,65535.0000,12045.5000,11164.5000,0.0000,0.0000,0.0000,1.0000,1.0000E+00,1.0000E+00,
694,885.63,11291.45,1447.40,850.0000,65535.0000,11914.5000,11064.5000,0.0000,0.0000,0.0000,1.0000,1.0000E+00,1.0000E+00,
695,885.77,11289.60,1449.26,872.0000,65535.0000,12028.5000,11156.5000,0.0000,0.0000,0.0000,1.0000,1.0000E+00,1.0000E+00,
696,885.92,11287.75,1451.11,868.0000,65535.0000,11964.0000,11096.0000,0.0000,0.0000,0.0000,1.0000,1.0000E+00,1.0000E+00,
697,886.06,11285.90,1452.96,848.5000,65535.0000,11939.0000,11090.5000,0.0000,0.0000,0.0000,1.0000,1.0000E+00,1.0000E+00,
698,886.21,11284.05,1454.80,869.0000,65535.0000,11865.0000,10996.0000,0.0000,0.0000,0.0000,1.0000,1.0000E+00,1.0000E+00,
699,886.35,11282.20,1456.65,833.0000,65535.0000,11831.0000,10998.0000,0.0000,0.0000,0.0000,1.0000,1.0000E+00,1.0000E+00,
700,886.50,11280.35,1458.50,840.5000,65535.0000,11821.5000,10981.0000,0.0000,0.0000,0.0000,1.0000,1.0000E+00,1.0000E+00,
701,886.64,11278.51,1460.35,836.5000,65535.0000,11733.5000,10897.0000,0.0000,0.0000,0.0000,1.0000,1.0000E+00,1.0000E+00,
702,886.79,11276.66,1462.19,896.5000,65535.0000,11855.0000,10958.5000,0.0000,0.0000,0.0000,1.0000,1.0000E+00,1.0000E+00,
703,886.93,11274.82,1464.04,864.0000,65535.0000,11759.0000,10895.0000,0.0000,0.0000,0.0000,1.0000,1.0000E+00,1.0000E+00,
704,887.08,11272.97,1465.88,844.0000,65535.0000,11703.5000,10859.5000,0.0000,0.0000,0.0000,1.0000,1.0000E+00,1.0000E+00,
705,887.22,11271.13,1467.72,840.5000,65535.0000,11615.5000,10775.0000,0.0000,0.0000,0.0000,1.0000,1.0000E+00,1.0000E+00,
706,887.37,11269.29,1469.57,875.0000,65535.0000,11597.0000,10722.0000,0.0000,0.0000,0.0000,1.0000,1.0000E+00,1.0000E+00,
707,887.51,11267.45,1471.41,871.5000,65535.0000,11653.0000,10781.5000,0.0000,0.0000,0.0000,1.0000,1.0000E+00,1.0000E+00,
708,887.66,11265.60,1473.25,889.5000,65535.0000,11713.5000,10824.0000,0.0000,0.0000,0.0000,1.0000,1.0000E+00,1.0000E+00,
709,887.80,11263.76,1475.09,834.0000,65535.0000,11605.5000,10771.5000,0.0000,0.0000,0.0000,1.0000,1.0000E+00,1.0000E+00,
710,887.95,11261.92,1476.93,848.0000,65535.0000,11642.5000,10794.5000,0.0000,0.0000,0.0000,1.0000,1.0000E+00,1.0000E+00,
711,888.09,11260.08,1478.77,879.5000,65535.0000,11712.0000,10832.5000,0.0000,0.0000,0.0000,1.0000,1.0000E+00,1.0000E+00,
712,888.24,11258.25,1480.61,855.5000,65535.0000,11614.0000,10758.5000,0.0000,0.0000,0.0000,1.0000,1.0000E+00,1.0000E+00,
713,888.38,11256.41,1482.44,859.5000,65535.0000,11673.0000,10813.5000,0.0000,0.0000,0.0000,1.0000,1.0000E+00,1.0000E+00,
714,888.53,11254.57,1484.28,864.5000,65535.0000,11640.5000,10776.0000,0.0000,0.0000,0.0000,1.0000,1.0000E+00,1.0000E+00,
715,888.67,11252.74,1486.12,899.0000,65535.0000,11645.5000,10746.5000,0.0000,0.0000,0.0000,1.0000,1.0000E+00,1.0000E+00,
716,888.82,11250.90,1487.95,867.5000,65535.0000,11593.0000,10725.5000,0.0000,0.0000,0.0000,1.0000,1.0000E+00,1.0000E+00,
717,888.96,11249.07,1489.79,903.5000,65535.0000,11620.0000,10716.5000,0.0000,0.0000,0.0000,1.0000,1.0000E+00,1.0000E+00,
718,889.11,11247.23,1491.62,854.5000,65535.0000,11558.0000,10703.5000,0.0000,0.0000,0.0000,1.0000,1.0000E+00,1.0000E+00,
719,889.25,11245.40,1493.45,881.0000,65535.0000,11639.0000,10758.0000,0.0000,0.0000,0.0000,1.0000,1.0000E+00,1.0000E+00,
720,889.40,11243.57,1495.29,871.0000,65535.0000,11674.0000,10803.0000,0.0000,0.0000,0.0000,1.0000,1.0000E+00,1.0000E+00,
721,889.54,11241.74,1497.12,863.5000,65535.0000,11440.0000,10576.5000,0.0000,0.0000,0.0000,1.0000,1.0000E+00,1.0000E+00,
722,889.69,11239.91,1498.95,853.5000,65535.0000,11506.0000,10652.5000,0.0000,0.0000,0.0000,1.0000,1.0000E+00,1.0000E+00,
723,889.83,11238.08,1500.78,863.0000,65535.0000,11479.0000,10616.0000,0.0000,0.0000,0.0000,1.0000,1.0000E+00,1.0000E+00,
724,889.98,11236.25,1502.61,865.0000,65535.0000,11529.5000,10664.5000,0.0000,0.0000,0.0000,1.0000,1.0000E+00,1.0000E+00,
725,890.12,11234.42,1504.43,877.0000,65535.0000,11464.0000,10587.0000,0.0000,0.0000,0.0000,1.0000,1.0000E+00,1.0000E+00,
726,890.27,11232.59,1506.26,885.0000,65535.0000,11523.0000,10638.0000,0.0000,0.0000,0.0000,1.0000,1.0000E+00,1.0000E+00,
727,890.41,11230.76,1508.09,885.5000,65535.0000,11483.5000,10598.0000,0.0000,0.0000,0.0000,1.0000,1.0000E+00,1.0000E+00,
728,890.56,11228.94,1509.92,884.5000,65535.0000,11525.5000,10641.0000,0.0000,0.0000,0.0000,1.0000,1.0000E+00,1.0000E+00,
729,890.70,11227.11,1511.74,873.0000,65535.0000,11444.5000,10571.5000,0.0000,0.0000,0.0000,1.0000,1.0000E+00,1.0000E+00,
730,890.85,11225.29,1513.57,874.0000,65535.0000,11443.0000,10569.0000,0.0000,0.0000,0.0000,1.0000,1.0000E+00,1.0000E+00,
731,890.99,11223.46,1515.39,876.5000,65535.0000,11429.5000,10553.0000,0.0000,0.0000,0.0000,1.0000,1.0000E+00,1.0000E+00,
732,891.14,11221.64,1517.21,862.5000,65535.0000,11430.5000,10568.0000,0.0000,0.0000,0.0000,1.0000,1.0000E+00,1.0000E+00,
733,891.28,11219.82,1519.04,871.0000,65535.0000,11463.5000,10592.5000,0.0000,0.0000,0.0000,1.0000,1.0000E+00,1.0000E+00,
734,891.42,11218.00,1520.86,905.0000,65535.0000,11454.0000,10549.0000,0.0000,0.0000,0.0000,1.0000,1.0000E+00,1.0000E+00,
735,891.57,11216.17,1522.68,901.5000,65535.0000,11458.0000,10556.5000,0.0000,0.0000,0.0000,1.0000,1.0000E+00,1.0000E+00,
736,891.71,11214.35,1524.50,858.5000,65535.0000,11459.0000,10600.5000,0.0000,0.0000,0.0000,1.0000,1.0000E+00,1.0000E+00,
737,891.86,11212.53,1526.32,894.5000,65535.0000,11429.0000,10534.5000,0.0000,0.0000,0.0000,1.0000,1.0000E+00,1.0000E+00,
738,892.00,11210.72,1528.14,869.5000,65535.0000,11373.0000,10503.5000,0.0000,0.0000,0.0000,1.0000,1.0000E+00,1.0000E+00,
739,892.15,11208.90,1529.96,868.0000,65535.0000,11462.5000,10594.5000,0.0000,0.0000,0.0000,1.0000,1.0000E+00,1.0000E+00,
740,892.29,11207.08,1531.77,871.0000,65535.0000,11376.5000,10505.5000,0.0000,0.0000,0.0000,1.0000,1.0000E+00,1.0000E+00,
741,892.44,11205.26,1533.59,864.0000,65535.0000,11378.5000,10514.5000,0.0000,0.0000,0.0000,1.0000,1.0000E+00,1.0000E+00,
742,892.58,11203.45,1535.41,870.0000,65535.0000,11387.0000,10517.0000,0.0000,0.0000,0.0000,1.0000,1.0000E+00,1.0000E+00,
743,892.73,11201.63,1537.22,859.0000,65535.0000,11351.5000,10492.5000,0.0000,0.0000,0.0000,1.0000,1.0000E+00,1.0000E+00,
744,892.87,11199.82,1539.03,855.0000,65535.0000,11173.5000,10318.5000,0.0000,0.0000,0.0000,1.0000,1.0000E+00,1.0000E+00,
745,893.02,11198.01,1540.85,876.5000,65535.0000,11147.5000,10271.0000,0.0000,0.0000,0.0000,1.0000,1.0000E+00,1.0000E+00,
746,893.16,11196.19,1542.66,1061.5000,65535.0000,11190.5000,10129.0000,0.0000,0.0000,0.0000,1.0000,1.0000E+00,1.0000E+00,
747,893.31,11194.38,1544.47,860.0000,65535.0000,11203.0000,10343.0000,0.0000,0.0000,0.0000,1.0000,1.0000E+00,1.0000E+00,
748,893.45,11192.57,1546.28,834.5000,65535.0000,11096.5000,10262.0000,0.0000,0.0000,0.0000,1.0000,1.0000E+00,1.0000E+00,
749,893.59,11190.76,1548.10,889.0000,65535.0000,11055.5000,10166.5000,0.0000,0.0000,0.0000,1.0000,1.0000E+00,1.0000E+00,
750,893.74,11188.95,1549.91,919.0000,65535.0000,11086.0000,10167.0000,0.0000,0.0000,0.0000,1.0000,1.0000E+00,1.0000E+00,
751,893.88,11187.14,1551.71,884.5000,65535.0000,10993.5000,10109.0000,0.0000,0.0000,0.0000,1.0000,1.0000E+00,1.0000E+00,
752,894.03,11185.33,1553.52,883.0000,65535.0000,11081.0000,10198.0000,0.0000,0.0000,0.0000,1.0000,1.0000E+00,1.0000E+00,
753,894.17,11183.52,1555.33,885.5000,65535.0000,11041.0000,10155.5000,0.0000,0.0000,0.0000,1.0000,1.0000E+00,1.0000E+00,
754,894.32,11181.72,1557.14,816.5000,65535.0000,11038.0000,10221.5000,0.0000,0.0000,0.0000,1.0000,1.0000E+00,1.0000E+00,
755,894.46,11179.91,1558.94,884.5000,65535.0000,11064.5000,10180.0000,0.0000,0.0000,0.0000,1.0000,1.0000E+00,1.0000E+00,
756,894.61,11178.10,1560.75,891.5000,65535.0000,11074.5000,10183.0000,0.0000,0.0000,0.0000,1.0000,1.0000E+00,1.0000E+00,
757,894.75,11176.30,1562.55,880.5000,65535.0000,10991.5000,10111.0000,0.0000,0.0000,0.0000,1.0000,1.0000E+00,1.0000E+00,
758,894.90,11174.49,1564.36,845.5000,65535.0000,10913.0000,10067.5000,0.0000,0.0000,0.0000,1.0000,1.0000E+00,1.0000E+00,
759,895.04,11172.69,1566.16,887.0000,65535.0000,10982.0000,10095.0000,0.0000,0.0000,0.0000,1.0000,1.0000E+00,1.0000E+00,
760,895.18,11170.89,1567.97,865.5000,65535.0000,10984.0000,10118.5000,0.0000,0.0000,0.0000,1.0000,1.0000E+00,1.0000E+00,
761,895.33,11169.09,1569.77,877.5000,65535.0000,11019.0000,10141.5000,0.0000,0.0000,0.0000,1.0000,1.0000E+00,1.0000E+00,
762,895.47,11167.29,1571.57,857.0000,65535.0000,10925.5000,10068.5000,0.0000,0.0000,0.0000,1.0000,1.0000E+00,1.0000E+00,
763,895.62,11165.48,1573.37,875.0000,65535.0000,10876.5000,10001.5000,0.0000,0.0000,0.0000,1.0000,1.0000E+00,1.0000E+00,
764,895.76,11163.69,1575.17,847.0000,65535.0000,10887.0000,10040.0000,0.0000,0.0000,0.0000,1.0000,1.0000E+00,1.0000E+00,
765,895.91,11161.89,1576.97,860.5000,65535.0000,10968.0000,10107.5000,0.0000,0.0000,0.0000,1.0000,1.0000E+00,1.0000E+00,
766,896.05,11160.09,1578.77,841.5000,65535.0000,10951.5000,10110.0000,0.0000,0.0000,0.0000,1.0000,1.0000E+00,1.0000E+00,
767,896.19,11158.29,1580.56,854.5000,65535.0000,10938.0000,10083.5000,0.0000,0.0000,0.0000,1.0000,1.0000E+00,1.0000E+00,
768,896.34,11156.49,1582.36,825.0000,65535.0000,10897.0000,10072.0000,0.0000,0.0000,0.0000,1.0000,1.0000E+00,1.0000E+00,
769,896.48,11154.70,1584.16,849.0000,65535.0000,10849.0000,10000.0000,0.0000,0.0000,0.0000,1.0000,1.0000E+00,1.0000E+00,
770,896.63,11152.90,1585.95,823.5000,65535.0000,10900.5000,10077.0000,0.0000,0.0000,0.0000,1.0000,1.0000E+00,1.0000E+00,
771,896.77,11151.11,1587.75,849.5000,65535.0000,10802.5000,9953.0000,0.0000,0.0000,0.0000,1.0000,1.0000E+00,1.0000E+00,
772,896.92,11149.31,1589.54,835.5000,65535.0000,10841.5000,10006.0000,0.0000,0.0000,0.0000,1.0000,1.0000E+00,1.0000E+00,
773,897.06,11147.52,1591.33,856.0000,65535.0000,10830.0000,9974.0000,0.0000,0.0000,0.0000,1.0000,1.0000E+00,1.0000E+00,
774,897.20,11145.73,1593.13,845.5000,65535.0000,10824.5000,9979.0000,0.0000,0.0000,0.0000,1.0000,1.0000E+00,1.0000E+00,
775,897.35,11143.94,1594.92,892.0000,65535.0000,10784.0000,9892.0000,0.0000,0.0000,0.0000,1.0000,1.0000E+00,1.0000E+00,
776,897.49,11142.15,1596.71,861.0000,65535.0000,10772.0000,9911.0000,0.0000,0.0000,0.0000,1.0000,1.0000E+00,1.0000E+00,
777,897.64,11140.35,1598.50,850.5000,65535.0000,10770.0000,9919.5000,0.0000,0.0000,0.0000,1.0000,1.0000E+00,1.0000E+00,
778,897.78,11138.57,1600.29,848.0000,65535.0000,10751.0000,9903.0000,0.0000,0.0000,0.0000,1.0000,1.0000E+00,1.0000E+00,
779,897.93,11136.78,1602.08,848.0000,65535.0000,10669.0000,9821.0000,0.0000,0.0000,0.0000,1.0000,1.0000E+00,1.0000E+00,
780,898.07,11134.99,1603.87,834.5000,65535.0000,10637.5000,9803.0000,0.0000,0.0000,0.0000,1.0000,1.0000E+00,1.0000E+00,
781,898.21,11133.20,1605.65,859.0000,65535.0000,10643.5000,9784.5000,0.0000,0.0000,0.0000,1.0000,1.0000E+00,1.0000E+00,
782,898.36,11131.41,1607.44,854.5000,65535.0000,10662.0000,9807.5000,0.0000,0.0000,0.0000,1.0000,1.0000E+00,1.0000E+00,
783,898.50,11129.63,1609.23,834.0000,65535.0000,10618.0000,9784.0000,0.0000,0.0000,0.0000,1.0000,1.0000E+00,1.0000E+00,
784,898.65,11127.84,1611.01,807.5000,65535.0000,10688.0000,9880.5000,0.0000,0.0000,0.0000,1.0000,1.0000E+00,1.0000E+00,
785,898.79,11126.06,1612.79,829.5000,65535.0000,10598.0000,9768.5000,0.0000,0.0000,0.0000,1.0000,1.0000E+00,1.0000E+00,
786,898.93,11124.28,1614.58,853.0000,65535.0000,10609.0000,9756.0000,0.0000,0.0000,0.0000,1.0000,1.0000E+00,1.0000E+00,
787,899.08,11122.49,1616.36,862.5000,65535.0000,10627.5000,9765.0000,0.0000,0.0000,0.0000,1.0000,1.0000E+00,1.0000E+00,
788,899.22,11120.71,1618.14,850.5000,65535.0000,10615.0000,9764.5000,0.0000,0.0000,0.0000,1.0000,1.0000E+00,1.0000E+00,
789,899.37,11118.93,1619.93,847.0000,65535.0000,10552.5000,9705.5000,0.0000,0.0000,0.0000,1.0000,1.0000E+00,1.0000E+00,
790,899.51,11117.15,1621.71,844.0000,65535.0000,10547.5000,9703.5000,0.0000,0.0000,0.0000,1.0000,1.0000E+00,1.0000E+00,
791,899.66,11115.37,1623.49,871.0000,65535.0000,10550.0000,9679.0000,0.0000,0.0000,0.0000,1.0000,1.0000E+00,1.0000E+00,
792,899.80,11113.59,1625.27,841.5000,65535.0000,10453.5000,9612.0000,0.0000,0.0000,0.0000,1.0000,1.0000E+00,1.0000E+00,
793,899.94,11111.81,1627.04,859.0000,65535.0000,10388.0000,9529.0000,0.0000,0.0000,0.0000,1.0000,1.0000E+00,1.0000E+00,
794,900.09,11110.03,1628.82,839.5000,65535.0000,10321.0000,9481.5000,0.0000,0.0000,0.0000,1.0000,1.0000E+00,1.0000E+00,
795,900.23,11108.25,1630.60,858.0000,65535.0000,10270.5000,9412.5000,0.0000,0.0000,0.0000,1.0000,1.0000E+00,1.0000E+00,
796,900.38,11106.48,1632.38,933.5000,65535.0000,10342.5000,9409.0000,0.0000,0.0000,0.0000,1.0000,1.0000E+00,1.0000E+00,
797,900.52,11104.70,1634.15,850.5000,65535.0000,10202.0000,9351.5000,0.0000,0.0000,0.0000,1.0000,1.0000E+00,1.0000E+00,
798,900.66,11102.93,1635.93,862.0000,65535.0000,10196.5000,9334.5000,0.0000,0.0000,0.0000,1.0000,1.0000E+00,1.0000E+00,
799,900.81,11101.15,1637.70,864.5000,65535.0000,10175.5000,9311.0000,0.0000,0.0000,0.0000,1.0000,1.0000E+00,1.0000E+00,
800,900.95,11099.38,1639.48,815.5000,65535.0000,10210.0000,9394.5000,0.0000,0.0000,0.0000,1.0000,1.0000E+00,1.0000E+00,
801,901.10,11097.60,1641.25,859.0000,65535.0000,10277.5000,9418.5000,0.0000,0.0000,0.0000,1.0000,1.0000E+00,1.0000E+00,
802,901.24,11095.83,1643.02,847.0000,65535.0000,10213.5000,9366.5000,0.0000,0.0000,0.0000,1.0000,1.0000E+00,1.0000E+00,
803,901.38,11094.06,1644.79,862.5000,65535.0000,10222.0000,9359.5000,0.0000,0.0000,0.0000,1.0000,1.0000E+00,1.0000E+00,
804,901.53,11092.29,1646.56,860.0000,65535.0000,10219.0000,9359.0000,0.0000,0.0000,0.0000,1.0000,1.0000E+00,1.0000E+00,
805,901.67,11090.52,1648.33,882.0000,65535.0000,10217.5000,9335.5000,0.0000,0.0000,0.0000,1.0000,1.0000E+00,1.0000E+00,
806,901.81,11088.75,1650.10,849.0000,65535.0000,10200.5000,9351.5000,0.0000,0.0000,0.0000,1.0000,1.0000E+00,1.0000E+00,
807,901.96,11086.98,1651.87,901.0000,65535.0000,10140.0000,9239.0000,0.0000,0.0000,0.0000,1.0000,1.0000E+00,1.0000E+00,
808,902.10,11085.21,1653.64,842.5000,65535.0000,10228.0000,9385.5000,0.0000,0.0000,0.0000,1.0000,1.0000E+00,1.0000E+00,
809,902.25,11083.45,1655.41,856.0000,65535.0000,10107.0000,9251.0000,0.0000,0.0000,0.0000,1.0000,1.0000E+00,1.0000E+00,
810,902.39,11081.68,1657.17,848.0000,65535.0000,10081.5000,9233.5000,0.0000,0.0000,0.0000,1.0000,1.0000E+00,1.0000E+00,
811,902.53,11079.91,1658.94,840.0000,65535.0000,10081.5000,9241.5000,0.0000,0.0000,0.0000,1.0000,1.0000E+00,1.0000E+00,
812,902.68,11078.15,1660.70,830.0000,65535.0000,10066.5000,9236.5000,0.0000,0.0000,0.0000,1.0000,1.0000E+00,1.0000E+00,
813,902.82,11076.38,1662.47,853.0000,65535.0000,10116.5000,9263.5000,0.0000,0.0000,0.0000,1.0000,1.0000E+00,1.0000E+00,
814,902.97,11074.62,1664.23,851.0000,65535.0000,9971.5000,9120.5000,0.0000,0.0000,0.0000,1.0000,1.0000E+00,1.0000E+00,
815,903.11,11072.86,1666.00,862.0000,65535.0000,10058.0000,9196.0000,0.0000,0.0000,0.0000,1.0000,1.0000E+00,1.0000E+00,
816,903.25,11071.10,1667.76,854.5000,65535.0000,10112.0000,9257.5000,0.0000,0.0000,0.0000,1.0000,1.0000E+00,1.0000E+00,
817,903.40,11069.33,1669.52,859.0000,65535.0000,10040.5000,9181.5000,0.0000,0.0000,0.0000,1.0000,1.0000E+00,1.0000E+00,
818,903.54,11067.57,1671.28,843.0000,65535.0000,9947.0000,9104.0000,0.0000,0.0000,0.0000,1.0000,1.0000E+00,1.0000E+00,
819,903.68,11065.81,1673.04,874.0000,65535.0000,10027.0000,9153.0000,0.0000,0.0000,0.0000,1.0000,1.0000E+00,1.0000E+00,
820,903.83,11064.05,1674.80,858.0000,65535.0000,10035.0000,9177.0000,0.0000,0.0000,0.0000,1.0000,1.0000E+00,1.0000E+00,
821,903.97,11062.29,1676.56,866.5000,65535.0000,9928.0000,9061.5000,0.0000,0.0000,0.0000,1.0000,1.0000E+00,1.0000E+00,
822,904.12,11060.54,1678.32,840.0000,65535.0000,9901.5000,9061.5000,0.0000,0.0000,0.0000,1.0000,1.0000E+00,1.0000E+00,
823,904.26,11058.78,1680.07,879.5000,65535.0000,9973.0000,9093.5000,0.0000,0.0000,0.0000,1.0000,1.0000E+00,1.0000E+00,
824,904.40,11057.02,1681.83,859.0000,65535.0000,9922.0000,9063.0000,0.0000,0.0000,0.0000,1.0000,1.0000E+00,1.0000E+00,
825,904.55,11055.27,1683.59,876.0000,65535.0000,9986.5000,9110.5000,0.0000,0.0000,0.0000,1.0000,1.0000E+00,1.0000E+00,
826,904.69,11053.51,1685.34,834.5000,65535.0000,9958.0000,9123.5000,0.0000,0.0000,0.0000,1.0000,1.0000E+00,1.0000E+00,
827,904.83,11051.76,1687.10,862.5000,65535.0000,9842.0000,8979.5000,0.0000,0.0000,0.0000,1.0000,1.0000E+00,1.0000E+00,
828,904.98,11050.00,1688.85,820.0000,65535.0000,9850.0000,9030.0000,0.0000,0.0000,0.0000,1.0000,1.0000E+00,1.0000E+00,
829,905.12,11048.25,1690.60,847.0000,65535.0000,9803.5000,8956.5000,0.0000,0.0000,0.0000,1.0000,1.0000E+00,1.0000E+00,
830,905.26,11046.50,1692.36,850.5000,65535.0000,9800.5000,8950.0000,0.0000,0.0000,0.0000,1.0000,1.0000E+00,1.0000E+00,
831,905.41,11044.75,1694.11,850.0000,65535.0000,9770.0000,8920.0000,0.0000,0.0000,0.0000,1.0000,1.0000E+00,1.0000E+00,
832,905.55,11043.00,1695.86,944.5000,65535.0000,9822.0000,8877.5000,0.0000,0.0000,0.0000,1.0000,1.0000E+00,1.0000E+00,
833,905.69,11041.24,1697.61,891.0000,65535.0000,9798.0000,8907.0000,0.0000,0.0000,0.0000,1.0000,1.0000E+00,1.0000E+00,
834,905.84,11039.50,1699.36,890.0000,65535.0000,9740.0000,8850.0000,0.0000,0.0000,0.0000,1.0000,1.0000E+00,1.0000E+00,
835,905.98,11037.75,1701.11,831.0000,65535.0000,9780.0000,8949.0000,0.0000,0.0000,0.0000,1.0000,1.0000E+00,1.0000E+00,
836,906.13,11036.00,1702.86,840.5000,65535.0000,9789.0000,8948.5000,0.0000,0.0000,0.0000,1.0000,1.0000E+00,1.0000E+00,
837,906.27,11034.25,1704.60,864.0000,65535.0000,9736.0000,8872.0000,0.0000,0.0000,0.0000,1.0000,1.0000E+00,1.0000E+00,
838,906.41,11032.50,1706.35,1124.0000,65535.0000,9941.0000,8817.0000,0.0000,0.0000,0.0000,1.0000,1.0000E+00,1.0000E+00,
839,906.56,11030.76,1708.10,852.0000,65535.0000,9644.5000,8792.5000,0.0000,0.0000,0.0000,1.0000,1.0000E+00,1.0000E+00,
840,906.70,11029.01,1709.84,884.0000,65535.0000,9600.0000,8716.0000,0.0000,0.0000,0.0000,1.0000,1.0000E+00,1.0000E+00,
841,906.84,11027.27,1711.59,853.0000,65535.0000,9686.5000,8833.5000,0.0000,0.0000,0.0000,1.0000,1.0000E+00,1.0000E+00,
842,906.99,11025.52,1713.33,848.5000,65535.0000,9613.5000,8765.0000,0.0000,0.0000,0.0000,1.0000,1.0000E+00,1.0000E+00,
843,907.13,11023.78,1715.07,867.5000,65535.0000,9665.0000,8797.5000,0.0000,0.0000,0.0000,1.0000,1.0000E+00,1.0000E+00,
844,907.27,11022.04,1716.82,948.0000,65535.0000,9771.0000,8823.0000,0.0000,0.0000,0.0000,1.0000,1.0000E+00,1.0000E+00,
845,907.42,11020.30,1718.56,824.0000,65535.0000,9509.0000,8685.0000,0.0000,0.0000,0.0000,1.0000,1.0000E+00,1.0000E+00,
846,907.56,11018.56,1720.30,835.0000,65535.0000,9577.0000,8742.0000,0.0000,0.0000,0.0000,1.0000,1.0000E+00,1.0000E+00,
847,907.70,11016.81,1722.04,850.5000,65535.0000,9654.5000,8804.0000,0.0000,0.0000,0.0000,1.0000,1.0000E+00,1.0000E+00,
848,907.85,11015.08,1723.78,870.0000,65535.0000,9536.0000,8666.0000,0.0000,0.0000,0.0000,1.0000,1.0000E+00,1.0000E+00,
849,907.99,11013.34,1725.52,855.5000,65535.0000,9587.5000,8732.0000,0.0000,0.0000,0.0000,1.0000,1.0000E+00,1.0000E+00,
850,908.13,11011.60,1727.26,866.0000,65535.0000,9516.0000,8650.0000,0.0000,0.0000,0.0000,1.0000,1.0000E+00,1.0000E+00,
851,908.28,11009.86,1728.99,829.0000,65535.0000,9406.5000,8577.5000,0.0000,0.0000,0.0000,1.0000,1.0000E+00,1.0000E+00,
852,908.42,11008.12,1730.73,866.0000,65535.0000,9492.5000,8626.5000,0.0000,0.0000,0.0000,1.0000,1.0000E+00,1.0000E+00,
853,908.56,11006.39,1732.47,850.5000,65535.0000,9427.0000,8576.5000,0.0000,0.0000,0.0000,1.0000,1.0000E+00,1.0000E+00,
854,908.71,11004.65,1734.20,849.0000,65535.0000,9368.0000,8519.0000,0.0000,0.0000,0.0000,1.0000,1.0000E+00,1.0000E+00,
855,908.85,11002.92,1735.94,867.5000,65535.0000,9310.5000,8443.0000,0.0000,0.0000,0.0000,1.0000,1.0000E+00,1.0000E+00,
856,908.99,11001.18,1737.67,836.5000,65535.0000,9376.5000,8540.0000,0.0000,0.0000,0.0000,1.0000,1.0000E+00,1.0000E+00,
857,909.14,10999.45,1739.40,829.5000,65535.0000,9399.0000,8569.5000,0.0000,0.0000,0.0000,1.0000,1.0000E+00,1.0000E+00,
858,909.28,10997.72,1741.14,848.5000,65535.0000,9343.5000,8495.0000,0.0000,0.0000,0.0000,1.0000,1.0000E+00,1.0000E+00,
859,909.42,10995.98,1742.87,889.0000,65535.0000,9329.5000,8440.5000,0.0000,0.0000,0.0000,1.0000,1.0000E+00,1.0000E+00,
860,909.57,10994.25,1744.60,884.5000,65535.0000,9395.0000,8510.5000,0.0000,0.0000,0.0000,1.0000,1.0000E+00,1.0000E+00,
861,909.71,10992.52,1746.33,839.5000,65535.0000,9349.0000,8509.5000,0.0000,0.0000,0.0000,1.0000,1.0000E+00,1.0000E+00,
862,909.85,10990.79,1748.06,849.0000,65535.0000,9305.5000,8456.5000,0.0000,0.0000,0.0000,1.0000,1.0000E+00,1.0000E+00,
863,910.00,10989.06,1749.79,874.5000,65535.0000,9349.5000,8475.0000,0.0000,0.0000,0.0000,1.0000,1.0000E+00,1.0000E+00,
864,910.14,10987.33,1751.52,893.5000,65535.0000,9382.5000,8489.0000,0.0000,0.0000,0.0000,1.0000,1.0000E+00,1.0000E+00,
865,910.28,10985.61,1753.25,860.5000,65535.0000,9369.0000,8508.5000,0.0000,0.0000,0.0000,1.0000,1.0000E+00,1.0000E+00,
866,910.43,10983.88,1754.97,851.0000,65535.0000,9205.5000,8354.5000,0.0000,0.0000,0.0000,1.0000,1.0000E+00,1.0000E+00,
867,910.57,10982.15,1756.70,865.5000,65535.0000,9178.5000,8313.0000,0.0000,0.0000,0.0000,1.0000,1.0000E+00,1.0000E+00,
868,910.71,10980.43,1758.43,889.0000,65535.0000,9340.5000,8451.5000,0.0000,0.0000,0.0000,1.0000,1.0000E+00,1.0000E+00,
869,910.85,10978.70,1760.15,840.0000,65535.0000,9225.5000,8385.5000,0.0000,0.0000,0.0000,1.0000,1.0000E+00,1.0000E+00,
870,911.00,10976.98,1761.88,870.5000,65535.0000,9260.0000,8389.5000,0.0000,0.0000,0.0000,1.0000,1.0000E+00,1.0000E+00,
871,911.14,10975.25,1763.60,884.5000,65535.0000,9244.5000,8360.0000,0.0000,0.0000,0.0000,1.0000,1.0000E+00,1.0000E+00,
872,911.28,10973.53,1765.32,841.0000,65535.0000,9156.0000,8315.0000,0.0000,0.0000,0.0000,1.0000,1.0000E+00,1.0000E+00,
873,911.43,10971.81,1767.05,819.5000,65535.0000,9139.0000,8319.5000,0.0000,0.0000,0.0000,1.0000,1.0000E+00,1.0000E+00,
874,911.57,10970.09,1768.77,895.0000,65535.0000,9082.5000,8187.5000,0.0000,0.0000,0.0000,1.0000,1.0000E+00,1.0000E+00,
875,911.71,10968.37,1770.49,833.5000,65535.0000,9104.0000,8270.5000,0.0000,0.0000,0.0000,1.0000,1.0000E+00,1.0000E+00,
876,911.86,10966.64,1772.21,837.5000,65535.0000,9082.5000,8245.0000,0.0000,0.0000,0.0000,1.0000,1.0000E+00,1.0000E+00,
877,912.00,10964.93,1773.93,900.5000,65535.0000,9068.5000,8168.0000,0.0000,0.0000,0.0000,1.0000,1.0000E+00,1.0000E+00,
878,912.14,10963.21,1775.65,938.5000,65535.0000,9138.0000,8199.5000,0.0000,0.0000,0.0000,1.0000,1.0000E+00,1.0000E+00,
879,912.28,10961.49,1777.37,832.0000,65535.0000,9070.5000,8238.5000,0.0000,0.0000,0.0000,1.0000,1.0000E+00,1.0000E+00,
880,912.43,10959.77,1779.08,865.5000,65535.0000,9009.5000,8144.0000,0.0000,0.0000,0.0000,1.0000,1.0000E+00,1.0000E+00,
881,912.57,10958.05,1780.80,880.0000,65535.0000,8990.5000,8110.5000,0.0000,0.0000,0.0000,1.0000,1.0000E+00,1.0000E+00,
882,912.71,10956.34,1782.52,836.0000,65535.0000,8964.0000,8128.0000,0.0000,0.0000,0.0000,1.0000,1.0000E+00,1.0000E+00,
883,912.86,10954.62,1784.23,844.5000,65535.0000,9039.5000,8195.0000,0.0000,0.0000,0.0000,1.0000,1.0000E+00,1.0000E+00,
884,913.00,10952.91,1785.95,875.0000,65535.0000,8990.0000,8115.0000,0.0000,0.0000,0.0000,1.0000,1.0000E+00,1.0000E+00,
885,913.14,10951.19,1787.66,843.5000,65535.0000,8949.5000,8106.0000,0.0000,0.0000,0.0000,1.0000,1.0000E+00,1.0000E+00,
886,913.29,10949.48,1789.37,806.0000,65535.0000,8863.0000,8057.0000,0.0000,0.0000,0.0000,1.0000,1.0000E+00,1.0000E+00,
887,913.43,10947.77,1791.09,863.5000,65535.0000,8852.5000,7989.0000,0.0000,0.0000,0.0000,1.0000,1.0000E+00,1.0000E+00,
888,913.57,10946.05,1792.80,861.5000,65535.0000,8893.0000,8031.5000,0.0000,0.0000,0.0000,1.0000,1.0000E+00,1.0000E+00,
889,913.71,10944.34,1794.51,844.5000,65535.0000,8830.0000,7985.5000,0.0000,0.0000,0.0000,1.0000,1.0000E+00,1.0000E+00,
890,913.86,10942.63,1796.22,846.5000,65535.0000,8889.0000,8042.5000,0.0000,0.0000,0.0000,1.0000,1.0000E+00,1.0000E+00,
891,914.00,10940.92,1797.93,867.0000,65535.0000,8860.5000,7993.5000,0.0000,0.0000,0.0000,1.0000,1.0000E+00,1.0000E+00,
892,914.14,10939.21,1799.64,857.5000,65535.0000,8809.0000,7951.5000,0.0000,0.0000,0.0000,1.0000,1.0000E+00,1.0000E+00,
893,914.29,10937.50,1801.35,857.5000,65535.0000,8840.5000,7983.0000,0.0000,0.0000,0.0000,1.0000,1.0000E+00,1.0000E+00,
894,914.43,10935.80,1803.06,879.0000,65535.0000,8888.5000,8009.5000,0.0000,0.0000,0.0000,1.0000,1.0000E+00,1.0000E+00,
895,914.57,10934.09,1804.76,886.0000,65535.0000,8805.5000,7919.5000,0.0000,0.0000,0.0000,1.0000,1.0000E+00,1.0000E+00,
896,914.71,10932.38,1806.47,844.5000,65535.0000,8822.0000,7977.5000,0.0000,0.0000,0.0000,1.0000,1.0000E+00,1.0000E+00,
897,914.86,10930.68,1808.18,846.5000,65535.0000,8706.0000,7859.5000,0.0000,0.0000,0.0000,1.0000,1.0000E+00,1.0000E+00,
898,915.00,10928.97,1809.88,841.0000,65535.0000,8750.5000,7909.5000,0.0000,0.0000,0.0000,1.0000,1.0000E+00,1.0000E+00,
899,915.14,10927.27,1811.59,865.0000,65535.0000,8682.0000,7817.0000,0.0000,0.0000,0.0000,1.0000,1.0000E+00,1.0000E+00,
900,915.28,10925.56,1813.29,844.0000,65535.0000,8693.0000,7849.0000,0.0000,0.0000,0.0000,1.0000,1.0000E+00,1.0000E+00,
901,915.43,10923.86,1814.99,831.0000,65535.0000,8649.0000,7818.0000,0.0000,0.0000,0.0000,1.0000,1.0000E+00,1.0000E+00,
902,915.57,10922.16,1816.70,854.0000,65535.0000,8681.0000,7827.0000,0.0000,0.0000,0.0000,1.0000,1.0000E+00,1.0000E+00,
903,915.71,10920.46,1818.40,875.5000,65535.0000,8620.5000,7745.0000,0.0000,0.0000,0.0000,1.0000,1.0000E+00,1.0000E+00,
904,915.86,10918.75,1820.10,839.0000,65535.0000,8685.5000,7846.5000,0.0000,0.0000,0.0000,1.0000,1.0000E+00,1.0000E+00,
905,916.00,10917.05,1821.80,870.5000,65535.0000,8633.5000,7763.0000,0.0000,0.0000,0.0000,1.0000,1.0000E+00,1.0000E+00,
906,916.14,10915.35,1823.50,860.0000,65535.0000,8527.0000,7667.0000,0.0000,0.0000,0.0000,1.0000,1.0000E+00,1.0000E+00,
907,916.28,10913.66,1825.20,856.0000,65535.0000,8537.0000,7681.0000,0.0000,0.0000,0.0000,1.0000,1.0000E+00,1.0000E+00,
908,916.43,10911.96,1826.90,1053.5000,65535.0000,8651.0000,7597.5000,0.0000,0.0000,0.0000,1.0000,1.0000E+00,1.0000E+00,
909,916.57,10910.26,1828.59,849.0000,65535.0000,8506.5000,7657.5000,0.0000,0.0000,0.0000,1.0000,1.0000E+00,1.0000E+00,
910,916.71,10908.56,1830.29,872.0000,65535.0000,8573.5000,7701.5000,0.0000,0.0000,0.0000,1.0000,1.0000E+00,1.0000E+00,
911,916.85,10906.87,1831.99,914.0000,65535.0000,8546.5000,7632.5000,0.0000,0.0000,0.0000,1.0000,1.0000E+00,1.0000E+00,
912,917.00,10905.17,1833.68,880.5000,65535.0000,8523.5000,7643.0000,0.0000,0.0000,0.0000,1.0000,1.0000E+00,1.0000E+00,
913,917.14,10903.47,1835.38,871.0000,65535.0000,8508.5000,7637.5000,0.0000,0.0000,0.0000,1.0000,1.0000E+00,1.0000E+00,
914,917.28,10901.78,1837.07,839.5000,65535.0000,8395.0000,7555.5000,0.0000,0.0000,0.0000,1.0000,1.0000E+00,1.0000E+00,
915,917.42,10900.09,1838.77,847.0000,65535.0000,8404.0000,7557.0000,0.0000,0.0000,0.0000,1.0000,1.0000E+00,1.0000E+00,
916,917.57,10898.39,1840.46,854.0000,65535.0000,8406.0000,7552.0000,0.0000,0.0000,0.0000,1.0000,1.0000E+00,1.0000E+00,
917,917.71,10896.70,1842.15,858.5000,65535.0000,8381.0000,7522.5000,0.0000,0.0000,0.0000,1.0000,1.0000E+00,1.0000E+00,
918,917.85,10895.01,1843.84,860.5000,65535.0000,8344.0000,7483.5000,0.0000,0.0000,0.0000,1.0000,1.0000E+00,1.0000E+00,
919,917.99,10893.32,1845.53,885.0000,65535.0000,8311.5000,7426.5000,0.0000,0.0000,0.0000,1.0000,1.0000E+00,1.0000E+00,
920,918.14,10891.63,1847.23,838.5000,65535.0000,8297.5000,7459.0000,0.0000,0.0000,0.0000,1.0000,1.0000E+00,1.0000E+00,
921,918.28,10889.94,1848.91,870.0000,65535.0000,8327.0000,7457.0000,0.0000,0.0000,0.0000,1.0000,1.0000E+00,1.0000E+00,
922,918.42,10888.25,1850.60,854.0000,65535.0000,8245.5000,7391.5000,0.0000,0.0000,0.0000,1.0000,1.0000E+00,1.0000E+00,
923,918.56,10886.56,1852.29,862.0000,65535.0000,8269.0000,7407.0000,0.0000,0.0000,0.0000,1.0000,1.0000E+00,1.0000E+00,
924,918.71,10884.87,1853.98,862.0000,65535.0000,8247.0000,7385.0000,0.0000,0.0000,0.0000,1.0000,1.0000E+00,1.0000E+00,
925,918.85,10883.19,1855.67,865.0000,65535.0000,8256.0000,7391.0000,0.0000,0.0000,0.0000,1.0000,1.0000E+00,1.0000E+00,
926,918.99,10881.50,1857.35,819.5000,65535.0000,8219.0000,7399.5000,0.0000,0.0000,0.0000,1.0000,1.0000E+00,1.0000E+00,
927,919.13,10879.82,1859.04,853.5000,65535.0000,8179.5000,7326.0000,0.0000,0.0000,0.0000,1.0000,1.0000E+00,1.0000E+00,
928,919.28,10878.13,1860.72,810.0000,65535.0000,8191.0000,7381.0000,0.0000,0.0000,0.0000,1.0000,1.0000E+00,1.0000E+00,
929,919.42,10876.45,1862.41,839.5000,65535.0000,8192.5000,7353.0000,0.0000,0.0000,0.0000,1.0000,1.0000E+00,1.0000E+00,
930,919.56,10874.76,1864.09,840.5000,65535.0000,8141.0000,7300.5000,0.0000,0.0000,0.0000,1.0000,1.0000E+00,1.0000E+00,
931,919.70,10873.08,1865.77,838.0000,65535.0000,8124.0000,7286.0000,0.0000,0.0000,0.0000,1.0000,1.0000E+00,1.0000E+00,
932,919.84,10871.40,1867.46,845.0000,65535.0000,8146.5000,7301.5000,0.0000,0.0000,0.0000,1.0000,1.0000E+00,1.0000E+00,
933,919.99,10869.72,1869.14,851.0000,65535.0000,8138.5000,7287.5000,0.0000,0.0000,0.0000,1.0000,1.0000E+00,1.0000E+00,
934,920.13,10868.03,1870.82,878.5000,65535.0000,8155.0000,7276.5000,0.0000,0.0000,0.0000,1.0000,1.0000E+00,1.0000E+00,
935,920.27,10866.35,1872.50,888.0000,65535.0000,8169.5000,7281.5000,0.0000,0.0000,0.0000,1.0000,1.0000E+00,1.0000E+00,
936,920.41,10864.67,1874.18,833.5000,65535.0000,8084.0000,7250.5000,0.0000,0.0000,0.0000,1.0000,1.0000E+00,1.0000E+00,
937,920.56,10863.00,1875.86,831.5000,65535.0000,8127.0000,7295.5000,0.0000,0.0000,0.0000,1.0000,1.0000E+00,1.0000E+00,
938,920.70,10861.32,1877.54,871.0000,65535.0000,7999.0000,7128.0000,0.0000,0.0000,0.0000,1.0000,1.0000E+00,1.0000E+00,
939,920.84,10859.64,1879.21,878.5000,65535.0000,8062.0000,7183.5000,0.0000,0.0000,0.0000,1.0000,1.0000E+00,1.0000E+00,
940,920.98,10857.96,1880.89,867.0000,65535.0000,7959.0000,7092.0000,0.0000,0.0000,0.0000,1.0000,1.0000E+00,1.0000E+00,
941,921.13,10856.29,1882.57,838.0000,65535.0000,8040.0000,7202.0000,0.0000,0.0000,0.0000,1.0000,1.0000E+00,1.0000E+00,
942,921.27,10854.61,1884.24,885.0000,65535.0000,8087.0000,7202.0000,0.0000,0.0000,0.0000,1.0000,1.0000E+00,1.0000E+00,
943,921.41,10852.94,1885.92,828.5000,65535.0000,8076.5000,7248.0000,0.0000,0.0000,0.0000,1.0000,1.0000E+00,1.0000E+00,
944,921.55,10851.26,1887.59,938.5000,65535.0000,8030.5000,7092.0000,0.0000,0.0000,0.0000,1.0000,1.0000E+00,1.0000E+00,
945,921.69,10849.59,1889.26,846.0000,65535.0000,8106.5000,7260.5000,0.0000,0.0000,0.0000,1.0000,1.0000E+00,1.0000E+00,
946,921.84,10847.92,1890.94,971.5000,65535.0000,8119.0000,7147.5000,0.0000,0.0000,0.0000,1.0000,1.0000E+00,1.0000E+00,
947,921.98,10846.24,1892.61,861.5000,65535.0000,8018.0000,7156.5000,0.0000,0.0000,0.0000,1.0000,1.0000E+00,1.0000E+00,
948,922.12,10844.57,1894.28,834.5000,65535.0000,7906.5000,7072.0000,0.0000,0.0000,0.0000,1.0000,1.0000E+00,1.0000E+00,
949,922.26,10842.90,1895.95,841.5000,65535.0000,7929.5000,7088.0000,0.0000,0.0000,0.0000,1.0000,1.0000E+00,1.0000E+00,
950,922.40,10841.23,1897.62,861.0000,65535.0000,7958.5000,7097.5000,0.0000,0.0000,0.0000,1.0000,1.0000E+00,1.0000E+00,
951,922.55,10839.56,1899.29,853.5000,65535.0000,7947.0000,7093.5000,0.0000,0.0000,0.0000,1.0000,1.0000E+00,1.0000E+00,
952,922.69,10837.89,1900.96,852.5000,65535.0000,7904.0000,7051.5000,0.0000,0.0000,0.0000,1.0000,1.0000E+00,1.0000E+00,
953,922.83,10836.22,1902.63,846.0000,65535.0000,7926.0000,7080.0000,0.0000,0.0000,0.0000,1.0000,1.0000E+00,1.0000E+00,
954,922.97,10834.56,1904.30,838.0000,65535.0000,7914.5000,7076.5000,0.0000,0.0000,0.0000,1.0000,1.0000E+00,1.0000E+00,
955,923.11,10832.89,1905.96,862.0000,65535.0000,7877.0000,7015.0000,0.0000,0.0000,0.0000,1.0000,1.0000E+00,1.0000E+00,
956,923.26,10831.22,1907.63,833.5000,65535.0000,7877.5000,7044.0000,0.0000,0.0000,0.0000,1.0000,1.0000E+00,1.0000E+00,
957,923.40,10829.56,1909.30,892.5000,65535.0000,7775.0000,6882.5000,0.0000,0.0000,0.0000,1.0000,1.0000E+00,1.0000E+00,
958,923.54,10827.89,1910.96,843.0000,65535.0000,7789.5000,6946.5000,0.0000,0.0000,0.0000,1.0000,1.0000E+00,1.0000E+00,
959,923.68,10826.23,1912.62,882.5000,65535.0000,7831.5000,6949.0000,0.0000,0.0000,0.0000,1.0000,1.0000E+00,1.0000E+00,
960,923.82,10824.56,1914.29,819.0000,65535.0000,7700.5000,6881.5000,0.0000,0.0000,0.0000,1.0000,1.0000E+00,1.0000E+00,
961,923.97,10822.90,1915.95,850.5000,65535.0000,7810.0000,6959.5000,0.0000,0.0000,0.0000,1.0000,1.0000E+00,1.0000E+00,
962,924.11,10821.24,1917.61,871.0000,65535.0000,7669.0000,6798.0000,0.0000,0.0000,0.0000,1.0000,1.0000E+00,1.0000E+00,
963,924.25,10819.58,1919.28,851.5000,65535.0000,7659.0000,6807.5000,0.0000,0.0000,0.0000,1.0000,1.0000E+00,1.0000E+00,
964,924.39,10817.92,1920.94,847.5000,65535.0000,7728.0000,6880.5000,0.0000,0.0000,0.0000,1.0000,1.0000E+00,1.0000E+00,
965,924.53,10816.26,1922.60,859.0000,65535.0000,7705.0000,6846.0000,0.0000,0.0000,0.0000,1.0000,1.0000E+00,1.0000E+00,
966,924.68,10814.60,1924.26,862.0000,65535.0000,7675.0000,6813.0000,0.0000,0.0000,0.0000,1.0000,1.0000E+00,1.0000E+00,
967,924.82,10812.94,1925.92,859.0000,65535.0000,7608.5000,6749.5000,0.0000,0.0000,0.0000,1.0000,1.0000E+00,1.0000E+00,
968,924.96,10811.28,1927.57,837.0000,65535.0000,7667.5000,6830.5000,0.0000,0.0000,0.0000,1.0000,1.0000E+00,1.0000E+00,
969,925.10,10809.62,1929.23,834.5000,65535.0000,7588.0000,6753.5000,0.0000,0.0000,0.0000,1.0000,1.0000E+00,1.0000E+00,
970,925.24,10807.97,1930.89,835.0000,65535.0000,7596.0000,6761.0000,0.0000,0.0000,0.0000,1.0000,1.0000E+00,1.0000E+00,
971,925.39,10806.31,1932.54,868.5000,65535.0000,7653.5000,6785.0000,0.0000,0.0000,0.0000,1.0000,1.0000E+00,1.0000E+00,
972,925.53,10804.65,1934.20,846.0000,65535.0000,7621.0000,6775.0000,0.0000,0.0000,0.0000,1.0000,1.0000E+00,1.0000E+00,
973,925.67,10803.00,1935.86,853.0000,65535.0000,7611.0000,6758.0000,0.0000,0.0000,0.0000,1.0000,1.0000E+00,1.0000E+00,
974,925.81,10801.34,1937.51,871.5000,65535.0000,7586.5000,6715.0000,0.0000,0.0000,0.0000,1.0000,1.0000E+00,1.0000E+00,
975,925.95,10799.69,1939.16,890.0000,65535.0000,7568.5000,6678.5000,0.0000,0.0000,0.0000,1.0000,1.0000E+00,1.0000E+00,
976,926.09,10798.04,1940.82,855.0000,65535.0000,7552.0000,6697.0000,0.0000,0.0000,0.0000,1.0000,1.0000E+00,1.0000E+00,
977,926.24,10796.38,1942.47,848.0000,65535.0000,7444.0000,6596.0000,0.0000,0.0000,0.0000,1.0000,1.0000E+00,1.0000E+00,
978,926.38,10794.73,1944.12,841.0000,65535.0000,7488.0000,6647.0000,0.0000,0.0000,0.0000,1.0000,1.0000E+00,1.0000E+00,
979,926.52,10793.08,1945.77,881.5000,65535.0000,7473.5000,6592.0000,0.0000,0.0000,0.0000,1.0000,1.0000E+00,1.0000E+00,
980,926.66,10791.43,1947.42,842.5000,65535.0000,7467.0000,6624.5000,0.0000,0.0000,0.0000,1.0000,1.0000E+00,1.0000E+00,
981,926.80,10789.78,1949.07,861.5000,65535.0000,7465.5000,6604.0000,0.0000,0.0000,0.0000,1.0000,1.0000E+00,1.0000E+00,
982,926.94,10788.13,1950.72,816.0000,65535.0000,7413.5000,6597.5000,0.0000,0.0000,0.0000,1.0000,1.0000E+00,1.0000E+00,
983,927.09,10786.48,1952.37,839.5000,65535.0000,7371.5000,6532.0000,0.0000,0.0000,0.0000,1.0000,1.0000E+00,1.0000E+00,
984,927.23,10784.84,1954.02,869.5000,65535.0000,7393.0000,6523.5000,0.0000,0.0000,0.0000,1.0000,1.0000E+00,1.0000E+00,
985,927.37,10783.19,1955.66,856.5000,65535.0000,7364.0000,6507.5000,0.0000,0.0000,0.0000,1.0000,1.0000E+00,1.0000E+00,
986,927.51,10781.54,1957.31,856.0000,65535.0000,7339.0000,6483.0000,0.0000,0.0000,0.0000,1.0000,1.0000E+00,1.0000E+00,
987,927.65,10779.90,1958.96,848.5000,65535.0000,7402.0000,6553.5000,0.0000,0.0000,0.0000,1.0000,1.0000E+00,1.0000E+00,
988,927.79,10778.25,1960.60,858.5000,65535.0000,7392.0000,6533.5000,0.0000,0.0000,0.0000,1.0000,1.0000E+00,1.0000E+00,
989,927.94,10776.61,1962.25,834.5000,65535.0000,7310.0000,6475.5000,0.0000,0.0000,0.0000,1.0000,1.0000E+00,1.0000E+00,
990,928.08,10774.96,1963.89,877.0000,65535.0000,7296.5000,6419.5000,0.0000,0.0000,0.0000,1.0000,1.0000E+00,1.0000E+00,
991,928.22,10773.32,1965.53,859.0000,65535.0000,7320.0000,6461.0000,0.0000,0.0000,0.0000,1.0000,1.0000E+00,1.0000E+00,
992,928.36,10771.68,1967.18,844.0000,65535.0000,7291.5000,6447.5000,0.0000,0.0000,0.0000,1.0000,1.0000E+00,1.0000E+00,
993,928.50,10770.03,1968.82,839.0000,65535.0000,7294.5000,6455.5000,0.0000,0.0000,0.0000,1.0000,1.0000E+00,1.0000E+00,
994,928.64,10768.39,1970.46,845.0000,65535.0000,7236.0000,6391.0000,0.0000,0.0000,0.0000,1.0000,1.0000E+00,1.0000E+00,
995,928.79,10766.75,1972.10,818.5000,65535.0000,7204.0000,6385.5000,0.0000,0.0000,0.0000,1.0000,1.0000E+00,1.0000E+00,
996,928.93,10765.11,1973.74,877.5000,65535.0000,7230.5000,6353.0000,0.0000,0.0000,0.0000,1.0000,1.0000E+00,1.0000E+00,
997,929.07,10763.47,1975.38,849.0000,65535.0000,7248.5000,6399.5000,0.0000,0.0000,0.0000,1.0000,1.0000E+00,1.0000E+00,
998,929.21,10761.83,1977.02,877.0000,65535.0000,7268.0000,6391.0000,0.0000,0.0000,0.0000,1.0000,1.0000E+00,1.0000E+00,
999,929.35,10760.20,1978.66,847.0000,65535.0000,7207.5000,6360.5000,0.0000,0.0000,0.0000,1.0000,1.0000E+00,1.0000E+00,
1000,929.49,10758.56,1980.29,846.5000,65535.0000,7168.5000,6322.0000,0.0000,0.0000,0.0000,1.0000,1.0000E+00,1.0000E+00,
1001,929.63,10756.92,1981.93,825.5000,65535.0000,7087.5000,6262.0000,0.0000,0.0000,0.0000,1.0000,1.0000E+00,1.0000E+00,
1002,929.78,10755.29,1983.57,851.5000,65535.0000,7152.5000,6301.0000,0.0000,0.0000,0.0000,1.0000,1.0000E+00,1.0000E+00,
1003,929.92,10753.65,1985.20,854.0000,65535.0000,7131.5000,6277.5000,0.0000,0.0000,0.0000,1.0000,1.0000E+00,1.0000E+00,
1004,930.06,10752.02,1986.84,824.0000,65535.0000,7152.5000,6328.5000,0.0000,0.0000,0.0000,1.0000,1.0000E+00,1.0000E+00,
1005,930.20,10750.38,1988.47,872.5000,65535.0000,7170.0000,6297.5000,0.0000,0.0000,0.0000,1.0000,1.0000E+00,1.0000E+00,
1006,930.34,10748.75,1990.11,863.5000,65535.0000,7129.0000,6265.5000,0.0000,0.0000,0.0000,1.0000,1.0000E+00,1.0000E+00,
1007,930.48,10747.12,1991.74,839.5000,65535.0000,7048.0000,6208.5000,0.0000,0.0000,0.0000,1.0000,1.0000E+00,1.0000E+00,
1008,930.62,10745.48,1993.37,844.5000,65535.0000,7022.5000,6178.0000,0.0000,0.0000,0.0000,1.0000,1.0000E+00,1.0000E+00,
1009,930.76,10743.85,1995.00,842.5000,65535.0000,7019.0000,6176.5000,0.0000,0.0000,0.0000,1.0000,1.0000E+00,1.0000E+00,
1010,930.91,10742.22,1996.63,859.0000,65535.0000,7007.5000,6148.5000,0.0000,0.0000,0.0000,1.0000,1.0000E+00,1.0000E+00,
1011,931.05,10740.59,1998.26,832.5000,65535.0000,6935.5000,6103.0000,0.0000,0.0000,0.0000,1.0000,1.0000E+00,1.0000E+00,
1012,931.19,10738.96,1999.89,845.0000,65535.0000,6977.5000,6132.5000,0.0000,0.0000,0.0000,1.0000,1.0000E+00,1.0000E+00,
1013,931.33,10737.33,2001.52,863.0000,65535.0000,7017.0000,6154.0000,0.0000,0.0000,0.0000,1.0000,1.0000E+00,1.0000E+00,
1014,931.47,10735.70,2003.15,848.5000,65535.0000,6875.0000,6026.5000,0.0000,0.0000,0.0000,1.0000,1.0000E+00,1.0000E+00,
1015,931.61,10734.08,2004.78,874.0000,65535.0000,6900.5000,6026.5000,0.0000,0.0000,0.0000,1.0000,1.0000E+00,1.0000E+00,
1016,931.75,10732.45,2006.41,830.0000,65535.0000,6880.5000,6050.5000,0.0000,0.0000,0.0000,1.0000,1.0000E+00,1.0000E+00,
1017,931.90,10730.82,2008.03,832.0000,65535.0000,6858.0000,6026.0000,0.0000,0.0000,0.0000,1.0000,1.0000E+00,1.0000E+00,
1018,932.04,10729.20,2009.66,825.5000,65535.0000,6867.5000,6042.0000,0.0000,0.0000,0.0000,1.0000,1.0000E+00,1.0000E+00,
1019,932.18,10727.57,2011.28,841.0000,65535.0000,6821.0000,5980.0000,0.0000,0.0000,0.0000,1.0000,1.0000E+00,1.0000E+00,
1020,932.32,10725.95,2012.91,868.0000,65535.0000,6919.0000,6051.0000,0.0000,0.0000,0.0000,1.0000,1.0000E+00,1.0000E+00,
1021,932.46,10724.32,2014.53,845.0000,65535.0000,6839.5000,5994.5000,0.0000,0.0000,0.0000,1.0000,1.0000E+00,1.0000E+00,
1022,932.60,10722.70,2016.15,842.0000,65535.0000,6905.0000,6063.0000,0.0000,0.0000,0.0000,1.0000,1.0000E+00,1.0000E+00,
1023,932.74,10721.08,2017.78,831.0000,65535.0000,6866.5000,6035.5000,0.0000,0.0000,0.0000,1.0000,1.0000E+00,1.0000E+00,
1024,932.88,10719.45,2019.40,830.0000,65535.0000,6803.0000,5973.0000,0.0000,0.0000,0.0000,1.0000,1.0000E+00,1.0000E+00,
1025,933.02,10717.83,2021.02,860.5000,65535.0000,6799.0000,5938.5000,0.0000,0.0000,0.0000,1.0000,1.0000E+00,1.0000E+00,
1026,933.17,10716.21,2022.64,871.5000,65535.0000,6780.5000,5909.0000,0.0000,0.0000,0.0000,1.0000,1.0000E+00,1.0000E+00,
1027,933.31,10714.59,2024.26,844.5000,65535.0000,6805.0000,5960.5000,0.0000,0.0000,0.0000,1.0000,1.0000E+00,1.0000E+00,
1028,933.45,10712.97,2025.88,846.5000,65535.0000,6793.5000,5947.0000,0.0000,0.0000,0.0000,1.0000,1.0000E+00,1.0000E+00,
1029,933.59,10711.35,2027.50,898.5000,65535.0000,6784.0000,5885.5000,0.0000,0.0000,0.0000,1.0000,1.0000E+00,1.0000E+00,
1030,933.73,10709.74,2029.12,828.5000,65535.0000,6729.0000,5900.5000,0.0000,0.0000,0.0000,1.0000,1.0000E+00,1.0000E+00,
1031,933.87,10708.12,2030.73,902.0000,65535.0000,6744.0000,5842.0000,0.0000,0.0000,0.0000,1.0000,1.0000E+00,1.0000E+00,
1032,934.01,10706.50,2032.35,842.0000,65535.0000,6722.0000,5880.0000,0.0000,0.0000,0.0000,1.0000,1.0000E+00,1.0000E+00,
1033,934.15,10704.89,2033.97,837.5000,65535.0000,6670.5000,5833.0000,0.0000,0.0000,0.0000,1.0000,1.0000E+00,1.0000E+00,
1034,934.29,10703.27,2035.58,811.0000,65535.0000,6706.0000,5895.0000,0.0000,0.0000,0.0000,1.0000,1.0000E+00,1.0000E+00,
1035,934.43,10701.66,2037.20,858.0000,65535.0000,6701.0000,5843.0000,0.0000,0.0000,0.0000,1.0000,1.0000E+00,1.0000E+00,
1036,934.58,10700.04,2038.81,852.0000,65535.0000,6733.5000,5881.5000,0.0000,0.0000,0.0000,1.0000,1.0000E+00,1.0000E+00,
1037,934.72,10698.43,2040.43,878.5000,65535.0000,6705.0000,5826.5000,0.0000,0.0000,0.0000,1.0000,1.0000E+00,1.0000E+00,
1038,934.86,10696.81,2042.04,826.0000,65535.0000,6685.0000,5859.0000,0.0000,0.0000,0.0000,1.0000,1.0000E+00,1.0000E+00,
1039,935.00,10695.20,2043.65,847.5000,65535.0000,6611.5000,5764.0000,0.0000,0.0000,0.0000,1.0000,1.0000E+00,1.0000E+00,
1040,935.14,10693.59,2045.26,847.5000,65535.0000,6592.5000,5745.0000,0.0000,0.0000,0.0000,1.0000,1.0000E+00,1.0000E+00,
1041,935.28,10691.98,2046.87,1252.0000,65535.0000,6833.5000,5581.5000,0.0000,0.0000,0.0000,1.0000,1.0000E+00,1.0000E+00,
1042,935.42,10690.37,2048.48,874.0000,65535.0000,6615.0000,5741.0000,0.0000,0.0000,0.0000,1.0000,1.0000E+00,1.0000E+00,
1043,935.56,10688.76,2050.09,835.5000,65535.0000,6618.0000,5782.5000,0.0000,0.0000,0.0000,1.0000,1.0000E+00,1.0000E+00,
1044,935.70,10687.15,2051.70,855.5000,65535.0000,6607.5000,5752.0000,0.0000,0.0000,0.0000,1.0000,1.0000E+00,1.0000E+00,
1045,935.84,10685.54,2053.31,808.0000,65535.0000,6577.0000,5769.0000,0.0000,0.0000,0.0000,1.0000,1.0000E+00,1.0000E+00,
1046,935.98,10683.93,2054.92,844.5000,65535.0000,6604.0000,5759.5000,0.0000,0.0000,0.0000,1.0000,1.0000E+00,1.0000E+00,
1047,936.13,10682.33,2056.53,851.5000,65535.0000,6631.0000,5779.5000,0.0000,0.0000,0.0000,1.0000,1.0000E+00,1.0000E+00,
1048,936.27,10680.72,2058.13,841.5000,65535.0000,6581.0000,5739.5000,0.0000,0.0000,0.0000,1.0000,1.0000E+00,1.0000E+00,
1049,936.41,10679.11,2059.74,859.0000,65535.0000,6534.5000,5675.5000,0.0000,0.0000,0.0000,1.0000,1.0000E+00,1.0000E+00,
1050,936.55,10677.51,2061.35,875.5000,65535.0000,6531.5000,5656.0000,0.0000,0.0000,0.0000,1.0000,1.0000E+00,1.0000E+00,
1051,936.69,10675.90,2062.95,867.5000,65535.0000,6521.0000,5653.5000,0.0000,0.0000,0.0000,1.0000,1.0000E+00,1.0000E+00,
1052,936.83,10674.30,2064.55,846.5000,65535.0000,6505.5000,5659.0000,0.0000,0.0000,0.0000,1.0000,1.0000E+00,1.0000E+00,
1053,936.97,10672.70,2066.16,876.5000,65535.0000,6523.5000,5647.0000,0.0000,0.0000,0.0000,1.0000,1.0000E+00,1.0000E+00,
1054,937.11,10671.09,2067.76,840.0000,65535.0000,6410.0000,5570.0000,0.0000,0.0000,0.0000,1.0000,1.0000E+00,1.0000E+00,
1055,937.25,10669.49,2069.36,829.5000,65535.0000,6454.0000,5624.5000,0.0000,0.0000,0.0000,1.0000,1.0000E+00,1.0000E+00,
1056,937.39,10667.89,2070.96,898.0000,65535.0000,6498.5000,5600.5000,0.0000,0.0000,0.0000,1.0000,1.0000E+00,1.0000E+00,
1057,937.53,10666.29,2072.57,945.5000,65535.0000,6512.5000,5567.0000,0.0000,0.0000,0.0000,1.0000,1.0000E+00,1.0000E+00,
1058,937.67,10664.69,2074.17,868.0000,65535.0000,6455.0000,5587.0000,0.0000,0.0000,0.0000,1.0000,1.0000E+00,1.0000E+00,
1059,937.81,10663.09,2075.77,877.0000,65535.0000,6479.0000,5602.0000,0.0000,0.0000,0.0000,1.0000,1.0000E+00,1.0000E+00,
1060,937.96,10661.49,2077.37,867.5000,65535.0000,6428.0000,5560.5000,0.0000,0.0000,0.0000,1.0000,1.0000E+00,1.0000E+00,
1061,938.10,10659.89,2078.96,825.5000,65535.0000,6327.5000,5502.0000,0.0000,0.0000,0.0000,1.0000,1.0000E+00,1.0000E+00,
1062,938.24,10658.29,2080.56,799.5000,65535.0000,6323.0000,5523.5000,0.0000,0.0000,0.0000,1.0000,1.0000E+00,1.0000E+00,
1063,938.38,10656.69,2082.16,874.0000,65535.0000,6348.0000,5474.0000,0.0000,0.0000,0.0000,1.0000,1.0000E+00,1.0000E+00,
1064,938.52,10655.10,2083.76,857.5000,65535.0000,6287.0000,5429.5000,0.0000,0.0000,0.0000,1.0000,1.0000E+00,1.0000E+00,
1065,938.66,10653.50,2085.35,840.0000,65535.0000,6282.0000,5442.0000,0.0000,0.0000,0.0000,1.0000,1.0000E+00,1.0000E+00,
1066,938.80,10651.91,2086.95,827.0000,65535.0000,6265.0000,5438.0000,0.0000,0.0000,0.0000,1.0000,1.0000E+00,1.0000E+00,
1067,938.94,10650.31,2088.54,842.5000,65535.0000,6300.0000,5457.5000,0.0000,0.0000,0.0000,1.0000,1.0000E+00,1.0000E+00,
1068,939.08,10648.72,2090.14,843.0000,65535.0000,6282.5000,5439.5000,0.0000,0.0000,0.0000,1.0000,1.0000E+00,1.0000E+00,
1069,939.22,10647.12,2091.73,848.5000,65535.0000,6307.5000,5459.0000,0.0000,0.0000,0.0000,1.0000,1.0000E+00,1.0000E+00,
1070,939.36,10645.53,2093.32,849.0000,65535.0000,6280.0000,5431.0000,0.0000,0.0000,0.0000,1.0000,1.0000E+00,1.0000E+00,
1071,939.50,10643.94,2094.91,856.5000,65535.0000,6235.5000,5379.0000,0.0000,0.0000,0.0000,1.0000,1.0000E+00,1.0000E+00,
1072,939.64,10642.35,2096.51,873.5000,65535.0000,6235.0000,5361.5000,0.0000,0.0000,0.0000,1.0000,1.0000E+00,1.0000E+00,
1073,939.78,10640.76,2098.10,970.0000,65535.0000,6264.5000,5294.5000,0.0000,0.0000,0.0000,1.0000,1.0000E+00,1.0000E+00,
1074,939.92,10639.17,2099.69,848.0000,65535.0000,6197.5000,5349.5000,0.0000,0.0000,0.0000,1.0000,1.0000E+00,1.0000E+00,
1075,940.06,10637.58,2101.28,833.0000,65535.0000,6194.0000,5361.0000,0.0000,0.0000,0.0000,1.0000,1.0000E+00,1.0000E+00,
1076,940.20,10635.99,2102.87,840.5000,65535.0000,6184.5000,5344.0000,0.0000,0.0000,0.0000,1.0000,1.0000E+00,1.0000E+00,
1077,940.34,10634.40,2104.45,854.0000,65535.0000,6161.5000,5307.5000,0.0000,0.0000,0.0000,1.0000,1.0000E+00,1.0000E+00,
1078,940.48,10632.81,2106.04,843.0000,65535.0000,6118.0000,5275.0000,0.0000,0.0000,0.0000,1.0000,1.0000E+00,1.0000E+00,
1079,940.63,10631.22,2107.63,855.0000,65535.0000,6033.5000,5178.5000,0.0000,0.0000,0.0000,1.0000,1.0000E+00,1.0000E+00,
1080,940.77,10629.64,2109.22,801.0000,65535.0000,6021.0000,5220.0000,0.0000,0.0000,0.0000,1.0000,1.0000E+00,1.0000E+00,
1081,940.91,10628.05,2110.80,847.0000,65535.0000,6098.5000,5251.5000,0.0000,0.0000,0.0000,1.0000,1.0000E+00,1.0000E+00,
1082,941.05,10626.47,2112.39,868.0000,65535.0000,6052.0000,5184.0000,0.0000,0.0000,0.0000,1.0000,1.0000E+00,1.0000E+00,
1083,941.19,10624.88,2113.97,834.0000,65535.0000,6004.5000,5170.5000,0.0000,0.0000,0.0000,1.0000,1.0000E+00,1.0000E+00,
1084,941.33,10623.30,2115.56,819.0000,65535.0000,6075.5000,5256.5000,0.0000,0.0000,0.0000,1.0000,1.0000E+00,1.0000E+00,
1085,941.47,10621.71,2117.14,820.0000,65535.0000,5989.0000,5169.0000,0.0000,0.0000,0.0000,1.0000,1.0000E+00,1.0000E+00,
1086,941.61,10620.13,2118.72,830.5000,65535.0000,5969.0000,5138.5000,0.0000,0.0000,0.0000,1.0000,1.0000E+00,1.0000E+00,
1087,941.75,10618.55,2120.30,835.0000,65535.0000,5957.0000,5122.0000,0.0000,0.0000,0.0000,1.0000,1.0000E+00,1.0000E+00,
1088,941.89,10616.97,2121.89,925.5000,65535.0000,6054.5000,5129.0000,0.0000,0.0000,0.0000,1.0000,1.0000E+00,1.0000E+00,
1089,942.03,10615.39,2123.47,865.0000,65535.0000,5961.5000,5096.5000,0.0000,0.0000,0.0000,1.0000,1.0000E+00,1.0000E+00,
1090,942.17,10613.81,2125.05,843.5000,65535.0000,5951.0000,5107.5000,0.0000,0.0000,0.0000,1.0000,1.0000E+00,1.0000E+00,
1091,942.31,10612.23,2126.63,821.5000,65535.0000,5970.0000,5148.5000,0.0000,0.0000,0.0000,1.0000,1.0000E+00,1.0000E+00,
1092,942.45,10610.65,2128.21,856.5000,65535.0000,5996.5000,5140.0000,0.0000,0.0000,0.0000,1.0000,1.0000E+00,1.0000E+00,
1093,942.59,10609.07,2129.78,851.5000,65535.0000,5905.0000,5053.5000,0.0000,0.0000,0.0000,1.0000,1.0000E+00,1.0000E+00,
1094,942.73,10607.49,2131.36,888.0000,65535.0000,5990.5000,5102.5000,0.0000,0.0000,0.0000,1.0000,1.0000E+00,1.0000E+00,
1095,942.87,10605.91,2132.94,834.5000,65535.0000,5939.5000,5105.0000,0.0000,0.0000,0.0000,1.0000,1.0000E+00,1.0000E+00,
1096,943.01,10604.34,2134.52,866.5000,65535.0000,5950.0000,5083.5000,0.0000,0.0000,0.0000,1.0000,1.0000E+00,1.0000E+00,
1097,943.15,10602.76,2136.09,838.0000,65535.0000,5885.0000,5047.0000,0.0000,0.0000,0.0000,1.0000,1.0000E+00,1.0000E+00,
1098,943.29,10601.19,2137.67,839.0000,65535.0000,5953.5000,5114.5000,0.0000,0.0000,0.0000,1.0000,1.0000E+00,1.0000E+00,
1099,943.43,10599.61,2139.24,842.5000,65535.0000,5859.5000,5017.0000,0.0000,0.0000,0.0000,1.0000,1.0000E+00,1.0000E+00,
1100,943.57,10598.04,2140.82,892.5000,65535.0000,5950.5000,5058.0000,0.0000,0.0000,0.0000,1.0000,1.0000E+00,1.0000E+00,
1101,943.71,10596.46,2142.39,861.0000,65535.0000,5901.5000,5040.5000,0.0000,0.0000,0.0000,1.0000,1.0000E+00,1.0000E+00,
1102,943.85,10594.89,2143.96,851.0000,65535.0000,5881.5000,5030.5000,0.0000,0.0000,0.0000,1.0000,1.0000E+00,1.0000E+00,
1103,943.99,10593.32,2145.53,823.5000,65535.0000,5819.5000,4996.0000,0.0000,0.0000,0.0000,1.0000,1.0000E+00,1.0000E+00,
1104,944.13,10591.75,2147.11,859.5000,65535.0000,5829.0000,4969.5000,0.0000,0.0000,0.0000,1.0000,1.0000E+00,1.0000E+00,
1105,944.27,10590.18,2148.68,848.5000,65535.0000,5799.0000,4950.5000,0.0000,0.0000,0.0000,1.0000,1.0000E+00,1.0000E+00,
1106,944.41,10588.61,2150.25,882.0000,65535.0000,5836.5000,4954.5000,0.0000,0.0000,0.0000,1.0000,1.0000E+00,1.0000E+00,
1107,944.55,10587.04,2151.82,854.5000,65535.0000,5796.5000,4942.0000,0.0000,0.0000,0.0000,1.0000,1.0000E+00,1.0000E+00,
1108,944.69,10585.47,2153.39,846.5000,65535.0000,5801.5000,4955.0000,0.0000,0.0000,0.0000,1.0000,1.0000E+00,1.0000E+00,
1109,944.83,10583.90,2154.96,816.0000,65535.0000,5763.5000,4947.5000,0.0000,0.0000,0.0000,1.0000,1.0000E+00,1.0000E+00,
1110,944.97,10582.33,2156.52,863.0000,65535.0000,5687.0000,4824.0000,0.0000,0.0000,0.0000,1.0000,1.0000E+00,1.0000E+00,
1111,945.11,10580.76,2158.09,1122.5000,65535.0000,6011.0000,4888.5000,0.0000,0.0000,0.0000,1.0000,1.0000E+00,1.0000E+00,
1112,945.25,10579.20,2159.66,872.5000,65535.0000,5724.5000,4852.0000,0.0000,0.0000,0.0000,1.0000,1.0000E+00,1.0000E+00,
1113,945.39,10577.63,2161.22,856.0000,65535.0000,5746.5000,4890.5000,0.0000,0.0000,0.0000,1.0000,1.0000E+00,1.0000E+00,
1114,945.53,10576.06,2162.79,919.5000,65535.0000,5725.5000,4806.0000,0.0000,0.0000,0.0000,1.0000,1.0000E+00,1.0000E+00,
1115,945.67,10574.50,2164.35,844.5000,65535.0000,5660.0000,4815.5000,0.0000,0.0000,0.0000,1.0000,1.0000E+00,1.0000E+00,
1116,945.81,10572.94,2165.92,843.5000,65535.0000,5610.5000,4767.0000,0.0000,0.0000,0.0000,1.0000,1.0000E+00,1.0000E+00,
1117,945.95,10571.37,2167.48,873.0000,65535.0000,5705.5000,4832.5000,0.0000,0.0000,0.0000,1.0000,1.0000E+00,1.0000E+00,
1118,946.09,10569.81,2169.05,845.5000,65535.0000,5608.5000,4763.0000,0.0000,0.0000,0.0000,1.0000,1.0000E+00,1.0000E+00,
1119,946.23,10568.25,2170.61,825.0000,65535.0000,5629.5000,4804.5000,0.0000,0.0000,0.0000,1.0000,1.0000E+00,1.0000E+00,
1120,946.37,10566.68,2172.17,824.5000,65535.0000,5662.5000,4838.0000,0.0000,0.0000,0.0000,1.0000,1.0000E+00,1.0000E+00,
1121,946.51,10565.12,2173.73,843.0000,65535.0000,5579.5000,4736.5000,0.0000,0.0000,0.0000,1.0000,1.0000E+00,1.0000E+00,
1122,946.65,10563.56,2175.29,863.0000,65535.0000,5602.5000,4739.5000,0.0000,0.0000,0.0000,1.0000,1.0000E+00,1.0000E+00,
1123,946.79,10562.00,2176.85,839.5000,65535.0000,5594.0000,4754.5000,0.0000,0.0000,0.0000,1.0000,1.0000E+00,1.0000E+00,
1124,946.93,10560.44,2178.41,850.0000,65535.0000,5566.5000,4716.5000,0.0000,0.0000,0.0000,1.0000,1.0000E+00,1.0000E+00,
1125,947.07,10558.88,2179.97,873.0000,65535.0000,5564.0000,4691.0000,0.0000,0.0000,0.0000,1.0000,1.0000E+00,1.0000E+00,
1126,947.21,10557.33,2181.53,840.0000,65535.0000,5556.0000,4716.0000,0.0000,0.0000,0.0000,1.0000,1.0000E+00,1.0000E+00,
1127,947.35,10555.77,2183.09,844.0000,65535.0000,5606.5000,4762.5000,0.0000,0.0000,0.0000,1.0000,1.0000E+00,1.0000E+00,
1128,947.49,10554.21,2184.64,842.5000,65535.0000,5533.5000,4691.0000,0.0000,0.0000,0.0000,1.0000,1.0000E+00,1.0000E+00,
1129,947.63,10552.65,2186.20,859.0000,65535.0000,5527.0000,4668.0000,0.0000,0.0000,0.0000,1.0000,1.0000E+00,1.0000E+00,
1130,947.77,10551.10,2187.75,849.5000,65535.0000,5461.0000,4611.5000,0.0000,0.0000,0.0000,1.0000,1.0000E+00,1.0000E+00,
1131,947.91,10549.54,2189.31,841.5000,65535.0000,5520.5000,4679.0000,0.0000,0.0000,0.0000,1.0000,1.0000E+00,1.0000E+00,
1132,948.05,10547.99,2190.86,829.0000,65535.0000,5461.5000,4632.5000,0.0000,0.0000,0.0000,1.0000,1.0000E+00,1.0000E+00,
1133,948.19,10546.44,2192.42,826.5000,65535.0000,5496.5000,4670.0000,0.0000,0.0000,0.0000,1.0000,1.0000E+00,1.0000E+00,
1134,948.33,10544.88,2193.97,871.5000,65535.0000,5497.5000,4626.0000,0.0000,0.0000,0.0000,1.0000,1.0000E+00,1.0000E+00,
1135,948.47,10543.33,2195.52,890.0000,65535.0000,5499.5000,4609.5000,0.0000,0.0000,0.0000,1.0000,1.0000E+00,1.0000E+00,
1136,948.61,10541.78,2197.08,853.5000,65535.0000,5462.5000,4609.0000,0.0000,0.0000,0.0000,1.0000,1.0000E+00,1.0000E+00,
1137,948.75,10540.23,2198.63,857.0000,65535.0000,5409.0000,4552.0000,0.0000,0.0000,0.0000,1.0000,1.0000E+00,1.0000E+00,
1138,948.89,10538.68,2200.18,861.0000,65535.0000,5398.5000,4537.5000,0.0000,0.0000,0.0000,1.0000,1.0000E+00,1.0000E+00,
1139,949.03,10537.12,2201.73,848.0000,65535.0000,5394.0000,4546.0000,0.0000,0.0000,0.0000,1.0000,1.0000E+00,1.0000E+00,
1140,949.17,10535.58,2203.28,828.0000,65535.0000,5401.5000,4573.5000,0.0000,0.0000,0.0000,1.0000,1.0000E+00,1.0000E+00,
1141,949.30,10534.03,2204.83,835.0000,65535.0000,5300.0000,4465.0000,0.0000,0.0000,0.0000,1.0000,1.0000E+00,1.0000E+00,
1142,949.44,10532.48,2206.38,828.5000,65535.0000,5318.5000,4490.0000,0.0000,0.0000,0.0000,1.0000,1.0000E+00,1.0000E+00,
1143,949.58,10530.93,2207.92,817.5000,65535.0000,5300.5000,4483.0000,0.0000,0.0000,0.0000,1.0000,1.0000E+00,1.0000E+00,
1144,949.72,10529.38,2209.47,840.0000,65535.0000,5316.5000,4476.5000,0.0000,0.0000,0.0000,1.0000,1.0000E+00,1.0000E+00,
1145,949.86,10527.84,2211.02,891.5000,65535.0000,5357.5000,4466.0000,0.0000,0.0000,0.0000,1.0000,1.0000E+00,1.0000E+00,
1146,950.00,10526.29,2212.56,833.0000,65535.0000,5374.0000,4541.0000,0.0000,0.0000,0.0000,1.0000,1.0000E+00,1.0000E+00,
1147,950.14,10524.74,2214.11,1177.0000,65535.0000,5440.5000,4263.5000,0.0000,0.0000,0.0000,1.0000,1.0000E+00,1.0000E+00,
1148,950.28,10523.20,2215.65,847.5000,65535.0000,5329.0000,4481.5000,0.0000,0.0000,0.0000,1.0000,1.0000E+00,1.0000E+00,
1149,950.42,10521.66,2217.20,828.5000,65535.0000,5274.0000,4445.5000,0.0000,0.0000,0.0000,1.0000,1.0000E+00,1.0000E+00,
1150,950.56,10520.11,2218.74,862.0000,65535.0000,5246.0000,4384.0000,0.0000,0.0000,0.0000,1.0000,1.0000E+00,1.0000E+00,
1151,950.70,10518.57,2220.28,863.5000,65535.0000,5268.0000,4404.5000,0.0000,0.0000,0.0000,1.0000,1.0000E+00,1.0000E+00,
1152,950.84,10517.03,2221.83,824.5000,65535.0000,5236.0000,4411.5000,0.0000,0.0000,0.0000,1.0000,1.0000E+00,1.0000E+00,
1153,950.98,10515.48,2223.37,886.0000,65535.0000,5301.0000,4415.0000,0.0000,0.0000,0.0000,1.0000,1.0000E+00,1.0000E+00,
1154,951.12,10513.94,2224.91,850.5000,65535.0000,5248.5000,4398.0000,0.0000,0.0000,0.0000,1.0000,1.0000E+00,1.0000E+00,
1155,951.26,10512.40,2226.45,809.5000,65535.0000,5260.0000,4450.5000,0.0000,0.0000,0.0000,1.0000,1.0000E+00,1.0000E+00,
1156,951.40,10510.86,2227.99,849.0000,65535.0000,5218.0000,4369.0000,0.0000,0.0000,0.0000,1.0000,1.0000E+00,1.0000E+00,
1157,951.54,10509.32,2229.53,852.5000,65535.0000,5172.5000,4320.0000,0.0000,0.0000,0.0000,1.0000,1.0000E+00,1.0000E+00,
1158,951.68,10507.78,2231.07,853.5000,65535.0000,5204.5000,4351.0000,0.0000,0.0000,0.0000,1.0000,1.0000E+00,1.0000E+00,
1159,951.81,10506.25,2232.61,863.5000,65535.0000,5187.0000,4323.5000,0.0000,0.0000,0.0000,1.0000,1.0000E+00,1.0000E+00,
1160,951.95,10504.71,2234.15,821.0000,65535.0000,5078.5000,4257.5000,0.0000,0.0000,0.0000,1.0000,1.0000E+00,1.0000E+00,
1161,952.09,10503.17,2235.68,833.5000,65535.0000,5165.0000,4331.5000,0.0000,0.0000,0.0000,1.0000,1.0000E+00,1.0000E+00,
1162,952.23,10501.64,2237.22,900.5000,65535.0000,5207.5000,4307.0000,0.0000,0.0000,0.0000,1.0000,1.0000E+00,1.0000E+00,
1163,952.37,10500.10,2238.75,871.0000,65535.0000,5210.5000,4339.5000,0.0000,0.0000,0.0000,1.0000,1.0000E+00,1.0000E+00,
1164,952.51,10498.56,2240.29,882.0000,65535.0000,5118.0000,4236.0000,0.0000,0.0000,0.0000,1.0000,1.0000E+00,1.0000E+00,
1165,952.65,10497.03,2241.82,809.0000,65535.0000,5124.5000,4315.5000,0.0000,0.0000,0.0000,1.0000,1.0000E+00,1.0000E+00,
1166,952.79,10495.50,2243.36,842.0000,65535.0000,5102.5000,4260.5000,0.0000,0.0000,0.0000,1.0000,1.0000E+00,1.0000E+00,
1167,952.93,10493.96,2244.89,856.0000,65535.0000,5153.0000,4297.0000,0.0000,0.0000,0.0000,1.0000,1.0000E+00,1.0000E+00,
1168,953.07,10492.43,2246.42,844.0000,65535.0000,5093.0000,4249.0000,0.0000,0.0000,0.0000,1.0000,1.0000E+00,1.0000E+00,
1169,953.21,10490.90,2247.96,828.0000,65535.0000,5006.5000,4178.5000,0.0000,0.0000,0.0000,1.0000,1.0000E+00,1.0000E+00,
1170,953.35,10489.37,2249.49,813.0000,65535.0000,5060.0000,4247.0000,0.0000,0.0000,0.0000,1.0000,1.0000E+00,1.0000E+00,
1171,953.49,10487.83,2251.02,856.0000,65535.0000,5072.5000,4216.5000,0.0000,0.0000,0.0000,1.0000,1.0000E+00,1.0000E+00,
1172,953.62,10486.30,2252.55,883.5000,65535.0000,5075.0000,4191.5000,0.0000,0.0000,0.0000,1.0000,1.0000E+00,1.0000E+00,
1173,953.76,10484.77,2254.08,847.0000,65535.0000,5038.0000,4191.0000,0.0000,0.0000,0.0000,1.0000,1.0000E+00,1.0000E+00,
1174,953.90,10483.24,2255.61,839.5000,65535.0000,5060.0000,4220.5000,0.0000,0.0000,0.0000,1.0000,1.0000E+00,1.0000E+00,
1175,954.04,10481.72,2257.14,849.5000,65535.0000,5041.5000,4192.0000,0.0000,0.0000,0.0000,1.0000,1.0000E+00,1.0000E+00,
1176,954.18,10480.19,2258.67,840.5000,65535.0000,5061.0000,4220.5000,0.0000,0.0000,0.0000,1.0000,1.0000E+00,1.0000E+00,
1177,954.32,10478.66,2260.19,850.5000,65535.0000,5083.5000,4233.0000,0.0000,0.0000,0.0000,1.0000,1.0000E+00,1.0000E+00,
1178,954.46,10477.13,2261.72,849.0000,65535.0000,4988.5000,4139.5000,0.0000,0.0000,0.0000,1.0000,1.0000E+00,1.0000E+00,
1179,954.60,10475.61,2263.25,843.5000,65535.0000,4962.0000,4118.5000,0.0000,0.0000,0.0000,1.0000,1.0000E+00,1.0000E+00,
1180,954.74,10474.08,2264.77,837.0000,65535.0000,4958.5000,4121.5000,0.0000,0.0000,0.0000,1.0000,1.0000E+00,1.0000E+00,
1181,954.88,10472.56,2266.30,860.0000,65535.0000,4975.0000,4115.0000,0.0000,0.0000,0.0000,1.0000,1.0000E+00,1.0000E+00,
1182,955.02,10471.03,2267.82,835.5000,65535.0000,4933.5000,4098.0000,0.0000,0.0000,0.0000,1.0000,1.0000E+00,1.0000E+00,
1183,955.15,10469.51,2269.35,830.5000,65535.0000,4893.0000,4062.5000,0.0000,0.0000,0.0000,1.0000,1.0000E+00,1.0000E+00,
1184,955.29,10467.99,2270.87,854.0000,65535.0000,4901.0000,4047.0000,0.0000,0.0000,0.0000,1.0000,1.0000E+00,1.0000E+00,
1185,955.43,10466.46,2272.39,844.5000,65535.0000,4944.5000,4100.0000,0.0000,0.0000,0.0000,1.0000,1.0000E+00,1.0000E+00,
1186,955.57,10464.94,2273.91,863.0000,65535.0000,4870.5000,4007.5000,0.0000,0.0000,0.0000,1.0000,1.0000E+00,1.0000E+00,
1187,955.71,10463.42,2275.43,824.0000,65535.0000,4869.5000,4045.5000,0.0000,0.0000,0.0000,1.0000,1.0000E+00,1.0000E+00,
1188,955.85,10461.90,2276.96,841.5000,65535.0000,4881.5000,4040.0000,0.0000,0.0000,0.0000,1.0000,1.0000E+00,1.0000E+00,
1189,955.99,10460.38,2278.48,862.0000,65535.0000,4891.0000,4029.0000,0.0000,0.0000,0.0000,1.0000,1.0000E+00,1.0000E+00,
1190,956.13,10458.86,2280.00,830.0000,65535.0000,4824.0000,3994.0000,0.0000,0.0000,0.0000,1.0000,1.0000E+00,1.0000E+00,
1191,956.27,10457.34,2281.51,859.5000,65535.0000,4825.0000,3965.5000,0.0000,0.0000,0.0000,1.0000,1.0000E+00,1.0000E+00,
1192,956.41,10455.82,2283.03,861.5000,65535.0000,4802.5000,3941.0000,0.0000,0.0000,0.0000,1.0000,1.0000E+00,1.0000E+00,
1193,956.54,10454.30,2284.55,858.0000,65535.0000,4849.0000,3991.0000,0.0000,0.0000,0.0000,1.0000,1.0000E+00,1.0000E+00,
1194,956.68,10452.78,2286.07,875.5000,65535.0000,4831.5000,3956.0000,0.0000,0.0000,0.0000,1.0000,1.0000E+00,1.0000E+00,
1195,956.82,10451.27,2287.59,837.0000,65535.0000,4727.0000,3890.0000,0.0000,0.0000,0.0000,1.0000,1.0000E+00,1.0000E+00,
1196,956.96,10449.75,2289.10,832.0000,65535.0000,4748.0000,3916.0000,0.0000,0.0000,0.0000,1.0000,1.0000E+00,1.0000E+00,
1197,957.10,10448.24,2290.62,863.5000,65535.0000,4771.5000,3908.0000,0.0000,0.0000,0.0000,1.0000,1.0000E+00,1.0000E+00,
1198,957.24,10446.72,2292.13,863.0000,65535.0000,4774.5000,3911.5000,0.0000,0.0000,0.0000,1.0000,1.0000E+00,1.0000E+00,
1199,957.38,10445.21,2293.65,894.5000,65535.0000,4753.5000,3859.0000,0.0000,0.0000,0.0000,1.0000,1.0000E+00,1.0000E+00,
1200,957.52,10443.69,2295.16,844.0000,65535.0000,4699.0000,3855.0000,0.0000,0.0000,0.0000,1.0000,1.0000E+00,1.0000E+00,
1201,957.65,10442.18,2296.67,851.0000,65535.0000,4682.0000,3831.0000,0.0000,0.0000,0.0000,1.0000,1.0000E+00,1.0000E+00,
1202,957.79,10440.67,2298.19,826.0000,65535.0000,4691.5000,3865.5000,0.0000,0.0000,0.0000,1.0000,1.0000E+00,1.0000E+00,
1203,957.93,10439.16,2299.70,841.0000,65535.0000,4652.5000,3811.5000,0.0000,0.0000,0.0000,1.0000,1.0000E+00,1.0000E+00,
1204,958.07,10437.64,2301.21,838.5000,65535.0000,4689.0000,3850.5000,0.0000,0.0000,0.0000,1.0000,1.0000E+00,1.0000E+00,
1205,958.21,10436.13,2302.72,822.5000,65535.0000,4680.0000,3857.5000,0.0000,0.0000,0.0000,1.0000,1.0000E+00,1.0000E+00,
1206,958.35,10434.62,2304.23,866.0000,65535.0000,4674.0000,3808.0000,0.0000,0.0000,0.0000,1.0000,1.0000E+00,1.0000E+00,
1207,958.49,10433.11,2305.74,817.5000,65535.0000,4617.0000,3799.5000,0.0000,0.0000,0.0000,1.0000,1.0000E+00,1.0000E+00,
1208,958.63,10431.60,2307.25,864.0000,65535.0000,4681.5000,3817.5000,0.0000,0.0000,0.0000,1.0000,1.0000E+00,1.0000E+00,
1209,958.76,10430.10,2308.76,819.0000,65535.0000,4632.0000,3813.0000,0.0000,0.0000,0.0000,1.0000,1.0000E+00,1.0000E+00,
1210,958.90,10428.59,2310.27,827.5000,65535.0000,4597.0000,3769.5000,0.0000,0.0000,0.0000,1.0000,1.0000E+00,1.0000E+00,
1211,959.04,10427.08,2311.77,858.0000,65535.0000,4591.5000,3733.5000,0.0000,0.0000,0.0000,1.0000,1.0000E+00,1.0000E+00,
1212,959.18,10425.57,2313.28,819.5000,65535.0000,4570.0000,3750.5000,0.0000,0.0000,0.0000,1.0000,1.0000E+00,1.0000E+00,
1213,959.32,10424.07,2314.79,872.0000,65535.0000,4584.0000,3712.0000,0.0000,0.0000,0.0000,1.0000,1.0000E+00,1.0000E+00,
1214,959.46,10422.56,2316.29,834.5000,65535.0000,4549.5000,3715.0000,0.0000,0.0000,0.0000,1.0000,1.0000E+00,1.0000E+00,
1215,959.60,10421.06,2317.80,836.0000,65535.0000,4468.0000,3632.0000,0.0000,0.0000,0.0000,1.0000,1.0000E+00,1.0000E+00,
1216,959.73,10419.55,2319.30,810.0000,65535.0000,4527.5000,3717.5000,0.0000,0.0000,0.0000,1.0000,1.0000E+00,1.0000E+00,
1217,959.87,10418.05,2320.81,871.0000,65535.0000,4505.0000,3634.0000,0.0000,0.0000,0.0000,1.0000,1.0000E+00,1.0000E+00,
1218,960.01,10416.54,2322.31,863.5000,65535.0000,4501.5000,3638.0000,0.0000,0.0000,0.0000,1.0000,1.0000E+00,1.0000E+00,
1219,960.15,10415.04,2323.81,866.0000,65535.0000,4506.0000,3640.0000,0.0000,0.0000,0.0000,1.0000,1.0000E+00,1.0000E+00,
1220,960.29,10413.54,2325.31,870.5000,65535.0000,4497.0000,3626.5000,0.0000,0.0000,0.0000,1.0000,1.0000E+00,1.0000E+00,
1221,960.43,10412.04,2326.82,847.0000,65535.0000,4457.5000,3610.5000,0.0000,0.0000,0.0000,1.0000,1.0000E+00,1.0000E+00,
1222,960.57,10410.54,2328.32,805.5000,65535.0000,4450.5000,3645.0000,0.0000,0.0000,0.0000,1.0000,1.0000E+00,1.0000E+00,
1223,960.70,10409.04,2329.82,855.5000,65535.0000,4447.0000,3591.5000,0.0000,0.0000,0.0000,1.0000,1.0000E+00,1.0000E+00,
1224,960.84,10407.54,2331.32,846.5000,65535.0000,4503.0000,3656.5000,0.0000,0.0000,0.0000,1.0000,1.0000E+00,1.0000E+00,
1225,960.98,10406.04,2332.82,833.5000,65535.0000,4446.0000,3612.5000,0.0000,0.0000,0.0000,1.0000,1.0000E+00,1.0000E+00,
1226,961.12,10404.54,2334.31,846.0000,65535.0000,4440.5000,3594.5000,0.0000,0.0000,0.0000,1.0000,1.0000E+00,1.0000E+00,
1227,961.26,10403.04,2335.81,822.0000,65535.0000,4456.5000,3634.5000,0.0000,0.0000,0.0000,1.0000,1.0000E+00,1.0000E+00,
1228,961.40,10401.54,2337.31,838.0000,65535.0000,4408.0000,3570.0000,0.0000,0.0000,0.0000,1.0000,1.0000E+00,1.0000E+00,
1229,961.53,10400.05,2338.81,846.0000,65535.0000,4402.5000,3556.5000,0.0000,0.0000,0.0000,1.0000,1.0000E+00,1.0000E+00,
1230,961.67,10398.55,2340.30,868.5000,65535.0000,4423.5000,3555.0000,0.0000,0.0000,0.0000,1.0000,1.0000E+00,1.0000E+00,
1231,961.81,10397.06,2341.80,863.0000,65535.0000,4412.5000,3549.5000,0.0000,0.0000,0.0000,1.0000,1.0000E+00,1.0000E+00,
1232,961.95,10395.56,2343.29,856.5000,65535.0000,4419.5000,3563.0000,0.0000,0.0000,0.0000,1.0000,1.0000E+00,1.0000E+00,
1233,962.09,10394.07,2344.79,827.0000,65535.0000,4329.0000,3502.0000,0.0000,0.0000,0.0000,1.0000,1.0000E+00,1.0000E+00,
1234,962.23,10392.57,2346.28,840.0000,65535.0000,4355.0000,3515.0000,0.0000,0.0000,0.0000,1.0000,1.0000E+00,1.0000E+00,
1235,962.36,10391.08,2347.78,875.5000,65535.0000,4436.0000,3560.5000,0.0000,0.0000,0.0000,1.0000,1.0000E+00,1.0000E+00,
1236,962.50,10389.59,2349.27,884.5000,65535.0000,4409.5000,3525.0000,0.0000,0.0000,0.0000,1.0000,1.0000E+00,1.0000E+00,
1237,962.64,10388.09,2350.76,839.0000,65535.0000,4389.5000,3550.5000,0.0000,0.0000,0.0000,1.0000,1.0000E+00,1.0000E+00,
1238,962.78,10386.60,2352.25,863.0000,65535.0000,4393.5000,3530.5000,0.0000,0.0000,0.0000,1.0000,1.0000E+00,1.0000E+00,
1239,962.92,10385.11,2353.74,818.5000,65535.0000,4373.5000,3555.0000,0.0000,0.0000,0.0000,1.0000,1.0000E+00,1.0000E+00,
1240,963.06,10383.62,2355.23,841.5000,65535.0000,4288.0000,3446.5000,0.0000,0.0000,0.0000,1.0000,1.0000E+00,1.0000E+00,
1241,963.19,10382.13,2356.72,854.5000,65535.0000,4311.5000,3457.0000,0.0000,0.0000,0.0000,1.0000,1.0000E+00,1.0000E+00,
1242,963.33,10380.64,2358.21,895.0000,65535.0000,4338.0000,3443.0000,0.0000,0.0000,0.0000,1.0000,1.0000E+00,1.0000E+00,
1243,963.47,10379.15,2359.70,840.0000,65535.0000,4242.0000,3402.0000,0.0000,0.0000,0.0000,1.0000,1.0000E+00,1.0000E+00,
1244,963.61,10377.66,2361.19,810.0000,65535.0000,4204.5000,3394.5000,0.0000,0.0000,0.0000,1.0000,1.0000E+00,1.0000E+00,
1245,963.75,10376.18,2362.68,818.0000,65535.0000,4192.5000,3374.5000,0.0000,0.0000,0.0000,1.0000,1.0000E+00,1.0000E+00,
1246,963.88,10374.69,2364.16,880.0000,65535.0000,4213.0000,3333.0000,0.0000,0.0000,0.0000,1.0000,1.0000E+00,1.0000E+00,
1247,964.02,10373.20,2365.65,833.0000,65535.0000,4184.0000,3351.0000,0.0000,0.0000,0.0000,1.0000,1.0000E+00,1.0000E+00,
1248,964.16,10371.72,2367.14,839.5000,65535.0000,4251.0000,3411.5000,0.0000,0.0000,0.0000,1.0000,1.0000E+00,1.0000E+00,
1249,964.30,10370.23,2368.62,842.0000,65535.0000,4193.0000,3351.0000,0.0000,0.0000,0.0000,1.0000,1.0000E+00,1.0000E+00,
1250,964.44,10368.75,2370.11,855.5000,65535.0000,4160.5000,3305.0000,0.0000,0.0000,0.0000,1.0000,1.0000E+00,1.0000E+00,
1251,964.57,10367.26,2371.59,829.0000,65535.0000,4176.5000,3347.5000,0.0000,0.0000,0.0000,1.0000,1.0000E+00,1.0000E+00,
1252,964.71,10365.78,2373.07,852.5000,65535.0000,4130.5000,3278.0000,0.0000,0.0000,0.0000,1.0000,1.0000E+00,1.0000E+00,
1253,964.85,10364.30,2374.56,859.0000,65535.0000,4125.5000,3266.5000,0.0000,0.0000,0.0000,1.0000,1.0000E+00,1.0000E+00,
1254,964.99,10362.81,2376.04,843.5000,65535.0000,4102.5000,3259.0000,0.0000,0.0000,0.0000,1.0000,1.0000E+00,1.0000E+00,
1255,965.13,10361.33,2377.52,824.5000,65535.0000,4119.5000,3295.0000,0.0000,0.0000,0.0000,1.0000,1.0000E+00,1.0000E+00,
1256,965.26,10359.85,2379.00,844.5000,65535.0000,4114.5000,3270.0000,0.0000,0.0000,0.0000,1.0000,1.0000E+00,1.0000E+00,
1257,965.40,10358.37,2380.48,876.0000,65535.0000,4152.0000,3276.0000,0.0000,0.0000,0.0000,1.0000,1.0000E+00,1.0000E+00,
1258,965.54,10356.89,2381.96,840.5000,65535.0000,4088.0000,3247.5000,0.0000,0.0000,0.0000,1.0000,1.0000E+00,1.0000E+00,
1259,965.68,10355.41,2383.44,851.0000,65535.0000,4116.0000,3265.0000,0.0000,0.0000,0.0000,1.0000,1.0000E+00,1.0000E+00,
1260,965.82,10353.93,2384.92,844.0000,65535.0000,4099.0000,3255.0000,0.0000,0.0000,0.0000,1.0000,1.0000E+00,1.0000E+00,
1261,965.95,10352.45,2386.40,856.0000,65535.0000,4141.0000,3285.0000,0.0000,0.0000,0.0000,1.0000,1.0000E+00,1.0000E+00,
1262,966.09,10350.98,2387.88,835.0000,65535.0000,4024.5000,3189.5000,0.0000,0.0000,0.0000,1.0000,1.0000E+00,1.0000E+00,
1263,966.23,10349.50,2389.36,934.0000,65535.0000,4125.0000,3191.0000,0.0000,0.0000,0.0000,1.0000,1.0000E+00,1.0000E+00,
1264,966.37,10348.02,2390.83,834.0000,65535.0000,4076.5000,3242.5000,0.0000,0.0000,0.0000,1.0000,1.0000E+00,1.0000E+00,
1265,966.51,10346.55,2392.31,880.0000,65535.0000,4068.5000,3188.5000,0.0000,0.0000,0.0000,1.0000,1.0000E+00,1.0000E+00,
1266,966.64,10345.07,2393.78,849.0000,65535.0000,3992.5000,3143.5000,0.0000,0.0000,0.0000,1.0000,1.0000E+00,1.0000E+00,
1267,966.78,10343.59,2395.26,836.5000,65535.0000,3915.0000,3078.5000,0.0000,0.0000,0.0000,1.0000,1.0000E+00,1.0000E+00,
1268,966.92,10342.12,2396.73,846.5000,65535.0000,3923.5000,3077.0000,0.0000,0.0000,0.0000,1.0000,1.0000E+00,1.0000E+00,
1269,967.06,10340.65,2398.21,822.5000,65535.0000,3966.0000,3143.5000,0.0000,0.0000,0.0000,1.0000,1.0000E+00,1.0000E+00,
1270,967.20,10339.17,2399.68,838.0000,65535.0000,3926.0000,3088.0000,0.0000,0.0000,0.0000,1.0000,1.0000E+00,1.0000E+00,
1271,967.33,10337.70,2401.15,824.5000,65535.0000,3871.5000,3047.0000,0.0000,0.0000,0.0000,1.0000,1.0000E+00,1.0000E+00,
1272,967.47,10336.23,2402.63,824.5000,65535.0000,3910.5000,3086.0000,0.0000,0.0000,0.0000,1.0000,1.0000E+00,1.0000E+00,
1273,967.61,10334.76,2404.10,832.5000,65535.0000,3910.0000,3077.5000,0.0000,0.0000,0.0000,1.0000,1.0000E+00,1.0000E+00,
1274,967.75,10333.29,2405.57,859.0000,65535.0000,3916.5000,3057.5000,0.0000,0.0000,0.0000,1.0000,1.0000E+00,1.0000E+00,
1275,967.88,10331.82,2407.04,834.0000,65535.0000,3886.0000,3052.0000,0.0000,0.0000,0.0000,1.0000,1.0000E+00,1.0000E+00,
1276,968.02,10330.35,2408.51,849.0000,65535.0000,3890.0000,3041.0000,0.0000,0.0000,0.0000,1.0000,1.0000E+00,1.0000E+00,
1277,968.16,10328.88,2409.98,835.5000,65535.0000,3857.5000,3022.0000,0.0000,0.0000,0.0000,1.0000,1.0000E+00,1.0000E+00,
1278,968.30,10327.41,2411.45,864.0000,65535.0000,3856.5000,2992.5000,0.0000,0.0000,0.0000,1.0000,1.0000E+00,1.0000E+00,
1279,968.43,10325.94,2412.91,866.5000,65535.0000,3849.0000,2982.5000,0.0000,0.0000,0.0000,1.0000,1.0000E+00,1.0000E+00,
1280,968.57,10324.47,2414.38,817.5000,65535.0000,3837.0000,3019.5000,0.0000,0.0000,0.0000,1.0000,1.0000E+00,1.0000E+00,
1281,968.71,10323.01,2415.85,852.0000,65535.0000,3820.0000,2968.0000,0.0000,0.0000,0.0000,1.0000,1.0000E+00,1.0000E+00,
1282,968.85,10321.54,2417.31,834.0000,65535.0000,3825.5000,2991.5000,0.0000,0.0000,0.0000,1.0000,1.0000E+00,1.0000E+00,
1283,968.99,10320.07,2418.78,852.0000,65535.0000,3783.0000,2931.0000,0.0000,0.0000,0.0000,1.0000,1.0000E+00,1.0000E+00,
1284,969.12,10318.61,2420.25,820.5000,65535.0000,3831.0000,3010.5000,0.0000,0.0000,0.0000,1.0000,1.0000E+00,1.0000E+00,
1285,969.26,10317.14,2421.71,841.5000,65535.0000,3756.5000,2915.0000,0.0000,0.0000,0.0000,1.0000,1.0000E+00,1.0000E+00,
1286,969.40,10315.68,2423.18,849.0000,65535.0000,3779.0000,2930.0000,0.0000,0.0000,0.0000,1.0000,1.0000E+00,1.0000E+00,
1287,969.54,10314.21,2424.64,835.5000,65535.0000,3788.0000,2952.5000,0.0000,0.0000,0.0000,1.0000,1.0000E+00,1.0000E+00,
1288,969.67,10312.75,2426.10,839.0000,65535.0000,3785.0000,2946.0000,0.0000,0.0000,0.0000,1.0000,1.0000E+00,1.0000E+00,
1289,969.81,10311.29,2427.56,844.0000,65535.0000,3791.5000,2947.5000,0.0000,0.0000,0.0000,1.0000,1.0000E+00,1.0000E+00,
1290,969.95,10309.83,2429.03,830.5000,65535.0000,3760.0000,2929.5000,0.0000,0.0000,0.0000,1.0000,1.0000E+00,1.0000E+00,
1291,970.09,10308.37,2430.49,850.0000,65535.0000,3774.0000,2924.0000,0.0000,0.0000,0.0000,1.0000,1.0000E+00,1.0000E+00,
1292,970.22,10306.91,2431.95,855.0000,65535.0000,3788.0000,2933.0000,0.0000,0.0000,0.0000,1.0000,1.0000E+00,1.0000E+00,
1293,970.36,10305.45,2433.41,855.0000,65535.0000,3787.0000,2932.0000,0.0000,0.0000,0.0000,1.0000,1.0000E+00,1.0000E+00,
1294,970.50,10303.99,2434.87,902.0000,65535.0000,3815.5000,2913.5000,0.0000,0.0000,0.0000,1.0000,1.0000E+00,1.0000E+00,
1295,970.64,10302.53,2436.33,855.5000,65535.0000,3684.0000,2828.5000,0.0000,0.0000,0.0000,1.0000,1.0000E+00,1.0000E+00,
1296,970.77,10301.07,2437.79,932.5000,65535.0000,3812.5000,2880.0000,0.0000,0.0000,0.0000,1.0000,1.0000E+00,1.0000E+00,
1297,970.91,10299.61,2439.24,816.5000,65535.0000,3674.0000,2857.5000,0.0000,0.0000,0.0000,1.0000,1.0000E+00,1.0000E+00,
1298,971.05,10298.15,2440.70,862.0000,65535.0000,3728.0000,2866.0000,0.0000,0.0000,0.0000,1.0000,1.0000E+00,1.0000E+00,
1299,971.19,10296.70,2442.16,898.0000,65535.0000,3748.5000,2850.5000,0.0000,0.0000,0.0000,1.0000,1.0000E+00,1.0000E+00,
1300,971.32,10295.24,2443.61,828.5000,65535.0000,3662.0000,2833.5000,0.0000,0.0000,0.0000,1.0000,1.0000E+00,1.0000E+00,
1301,971.46,10293.78,2445.07,842.5000,65535.0000,3698.5000,2856.0000,0.0000,0.0000,0.0000,1.0000,1.0000E+00,1.0000E+00,
1302,971.60,10292.33,2446.52,843.0000,65535.0000,3725.5000,2882.5000,0.0000,0.0000,0.0000,1.0000,1.0000E+00,1.0000E+00,
1303,971.73,10290.87,2447.98,840.0000,65535.0000,3720.5000,2880.5000,0.0000,0.0000,0.0000,1.0000,1.0000E+00,1.0000E+00,
1304,971.87,10289.42,2449.43,860.0000,65535.0000,3643.5000,2783.5000,0.0000,0.0000,0.0000,1.0000,1.0000E+00,1.0000E+00,
1305,972.01,10287.97,2450.89,857.0000,65535.0000,3672.0000,2815.0000,0.0000,0.0000,0.0000,1.0000,1.0000E+00,1.0000E+00,
1306,972.15,10286.51,2452.34,870.5000,65535.0000,3668.5000,2798.0000,0.0000,0.0000,0.0000,1.0000,1.0000E+00,1.0000E+00,
1307,972.28,10285.06,2453.79,836.5000,65535.0000,3649.0000,2812.5000,0.0000,0.0000,0.0000,1.0000,1.0000E+00,1.0000E+00,
1308,972.42,10283.61,2455.24,851.0000,65535.0000,3635.5000,2784.5000,0.0000,0.0000,0.0000,1.0000,1.0000E+00,1.0000E+00,
1309,972.56,10282.16,2456.70,821.0000,65535.0000,3647.5000,2826.5000,0.0000,0.0000,0.0000,1.0000,1.0000E+00,1.0000E+00,
1310,972.70,10280.71,2458.15,881.5000,65535.0000,3620.0000,2738.5000,0.0000,0.0000,0.0000,1.0000,1.0000E+00,1.0000E+00,
1311,972.83,10279.26,2459.60,821.0000,65535.0000,3586.0000,2765.0000,0.0000,0.0000,0.0000,1.0000,1.0000E+00,1.0000E+00,
1312,972.97,10277.81,2461.05,837.5000,65535.0000,3554.0000,2716.5000,0.0000,0.0000,0.0000,1.0000,1.0000E+00,1.0000E+00,
1313,973.11,10276.36,2462.49,893.5000,65535.0000,3665.0000,2771.5000,0.0000,0.0000,0.0000,1.0000,1.0000E+00,1.0000E+00,
1314,973.24,10274.91,2463.94,850.5000,65535.0000,3552.0000,2701.5000,0.0000,0.0000,0.0000,1.0000,1.0000E+00,1.0000E+00,
1315,973.38,10273.46,2465.39,902.5000,65535.0000,3618.5000,2716.0000,0.0000,0.0000,0.0000,1.0000,1.0000E+00,1.0000E+00,
1316,973.52,10272.02,2466.84,889.0000,65535.0000,3618.0000,2729.0000,0.0000,0.0000,0.0000,1.0000,1.0000E+00,1.0000E+00,
1317,973.66,10270.57,2468.28,861.0000,65535.0000,3563.5000,2702.5000,0.0000,0.0000,0.0000,1.0000,1.0000E+00,1.0000E+00,
1318,973.79,10269.12,2469.73,894.0000,65535.0000,3619.0000,2725.0000,0.0000,0.0000,0.0000,1.0000,1.0000E+00,1.0000E+00,
1319,973.93,10267.68,2471.18,842.5000,65535.0000,3581.5000,2739.0000,0.0000,0.0000,0.0000,1.0000,1.0000E+00,1.0000E+00,
1320,974.07,10266.23,2472.62,846.5000,65535.0000,3507.0000,2660.5000,0.0000,0.0000,0.0000,1.0000,1.0000E+00,1.0000E+00,
1321,974.20,10264.79,2474.07,844.5000,65535.0000,3542.0000,2697.5000,0.0000,0.0000,0.0000,1.0000,1.0000E+00,1.0000E+00,
1322,974.34,10263.34,2475.51,862.5000,65535.0000,3523.0000,2660.5000,0.0000,0.0000,0.0000,1.0000,1.0000E+00,1.0000E+00,
1323,974.48,10261.90,2476.95,847.5000,65535.0000,3496.5000,2649.0000,0.0000,0.0000,0.0000,1.0000,1.0000E+00,1.0000E+00,
1324,974.62,10260.46,2478.40,852.0000,65535.0000,3528.0000,2676.0000,0.0000,0.0000,0.0000,1.0000,1.0000E+00,1.0000E+00,
1325,974.75,10259.01,2479.84,854.5000,65535.0000,3570.0000,2715.5000,0.0000,0.0000,0.0000,1.0000,1.0000E+00,1.0000E+00,
1326,974.89,10257.57,2481.28,854.5000,65535.0000,3528.0000,2673.5000,0.0000,0.0000,0.0000,1.0000,1.0000E+00,1.0000E+00,
1327,975.03,10256.13,2482.72,854.5000,65535.0000,3513.0000,2658.5000,0.0000,0.0000,0.0000,1.0000,1.0000E+00,1.0000E+00,
1328,975.16,10254.69,2484.16,891.0000,65535.0000,3514.5000,2623.5000,0.0000,0.0000,0.0000,1.0000,1.0000E+00,1.0000E+00,
1329,975.30,10253.25,2485.60,828.5000,65535.0000,3447.0000,2618.5000,0.0000,0.0000,0.0000,1.0000,1.0000E+00,1.0000E+00,
1330,975.44,10251.81,2487.04,1041.5000,65535.0000,3670.5000,2629.0000,0.0000,0.0000,0.0000,1.0000,1.0000E+00,1.0000E+00,
1331,975.57,10250.37,2488.48,850.5000,65535.0000,3428.5000,2578.0000,0.0000,0.0000,0.0000,1.0000,1.0000E+00,1.0000E+00,
1332,975.71,10248.93,2489.92,862.5000,65535.0000,3491.0000,2628.5000,0.0000,0.0000,0.0000,1.0000,1.0000E+00,1.0000E+00,
1333,975.85,10247.50,2491.36,827.0000,65535.0000,3443.0000,2616.0000,0.0000,0.0000,0.0000,1.0000,1.0000E+00,1.0000E+00,
1334,975.98,10246.06,2492.79,818.5000,65535.0000,3425.0000,2606.5000,0.0000,0.0000,0.0000,1.0000,1.0000E+00,1.0000E+00,
1335,976.12,10244.62,2494.23,851.0000,65535.0000,3401.0000,2550.0000,0.0000,0.0000,0.0000,1.0000,1.0000E+00,1.0000E+00,
1336,976.26,10243.19,2495.67,847.5000,65535.0000,3402.0000,2554.5000,0.0000,0.0000,0.0000,1.0000,1.0000E+00,1.0000E+00,
1337,976.40,10241.75,2497.10,849.0000,65535.0000,3411.0000,2562.0000,0.0000,0.0000,0.0000,1.0000,1.0000E+00,1.0000E+00,
1338,976.53,10240.32,2498.54,832.0000,65535.0000,3431.0000,2599.0000,0.0000,0.0000,0.0000,1.0000,1.0000E+00,1.0000E+00,
1339,976.67,10238.88,2499.97,820.5000,65535.0000,3397.0000,2576.5000,0.0000,0.0000,0.0000,1.0000,1.0000E+00,1.0000E+00,
1340,976.81,10237.45,2501.41,847.5000,65535.0000,3422.5000,2575.0000,0.0000,0.0000,0.0000,1.0000,1.0000E+00,1.0000E+00,
1341,   ,   ,   ,866.0000,65535.0000,3412.0000,2546.0000,0.0000,0.0000,0.0000,1.0000,1.0000E+00,1.0000E+00,
1342,   ,   ,   ,839.0000,65535.0000,3332.5000,2493.5000,0.0000,0.0000,0.0000,1.0000,1.0000E+00,1.0000E+00,
1343,   ,   ,   ,832.0000,65535.0000,3316.5000,2484.5000,0.0000,0.0000,0.0000,1.0000,1.0000E+00,1.0000E+00,
1344,   ,   ,   ,828.0000,65535.0000,3398.0000,2570.0000,0.0000,0.0000,0.0000,1.0000,1.0000E+00,1.0000E+00,
1345,   ,   ,   ,838.0000,65535.0000,3388.0000,2550.0000,0.0000,0.0000,0.0000,1.0000,1.0000E+00,1.0000E+00,
1346,   ,   ,   ,848.5000,65535.0000,3360.5000,2512.0000,0.0000,0.0000,0.0000,1.0000,1.0000E+00,1.0000E+00,
1347,   ,   ,   ,851.0000,65535.0000,3364.5000,2513.5000,0.0000,0.0000,0.0000,1.0000,1.0000E+00,1.0000E+00,
1348,   ,   ,   ,846.0000,65535.0000,3394.0000,2548.0000,0.0000,0.0000,0.0000,1.0000,1.0000E+00,1.0000E+00,
1349,   ,   ,   ,856.5000,65535.0000,3392.5000,2536.0000,0.0000,0.0000,0.0000,1.0000,1.0000E+00,1.0000E+00,
1350,   ,   ,   ,877.5000,65535.0000,3348.5000,2471.0000,0.0000,0.0000,0.0000,1.0000,1.0000E+00,1.0000E+00,
1351,   ,   ,   ,836.5000,65535.0000,3346.0000,2509.5000,0.0000,0.0000,0.0000,1.0000,1.0000E+00,1.0000E+00,
1352,   ,   ,   ,856.5000,65535.0000,3358.5000,2502.0000,0.0000,0.0000,0.0000,1.0000,1.0000E+00,1.0000E+00,
1353,   ,   ,   ,849.0000,65535.0000,3331.5000,2482.5000,0.0000,0.0000,0.0000,1.0000,1.0000E+00,1.0000E+00,
1354,   ,   ,   ,815.0000,65535.0000,3323.0000,2508.0000,0.0000,0.0000,0.0000,1.0000,1.0000E+00,1.0000E+00,
1355,   ,   ,   ,827.5000,65535.0000,3306.5000,2479.0000,0.0000,0.0000,0.0000,1.0000,1.0000E+00,1.0000E+00,
1356,   ,   ,   ,830.0000,65535.0000,3321.5000,2491.5000,0.0000,0.0000,0.0000,1.0000,1.0000E+00,1.0000E+00,
1357,   ,   ,   ,887.5000,65535.0000,3359.0000,2471.5000,0.0000,0.0000,0.0000,1.0000,1.0000E+00,1.0000E+00,
1358,   ,   ,   ,861.0000,65535.0000,3308.0000,2447.0000,0.0000,0.0000,0.0000,1.0000,1.0000E+00,1.0000E+00,
1359,   ,   ,   ,886.0000,65535.0000,3345.0000,2459.0000,0.0000,0.0000,0.0000,1.0000,1.0000E+00,1.0000E+00,
1360,   ,   ,   ,891.0000,65535.0000,3313.5000,2422.5000,0.0000,0.0000,0.0000,1.0000,1.0000E+00,1.0000E+00,
1361,   ,   ,   ,893.5000,65535.0000,3334.5000,2441.0000,0.0000,0.0000,0.0000,1.0000,1.0000E+00,1.0000E+00,
1362,   ,   ,   ,841.5000,65535.0000,3267.0000,2425.5000,0.0000,0.0000,0.0000,1.0000,1.0000E+00,1.0000E+00,
1363,   ,   ,   ,840.5000,65535.0000,3255.5000,2415.0000,0.0000,0.0000,0.0000,1.0000,1.0000E+00,1.0000E+00,
1364,   ,   ,   ,837.0000,65535.0000,3271.5000,2434.5000,0.0000,0.0000,0.0000,1.0000,1.0000E+00,1.0000E+00,
1365,   ,   ,   ,1056.5000,65535.0000,3335.5000,2279.0000,0.0000,0.0000,0.0000,1.0000,1.0000E+00,1.0000E+00,
1366,   ,   ,   ,873.0000,65535.0000,3224.5000,2351.5000,0.0000,0.0000,0.0000,1.0000,1.0000E+00,1.0000E+00,
1367,   ,   ,   ,860.0000,65535.0000,3233.0000,2373.0000,0.0000,0.0000,0.0000,1.0000,1.0000E+00,1.0000E+00,
1368,   ,   ,   ,846.0000,65535.0000,3228.5000,2382.5000,0.0000,0.0000,0.0000,1.0000,1.0000E+00,1.0000E+00,
1369,   ,   ,   ,841.5000,65535.0000,3223.0000,2381.5000,0.0000,0.0000,0.0000,1.0000,1.0000E+00,1.0000E+00,
1370,   ,   ,   ,886.5000,65535.0000,3220.5000,2334.0000,0.0000,0.0000,0.0000,1.0000,1.0000E+00,1.0000E+00,
1371,   ,   ,   ,819.5000,65535.0000,3203.5000,2384.0000,0.0000,0.0000,0.0000,1.0000,1.0000E+00,1.0000E+00,
1372,   ,   ,   ,842.0000,65535.0000,3187.0000,2345.0000,0.0000,0.0000,0.0000,1.0000,1.0000E+00,1.0000E+00,
1373,   ,   ,   ,857.0000,65535.0000,3186.5000,2329.5000,0.0000,0.0000,0.0000,1.0000,1.0000E+00,1.0000E+00,
1374,   ,   ,   ,880.5000,65535.0000,3213.5000,2333.0000,0.0000,0.0000,0.0000,1.0000,1.0000E+00,1.0000E+00,
1375,   ,   ,   ,844.5000,65535.0000,3170.5000,2326.0000,0.0000,0.0000,0.0000,1.0000,1.0000E+00,1.0000E+00,
1376,   ,   ,   ,808.0000,65535.0000,3147.5000,2339.5000,0.0000,0.0000,0.0000,1.0000,1.0000E+00,1.0000E+00,
1377,   ,   ,   ,839.5000,65535.0000,3165.0000,2325.5000,0.0000,0.0000,0.0000,1.0000,1.0000E+00,1.0000E+00,
1378,   ,   ,   ,855.5000,65535.0000,3149.0000,2293.5000,0.0000,0.0000,0.0000,1.0000,1.0000E+00,1.0000E+00,
1379,   ,   ,   ,821.5000,65535.0000,3173.5000,2352.0000,0.0000,0.0000,0.0000,1.0000,1.0000E+00,1.0000E+00,
1380,   ,   ,   ,827.5000,65535.0000,3118.0000,2290.5000,0.0000,0.0000,0.0000,1.0000,1.0000E+00,1.0000E+00,
1381,   ,   ,   ,855.5000,65535.0000,3075.0000,2219.5000,0.0000,0.0000,0.0000,1.0000,1.0000E+00,1.0000E+00,
1382,   ,   ,   ,835.5000,65535.0000,3081.0000,2245.5000,0.0000,0.0000,0.0000,1.0000,1.0000E+00,1.0000E+00,
1383,   ,   ,   ,822.5000,65535.0000,3087.0000,2264.5000,0.0000,0.0000,0.0000,1.0000,1.0000E+00,1.0000E+00,
1384,   ,   ,   ,829.5000,65535.0000,3050.0000,2220.5000,0.0000,0.0000,0.0000,1.0000,1.0000E+00,1.0000E+00,
1385,   ,   ,   ,859.5000,65535.0000,3097.0000,2237.5000,0.0000,0.0000,0.0000,1.0000,1.0000E+00,1.0000E+00,
1386,   ,   ,   ,830.5000,65535.0000,3101.0000,2270.5000,0.0000,0.0000,0.0000,1.0000,1.0000E+00,1.0000E+00,
1387,   ,   ,   ,962.5000,65535.0000,3030.5000,2068.0000,0.0000,0.0000,0.0000,1.0000,1.0000E+00,1.0000E+00,
1388,   ,   ,   ,838.5000,65535.0000,3081.5000,2243.0000,0.0000,0.0000,0.0000,1.0000,1.0000E+00,1.0000E+00,
1389,   ,   ,   ,850.5000,65535.0000,3109.5000,2259.0000,0.0000,0.0000,0.0000,1.0000,1.0000E+00,1.0000E+00,
1390,   ,   ,   ,933.0000,65535.0000,3145.0000,2212.0000,0.0000,0.0000,0.0000,1.0000,1.0000E+00,1.0000E+00,
1391,   ,   ,   ,865.5000,65535.0000,3042.0000,2176.5000,0.0000,0.0000,0.0000,1.0000,1.0000E+00,1.0000E+00,
1392,   ,   ,   ,862.5000,65535.0000,3069.0000,2206.5000,0.0000,0.0000,0.0000,1.0000,1.0000E+00,1.0000E+00,
1393,   ,   ,   ,828.5000,65535.0000,3066.5000,2238.0000,0.0000,0.0000,0.0000,1.0000,1.0000E+00,1.0000E+00,
1394,   ,   ,   ,819.5000,65535.0000,3014.0000,2194.5000,0.0000,0.0000,0.0000,1.0000,1.0000E+00,1.0000E+00,
1395,   ,   ,   ,846.5000,65535.0000,3010.0000,2163.5000,0.0000,0.0000,0.0000,1.0000,1.0000E+00,1.0000E+00,
1396,   ,   ,   ,824.0000,65535.0000,3031.5000,2207.5000,0.0000,0.0000,0.0000,1.0000,1.0000E+00,1.0000E+00,
1397,   ,   ,   ,879.5000,65535.0000,3034.5000,2155.0000,0.0000,0.0000,0.0000,1.0000,1.0000E+00,1.0000E+00,
1398,   ,   ,   ,843.0000,65535.0000,2966.5000,2123.5000,0.0000,0.0000,0.0000,1.0000,1.0000E+00,1.0000E+00,
1399,   ,   ,   ,828.0000,65535.0000,2962.0000,2134.0000,0.0000,0.0000,0.0000,1.0000,1.0000E+00,1.0000E+00,
1400,   ,   ,   ,835.5000,65535.0000,3013.0000,2177.5000,0.0000,0.0000,0.0000,1.0000,1.0000E+00,1.0000E+00,
1401,   ,   ,   ,844.5000,65535.0000,2934.5000,2090.0000,0.0000,0.0000,0.0000,1.0000,1.0000E+00,1.0000E+00,
1402,   ,   ,   ,858.5000,65535.0000,2977.0000,2118.5000,0.0000,0.0000,0.0000,1.0000,1.0000E+00,1.0000E+00,
1403,   ,   ,   ,814.5000,65535.0000,2937.0000,2122.5000,0.0000,0.0000,0.0000,1.0000,1.0000E+00,1.0000E+00,
1404,   ,   ,   ,845.5000,65535.0000,2918.5000,2073.0000,0.0000,0.0000,0.0000,1.0000,1.0000E+00,1.0000E+00,
1405,   ,   ,   ,865.5000,65535.0000,2932.0000,2066.5000,0.0000,0.0000,0.0000,1.0000,1.0000E+00,1.0000E+00,
1406,   ,   ,   ,841.5000,65535.0000,2909.0000,2067.5000,0.0000,0.0000,0.0000,1.0000,1.0000E+00,1.0000E+00,
1407,   ,   ,   ,885.5000,65535.0000,2939.5000,2054.0000,0.0000,0.0000,0.0000,1.0000,1.0000E+00,1.0000E+00,
1408,   ,   ,   ,837.0000,65535.0000,2923.0000,2086.0000,0.0000,0.0000,0.0000,1.0000,1.0000E+00,1.0000E+00,
1409,   ,   ,   ,851.5000,65535.0000,2926.0000,2074.5000,0.0000,0.0000,0.0000,1.0000,1.0000E+00,1.0000E+00,
1410,   ,   ,   ,859.5000,65535.0000,2898.5000,2039.0000,0.0000,0.0000,0.0000,1.0000,1.0000E+00,1.0000E+00,
1411,   ,   ,   ,827.0000,65535.0000,2938.0000,2111.0000,0.0000,0.0000,0.0000,1.0000,1.0000E+00,1.0000E+00,
1412,   ,   ,   ,825.0000,65535.0000,2933.5000,2108.5000,0.0000,0.0000,0.0000,1.0000,1.0000E+00,1.0000E+00,
1413,   ,   ,   ,846.0000,65535.0000,2909.5000,2063.5000,0.0000,0.0000,0.0000,1.0000,1.0000E+00,1.0000E+00,
1414,   ,   ,   ,812.5000,65535.0000,2881.0000,2068.5000,0.0000,0.0000,0.0000,1.0000,1.0000E+00,1.0000E+00,
1415,   ,   ,   ,825.5000,65535.0000,2927.0000,2101.5000,0.0000,0.0000,0.0000,1.0000,1.0000E+00,1.0000E+00,
1416,   ,   ,   ,831.0000,65535.0000,2858.0000,2027.0000,0.0000,0.0000,0.0000,1.0000,1.0000E+00,1.0000E+00,
1417,   ,   ,   ,851.5000,65535.0000,2915.5000,2064.0000,0.0000,0.0000,0.0000,1.0000,1.0000E+00,1.0000E+00,
1418,   ,   ,   ,856.0000,65535.0000,2896.0000,2040.0000,0.0000,0.0000,0.0000,1.0000,1.0000E+00,1.0000E+00,
1419,   ,   ,   ,837.0000,65535.0000,2876.5000,2039.5000,0.0000,0.0000,0.0000,1.0000,1.0000E+00,1.0000E+00,
1420,   ,   ,   ,831.5000,65535.0000,2865.0000,2033.5000,0.0000,0.0000,0.0000,1.0000,1.0000E+00,1.0000E+00,
1421,   ,   ,   ,876.0000,65535.0000,2936.5000,2060.5000,0.0000,0.0000,0.0000,1.0000,1.0000E+00,1.0000E+00,
1422,   ,   ,   ,849.5000,65535.0000,2900.5000,2051.0000,0.0000,0.0000,0.0000,1.0000,1.0000E+00,1.0000E+00,
1423,   ,   ,   ,859.5000,65535.0000,2897.0000,2037.5000,0.0000,0.0000,0.0000,1.0000,1.0000E+00,1.0000E+00,
1424,   ,   ,   ,864.0000,65535.0000,2905.0000,2041.0000,0.0000,0.0000,0.0000,1.0000,1.0000E+00,1.0000E+00,
1425,   ,   ,   ,833.5000,65535.0000,2865.0000,2031.5000,0.0000,0.0000,0.0000,1.0000,1.0000E+00,1.0000E+00,
1426,   ,   ,   ,857.5000,65535.0000,2794.5000,1937.0000,0.0000,0.0000,0.0000,1.0000,1.0000E+00,1.0000E+00,
1427,   ,   ,   ,861.0000,65535.0000,2849.5000,1988.5000,0.0000,0.0000,0.0000,1.0000,1.0000E+00,1.0000E+00,
1428,   ,   ,   ,1099.0000,65535.0000,3100.5000,2001.5000,0.0000,0.0000,0.0000,1.0000,1.0000E+00,1.0000E+00,
1429,   ,   ,   ,854.0000,65535.0000,2788.5000,1934.5000,0.0000,0.0000,0.0000,1.0000,1.0000E+00,1.0000E+00,
1430,   ,   ,   ,836.5000,65535.0000,2800.5000,1964.0000,0.0000,0.0000,0.0000,1.0000,1.0000E+00,1.0000E+00,
1431,   ,   ,   ,865.0000,65535.0000,2868.0000,2003.0000,0.0000,0.0000,0.0000,1.0000,1.0000E+00,1.0000E+00,
1432,   ,   ,   ,886.5000,65535.0000,2842.5000,1956.0000,0.0000,0.0000,0.0000,1.0000,1.0000E+00,1.0000E+00,
1433,   ,   ,   ,828.0000,65535.0000,2786.0000,1958.0000,0.0000,0.0000,0.0000,1.0000,1.0000E+00,1.0000E+00,
1434,   ,   ,   ,851.0000,65535.0000,2838.0000,1987.0000,0.0000,0.0000,0.0000,1.0000,1.0000E+00,1.0000E+00,
1435,   ,   ,   ,881.0000,65535.0000,2822.5000,1941.5000,0.0000,0.0000,0.0000,1.0000,1.0000E+00,1.0000E+00,
1436,   ,   ,   ,852.0000,65535.0000,2779.0000,1927.0000,0.0000,0.0000,0.0000,1.0000,1.0000E+00,1.0000E+00,
1437,   ,   ,   ,849.5000,65535.0000,2793.5000,1944.0000,0.0000,0.0000,0.0000,1.0000,1.0000E+00,1.0000E+00,
1438,   ,   ,   ,867.0000,65535.0000,2801.0000,1934.0000,0.0000,0.0000,0.0000,1.0000,1.0000E+00,1.0000E+00,
1439,   ,   ,   ,834.0000,65535.0000,2747.5000,1913.5000,0.0000,0.0000,0.0000,1.0000,1.0000E+00,1.0000E+00,
1440,   ,   ,   ,858.0000,65535.0000,2760.5000,1902.5000,0.0000,0.0000,0.0000,1.0000,1.0000E+00,1.0000E+00,
1441,   ,   ,   ,832.5000,65535.0000,2750.5000,1918.0000,0.0000,0.0000,0.0000,1.0000,1.0000E+00,1.0000E+00,
1442,   ,   ,   ,849.5000,65535.0000,2757.0000,1907.5000,0.0000,0.0000,0.0000,1.0000,1.0000E+00,1.0000E+00,
1443,   ,   ,   ,845.0000,65535.0000,2747.0000,1902.0000,0.0000,0.0000,0.0000,1.0000,1.0000E+00,1.0000E+00,
1444,   ,   ,   ,839.0000,65535.0000,2743.0000,1904.0000,0.0000,0.0000,0.0000,1.0000,1.0000E+00,1.0000E+00,
1445,   ,   ,   ,860.0000,65535.0000,2742.5000,1882.5000,0.0000,0.0000,0.0000,1.0000,1.0000E+00,1.0000E+00,
1446,   ,   ,   ,858.0000,65535.0000,2781.0000,1923.0000,0.0000,0.0000,0.0000,1.0000,1.0000E+00,1.0000E+00,
1447,   ,   ,   ,838.5000,65535.0000,2728.5000,1890.0000,0.0000,0.0000,0.0000,1.0000,1.0000E+00,1.0000E+00,
1448,   ,   ,   ,892.5000,65535.0000,2740.5000,1848.0000,0.0000,0.0000,0.0000,1.0000,1.0000E+00,1.0000E+00,
1449,   ,   ,   ,854.0000,65535.0000,2669.0000,1815.0000,0.0000,0.0000,0.0000,1.0000,1.0000E+00,1.0000E+00,
1450,   ,   ,   ,850.0000,65535.0000,2711.5000,1861.5000,0.0000,0.0000,0.0000,1.0000,1.0000E+00,1.0000E+00,
1451,   ,   ,   ,845.0000,65535.0000,2691.5000,1846.5000,0.0000,0.0000,0.0000,1.0000,1.0000E+00,1.0000E+00,
1452,   ,   ,   ,888.5000,65535.0000,2680.0000,1791.5000,0.0000,0.0000,0.0000,1.0000,1.0000E+00,1.0000E+00,
1453,   ,   ,   ,844.0000,65535.0000,2664.5000,1820.5000,0.0000,0.0000,0.0000,1.0000,1.0000E+00,1.0000E+00,
1454,   ,   ,   ,844.5000,65535.0000,2629.5000,1785.0000,0.0000,0.0000,0.0000,1.0000,1.0000E+00,1.0000E+00,
1455,   ,   ,   ,837.5000,65535.0000,2619.0000,1781.5000,0.0000,0.0000,0.0000,1.0000,1.0000E+00,1.0000E+00,
1456,   ,   ,   ,857.0000,65535.0000,2633.0000,1776.0000,0.0000,0.0000,0.0000,1.0000,1.0000E+00,1.0000E+00,
1457,   ,   ,   ,843.0000,65535.0000,2652.5000,1809.5000,0.0000,0.0000,0.0000,1.0000,1.0000E+00,1.0000E+00,
1458,   ,   ,   ,866.5000,65535.0000,2649.0000,1782.5000,0.0000,0.0000,0.0000,1.0000,1.0000E+00,1.0000E+00,
1459,   ,   ,   ,848.5000,65535.0000,2648.0000,1799.5000,0.0000,0.0000,0.0000,1.0000,1.0000E+00,1.0000E+00,
1460,   ,   ,   ,828.0000,65535.0000,2614.5000,1786.5000,0.0000,0.0000,0.0000,1.0000,1.0000E+00,1.0000E+00,
1461,   ,   ,   ,874.5000,65535.0000,2676.0000,1801.5000,0.0000,0.0000,0.0000,1.0000,1.0000E+00,1.0000E+00,
1462,   ,   ,   ,846.0000,65535.0000,2569.0000,1723.0000,0.0000,0.0000,0.0000,1.0000,1.0000E+00,1.0000E+00,
1463,   ,   ,   ,863.5000,65535.0000,2614.5000,1751.0000,0.0000,0.0000,0.0000,1.0000,1.0000E+00,1.0000E+00,
1464,   ,   ,   ,843.5000,65535.0000,2605.5000,1762.0000,0.0000,0.0000,0.0000,1.0000,1.0000E+00,1.0000E+00,
1465,   ,   ,   ,856.5000,65535.0000,2582.0000,1725.5000,0.0000,0.0000,0.0000,1.0000,1.0000E+00,1.0000E+00,
1466,   ,   ,   ,869.0000,65535.0000,2590.5000,1721.5000,0.0000,0.0000,0.0000,1.0000,1.0000E+00,1.0000E+00,
1467,   ,   ,   ,841.5000,65535.0000,2542.0000,1700.5000,0.0000,0.0000,0.0000,1.0000,1.0000E+00,1.0000E+00,
1468,   ,   ,   ,853.5000,65535.0000,2571.5000,1718.0000,0.0000,0.0000,0.0000,1.0000,1.0000E+00,1.0000E+00,
1469,   ,   ,   ,826.5000,65535.0000,2524.0000,1697.5000,0.0000,0.0000,0.0000,1.0000,1.0000E+00,1.0000E+00,
1470,   ,   ,   ,878.0000,65535.0000,2584.0000,1706.0000,0.0000,0.0000,0.0000,1.0000,1.0000E+00,1.0000E+00,
1471,   ,   ,   ,806.0000,65535.0000,2514.0000,1708.0000,0.0000,0.0000,0.0000,1.0000,1.0000E+00,1.0000E+00,
1472,   ,   ,   ,864.0000,65535.0000,2582.0000,1718.0000,0.0000,0.0000,0.0000,1.0000,1.0000E+00,1.0000E+00,
1473,   ,   ,   ,872.5000,65535.0000,2559.5000,1687.0000,0.0000,0.0000,0.0000,1.0000,1.0000E+00,1.0000E+00,
1474,   ,   ,   ,839.5000,65535.0000,2458.5000,1619.0000,0.0000,0.0000,0.0000,1.0000,1.0000E+00,1.0000E+00,
1475,   ,   ,   ,820.0000,65535.0000,2553.0000,1733.0000,0.0000,0.0000,0.0000,1.0000,1.0000E+00,1.0000E+00,
1476,   ,   ,   ,847.0000,65535.0000,2513.5000,1666.5000,0.0000,0.0000,0.0000,1.0000,1.0000E+00,1.0000E+00,
1477,   ,   ,   ,844.0000,65535.0000,2473.0000,1629.0000,0.0000,0.0000,0.0000,1.0000,1.0000E+00,1.0000E+00,
1478,   ,   ,   ,829.0000,65535.0000,2432.5000,1603.5000,0.0000,0.0000,0.0000,1.0000,1.0000E+00,1.0000E+00,
1479,   ,   ,   ,848.5000,65535.0000,2529.5000,1681.0000,0.0000,0.0000,0.0000,1.0000,1.0000E+00,1.0000E+00,
1480,   ,   ,   ,870.5000,65535.0000,2482.0000,1611.5000,0.0000,0.0000,0.0000,1.0000,1.0000E+00,1.0000E+00,
1481,   ,   ,   ,859.0000,65535.0000,2516.5000,1657.5000,0.0000,0.0000,0.0000,1.0000,1.0000E+00,1.0000E+00,
1482,   ,   ,   ,864.5000,65535.0000,2486.0000,1621.5000,0.0000,0.0000,0.0000,1.0000,1.0000E+00,1.0000E+00,
1483,   ,   ,   ,838.5000,65535.0000,2521.5000,1683.0000,0.0000,0.0000,0.0000,1.0000,1.0000E+00,1.0000E+00,
1484,   ,   ,   ,861.0000,65535.0000,2455.5000,1594.5000,0.0000,0.0000,0.0000,1.0000,1.0000E+00,1.0000E+00,
1485,   ,   ,   ,868.0000,65535.0000,2493.0000,1625.0000,0.0000,0.0000,0.0000,1.0000,1.0000E+00,1.0000E+00,
1486,   ,   ,   ,839.5000,65535.0000,2469.5000,1630.0000,0.0000,0.0000,0.0000,1.0000,1.0000E+00,1.0000E+00,
1487,   ,   ,   ,845.5000,65535.0000,2481.0000,1635.5000,0.0000,0.0000,0.0000,1.0000,1.0000E+00,1.0000E+00,
1488,   ,   ,   ,830.0000,65535.0000,2426.5000,1596.5000,0.0000,0.0000,0.0000,1.0000,1.0000E+00,1.0000E+00,
1489,   ,   ,   ,846.0000,65535.0000,2463.0000,1617.0000,0.0000,0.0000,0.0000,1.0000,1.0000E+00,1.0000E+00,
1490,   ,   ,   ,859.0000,65535.0000,2486.5000,1627.5000,0.0000,0.0000,0.0000,1.0000,1.0000E+00,1.0000E+00,
1491,   ,   ,   ,873.5000,65535.0000,2498.5000,1625.0000,0.0000,0.0000,0.0000,1.0000,1.0000E+00,1.0000E+00,
1492,   ,   ,   ,882.5000,65535.0000,2465.0000,1582.5000,0.0000,0.0000,0.0000,1.0000,1.0000E+00,1.0000E+00,
1493,   ,   ,   ,890.5000,65535.0000,2451.5000,1561.0000,0.0000,0.0000,0.0000,1.0000,1.0000E+00,1.0000E+00,
1494,   ,   ,   ,839.0000,65535.0000,2399.5000,1560.5000,0.0000,0.0000,0.0000,1.0000,1.0000E+00,1.0000E+00,
1495,   ,   ,   ,856.0000,65535.0000,2435.0000,1579.0000,0.0000,0.0000,0.0000,1.0000,1.0000E+00,1.0000E+00,
1496,   ,   ,   ,868.0000,65535.0000,2471.0000,1603.0000,0.0000,0.0000,0.0000,1.0000,1.0000E+00,1.0000E+00,
1497,   ,   ,   ,852.5000,65535.0000,2421.0000,1568.5000,0.0000,0.0000,0.0000,1.0000,1.0000E+00,1.0000E+00,
1498,   ,   ,   ,844.5000,65535.0000,2430.0000,1585.5000,0.0000,0.0000,0.0000,1.0000,1.0000E+00,1.0000E+00,
1499,   ,   ,   ,854.0000,65535.0000,2424.5000,1570.5000,0.0000,0.0000,0.0000,1.0000,1.0000E+00,1.0000E+00,
1500,   ,   ,   ,874.0000,65535.0000,2425.0000,1551.0000,0.0000,0.0000,0.0000,1.0000,1.0000E+00,1.0000E+00,
1501,   ,   ,   ,843.5000,65535.0000,2371.5000,1528.0000,0.0000,0.0000,0.0000,1.0000,1.0000E+00,1.0000E+00,
1502,   ,   ,   ,952.5000,65535.0000,2499.5000,1547.0000,0.0000,0.0000,0.0000,1.0000,1.0000E+00,1.0000E+00,
1503,   ,   ,   ,837.5000,65535.0000,2399.0000,1561.5000,0.0000,0.0000,0.0000,1.0000,1.0000E+00,1.0000E+00,
1504,   ,   ,   ,851.0000,65535.0000,2417.5000,1566.5000,0.0000,0.0000,0.0000,1.0000,1.0000E+00,1.0000E+00,
1505,   ,   ,   ,808.0000,65535.0000,2341.0000,1533.0000,0.0000,0.0000,0.0000,1.0000,1.0000E+00,1.0000E+00,
1506,   ,   ,   ,828.0000,65535.0000,2372.5000,1544.5000,0.0000,0.0000,0.0000,1.0000,1.0000E+00,1.0000E+00,
1507,   ,   ,   ,836.5000,65535.0000,2337.0000,1500.5000,0.0000,0.0000,0.0000,1.0000,1.0000E+00,1.0000E+00,
1508,   ,   ,   ,842.0000,65535.0000,2335.5000,1493.5000,0.0000,0.0000,0.0000,1.0000,1.0000E+00,1.0000E+00,
1509,   ,   ,   ,863.0000,65535.0000,2374.0000,1511.0000,0.0000,0.0000,0.0000,1.0000,1.0000E+00,1.0000E+00,
1510,   ,   ,   ,849.5000,65535.0000,2345.5000,1496.0000,0.0000,0.0000,0.0000,1.0000,1.0000E+00,1.0000E+00,
1511,   ,   ,   ,850.0000,65535.0000,2326.5000,1476.5000,0.0000,0.0000,0.0000,1.0000,1.0000E+00,1.0000E+00,
1512,   ,   ,   ,860.5000,65535.0000,2321.0000,1460.5000,0.0000,0.0000,0.0000,1.0000,1.0000E+00,1.0000E+00,
1513,   ,   ,   ,848.5000,65535.0000,2311.5000,1463.0000,0.0000,0.0000,0.0000,1.0000,1.0000E+00,1.0000E+00,
1514,   ,   ,   ,854.5000,65535.0000,2335.0000,1480.5000,0.0000,0.0000,0.0000,1.0000,1.0000E+00,1.0000E+00,
1515,   ,   ,   ,862.0000,65535.0000,2333.5000,1471.5000,0.0000,0.0000,0.0000,1.0000,1.0000E+00,1.0000E+00,
1516,   ,   ,   ,801.5000,65535.0000,2288.5000,1487.0000,0.0000,0.0000,0.0000,1.0000,1.0000E+00,1.0000E+00,
1517,   ,   ,   ,913.0000,65535.0000,2357.5000,1444.5000,0.0000,0.0000,0.0000,1.0000,1.0000E+00,1.0000E+00,
1518,   ,   ,   ,822.0000,65535.0000,2306.0000,1484.0000,0.0000,0.0000,0.0000,1.0000,1.0000E+00,1.0000E+00,
1519,   ,   ,   ,837.0000,65535.0000,2238.5000,1401.5000,0.0000,0.0000,0.0000,1.0000,1.0000E+00,1.0000E+00,
1520,   ,   ,   ,867.5000,65535.0000,2298.0000,1430.5000,0.0000,0.0000,0.0000,1.0000,1.0000E+00,1.0000E+00,
1521,   ,   ,   ,842.0000,65535.0000,2297.5000,1455.5000,0.0000,0.0000,0.0000,1.0000,1.0000E+00,1.0000E+00,
1522,   ,   ,   ,961.0000,65535.0000,2400.0000,1439.0000,0.0000,0.0000,0.0000,1.0000,1.0000E+00,1.0000E+00,
1523,   ,   ,   ,858.5000,65535.0000,2295.5000,1437.0000,0.0000,0.0000,0.0000,1.0000,1.0000E+00,1.0000E+00,
1524,   ,   ,   ,873.5000,65535.0000,2291.5000,1418.0000,0.0000,0.0000,0.0000,1.0000,1.0000E+00,1.0000E+00,
1525,   ,   ,   ,840.5000,65535.0000,2236.0000,1395.5000,0.0000,0.0000,0.0000,1.0000,1.0000E+00,1.0000E+00,
1526,   ,   ,   ,849.5000,65535.0000,2266.0000,1416.5000,0.0000,0.0000,0.0000,1.0000,1.0000E+00,1.0000E+00,
1527,   ,   ,   ,862.5000,65535.0000,2230.5000,1368.0000,0.0000,0.0000,0.0000,1.0000,1.0000E+00,1.0000E+00,
1528,   ,   ,   ,877.0000,65535.0000,2286.0000,1409.0000,0.0000,0.0000,0.0000,1.0000,1.0000E+00,1.0000E+00,
1529,   ,   ,   ,831.5000,65535.0000,2250.5000,1419.0000,0.0000,0.0000,0.0000,1.0000,1.0000E+00,1.0000E+00,
1530,   ,   ,   ,832.5000,65535.0000,2196.5000,1364.0000,0.0000,0.0000,0.0000,1.0000,1.0000E+00,1.0000E+00,
1531,   ,   ,   ,815.0000,65535.0000,2197.5000,1382.5000,0.0000,0.0000,0.0000,1.0000,1.0000E+00,1.0000E+00,
1532,   ,   ,   ,858.0000,65535.0000,2225.0000,1367.0000,0.0000,0.0000,0.0000,1.0000,1.0000E+00,1.0000E+00,
1533,   ,   ,   ,816.5000,65535.0000,2202.5000,1386.0000,0.0000,0.0000,0.0000,1.0000,1.0000E+00,1.0000E+00,
1534,   ,   ,   ,844.5000,65535.0000,2172.0000,1327.5000,0.0000,0.0000,0.0000,1.0000,1.0000E+00,1.0000E+00,
1535,   ,   ,   ,846.0000,65535.0000,2176.0000,1330.0000,0.0000,0.0000,0.0000,1.0000,1.0000E+00,1.0000E+00,
1536,   ,   ,   ,854.0000,65535.0000,2176.0000,1322.0000,0.0000,0.0000,0.0000,1.0000,1.0000E+00,1.0000E+00,
1537,   ,   ,   ,856.5000,65535.0000,2175.5000,1319.0000,0.0000,0.0000,0.0000,1.0000,1.0000E+00,1.0000E+00,
1538,   ,   ,   ,830.0000,65535.0000,2161.0000,1331.0000,0.0000,0.0000,0.0000,1.0000,1.0000E+00,1.0000E+00,
1539,   ,   ,   ,826.5000,65535.0000,2160.0000,1333.5000,0.0000,0.0000,0.0000,1.0000,1.0000E+00,1.0000E+00,
1540,   ,   ,   ,837.0000,65535.0000,2147.0000,1310.0000,0.0000,0.0000,0.0000,1.0000,1.0000E+00,1.0000E+00,
1541,   ,   ,   ,843.0000,65535.0000,2180.5000,1337.5000,0.0000,0.0000,0.0000,1.0000,1.0000E+00,1.0000E+00,
1542,   ,   ,   ,939.5000,65535.0000,2230.5000,1291.0000,0.0000,0.0000,0.0000,1.0000,1.0000E+00,1.0000E+00,
1543,   ,   ,   ,831.5000,65535.0000,2120.0000,1288.5000,0.0000,0.0000,0.0000,1.0000,1.0000E+00,1.0000E+00,
1544,   ,   ,   ,841.0000,65535.0000,2157.5000,1316.5000,0.0000,0.0000,0.0000,1.0000,1.0000E+00,1.0000E+00,
1545,   ,   ,   ,874.0000,65535.0000,2200.0000,1326.0000,0.0000,0.0000,0.0000,1.0000,1.0000E+00,1.0000E+00,
1546,   ,   ,   ,833.5000,65535.0000,2118.5000,1285.0000,0.0000,0.0000,0.0000,1.0000,1.0000E+00,1.0000E+00,
1547,   ,   ,   ,824.5000,65535.0000,2147.5000,1323.0000,0.0000,0.0000,0.0000,1.0000,1.0000E+00,1.0000E+00,
1548,   ,   ,   ,835.5000,65535.0000,2149.0000,1313.5000,0.0000,0.0000,0.0000,1.0000,1.0000E+00,1.0000E+00,
1549,   ,   ,   ,839.0000,65535.0000,2141.0000,1302.0000,0.0000,0.0000,0.0000,1.0000,1.0000E+00,1.0000E+00,
1550,   ,   ,   ,843.0000,65535.0000,2112.0000,1269.0000,0.0000,0.0000,0.0000,1.0000,1.0000E+00,1.0000E+00,
1551,   ,   ,   ,810.0000,65535.0000,2094.0000,1284.0000,0.0000,0.0000,0.0000,1.0000,1.0000E+00,1.0000E+00,
1552,   ,   ,   ,821.0000,65535.0000,2116.0000,1295.0000,0.0000,0.0000,0.0000,1.0000,1.0000E+00,1.0000E+00,
1553,   ,   ,   ,836.5000,65535.0000,2105.5000,1269.0000,0.0000,0.0000,0.0000,1.0000,1.0000E+00,1.0000E+00,
1554,   ,   ,   ,830.5000,65535.0000,2103.5000,1273.0000,0.0000,0.0000,0.0000,1.0000,1.0000E+00,1.0000E+00,
1555,   ,   ,   ,860.0000,65535.0000,2148.5000,1288.5000,0.0000,0.0000,0.0000,1.0000,1.0000E+00,1.0000E+00,
1556,   ,   ,   ,846.5000,65535.0000,2105.0000,1258.5000,0.0000,0.0000,0.0000,1.0000,1.0000E+00,1.0000E+00,
1557,   ,   ,   ,868.5000,65535.0000,2073.0000,1204.5000,0.0000,0.0000,0.0000,1.0000,1.0000E+00,1.0000E+00,
1558,   ,   ,   ,864.0000,65535.0000,2096.0000,1232.0000,0.0000,0.0000,0.0000,1.0000,1.0000E+00,1.0000E+00,
1559,   ,   ,   ,968.0000,65535.0000,2253.5000,1285.5000,0.0000,0.0000,0.0000,1.0000,1.0000E+00,1.0000E+00,
1560,   ,   ,   ,825.0000,65535.0000,2092.0000,1267.0000,0.0000,0.0000,0.0000,1.0000,1.0000E+00,1.0000E+00,
1561,   ,   ,   ,843.5000,65535.0000,2117.5000,1274.0000,0.0000,0.0000,0.0000,1.0000,1.0000E+00,1.0000E+00,
1562,   ,   ,   ,835.0000,65535.0000,2102.0000,1267.0000,0.0000,0.0000,0.0000,1.0000,1.0000E+00,1.0000E+00,
1563,   ,   ,   ,840.0000,65535.0000,2083.5000,1243.5000,0.0000,0.0000,0.0000,1.0000,1.0000E+00,1.0000E+00,
1564,   ,   ,   ,826.5000,65535.0000,2109.5000,1283.0000,0.0000,0.0000,0.0000,1.0000,1.0000E+00,1.0000E+00,
1565,   ,   ,   ,830.5000,65535.0000,2091.5000,1261.0000,0.0000,0.0000,0.0000,1.0000,1.0000E+00,1.0000E+00,
1566,   ,   ,   ,818.5000,65535.0000,2106.0000,1287.5000,0.0000,0.0000,0.0000,1.0000,1.0000E+00,1.0000E+00,
1567,   ,   ,   ,870.5000,65535.0000,2105.5000,1235.0000,0.0000,0.0000,0.0000,1.0000,1.0000E+00,1.0000E+00,
1568,   ,   ,   ,839.0000,65535.0000,2070.0000,1231.0000,0.0000,0.0000,0.0000,1.0000,1.0000E+00,1.0000E+00,
1569,   ,   ,   ,858.0000,65535.0000,2045.5000,1187.5000,0.0000,0.0000,0.0000,1.0000,1.0000E+00,1.0000E+00,
1570,   ,   ,   ,831.0000,65535.0000,2055.5000,1224.5000,0.0000,0.0000,0.0000,1.0000,1.0000E+00,1.0000E+00,
1571,   ,   ,   ,851.5000,65535.0000,2078.0000,1226.5000,0.0000,0.0000,0.0000,1.0000,1.0000E+00,1.0000E+00,
1572,   ,   ,   ,831.5000,65535.0000,2055.0000,1223.5000,0.0000,0.0000,0.0000,1.0000,1.0000E+00,1.0000E+00,
1573,   ,   ,   ,816.0000,65535.0000,2024.0000,1208.0000,0.0000,0.0000,0.0000,1.0000,1.0000E+00,1.0000E+00,
1574,   ,   ,   ,829.5000,65535.0000,2039.0000,1209.5000,0.0000,0.0000,0.0000,1.0000,1.0000E+00,1.0000E+00,
1575,   ,   ,   ,865.5000,65535.0000,2056.0000,1190.5000,0.0000,0.0000,0.0000,1.0000,1.0000E+00,1.0000E+00,
1576,   ,   ,   ,846.0000,65535.0000,2072.5000,1226.5000,0.0000,0.0000,0.0000,1.0000,1.0000E+00,1.0000E+00,
1577,   ,   ,   ,863.0000,65535.0000,2054.0000,1191.0000,0.0000,0.0000,0.0000,1.0000,1.0000E+00,1.0000E+00,
1578,   ,   ,   ,822.0000,65535.0000,2046.0000,1224.0000,0.0000,0.0000,0.0000,1.0000,1.0000E+00,1.0000E+00,
1579,   ,   ,   ,882.5000,65535.0000,2057.5000,1175.0000,0.0000,0.0000,0.0000,1.0000,1.0000E+00,1.0000E+00,
1580,   ,   ,   ,826.5000,65535.0000,2032.0000,1205.5000,0.0000,0.0000,0.0000,1.0000,1.0000E+00,1.0000E+00,
1581,   ,   ,   ,823.5000,65535.0000,1986.5000,1163.0000,0.0000,0.0000,0.0000,1.0000,1.0000E+00,1.0000E+00,
1582,   ,   ,   ,855.5000,65535.0000,1994.0000,1138.5000,0.0000,0.0000,0.0000,1.0000,1.0000E+00,1.0000E+00,
1583,   ,   ,   ,840.5000,65535.0000,2014.5000,1174.0000,0.0000,0.0000,0.0000,1.0000,1.0000E+00,1.0000E+00,
1584,   ,   ,   ,853.5000,65535.0000,1996.0000,1142.5000,0.0000,0.0000,0.0000,1.0000,1.0000E+00,1.0000E+00,
1585,   ,   ,   ,824.5000,65535.0000,1959.5000,1135.0000,0.0000,0.0000,0.0000,1.0000,1.0000E+00,1.0000E+00,
1586,   ,   ,   ,850.0000,65535.0000,2010.5000,1160.5000,0.0000,0.0000,0.0000,1.0000,1.0000E+00,1.0000E+00,
1587,   ,   ,   ,886.5000,65535.0000,2056.0000,1169.5000,0.0000,0.0000,0.0000,1.0000,1.0000E+00,1.0000E+00,
1588,   ,   ,   ,846.0000,65535.0000,2001.0000,1155.0000,0.0000,0.0000,0.0000,1.0000,1.0000E+00,1.0000E+00,
1589,   ,   ,   ,884.0000,65535.0000,2022.5000,1138.5000,0.0000,0.0000,0.0000,1.0000,1.0000E+00,1.0000E+00,
1590,   ,   ,   ,848.0000,65535.0000,2002.5000,1154.5000,0.0000,0.0000,0.0000,1.0000,1.0000E+00,1.0000E+00,
1591,   ,   ,   ,850.0000,65535.0000,1996.0000,1146.0000,0.0000,0.0000,0.0000,1.0000,1.0000E+00,1.0000E+00,
1592,   ,   ,   ,843.0000,65535.0000,1936.5000,1093.5000,0.0000,0.0000,0.0000,1.0000,1.0000E+00,1.0000E+00,
1593,   ,   ,   ,865.5000,65535.0000,2004.0000,1138.5000,0.0000,0.0000,0.0000,1.0000,1.0000E+00,1.0000E+00,
1594,   ,   ,   ,839.0000,65535.0000,1960.0000,1121.0000,0.0000,0.0000,0.0000,1.0000,1.0000E+00,1.0000E+00,
1595,   ,   ,   ,833.0000,65535.0000,1938.0000,1105.0000,0.0000,0.0000,0.0000,1.0000,1.0000E+00,1.0000E+00,
1596,   ,   ,   ,859.5000,65535.0000,1985.5000,1126.0000,0.0000,0.0000,0.0000,1.0000,1.0000E+00,1.0000E+00,
1597,   ,   ,   ,814.5000,65535.0000,1940.0000,1125.5000,0.0000,0.0000,0.0000,1.0000,1.0000E+00,1.0000E+00,
1598,   ,   ,   ,820.5000,65535.0000,1977.0000,1156.5000,0.0000,0.0000,0.0000,1.0000,1.0000E+00,1.0000E+00,
1599,   ,   ,   ,853.5000,65535.0000,1890.0000,1036.5000,0.0000,0.0000,0.0000,1.0000,1.0000E+00,1.0000E+00,
1600,   ,   ,   ,820.0000,65535.0000,1941.0000,1121.0000,0.0000,0.0000,0.0000,1.0000,1.0000E+00,1.0000E+00,
1601,   ,   ,   ,795.0000,65535.0000,1917.0000,1122.0000,0.0000,0.0000,0.0000,1.0000,1.0000E+00,1.0000E+00,
1602,   ,   ,   ,844.0000,65535.0000,1908.0000,1064.0000,0.0000,0.0000,0.0000,1.0000,1.0000E+00,1.0000E+00,
1603,   ,   ,   ,827.0000,65535.0000,1915.5000,1088.5000,0.0000,0.0000,0.0000,1.0000,1.0000E+00,1.0000E+00,
1604,   ,   ,   ,896.0000,65535.0000,1970.0000,1074.0000,0.0000,0.0000,0.0000,1.0000,1.0000E+00,1.0000E+00,
1605,   ,   ,   ,830.5000,65535.0000,1885.5000,1055.0000,0.0000,0.0000,0.0000,1.0000,1.0000E+00,1.0000E+00,
1606,   ,   ,   ,867.0000,65535.0000,1909.0000,1042.0000,0.0000,0.0000,0.0000,1.0000,1.0000E+00,1.0000E+00,
1607,   ,   ,   ,818.5000,65535.0000,1891.0000,1072.5000,0.0000,0.0000,0.0000,1.0000,1.0000E+00,1.0000E+00,
1608,   ,   ,   ,826.0000,65535.0000,1856.0000,1030.0000,0.0000,0.0000,0.0000,1.0000,1.0000E+00,1.0000E+00,
1609,   ,   ,   ,829.5000,65535.0000,1865.5000,1036.0000,0.0000,0.0000,0.0000,1.0000,1.0000E+00,1.0000E+00,
1610,   ,   ,   ,910.0000,65535.0000,1942.0000,1032.0000,0.0000,0.0000,0.0000,1.0000,1.0000E+00,1.0000E+00,
1611,   ,   ,   ,827.5000,65535.0000,1871.5000,1044.0000,0.0000,0.0000,0.0000,1.0000,1.0000E+00,1.0000E+00,
1612,   ,   ,   ,842.5000,65535.0000,1916.5000,1074.0000,0.0000,0.0000,0.0000,1.0000,1.0000E+00,1.0000E+00,
1613,   ,   ,   ,816.0000,65535.0000,1902.0000,1086.0000,0.0000,0.0000,0.0000,1.0000,1.0000E+00,1.0000E+00,
1614,   ,   ,   ,850.0000,65535.0000,1861.0000,1011.0000,0.0000,0.0000,0.0000,1.0000,1.0000E+00,1.0000E+00,
1615,   ,   ,   ,830.0000,65535.0000,1865.5000,1035.5000,0.0000,0.0000,0.0000,1.0000,1.0000E+00,1.0000E+00,
1616,   ,   ,   ,833.0000,65535.0000,1875.0000,1042.0000,0.0000,0.0000,0.0000,1.0000,1.0000E+00,1.0000E+00,
1617,   ,   ,   ,834.5000,65535.0000,1817.5000,983.0000,0.0000,0.0000,0.0000,1.0000,1.0000E+00,1.0000E+00,
1618,   ,   ,   ,873.0000,65535.0000,1910.5000,1037.5000,0.0000,0.0000,0.0000,1.0000,1.0000E+00,1.0000E+00,
1619,   ,   ,   ,838.0000,65535.0000,1840.0000,1002.0000,0.0000,0.0000,0.0000,1.0000,1.0000E+00,1.0000E+00,
1620,   ,   ,   ,831.0000,65535.0000,1839.5000,1008.5000,0.0000,0.0000,0.0000,1.0000,1.0000E+00,1.0000E+00,
1621,   ,   ,   ,862.0000,65535.0000,1864.5000,1002.5000,0.0000,0.0000,0.0000,1.0000,1.0000E+00,1.0000E+00,
1622,   ,   ,   ,842.0000,65535.0000,1845.5000,1003.5000,0.0000,0.0000,0.0000,1.0000,1.0000E+00,1.0000E+00,
1623,   ,   ,   ,816.5000,65535.0000,1882.0000,1065.5000,0.0000,0.0000,0.0000,1.0000,1.0000E+00,1.0000E+00,
1624,   ,   ,   ,856.0000,65535.0000,1859.0000,1003.0000,0.0000,0.0000,0.0000,1.0000,1.0000E+00,1.0000E+00,
1625,   ,   ,   ,850.0000,65535.0000,1850.0000,1000.0000,0.0000,0.0000,0.0000,1.0000,1.0000E+00,1.0000E+00,
1626,   ,   ,   ,853.5000,65535.0000,1840.5000,987.0000,0.0000,0.0000,0.0000,1.0000,1.0000E+00,1.0000E+00,
1627,   ,   ,   ,808.0000,65535.0000,1839.5000,1031.5000,0.0000,0.0000,0.0000,1.0000,1.0000E+00,1.0000E+00,
1628,   ,   ,   ,858.0000,65535.0000,1840.0000,982.0000,0.0000,0.0000,0.0000,1.0000,1.0000E+00,1.0000E+00,
1629,   ,   ,   ,835.5000,65535.0000,1799.0000,963.5000,0.0000,0.0000,0.0000,1.0000,1.0000E+00,1.0000E+00,
1630,   ,   ,   ,787.0000,65535.0000,1786.5000,999.5000,0.0000,0.0000,0.0000,1.0000,1.0000E+00,1.0000E+00,
1631,   ,   ,   ,801.5000,65535.0000,1833.5000,1032.0000,0.0000,0.0000,0.0000,1.0000,1.0000E+00,1.0000E+00,
1632,   ,   ,   ,855.5000,65535.0000,1812.0000,956.5000,0.0000,0.0000,0.0000,1.0000,1.0000E+00,1.0000E+00,
1633,   ,   ,   ,800.0000,65535.0000,1799.0000,999.0000,0.0000,0.0000,0.0000,1.0000,1.0000E+00,1.0000E+00,
1634,   ,   ,   ,835.0000,65535.0000,1755.5000,920.5000,0.0000,0.0000,0.0000,1.0000,1.0000E+00,1.0000E+00,
1635,   ,   ,   ,840.0000,65535.0000,1832.5000,992.5000,0.0000,0.0000,0.0000,1.0000,1.0000E+00,1.0000E+00,
1636,   ,   ,   ,843.0000,65535.0000,1774.0000,931.0000,0.0000,0.0000,0.0000,1.0000,1.0000E+00,1.0000E+00,
1637,   ,   ,   ,854.0000,65535.0000,1813.0000,959.0000,0.0000,0.0000,0.0000,1.0000,1.0000E+00,1.0000E+00,
1638,   ,   ,   ,937.5000,65535.0000,1875.0000,937.5000,0.0000,0.0000,0.0000,1.0000,1.0000E+00,1.0000E+00,
1639,   ,   ,   ,807.5000,65535.0000,1751.0000,943.5000,0.0000,0.0000,0.0000,1.0000,1.0000E+00,1.0000E+00,
1640,   ,   ,   ,829.0000,65535.0000,1756.5000,927.5000,0.0000,0.0000,0.0000,1.0000,1.0000E+00,1.0000E+00,
1641,   ,   ,   ,860.5000,65535.0000,1788.0000,927.5000,0.0000,0.0000,0.0000,1.0000,1.0000E+00,1.0000E+00,
1642,   ,   ,   ,855.5000,65535.0000,1811.0000,955.5000,0.0000,0.0000,0.0000,1.0000,1.0000E+00,1.0000E+00,
1643,   ,   ,   ,817.0000,65535.0000,1777.0000,960.0000,0.0000,0.0000,0.0000,1.0000,1.0000E+00,1.0000E+00,
1644,   ,   ,   ,869.5000,65535.0000,1742.5000,873.0000,0.0000,0.0000,0.0000,1.0000,1.0000E+00,1.0000E+00,
1645,   ,   ,   ,839.5000,65535.0000,1745.0000,905.5000,0.0000,0.0000,0.0000,1.0000,1.0000E+00,1.0000E+00,
1646,   ,   ,   ,827.5000,65535.0000,1758.5000,931.0000,0.0000,0.0000,0.0000,1.0000,1.0000E+00,1.0000E+00,
1647,   ,   ,   ,843.0000,65535.0000,1750.0000,907.0000,0.0000,0.0000,0.0000,1.0000,1.0000E+00,1.0000E+00,
1648,   ,   ,   ,843.5000,65535.0000,1759.5000,916.0000,0.0000,0.0000,0.0000,1.0000,1.0000E+00,1.0000E+00,
1649,   ,   ,   ,848.5000,65535.0000,1754.0000,905.5000,0.0000,0.0000,0.0000,1.0000,1.0000E+00,1.0000E+00,
1650,   ,   ,   ,850.0000,65535.0000,1720.0000,870.0000,0.0000,0.0000,0.0000,1.0000,1.0000E+00,1.0000E+00,
1651,   ,   ,   ,844.0000,65535.0000,1725.5000,881.5000,0.0000,0.0000,0.0000,1.0000,1.0000E+00,1.0000E+00,
1652,   ,   ,   ,824.5000,65535.0000,1743.0000,918.5000,0.0000,0.0000,0.0000,1.0000,1.0000E+00,1.0000E+00,
1653,   ,   ,   ,814.5000,65535.0000,1750.0000,935.5000,0.0000,0.0000,0.0000,1.0000,1.0000E+00,1.0000E+00,
1654,   ,   ,   ,871.0000,65535.0000,1783.0000,912.0000,0.0000,0.0000,0.0000,1.0000,1.0000E+00,1.0000E+00,
1655,   ,   ,   ,821.5000,65535.0000,1702.5000,881.0000,0.0000,0.0000,0.0000,1.0000,1.0000E+00,1.0000E+00,
1656,   ,   ,   ,850.0000,65535.0000,1723.5000,873.5000,0.0000,0.0000,0.0000,1.0000,1.0000E+00,1.0000E+00,
1657,   ,   ,   ,831.0000,65535.0000,1738.0000,907.0000,0.0000,0.0000,0.0000,1.0000,1.0000E+00,1.0000E+00,
1658,   ,   ,   ,864.5000,65535.0000,1764.0000,899.5000,0.0000,0.0000,0.0000,1.0000,1.0000E+00,1.0000E+00,
1659,   ,   ,   ,851.0000,65535.0000,1716.5000,865.5000,0.0000,0.0000,0.0000,1.0000,1.0000E+00,1.0000E+00,
1660,   ,   ,   ,819.5000,65535.0000,1725.5000,906.0000,0.0000,0.0000,0.0000,1.0000,1.0000E+00,1.0000E+00,
1661,   ,   ,   ,829.0000,65535.0000,1665.5000,836.5000,0.0000,0.0000,0.0000,1.0000,1.0000E+00,1.0000E+00,
1662,   ,   ,   ,856.0000,65535.0000,1707.0000,851.0000,0.0000,0.0000,0.0000,1.0000,1.0000E+00,1.0000E+00,
1663,   ,   ,   ,834.0000,65535.0000,1693.5000,859.5000,0.0000,0.0000,0.0000,1.0000,1.0000E+00,1.0000E+00,
1664,   ,   ,   ,847.5000,65535.0000,1685.5000,838.0000,0.0000,0.0000,0.0000,1.0000,1.0000E+00,1.0000E+00,
1665,   ,   ,   ,801.5000,65535.0000,1684.0000,882.5000,0.0000,0.0000,0.0000,1.0000,1.0000E+00,1.0000E+00,
1666,   ,   ,   ,869.5000,65535.0000,1692.0000,822.5000,0.0000,0.0000,0.0000,1.0000,1.0000E+00,1.0000E+00,
1667,   ,   ,   ,858.0000,65535.0000,1685.0000,827.0000,0.0000,0.0000,0.0000,1.0000,1.0000E+00,1.0000E+00,
1668,   ,   ,   ,859.5000,65535.0000,1696.0000,836.5000,0.0000,0.0000,0.0000,1.0000,1.0000E+00,1.0000E+00,
1669,   ,   ,   ,837.0000,65535.0000,1650.5000,813.5000,0.0000,0.0000,0.0000,1.0000,1.0000E+00,1.0000E+00,
1670,   ,   ,   ,840.5000,65535.0000,1653.5000,813.0000,0.0000,0.0000,0.0000,1.0000,1.0000E+00,1.0000E+00,
1671,   ,   ,   ,837.5000,65535.0000,1638.0000,800.5000,0.0000,0.0000,0.0000,1.0000,1.0000E+00,1.0000E+00,
1672,   ,   ,   ,843.0000,65535.0000,1650.5000,807.5000,0.0000,0.0000,0.0000,1.0000,1.0000E+00,1.0000E+00,
1673,   ,   ,   ,849.0000,65535.0000,1690.0000,841.0000,0.0000,0.0000,0.0000,1.0000,1.0000E+00,1.0000E+00,
1674,   ,   ,   ,845.0000,65535.0000,1615.0000,770.0000,0.0000,0.0000,0.0000,1.0000,1.0000E+00,1.0000E+00,
1675,   ,   ,   ,852.0000,65535.0000,1679.0000,827.0000,0.0000,0.0000,0.0000,1.0000,1.0000E+00,1.0000E+00,
1676,   ,   ,   ,844.0000,65535.0000,1646.5000,802.5000,0.0000,0.0000,0.0000,1.0000,1.0000E+00,1.0000E+00,
1677,   ,   ,   ,836.5000,65535.0000,1637.5000,801.0000,0.0000,0.0000,0.0000,1.0000,1.0000E+00,1.0000E+00,
1678,   ,   ,   ,842.0000,65535.0000,1625.5000,783.5000,0.0000,0.0000,0.0000,1.0000,1.0000E+00,1.0000E+00,
1679,   ,   ,   ,860.0000,65535.0000,1655.0000,795.0000,0.0000,0.0000,0.0000,1.0000,1.0000E+00,1.0000E+00,
1680,   ,   ,   ,847.0000,65535.0000,1597.5000,750.5000,0.0000,0.0000,0.0000,1.0000,1.0000E+00,1.0000E+00,
1681,   ,   ,   ,829.0000,65535.0000,1621.0000,792.0000,0.0000,0.0000,0.0000,1.0000,1.0000E+00,1.0000E+00,
1682,   ,   ,   ,842.0000,65535.0000,1635.0000,793.0000,0.0000,0.0000,0.0000,1.0000,1.0000E+00,1.0000E+00,
1683,   ,   ,   ,828.0000,65535.0000,1626.5000,798.5000,0.0000,0.0000,0.0000,1.0000,1.0000E+00,1.0000E+00,
1684,   ,   ,   ,871.5000,65535.0000,1619.0000,747.5000,0.0000,0.0000,0.0000,1.0000,1.0000E+00,1.0000E+00,
1685,   ,   ,   ,869.5000,65535.0000,1659.5000,790.0000,0.0000,0.0000,0.0000,1.0000,1.0000E+00,1.0000E+00,
1686,   ,   ,   ,878.0000,65535.0000,1651.0000,773.0000,0.0000,0.0000,0.0000,1.0000,1.0000E+00,1.0000E+00,
1687,   ,   ,   ,905.0000,65535.0000,1683.5000,778.5000,0.0000,0.0000,0.0000,1.0000,1.0000E+00,1.0000E+00,
1688,   ,   ,   ,850.0000,65535.0000,1593.5000,743.5000,0.0000,0.0000,0.0000,1.0000,1.0000E+00,1.0000E+00,
1689,   ,   ,   ,845.5000,65535.0000,1567.5000,722.0000,0.0000,0.0000,0.0000,1.0000,1.0000E+00,1.0000E+00,
1690,   ,   ,   ,809.5000,65535.0000,1548.5000,739.0000,0.0000,0.0000,0.0000,1.0000,1.0000E+00,1.0000E+00,
1691,   ,   ,   ,818.5000,65535.0000,1563.0000,744.5000,0.0000,0.0000,0.0000,1.0000,1.0000E+00,1.0000E+00,
1692,   ,   ,   ,877.5000,65535.0000,1608.0000,730.5000,0.0000,0.0000,0.0000,1.0000,1.0000E+00,1.0000E+00,
1693,   ,   ,   ,810.5000,65535.0000,1582.5000,772.0000,0.0000,0.0000,0.0000,1.0000,1.0000E+00,1.0000E+00,
1694,   ,   ,   ,822.0000,65535.0000,1571.0000,749.0000,0.0000,0.0000,0.0000,1.0000,1.0000E+00,1.0000E+00,
1695,   ,   ,   ,816.0000,65535.0000,1576.0000,760.0000,0.0000,0.0000,0.0000,1.0000,1.0000E+00,1.0000E+00,
1696,   ,   ,   ,874.5000,65535.0000,1576.5000,702.0000,0.0000,0.0000,0.0000,1.0000,1.0000E+00,1.0000E+00,
1697,   ,   ,   ,856.5000,65535.0000,1592.0000,735.5000,0.0000,0.0000,0.0000,1.0000,1.0000E+00,1.0000E+00,
1698,   ,   ,   ,843.0000,65535.0000,1591.5000,748.5000,0.0000,0.0000,0.0000,1.0000,1.0000E+00,1.0000E+00,
1699,   ,   ,   ,865.0000,65535.0000,1551.0000,686.0000,0.0000,0.0000,0.0000,1.0000,1.0000E+00,1.0000E+00,
1700,   ,   ,   ,861.5000,65535.0000,1574.0000,712.5000,0.0000,0.0000,0.0000,1.0000,1.0000E+00,1.0000E+00,
1701,   ,   ,   ,840.0000,65535.0000,1550.0000,710.0000,0.0000,0.0000,0.0000,1.0000,1.0000E+00,1.0000E+00,
1702,   ,   ,   ,841.0000,65535.0000,1543.5000,702.5000,0.0000,0.0000,0.0000,1.0000,1.0000E+00,1.0000E+00,
1703,   ,   ,   ,832.0000,65535.0000,1545.0000,713.0000,0.0000,0.0000,0.0000,1.0000,1.0000E+00,1.0000E+00,
1704,   ,   ,   ,843.0000,65535.0000,1553.5000,710.5000,0.0000,0.0000,0.0000,1.0000,1.0000E+00,1.0000E+00,
1705,   ,   ,   ,825.5000,65535.0000,1547.5000,722.0000,0.0000,0.0000,0.0000,1.0000,1.0000E+00,1.0000E+00,
1706,   ,   ,   ,834.0000,65535.0000,1566.5000,732.5000,0.0000,0.0000,0.0000,1.0000,1.0000E+00,1.0000E+00,
1707,   ,   ,   ,842.0000,65535.0000,1561.0000,719.0000,0.0000,0.0000,0.0000,1.0000,1.0000E+00,1.0000E+00,
1708,   ,   ,   ,893.0000,65535.0000,1617.5000,724.5000,0.0000,0.0000,0.0000,1.0000,1.0000E+00,1.0000E+00,
1709,   ,   ,   ,842.0000,65535.0000,1525.5000,683.5000,0.0000,0.0000,0.0000,1.0000,1.0000E+00,1.0000E+00,
1710,   ,   ,   ,813.0000,65535.0000,1561.5000,748.5000,0.0000,0.0000,0.0000,1.0000,1.0000E+00,1.0000E+00,
1711,   ,   ,   ,858.5000,65535.0000,1514.5000,656.0000,0.0000,0.0000,0.0000,1.0000,1.0000E+00,1.0000E+00,
1712,   ,   ,   ,848.0000,65535.0000,1490.0000,642.0000,0.0000,0.0000,0.0000,1.0000,1.0000E+00,1.0000E+00,
1713,   ,   ,   ,817.5000,65535.0000,1514.5000,697.0000,0.0000,0.0000,0.0000,1.0000,1.0000E+00,1.0000E+00,
1714,   ,   ,   ,836.5000,65535.0000,1528.5000,692.0000,0.0000,0.0000,0.0000,1.0000,1.0000E+00,1.0000E+00,
1715,   ,   ,   ,851.5000,65535.0000,1494.0000,642.5000,0.0000,0.0000,0.0000,1.0000,1.0000E+00,1.0000E+00,
1716,   ,   ,   ,839.0000,65535.0000,1516.5000,677.5000,0.0000,0.0000,0.0000,1.0000,1.0000E+00,1.0000E+00,
1717,   ,   ,   ,811.0000,65535.0000,1487.5000,676.5000,0.0000,0.0000,0.0000,1.0000,1.0000E+00,1.0000E+00,
1718,   ,   ,   ,828.0000,65535.0000,1491.0000,663.0000,0.0000,0.0000,0.0000,1.0000,1.0000E+00,1.0000E+00,
1719,   ,   ,   ,866.5000,65535.0000,1508.0000,641.5000,0.0000,0.0000,0.0000,1.0000,1.0000E+00,1.0000E+00,
1720,   ,   ,   ,809.0000,65535.0000,1493.0000,684.0000,0.0000,0.0000,0.0000,1.0000,1.0000E+00,1.0000E+00,
1721,   ,   ,   ,860.0000,65535.0000,1519.5000,659.5000,0.0000,0.0000,0.0000,1.0000,1.0000E+00,1.0000E+00,
1722,   ,   ,   ,866.0000,65535.0000,1508.5000,642.5000,0.0000,0.0000,0.0000,1.0000,1.0000E+00,1.0000E+00,
1723,   ,   ,   ,817.0000,65535.0000,1476.0000,659.0000,0.0000,0.0000,0.0000,1.0000,1.0000E+00,1.0000E+00,
1724,   ,   ,   ,865.5000,65535.0000,1482.0000,616.5000,0.0000,0.0000,0.0000,1.0000,1.0000E+00,1.0000E+00,
1725,   ,   ,   ,837.0000,65535.0000,1483.5000,646.5000,0.0000,0.0000,0.0000,1.0000,1.0000E+00,1.0000E+00,
1726,   ,   ,   ,853.0000,65535.0000,1514.5000,661.5000,0.0000,0.0000,0.0000,1.0000,1.0000E+00,1.0000E+00,
1727,   ,   ,   ,871.5000,65535.0000,1525.5000,654.0000,0.0000,0.0000,0.0000,1.0000,1.0000E+00,1.0000E+00,
1728,   ,   ,   ,833.0000,65535.0000,1488.0000,655.0000,0.0000,0.0000,0.0000,1.0000,1.0000E+00,1.0000E+00,
1729,   ,   ,   ,833.0000,65535.0000,1506.5000,673.5000,0.0000,0.0000,0.0000,1.0000,1.0000E+00,1.0000E+00,
1730,   ,   ,   ,833.5000,65535.0000,1493.5000,660.0000,0.0000,0.0000,0.0000,1.0000,1.0000E+00,1.0000E+00,
1731,   ,   ,   ,841.0000,65535.0000,1486.5000,645.5000,0.0000,0.0000,0.0000,1.0000,1.0000E+00,1.0000E+00,
1732,   ,   ,   ,858.5000,65535.0000,1483.0000,624.5000,0.0000,0.0000,0.0000,1.0000,1.0000E+00,1.0000E+00,
1733,   ,   ,   ,879.5000,65535.0000,1526.5000,647.0000,0.0000,0.0000,0.0000,1.0000,1.0000E+00,1.0000E+00,
1734,   ,   ,   ,861.5000,65535.0000,1465.0000,603.5000,0.0000,0.0000,0.0000,1.0000,1.0000E+00,1.0000E+00,
1735,   ,   ,   ,822.5000,65535.0000,1485.0000,662.5000,0.0000,0.0000,0.0000,1.0000,1.0000E+00,1.0000E+00,
1736,   ,   ,   ,859.5000,65535.0000,1464.5000,605.0000,0.0000,0.0000,0.0000,1.0000,1.0000E+00,1.0000E+00,
1737,   ,   ,   ,852.0000,65535.0000,1471.5000,619.5000,0.0000,0.0000,0.0000,1.0000,1.0000E+00,1.0000E+00,
1738,   ,   ,   ,840.5000,65535.0000,1492.0000,651.5000,0.0000,0.0000,0.0000,1.0000,1.0000E+00,1.0000E+00,
1739,   ,   ,   ,837.5000,65535.0000,1489.0000,651.5000,0.0000,0.0000,0.0000,1.0000,1.0000E+00,1.0000E+00,
1740,   ,   ,   ,891.5000,65535.0000,1534.5000,643.0000,0.0000,0.0000,0.0000,1.0000,1.0000E+00,1.0000E+00,
1741,   ,   ,   ,951.0000,65535.0000,1557.5000,606.5000,0.0000,0.0000,0.0000,1.0000,1.0000E+00,1.0000E+00,
1742,   ,   ,   ,814.5000,65535.0000,1429.5000,615.0000,0.0000,0.0000,0.0000,1.0000,1.0000E+00,1.0000E+00,
1743,   ,   ,   ,856.5000,65535.0000,1438.5000,582.0000,0.0000,0.0000,0.0000,1.0000,1.0000E+00,1.0000E+00,
1744,   ,   ,   ,844.5000,65535.0000,1409.5000,565.0000,0.0000,0.0000,0.0000,1.0000,1.0000E+00,1.0000E+00,
1745,   ,   ,   ,812.0000,65535.0000,1442.5000,630.5000,0.0000,0.0000,0.0000,1.0000,1.0000E+00,1.0000E+00,
1746,   ,   ,   ,847.5000,65535.0000,1429.5000,582.0000,0.0000,0.0000,0.0000,1.0000,1.0000E+00,1.0000E+00,
1747,   ,   ,   ,835.5000,65535.0000,1393.0000,557.5000,0.0000,0.0000,0.0000,1.0000,1.0000E+00,1.0000E+00,
1748,   ,   ,   ,841.0000,65535.0000,1425.5000,584.5000,0.0000,0.0000,0.0000,1.0000,1.0000E+00,1.0000E+00,
1749,   ,   ,   ,831.0000,65535.0000,1401.5000,570.5000,0.0000,0.0000,0.0000,1.0000,1.0000E+00,1.0000E+00,
1750,   ,   ,   ,835.0000,65535.0000,1393.5000,558.5000,0.0000,0.0000,0.0000,1.0000,1.0000E+00,1.0000E+00,
1751,   ,   ,   ,826.5000,65535.0000,1399.0000,572.5000,0.0000,0.0000,0.0000,1.0000,1.0000E+00,1.0000E+00,
1752,   ,   ,   ,835.5000,65535.0000,1422.5000,587.0000,0.0000,0.0000,0.0000,1.0000,1.0000E+00,1.0000E+00,
1753,   ,   ,   ,841.0000,65535.0000,1423.0000,582.0000,0.0000,0.0000,0.0000,1.0000,1.0000E+00,1.0000E+00,
1754,   ,   ,   ,914.0000,65535.0000,1446.0000,532.0000,0.0000,0.0000,0.0000,1.0000,1.0000E+00,1.0000E+00,
1755,   ,   ,   ,825.0000,65535.0000,1416.5000,591.5000,0.0000,0.0000,0.0000,1.0000,1.0000E+00,1.0000E+00,
1756,   ,   ,   ,856.5000,65535.0000,1439.5000,583.0000,0.0000,0.0000,0.0000,1.0000,1.0000E+00,1.0000E+00,
1757,   ,   ,   ,821.5000,65535.0000,1399.0000,577.5000,0.0000,0.0000,0.0000,1.0000,1.0000E+00,1.0000E+00,
1758,   ,   ,   ,887.0000,65535.0000,1445.0000,558.0000,0.0000,0.0000,0.0000,1.0000,1.0000E+00,1.0000E+00,
1759,   ,   ,   ,842.5000,65535.0000,1411.0000,568.5000,0.0000,0.0000,0.0000,1.0000,1.0000E+00,1.0000E+00,
1760,   ,   ,   ,846.0000,65535.0000,1405.0000,559.0000,0.0000,0.0000,0.0000,1.0000,1.0000E+00,1.0000E+00,
1761,   ,   ,   ,866.0000,65535.0000,1426.0000,560.0000,0.0000,0.0000,0.0000,1.0000,1.0000E+00,1.0000E+00,
1762,   ,   ,   ,816.5000,65535.0000,1385.0000,568.5000,0.0000,0.0000,0.0000,1.0000,1.0000E+00,1.0000E+00,
1763,   ,   ,   ,818.5000,65535.0000,1385.5000,567.0000,0.0000,0.0000,0.0000,1.0000,1.0000E+00,1.0000E+00,
1764,   ,   ,   ,806.5000,65535.0000,1380.0000,573.5000,0.0000,0.0000,0.0000,1.0000,1.0000E+00,1.0000E+00,
1765,   ,   ,   ,815.0000,65535.0000,1378.0000,563.0000,0.0000,0.0000,0.0000,1.0000,1.0000E+00,1.0000E+00,
1766,   ,   ,   ,850.5000,65535.0000,1394.0000,543.5000,0.0000,0.0000,0.0000,1.0000,1.0000E+00,1.0000E+00,
1767,   ,   ,   ,817.5000,65535.0000,1405.0000,587.5000,0.0000,0.0000,0.0000,1.0000,1.0000E+00,1.0000E+00,
1768,   ,   ,   ,824.5000,65535.0000,1357.0000,532.5000,0.0000,0.0000,0.0000,1.0000,1.0000E+00,1.0000E+00,
1769,   ,   ,   ,850.5000,65535.0000,1371.5000,521.0000,0.0000,0.0000,0.0000,1.0000,1.0000E+00,1.0000E+00,
1770,   ,   ,   ,831.0000,65535.0000,1359.0000,528.0000,0.0000,0.0000,0.0000,1.0000,1.0000E+00,1.0000E+00,
1771,   ,   ,   ,843.0000,65535.0000,1360.5000,517.5000,0.0000,0.0000,0.0000,1.0000,1.0000E+00,1.0000E+00,
1772,   ,   ,   ,840.5000,65535.0000,1368.5000,528.0000,0.0000,0.0000,0.0000,1.0000,1.0000E+00,1.0000E+00,
1773,   ,   ,   ,827.5000,65535.0000,1346.5000,519.0000,0.0000,0.0000,0.0000,1.0000,1.0000E+00,1.0000E+00,
1774,   ,   ,   ,849.0000,65535.0000,1340.5000,491.5000,0.0000,0.0000,0.0000,1.0000,1.0000E+00,1.0000E+00,
1775,   ,   ,   ,801.0000,65535.0000,1350.0000,549.0000,0.0000,0.0000,0.0000,1.0000,1.0000E+00,1.0000E+00,
1776,   ,   ,   ,897.0000,65535.0000,1393.5000,496.5000,0.0000,0.0000,0.0000,1.0000,1.0000E+00,1.0000E+00,
1777,   ,   ,   ,813.5000,65535.0000,1342.0000,528.5000,0.0000,0.0000,0.0000,1.0000,1.0000E+00,1.0000E+00,
1778,   ,   ,   ,853.5000,65535.0000,1351.0000,497.5000,0.0000,0.0000,0.0000,1.0000,1.0000E+00,1.0000E+00,
1779,   ,   ,   ,825.0000,65535.0000,1346.0000,521.0000,0.0000,0.0000,0.0000,1.0000,1.0000E+00,1.0000E+00,
1780,   ,   ,   ,814.0000,65535.0000,1351.5000,537.5000,0.0000,0.0000,0.0000,1.0000,1.0000E+00,1.0000E+00,
1781,   ,   ,   ,848.0000,65535.0000,1360.5000,512.5000,0.0000,0.0000,0.0000,1.0000,1.0000E+00,1.0000E+00,
1782,   ,   ,   ,874.0000,65535.0000,1336.5000,462.5000,0.0000,0.0000,0.0000,1.0000,1.0000E+00,1.0000E+00,
1783,   ,   ,   ,865.5000,65535.0000,1385.5000,520.0000,0.0000,0.0000,0.0000,1.0000,1.0000E+00,1.0000E+00,
1784,   ,   ,   ,858.0000,65535.0000,1345.0000,487.0000,0.0000,0.0000,0.0000,1.0000,1.0000E+00,1.0000E+00,
1785,   ,   ,   ,960.0000,65535.0000,1474.0000,514.0000,0.0000,0.0000,0.0000,1.0000,1.0000E+00,1.0000E+00,
1786,   ,   ,   ,836.0000,65535.0000,1335.0000,499.0000,0.0000,0.0000,0.0000,1.0000,1.0000E+00,1.0000E+00,
1787,   ,   ,   ,811.5000,65535.0000,1354.5000,543.0000,0.0000,0.0000,0.0000,1.0000,1.0000E+00,1.0000E+00,
1788,   ,   ,   ,852.5000,65535.0000,1338.0000,485.5000,0.0000,0.0000,0.0000,1.0000,1.0000E+00,1.0000E+00,
1789,   ,   ,   ,828.5000,65535.0000,1332.0000,503.5000,0.0000,0.0000,0.0000,1.0000,1.0000E+00,1.0000E+00,
1790,   ,   ,   ,821.0000,65535.0000,1283.5000,462.5000,0.0000,0.0000,0.0000,1.0000,1.0000E+00,1.0000E+00,
1791,   ,   ,   ,831.5000,65535.0000,1339.0000,507.5000,0.0000,0.0000,0.0000,1.0000,1.0000E+00,1.0000E+00,
1792,   ,   ,   ,831.0000,65535.0000,1300.5000,469.5000,0.0000,0.0000,0.0000,1.0000,1.0000E+00,1.0000E+00,
1793,   ,   ,   ,854.5000,65535.0000,1306.0000,451.5000,0.0000,0.0000,0.0000,1.0000,1.0000E+00,1.0000E+00,
1794,   ,   ,   ,864.5000,65535.0000,1310.5000,446.0000,0.0000,0.0000,0.0000,1.0000,1.0000E+00,1.0000E+00,
1795,   ,   ,   ,824.5000,65535.0000,1310.5000,486.0000,0.0000,0.0000,0.0000,1.0000,1.0000E+00,1.0000E+00,
1796,   ,   ,   ,849.0000,65535.0000,1314.5000,465.5000,0.0000,0.0000,0.0000,1.0000,1.0000E+00,1.0000E+00,
1797,   ,   ,   ,842.5000,65535.0000,1340.5000,498.0000,0.0000,0.0000,0.0000,1.0000,1.0000E+00,1.0000E+00,
1798,   ,   ,   ,836.5000,65535.0000,1303.5000,467.0000,0.0000,0.0000,0.0000,1.0000,1.0000E+00,1.0000E+00,
1799,   ,   ,   ,832.0000,65535.0000,1292.0000,460.0000,0.0000,0.0000,0.0000,1.0000,1.0000E+00,1.0000E+00,
1800,   ,   ,   ,833.0000,65535.0000,1311.0000,478.0000,0.0000,0.0000,0.0000,1.0000,1.0000E+00,1.0000E+00,
1801,   ,   ,   ,822.5000,65535.0000,1308.5000,486.0000,0.0000,0.0000,0.0000,1.0000,1.0000E+00,1.0000E+00,
1802,   ,   ,   ,835.0000,65535.0000,1321.5000,486.5000,0.0000,0.0000,0.0000,1.0000,1.0000E+00,1.0000E+00,
1803,   ,   ,   ,856.0000,65535.0000,1287.0000,431.0000,0.0000,0.0000,0.0000,1.0000,1.0000E+00,1.0000E+00,
1804,   ,   ,   ,831.0000,65535.0000,1248.0000,417.0000,0.0000,0.0000,0.0000,1.0000,1.0000E+00,1.0000E+00,
1805,   ,   ,   ,828.5000,65535.0000,1296.5000,468.0000,0.0000,0.0000,0.0000,1.0000,1.0000E+00,1.0000E+00,
1806,   ,   ,   ,859.0000,65535.0000,1284.5000,425.5000,0.0000,0.0000,0.0000,1.0000,1.0000E+00,1.0000E+00,
1807,   ,   ,   ,810.0000,65535.0000,1286.5000,476.5000,0.0000,0.0000,0.0000,1.0000,1.0000E+00,1.0000E+00,
1808,   ,   ,   ,827.5000,65535.0000,1268.5000,441.0000,0.0000,0.0000,0.0000,1.0000,1.0000E+00,1.0000E+00,
1809,   ,   ,   ,866.0000,65535.0000,1308.5000,442.5000,0.0000,0.0000,0.0000,1.0000,1.0000E+00,1.0000E+00,
1810,   ,   ,   ,823.0000,65535.0000,1281.0000,458.0000,0.0000,0.0000,0.0000,1.0000,1.0000E+00,1.0000E+00,
1811,   ,   ,   ,847.0000,65535.0000,1286.0000,439.0000,0.0000,0.0000,0.0000,1.0000,1.0000E+00,1.0000E+00,
1812,   ,   ,   ,841.5000,65535.0000,1312.5000,471.0000,0.0000,0.0000,0.0000,1.0000,1.0000E+00,1.0000E+00,
1813,   ,   ,   ,854.0000,65535.0000,1292.5000,438.5000,0.0000,0.0000,0.0000,1.0000,1.0000E+00,1.0000E+00,
1814,   ,   ,   ,820.0000,65535.0000,1292.5000,472.5000,0.0000,0.0000,0.0000,1.0000,1.0000E+00,1.0000E+00,
1815,   ,   ,   ,886.0000,65535.0000,1312.0000,426.0000,0.0000,0.0000,0.0000,1.0000,1.0000E+00,1.0000E+00,
1816,   ,   ,   ,820.0000,65535.0000,1271.5000,451.5000,0.0000,0.0000,0.0000,1.0000,1.0000E+00,1.0000E+00,
1817,   ,   ,   ,832.5000,65535.0000,1279.0000,446.5000,0.0000,0.0000,0.0000,1.0000,1.0000E+00,1.0000E+00,
1818,   ,   ,   ,817.5000,65535.0000,1277.0000,459.5000,0.0000,0.0000,0.0000,1.0000,1.0000E+00,1.0000E+00,
1819,   ,   ,   ,827.0000,65535.0000,1252.5000,425.5000,0.0000,0.0000,0.0000,1.0000,1.0000E+00,1.0000E+00,
1820,   ,   ,   ,840.0000,65535.0000,1291.0000,451.0000,0.0000,0.0000,0.0000,1.0000,1.0000E+00,1.0000E+00,
1821,   ,   ,   ,845.5000,65535.0000,1251.0000,405.5000,0.0000,0.0000,0.0000,1.0000,1.0000E+00,1.0000E+00,
1822,   ,   ,   ,801.5000,65535.0000,1236.0000,434.5000,0.0000,0.0000,0.0000,1.0000,1.0000E+00,1.0000E+00,
1823,   ,   ,   ,875.0000,65535.0000,1317.5000,442.5000,0.0000,0.0000,0.0000,1.0000,1.0000E+00,1.0000E+00,
1824,   ,   ,   ,853.0000,65535.0000,1274.5000,421.5000,0.0000,0.0000,0.0000,1.0000,1.0000E+00,1.0000E+00,
1825,   ,   ,   ,822.0000,65535.0000,1253.5000,431.5000,0.0000,0.0000,0.0000,1.0000,1.0000E+00,1.0000E+00,
1826,   ,   ,   ,863.0000,65535.0000,1297.0000,434.0000,0.0000,0.0000,0.0000,1.0000,1.0000E+00,1.0000E+00,
1827,   ,   ,   ,811.5000,65535.0000,1250.5000,439.0000,0.0000,0.0000,0.0000,1.0000,1.0000E+00,1.0000E+00,
1828,   ,   ,   ,835.0000,65535.0000,1248.5000,413.5000,0.0000,0.0000,0.0000,1.0000,1.0000E+00,1.0000E+00,
1829,   ,   ,   ,847.0000,65535.0000,1276.5000,429.5000,0.0000,0.0000,0.0000,1.0000,1.0000E+00,1.0000E+00,
1830,   ,   ,   ,826.0000,65535.0000,1244.5000,418.5000,0.0000,0.0000,0.0000,1.0000,1.0000E+00,1.0000E+00,
1831,   ,   ,   ,801.5000,65535.0000,1246.5000,445.0000,0.0000,0.0000,0.0000,1.0000,1.0000E+00,1.0000E+00,
1832,   ,   ,   ,875.5000,65535.0000,1298.0000,422.5000,0.0000,0.0000,0.0000,1.0000,1.0000E+00,1.0000E+00,
1833,   ,   ,   ,817.0000,65535.0000,1221.0000,404.0000,0.0000,0.0000,0.0000,1.0000,1.0000E+00,1.0000E+00,
1834,   ,   ,   ,843.5000,65535.0000,1253.5000,410.0000,0.0000,0.0000,0.0000,1.0000,1.0000E+00,1.0000E+00,
1835,   ,   ,   ,835.5000,65535.0000,1242.5000,407.0000,0.0000,0.0000,0.0000,1.0000,1.0000E+00,1.0000E+00,
1836,   ,   ,   ,831.0000,65535.0000,1268.0000,437.0000,0.0000,0.0000,0.0000,1.0000,1.0000E+00,1.0000E+00,
1837,   ,   ,   ,815.5000,65535.0000,1243.5000,428.0000,0.0000,0.0000,0.0000,1.0000,1.0000E+00,1.0000E+00,
1838,   ,   ,   ,830.0000,65535.0000,1229.5000,399.5000,0.0000,0.0000,0.0000,1.0000,1.0000E+00,1.0000E+00,
1839,   ,   ,   ,805.5000,65535.0000,1214.5000,409.0000,0.0000,0.0000,0.0000,1.0000,1.0000E+00,1.0000E+00,
1840,   ,   ,   ,825.5000,65535.0000,1198.5000,373.0000,0.0000,0.0000,0.0000,1.0000,1.0000E+00,1.0000E+00,
1841,   ,   ,   ,829.0000,65535.0000,1225.5000,396.5000,0.0000,0.0000,0.0000,1.0000,1.0000E+00,1.0000E+00,
1842,   ,   ,   ,843.5000,65535.0000,1257.0000,413.5000,0.0000,0.0000,0.0000,1.0000,1.0000E+00,1.0000E+00,
1843,   ,   ,   ,867.5000,65535.0000,1242.0000,374.5000,0.0000,0.0000,0.0000,1.0000,1.0000E+00,1.0000E+00,
1844,   ,   ,   ,830.5000,65535.0000,1231.5000,401.0000,0.0000,0.0000,0.0000,1.0000,1.0000E+00,1.0000E+00,
1845,   ,   ,   ,799.5000,65535.0000,1196.5000,397.0000,0.0000,0.0000,0.0000,1.0000,1.0000E+00,1.0000E+00,
1846,   ,   ,   ,826.5000,65535.0000,1206.5000,380.0000,0.0000,0.0000,0.0000,1.0000,1.0000E+00,1.0000E+00,
1847,   ,   ,   ,806.5000,65535.0000,1249.0000,442.5000,0.0000,0.0000,0.0000,1.0000,1.0000E+00,1.0000E+00,
1848,   ,   ,   ,841.5000,65535.0000,1195.0000,353.5000,0.0000,0.0000,0.0000,1.0000,1.0000E+00,1.0000E+00,
1849,   ,   ,   ,870.0000,65535.0000,1242.0000,372.0000,0.0000,0.0000,0.0000,1.0000,1.0000E+00,1.0000E+00,
1850,   ,   ,   ,807.0000,65535.0000,1195.5000,388.5000,0.0000,0.0000,0.0000,1.0000,1.0000E+00,1.0000E+00,
1851,   ,   ,   ,795.5000,65535.0000,1180.0000,384.5000,0.0000,0.0000,0.0000,1.0000,1.0000E+00,1.0000E+00,
1852,   ,   ,   ,821.0000,65535.0000,1184.5000,363.5000,0.0000,0.0000,0.0000,1.0000,1.0000E+00,1.0000E+00,
1853,   ,   ,   ,982.0000,65535.0000,1344.0000,362.0000,0.0000,0.0000,0.0000,1.0000,1.0000E+00,1.0000E+00,
1854,   ,   ,   ,815.5000,65535.0000,1188.5000,373.0000,0.0000,0.0000,0.0000,1.0000,1.0000E+00,1.0000E+00,
1855,   ,   ,   ,871.0000,65535.0000,1246.5000,375.5000,0.0000,0.0000,0.0000,1.0000,1.0000E+00,1.0000E+00,
1856,   ,   ,   ,836.0000,65535.0000,1190.5000,354.5000,0.0000,0.0000,0.0000,1.0000,1.0000E+00,1.0000E+00,
1857,   ,   ,   ,820.5000,65535.0000,1204.5000,384.0000,0.0000,0.0000,0.0000,1.0000,1.0000E+00,1.0000E+00,
1858,   ,   ,   ,900.5000,65535.0000,1240.5000,340.0000,0.0000,0.0000,0.0000,1.0000,1.0000E+00,1.0000E+00,
1859,   ,   ,   ,993.0000,65535.0000,1362.5000,369.5000,0.0000,0.0000,0.0000,1.0000,1.0000E+00,1.0000E+00,
1860,   ,   ,   ,796.5000,65535.0000,1169.0000,372.5000,0.0000,0.0000,0.0000,1.0000,1.0000E+00,1.0000E+00,
1861,   ,   ,   ,798.0000,65535.0000,1178.5000,380.5000,0.0000,0.0000,0.0000,1.0000,1.0000E+00,1.0000E+00,
1862,   ,   ,   ,826.0000,65535.0000,1181.5000,355.5000,0.0000,0.0000,0.0000,1.0000,1.0000E+00,1.0000E+00,
1863,   ,   ,   ,842.0000,65535.0000,1195.5000,353.5000,0.0000,0.0000,0.0000,1.0000,1.0000E+00,1.0000E+00,
1864,   ,   ,   ,802.5000,65535.0000,1169.5000,367.0000,0.0000,0.0000,0.0000,1.0000,1.0000E+00,1.0000E+00,
1865,   ,   ,   ,827.0000,65535.0000,1195.5000,368.5000,0.0000,0.0000,0.0000,1.0000,1.0000E+00,1.0000E+00,
1866,   ,   ,   ,868.5000,65535.0000,1229.5000,361.0000,0.0000,0.0000,0.0000,1.0000,1.0000E+00,1.0000E+00,
1867,   ,   ,   ,791.5000,65535.0000,1184.5000,393.0000,0.0000,0.0000,0.0000,1.0000,1.0000E+00,1.0000E+00,
1868,   ,   ,   ,884.0000,65535.0000,1239.0000,355.0000,0.0000,0.0000,0.0000,1.0000,1.0000E+00,1.0000E+00,
1869,   ,   ,   ,954.5000,65535.0000,1315.5000,361.0000,0.0000,0.0000,0.0000,1.0000,1.0000E+00,1.0000E+00,
1870,   ,   ,   ,817.5000,65535.0000,1192.5000,375.0000,0.0000,0.0000,0.0000,1.0000,1.0000E+00,1.0000E+00,
1871,   ,   ,   ,815.0000,65535.0000,1159.0000,344.0000,0.0000,0.0000,0.0000,1.0000,1.0000E+00,1.0000E+00,
1872,   ,   ,   ,806.0000,65535.0000,1171.5000,365.5000,0.0000,0.0000,0.0000,1.0000,1.0000E+00,1.0000E+00,
1873,   ,   ,   ,864.0000,65535.0000,1197.5000,333.5000,0.0000,0.0000,0.0000,1.0000,1.0000E+00,1.0000E+00,
1874,   ,   ,   ,845.0000,65535.0000,1168.0000,323.0000,0.0000,0.0000,0.0000,1.0000,1.0000E+00,1.0000E+00,
1875,   ,   ,   ,864.5000,65535.0000,1176.0000,311.5000,0.0000,0.0000,0.0000,1.0000,1.0000E+00,1.0000E+00,
1876,   ,   ,   ,852.0000,65535.0000,1171.5000,319.5000,0.0000,0.0000,0.0000,1.0000,1.0000E+00,1.0000E+00,
1877,   ,   ,   ,835.0000,65535.0000,1158.5000,323.5000,0.0000,0.0000,0.0000,1.0000,1.0000E+00,1.0000E+00,
1878,   ,   ,   ,840.5000,65535.0000,1177.0000,336.5000,0.0000,0.0000,0.0000,1.0000,1.0000E+00,1.0000E+00,
1879,   ,   ,   ,836.0000,65535.0000,1156.0000,320.0000,0.0000,0.0000,0.0000,1.0000,1.0000E+00,1.0000E+00,
1880,   ,   ,   ,853.0000,65535.0000,1167.5000,314.5000,0.0000,0.0000,0.0000,1.0000,1.0000E+00,1.0000E+00,
1881,   ,   ,   ,838.5000,65535.0000,1157.0000,318.5000,0.0000,0.0000,0.0000,1.0000,1.0000E+00,1.0000E+00,
1882,   ,   ,   ,847.5000,65535.0000,1172.0000,324.5000,0.0000,0.0000,0.0000,1.0000,1.0000E+00,1.0000E+00,
1883,   ,   ,   ,833.5000,65535.0000,1144.0000,310.5000,0.0000,0.0000,0.0000,1.0000,1.0000E+00,1.0000E+00,
1884,   ,   ,   ,852.5000,65535.0000,1180.5000,328.0000,0.0000,0.0000,0.0000,1.0000,1.0000E+00,1.0000E+00,
1885,   ,   ,   ,930.5000,65535.0000,1239.0000,308.5000,0.0000,0.0000,0.0000,1.0000,1.0000E+00,1.0000E+00,
1886,   ,   ,   ,823.0000,65535.0000,1153.0000,330.0000,0.0000,0.0000,0.0000,1.0000,1.0000E+00,1.0000E+00,
1887,   ,   ,   ,845.0000,65535.0000,1158.0000,313.0000,0.0000,0.0000,0.0000,1.0000,1.0000E+00,1.0000E+00,
1888,   ,   ,   ,855.0000,65535.0000,1205.0000,350.0000,0.0000,0.0000,0.0000,1.0000,1.0000E+00,1.0000E+00,
1889,   ,   ,   ,839.0000,65535.0000,1182.5000,343.5000,0.0000,0.0000,0.0000,1.0000,1.0000E+00,1.0000E+00,
1890,   ,   ,   ,830.0000,65535.0000,1132.5000,302.5000,0.0000,0.0000,0.0000,1.0000,1.0000E+00,1.0000E+00,
1891,   ,   ,   ,829.5000,65535.0000,1153.0000,323.5000,0.0000,0.0000,0.0000,1.0000,1.0000E+00,1.0000E+00,
1892,   ,   ,   ,798.5000,65535.0000,1147.5000,349.0000,0.0000,0.0000,0.0000,1.0000,1.0000E+00,1.0000E+00,
1893,   ,   ,   ,828.5000,65535.0000,1134.0000,305.5000,0.0000,0.0000,0.0000,1.0000,1.0000E+00,1.0000E+00,
1894,   ,   ,   ,847.5000,65535.0000,1141.0000,293.5000,0.0000,0.0000,0.0000,1.0000,1.0000E+00,1.0000E+00,
1895,   ,   ,   ,871.5000,65535.0000,1206.0000,334.5000,0.0000,0.0000,0.0000,1.0000,1.0000E+00,1.0000E+00,
1896,   ,   ,   ,819.5000,65535.0000,1142.0000,322.5000,0.0000,0.0000,0.0000,1.0000,1.0000E+00,1.0000E+00,
1897,   ,   ,   ,821.0000,65535.0000,1135.0000,314.0000,0.0000,0.0000,0.0000,1.0000,1.0000E+00,1.0000E+00,
1898,   ,   ,   ,849.0000,65535.0000,1152.0000,303.0000,0.0000,0.0000,0.0000,1.0000,1.0000E+00,1.0000E+00,
1899,   ,   ,   ,826.5000,65535.0000,1148.5000,322.0000,0.0000,0.0000,0.0000,1.0000,1.0000E+00,1.0000E+00,
1900,   ,   ,   ,842.0000,65535.0000,1135.0000,293.0000,0.0000,0.0000,0.0000,1.0000,1.0000E+00,1.0000E+00,
1901,   ,   ,   ,823.0000,65535.0000,1129.0000,306.0000,0.0000,0.0000,0.0000,1.0000,1.0000E+00,1.0000E+00,
1902,   ,   ,   ,852.0000,65535.0000,1156.0000,304.0000,0.0000,0.0000,0.0000,1.0000,1.0000E+00,1.0000E+00,
1903,   ,   ,   ,832.5000,65535.0000,1113.0000,280.5000,0.0000,0.0000,0.0000,1.0000,1.0000E+00,1.0000E+00,
1904,   ,   ,   ,863.5000,65535.0000,1161.5000,298.0000,0.0000,0.0000,0.0000,1.0000,1.0000E+00,1.0000E+00,
1905,   ,   ,   ,820.0000,65535.0000,1142.0000,322.0000,0.0000,0.0000,0.0000,1.0000,1.0000E+00,1.0000E+00,
1906,   ,   ,   ,801.0000,65535.0000,1149.0000,348.0000,0.0000,0.0000,0.0000,1.0000,1.0000E+00,1.0000E+00,
1907,   ,   ,   ,815.0000,65535.0000,1118.5000,303.5000,0.0000,0.0000,0.0000,1.0000,1.0000E+00,1.0000E+00,
1908,   ,   ,   ,874.0000,65535.0000,1170.0000,296.0000,0.0000,0.0000,0.0000,1.0000,1.0000E+00,1.0000E+00,
1909,   ,   ,   ,826.0000,65535.0000,1117.5000,291.5000,0.0000,0.0000,0.0000,1.0000,1.0000E+00,1.0000E+00,
1910,   ,   ,   ,854.0000,65535.0000,1120.5000,266.5000,0.0000,0.0000,0.0000,1.0000,1.0000E+00,1.0000E+00,
1911,   ,   ,   ,847.5000,65535.0000,1134.5000,287.0000,0.0000,0.0000,0.0000,1.0000,1.0000E+00,1.0000E+00,
1912,   ,   ,   ,821.0000,65535.0000,1114.5000,293.5000,0.0000,0.0000,0.0000,1.0000,1.0000E+00,1.0000E+00,
1913,   ,   ,   ,835.0000,65535.0000,1118.0000,283.0000,0.0000,0.0000,0.0000,1.0000,1.0000E+00,1.0000E+00,
1914,   ,   ,   ,832.5000,65535.0000,1120.5000,288.0000,0.0000,0.0000,0.0000,1.0000,1.0000E+00,1.0000E+00,
1915,   ,   ,   ,858.0000,65535.0000,1124.5000,266.5000,0.0000,0.0000,0.0000,1.0000,1.0000E+00,1.0000E+00,
1916,   ,   ,   ,818.0000,65535.0000,1114.5000,296.5000,0.0000,0.0000,0.0000,1.0000,1.0000E+00,1.0000E+00,
1917,   ,   ,   ,832.0000,65535.0000,1146.0000,314.0000,0.0000,0.0000,0.0000,1.0000,1.0000E+00,1.0000E+00,
1918,   ,   ,   ,831.5000,65535.0000,1127.5000,296.0000,0.0000,0.0000,0.0000,1.0000,1.0000E+00,1.0000E+00,
1919,   ,   ,   ,857.5000,65535.0000,1145.0000,287.5000,0.0000,0.0000,0.0000,1.0000,1.0000E+00,1.0000E+00,
1920,   ,   ,   ,845.5000,65535.0000,1136.0000,290.5000,0.0000,0.0000,0.0000,1.0000,1.0000E+00,1.0000E+00,
1921,   ,   ,   ,811.0000,65535.0000,1086.0000,275.0000,0.0000,0.0000,0.0000,1.0000,1.0000E+00,1.0000E+00,
1922,   ,   ,   ,846.5000,65535.0000,1108.5000,262.0000,0.0000,0.0000,0.0000,1.0000,1.0000E+00,1.0000E+00,
1923,   ,   ,   ,840.0000,65535.0000,1106.5000,266.5000,0.0000,0.0000,0.0000,1.0000,1.0000E+00,1.0000E+00,
1924,   ,   ,   ,822.0000,65535.0000,1106.5000,284.5000,0.0000,0.0000,0.0000,1.0000,1.0000E+00,1.0000E+00,
1925,   ,   ,   ,829.0000,65535.0000,1048.0000,219.0000,0.0000,0.0000,0.0000,1.0000,1.0000E+00,1.0000E+00,
1926,   ,   ,   ,862.0000,65535.0000,1107.0000,245.0000,0.0000,0.0000,0.0000,1.0000,1.0000E+00,1.0000E+00,
1927,   ,   ,   ,911.5000,65535.0000,1154.5000,243.0000,0.0000,0.0000,0.0000,1.0000,1.0000E+00,1.0000E+00,
1928,   ,   ,   ,880.0000,65535.0000,1120.5000,240.5000,0.0000,0.0000,0.0000,1.0000,1.0000E+00,1.0000E+00,
1929,   ,   ,   ,845.5000,65535.0000,1084.5000,239.0000,0.0000,0.0000,0.0000,1.0000,1.0000E+00,1.0000E+00,
1930,   ,   ,   ,808.5000,65535.0000,1030.5000,222.0000,0.0000,0.0000,0.0000,1.0000,1.0000E+00,1.0000E+00,
1931,   ,   ,   ,814.0000,65535.0000,1044.0000,230.0000,0.0000,0.0000,0.0000,1.0000,1.0000E+00,1.0000E+00,
1932,   ,   ,   ,826.0000,65535.0000,1054.0000,228.0000,0.0000,0.0000,0.0000,1.0000,1.0000E+00,1.0000E+00,
1933,   ,   ,   ,832.0000,65535.0000,1047.0000,215.0000,0.0000,0.0000,0.0000,1.0000,1.0000E+00,1.0000E+00,
1934,   ,   ,   ,807.0000,65535.0000,1052.0000,245.0000,0.0000,0.0000,0.0000,1.0000,1.0000E+00,1.0000E+00,
1935,   ,   ,   ,869.5000,65535.0000,1082.5000,213.0000,0.0000,0.0000,0.0000,1.0000,1.0000E+00,1.0000E+00,
1936,   ,   ,   ,825.0000,65535.0000,1043.5000,218.5000,0.0000,0.0000,0.0000,1.0000,1.0000E+00,1.0000E+00,
1937,   ,   ,   ,837.0000,65535.0000,1041.5000,204.5000,0.0000,0.0000,0.0000,1.0000,1.0000E+00,1.0000E+00,
1938,   ,   ,   ,830.5000,65535.0000,1032.0000,201.5000,0.0000,0.0000,0.0000,1.0000,1.0000E+00,1.0000E+00,
1939,   ,   ,   ,829.0000,65535.0000,1028.0000,199.0000,0.0000,0.0000,0.0000,1.0000,1.0000E+00,1.0000E+00,
1940,   ,   ,   ,819.5000,65535.0000,1037.5000,218.0000,0.0000,0.0000,0.0000,1.0000,1.0000E+00,1.0000E+00,
1941,   ,   ,   ,835.0000,65535.0000,1026.0000,191.0000,0.0000,0.0000,0.0000,1.0000,1.0000E+00,1.0000E+00,
1942,   ,   ,   ,842.5000,65535.0000,1040.0000,197.5000,0.0000,0.0000,0.0000,1.0000,1.0000E+00,1.0000E+00,
1943,   ,   ,   ,830.0000,65535.0000,991.0000,161.0000,0.0000,0.0000,0.0000,1.0000,1.0000E+00,1.0000E+00,
1944,   ,   ,   ,830.0000,65535.0000,1009.0000,179.0000,0.0000,0.0000,0.0000,1.0000,1.0000E+00,1.0000E+00,
1945,   ,   ,   ,827.5000,65535.0000,1033.0000,205.5000,0.0000,0.0000,0.0000,1.0000,1.0000E+00,1.0000E+00,
1946,   ,   ,   ,808.0000,65535.0000,978.5000,170.5000,0.0000,0.0000,0.0000,1.0000,1.0000E+00,1.0000E+00,
1947,   ,   ,   ,842.5000,65535.0000,1013.5000,171.0000,0.0000,0.0000,0.0000,1.0000,1.0000E+00,1.0000E+00,
1948,   ,   ,   ,848.0000,65535.0000,985.5000,137.5000,0.0000,0.0000,0.0000,1.0000,1.0000E+00,1.0000E+00,
1949,   ,   ,   ,834.5000,65535.0000,1031.0000,196.5000,0.0000,0.0000,0.0000,1.0000,1.0000E+00,1.0000E+00,
1950,   ,   ,   ,848.0000,65535.0000,997.0000,149.0000,0.0000,0.0000,0.0000,1.0000,1.0000E+00,1.0000E+00,
1951,   ,   ,   ,841.0000,65535.0000,994.5000,153.5000,0.0000,0.0000,0.0000,1.0000,1.0000E+00,1.0000E+00,
1952,   ,   ,   ,850.0000,65535.0000,1017.5000,167.5000,0.0000,0.0000,0.0000,1.0000,1.0000E+00,1.0000E+00,
1953,   ,   ,   ,813.0000,65535.0000,985.0000,172.0000,0.0000,0.0000,0.0000,1.0000,1.0000E+00,1.0000E+00,
1954,   ,   ,   ,820.0000,65535.0000,978.5000,158.5000,0.0000,0.0000,0.0000,1.0000,1.0000E+00,1.0000E+00,
1955,   ,   ,   ,845.0000,65535.0000,990.0000,145.0000,0.0000,0.0000,0.0000,1.0000,1.0000E+00,1.0000E+00,
1956,   ,   ,   ,821.5000,65535.0000,970.5000,149.0000,0.0000,0.0000,0.0000,1.0000,1.0000E+00,1.0000E+00,
1957,   ,   ,   ,828.0000,65535.0000,1012.5000,184.5000,0.0000,0.0000,0.0000,1.0000,1.0000E+00,1.0000E+00,
1958,   ,   ,   ,866.0000,65535.0000,998.0000,132.0000,0.0000,0.0000,0.0000,1.0000,1.0000E+00,1.0000E+00,
1959,   ,   ,   ,821.5000,65535.0000,979.5000,158.0000,0.0000,0.0000,0.0000,1.0000,1.0000E+00,1.0000E+00,
1960,   ,   ,   ,850.0000,65535.0000,1000.5000,150.5000,0.0000,0.0000,0.0000,1.0000,1.0000E+00,1.0000E+00,
1961,   ,   ,   ,853.0000,65535.0000,989.0000,136.0000,0.0000,0.0000,0.0000,1.0000,1.0000E+00,1.0000E+00,
1962,   ,   ,   ,839.5000,65535.0000,986.0000,146.5000,0.0000,0.0000,0.0000,1.0000,1.0000E+00,1.0000E+00,
1963,   ,   ,   ,912.0000,65535.0000,1064.0000,152.0000,0.0000,0.0000,0.0000,1.0000,1.0000E+00,1.0000E+00,
1964,   ,   ,   ,830.0000,65535.0000,1001.5000,171.5000,0.0000,0.0000,0.0000,1.0000,1.0000E+00,1.0000E+00,
1965,   ,   ,   ,861.5000,65535.0000,981.5000,120.0000,0.0000,0.0000,0.0000,1.0000,1.0000E+00,1.0000E+00,
1966,   ,   ,   ,847.5000,65535.0000,988.0000,140.5000,0.0000,0.0000,0.0000,1.0000,1.0000E+00,1.0000E+00,
1967,   ,   ,   ,850.5000,65535.0000,1009.5000,159.0000,0.0000,0.0000,0.0000,1.0000,1.0000E+00,1.0000E+00,
1968,   ,   ,   ,850.0000,65535.0000,1006.5000,156.5000,0.0000,0.0000,0.0000,1.0000,1.0000E+00,1.0000E+00,
1969,   ,   ,   ,882.0000,65535.0000,1021.5000,139.5000,0.0000,0.0000,0.0000,1.0000,1.0000E+00,1.0000E+00,
1970,   ,   ,   ,850.5000,65535.0000,983.5000,133.0000,0.0000,0.0000,0.0000,1.0000,1.0000E+00,1.0000E+00,
1971,   ,   ,   ,863.0000,65535.0000,1030.5000,167.5000,0.0000,0.0000,0.0000,1.0000,1.0000E+00,1.0000E+00,
1972,   ,   ,   ,857.5000,65535.0000,1006.5000,149.0000,0.0000,0.0000,0.0000,1.0000,1.0000E+00,1.0000E+00,
1973,   ,   ,   ,828.5000,65535.0000,981.5000,153.0000,0.0000,0.0000,0.0000,1.0000,1.0000E+00,1.0000E+00,
1974,   ,   ,   ,854.5000,65535.0000,1013.0000,158.5000,0.0000,0.0000,0.0000,1.0000,1.0000E+00,1.0000E+00,
1975,   ,   ,   ,833.5000,65535.0000,1007.5000,174.0000,0.0000,0.0000,0.0000,1.0000,1.0000E+00,1.0000E+00,
1976,   ,   ,   ,857.0000,65535.0000,1006.0000,149.0000,0.0000,0.0000,0.0000,1.0000,1.0000E+00,1.0000E+00,
1977,   ,   ,   ,1059.0000,65535.0000,1208.0000,149.0000,0.0000,0.0000,0.0000,1.0000,1.0000E+00,1.0000E+00,
1978,   ,   ,   ,834.0000,65535.0000,1001.5000,167.5000,0.0000,0.0000,0.0000,1.0000,1.0000E+00,1.0000E+00,
1979,   ,   ,   ,825.5000,65535.0000,985.5000,160.0000,0.0000,0.0000,0.0000,1.0000,1.0000E+00,1.0000E+00,
1980,   ,   ,   ,828.5000,65535.0000,986.0000,157.5000,0.0000,0.0000,0.0000,1.0000,1.0000E+00,1.0000E+00,
1981,   ,   ,   ,807.0000,65535.0000,956.5000,149.5000,0.0000,0.0000,0.0000,1.0000,1.0000E+00,1.0000E+00,
1982,   ,   ,   ,808.5000,65535.0000,976.0000,167.5000,0.0000,0.0000,0.0000,1.0000,1.0000E+00,1.0000E+00,
1983,   ,   ,   ,837.5000,65535.0000,978.5000,141.0000,0.0000,0.0000,0.0000,1.0000,1.0000E+00,1.0000E+00,
1984,   ,   ,   ,904.5000,65535.0000,1062.5000,158.0000,0.0000,0.0000,0.0000,1.0000,1.0000E+00,1.0000E+00,
1985,   ,   ,   ,837.0000,65535.0000,1002.0000,165.0000,0.0000,0.0000,0.0000,1.0000,1.0000E+00,1.0000E+00,
1986,   ,   ,   ,815.0000,65535.0000,965.0000,150.0000,0.0000,0.0000,0.0000,1.0000,1.0000E+00,1.0000E+00,
1987,   ,   ,   ,815.5000,65535.0000,956.0000,140.5000,0.0000,0.0000,0.0000,1.0000,1.0000E+00,1.0000E+00,
1988,   ,   ,   ,808.0000,65535.0000,939.5000,131.5000,0.0000,0.0000,0.0000,1.0000,1.0000E+00,1.0000E+00,
1989,   ,   ,   ,809.5000,65535.0000,983.0000,173.5000,0.0000,0.0000,0.0000,1.0000,1.0000E+00,1.0000E+00,
1990,   ,   ,   ,839.5000,65535.0000,1003.0000,163.5000,0.0000,0.0000,0.0000,1.0000,1.0000E+00,1.0000E+00,
1991,   ,   ,   ,820.0000,65535.0000,963.5000,143.5000,0.0000,0.0000,0.0000,1.0000,1.0000E+00,1.0000E+00,
1992,   ,   ,   ,852.0000,65535.0000,994.0000,142.0000,0.0000,0.0000,0.0000,1.0000,1.0000E+00,1.0000E+00,
1993,   ,   ,   ,844.5000,65535.0000,975.0000,130.5000,0.0000,0.0000,0.0000,1.0000,1.0000E+00,1.0000E+00,
1994,   ,   ,   ,843.5000,65535.0000,978.0000,134.5000,0.0000,0.0000,0.0000,1.0000,1.0000E+00,1.0000E+00,
1995,   ,   ,   ,837.5000,65535.0000,991.5000,154.0000,0.0000,0.0000,0.0000,1.0000,1.0000E+00,1.0000E+00,
1996,   ,   ,   ,903.0000,65535.0000,1072.0000,169.0000,0.0000,0.0000,0.0000,1.0000,1.0000E+00,1.0000E+00,
1997,   ,   ,   ,853.5000,65535.0000,988.5000,135.0000,0.0000,0.0000,0.0000,1.0000,1.0000E+00,1.0000E+00,
1998,   ,   ,   ,816.0000,65535.0000,970.5000,154.5000,0.0000,0.0000,0.0000,1.0000,1.0000E+00,1.0000E+00,
1999,   ,   ,   ,823.0000,65535.0000,973.5000,150.5000,0.0000,0.0000,0.0000,1.0000,1.0000E+00,1.0000E+00,
2000,   ,   ,   ,841.5000,65535.0000,968.5000,127.0000,0.0000,0.0000,0.0000,1.0000,1.0000E+00,1.0000E+00,
2001,   ,   ,   ,840.0000,65535.0000,986.5000,146.5000,0.0000,0.0000,0.0000,1.0000,1.0000E+00,1.0000E+00,
2002,   ,   ,   ,835.0000,65535.0000,987.5000,152.5000,0.0000,0.0000,0.0000,1.0000,1.0000E+00,1.0000E+00,
2003,   ,   ,   ,818.0000,65535.0000,949.0000,131.0000,0.0000,0.0000,0.0000,1.0000,1.0000E+00,1.0000E+00,
2004,   ,   ,   ,839.0000,65535.0000,988.0000,149.0000,0.0000,0.0000,0.0000,1.0000,1.0000E+00,1.0000E+00,
2005,   ,   ,   ,817.0000,65535.0000,962.0000,145.0000,0.0000,0.0000,0.0000,1.0000,1.0000E+00,1.0000E+00,
2006,   ,   ,   ,794.0000,65535.0000,963.0000,169.0000,0.0000,0.0000,0.0000,1.0000,1.0000E+00,1.0000E+00,
2007,   ,   ,   ,824.0000,65535.0000,978.5000,154.5000,0.0000,0.0000,0.0000,1.0000,1.0000E+00,1.0000E+00,
2008,   ,   ,   ,849.0000,65535.0000,961.5000,112.5000,0.0000,0.0000,0.0000,1.0000,1.0000E+00,1.0000E+00,
2009,   ,   ,   ,824.0000,65535.0000,984.5000,160.5000,0.0000,0.0000,0.0000,1.0000,1.0000E+00,1.0000E+00,
2010,   ,   ,   ,835.0000,65535.0000,967.0000,132.0000,0.0000,0.0000,0.0000,1.0000,1.0000E+00,1.0000E+00,
2011,   ,   ,   ,847.0000,65535.0000,976.0000,129.0000,0.0000,0.0000,0.0000,1.0000,1.0000E+00,1.0000E+00,
2012,   ,   ,   ,824.0000,65535.0000,976.0000,152.0000,0.0000,0.0000,0.0000,1.0000,1.0000E+00,1.0000E+00,
2013,   ,   ,   ,795.5000,65535.0000,932.0000,136.5000,0.0000,0.0000,0.0000,1.0000,1.0000E+00,1.0000E+00,
2014,   ,   ,   ,799.5000,65535.0000,964.0000,164.5000,0.0000,0.0000,0.0000,1.0000,1.0000E+00,1.0000E+00,
2015,   ,   ,   ,833.0000,65535.0000,955.0000,122.0000,0.0000,0.0000,0.0000,1.0000,1.0000E+00,1.0000E+00,
2016,   ,   ,   ,812.0000,65535.0000,958.5000,146.5000,0.0000,0.0000,0.0000,1.0000,1.0000E+00,1.0000E+00,
2017,   ,   ,   ,801.5000,65535.0000,949.5000,148.0000,0.0000,0.0000,0.0000,1.0000,1.0000E+00,1.0000E+00,
2018,   ,   ,   ,841.5000,65535.0000,984.0000,142.5000,0.0000,0.0000,0.0000,1.0000,1.0000E+00,1.0000E+00,
2019,   ,   ,   ,812.5000,65535.0000,940.0000,127.5000,0.0000,0.0000,0.0000,1.0000,1.0000E+00,1.0000E+00,
2020,   ,   ,   ,833.5000,65535.0000,981.5000,148.0000,0.0000,0.0000,0.0000,1.0000,1.0000E+00,1.0000E+00,
2021,   ,   ,   ,843.0000,65535.0000,956.5000,113.5000,0.0000,0.0000,0.0000,1.0000,1.0000E+00,1.0000E+00,
2022,   ,   ,   ,846.5000,65535.0000,970.5000,124.0000,0.0000,0.0000,0.0000,1.0000,1.0000E+00,1.0000E+00,
2023,   ,   ,   ,826.5000,65535.0000,966.5000,140.0000,0.0000,0.0000,0.0000,1.0000,1.0000E+00,1.0000E+00,
2024,   ,   ,   ,820.0000,65535.0000,984.5000,164.5000,0.0000,0.0000,0.0000,1.0000,1.0000E+00,1.0000E+00,
2025,   ,   ,   ,883.0000,65535.0000,995.0000,112.0000,0.0000,0.0000,0.0000,1.0000,1.0000E+00,1.0000E+00,
2026,   ,   ,   ,826.0000,65535.0000,948.0000,122.0000,0.0000,0.0000,0.0000,1.0000,1.0000E+00,1.0000E+00,
2027,   ,   ,   ,890.5000,65535.0000,1047.5000,157.0000,0.0000,0.0000,0.0000,1.0000,1.0000E+00,1.0000E+00,
2028,   ,   ,   ,857.5000,65535.0000,951.0000,93.5000,0.0000,0.0000,0.0000,1.0000,1.0000E+00,1.0000E+00,
2029,   ,   ,   ,845.0000,65535.0000,986.5000,141.5000,0.0000,0.0000,0.0000,1.0000,1.0000E+00,1.0000E+00,
2030,   ,   ,   ,866.5000,65535.0000,960.5000,94.0000,0.0000,0.0000,0.0000,1.0000,1.0000E+00,1.0000E+00,
2031,   ,   ,   ,877.0000,65535.0000,990.5000,113.5000,0.0000,0.0000,0.0000,1.0000,1.0000E+00,1.0000E+00,
2032,   ,   ,   ,954.0000,65535.0000,1071.5000,117.5000,0.0000,0.0000,0.0000,1.0000,1.0000E+00,1.0000E+00,
2033,   ,   ,   ,852.5000,65535.0000,966.5000,114.0000,0.0000,0.0000,0.0000,1.0000,1.0000E+00,1.0000E+00,
2034,   ,   ,   ,893.5000,65535.0000,1047.0000,153.5000,0.0000,0.0000,0.0000,1.0000,1.0000E+00,1.0000E+00,
2035,   ,   ,   ,848.0000,65535.0000,934.0000,86.0000,0.0000,0.0000,0.0000,1.0000,1.0000E+00,1.0000E+00,
2036,   ,   ,   ,852.5000,65535.0000,994.5000,142.0000,0.0000,0.0000,0.0000,1.0000,1.0000E+00,1.0000E+00,
2037,   ,   ,   ,806.0000,65535.0000,948.0000,142.0000,0.0000,0.0000,0.0000,1.0000,1.0000E+00,1.0000E+00,
2038,   ,   ,   ,804.5000,65535.0000,916.0000,111.5000,0.0000,0.0000,0.0000,1.0000,1.0000E+00,1.0000E+00,
2039,   ,   ,   ,830.5000,65535.0000,968.0000,137.5000,0.0000,0.0000,0.0000,1.0000,1.0000E+00,1.0000E+00,
2040,   ,   ,   ,781.5000,65535.0000,888.0000,106.5000,0.0000,0.0000,0.0000,1.0000,1.0000E+00,1.0000E+00,
2041,   ,   ,   ,804.5000,65535.0000,885.5000,81.0000,0.0000,0.0000,0.0000,1.0000,1.0000E+00,1.0000E+00,
2042,   ,   ,   ,792.0000,65535.0000,881.5000,89.5000,0.0000,0.0000,0.0000,1.0000,1.0000E+00,1.0000E+00,
2043,   ,   ,   ,777.5000,65535.0000,859.5000,82.0000,0.0000,0.0000,0.0000,1.0000,1.0000E+00,1.0000E+00,
2044,   ,   ,   ,776.5000,65535.0000,865.0000,88.5000,0.0000,0.0000,0.0000,1.0000,1.0000E+00,1.0000E+00,
2045,   ,   ,   ,818.0000,65535.0000,877.5000,59.5000,0.0000,0.0000,0.0000,1.0000,1.0000E+00,1.0000E+00,
2046,   ,   ,   ,994.5000,65535.0000,1077.5000,83.0000,0.0000,0.0000,0.0000,1.0000,1.0000E+00,1.0000E+00,
2047,   ,   ,   ,850.5000,65535.0000,969.5000,119.0000,0.0000,0.0000,0.0000,1.0000,1.0000E+00,1.0000E+00,
