Task,TaskName,Model,Preprocess,F1_mean,F1_std,BA_mean,BA_std,Acc_mean,Acc_std,FitSeconds_total,FitSeconds_mean,PredictSeconds_total,source_stage,source_priority,source_variant_file,variant_scope
G1_thiram_molar_grade,Thiram Positive Molar Grade,ExtraTrees,p2,1.0,0.0,1.0,0.0,1.0,0.0,7.120912773068994,1.424182554613799,1.1710799022112042,paper_main_random_cv,10,cv_results_summary_p2.csv,p2
G1_thiram_molar_grade,Thiram Positive Molar Grade,Spectrum-KAN,p2,0.9985491819436232,0.0032441277970427,0.9986111111111112,0.0031056499687497,0.9984732824427482,0.0034138442404576,143.81364434259012,28.762728868518025,0.0371598303318023,paper_main_random_cv,10,cv_results_summary_p2.csv,p2
G1_thiram_molar_grade,Thiram Positive Molar Grade,RamanNet-Lite,p1,0.9984173532560628,0.0035389057038119,0.998581560283688,0.0031717276276592,0.9984615384615384,0.0034401045807689,170.32171592861414,34.06434318572283,0.1098404675722122,paper_main_random_cv,10,cv_results_summary_p1.csv,p1
G1_thiram_molar_grade,Thiram Positive Molar Grade,SVM,p1,0.9984093567251462,0.0035567864905259,0.9982456140350876,0.0039229262763153,0.9984615384615384,0.0034401045807689,0.2476101091597229,0.0495220218319445,0.1131509349215775,paper_main_random_cv,10,cv_results_summary_p1.csv,p1
G1_thiram_molar_grade,Thiram Positive Molar Grade,RamanNet-Lite,p2,0.998332062039156,0.0037296226626998,0.998095238095238,0.0042591770999995,0.9984375,0.0034938562148434,147.0482643470168,29.409652869403363,0.2674689963459968,paper_main_random_cv,10,cv_results_summary_p2.csv,p2
G1_thiram_molar_grade,Thiram Positive Molar Grade,SVM,p5,0.9970997353328862,0.0039713516922958,0.9971926713947992,0.0038444479406789,0.9969348209042864,0.0041972206780104,0.3252443931996822,0.0650488786399364,0.1533340739551931,paper_main_random_cv,10,cv_results_summary_p5.csv,p5
G1_thiram_molar_grade,Thiram Positive Molar Grade,SVM,p2,0.996881243982779,0.004287745805595,0.9967063492063492,0.0046012927187693,0.9969107824427482,0.0042305582716812,0.2382378841284662,0.0476475768256932,0.1117264200001955,paper_main_random_cv,10,cv_results_summary_p2.csv,p2
G1_thiram_molar_grade,Thiram Positive Molar Grade,Spectrum-KAN,p5,0.9955214328583086,0.0040994435685059,0.9952811871576174,0.004344906770637,0.9953723209042866,0.0042249658965827,176.05452537210658,35.21090507442132,0.0341717740520834,paper_main_random_cv,10,cv_results_summary_p5.csv,p5
G1_thiram_molar_grade,Thiram Positive Molar Grade,ExtraTrees,p5,0.995111462735918,0.0044658162197751,0.994631450420924,0.0049141233419728,0.9953723209042864,0.0042249658965828,6.856949454871938,1.3713898909743876,1.1174229490570724,paper_main_random_cv,10,cv_results_summary_p5.csv,p5
G1_thiram_molar_grade,Thiram Positive Molar Grade,RF,p2,0.9939415942306784,0.0083154377375448,0.9936235129915444,0.0088045985548503,0.993798076923077,0.0084927581837732,4.039828208042309,0.8079656416084617,0.5928575270809233,paper_main_random_cv,10,cv_results_summary_p2.csv,p2
G1_thiram_molar_grade,Thiram Positive Molar Grade,ExtraTrees,p1,0.9937685974396088,0.0064758554559664,0.9931821750586052,0.0070502406522101,0.9938098209042864,0.0065190547424191,6.906050575198606,1.3812101150397211,1.0882075324188918,paper_main_random_cv,10,cv_results_summary_p1.csv,p1
G1_thiram_molar_grade,Thiram Positive Molar Grade,RF,p3,0.993764063183934,0.0104088843689935,0.9932875667429444,0.0113989796842386,0.9938221153846154,0.0100342942370552,4.043700663838536,0.8087401327677071,0.5635675499215722,paper_main_random_cv,10,cv_results_summary_p3.csv,p3
G1_thiram_molar_grade,Thiram Positive Molar Grade,Spectrum-KAN,p1,0.9937371667337128,0.0085769872241512,0.9939594592401448,0.0082889180692315,0.993798076923077,0.0084927581837732,208.53992892662063,41.70798578532413,0.0483876538928598,paper_main_random_cv,10,cv_results_summary_p1.csv,p1
G1_thiram_molar_grade,Thiram Positive Molar Grade,RF,p5,0.9924705673860948,0.0056552772539295,0.992137912303816,0.0062620341156035,0.9923071418085732,0.0054397733407878,3.780261136125773,0.7560522272251546,0.5839707797858864,paper_main_random_cv,10,cv_results_summary_p5.csv,p5
G1_thiram_molar_grade,Thiram Positive Molar Grade,SVM,p3,0.9924172967241284,0.005467019949257,0.991894943771374,0.0059579360430271,0.9922713593658252,0.0055248541269362,0.2378354498650878,0.0475670899730175,0.109137994935736,paper_main_random_cv,10,cv_results_summary_p3.csv,p3
G1_thiram_molar_grade,Thiram Positive Molar Grade,XGBoost,p3,0.9923576998050684,0.0109913004973672,0.9921742376292256,0.0113000275365695,0.9922596153846154,0.0109215066923915,62.1527001420036,12.43054002840072,0.022749442141503,paper_main_random_cv,10,cv_results_summary_p3.csv,p3
G1_thiram_molar_grade,Thiram Positive Molar Grade,XGBoost,p2,0.9910726974568412,0.0061605120711892,0.9908611686418544,0.0061856239670511,0.9907686802701116,0.0064010443405874,61.901322431862354,12.380264486372472,0.0216022448148578,paper_main_random_cv,10,cv_results_summary_p2.csv,p2
G1_thiram_molar_grade,Thiram Positive Molar Grade,XGBoost,p5,0.9908560492504904,0.0064015392516865,0.9904285105944144,0.0068212455403626,0.9907804242513212,0.0064046267320404,64.90038271201774,12.980076542403548,0.0201993470545858,paper_main_random_cv,10,cv_results_summary_p5.csv,p5
G1_thiram_molar_grade,Thiram Positive Molar Grade,ExtraTrees,p4,0.9906849240466328,0.0099278471146141,0.9899785137313742,0.0106710207656439,0.990708859365825,0.0101568694469923,7.200946380849928,1.4401892761699857,1.1596854648087174,paper_main_random_cv,10,cv_results_summary_p4.csv,p4
G1_thiram_molar_grade,Thiram Positive Molar Grade,ExtraTrees,p3,0.9905135974248834,0.0103340203195664,0.9900093493773808,0.0106205729730075,0.990708859365825,0.0101568694469923,7.072143957251683,1.4144287914503366,1.119409641250968,paper_main_random_cv,10,cv_results_summary_p3.csv,p3
G1_thiram_molar_grade,Thiram Positive Molar Grade,RF,p1,0.9904518189778392,0.010322076408549,0.9900093493773808,0.0106205729730075,0.990708859365825,0.0101568694469923,3.975132353836672,0.7950264707673341,0.5551168189849705,paper_main_random_cv,10,cv_results_summary_p1.csv,p1
G1_thiram_molar_grade,Thiram Positive Molar Grade,RamanNet-Lite,p5,0.9898758750164504,0.0039271636520875,0.9898790479572164,0.0040008381111031,0.9892061802701116,0.0043014304696256,91.46970503032207,18.29394100606441,0.0255291610956192,paper_main_random_cv,10,cv_results_summary_p5.csv,p5
G1_thiram_molar_grade,Thiram Positive Molar Grade,RF,p4,0.9892203496098964,0.0102443108707687,0.9884941978622294,0.0108998463130823,0.9891821418085732,0.01041584331074,3.839166538091376,0.7678333076182753,0.5774076960515231,paper_main_random_cv,10,cv_results_summary_p4.csv,p4
G1_thiram_molar_grade,Thiram Positive Molar Grade,XGBoost,p1,0.9888748776597373,0.0106964016375871,0.9879640014193788,0.0116365699047702,0.9892061802701116,0.0103348794363275,68.70442924299277,13.740885848598555,0.0276345580350607,paper_main_random_cv,10,cv_results_summary_p1.csv,p1
G1_thiram_molar_grade,Thiram Positive Molar Grade,KNN,p3,0.98854902513029,0.010911405310247,0.9875534991324464,0.0117631211787626,0.9892179242513212,0.0102957053024074,0.0581593790557235,0.0116318758111447,0.0662082030903548,paper_main_random_cv,10,cv_results_summary_p3.csv,p3
G1_thiram_molar_grade,Thiram Positive Molar Grade,XGBoost,p4,0.9878400523738332,0.0068220452791821,0.9874990385691976,0.0071097421455702,0.98766771873165,0.0068951840007851,60.052597692003474,12.010519538400697,0.0213547919411212,paper_main_random_cv,10,cv_results_summary_p4.csv,p4
G1_thiram_molar_grade,Thiram Positive Molar Grade,KNN,p1,0.98528423034372,0.0144860048787674,0.9840897114581326,0.0154795658952478,0.9861527451556076,0.0136957956132438,0.0512559448834508,0.0102511889766901,0.0564554801676422,paper_main_random_cv,10,cv_results_summary_p1.csv,p1
G1_thiram_molar_grade,Thiram Positive Molar Grade,HistGradientBoosting,p4,0.9851275751219944,0.0049278407447412,0.9855537334492006,0.0050969971763218,0.9846260275983558,0.0053790121888224,90.14844039524904,18.02968807904981,0.0881843341048806,paper_main_random_cv,10,cv_results_summary_p4.csv,p4
G1_thiram_molar_grade,Thiram Positive Molar Grade,HistGradientBoosting,p3,0.9847498219473352,0.0158667235580769,0.9842572009734484,0.0168018665804257,0.9845186802701116,0.0165314369612503,86.60080415243283,17.320160830486564,0.064602649770677,paper_main_random_cv,10,cv_results_summary_p3.csv,p3
G1_thiram_molar_grade,Thiram Positive Molar Grade,HistGradientBoosting,p1,0.9795920642156788,0.0131724986864313,0.978804278163911,0.0139870812012155,0.9799983485026424,0.0128565635482625,38.94118705950677,7.788237411901354,0.0796466208994388,paper_main_random_cv,10,cv_results_summary_p1.csv,p1
G1_thiram_molar_grade,Thiram Positive Molar Grade,KNN,p4,0.9772028071955776,0.0089201947716191,0.9763755061985258,0.0095871910813793,0.9768616045214328,0.0096916789211772,0.0535353736486285,0.0107070747297257,0.0561404752079397,paper_main_random_cv,10,cv_results_summary_p4.csv,p4
G1_thiram_molar_grade,Thiram Positive Molar Grade,RamanNet-Lite,p3,0.9761658884958864,0.0255016273512534,0.97591092847191,0.0255450002187979,0.975299655020552,0.0263949375196588,173.898245960474,34.7796491920948,0.0922843515872955,paper_main_random_cv,10,cv_results_summary_p3.csv,p3
G1_thiram_molar_grade,Thiram Positive Molar Grade,HistGradientBoosting,p2,0.9736431666149604,0.0102508923977167,0.9721882523457576,0.0106036785549368,0.9738556958308866,0.0102646266461726,86.0553519076202,17.211070381524042,0.0910740266554057,paper_main_random_cv,10,cv_results_summary_p2.csv,p2
G1_thiram_molar_grade,Thiram Positive Molar Grade,PLS-DA,p5,0.9733089662878808,0.0117088159587501,0.9728586074787204,0.0116778449198377,0.9722574133881384,0.0131060677376827,140.14290461712517,28.028580923425032,0.0119045251049101,paper_main_random_cv,10,cv_results_summary_p5.csv,p5
G1_thiram_molar_grade,Thiram Positive Molar Grade,Spectrum-KAN,p4,0.9718554771823866,0.0097029560710711,0.9705781646201092,0.0102102666319254,0.9707195023487962,0.0102030480994222,139.36987850256264,27.873975700512528,0.0327528403140604,paper_main_random_cv,10,cv_results_summary_p4.csv,p4
G1_thiram_molar_grade,Thiram Positive Molar Grade,RamanNet-Lite,p4,0.9716638541933992,0.0101262408016223,0.9715496989958988,0.0100234484493879,0.9707077583675868,0.0102380286472423,269.98420199751854,53.99684039950371,0.1751578375697136,paper_main_random_cv,10,cv_results_summary_p4.csv,p4
G1_thiram_molar_grade,Thiram Positive Molar Grade,HistGradientBoosting,p5,0.9697508037987193,0.0130053463071402,0.9692831531423968,0.0132365872851988,0.9692408617146212,0.0132988504290775,169.49509830516763,33.89901966103353,0.0820893479976803,paper_main_random_cv,10,cv_results_summary_p5.csv,p5
G1_thiram_molar_grade,Thiram Positive Molar Grade,ExtraTrees,raw,0.9697171897372922,0.0183919275900218,0.9684618657764869,0.0197719803205852,0.969168746330006,0.0181910825360518,7.080592336365953,1.4161184672731906,1.091990850865841,paper_main_random_cv,10,cv_results_summary_raw.csv,raw
G1_thiram_molar_grade,Thiram Positive Molar Grade,KNN,p5,0.9678254971286896,0.0135628589951623,0.9661205243680048,0.0138469117673904,0.9677141441573692,0.0136493914272639,0.0531220890115946,0.0106244178023189,0.0559565715957433,paper_main_random_cv,10,cv_results_summary_p5.csv,p5
G1_thiram_molar_grade,Thiram Positive Molar Grade,XGBoost,raw,0.9621065378409784,0.0320345147134994,0.960477844966379,0.0335670171290313,0.9614283617146212,0.0323062535272302,75.3647188632749,15.07294377265498,0.0309239025227725,paper_main_random_cv,10,cv_results_summary_raw.csv,raw
G1_thiram_molar_grade,Thiram Positive Molar Grade,1D-ResNet,raw,0.9604263401148854,0.0259689889174401,0.957431294940424,0.0274119869885632,0.9599620155607752,0.0268926747507802,278.7403614609502,55.748072292190045,0.1725918874144554,paper_main_random_cv,10,cv_results_summary_raw.csv,raw
G1_thiram_molar_grade,Thiram Positive Molar Grade,KNN,p2,0.9574311875411532,0.0131702597589149,0.9559883102464288,0.01394503699649,0.9568962859659426,0.0129041607306889,0.0591635641176253,0.011832712823525,0.0659472711849957,paper_main_random_cv,10,cv_results_summary_p2.csv,p2
G1_thiram_molar_grade,Thiram Positive Molar Grade,LDA,raw,0.9565663550464616,0.0225862408644309,0.9580238244299298,0.022265870404315,0.9554176453317677,0.02379028910074,1.1865075659006834,0.2373015131801366,0.012299071997404,paper_main_random_cv,10,cv_results_summary_raw.csv,raw
G1_thiram_molar_grade,Thiram Positive Molar Grade,RF,raw,0.9564145037305408,0.0251987062460514,0.9547831629936404,0.026589005742355,0.9553220419847328,0.025239974485873,3.94719699351117,0.789439398702234,0.5201419910881668,paper_main_random_cv,10,cv_results_summary_raw.csv,raw
G1_thiram_molar_grade,Thiram Positive Molar Grade,KNN,raw,0.952928693304004,0.019181395390761,0.9504430888278692,0.0204799176594763,0.9522445684086904,0.0193061061590527,0.0568317789584398,0.0113663557916879,0.0587532778736203,paper_main_random_cv,10,cv_results_summary_raw.csv,raw
G1_thiram_molar_grade,Thiram Positive Molar Grade,1D-ResNet,p4,0.9515970792208256,0.0220340416154269,0.9508385427877613,0.022891112197768,0.95226805637111,0.022040259046987,153.9731324254535,30.794626485090703,0.0349011248908937,paper_main_random_cv,10,cv_results_summary_p4.csv,p4
G1_thiram_molar_grade,Thiram Positive Molar Grade,KAN-CNN,p2,0.9466955266535166,0.0084593699759545,0.9438288103287616,0.0089772791098257,0.946102466236054,0.0081160258545072,207.31398335890844,41.46279667178169,0.0370639916509389,paper_main_random_cv,10,cv_results_summary_p2.csv,p2
G1_thiram_molar_grade,Thiram Positive Molar Grade,HistGradientBoosting,raw,0.945485642091808,0.0276630157760746,0.9444884130859592,0.0279229613865198,0.9444924398120962,0.0287210538574284,27.49341298313812,5.498682596627623,0.0282409370411187,paper_main_random_cv,10,cv_results_summary_raw.csv,raw
G1_thiram_molar_grade,Thiram Positive Molar Grade,1D-ResNet,p2,0.9444214462778916,0.0192131347921694,0.9429846548584072,0.0205033071582784,0.943096557545508,0.0199346762235277,119.85550824832173,23.97110164966434,0.041208516806364,paper_main_random_cv,10,cv_results_summary_p2.csv,p2
G1_thiram_molar_grade,Thiram Positive Molar Grade,RamanNet-Lite,raw,0.9383745649295244,0.0159287890676256,0.9346848075223362,0.0171108408779795,0.9369304169113328,0.0174167787939422,295.47754480689764,59.09550896137953,0.0928453430533409,paper_main_random_cv,10,cv_results_summary_raw.csv,raw
G1_thiram_molar_grade,Thiram Positive Molar Grade,1D-ResNet,p1,0.9364661917958628,0.0255843745131817,0.9365055318613184,0.0284737433367199,0.936727466236054,0.0265884054256464,145.354115777649,29.0708231555298,0.0351777882315218,paper_main_random_cv,10,cv_results_summary_p1.csv,p1
G1_thiram_molar_grade,Thiram Positive Molar Grade,1D-CNN,p2,0.9363262970417215,0.0171333503841875,0.9314067600337624,0.0185882965899251,0.9352728640634176,0.0182178706698766,136.49757762579247,27.29951552515849,0.0244543715380132,paper_main_random_cv,10,cv_results_summary_p2.csv,p2
G1_thiram_molar_grade,Thiram Positive Molar Grade,1D-ResNet,p3,0.934381467519961,0.0425533725113035,0.930635931105769,0.0453362296618659,0.9336399001761596,0.0429986561176006,227.02856825198973,45.40571365039796,0.036119473632425,paper_main_random_cv,10,cv_results_summary_p3.csv,p3
G1_thiram_molar_grade,Thiram Positive Molar Grade,1D-CNN,raw,0.9325497129699098,0.0237879303278652,0.927913966701152,0.0263316480809089,0.9323385202583676,0.0248686040172914,209.68847940163687,41.937695880327375,0.1275836108252406,paper_main_random_cv,10,cv_results_summary_raw.csv,raw
G1_thiram_molar_grade,Thiram Positive Molar Grade,PLS-DA,p2,0.9307616376734128,0.0102435626695403,0.9295606235788328,0.0107160136370271,0.927675058719906,0.0104094853587645,94.17346270778216,18.834692541556432,0.0109922201372683,paper_main_random_cv,10,cv_results_summary_p2.csv,p2
G1_thiram_molar_grade,Thiram Positive Molar Grade,PLS-DA,p3,0.9261680035805812,0.0187348828292879,0.9245475416725236,0.0201597727311244,0.9230238916617732,0.0190513287178934,99.25913556176238,19.85182711235248,0.0701363552361726,paper_main_random_cv,10,cv_results_summary_p3.csv,p3
G1_thiram_molar_grade,Thiram Positive Molar Grade,1D-CNN,p3,0.9230949745211762,0.0275752055120488,0.9211216215562824,0.0281493907398701,0.9215564445096888,0.027301086675937,175.5276460442692,35.10552920885384,0.0384725970216095,paper_main_random_cv,10,cv_results_summary_p3.csv,p3
G1_thiram_molar_grade,Thiram Positive Molar Grade,LDA,p4,0.9226311102086164,0.0228500910401744,0.9263068551690198,0.0207532081399042,0.9214138652378157,0.0232049780701534,1.1633188417181373,0.2326637683436274,0.0112534617073833,paper_main_random_cv,10,cv_results_summary_p4.csv,p4
G1_thiram_molar_grade,Thiram Positive Molar Grade,PLS-DA,p1,0.922025533223421,0.0136689687353924,0.9196913028086648,0.0150826999899734,0.919994495008808,0.0128732932062177,82.35290510091,16.470581020182,0.1036772816441953,paper_main_random_cv,10,cv_results_summary_p1.csv,p1
G1_thiram_molar_grade,Thiram Positive Molar Grade,Spectrum-KAN,p3,0.9207570144149996,0.0244468306271224,0.919080083224881,0.0260665802136757,0.9184085070463888,0.0247260891355679,158.13522770581767,31.627045541163533,0.0353878499008715,paper_main_random_cv,10,cv_results_summary_p3.csv,p3
G1_thiram_molar_grade,Thiram Positive Molar Grade,Spectrum-KAN,raw,0.9066040374794988,0.077532926274087,0.9029155826717782,0.0818559835520165,0.9025453244274808,0.0830837693205994,226.10041093593463,45.220082187186925,0.0353130861185491,paper_main_random_cv,10,cv_results_summary_raw.csv,raw
G1_thiram_molar_grade,Thiram Positive Molar Grade,1D-CNN,p1,0.9036385691738026,0.0225138644408871,0.8983039282299228,0.0228031661296991,0.904620522607164,0.0191826647102209,131.14512587338686,26.22902517467737,0.1412617641035467,paper_main_random_cv,10,cv_results_summary_p1.csv,p1
G1_thiram_molar_grade,Thiram Positive Molar Grade,KAN-CNN,p1,0.9028737375621094,0.0296677157163027,0.8971356988904094,0.0320630787886173,0.9044544553728716,0.0281281205460616,160.6550760511309,32.13101521022618,0.031887162476778,paper_main_random_cv,10,cv_results_summary_p1.csv,p1
G1_thiram_molar_grade,Thiram Positive Molar Grade,1D-CNN,p4,0.8834780695970983,0.0583365045864521,0.8808122215597021,0.0580901277492042,0.8910237448620082,0.0541318872841483,169.99829873582348,33.9996597471647,0.0203272560611367,paper_main_random_cv,10,cv_results_summary_p4.csv,p4
G1_thiram_molar_grade,Thiram Positive Molar Grade,LDA,p1,0.8822690776698405,0.0381969920605616,0.881103550197956,0.0406676196192516,0.8828769083969465,0.0380047720127523,1.1166685707867146,0.2233337141573429,0.0104581355117261,paper_main_random_cv,10,cv_results_summary_p1.csv,p1
G1_thiram_molar_grade,Thiram Positive Molar Grade,1D-CNN,p5,0.8821510660816358,0.0271719542631278,0.8774138807700569,0.0289792416196797,0.8813753302994716,0.0267966431649822,135.19997799536213,27.039995599072427,0.0207516807131469,paper_main_random_cv,10,cv_results_summary_p5.csv,p5
G1_thiram_molar_grade,Thiram Positive Molar Grade,LDA,p5,0.8708939536139624,0.0260340429018085,0.8702563506958805,0.0254213653056736,0.8708314371697006,0.0259120818696293,1.1684848279692233,0.2336969655938446,0.0128900944255292,paper_main_random_cv,10,cv_results_summary_p5.csv,p5
G1_thiram_molar_grade,Thiram Positive Molar Grade,KAN-CNN,p4,0.8653092445938079,0.056207566867005,0.8603948823364325,0.0561519810262696,0.8693271065766295,0.0534958999140516,276.97977051418275,55.39595410283655,0.0319413747638464,paper_main_random_cv,10,cv_results_summary_p4.csv,p4
G1_thiram_molar_grade,Thiram Positive Molar Grade,KAN-CNN,p5,0.8582641116380726,0.0418145058955828,0.8526366460690186,0.0419088782489825,0.8599884395184969,0.0374338410899328,130.19908456644043,26.039816913288085,0.0329325939528644,paper_main_random_cv,10,cv_results_summary_p5.csv,p5
G1_thiram_molar_grade,Thiram Positive Molar Grade,PLS-DA,raw,0.8521667898471218,0.0198472391103288,0.8524799003680643,0.0222974034619301,0.8477416691133295,0.0194594814410493,76.5966823801864,15.31933647603728,0.0314187337644398,paper_main_random_cv,10,cv_results_summary_raw.csv,raw
G1_thiram_molar_grade,Thiram Positive Molar Grade,LDA,p3,0.8490358857371907,0.0201418344318104,0.8479938545260615,0.0173972830542333,0.849315913094539,0.0185511566570205,1.142608412541449,0.2285216825082898,0.0107699637301266,paper_main_random_cv,10,cv_results_summary_p3.csv,p3
G1_thiram_molar_grade,Thiram Positive Molar Grade,KAN-CNN,raw,0.8479804980082252,0.1006846717671163,0.8490169083368606,0.095076314930804,0.8511602686435701,0.0944072692197369,245.47950496291745,49.09590099258348,0.094666170887649,paper_main_random_cv,10,cv_results_summary_raw.csv,raw
G1_thiram_molar_grade,Thiram Positive Molar Grade,1D-ResNet,p5,0.8432160688903843,0.0237754640632653,0.840795248628152,0.0241022590141339,0.841467630651791,0.0251948259130602,102.03132126899436,20.40626425379888,0.0370805640704929,paper_main_random_cv,10,cv_results_summary_p5.csv,p5
G1_thiram_molar_grade,Thiram Positive Molar Grade,PLS-DA,p4,0.8409059459138257,0.0238533771309847,0.8403721671077676,0.0222324590047522,0.8352651570757488,0.0256818572894812,116.0000912270043,23.200018245400862,0.0834891141857951,paper_main_random_cv,10,cv_results_summary_p4.csv,p4
G1_thiram_molar_grade,Thiram Positive Molar Grade,KAN-CNN,p3,0.8193020799839676,0.22801053508032,0.8316107328348675,0.1954096017273061,0.8390191940692894,0.1847715339399458,259.91714566294104,51.983429132588206,0.0316492416895926,paper_main_random_cv,10,cv_results_summary_p3.csv,p3
G1_thiram_molar_grade,Thiram Positive Molar Grade,LDA,p2,0.7981967461106119,0.0159673415158737,0.7968232434408977,0.0143226618529618,0.7999968805049912,0.0171064719795644,1.1474425485357642,0.2294885097071528,0.0107154217548668,paper_main_random_cv,10,cv_results_summary_p2.csv,p2
G1_thiram_molar_grade,Thiram Positive Molar Grade,SVM,raw,0.7906580603102841,0.0164288201972914,0.7841722675497446,0.0178795972346071,0.7831213300058719,0.0158312691371014,0.5095334632787853,0.101906692655757,0.2216271301731467,paper_main_random_cv,10,cv_results_summary_raw.csv,raw
G1_thiram_molar_grade,Thiram Positive Molar Grade,SVM,p4,0.7392436898092961,0.0157753709497927,0.7597298962125633,0.0153505524201179,0.7431068335290664,0.0141886564263748,0.5283184468280524,0.1056636893656104,0.2524375959765166,paper_main_random_cv,10,cv_results_summary_p4.csv,p4
G2_mg_molar_grade,MG Positive Molar Grade,ExtraTrees,p1,0.9657450348226038,0.008761851619293,0.9666332126045984,0.0088204648713982,0.9660576923076925,0.0087309598420398,6.8198218119796365,1.3639643623959272,1.1105341331567615,paper_main_random_cv,10,cv_results_summary_p1.csv,p1
G2_mg_molar_grade,MG Positive Molar Grade,XGBoost,p1,0.9581423265242892,0.0125395165835081,0.9586353531693318,0.0122900629236592,0.9583653846153846,0.0127725464879554,87.11482699331827,17.422965398663656,0.0377845917828381,paper_main_random_cv,10,cv_results_summary_p1.csv,p1
G2_mg_molar_grade,MG Positive Molar Grade,XGBoost,p3,0.9564107956644168,0.0116775058516291,0.956985105064917,0.0114298125527662,0.9568269230769232,0.0115404645697305,80.30105977295898,16.060211954591797,0.0243313729297369,paper_main_random_cv,10,cv_results_summary_p3.csv,p3
G2_mg_molar_grade,MG Positive Molar Grade,XGBoost,p2,0.9536288965348276,0.0105551906618397,0.9541765315246362,0.0102717881759571,0.9537259615384616,0.0107751582674163,85.15239181928337,17.030478363856673,0.0246856769081205,paper_main_random_cv,10,cv_results_summary_p2.csv,p2
G2_mg_molar_grade,MG Positive Molar Grade,ExtraTrees,p3,0.953362345962694,0.0107327066627495,0.9540044153166128,0.0111962161942146,0.9537259615384616,0.0107751582674163,6.832849589176476,1.3665699178352952,1.136666223872453,paper_main_random_cv,10,cv_results_summary_p3.csv,p3
G2_mg_molar_grade,MG Positive Molar Grade,RF,p1,0.951819558460872,0.0065181376109524,0.9520887452864498,0.0061432610251814,0.952139423076923,0.006644580378757,3.8787438694853336,0.7757487738970668,0.5877859639003873,paper_main_random_cv,10,cv_results_summary_p1.csv,p1
G2_mg_molar_grade,MG Positive Molar Grade,ExtraTrees,p2,0.9517764676298348,0.0178170089268614,0.9521356885644224,0.0186732896963131,0.9522115384615384,0.0174261438122632,6.839533624239266,1.3679067248478531,1.1436959966085851,paper_main_random_cv,10,cv_results_summary_p2.csv,p2
G2_mg_molar_grade,MG Positive Molar Grade,RF,p3,0.950108653528406,0.0087374891401301,0.9506205901545688,0.0083149282163422,0.950625,0.0087130719061316,3.808043849654496,0.7616087699308991,0.5846932658459991,paper_main_random_cv,10,cv_results_summary_p3.csv,p3
G2_mg_molar_grade,MG Positive Molar Grade,HistGradientBoosting,p1,0.947082932466454,0.0223423011655211,0.9473348979004994,0.0228310523482984,0.9476201923076925,0.0219080609210629,97.4194079306908,19.48388158613816,0.0745053433347493,paper_main_random_cv,10,cv_results_summary_p1.csv,p1
G2_mg_molar_grade,MG Positive Molar Grade,ExtraTrees,p4,0.9410238152046302,0.0167308439480696,0.9413851330631844,0.0172691501007922,0.9413942307692308,0.0167239293047576,6.979622110025957,1.3959244220051914,1.1628836321178824,paper_main_random_cv,10,cv_results_summary_p4.csv,p4
G2_mg_molar_grade,MG Positive Molar Grade,RF,p2,0.9380904727673915,0.0223980615143197,0.9384518917410904,0.0234834196846776,0.9383173076923076,0.0223050499927149,3.913756028516218,0.7827512057032436,0.5840832837857306,paper_main_random_cv,10,cv_results_summary_p2.csv,p2
G2_mg_molar_grade,MG Positive Molar Grade,XGBoost,p4,0.9347997420342452,0.0146291201194181,0.9345955199016508,0.0142137145866071,0.9351682692307692,0.0150858344506522,80.05033037089743,16.010066074179484,0.0234075998887419,paper_main_random_cv,10,cv_results_summary_p4.csv,p4
G2_mg_molar_grade,MG Positive Molar Grade,HistGradientBoosting,p3,0.9347921516076882,0.0304113883843893,0.9352549486250372,0.0308749338264564,0.9353125,0.0299643545167425,151.030353841139,30.2060707682278,0.0606858239043504,paper_main_random_cv,10,cv_results_summary_p3.csv,p3
G2_mg_molar_grade,MG Positive Molar Grade,SVM,p2,0.9320581390707702,0.0164258727479686,0.9323949495865876,0.0167237065790153,0.9321153846153848,0.0165931564277772,0.4330350887030363,0.0866070177406072,0.2189133409410715,paper_main_random_cv,10,cv_results_summary_p2.csv,p2
G2_mg_molar_grade,MG Positive Molar Grade,SVM,p3,0.9319396734717904,0.0218011695943157,0.9319805359503928,0.0224632117930248,0.9321153846153848,0.0219643673242062,0.4139272689353674,0.0827854537870735,0.2412238561082631,paper_main_random_cv,10,cv_results_summary_p3.csv,p3
G2_mg_molar_grade,MG Positive Molar Grade,SVM,p1,0.9307646924267102,0.015178671005062,0.9304706430685794,0.0159158388054735,0.930625,0.0151152041729296,0.3831228888593614,0.0766245777718722,0.1928307593334466,paper_main_random_cv,10,cv_results_summary_p1.csv,p1
G2_mg_molar_grade,MG Positive Molar Grade,KNN,p4,0.9305975744174638,0.0152036671052695,0.9305090146372088,0.016578881735954,0.9306009615384616,0.0151774856188875,0.0525962978135794,0.0105192595627158,0.0639627256896346,paper_main_random_cv,10,cv_results_summary_p4.csv,p4
G2_mg_molar_grade,MG Positive Molar Grade,HistGradientBoosting,p4,0.9304640349673756,0.0149213747580433,0.9306278166954952,0.0150264774106603,0.9306009615384616,0.0151774856188875,183.3287853272632,36.66575706545264,0.0438613898586481,paper_main_random_cv,10,cv_results_summary_p4.csv,p4
G2_mg_molar_grade,MG Positive Molar Grade,RF,p4,0.9302806135567088,0.0174547755621171,0.9300718729547732,0.0181631181046766,0.9305769230769232,0.0179424210566127,3.789252689108253,0.7578505378216505,0.5781816781964153,paper_main_random_cv,10,cv_results_summary_p4.csv,p4
G2_mg_molar_grade,MG Positive Molar Grade,SVM,p5,0.9291251744358078,0.0226399436663639,0.9295492945872208,0.0221981138337787,0.929110576923077,0.0224757044411457,0.5517200699541718,0.1103440139908343,0.2897085652220994,paper_main_random_cv,10,cv_results_summary_p5.csv,p5
G2_mg_molar_grade,MG Positive Molar Grade,KNN,p1,0.9222194097002004,0.0105453979168461,0.9218527759559284,0.0104348508216807,0.9228365384615383,0.0108918372684703,0.053387276828289,0.0106774553656578,0.0677223671227693,paper_main_random_cv,10,cv_results_summary_p1.csv,p1
G2_mg_molar_grade,MG Positive Molar Grade,XGBoost,p5,0.92138069265724,0.0193229048737759,0.9217313820529158,0.0202799549329596,0.9213221153846154,0.0197911881624913,89.00333019928075,17.80066603985615,0.0334010559599846,paper_main_random_cv,10,cv_results_summary_p5.csv,p5
G2_mg_molar_grade,MG Positive Molar Grade,HistGradientBoosting,p2,0.9163443261065956,0.0221756767926557,0.9161203757612516,0.0230522866409157,0.916778846153846,0.0223960555124064,201.9125386190135,40.3825077238027,0.0640551180113107,paper_main_random_cv,10,cv_results_summary_p2.csv,p2
G2_mg_molar_grade,MG Positive Molar Grade,KNN,p3,0.9120733133822904,0.0228593161695059,0.9119948632016432,0.0228616838928955,0.9135576923076923,0.0227957631924581,0.0593273830600082,0.0118654766120016,0.0562675350811332,paper_main_random_cv,10,cv_results_summary_p3.csv,p3
G2_mg_molar_grade,MG Positive Molar Grade,ExtraTrees,raw,0.907573329604471,0.0248751570609058,0.9068537629488052,0.0252510907879114,0.9074278846153844,0.0254195222734603,6.783920991001651,1.35678419820033,1.1270736833103,paper_main_random_cv,10,cv_results_summary_raw.csv,raw
G2_mg_molar_grade,MG Positive Molar Grade,ExtraTrees,p5,0.9044651687246512,0.0145251576276573,0.9054090217568238,0.0145299469759005,0.904375,0.0146303219467745,6.73848245665431,1.347696491330862,1.1397005741018802,paper_main_random_cv,10,cv_results_summary_p5.csv,p5
G2_mg_molar_grade,MG Positive Molar Grade,HistGradientBoosting,p5,0.9013829495488443,0.0142292450143479,0.9018092646753636,0.0148231707320666,0.9012980769230768,0.0143624527180047,294.4286853019148,58.885737060382965,0.0618987269699573,paper_main_random_cv,10,cv_results_summary_p5.csv,p5
G2_mg_molar_grade,MG Positive Molar Grade,XGBoost,raw,0.9011961381422487,0.0311721273885574,0.9002332427978545,0.0313218284460552,0.9012980769230768,0.0321664796790203,87.9117863487918,17.582357269758358,0.0266127239447087,paper_main_random_cv,10,cv_results_summary_raw.csv,raw
G2_mg_molar_grade,MG Positive Molar Grade,RF,raw,0.8997740371796183,0.0318472065829047,0.8997785517010799,0.03169686772873,0.8997596153846154,0.032426984719794,3.871363643789664,0.7742727287579327,0.7151145520620048,paper_main_random_cv,10,cv_results_summary_raw.csv,raw
G2_mg_molar_grade,MG Positive Molar Grade,RF,p5,0.8920978964766949,0.0155121527094392,0.8927614837944814,0.0148786038158351,0.8919951923076923,0.0152041131407895,3.842968773795292,0.7685937547590583,0.5888825443107635,paper_main_random_cv,10,cv_results_summary_p5.csv,p5
G2_mg_molar_grade,MG Positive Molar Grade,KNN,raw,0.8822562705624213,0.0183682697283248,0.8825836434865725,0.0197027526783067,0.8827884615384616,0.0186956806864944,0.0599961108528077,0.0119992221705615,0.0694225386250764,paper_main_random_cv,10,cv_results_summary_raw.csv,raw
G2_mg_molar_grade,MG Positive Molar Grade,HistGradientBoosting,raw,0.8668312341069025,0.0154832645281202,0.8673191603714118,0.0147992190525058,0.8673317307692308,0.0162327265099928,29.038207307923585,5.807641461584717,0.025110222864896,paper_main_random_cv,10,cv_results_summary_raw.csv,raw
G2_mg_molar_grade,MG Positive Molar Grade,PLS-DA,p1,0.821681185481834,0.022956687454245,0.8219252162498893,0.023417529711524,0.8210096153846154,0.0230991979835925,121.33441456709988,24.266882913419977,0.2520028201397508,paper_main_random_cv,10,cv_results_summary_p1.csv,p1
G2_mg_molar_grade,MG Positive Molar Grade,PLS-DA,p3,0.8012649739057915,0.0311896053955923,0.8002097042565758,0.030319607008958,0.8008894230769231,0.030758383379396,164.33634415455165,32.86726883091033,0.2386640321929007,paper_main_random_cv,10,cv_results_summary_p3.csv,p3
G2_mg_molar_grade,MG Positive Molar Grade,KNN,p2,0.8004411946113441,0.0299465045321164,0.8031025102821558,0.0270241266775767,0.8086778846153846,0.0253990548420861,0.0515291802585125,0.0103058360517024,0.0576440868899226,paper_main_random_cv,10,cv_results_summary_p2.csv,p2
G2_mg_molar_grade,MG Positive Molar Grade,PLS-DA,p5,0.7815372422275038,0.0190465040102977,0.7814755415092018,0.0199905592366891,0.7824519230769231,0.0192862780610906,118.2906253018882,23.658125060377643,0.0168362411204725,paper_main_random_cv,10,cv_results_summary_p5.csv,p5
G2_mg_molar_grade,MG Positive Molar Grade,PLS-DA,p2,0.7785443720790288,0.0280828410031745,0.7782326002071013,0.0267776748749008,0.7778365384615384,0.0273745204086491,118.89179040375166,23.77835808075033,0.1619983059354126,paper_main_random_cv,10,cv_results_summary_p2.csv,p2
G2_mg_molar_grade,MG Positive Molar Grade,RamanNet-Lite,p1,0.7665719988511955,0.020600057118107,0.7653662090596601,0.0213607188552398,0.7654086538461538,0.0203406439073006,91.25220105797052,18.250440211594103,0.1083008348941803,paper_main_random_cv,10,cv_results_summary_p1.csv,p1
G2_mg_molar_grade,MG Positive Molar Grade,RamanNet-Lite,p2,0.7662261562229467,0.0259905821122193,0.7649618539561229,0.0304258198167747,0.7653605769230769,0.0272219524276252,91.62615532428026,18.32523106485605,0.1736983135342598,paper_main_random_cv,10,cv_results_summary_p2.csv,p2
G2_mg_molar_grade,MG Positive Molar Grade,RamanNet-Lite,p5,0.7591756626036024,0.0343854992126384,0.7569159526475445,0.0353689350736836,0.7576923076923077,0.0330858664117024,75.57229166477919,15.114458332955838,0.0389148816466331,paper_main_random_cv,10,cv_results_summary_p5.csv,p5
G2_mg_molar_grade,MG Positive Molar Grade,KNN,p5,0.755500601520467,0.0426425166608008,0.7579350649172425,0.0420757706517266,0.7607692307692309,0.0394488658614095,0.0485333043616265,0.0097066608723253,0.0569567950442433,paper_main_random_cv,10,cv_results_summary_p5.csv,p5
G2_mg_molar_grade,MG Positive Molar Grade,1D-ResNet,p1,0.7429448560383369,0.0787918929292453,0.754066431224658,0.0706297234087056,0.7498317307692308,0.0735350840381952,68.1216530771926,13.62433061543852,0.0344476117752492,paper_main_random_cv,10,cv_results_summary_p1.csv,p1
G2_mg_molar_grade,MG Positive Molar Grade,PLS-DA,p4,0.7304514951746471,0.0171591381063428,0.72584266227647,0.021199566139011,0.7252644230769232,0.0192638687505434,64.64469963870943,12.928939927741885,0.0881786779500544,paper_main_random_cv,10,cv_results_summary_p4.csv,p4
G2_mg_molar_grade,MG Positive Molar Grade,LDA,p1,0.7158502378084334,0.0346256533056822,0.7220622168828515,0.032792619731167,0.7223076923076923,0.0326809935173046,1.1183822872117162,0.2236764574423432,0.0110374754294753,paper_main_random_cv,10,cv_results_summary_p1.csv,p1
G2_mg_molar_grade,MG Positive Molar Grade,RamanNet-Lite,p4,0.7088180831909463,0.0261090483370534,0.7094206787306152,0.0238623130902872,0.7068028846153845,0.0221316437932125,80.32875465601683,16.065750931203365,0.2474899813532829,paper_main_random_cv,10,cv_results_summary_p4.csv,p4
G2_mg_molar_grade,MG Positive Molar Grade,1D-CNN,p1,0.7028352229530869,0.0204725376853786,0.7134158941266653,0.0127270454308375,0.7114663461538461,0.0148035747584392,67.27598944003694,13.455197888007389,0.0279080809559673,paper_main_random_cv,10,cv_results_summary_p1.csv,p1
G2_mg_molar_grade,MG Positive Molar Grade,1D-ResNet,p5,0.6908187164227134,0.0229480346305726,0.6885135636167983,0.0250498364718641,0.6867788461538462,0.0232030308320465,62.14167641149834,12.428335282299669,0.0353145422413945,paper_main_random_cv,10,cv_results_summary_p5.csv,p5
G2_mg_molar_grade,MG Positive Molar Grade,1D-ResNet,p4,0.6867545342289534,0.0694052205116672,0.6837018011311315,0.06994874769662,0.6871153846153846,0.0701712297119691,73.68025261024013,14.736050522048028,0.0361773599870502,paper_main_random_cv,10,cv_results_summary_p4.csv,p4
G2_mg_molar_grade,MG Positive Molar Grade,1D-ResNet,raw,0.6833359796551243,0.0265367717268554,0.6791200180030637,0.0300598568766697,0.6790865384615385,0.0290905114896216,88.76396845187992,17.752793690375984,0.0390261923894286,paper_main_random_cv,10,cv_results_summary_raw.csv,raw
G2_mg_molar_grade,MG Positive Molar Grade,KAN-CNN,p1,0.6778839323765298,0.0447072566978549,0.6814805648213744,0.047034651942941,0.6805288461538461,0.044244484704595,81.94207746488973,16.38841549297795,0.0354829435236752,paper_main_random_cv,10,cv_results_summary_p1.csv,p1
G2_mg_molar_grade,MG Positive Molar Grade,1D-CNN,p2,0.6774362769293585,0.0526819403015856,0.6816478869731357,0.0492112095641027,0.6837980769230769,0.0511391362959394,47.26060774410144,9.452121548820289,0.0242969230748713,paper_main_random_cv,10,cv_results_summary_p2.csv,p2
G2_mg_molar_grade,MG Positive Molar Grade,1D-ResNet,p2,0.6747860782085099,0.0627384568480791,0.6823152837607637,0.0535091648764963,0.6850721153846153,0.0526096709971981,71.93797328975052,14.387594657950103,0.0390686714090406,paper_main_random_cv,10,cv_results_summary_p2.csv,p2
G2_mg_molar_grade,MG Positive Molar Grade,LDA,raw,0.6744706723222395,0.0412235962646139,0.6729444782327267,0.0420884686248511,0.6712980769230769,0.0415592952116746,1.180543826892972,0.2361087653785944,0.010823733638972,paper_main_random_cv,10,cv_results_summary_raw.csv,raw
G2_mg_molar_grade,MG Positive Molar Grade,KAN-CNN,p2,0.6681689335041291,0.0290053863217872,0.6834581980232555,0.0195910120868763,0.6866826923076923,0.0140697918307188,85.62553183315322,17.125106366630643,0.0313114500604569,paper_main_random_cv,10,cv_results_summary_p2.csv,p2
G2_mg_molar_grade,MG Positive Molar Grade,LDA,p5,0.6606224868551441,0.0355293626723254,0.6675877078612409,0.0372721668892694,0.6667067307692308,0.0361435276421878,1.1976148635149002,0.23952297270298,0.0112106692977249,paper_main_random_cv,10,cv_results_summary_p5.csv,p5
G2_mg_molar_grade,MG Positive Molar Grade,1D-CNN,p4,0.6600139343186202,0.0162935452821907,0.6589291432103097,0.0107431943930307,0.6666586538461539,0.0065411564723344,51.556124296970665,10.311224859394134,0.0205080923624336,paper_main_random_cv,10,cv_results_summary_p4.csv,p4
G2_mg_molar_grade,MG Positive Molar Grade,LDA,p3,0.6592976485999226,0.0781460333233508,0.6691582193735381,0.0725129033098316,0.6682932692307693,0.0760938060049245,1.1374388472177088,0.2274877694435417,0.0111622223630547,paper_main_random_cv,10,cv_results_summary_p3.csv,p3
G2_mg_molar_grade,MG Positive Molar Grade,SVM,p4,0.6533261371187896,0.0201152379524768,0.6722392178290217,0.0175063511660459,0.6635576923076922,0.016375821493464,0.6244254240300506,0.1248850848060101,0.3120256636757403,paper_main_random_cv,10,cv_results_summary_p4.csv,p4
G2_mg_molar_grade,MG Positive Molar Grade,1D-CNN,p5,0.6502543546587247,0.0296903105114076,0.6585798096333235,0.0261683926683029,0.6604326923076923,0.0296149553540318,41.57289856299758,8.314579712599516,0.0208276556804776,paper_main_random_cv,10,cv_results_summary_p5.csv,p5
G2_mg_molar_grade,MG Positive Molar Grade,KAN-CNN,p5,0.6359798629136741,0.0506157875156099,0.6607769011011975,0.0309642718842783,0.6713701923076922,0.031034808266677,83.82744499947876,16.76548899989575,0.0317116207443177,paper_main_random_cv,10,cv_results_summary_p5.csv,p5
G2_mg_molar_grade,MG Positive Molar Grade,KAN-CNN,p4,0.6337644792963757,0.0261916870846157,0.637383774799633,0.0212474258281638,0.6419711538461538,0.0138879077973669,56.03974949428812,11.207949898857624,0.0335554457269609,paper_main_random_cv,10,cv_results_summary_p4.csv,p4
G2_mg_molar_grade,MG Positive Molar Grade,PLS-DA,raw,0.62118071715524,0.0311992022148486,0.6201018877786362,0.0270299445053902,0.628125,0.0312583198983857,43.63497028732672,8.726994057465344,0.0953183290548622,paper_main_random_cv,10,cv_results_summary_raw.csv,raw
G2_mg_molar_grade,MG Positive Molar Grade,1D-CNN,raw,0.618138103277558,0.0606197664177503,0.6271589311102393,0.0409309712879947,0.6342548076923077,0.0346247733661649,71.98894333606586,14.397788667213172,0.0262371147982776,paper_main_random_cv,10,cv_results_summary_raw.csv,raw
G2_mg_molar_grade,MG Positive Molar Grade,LDA,p2,0.6157802748663184,0.0375795670356624,0.6237945139752568,0.0356357941777045,0.625,0.036639536313957,1.1197979133576157,0.2239595826715231,0.0107273375615477,paper_main_random_cv,10,cv_results_summary_p2.csv,p2
G2_mg_molar_grade,MG Positive Molar Grade,LDA,p4,0.6148903288289621,0.0461860074596755,0.613420503210311,0.0472685064803615,0.612764423076923,0.0461350935962165,1.1659555053338408,0.2331911010667681,0.0107380026020109,paper_main_random_cv,10,cv_results_summary_p4.csv,p4
G2_mg_molar_grade,MG Positive Molar Grade,Spectrum-KAN,p2,0.5980119618193347,0.1507209631715516,0.6215809606246945,0.132960811231124,0.6215625,0.1272337512040385,50.18626251537353,10.037252503074706,0.0350859565660357,paper_main_random_cv,10,cv_results_summary_p2.csv,p2
G2_mg_molar_grade,MG Positive Molar Grade,Spectrum-KAN,raw,0.588193287280909,0.0646600632051746,0.6025605163396085,0.0554201699977517,0.6046875,0.0524838673173698,84.33475976530463,16.866951953060926,0.0382224121131002,paper_main_random_cv,10,cv_results_summary_raw.csv,raw
G2_mg_molar_grade,MG Positive Molar Grade,Spectrum-KAN,p5,0.5827220249791198,0.0392837274506664,0.6149618146182613,0.0269809060771221,0.6094711538461539,0.0259457305861848,52.870202937629074,10.574040587525817,0.0353402853943407,paper_main_random_cv,10,cv_results_summary_p5.csv,p5
G2_mg_molar_grade,MG Positive Molar Grade,Spectrum-KAN,p4,0.5810143571121386,0.02617665573968,0.5758812545691541,0.0300479114180804,0.5788221153846154,0.0319702953181431,46.41515372740105,9.28303074548021,0.0341843497008085,paper_main_random_cv,10,cv_results_summary_p4.csv,p4
G2_mg_molar_grade,MG Positive Molar Grade,KAN-CNN,raw,0.5809578770277305,0.0835208600000323,0.6107940423169305,0.0496531663721413,0.6235817307692308,0.0444172295206648,79.7755724270828,15.955114485416562,0.0325664170086383,paper_main_random_cv,10,cv_results_summary_raw.csv,raw
G2_mg_molar_grade,MG Positive Molar Grade,RamanNet-Lite,raw,0.5653516218627467,0.0414217339486538,0.6072623905707231,0.0203846306484716,0.6157692307692308,0.0124926013607013,69.78158864378929,13.956317728757858,0.0210383608937263,paper_main_random_cv,10,cv_results_summary_raw.csv,raw
G2_mg_molar_grade,MG Positive Molar Grade,RamanNet-Lite,p3,0.5605964976056016,0.0509248073177316,0.5782550297817668,0.0423152518090917,0.5819230769230769,0.0352400894625062,67.56806057691574,13.513612115383149,0.1013238504528999,paper_main_random_cv,10,cv_results_summary_p3.csv,p3
G2_mg_molar_grade,MG Positive Molar Grade,SVM,raw,0.551655780523865,0.0126062292891017,0.6017354903487022,0.0075423642663007,0.5894951923076923,0.0127663242825752,0.6077784763183445,0.1215556952636689,0.3535497649572789,paper_main_random_cv,10,cv_results_summary_raw.csv,raw
G2_mg_molar_grade,MG Positive Molar Grade,1D-ResNet,p3,0.5376776485334075,0.156475431736984,0.5725552201126959,0.1264402817590751,0.5753365384615384,0.1257838312655495,112.67272833874448,22.534545667748898,0.0343057704158127,paper_main_random_cv,10,cv_results_summary_p3.csv,p3
G2_mg_molar_grade,MG Positive Molar Grade,Spectrum-KAN,p1,0.4804138306560592,0.0368780306227011,0.5039665699703673,0.0385654432019647,0.5044951923076922,0.0365040086176206,53.2364788162522,10.64729576325044,0.0372768780216574,paper_main_random_cv,10,cv_results_summary_p1.csv,p1
G2_mg_molar_grade,MG Positive Molar Grade,Spectrum-KAN,p3,0.3832676339563149,0.1592152302523142,0.4481165833233806,0.0996348983134897,0.4472836538461539,0.1003157142934673,49.83821177575737,9.967642355151474,0.0363042629323899,paper_main_random_cv,10,cv_results_summary_p3.csv,p3
G2_mg_molar_grade,MG Positive Molar Grade,KAN-CNN,p3,0.2035901803120641,0.0756616651727647,0.3535236081747709,0.0451468270298583,0.3594951923076923,0.0449726466524983,63.22668110299856,12.645336220599711,0.031247011385858,paper_main_random_cv,10,cv_results_summary_p3.csv,p3
G2_mg_molar_grade,MG Positive Molar Grade,1D-CNN,p3,0.1678049642926337,0.0024830276289771,0.3288537549407114,0.0067406467680034,0.3348798076923077,0.008620562328495,32.3341173408553,6.46682346817106,0.0197365637868642,paper_main_random_cv,10,cv_results_summary_p3.csv,p3
G3_mba_molar_grade,MBA Positive Molar Grade,SVM,p1,0.9808024450631648,0.0066008442423789,0.9808900426360572,0.0063629687447892,0.9809137604758044,0.0065304565112232,0.267368335975334,0.0534736671950668,0.1314759314991533,paper_main_random_cv,10,cv_results_summary_p1.csv,p1
G3_mba_molar_grade,MBA Positive Molar Grade,SVM,p2,0.9794045317029412,0.0081523574225993,0.9794393968005826,0.0082327691452999,0.9794322789943228,0.0080274765292624,0.3499662179965526,0.0699932435993105,0.1772649851627648,paper_main_random_cv,10,cv_results_summary_p2.csv,p2
G3_mba_molar_grade,MBA Positive Molar Grade,XGBoost,p1,0.9764431892294612,0.0060016459903144,0.976505805569119,0.0059421426703348,0.9765341984320086,0.0060112346878016,71.63436126476154,14.326872252952308,0.0250787257682532,paper_main_random_cv,10,cv_results_summary_p1.csv,p1
G3_mba_molar_grade,MBA Positive Molar Grade,RF,p1,0.9764249676281204,0.0060229706506388,0.9765380116882816,0.0059041634099624,0.9765341984320086,0.0060112346878016,3.8676898961421102,0.773537979228422,0.5964211821556091,paper_main_random_cv,10,cv_results_summary_p1.csv,p1
G3_mba_molar_grade,MBA Positive Molar Grade,ExtraTrees,p1,0.9764224660091484,0.0061106545258144,0.9764749699231124,0.0061255666188584,0.9765125709651258,0.0060707099500779,7.043288747314364,1.4086577494628727,1.1255286240484563,paper_main_random_cv,10,cv_results_summary_p1.csv,p1
G3_mba_molar_grade,MBA Positive Molar Grade,SVM,p3,0.973356769440251,0.0099869738032568,0.973577883112982,0.0098432062606185,0.9735496080021628,0.009900355366386,0.29332907195203,0.058665814390406,0.1730202792678028,paper_main_random_cv,10,cv_results_summary_p3.csv,p3
G3_mba_molar_grade,MBA Positive Molar Grade,ExtraTrees,p3,0.9720091713447874,0.0080629948740122,0.9721272372775074,0.0081989891683162,0.972089753987564,0.0080388308157424,6.993750729830936,1.398750145966187,1.1561763102654368,paper_main_random_cv,10,cv_results_summary_p3.csv,p3
G3_mba_molar_grade,MBA Positive Molar Grade,RF,p4,0.970607109638235,0.0118412037774202,0.9707792697246906,0.0120202853455157,0.9705866450391998,0.0117485254442491,3.813040180830285,0.762608036166057,0.5615545848850161,paper_main_random_cv,10,cv_results_summary_p4.csv,p4
G3_mba_molar_grade,MBA Positive Molar Grade,XGBoost,p2,0.9705363018794454,0.0147842824911271,0.9704422629872796,0.0148795466366381,0.9706298999729658,0.0147089831692899,74.9949465401005,14.9989893080201,0.025332965189591,paper_main_random_cv,10,cv_results_summary_p2.csv,p2
G3_mba_molar_grade,MBA Positive Molar Grade,ExtraTrees,p4,0.9704967284058666,0.0051839353986466,0.9706765914420328,0.0054147907410524,0.9706298999729658,0.0051667979908349,7.0814698790200055,1.4162939758040012,1.1720795759465543,paper_main_random_cv,10,cv_results_summary_p4.csv,p4
G3_mba_molar_grade,MBA Positive Molar Grade,XGBoost,p3,0.969260653201591,0.0063249773267702,0.9690266576586308,0.0066962176158919,0.969148418491484,0.0062153808514291,76.92763611790724,15.385527223581448,0.0310492839198559,paper_main_random_cv,10,cv_results_summary_p3.csv,p3
G3_mba_molar_grade,MBA Positive Molar Grade,XGBoost,p4,0.969172324308094,0.0094668459313887,0.96928752345722,0.0097063875059167,0.9691700459583672,0.0095286266250494,67.56693827616982,13.513387655233965,0.0247608041390776,paper_main_random_cv,10,cv_results_summary_p4.csv,p4
G3_mba_molar_grade,MBA Positive Molar Grade,RF,p3,0.9690502562257997,0.0129852088475949,0.9691628104000368,0.0130431187065855,0.9691700459583672,0.0130657468503462,3.851034936262295,0.770206987252459,0.5735710058361292,paper_main_random_cv,10,cv_results_summary_p3.csv,p3
G3_mba_molar_grade,MBA Positive Molar Grade,ExtraTrees,p2,0.9689929918199512,0.012215575066297,0.9691320681953816,0.0123051166163948,0.9691051635577184,0.0123041921801807,7.010244327131659,1.4020488654263317,1.1454451067838818,paper_main_random_cv,10,cv_results_summary_p2.csv,p2
G3_mba_molar_grade,MBA Positive Molar Grade,RF,p2,0.9675898896888262,0.012548621234904,0.9676477523262368,0.0126615894596281,0.9676236820762368,0.0125571147541429,3.805945043917746,0.7611890087835491,0.5890959708485752,paper_main_random_cv,10,cv_results_summary_p2.csv,p2
G3_mba_molar_grade,MBA Positive Molar Grade,SVM,p5,0.9675128319597636,0.0113471374226355,0.9676434540240664,0.011394045406522,0.9676669370100028,0.0111802577665421,0.4499469620641321,0.0899893924128264,0.2086470199283212,paper_main_random_cv,10,cv_results_summary_p5.csv,p5
G3_mba_molar_grade,MBA Positive Molar Grade,XGBoost,p5,0.964791118765256,0.0121259514181601,0.9648094089791056,0.0123096142466563,0.9647472289808056,0.0121619051036275,78.84806651831605,15.76961330366321,0.0254769979510456,paper_main_random_cv,10,cv_results_summary_p5.csv,p5
G3_mba_molar_grade,MBA Positive Molar Grade,HistGradientBoosting,p1,0.9545287233616816,0.0061193090416413,0.9544975864968122,0.0060721807648498,0.95448499594485,0.006104900852277,140.6541510359384,28.13083020718768,0.0562046684790402,paper_main_random_cv,10,cv_results_summary_p1.csv,p1
G3_mba_molar_grade,MBA Positive Molar Grade,RF,p5,0.9527217856092552,0.0205278635329399,0.9528902170599136,0.0205659561569237,0.9529170045958366,0.0202052446306243,3.7745183736551553,0.754903674731031,0.6138157376553863,paper_main_random_cv,10,cv_results_summary_p5.csv,p5
G3_mba_molar_grade,MBA Positive Molar Grade,HistGradientBoosting,p4,0.9517306434699792,0.0164959415157709,0.9518262315370936,0.0166766324073129,0.9516085428494188,0.0166178709473944,124.48556527867912,24.897113055735822,0.0417364831082522,paper_main_random_cv,10,cv_results_summary_p4.csv,p4
G3_mba_molar_grade,MBA Positive Molar Grade,HistGradientBoosting,p2,0.951481967522042,0.0150595693879059,0.9518543262367888,0.0148159660726716,0.9515652879156528,0.0150725271507271,159.1899429827463,31.83798859654926,0.0381633569486439,paper_main_random_cv,10,cv_results_summary_p2.csv,p2
G3_mba_molar_grade,MBA Positive Molar Grade,KNN,p3,0.9502088538553546,0.0136455297903107,0.950318212711776,0.0140709470293073,0.9500838064341716,0.0139979069979385,0.0587487698066979,0.0117497539613395,0.0625601490028202,paper_main_random_cv,10,cv_results_summary_p3.csv,p3
G3_mba_molar_grade,MBA Positive Molar Grade,KNN,p1,0.9501998429580338,0.0057767927714098,0.9501483899366996,0.0062758252865379,0.9500838064341716,0.0060086079525523,0.0598366658668965,0.0119673331733793,0.0573894290719181,paper_main_random_cv,10,cv_results_summary_p1.csv,p1
G3_mba_molar_grade,MBA Positive Molar Grade,ExtraTrees,p5,0.9486566247289414,0.0077850966876332,0.9486699384178032,0.007852602117256,0.948559070018924,0.0077342388885286,6.718495449982584,1.3436990899965169,1.1355238996911794,paper_main_random_cv,10,cv_results_summary_p5.csv,p5
G3_mba_molar_grade,MBA Positive Molar Grade,HistGradientBoosting,p5,0.9470997297231298,0.0225950213089015,0.9473396138959892,0.0222910984662741,0.9471640984049744,0.0226970386048847,336.3814986054785,67.27629972109571,0.0692371751647442,paper_main_random_cv,10,cv_results_summary_p5.csv,p5
G3_mba_molar_grade,MBA Positive Molar Grade,HistGradientBoosting,p3,0.9453472595772754,0.0240811100023075,0.9456206718635992,0.0238550033166888,0.9456826169234928,0.0234503669886577,137.794555072207,27.5589110144414,0.0486203271429985,paper_main_random_cv,10,cv_results_summary_p3.csv,p3
G3_mba_molar_grade,MBA Positive Molar Grade,KNN,p4,0.9418390761601456,0.0264436024175318,0.9413912620456948,0.0270412782223528,0.9412814274128144,0.0268603484948283,0.0563218900933861,0.0112643780186772,0.0608587800525128,paper_main_random_cv,10,cv_results_summary_p4.csv,p4
G3_mba_molar_grade,MBA Positive Molar Grade,RF,raw,0.928127091329752,0.0079136367802255,0.9280507960225276,0.0078435695751019,0.9280346039470126,0.0081157051467353,3.883823847863823,0.7767647695727646,0.5515603679232299,paper_main_random_cv,10,cv_results_summary_raw.csv,raw
G3_mba_molar_grade,MBA Positive Molar Grade,ExtraTrees,raw,0.9268753463978658,0.0163609784596328,0.9265413132827026,0.016453520408448,0.9265747499324142,0.0163567325262619,6.877147270133719,1.3754294540267438,1.12968109222129,paper_main_random_cv,10,cv_results_summary_raw.csv,raw
G3_mba_molar_grade,MBA Positive Molar Grade,XGBoost,raw,0.925248692570999,0.0067951070848971,0.9249558851789776,0.0065576035571871,0.9250716409840496,0.0066832678364172,90.60510215116663,18.12102043023333,0.0330740760546177,paper_main_random_cv,10,cv_results_summary_raw.csv,raw
G3_mba_molar_grade,MBA Positive Molar Grade,Spectrum-KAN,p2,0.9252431031408604,0.0313111462142618,0.9248281421592096,0.0313775239815722,0.9249202487158692,0.0315402191064146,128.49996494269,25.699992988538,0.0339521989226341,paper_main_random_cv,10,cv_results_summary_p2.csv,p2
G3_mba_molar_grade,MBA Positive Molar Grade,RamanNet-Lite,p1,0.910158224096464,0.0247277719405771,0.9107532582600888,0.0242075719845555,0.9103000811030008,0.0240454858619291,100.11629636585712,20.023259273171423,0.1853888630867004,paper_main_random_cv,10,cv_results_summary_p1.csv,p1
G3_mba_molar_grade,MBA Positive Molar Grade,KNN,raw,0.9059039988432698,0.0162292634664747,0.906146719147386,0.0162663599965784,0.9059205190592052,0.0158306742059555,0.066672301152721,0.0133344602305442,0.0637098923325538,paper_main_random_cv,10,cv_results_summary_raw.csv,raw
G3_mba_molar_grade,MBA Positive Molar Grade,HistGradientBoosting,raw,0.8935553143865524,0.0270180988164228,0.8944606286314007,0.0264917834111111,0.8943065693430657,0.0266346612171601,52.15992595232092,10.431985190464184,0.0395343769341707,paper_main_random_cv,10,cv_results_summary_raw.csv,raw
G3_mba_molar_grade,MBA Positive Molar Grade,RamanNet-Lite,p2,0.8925285200697864,0.0181862190899497,0.8912537214466953,0.0182537865291197,0.891235469045688,0.0183036054988538,104.37327225506306,20.87465445101261,0.1106157302856445,paper_main_random_cv,10,cv_results_summary_p2.csv,p2
G3_mba_molar_grade,MBA Positive Molar Grade,Spectrum-KAN,p1,0.8909953324796438,0.0415937412092995,0.891186279245785,0.0419127809791588,0.8911273317112733,0.0418580122263977,92.36470822803676,18.47294164560736,0.0398020350839942,paper_main_random_cv,10,cv_results_summary_p1.csv,p1
G3_mba_molar_grade,MBA Positive Molar Grade,RamanNet-Lite,p3,0.8875635737283443,0.0226846304856102,0.8871568788299635,0.0231145878526788,0.8868342795350095,0.0229645167321128,89.2753936573863,17.85507873147726,0.0879472494125366,paper_main_random_cv,10,cv_results_summary_p3.csv,p3
G3_mba_molar_grade,MBA Positive Molar Grade,PLS-DA,p5,0.8865185097357358,0.0247549699539055,0.8854585250420287,0.0253755826579646,0.8855907001892402,0.0251051308128028,124.96219241502696,24.99243848300539,0.165245808660984,paper_main_random_cv,10,cv_results_summary_p5.csv,p5
G3_mba_molar_grade,MBA Positive Molar Grade,Spectrum-KAN,p3,0.8827514694415219,0.0287816745219938,0.8824800732696092,0.028377160473964,0.8825195998918627,0.028412053127021,158.1585166961886,31.63170333923772,0.0360362641513347,paper_main_random_cv,10,cv_results_summary_p3.csv,p3
G3_mba_molar_grade,MBA Positive Molar Grade,SVM,p4,0.873510175748598,0.0145321863974531,0.8742050216251537,0.0144553692009766,0.8737388483373885,0.0147445166252202,0.4334751560818404,0.086695031216368,0.2214542808942496,paper_main_random_cv,10,cv_results_summary_p4.csv,p4
G3_mba_molar_grade,MBA Positive Molar Grade,PLS-DA,p3,0.8716526564882099,0.0199772389960994,0.8706596437885296,0.0199764991557669,0.8706677480400108,0.0200595484026194,112.31997356936336,22.46399471387268,0.0217861221171915,paper_main_random_cv,10,cv_results_summary_p3.csv,p3
G3_mba_molar_grade,MBA Positive Molar Grade,1D-ResNet,p4,0.8711131793794336,0.0396566471145665,0.8704337250554147,0.0387990105472993,0.8708623952419574,0.0395357252442387,131.72868266049773,26.345736532099544,0.0378427896648645,paper_main_random_cv,10,cv_results_summary_p4.csv,p4
G3_mba_molar_grade,MBA Positive Molar Grade,PLS-DA,p1,0.8671915349051522,0.0052873002755458,0.8665610482410173,0.0055393576349908,0.86639632333063,0.0053758232911081,74.24691613367759,14.849383226735515,0.0903505617752671,paper_main_random_cv,10,cv_results_summary_p1.csv,p1
G3_mba_molar_grade,MBA Positive Molar Grade,Spectrum-KAN,p5,0.8614134734681412,0.0258544772123442,0.8602584877524103,0.026377298910539,0.8605569072722357,0.025458506258146,77.53325974056497,15.506651948112994,0.0354105615988373,paper_main_random_cv,10,cv_results_summary_p5.csv,p5
G3_mba_molar_grade,MBA Positive Molar Grade,RamanNet-Lite,p5,0.836448741232801,0.0262813839119016,0.8356669789346253,0.0267274436251162,0.8355447418221141,0.0270333495360231,73.38261310756207,14.676522621512412,0.083568625152111,paper_main_random_cv,10,cv_results_summary_p5.csv,p5
G3_mba_molar_grade,MBA Positive Molar Grade,KNN,p2,0.831948999494635,0.0210137057839487,0.8338203974647407,0.0195588786702592,0.8339767504731007,0.0193983956078805,0.0639709362294524,0.0127941872458904,0.0725053888745606,paper_main_random_cv,10,cv_results_summary_p2.csv,p2
G3_mba_molar_grade,MBA Positive Molar Grade,PLS-DA,p2,0.8168269790544024,0.0263492557480525,0.8152393029391071,0.0265374366883977,0.814933765882671,0.0271071848907737,102.9037765332032,20.58075530664064,0.092726306291297,paper_main_random_cv,10,cv_results_summary_p2.csv,p2
G3_mba_molar_grade,MBA Positive Molar Grade,1D-ResNet,p1,0.7884601443385135,0.0733052514972355,0.785484790754029,0.0758585020882843,0.7853906461205732,0.0762743662328482,78.4717647684738,15.69435295369476,0.0374384773895144,paper_main_random_cv,10,cv_results_summary_p1.csv,p1
G3_mba_molar_grade,MBA Positive Molar Grade,LDA,p1,0.7823419912562741,0.0470954852002054,0.7869995315618447,0.0442171044687131,0.7873046769397134,0.0417114344294449,1.1798940720036626,0.2359788144007325,0.0121118989773094,paper_main_random_cv,10,cv_results_summary_p1.csv,p1
G3_mba_molar_grade,MBA Positive Molar Grade,1D-ResNet,p2,0.7803786902567376,0.0711645498734908,0.777795833689171,0.0732152403483567,0.7780913760475804,0.0725897924533563,79.5843310249038,15.91686620498076,0.0363791068084538,paper_main_random_cv,10,cv_results_summary_p2.csv,p2
G3_mba_molar_grade,MBA Positive Molar Grade,1D-ResNet,p3,0.7781239143248484,0.1169977372044915,0.7903177252231746,0.1015214599640436,0.7919653960529873,0.0977898447148054,167.64239882165566,33.52847976433113,0.0380332791246473,paper_main_random_cv,10,cv_results_summary_p3.csv,p3
G3_mba_molar_grade,MBA Positive Molar Grade,RamanNet-Lite,p4,0.764649397873461,0.0656982335986278,0.767218072049946,0.0632295031622011,0.7668883482022169,0.0631275088093659,60.68816587328911,12.137633174657822,0.0920255929231643,paper_main_random_cv,10,cv_results_summary_p4.csv,p4
G3_mba_molar_grade,MBA Positive Molar Grade,LDA,p4,0.7642319726469188,0.0133865487684009,0.7642999008145406,0.0123903184082293,0.7636226007028927,0.013203132344346,1.231382635422051,0.2462765270844102,0.0115308216772973,paper_main_random_cv,10,cv_results_summary_p4.csv,p4
G3_mba_molar_grade,MBA Positive Molar Grade,RamanNet-Lite,raw,0.7387199914387452,0.0994455200918111,0.7461813590877979,0.0851330529068042,0.7469370100027034,0.0859706396811654,85.96491295099258,17.19298259019852,0.0238291770219802,paper_main_random_cv,10,cv_results_summary_raw.csv,raw
G3_mba_molar_grade,MBA Positive Molar Grade,Spectrum-KAN,p4,0.7340768269249651,0.0283050745310931,0.7431175250993249,0.026410463243543,0.741573398215734,0.0257594672683848,61.27563348039985,12.25512669607997,0.0378826055675745,paper_main_random_cv,10,cv_results_summary_p4.csv,p4
G3_mba_molar_grade,MBA Positive Molar Grade,KNN,p5,0.7288045366639954,0.0410640782961995,0.7397622634711463,0.0374956122775522,0.7398972695323061,0.0386959180512996,0.0560722132213413,0.0112144426442682,0.060634003020823,paper_main_random_cv,10,cv_results_summary_p5.csv,p5
G3_mba_molar_grade,MBA Positive Molar Grade,SVM,raw,0.7234340902657346,0.0174234208223866,0.7349932392646933,0.0185372407949229,0.7328575290619086,0.0192268439072679,0.644630660302937,0.1289261320605874,0.3688475587405264,paper_main_random_cv,10,cv_results_summary_raw.csv,raw
G3_mba_molar_grade,MBA Positive Molar Grade,1D-CNN,p2,0.7195935552974437,0.0683008247658441,0.7243401095697635,0.0605811408878554,0.7238388753717221,0.0620051474564253,62.11388040939346,12.422776081878691,0.0208830749616026,paper_main_random_cv,10,cv_results_summary_p2.csv,p2
G3_mba_molar_grade,MBA Positive Molar Grade,LDA,p5,0.7183196198401689,0.0626124617969698,0.7223289105151292,0.0584164903521079,0.7226169234928359,0.0561783781958864,1.258138935547322,0.2516277871094644,0.0110726323910057,paper_main_random_cv,10,cv_results_summary_p5.csv,p5
G3_mba_molar_grade,MBA Positive Molar Grade,PLS-DA,p4,0.7154150119224199,0.0240308169401022,0.7288569869973823,0.0254552636189728,0.7270181130035145,0.026288700877905,82.62582883005962,16.525165766011924,0.0123000908643007,paper_main_random_cv,10,cv_results_summary_p4.csv,p4
G3_mba_molar_grade,MBA Positive Molar Grade,LDA,p3,0.7120221705135363,0.0395135484138085,0.7172363691704096,0.0373827107709655,0.7168207623682077,0.037325508562312,1.229776662774384,0.2459553325548768,0.011060974560678,paper_main_random_cv,10,cv_results_summary_p3.csv,p3
G3_mba_molar_grade,MBA Positive Molar Grade,KAN-CNN,p2,0.7016651157317878,0.1130390724433528,0.7160494785719062,0.0942536626479086,0.7162151932954852,0.0958523607568329,115.78695242246611,23.157390484493227,0.0361637403257191,paper_main_random_cv,10,cv_results_summary_p2.csv,p2
G3_mba_molar_grade,MBA Positive Molar Grade,1D-CNN,p1,0.7008246641710328,0.1533441005213174,0.7096682860994544,0.1326560237592995,0.7079967558799676,0.1367907446084171,65.16258576326072,13.032517152652144,0.1368124401196837,paper_main_random_cv,10,cv_results_summary_p1.csv,p1
G3_mba_molar_grade,MBA Positive Molar Grade,KAN-CNN,p1,0.7001447743894282,0.0278836595543184,0.708379554568699,0.0295405728929929,0.709110570424439,0.0303934930814386,98.69582081446424,19.73916416289285,0.0326256211847066,paper_main_random_cv,10,cv_results_summary_p1.csv,p1
G3_mba_molar_grade,MBA Positive Molar Grade,KAN-CNN,p3,0.6923585841131628,0.1119323959643053,0.713947800763626,0.0927495955770127,0.714647201946472,0.0953239696049623,279.5049779769033,55.90099559538066,0.0350231952033937,paper_main_random_cv,10,cv_results_summary_p3.csv,p3
G3_mba_molar_grade,MBA Positive Molar Grade,LDA,p2,0.692182717211532,0.0556266742414943,0.6982442724978706,0.0529811425631081,0.6975831305758313,0.0507117175237376,1.223928382154554,0.2447856764309108,0.0108939283527433,paper_main_random_cv,10,cv_results_summary_p2.csv,p2
G3_mba_molar_grade,MBA Positive Molar Grade,Spectrum-KAN,raw,0.6864907249928921,0.0554381070846457,0.6933074594955283,0.055612009975562,0.6931819410651527,0.0531832696777621,81.0419432586059,16.20838865172118,0.0559629113413393,paper_main_random_cv,10,cv_results_summary_raw.csv,raw
G3_mba_molar_grade,MBA Positive Molar Grade,PLS-DA,raw,0.6845996884428127,0.010793162787637,0.7026014658992307,0.0102611544853545,0.7005028386050285,0.0121595251559559,73.77978686708957,14.755957373417914,0.0333229629322886,paper_main_random_cv,10,cv_results_summary_raw.csv,raw
G3_mba_molar_grade,MBA Positive Molar Grade,LDA,raw,0.6740261352512082,0.0112303744744965,0.6732462213657489,0.0132959992951543,0.6724844552581779,0.0128030105756745,1.2937731654383242,0.2587546330876648,0.0113338497467339,paper_main_random_cv,10,cv_results_summary_raw.csv,raw
G3_mba_molar_grade,MBA Positive Molar Grade,1D-CNN,p4,0.6498376266795546,0.1737287562477483,0.6563352866921914,0.1660997927170578,0.6565558258988916,0.1652760340916492,72.66164590977132,14.532329181954264,0.0230921921320259,paper_main_random_cv,10,cv_results_summary_p4.csv,p4
G3_mba_molar_grade,MBA Positive Molar Grade,1D-ResNet,raw,0.6225534131776704,0.2353341632436699,0.6575869618457231,0.1899872775542418,0.6542633144092999,0.1942623767944371,90.87730107177048,18.175460214354096,0.1602237522602081,paper_main_random_cv,10,cv_results_summary_raw.csv,raw
G3_mba_molar_grade,MBA Positive Molar Grade,1D-CNN,p5,0.6043657037184029,0.0359587336273313,0.6109418221831362,0.0323143192449374,0.6095809678291431,0.0322914313429616,39.52127338480204,7.904254676960408,0.0209966567344963,paper_main_random_cv,10,cv_results_summary_p5.csv,p5
G3_mba_molar_grade,MBA Positive Molar Grade,1D-ResNet,p5,0.5943111298658945,0.0417457615337971,0.5972029671468176,0.0409604001502359,0.5963990267639903,0.0401863273011204,59.470010394230485,11.894002078846096,0.0356131149455904,paper_main_random_cv,10,cv_results_summary_p5.csv,p5
G3_mba_molar_grade,MBA Positive Molar Grade,KAN-CNN,p4,0.5324496926316097,0.1614727535696284,0.5635911068751032,0.1195936852222466,0.5643471208434712,0.1149269401371047,58.792302664835006,11.758460532967002,0.0359614565968513,paper_main_random_cv,10,cv_results_summary_p4.csv,p4
G3_mba_molar_grade,MBA Positive Molar Grade,KAN-CNN,p5,0.5228842336615048,0.0816525053780368,0.5628555025112906,0.0479455536247347,0.5621519329548527,0.052712305962692,54.39442050550133,10.878884101100263,0.0316749443300068,paper_main_random_cv,10,cv_results_summary_p5.csv,p5
G3_mba_molar_grade,MBA Positive Molar Grade,1D-CNN,raw,0.4244419167357307,0.0740144885256714,0.4620299438243632,0.050029584101496,0.4595944849959449,0.0542457279289195,37.37258386099711,7.474516772199422,0.1277783568948507,paper_main_random_cv,10,cv_results_summary_raw.csv,raw
G3_mba_molar_grade,MBA Positive Molar Grade,KAN-CNN,raw,0.2473556523775399,0.1165874298157652,0.3462859315497914,0.0686621340807486,0.3433576642335766,0.0744602759152611,49.677660793531686,9.935532158706335,0.0893411985598504,paper_main_random_cv,10,cv_results_summary_raw.csv,raw
G3_mba_molar_grade,MBA Positive Molar Grade,1D-CNN,p3,0.1934589710571045,0.011110071086879,0.340488573680063,0.0088178225368126,0.3377345228440119,0.0132658221506772,33.94615869456902,6.789231738913804,0.0283672274090349,paper_main_random_cv,10,cv_results_summary_p3.csv,p3
P1_thiram_presence,Thiram Presence,KNN,p1,0.9959194840726988,0.0061049345410154,0.9976802884615384,0.0034469217639539,0.9966666666666668,0.0049690399499995,0.0775832291692495,0.0155166458338499,0.0776655450463295,paper_main_random_cv,10,cv_results_summary_p1.csv,p1
P1_thiram_presence,Thiram Presence,ExtraTrees,p2,0.9958681068169388,0.0037737246485875,0.9964087029042386,0.0041739638320938,0.9966666666666668,0.0030429030972509,6.370267310645431,1.2740534621290862,1.1238631098531189,paper_main_random_cv,10,cv_results_summary_p2.csv,p2
P1_thiram_presence,Thiram Presence,SVM,p2,0.9958145530939648,0.0063121674360248,0.9951371173469388,0.0088531601481995,0.9966666666666668,0.0049690399499995,0.2652717097662389,0.0530543419532477,0.1097148195840418,paper_main_random_cv,10,cv_results_summary_p2.csv,p2
P1_thiram_presence,Thiram Presence,SVM,p3,0.9932231355633198,0.0081456622834066,0.9948462029042384,0.0055551138695628,0.9944444444444444,0.0068041381743977,0.2846589609980583,0.0569317921996116,0.1252079403493553,paper_main_random_cv,10,cv_results_summary_p3.csv,p3
P1_thiram_presence,Thiram Presence,KNN,p3,0.9932022848782004,0.0083282906798948,0.9961476989136818,0.00471067089334,0.9944505831798648,0.006804152020396,0.0787374598439782,0.0157474919687956,0.0769658596254885,paper_main_random_cv,10,cv_results_summary_p3.csv,p3
P1_thiram_presence,Thiram Presence,ExtraTrees,p3,0.9931481214574484,0.0047302000992847,0.9936274529042386,0.0043847621140048,0.9944505831798648,0.0039283949885156,6.42494590417482,1.2849891808349638,1.1317774010822177,paper_main_random_cv,10,cv_results_summary_p3.csv,p3
P1_thiram_presence,Thiram Presence,XGBoost,p2,0.9931152863357584,0.0068435772304853,0.9924856259811616,0.0070061540179726,0.9944444444444444,0.0055555555555555,25.22577647515573,5.045155295031146,0.0158477539662271,paper_main_random_cv,10,cv_results_summary_p2.csv,p2
P1_thiram_presence,Thiram Presence,ExtraTrees,p1,0.9930845348974028,0.0001244220176592,0.9924087029042388,0.0033924921686002,0.9944505831798648,1.3726629696164474e-05,6.507802681997418,1.3015605363994838,1.1033938652835786,paper_main_random_cv,10,cv_results_summary_p1.csv,p1
P1_thiram_presence,Thiram Presence,RF,p2,0.9930639317117824,0.004958992621742,0.9924087029042388,0.0078427675672567,0.9944444444444444,0.0039283710065919,3.469071243191138,0.6938142486382276,0.5587652591057122,paper_main_random_cv,10,cv_results_summary_p2.csv,p2
P1_thiram_presence,Thiram Presence,SVM,p1,0.9918469361673184,0.0072460779778946,0.9940769721350078,0.0048894500431426,0.9933333333333334,0.0060858061945018,0.2705935966223478,0.0541187193244695,0.1058987269643694,paper_main_random_cv,10,cv_results_summary_p1.csv,p1
P1_thiram_presence,Thiram Presence,XGBoost,p3,0.991758048449254,0.0056645823788394,0.9916333248948432,0.0051491739659104,0.9933456108041744,0.0046334949671255,25.704917388036847,5.140983477607369,0.0166770429350435,paper_main_random_cv,10,cv_results_summary_p3.csv,p3
P1_thiram_presence,Thiram Presence,ExtraTrees,p5,0.991755090084219,0.0056726433217299,0.9916274529042386,0.0051569538051425,0.9933394720687538,0.0046499654552267,6.28671108209528,1.257342216419056,1.1346245198510587,paper_main_random_cv,10,cv_results_summary_p5.csv,p5
P1_thiram_presence,Thiram Presence,XGBoost,p1,0.9917342754992752,0.0057203350907701,0.9916274529042386,0.0075738631699817,0.9933333333333334,0.0046481112585226,27.97824181476608,5.595648362953216,0.0224602743983268,paper_main_random_cv,10,cv_results_summary_p1.csv,p1
P1_thiram_presence,Thiram Presence,ExtraTrees,p4,0.9917247561812288,0.0030237888607773,0.991639472135008,0.0026954377081901,0.9933394720687538,0.0024879871320749,6.390203388873488,1.2780406777746975,1.280162702081725,paper_main_random_cv,10,cv_results_summary_p4.csv,p4
P1_thiram_presence,Thiram Presence,RF,p3,0.9916800759994376,0.0076211784252137,0.9904145748948434,0.009044609860897,0.9933517495395948,0.0060480019563294,3.524949053768069,0.7049898107536137,0.5642097652889788,paper_main_random_cv,10,cv_results_summary_p3.csv,p3
P1_thiram_presence,Thiram Presence,SVM,p5,0.9916749949193376,0.0058882727717187,0.991604527799082,0.008441398616898,0.9933456108041744,0.0046334949671255,0.3397417811211198,0.0679483562242239,0.1554160714149475,paper_main_random_cv,10,cv_results_summary_p5.csv,p5
P1_thiram_presence,Thiram Presence,RF,p1,0.9916547817784273,0.0032768871507086,0.990367886577708,0.0067575286058345,0.9933394720687538,0.0024879871320749,3.60234352434054,0.720468704868108,0.5930226547643542,paper_main_random_cv,10,cv_results_summary_p1.csv,p1
P1_thiram_presence,Thiram Presence,RF,p5,0.9900862327286756,0.0107826694918377,0.985877551020408,0.0153288266983056,0.9922283609576428,0.0084274519771411,3.4904088631737977,0.6980817726347596,0.55876797856763,paper_main_random_cv,10,cv_results_summary_p5.csv,p5
P1_thiram_presence,Thiram Presence,KNN,p4,0.9891510036652116,0.0139357892403874,0.9902716346153848,0.012686990117498,0.9911172498465316,0.0115224734294153,0.0715478849597275,0.0143095769919455,0.0716857379302382,paper_main_random_cv,10,cv_results_summary_p4.csv,p4
P1_thiram_presence,Thiram Presence,XGBoost,p4,0.9862516296171758,0.004638880863919,0.9861659144427002,0.0050456020964807,0.98890116635973,0.0039284669334084,28.22083146800287,5.644166293600574,0.0169899808242917,paper_main_random_cv,10,cv_results_summary_p4.csv,p4
P1_thiram_presence,Thiram Presence,RF,p4,0.9849368550072874,0.0071598542637453,0.9853846644427,0.0059606205309374,0.9877900552486188,0.0060886693787853,3.585811983095482,0.7171623966190964,0.5829979951959103,paper_main_random_cv,10,cv_results_summary_p4.csv,p4
P1_thiram_presence,Thiram Presence,XGBoost,p5,0.9847012537999756,0.009056796139945,0.9816286153187054,0.011407689245275,0.9877961939840392,0.0072295371270723,28.932819132925943,5.786563826585189,0.0166733679361641,paper_main_random_cv,10,cv_results_summary_p5.csv,p5
P1_thiram_presence,Thiram Presence,PLS-DA,p3,0.9794816874027392,0.0160035260390475,0.9811175132119788,0.0162284750635601,0.9833578882750154,0.0130159540675611,26.52639432507567,5.305278865015135,0.0121087110601365,paper_main_random_cv,10,cv_results_summary_p3.csv,p3
P1_thiram_presence,Thiram Presence,PLS-DA,p1,0.9751146298187428,0.0077028894278036,0.9737704422417822,0.0084004824009749,0.980024554941682,0.0063237690638772,26.5862768846564,5.31725537693128,0.0174707791302353,paper_main_random_cv,10,cv_results_summary_p1.csv,p1
P1_thiram_presence,Thiram Presence,ExtraTrees,raw,0.9697969880507976,0.0114136897604498,0.9720126802042016,0.0110337587907372,0.9755801104972376,0.0093037188346866,6.299289707327262,1.2598579414654525,1.119780546054244,paper_main_random_cv,10,cv_results_summary_raw.csv,raw
P1_thiram_presence,Thiram Presence,XGBoost,raw,0.9668963197054824,0.0105030559605122,0.9678890688101428,0.0119364943967338,0.9733578882750152,0.008256941442148,31.076144208898768,6.215228841779753,0.0258282399736344,paper_main_random_cv,10,cv_results_summary_raw.csv,raw
P1_thiram_presence,Thiram Presence,HistGradientBoosting,p3,0.9668595812189787,0.0085553491226728,0.9655452697520582,0.0065598100629488,0.9733701657458564,0.0072015307673771,69.48614737205207,13.897229474410414,0.0268996285740286,paper_main_random_cv,10,cv_results_summary_p3.csv,p3
P1_thiram_presence,Thiram Presence,RamanNet-Lite,p5,0.9649158815197328,0.0156927341208897,0.9736745269452468,0.0130686991816385,0.9711418047882135,0.0132670982754018,125.15659087151288,25.031318174302577,0.0426496490836143,paper_main_random_cv,10,cv_results_summary_p5.csv,p5
P1_thiram_presence,Thiram Presence,Spectrum-KAN,p2,0.96205924484076,0.0144736063009459,0.954688809588721,0.0186713610172156,0.9700429711479436,0.0114791274747582,92.7637502667494,18.55275005334988,0.0401500151492655,paper_main_random_cv,10,cv_results_summary_p2.csv,p2
P1_thiram_presence,Thiram Presence,RamanNet-Lite,p1,0.96083082447715,0.0178832889337116,0.95732181017592,0.0211925233163962,0.968925721301412,0.013937237999815,93.43501362204552,18.687002724409105,0.2504043653607368,paper_main_random_cv,10,cv_results_summary_p1.csv,p1
P1_thiram_presence,Thiram Presence,RamanNet-Lite,p4,0.9597185705662614,0.0207308889171036,0.9589193526280152,0.0263393856283367,0.9677839165131984,0.0163990230186714,158.5287452712655,31.7057490542531,0.337165504693985,paper_main_random_cv,10,cv_results_summary_p4.csv,p4
P1_thiram_presence,Thiram Presence,RamanNet-Lite,p2,0.9595764043755588,0.017499372317185,0.96434339573322,0.0063370139503673,0.9667034990791896,0.0161972979890291,117.33705814182758,23.46741162836552,0.0424739718437194,paper_main_random_cv,10,cv_results_summary_p2.csv,p2
P1_thiram_presence,Thiram Presence,Spectrum-KAN,p3,0.9593878737504804,0.0107582039126113,0.9671527451556076,0.0087150475145402,0.9666973603437692,0.0096448745026843,245.7832088000141,49.15664176000282,0.0336390612646937,paper_main_random_cv,10,cv_results_summary_p3.csv,p3
P1_thiram_presence,Thiram Presence,HistGradientBoosting,raw,0.9590930101255382,0.0187303200579327,0.9636856590111088,0.0219264684917213,0.9666973603437692,0.0157271927509918,40.19467659504153,8.038935319008306,0.0396052922587841,paper_main_random_cv,10,cv_results_summary_raw.csv,raw
P1_thiram_presence,Thiram Presence,PLS-DA,p2,0.958935766219199,0.0090213169420839,0.962018601252891,0.0085053554872357,0.9666973603437692,0.0078841237079124,27.21892899204977,5.443785798409953,0.0114156170748174,paper_main_random_cv,10,cv_results_summary_p2.csv,p2
P1_thiram_presence,Thiram Presence,Spectrum-KAN,p5,0.9568495135885416,0.0128063338177735,0.953948100665692,0.0182556907570767,0.96561080417434,0.0098301646349884,131.5051600621082,26.30103201242164,0.0352047001942992,paper_main_random_cv,10,cv_results_summary_p5.csv,p5
P1_thiram_presence,Thiram Presence,RF,raw,0.9551269793849716,0.0260996233408002,0.9518975408792408,0.0308459463834355,0.9644812768569676,0.0198814772097583,3.55626715766266,0.711253431532532,0.581246939022094,paper_main_random_cv,10,cv_results_summary_raw.csv,raw
P1_thiram_presence,Thiram Presence,HistGradientBoosting,p2,0.9540143284468352,0.0385449720441141,0.9512839414538568,0.0400003943856783,0.9634192756292204,0.0304366416903689,101.9304178096354,20.38608356192708,0.0393143671099096,paper_main_random_cv,10,cv_results_summary_p2.csv,p2
P1_thiram_presence,Thiram Presence,HistGradientBoosting,p4,0.9510939019096346,0.0226565224482994,0.946244887098997,0.024288556259385,0.9611356660527932,0.0180305355264329,77.63199826399796,15.526399652799592,0.0198319857008755,paper_main_random_cv,10,cv_results_summary_p4.csv,p4
P1_thiram_presence,Thiram Presence,PLS-DA,p5,0.9504592578316446,0.0116212963432609,0.9524991933502702,0.0158646156323961,0.960049109883364,0.0090994355245719,24.54651307174936,4.909302614349872,0.1604606553446501,paper_main_random_cv,10,cv_results_summary_p5.csv,p5
P1_thiram_presence,Thiram Presence,KNN,p2,0.95038152154688,0.0123778010119063,0.9375651981946624,0.0085668281421193,0.961147943523634,0.0104183989065561,0.0782497029285878,0.0156499405857175,0.0826898559462279,paper_main_random_cv,10,cv_results_summary_p2.csv,p2
P1_thiram_presence,Thiram Presence,HistGradientBoosting,p1,0.9486948440047808,0.0232811235027014,0.9458285992905676,0.0231276078114062,0.9589564149785144,0.018585261001164,28.46169812208973,5.692339624417945,0.0254619768820703,paper_main_random_cv,10,cv_results_summary_p1.csv,p1
P1_thiram_presence,Thiram Presence,Spectrum-KAN,p1,0.9478460736455276,0.0387643561345521,0.9436007177459944,0.0294929151000752,0.9578882750153468,0.033000584960106,112.6578465460334,22.53156930920668,0.0493994420394301,paper_main_random_cv,10,cv_results_summary_p1.csv,p1
P1_thiram_presence,Thiram Presence,KNN,raw,0.9451258364452796,0.013119615984347,0.947279005686244,0.012918674594151,0.9555985267034992,0.0111383501570228,0.0941538701299578,0.0188307740259915,0.1092971197795122,paper_main_random_cv,10,cv_results_summary_raw.csv,raw
P1_thiram_presence,Thiram Presence,RamanNet-Lite,p3,0.937154274377992,0.0654407389850806,0.95654303105564,0.0387179709193645,0.944622467771639,0.0611068267957542,189.3652873709798,37.87305747419596,0.1242511048913002,paper_main_random_cv,10,cv_results_summary_p3.csv,p3
P1_thiram_presence,Thiram Presence,1D-ResNet,p2,0.9310811880771682,0.019624271881064,0.9312149399469124,0.0189053728077752,0.9445181092694904,0.0161346387131668,152.19665055302903,30.439330110605805,0.0429632985033094,paper_main_random_cv,10,cv_results_summary_p2.csv,p2
P1_thiram_presence,Thiram Presence,HistGradientBoosting,p5,0.9310516331671216,0.0394908914897184,0.9252633902357186,0.0434098985465895,0.9456721915285452,0.0310412563541138,117.40239649009892,23.48047929801978,0.0280603116843849,paper_main_random_cv,10,cv_results_summary_p5.csv,p5
P1_thiram_presence,Thiram Presence,1D-ResNet,p1,0.9308841992123864,0.0121821736569721,0.928380891089554,0.0095578351050276,0.9444996930632288,0.0118182694530899,142.06140191154554,28.41228038230911,0.0432978845201432,paper_main_random_cv,10,cv_results_summary_p1.csv,p1
P1_thiram_presence,Thiram Presence,Spectrum-KAN,p4,0.929812549375322,0.0226797349515827,0.9493251068043188,0.0200387387403105,0.941197053406998,0.0189783053790543,223.3263932452537,44.66527864905074,0.0440648207440972,paper_main_random_cv,10,cv_results_summary_p4.csv,p4
P1_thiram_presence,Thiram Presence,KAN-CNN,p1,0.9148691120840152,0.0214768165381382,0.9206200765905304,0.0122230937940468,0.9300675260896256,0.0214082578013752,184.13466657232493,36.82693331446499,0.0385439395904541,paper_main_random_cv,10,cv_results_summary_p1.csv,p1
P1_thiram_presence,Thiram Presence,1D-CNN,p1,0.9126595493669886,0.0360221031574157,0.9325231516711204,0.0203855343382839,0.925684468999386,0.0328021605391686,141.13435989501886,28.22687197900377,0.1457271117251366,paper_main_random_cv,10,cv_results_summary_p1.csv,p1
P1_thiram_presence,Thiram Presence,1D-ResNet,p3,0.9088450751695312,0.0626609778181507,0.9064758948793844,0.078481421512056,0.9300675260896256,0.042437083955931,228.8646240220405,45.772924804408106,0.0403529424220323,paper_main_random_cv,10,cv_results_summary_p3.csv,p3
P1_thiram_presence,Thiram Presence,KNN,p5,0.9071002686009934,0.0211404595924007,0.8830290614851343,0.0212539856328439,0.9300920810313076,0.015910558330164,0.0666324470657855,0.0133264894131571,0.0618697218596935,paper_main_random_cv,10,cv_results_summary_p5.csv,p5
P1_thiram_presence,Thiram Presence,1D-CNN,p2,0.9047075981044272,0.0332957235609338,0.9241215322300382,0.0182549725486766,0.9190116635972988,0.0311825070591806,121.96742019010708,24.393484038021416,0.0323777347803115,paper_main_random_cv,10,cv_results_summary_p2.csv,p2
P1_thiram_presence,Thiram Presence,KAN-CNN,p2,0.8986345965822554,0.0296734477912155,0.9172461041888864,0.0278985297194471,0.914536525475752,0.0279538575763263,199.58417891571293,39.9168357831426,0.0369045506231486,paper_main_random_cv,10,cv_results_summary_p2.csv,p2
P1_thiram_presence,Thiram Presence,1D-CNN,p5,0.8910703719094597,0.0239093748398398,0.878494110408403,0.0294025815355113,0.9156476365868632,0.0181808990097959,84.43311508744955,16.88662301748991,0.0230139126069843,paper_main_random_cv,10,cv_results_summary_p5.csv,p5
P1_thiram_presence,Thiram Presence,1D-ResNet,p5,0.8874817140794689,0.0264784303168176,0.8713341660724773,0.0398943770548511,0.9145181092694904,0.0174921378073978,124.88321983348578,24.97664396669716,0.0406360123306512,paper_main_random_cv,10,cv_results_summary_p5.csv,p5
P1_thiram_presence,Thiram Presence,RamanNet-Lite,raw,0.872867317408945,0.0189791739467374,0.8645349458338826,0.0390654179364037,0.90122160834868,0.0163790301893929,182.9849679917097,36.59699359834194,0.0229951962828636,paper_main_random_cv,10,cv_results_summary_raw.csv,raw
P1_thiram_presence,Thiram Presence,PLS-DA,p4,0.8672334156864523,0.015028045715695,0.8492489862577445,0.0161246524035104,0.8990055248618785,0.0106287156025426,26.90077613363973,5.380155226727948,0.0889419496525079,paper_main_random_cv,10,cv_results_summary_p4.csv,p4
P1_thiram_presence,Thiram Presence,KAN-CNN,p5,0.8627821820962932,0.0281850239489403,0.8660066816362482,0.0345698608044865,0.8890546347452425,0.026921439759166,143.2104645082727,28.642092901654543,0.0372931715101003,paper_main_random_cv,10,cv_results_summary_p5.csv,p5
P1_thiram_presence,Thiram Presence,LDA,p1,0.861567442635782,0.0225557883601776,0.8798945621921698,0.0259016776894645,0.8834929404542665,0.0201422494024216,1.876696222927421,0.3753392445854843,0.0142700248397886,paper_main_random_cv,10,cv_results_summary_p1.csv,p1
P1_thiram_presence,Thiram Presence,SVM,raw,0.8397805999015432,0.0166864882613124,0.8206004192781047,0.0129786720629008,0.8790178023327193,0.0144327955862649,0.8996859027538449,0.1799371805507689,0.5325314735528082,paper_main_random_cv,10,cv_results_summary_raw.csv,raw
P1_thiram_presence,Thiram Presence,PLS-DA,raw,0.8318311931904464,0.0143968996430016,0.7994729240565868,0.0115807541449414,0.88012277470841,0.0116412947897301,25.807073566829786,5.161414713365957,0.017690700944513,paper_main_random_cv,10,cv_results_summary_raw.csv,raw
P1_thiram_presence,Thiram Presence,Spectrum-KAN,raw,0.828645846684976,0.0784029132884837,0.8563577510275984,0.0855011774918511,0.8523818293431553,0.0773494596812922,256.9616562789306,51.39233125578612,0.0382555550895631,paper_main_random_cv,10,cv_results_summary_raw.csv,raw
P1_thiram_presence,Thiram Presence,LDA,p5,0.8126898155857161,0.047725804328057,0.8310660733759153,0.0502669048302616,0.8413259668508287,0.0414582542801455,1.8642090894281864,0.3728418178856373,0.0141655807383358,paper_main_random_cv,10,cv_results_summary_p5.csv,p5
P1_thiram_presence,Thiram Presence,1D-ResNet,p4,0.7882113527156613,0.0348980863880845,0.7832525839754575,0.0427786711982329,0.8346347452424802,0.0219448694057625,86.71593936765566,17.343187873531132,0.0390510619617998,paper_main_random_cv,10,cv_results_summary_p4.csv,p4
P1_thiram_presence,Thiram Presence,LDA,p2,0.7571907676531883,0.026540885500309,0.781921457257301,0.0273561823096896,0.78914671577655,0.0254870340458125,1.805601319298148,0.3611202638596296,0.0121289128437638,paper_main_random_cv,10,cv_results_summary_p2.csv,p2
P1_thiram_presence,Thiram Presence,SVM,p4,0.7445545885107562,0.0198600177502812,0.8288116315595527,0.0141300731416268,0.7547329650092081,0.0195236084020905,0.8783431716728956,0.1756686343345791,0.4161544360686093,paper_main_random_cv,10,cv_results_summary_p4.csv,p4
P1_thiram_presence,Thiram Presence,LDA,p4,0.743184861476569,0.0473801832621688,0.7685140025255551,0.0580705399427155,0.7769060773480663,0.0396117606300197,2.016087463591248,0.4032174927182496,0.0139084714464843,paper_main_random_cv,10,cv_results_summary_p4.csv,p4
P1_thiram_presence,Thiram Presence,LDA,raw,0.7204377526888587,0.0208835410156069,0.7449148452760435,0.0261458238693837,0.7558317986494781,0.0187478828991921,1.9385610208846629,0.3877122041769326,0.0130822323262691,paper_main_random_cv,10,cv_results_summary_raw.csv,raw
P1_thiram_presence,Thiram Presence,1D-CNN,raw,0.6962637780509912,0.0906928273249363,0.7395006238990017,0.0377435270242305,0.7280356046654389,0.1140341788158947,87.74883144069463,17.549766288138926,0.1300283491145819,paper_main_random_cv,10,cv_results_summary_raw.csv,raw
P1_thiram_presence,Thiram Presence,1D-ResNet,raw,0.6941536952692695,0.1323486975344814,0.7616588201193573,0.0955138775137916,0.7070902394106814,0.1424153657855099,123.82047158433124,24.76409431686625,0.1646641450934112,paper_main_random_cv,10,cv_results_summary_raw.csv,raw
P1_thiram_presence,Thiram Presence,KAN-CNN,p4,0.6940539834221157,0.0307096527652935,0.770299356178173,0.0290669303747306,0.7059361571516268,0.0319055465895912,136.80661368742585,27.36132273748517,0.0374566190876066,paper_main_random_cv,10,cv_results_summary_p4.csv,p4
P1_thiram_presence,Thiram Presence,LDA,p3,0.6762539288314805,0.0402064773736807,0.7032998220427338,0.0393843429051548,0.7114426028238183,0.0397598730315719,1.850242830812931,0.3700485661625862,0.0142310583032667,paper_main_random_cv,10,cv_results_summary_p3.csv,p3
P1_thiram_presence,Thiram Presence,KAN-CNN,raw,0.6756704715435761,0.1319304082860802,0.7692038318483588,0.0892593292894708,0.68268262737876,0.1404958694427379,130.6877141795121,26.137542835902423,0.100032833404839,paper_main_random_cv,10,cv_results_summary_raw.csv,raw
P1_thiram_presence,Thiram Presence,1D-CNN,p4,0.6551102669182338,0.0731001426352748,0.7443639357166825,0.0482985827439663,0.6637630448127686,0.0817464149662796,87.21408742852509,17.442817485705017,0.0221375953406095,paper_main_random_cv,10,cv_results_summary_p4.csv,p4
P1_thiram_presence,Thiram Presence,KAN-CNN,p3,0.5544178630890038,0.2092654555989419,0.6174094428948914,0.1829111127655521,0.7403253529772866,0.1027116023643329,112.861014877446,22.5722029754892,0.0365221095271408,paper_main_random_cv,10,cv_results_summary_p3.csv,p3
P1_thiram_presence,Thiram Presence,1D-CNN,p3,0.5183815321925919,0.2222152999825959,0.5821538461538461,0.1837015846130596,0.7636402701043585,0.0950622217614899,72.44414363615215,14.48882872723043,0.0224114693701267,paper_main_random_cv,10,cv_results_summary_p3.csv,p3
P2_mg_presence,MG Presence,RF,p1,0.9848975631639068,0.008996667132902,0.98664258107089,0.0094448057650684,0.9877900552486188,0.0072459639503374,3.793864412698895,0.7587728825397789,0.5652931539807469,paper_main_random_cv,10,cv_results_summary_p1.csv,p1
P2_mg_presence,MG Presence,XGBoost,p3,0.9795606727011806,0.0096186016927475,0.983592854449472,0.0094290447312436,0.9833578882750154,0.0078352006311797,27.59978727577254,5.5199574551545085,0.0173304008785635,paper_main_random_cv,10,cv_results_summary_p3.csv,p3
P2_mg_presence,MG Presence,ExtraTrees,p1,0.9783682545457784,0.012063806281878,0.9851947115384616,0.0094436603708559,0.9822406384284836,0.0099407386048791,6.527571598766372,1.3055143197532744,1.1007145759649577,paper_main_random_cv,10,cv_results_summary_p1.csv,p1
P2_mg_presence,MG Presence,ExtraTrees,p4,0.9782919978856036,0.0087785847966634,0.9839759615384616,0.0063832775619921,0.9822467771639042,0.007224909538736,6.450348870828748,1.2900697741657496,1.111000915756449,paper_main_random_cv,10,cv_results_summary_p4.csv,p4
P2_mg_presence,MG Presence,SVM,p2,0.9782780081940088,0.0119051339663371,0.9827844079939668,0.0104870976056955,0.9822590546347452,0.0098660956631136,0.414212582167238,0.0828425164334476,0.1749086847994476,paper_main_random_cv,10,cv_results_summary_p2.csv,p2
P2_mg_presence,MG Presence,XGBoost,p1,0.9769008062702706,0.0114150923451537,0.9820031579939668,0.0109127607320891,0.9811356660527932,0.0092853725449336,29.525244212010875,5.905048842402175,0.020975834922865,paper_main_random_cv,10,cv_results_summary_p1.csv,p1
P2_mg_presence,MG Presence,RF,p3,0.9768342103779192,0.0113348506569329,0.9807844079939668,0.0091375060241958,0.9811295273173728,0.0093018149372417,3.510770450811833,0.7021540901623666,0.59352619596757,paper_main_random_cv,10,cv_results_summary_p3.csv,p3
P2_mg_presence,MG Presence,ExtraTrees,p3,0.975544165681988,0.0175667448587366,0.9800664121417798,0.0147847142725057,0.9800306936771026,0.0144666662441535,6.4067730931565166,1.2813546186313034,1.1463200841099024,paper_main_random_cv,10,cv_results_summary_p3.csv,p3
P2_mg_presence,MG Presence,SVM,p3,0.9744987683246232,0.0126218673182957,0.984157004147813,0.0099054346338952,0.9789318600368324,0.0105970248024851,0.4350933169480413,0.0870186633896082,0.1982986028306186,paper_main_random_cv,10,cv_results_summary_p3.csv,p3
P2_mg_presence,MG Presence,ExtraTrees,p2,0.9742999010914916,0.0129099703506904,0.98165625,0.0098112282111224,0.9789011663597298,0.0107007112528407,6.310707526979968,1.2621415053959937,1.1398599799722433,paper_main_random_cv,10,cv_results_summary_p2.csv,p2
P2_mg_presence,MG Presence,SVM,p5,0.9739444908447886,0.0033312029512793,0.9756305618401206,0.0089119519270973,0.9789134438305708,0.0024713652220258,0.4549952100496739,0.0909990420099347,0.2110201341565698,paper_main_random_cv,10,cv_results_summary_p5.csv,p5
P2_mg_presence,MG Presence,SVM,p1,0.970399993505556,0.007694215982824,0.9806065233785825,0.0074553453398731,0.975586249232658,0.0063144585402608,0.4335160939954221,0.0867032187990844,0.2236121469177305,paper_main_random_cv,10,cv_results_summary_p1.csv,p1
P2_mg_presence,MG Presence,XGBoost,p4,0.97009051096413,0.0129695884694026,0.9734134615384616,0.0135897908350654,0.975586249232658,0.0108181736205254,28.29326867428608,5.658653734857216,0.0237696189433336,paper_main_random_cv,10,cv_results_summary_p4.csv,p4
P2_mg_presence,MG Presence,RF,p2,0.9698761926787552,0.0124155229655316,0.9709654506033182,0.0112526538853855,0.9755801104972376,0.0100990733693906,3.5345108897890896,0.706902177957818,0.5715076259803027,paper_main_random_cv,10,cv_results_summary_p2.csv,p2
P2_mg_presence,MG Presence,KNN,p3,0.9672824173221832,0.0250813753557854,0.9705399698340876,0.0219926658714573,0.9733701657458564,0.0205482947166875,0.0786281460896134,0.0157256292179226,0.0805030190385878,paper_main_random_cv,10,cv_results_summary_p3.csv,p3
P2_mg_presence,MG Presence,RF,p4,0.9670427325622536,0.0122730728393449,0.9671690233785822,0.0156191026298868,0.9733640270104358,0.0099340264945117,3.538244092836976,0.7076488185673953,0.572635947028175,paper_main_random_cv,10,cv_results_summary_p4.csv,p4
P2_mg_presence,MG Presence,ExtraTrees,p5,0.9644086656677788,0.0152026601797733,0.9677603695324284,0.0182911661086747,0.971123388581952,0.0120668201050328,6.29384719626978,1.258769439253956,1.1315289188642057,paper_main_random_cv,10,cv_results_summary_p5.csv,p5
P2_mg_presence,MG Presence,KNN,p1,0.9616983377766,0.0235656439711238,0.9650287047511312,0.0231947591901611,0.9689318600368324,0.0190622982182913,0.0715561441611498,0.0143112288322299,0.0682641328312456,paper_main_random_cv,10,cv_results_summary_p1.csv,p1
P2_mg_presence,MG Presence,KNN,p4,0.9602371446155746,0.0138098001679891,0.9630921003016591,0.0173191073530074,0.9678084714548802,0.010702489534214,0.0764509837608784,0.0152901967521756,0.0919026280753314,paper_main_random_cv,10,cv_results_summary_p4.csv,p4
P2_mg_presence,MG Presence,XGBoost,p5,0.9582957506875271,0.0144664527036765,0.9678388009049774,0.0161116276752791,0.9656046654389197,0.0119935832933356,31.716197682078928,6.343239536415785,0.0173407320398837,paper_main_random_cv,10,cv_results_summary_p5.csv,p5
P2_mg_presence,MG Presence,RF,p5,0.955806741820592,0.0037230866795971,0.9536320701357466,0.0063827427829715,0.9644812768569676,0.0030774448664984,3.520727472146973,0.7041454944293946,0.587962367804721,paper_main_random_cv,10,cv_results_summary_p5.csv,p5
P2_mg_presence,MG Presence,XGBoost,p2,0.9554318263834102,0.0206182208653317,0.9636065233785824,0.0203499456413772,0.9633701657458562,0.0169514234488175,29.881196471164003,5.9762392942328,0.0163906388916075,paper_main_random_cv,10,cv_results_summary_p2.csv,p2
P2_mg_presence,MG Presence,RamanNet-Lite,p1,0.946523791999379,0.0186885722434333,0.9469909973604826,0.0162606824919191,0.956734192756292,0.0153191370616181,232.7614008113742,46.55228016227484,0.1083856523036956,paper_main_random_cv,10,cv_results_summary_p1.csv,p1
P2_mg_presence,MG Presence,HistGradientBoosting,p3,0.944722299905243,0.0263209664583006,0.9427738970588236,0.0281103816883095,0.955586249232658,0.0211852419839662,97.60712281498128,19.52142456299625,0.0296686918009072,paper_main_random_cv,10,cv_results_summary_p3.csv,p3
P2_mg_presence,MG Presence,PLS-DA,p1,0.9414776640228008,0.0202788177348342,0.9474436745852188,0.024526878267691,0.9522836095764272,0.0159686580069842,25.61173972114921,5.122347944229841,0.0854188748635351,paper_main_random_cv,10,cv_results_summary_p1.csv,p1
P2_mg_presence,MG Presence,XGBoost,raw,0.9414652565334388,0.0127234102521375,0.9462778092006032,0.0168734909904902,0.9522836095764272,0.0100337954379039,32.26852463069372,6.453704926138744,0.0230830879881978,paper_main_random_cv,10,cv_results_summary_raw.csv,raw
P2_mg_presence,MG Presence,HistGradientBoosting,p4,0.9397878546362912,0.0290278111533318,0.9408403092006032,0.0298770884338975,0.951197053406998,0.0238954071031742,106.19930779421702,21.239861558843405,0.0251105441711843,paper_main_random_cv,10,cv_results_summary_p4.csv,p4
P2_mg_presence,MG Presence,HistGradientBoosting,p1,0.9379744322532132,0.0261344303829374,0.9319684671945702,0.0354669400430389,0.9511786372007366,0.0193520725390703,21.72216081107036,4.344432162214071,0.0234168460592627,paper_main_random_cv,10,cv_results_summary_p1.csv,p1
P2_mg_presence,MG Presence,HistGradientBoosting,raw,0.936276230764537,0.0179358522571099,0.9419340592006034,0.0206305282548298,0.9478514426028236,0.0149223207251866,23.895595982205123,4.779119196441025,0.025463632075116,paper_main_random_cv,10,cv_results_summary_raw.csv,raw
P2_mg_presence,MG Presence,HistGradientBoosting,p2,0.9348777491845052,0.0108936331012426,0.9411601621417798,0.012738515829852,0.9467157765500308,0.0084906444964814,83.05745765916072,16.611491531832144,0.0278724187519401,paper_main_random_cv,10,cv_results_summary_p2.csv,p2
P2_mg_presence,MG Presence,ExtraTrees,raw,0.9335650438311582,0.0278606157978617,0.9329234068627452,0.0364193066433847,0.9467526089625536,0.0216103476006341,6.232754211174324,1.2465508422348648,1.124988405033946,paper_main_random_cv,10,cv_results_summary_raw.csv,raw
P2_mg_presence,MG Presence,PLS-DA,p2,0.932295411996,0.0171833136553708,0.9361481429110106,0.0123684148885231,0.944524248004911,0.0156083399160659,26.185842152219266,5.2371684304438535,0.0141587888356298,paper_main_random_cv,10,cv_results_summary_p2.csv,p2
P2_mg_presence,MG Presence,RF,raw,0.9322342287865546,0.0294521336580618,0.9296806184012066,0.0338920394406986,0.9456537753222836,0.0235227298039275,3.594500011298805,0.7189000022597611,0.5527700674720109,paper_main_random_cv,10,cv_results_summary_raw.csv,raw
P2_mg_presence,MG Presence,KNN,p2,0.9306936536541276,0.0195622252421643,0.9365085784313726,0.0224486804902522,0.9433947206875384,0.0154221815399859,0.0733539161738008,0.0146707832347601,0.0755664289463311,paper_main_random_cv,10,cv_results_summary_p2.csv,p2
P2_mg_presence,MG Presence,Spectrum-KAN,p1,0.9285319533710532,0.0199991410105733,0.9273138668929112,0.0159241937122243,0.9423081645181092,0.0168159701662972,171.5734983670991,34.31469967341982,0.0461578115355223,paper_main_random_cv,10,cv_results_summary_p1.csv,p1
P2_mg_presence,MG Presence,RamanNet-Lite,p3,0.9269075556668172,0.0601950192830797,0.9439654506033184,0.0375768516328321,0.9367280540208718,0.0564755176158039,410.1047926694155,82.02095853388309,0.1919721812009811,paper_main_random_cv,10,cv_results_summary_p3.csv,p3
P2_mg_presence,MG Presence,PLS-DA,p3,0.9253116917159312,0.0186246884001939,0.9297890742835596,0.016227309858819,0.9389686924493552,0.0156438057300553,26.05782043095678,5.211564086191356,0.0125385399442166,paper_main_random_cv,10,cv_results_summary_p3.csv,p3
P2_mg_presence,MG Presence,RamanNet-Lite,p2,0.9251294171117193,0.0188374146706967,0.9286984822775264,0.0161806368752916,0.938974831184776,0.0156003071009109,290.88529136776924,58.17705827355385,0.1830636635422706,paper_main_random_cv,10,cv_results_summary_p2.csv,p2
P2_mg_presence,MG Presence,Spectrum-KAN,p2,0.9238742055873932,0.0203014517997501,0.9266398944193062,0.0150780143912005,0.9378575813382444,0.0176876106030313,117.4626620206982,23.49253240413964,0.0395662868395447,paper_main_random_cv,10,cv_results_summary_p2.csv,p2
P2_mg_presence,MG Presence,1D-ResNet,p1,0.9172292364362502,0.0129698015795191,0.9086397530165912,0.0124866138006141,0.9345242480049112,0.010625408912809,155.64722267491743,31.129444534983485,0.0422145328484475,paper_main_random_cv,10,cv_results_summary_p1.csv,p1
P2_mg_presence,MG Presence,1D-ResNet,raw,0.9156779265548718,0.0381643395150952,0.924014281674208,0.0480305906561995,0.9311663597298956,0.029598665759229,190.3270398769528,38.06540797539056,0.0469499416649341,paper_main_random_cv,10,cv_results_summary_raw.csv,raw
P2_mg_presence,MG Presence,KNN,raw,0.915393159183706,0.0190800122939511,0.9055387914781298,0.0234333186141392,0.9334069981583794,0.0152154071261247,0.0729323737323284,0.0145864747464656,0.0816831111442297,paper_main_random_cv,10,cv_results_summary_raw.csv,raw
P2_mg_presence,MG Presence,Spectrum-KAN,p5,0.913477498466058,0.0118638243083709,0.9142808257918552,0.0187482310922959,0.930085942295887,0.0092079087354147,100.29984252573922,20.059968505147843,0.036578397732228,paper_main_random_cv,10,cv_results_summary_p5.csv,p5
P2_mg_presence,MG Presence,KAN-CNN,p1,0.9132842482376088,0.0152232356791526,0.8999835030165911,0.0145974843877117,0.9323081645181092,0.0119561741953267,186.7873261896893,37.357465237937866,0.0382089759223163,paper_main_random_cv,10,cv_results_summary_p1.csv,p1
P2_mg_presence,MG Presence,1D-CNN,p1,0.911017432259458,0.0317178643336322,0.8978914027149323,0.0378947808295453,0.9311786372007368,0.0224593460705172,154.85007916786708,30.970015833573417,0.0381450864952057,paper_main_random_cv,10,cv_results_summary_p1.csv,p1
P2_mg_presence,MG Presence,KAN-CNN,p2,0.9067591231300932,0.018825339228536,0.8986878299396682,0.0332297967810207,0.9267710251688152,0.0136346862208336,165.6071109683253,33.121422193665055,0.043300163000822,paper_main_random_cv,10,cv_results_summary_p2.csv,p2
P2_mg_presence,MG Presence,HistGradientBoosting,p5,0.9014391183501668,0.0137999014347685,0.9022944947209652,0.0096804061341617,0.9200920810313076,0.0121417956168854,77.6775191500783,15.53550383001566,0.0234480833169072,paper_main_random_cv,10,cv_results_summary_p5.csv,p5
P2_mg_presence,MG Presence,1D-ResNet,p2,0.8993240530023454,0.0223354221931492,0.8819321266968327,0.0373284505223907,0.9234131368937998,0.0132982884310217,135.98705117963254,27.197410235926508,0.0405582119710743,paper_main_random_cv,10,cv_results_summary_p2.csv,p2
P2_mg_presence,MG Presence,Spectrum-KAN,p4,0.8968889795251727,0.0155972741227172,0.914407758295626,0.0231997363285414,0.9134438305709024,0.0126474524651737,228.42791174119336,45.68558234823868,0.0377896358259022,paper_main_random_cv,10,cv_results_summary_p4.csv,p4
P2_mg_presence,MG Presence,1D-ResNet,p4,0.8951794004495032,0.0420847445215652,0.9000879053544495,0.0463570631145871,0.9145181092694904,0.0339814702032117,186.2362536368892,37.24725072737783,0.0415580701082944,paper_main_random_cv,10,cv_results_summary_p4.csv,p4
P2_mg_presence,MG Presence,RamanNet-Lite,p4,0.891565191046573,0.0574229944287477,0.8897332202111613,0.068275910181507,0.9145794966236956,0.0433553540061612,233.27718844264743,46.65543768852949,0.1004388853907585,paper_main_random_cv,10,cv_results_summary_p4.csv,p4
P2_mg_presence,MG Presence,1D-ResNet,p3,0.8895734649154295,0.0554281804214518,0.882046898567119,0.0690726166989677,0.9156660527931246,0.0349438488918794,269.07845471287146,53.81569094257429,0.0406677518039941,paper_main_random_cv,10,cv_results_summary_p3.csv,p3
P2_mg_presence,MG Presence,RamanNet-Lite,p5,0.8895289161120999,0.0149278064909313,0.9033308352187028,0.020183759647074,0.9078759975445058,0.0122071651834935,86.27305753529072,17.254611507058144,0.0176835805177688,paper_main_random_cv,10,cv_results_summary_p5.csv,p5
P2_mg_presence,MG Presence,KNN,p5,0.8839577379944215,0.0161404644477433,0.8822552790346908,0.0181284954412585,0.9067464702271332,0.0128350116782957,0.0774632687680423,0.0154926537536084,0.0811445058789104,paper_main_random_cv,10,cv_results_summary_p5.csv,p5
P2_mg_presence,MG Presence,PLS-DA,p5,0.8819828053036034,0.0156292839498167,0.8789611142533937,0.0208292076128446,0.9056660527931246,0.0110445984293627,26.62012615101412,5.324025230202824,0.0117561393417418,paper_main_random_cv,10,cv_results_summary_p5.csv,p5
P2_mg_presence,MG Presence,1D-ResNet,p5,0.8733234889773979,0.0290628780546083,0.8584028092006033,0.0437479180252648,0.9034069981583794,0.01882332134639,128.2046163068153,25.64092326136306,0.0424482924863696,paper_main_random_cv,10,cv_results_summary_p5.csv,p5
P2_mg_presence,MG Presence,1D-CNN,p2,0.8731337703216868,0.0416671158069807,0.8449668646304677,0.0502383955245289,0.9079189686924494,0.0259965569986457,120.74542804528028,24.14908560905605,0.0274789477698504,paper_main_random_cv,10,cv_results_summary_p2.csv,p2
P2_mg_presence,MG Presence,KAN-CNN,p5,0.8696387743477538,0.0260508183039983,0.8608299396681749,0.0447569885503137,0.8989809699201965,0.0145232574968138,165.49339978862554,33.09867995772511,0.0396684319712221,paper_main_random_cv,10,cv_results_summary_p5.csv,p5
P2_mg_presence,MG Presence,Spectrum-KAN,p3,0.8692111488894163,0.0364599435914063,0.8720442119155354,0.0364614068832154,0.8934499693063229,0.0338901188654301,165.32271610666066,33.06454322133213,0.0386799885891377,paper_main_random_cv,10,cv_results_summary_p3.csv,p3
P2_mg_presence,MG Presence,1D-CNN,raw,0.847687123202266,0.0253672105023796,0.848928214555053,0.0280880239914705,0.8767894413750768,0.0195030773839747,133.9904575017281,26.798091500345617,0.0255489766132086,paper_main_random_cv,10,cv_results_summary_raw.csv,raw
P2_mg_presence,MG Presence,1D-CNN,p5,0.8363427751574475,0.0429221453086538,0.8108930524132729,0.0565158363659292,0.8823204419889503,0.0244894768834436,98.5355711877346,19.70711423754692,0.0268597761169075,paper_main_random_cv,10,cv_results_summary_p5.csv,p5
P2_mg_presence,MG Presence,KAN-CNN,raw,0.8361385892331583,0.0661408149218508,0.8432432598039217,0.0862205369652099,0.8723879680785759,0.0365174184178773,238.0660647843033,47.61321295686066,0.0439126901328563,paper_main_random_cv,10,cv_results_summary_raw.csv,raw
P2_mg_presence,MG Presence,RamanNet-Lite,raw,0.8343918371044392,0.0100281516705055,0.7985158371040725,0.0111891678658032,0.8834683855125844,0.0053925567474664,264.5227398201823,52.90454796403647,0.0459570959210395,paper_main_random_cv,10,cv_results_summary_raw.csv,raw
P2_mg_presence,MG Presence,KAN-CNN,p4,0.8343147318275458,0.0535875360331966,0.8761472473604826,0.0411908655639725,0.8511970534069981,0.0515788453648013,286.87828245945275,57.37565649189055,0.0413879593834281,paper_main_random_cv,10,cv_results_summary_p4.csv,p4
P2_mg_presence,MG Presence,Spectrum-KAN,raw,0.8292566992601582,0.0139887394644457,0.7954510746606335,0.0146197303653478,0.8790116635972989,0.0092993585364104,317.8931904199999,63.57863808399998,0.0394018350634723,paper_main_random_cv,10,cv_results_summary_raw.csv,raw
P2_mg_presence,MG Presence,1D-CNN,p4,0.8084087744562811,0.0389341764635966,0.8223230580693816,0.0387040795095663,0.8391160220994476,0.0383657986275302,106.3296343809925,21.2659268761985,0.0256564854644238,paper_main_random_cv,10,cv_results_summary_p4.csv,p4
P2_mg_presence,MG Presence,LDA,p1,0.8034509964120973,0.024186924377851,0.8248362556561085,0.0207522358605593,0.8313259668508287,0.0231492253976644,1.8136407202109688,0.3627281440421939,0.0128881889395415,paper_main_random_cv,10,cv_results_summary_p1.csv,p1
P2_mg_presence,MG Presence,PLS-DA,p4,0.7852624609803492,0.0215682467647728,0.7516623303167421,0.0178486212407983,0.8523756906077349,0.0161152415681514,24.64325749897398,4.928651499794796,0.0110967911314219,paper_main_random_cv,10,cv_results_summary_p4.csv,p4
P2_mg_presence,MG Presence,LDA,p5,0.7799135122972671,0.0243936899411049,0.7999812405731523,0.0263921528526778,0.8113321055862492,0.021015145052253,1.823967862408608,0.3647935724817216,0.0151357105933129,paper_main_random_cv,10,cv_results_summary_p5.csv,p5
P2_mg_presence,MG Presence,KAN-CNN,p3,0.7757518971748945,0.2428706693068868,0.8096190139517345,0.1835047532763514,0.7962615101289134,0.246389871901133,298.5964385117404,59.71928770234808,0.0376230147667229,paper_main_random_cv,10,cv_results_summary_p3.csv,p3
P2_mg_presence,MG Presence,SVM,raw,0.7645607377717688,0.0142457634128815,0.7488980486425338,0.011775867870939,0.8224186617556783,0.015220854901516,0.9807156731840224,0.1961431346368044,0.4591509611345827,paper_main_random_cv,10,cv_results_summary_raw.csv,raw
P2_mg_presence,MG Presence,SVM,p4,0.7255224547748106,0.0264015905577568,0.8097034313725491,0.0239162193966331,0.7347882136279926,0.0277503400198607,0.912739011924714,0.1825478023849427,0.4184145159088075,paper_main_random_cv,10,cv_results_summary_p4.csv,p4
P2_mg_presence,MG Presence,PLS-DA,raw,0.7146083457493255,0.0329688170735975,0.6873349830316742,0.0294218647833401,0.8168876611418048,0.0181808212823007,25.17580467718653,5.035160935437307,0.0925270346924662,paper_main_random_cv,10,cv_results_summary_raw.csv,raw
P2_mg_presence,MG Presence,LDA,p2,0.7025132408967513,0.0633473151718234,0.734130608974359,0.0569347775797658,0.7315101289134438,0.0654625352000368,1.8336387127637863,0.3667277425527572,0.0124349314719438,paper_main_random_cv,10,cv_results_summary_p2.csv,p2
P2_mg_presence,MG Presence,LDA,p4,0.6678904043385729,0.0224661946386505,0.6910255938914027,0.025640037570734,0.7058624923265807,0.0218225352788361,1.877928908914328,0.3755857817828655,0.0154597689397633,paper_main_random_cv,10,cv_results_summary_p4.csv,p4
P2_mg_presence,MG Presence,1D-CNN,p3,0.6582586663803391,0.3224396993946413,0.7502868118401207,0.1900633515107515,0.6850890116635974,0.3114723420064959,143.2425287985243,28.648505759704857,0.0235703005455434,paper_main_random_cv,10,cv_results_summary_p3.csv,p3
P2_mg_presence,MG Presence,LDA,p3,0.6391572964457056,0.0434113428236586,0.6747138480392156,0.0480372807850911,0.667108655616943,0.0423626710292454,1.812897901982069,0.3625795803964138,0.0125830937176942,paper_main_random_cv,10,cv_results_summary_p3.csv,p3
P2_mg_presence,MG Presence,LDA,raw,0.6027933952885334,0.0275683358519259,0.6267396776018099,0.0334991534367015,0.6415346838551258,0.0301694755259256,2.016641872934997,0.4033283745869994,0.0141232027672231,paper_main_random_cv,10,cv_results_summary_raw.csv,raw
P3_mba_presence,MBA Presence,ExtraTrees,p4,0.9939170747759652,0.006375354078661,0.9909067418369744,0.0095099581532458,0.9955678330263966,0.0046261287745845,6.558839314151555,1.311767862830311,1.1527278830762953,paper_main_random_cv,10,cv_results_summary_p4.csv,p4
P3_mba_presence,MBA Presence,KNN,p1,0.99231731128639,0.0095908090351506,0.9885788113695092,0.0142440322373878,0.9944444444444444,0.0068041381743977,0.0753630113322287,0.0150726022664457,0.0837260149419307,paper_main_random_cv,10,cv_results_summary_p1.csv,p1
P3_mba_presence,MBA Presence,SVM,p1,0.990975622565325,0.003496540040875,0.9925216746197904,0.0054219558406635,0.9933394720687538,0.0024879871320749,0.2564544358756393,0.0512908871751278,0.1246109581552445,paper_main_random_cv,10,cv_results_summary_p1.csv,p1
P3_mba_presence,MBA Presence,SVM,p3,0.989508002097374,0.0041493324550297,0.9917917476124912,0.0050074855074053,0.9922344996930632,0.0030261693084991,0.2510474352166056,0.0502094870433211,0.1023700649384409,paper_main_random_cv,10,cv_results_summary_p3.csv,p3
P3_mba_presence,MBA Presence,SVM,p2,0.9879862554506644,0.0086794086453913,0.990947647698624,0.0104360749135982,0.991123388581952,0.0063289811423511,0.2853101568762213,0.0570620313752442,0.121298779034987,paper_main_random_cv,10,cv_results_summary_p2.csv,p2
P3_mba_presence,MBA Presence,SVM,p5,0.9876913520310364,0.0119813821566288,0.9847320571756152,0.0184371360670216,0.9911172498465316,0.0084284636126553,0.3607307323254645,0.0721461464650929,0.1544434200040996,paper_main_random_cv,10,cv_results_summary_p5.csv,p5
P3_mba_presence,MBA Presence,ExtraTrees,p1,0.9876476848308308,0.0120277802643692,0.9817077754287056,0.0177041424360973,0.991123388581952,0.0084214131730428,6.42640819796361,1.285281639592722,1.105206544045359,paper_main_random_cv,10,cv_results_summary_p1.csv,p1
P3_mba_presence,MBA Presence,ExtraTrees,p3,0.9876476848308308,0.0120277802643692,0.9817077754287056,0.0177041424360973,0.991123388581952,0.0084214131730428,6.537236953154206,1.3074473906308413,1.1416813163086772,paper_main_random_cv,10,cv_results_summary_p3.csv,p3
P3_mba_presence,MBA Presence,XGBoost,p1,0.9863044704125092,0.0102038700056646,0.9841054893414424,0.0132950157212105,0.9900061387354204,0.0072482778916216,25.651485762791708,5.130297152558342,0.0255114967003464,paper_main_random_cv,10,cv_results_summary_p1.csv,p1
P3_mba_presence,MBA Presence,KNN,p3,0.9861587189543612,0.0129051562194011,0.9809778484214065,0.0180053819772547,0.9900184162062616,0.0091119752164705,0.0776902812067419,0.0155380562413483,0.0895239759702235,paper_main_random_cv,10,cv_results_summary_p3.csv,p3
P3_mba_presence,MBA Presence,RF,p4,0.9847258878787674,0.0122139457426228,0.9818435758021568,0.0161200890457398,0.9889073050951503,0.0087696299219468,3.619371409760788,0.7238742819521576,0.5800388080533594,paper_main_random_cv,10,cv_results_summary_p4.csv,p4
P3_mba_presence,MBA Presence,ExtraTrees,p2,0.9847126330241888,0.014700725944472,0.9817799079460936,0.0188721181513555,0.9889011663597298,0.0103935289983468,6.564642155310139,1.3129284310620275,1.1419440370518714,paper_main_random_cv,10,cv_results_summary_p2.csv,p2
P3_mba_presence,MBA Presence,XGBoost,p2,0.9834683588644956,0.0064500916289687,0.985722771196375,0.0092125790794477,0.9877961939840392,0.0046262305974576,25.89572386094369,5.179144772188738,0.0194070928264409,paper_main_random_cv,10,cv_results_summary_p2.csv,p2
P3_mba_presence,MBA Presence,RF,p1,0.9832518907922742,0.0086268219109993,0.9796105398464932,0.0127409159336361,0.9877900552486188,0.0060886693787853,3.661874568788335,0.732374913757667,0.542314570164308,paper_main_random_cv,10,cv_results_summary_p1.csv,p1
P3_mba_presence,MBA Presence,XGBoost,p3,0.983013842368641,0.0143321674556453,0.976419231070394,0.0213879465122819,0.9877900552486188,0.0099398334928652,25.037253709044307,5.007450741808862,0.0170740061439573,paper_main_random_cv,10,cv_results_summary_p3.csv,p3
P3_mba_presence,MBA Presence,PLS-DA,p3,0.9821366783541642,0.0110330572622938,0.9849928441890756,0.0069479140035947,0.9866973603437692,0.008359663991202,25.57001678040251,5.114003356080502,0.0887970870826393,paper_main_random_cv,10,cv_results_summary_p3.csv,p3
P3_mba_presence,MBA Presence,KNN,p2,0.9816603766975808,0.0132135980461286,0.9787772536660672,0.0181392124795335,0.9866850828729282,0.0092880557967839,0.0738456279505044,0.0147691255901008,0.0754614677280187,paper_main_random_cv,10,cv_results_summary_p2.csv,p2
P3_mba_presence,MBA Presence,XGBoost,p4,0.9803418786515892,0.0104116194423936,0.9811244625282988,0.0149286530126416,0.9855801104972376,0.0074216651151873,24.48306395998225,4.896612791996449,0.0175383884925395,paper_main_random_cv,10,cv_results_summary_p4.csv,p4
P3_mba_presence,MBA Presence,Spectrum-KAN,p1,0.9803226995739532,0.0120273392959349,0.9811112997227408,0.0184475659294098,0.9855678330263966,0.0084315313116567,131.8525245091878,26.37050490183756,0.0444339681416749,paper_main_random_cv,10,cv_results_summary_p1.csv,p1
P3_mba_presence,MBA Presence,XGBoost,p5,0.9800403717278116,0.0181756454664846,0.9779439674856412,0.0246862612992596,0.9855801104972376,0.0127712882842731,27.036123586352915,5.407224717270583,0.0162488119676709,paper_main_random_cv,10,cv_results_summary_p5.csv,p5
P3_mba_presence,MBA Presence,RF,p3,0.9799345798461736,0.0122596930820205,0.9718714274528228,0.0187513302473075,0.9855678330263966,0.0084315313116567,3.72605633107014,0.745211266214028,0.5678662802092731,paper_main_random_cv,10,cv_results_summary_p3.csv,p3
P3_mba_presence,MBA Presence,RF,p2,0.978744675643494,0.0117375433499906,0.9773570909685322,0.0173630494061631,0.984462860650706,0.0082372188402799,3.6749269077554345,0.734985381551087,0.5795351592823863,paper_main_random_cv,10,cv_results_summary_p2.csv,p2
P3_mba_presence,MBA Presence,KNN,p4,0.9787433720482992,0.0066640457822234,0.975700117796536,0.0091548419379856,0.9844567219152852,0.0046628433702768,0.0784413150977343,0.0156882630195468,0.0882752190809696,paper_main_random_cv,10,cv_results_summary_p4.csv,p4
P3_mba_presence,MBA Presence,ExtraTrees,p5,0.9703795670358232,0.0225392306809095,0.9626038921438684,0.0304891953128969,0.9789195825659912,0.0153995931833176,6.379003256093711,1.275800651218742,1.1462124672252685,paper_main_random_cv,10,cv_results_summary_p5.csv,p5
P3_mba_presence,MBA Presence,Spectrum-KAN,p5,0.9700894211908102,0.0151217242978549,0.974373715083272,0.0185276005545555,0.9777839165131984,0.0111226237545976,106.27868348220365,21.255736696440728,0.0367354173213243,paper_main_random_cv,10,cv_results_summary_p5.csv,p5
P3_mba_presence,MBA Presence,HistGradientBoosting,p3,0.9648535454655116,0.0172653030659791,0.9581486339659826,0.0188795529187941,0.9744689993861264,0.012797964140964,64.3479749772232,12.86959499544464,0.0255398307926952,paper_main_random_cv,10,cv_results_summary_p3.csv,p3
P3_mba_presence,MBA Presence,PLS-DA,p2,0.964807534080746,0.0138298513346144,0.9761796514342772,0.0120948709879946,0.9733763044812768,0.0106251473478583,25.37214316916652,5.074428633833304,0.0121189670171588,paper_main_random_cv,10,cv_results_summary_p2.csv,p2
P3_mba_presence,MBA Presence,PLS-DA,p1,0.9633837500198634,0.0118091704265642,0.9739153888228748,0.0054259646010806,0.972271332105586,0.0095162180699921,26.46840316709131,5.293680633418262,0.0201878298539668,paper_main_random_cv,10,cv_results_summary_p1.csv,p1
P3_mba_presence,MBA Presence,HistGradientBoosting,p4,0.9625321336265064,0.0130948793815139,0.9645613436463888,0.0137261783648747,0.9722529158993248,0.0096227492486119,70.54726043972187,14.109452087944373,0.0235514678061008,paper_main_random_cv,10,cv_results_summary_p4.csv,p4
P3_mba_presence,MBA Presence,PLS-DA,p5,0.9616560096218608,0.0148922360825899,0.966990284214864,0.0082037851623949,0.9711540822590546,0.0119998617614641,27.716735529946163,5.543347105989232,0.0107888693455606,paper_main_random_cv,10,cv_results_summary_p5.csv,p5
P3_mba_presence,MBA Presence,HistGradientBoosting,p1,0.9584501328750402,0.0177222832648273,0.9479561043582432,0.0182409271489934,0.9700429711479436,0.0127528257697112,19.293277117190883,3.8586554234381767,0.0196953250560909,paper_main_random_cv,10,cv_results_summary_p1.csv,p1
P3_mba_presence,MBA Presence,RF,p5,0.9563146248200916,0.0189890260002025,0.9439338584738348,0.0266969125199865,0.9689379987722528,0.0127261663396588,3.605121083790437,0.7210242167580873,0.5775265281554312,paper_main_random_cv,10,cv_results_summary_p5.csv,p5
P3_mba_presence,MBA Presence,KNN,p5,0.9546288318936238,0.0126357559673402,0.9372852556573488,0.0164404371259896,0.9678146101903008,0.00912347544576,0.0763229371514171,0.0152645874302834,0.0787161181215196,paper_main_random_cv,10,cv_results_summary_p5.csv,p5
P3_mba_presence,MBA Presence,1D-ResNet,p2,0.95357781771191,0.019484631156868,0.9438100863784108,0.0231109813830705,0.9667219152854511,0.0135239942861524,198.6191503303125,39.72383006606251,0.0446812463924288,paper_main_random_cv,10,cv_results_summary_p2.csv,p2
P3_mba_presence,MBA Presence,HistGradientBoosting,p2,0.95299342414106,0.0130654543229915,0.947872023579883,0.0098152689308529,0.9655923879680788,0.0099435671410633,55.7880727709271,11.15761455418542,0.0179927360732108,paper_main_random_cv,10,cv_results_summary_p2.csv,p2
P3_mba_presence,MBA Presence,RamanNet-Lite,p1,0.952754231642559,0.0166088310808213,0.9741761758363354,0.0105336848074201,0.9633824432166972,0.0133442680647342,139.56219105422497,27.912438210844996,0.0305501967668533,paper_main_random_cv,10,cv_results_summary_p1.csv,p1
P3_mba_presence,MBA Presence,XGBoost,raw,0.9524062576383392,0.0202901134761556,0.9461464815072012,0.0256904839402573,0.9656169429097604,0.0142677635722797,32.495212360983714,6.499042472196743,0.0283781790640205,paper_main_random_cv,10,cv_results_summary_raw.csv,raw
P3_mba_presence,MBA Presence,Spectrum-KAN,p2,0.9523003244322532,0.052603897742172,0.9629652691688,0.0277395897342808,0.9622467771639044,0.0443509561547504,95.80074846372008,19.160149692744017,0.0460266838781535,paper_main_random_cv,10,cv_results_summary_p2.csv,p2
P3_mba_presence,MBA Presence,RamanNet-Lite,p5,0.9508105266777732,0.0146263491588087,0.967177804183406,0.0118840292592456,0.9622774708410068,0.0119745078480834,128.65739645808935,25.73147929161787,0.10601207613945,paper_main_random_cv,10,cv_results_summary_p5.csv,p5
P3_mba_presence,MBA Presence,ExtraTrees,raw,0.9493786900773756,0.0156076520059005,0.9403131010209606,0.016519100861754,0.9633947206875384,0.0113945620423556,6.355651813792065,1.271130362758413,1.1579441570211202,paper_main_random_cv,10,cv_results_summary_raw.csv,raw
P3_mba_presence,MBA Presence,1D-ResNet,p4,0.948480862411238,0.0155688498481938,0.9412666756971628,0.0115102842838616,0.9622774708410068,0.0126024179017061,240.6533309854567,48.130666197091344,0.042198113631457,paper_main_random_cv,10,cv_results_summary_p4.csv,p4
P3_mba_presence,MBA Presence,RF,raw,0.946959404423955,0.0169536514388521,0.931844061619991,0.0186680611335017,0.9622836095764272,0.011931145945708,3.622735780896619,0.7245471561793237,0.5664968451019377,paper_main_random_cv,10,cv_results_summary_raw.csv,raw
P3_mba_presence,MBA Presence,HistGradientBoosting,p5,0.9385558632005704,0.0272195802697341,0.9379426300577208,0.0261395945015205,0.95451197053407,0.0204996656177653,68.85210668412037,13.770421336824077,0.0191628753673285,paper_main_random_cv,10,cv_results_summary_p5.csv,p5
P3_mba_presence,MBA Presence,HistGradientBoosting,raw,0.9373165991383686,0.0235958969234119,0.9312692133809092,0.0256589730590422,0.9545058317986496,0.0168057958890706,28.13331083790399,5.626662167580799,0.0228315079584717,paper_main_random_cv,10,cv_results_summary_raw.csv,raw
P3_mba_presence,MBA Presence,KAN-CNN,p2,0.9344904946332798,0.0259482810864618,0.9281439215329896,0.02380551744637,0.9522958870472682,0.0189933158415838,207.1208347156644,41.42416694313288,0.0374107067473232,paper_main_random_cv,10,cv_results_summary_p2.csv,p2
P3_mba_presence,MBA Presence,1D-CNN,p1,0.9328395988802584,0.0178313877711539,0.9188403814070084,0.0233667350856763,0.9522836095764272,0.0121232564596315,132.19081560429186,26.43816312085837,0.0295528436545282,paper_main_random_cv,10,cv_results_summary_p1.csv,p1
P3_mba_presence,MBA Presence,KNN,raw,0.9328238956408674,0.0165416297845444,0.9174923512268616,0.0197343101761559,0.9522958870472684,0.0120289926403713,0.0760861062444746,0.0152172212488949,0.0673477875534445,paper_main_random_cv,10,cv_results_summary_raw.csv,raw
P3_mba_presence,MBA Presence,RamanNet-Lite,p2,0.9325906478067818,0.0139038181201285,0.9429091486356806,0.0104443147339755,0.9489564149785144,0.0113121296073238,144.54246377199888,28.908492754399777,0.2047590017318725,paper_main_random_cv,10,cv_results_summary_p2.csv,p2
P3_mba_presence,MBA Presence,1D-ResNet,p1,0.9294295816354172,0.0300120196427097,0.9157668091541796,0.0341771885324139,0.9500675260896256,0.0203669767225954,129.99647366907448,25.999294733814896,0.0461574341170489,paper_main_random_cv,10,cv_results_summary_p1.csv,p1
P3_mba_presence,MBA Presence,RamanNet-Lite,p4,0.9235077232075536,0.0308529825002036,0.9141107533205648,0.0224496882845067,0.944487415592388,0.0236083725116955,142.78779964148998,28.557559928298,0.1958364471793174,paper_main_random_cv,10,cv_results_summary_p4.csv,p4
P3_mba_presence,MBA Presence,1D-ResNet,p5,0.9230513732196832,0.0372351510439765,0.9061514768576387,0.0528957469210039,0.9467648864333948,0.0232529633752534,155.65298563987017,31.130597127974035,0.0406087809242308,paper_main_random_cv,10,cv_results_summary_p5.csv,p5
P3_mba_presence,MBA Presence,Spectrum-KAN,p4,0.9202979655724638,0.0298792584240878,0.9140337197585544,0.0313545879605679,0.9423081645181092,0.020906884997247,109.32704311376438,21.86540862275288,0.0367626086808741,paper_main_random_cv,10,cv_results_summary_p4.csv,p4
P3_mba_presence,MBA Presence,1D-CNN,p2,0.9169318531191296,0.0329205243740594,0.8933824609473906,0.0465293267428312,0.9433824432166974,0.0198365306269683,115.669494245667,23.1338988491334,0.0288865948095917,paper_main_random_cv,10,cv_results_summary_p2.csv,p2
P3_mba_presence,MBA Presence,1D-ResNet,raw,0.9135256280307068,0.0370427948515933,0.9002977634661559,0.0277659588541229,0.9378944137507672,0.0279399773184169,219.5609074840322,43.91218149680644,0.0410564900375902,paper_main_random_cv,10,cv_results_summary_raw.csv,raw
P3_mba_presence,MBA Presence,KAN-CNN,p5,0.9040923623570384,0.023532818716093,0.8874887733213994,0.0266600837187354,0.9323020257826886,0.0172779585849513,178.7114155194722,35.742283103894444,0.0392855685204267,paper_main_random_cv,10,cv_results_summary_p5.csv,p5
P3_mba_presence,MBA Presence,Spectrum-KAN,p3,0.9013990862832302,0.030169077832413,0.9338467770559096,0.0193260996128626,0.9212216083486802,0.0260655795011977,158.47595417080447,31.695190834160893,0.0393664850853383,paper_main_random_cv,10,cv_results_summary_p3.csv,p3
P3_mba_presence,MBA Presence,RamanNet-Lite,p3,0.9011440758469684,0.0659478736107086,0.928918020812436,0.0366987228036808,0.9189134438305708,0.0618433965927466,177.09411415457726,35.41882283091545,0.1141693517565727,paper_main_random_cv,10,cv_results_summary_p3.csv,p3
P3_mba_presence,MBA Presence,KAN-CNN,p3,0.8960060280196596,0.0458035612928763,0.9005308874405802,0.0422026230044055,0.9223020257826888,0.0347108618378927,328.43033795943484,65.68606759188697,0.0393068059347569,paper_main_random_cv,10,cv_results_summary_p3.csv,p3
P3_mba_presence,MBA Presence,PLS-DA,p4,0.8813608549453121,0.0230296275989946,0.8514408985458044,0.0233571439353048,0.920073664825046,0.0140330706242394,26.666211287491024,5.333242257498204,0.0119707272388041,paper_main_random_cv,10,cv_results_summary_p4.csv,p4
P3_mba_presence,MBA Presence,KAN-CNN,p1,0.8780550349478814,0.0258003631793216,0.8413265370276065,0.0318066696398379,0.9200675260896256,0.0156189715287126,175.8995722644031,35.179914452880624,0.0380145348608493,paper_main_random_cv,10,cv_results_summary_p1.csv,p1
P3_mba_presence,MBA Presence,1D-CNN,p3,0.8643286795243614,0.0306954051988716,0.8347978169061177,0.0433980583162718,0.91012277470841,0.0157061138293664,144.01298537338153,28.802597074676303,0.0236887140199542,paper_main_random_cv,10,cv_results_summary_p3.csv,p3
P3_mba_presence,MBA Presence,1D-CNN,p5,0.8589784619771648,0.0678127587958406,0.8268005637773079,0.080770102786253,0.9112707182320442,0.0332340627422627,96.29820780502632,19.259641561005264,0.0238689216785132,paper_main_random_cv,10,cv_results_summary_p5.csv,p5
P3_mba_presence,MBA Presence,1D-CNN,p4,0.8500519880602353,0.0753843125420331,0.8688622346362967,0.0765720458410445,0.8845549416820134,0.0608177820003027,141.8753255265765,28.375065105315297,0.0247169598005712,paper_main_random_cv,10,cv_results_summary_p4.csv,p4
P3_mba_presence,MBA Presence,LDA,p5,0.8439473141034801,0.0164235351940233,0.8784128188465313,0.0236123332803263,0.8745794966236955,0.0134249385831633,1.8592968545854087,0.3718593709170818,0.0131353256292641,paper_main_random_cv,10,cv_results_summary_p5.csv,p5
P3_mba_presence,MBA Presence,LDA,p1,0.8397875993633624,0.0143036745752783,0.8784668875137387,0.0254002209520523,0.8701534683855126,0.0082276976415519,1.851359873078764,0.3702719746157527,0.0123015786521136,paper_main_random_cv,10,cv_results_summary_p1.csv,p1
P3_mba_presence,MBA Presence,SVM,raw,0.829506544111424,0.03115931658406,0.7922868074166665,0.0332023423107646,0.8912461632903621,0.0153730347325429,0.8347696310374886,0.1669539262074977,0.3880364468786865,paper_main_random_cv,10,cv_results_summary_raw.csv,raw
P3_mba_presence,MBA Presence,1D-ResNet,p3,0.8214478339483238,0.2183750057270232,0.8404784934160252,0.1918647070474236,0.903425414364641,0.080680137591591,175.67268792167306,35.13453758433461,0.0411138497292995,paper_main_random_cv,10,cv_results_summary_p3.csv,p3
P3_mba_presence,MBA Presence,RamanNet-Lite,raw,0.8211323737254007,0.0433161764683334,0.7821800732384674,0.0441558348372971,0.8879005524861878,0.0223699890255185,149.73141170293093,29.946282340586187,0.0401809737086296,paper_main_random_cv,10,cv_results_summary_raw.csv,raw
P3_mba_presence,MBA Presence,PLS-DA,raw,0.8095079328521022,0.0234560300040968,0.7767876696004349,0.0250249149755306,0.8768201350521793,0.011798782824074,26.67454257584177,5.334908515168354,0.1643680369015783,paper_main_random_cv,10,cv_results_summary_raw.csv,raw
P3_mba_presence,MBA Presence,SVM,p4,0.7827018717483462,0.0197360852781575,0.8651724853354457,0.0145326861586099,0.8057581338244322,0.0226956300456679,0.6958513981662691,0.1391702796332538,0.3285794081166386,paper_main_random_cv,10,cv_results_summary_p4.csv,p4
P3_mba_presence,MBA Presence,Spectrum-KAN,raw,0.7689141018243756,0.0706649812636071,0.7572337875444309,0.0716855940313989,0.8379005524861878,0.0550562925224584,167.89719903096557,33.579439806193115,0.0362241121474653,paper_main_random_cv,10,cv_results_summary_raw.csv,raw
P3_mba_presence,MBA Presence,LDA,p4,0.7538950233777374,0.0325558163966624,0.7674734729173703,0.0332013999993524,0.809060773480663,0.0282186206160972,1.8752566096372905,0.375051321927458,0.0134884850122034,paper_main_random_cv,10,cv_results_summary_p4.csv,p4
P3_mba_presence,MBA Presence,KAN-CNN,p4,0.7458122822900608,0.0315879512401955,0.8242500944487026,0.0297513072225413,0.7713934929404542,0.0312314009082525,159.94304510299116,31.98860902059824,0.0359262255951762,paper_main_random_cv,10,cv_results_summary_p4.csv,p4
P3_mba_presence,MBA Presence,1D-CNN,raw,0.7356457249172488,0.074871762886847,0.7546896309899196,0.0643505679561501,0.7880601596071208,0.0703215185744556,94.67663209093736,18.93532641818747,0.0261831495445221,paper_main_random_cv,10,cv_results_summary_raw.csv,raw
P3_mba_presence,MBA Presence,LDA,p2,0.7103158296659466,0.0322203178235862,0.7618819325490519,0.0357888380128625,0.7491712707182321,0.0289269302630892,1.8311465759761631,0.3662293151952326,0.0162916025146842,paper_main_random_cv,10,cv_results_summary_p2.csv,p2
P3_mba_presence,MBA Presence,LDA,raw,0.709343958974409,0.0233071828788818,0.7313908993173974,0.0196850725438538,0.7658256599140577,0.0269275630969706,1.845786517020315,0.369157303404063,0.0129317338578403,paper_main_random_cv,10,cv_results_summary_raw.csv,raw
P3_mba_presence,MBA Presence,KAN-CNN,raw,0.6816777368197487,0.095881602389078,0.6902265311406375,0.1025352965100237,0.7679926335174955,0.0592819526197611,152.69805646780878,30.539611293561755,0.0358216743916273,paper_main_random_cv,10,cv_results_summary_raw.csv,raw
P3_mba_presence,MBA Presence,LDA,p3,0.6451168366739963,0.0448640417637804,0.6980235273003903,0.0479743740231007,0.6836279926335175,0.0468802768784426,1.8283617878332727,0.3656723575666546,0.0126551236025989,paper_main_random_cv,10,cv_results_summary_p3.csv,p3
