run_id,task,task_name,retention_pct,feature_index,wavenumber,retained
shap_feature_selection_extratrees_p1_20260529_183134,P1_thiram_presence,Thiram Presence,8,0,400.0,0
shap_feature_selection_extratrees_p1_20260529_183134,P1_thiram_presence,Thiram Presence,8,1,401.0,0
shap_feature_selection_extratrees_p1_20260529_183134,P1_thiram_presence,Thiram Presence,8,2,402.0,0
shap_feature_selection_extratrees_p1_20260529_183134,P1_thiram_presence,Thiram Presence,8,3,403.0,0
shap_feature_selection_extratrees_p1_20260529_183134,P1_thiram_presence,Thiram Presence,8,4,404.0,0
shap_feature_selection_extratrees_p1_20260529_183134,P1_thiram_presence,Thiram Presence,8,5,405.0,0
shap_feature_selection_extratrees_p1_20260529_183134,P1_thiram_presence,Thiram Presence,8,6,406.0,0
shap_feature_selection_extratrees_p1_20260529_183134,P1_thiram_presence,Thiram Presence,8,7,407.0,0
shap_feature_selection_extratrees_p1_20260529_183134,P1_thiram_presence,Thiram Presence,8,8,408.0,0
shap_feature_selection_extratrees_p1_20260529_183134,P1_thiram_presence,Thiram Presence,8,9,409.0,0
shap_feature_selection_extratrees_p1_20260529_183134,P1_thiram_presence,Thiram Presence,8,10,410.0,0
shap_feature_selection_extratrees_p1_20260529_183134,P1_thiram_presence,Thiram Presence,8,11,411.0,0
shap_feature_selection_extratrees_p1_20260529_183134,P1_thiram_presence,Thiram Presence,8,12,412.0,0
shap_feature_selection_extratrees_p1_20260529_183134,P1_thiram_presence,Thiram Presence,8,13,413.0,0
shap_feature_selection_extratrees_p1_20260529_183134,P1_thiram_presence,Thiram Presence,8,14,414.0,0
shap_feature_selection_extratrees_p1_20260529_183134,P1_thiram_presence,Thiram Presence,8,15,415.0,0
shap_feature_selection_extratrees_p1_20260529_183134,P1_thiram_presence,Thiram Presence,8,16,416.0,0
shap_feature_selection_extratrees_p1_20260529_183134,P1_thiram_presence,Thiram Presence,8,17,417.0,0
shap_feature_selection_extratrees_p1_20260529_183134,P1_thiram_presence,Thiram Presence,8,18,418.0,0
shap_feature_selection_extratrees_p1_20260529_183134,P1_thiram_presence,Thiram Presence,8,19,419.0,0
shap_feature_selection_extratrees_p1_20260529_183134,P1_thiram_presence,Thiram Presence,8,20,420.0,0
shap_feature_selection_extratrees_p1_20260529_183134,P1_thiram_presence,Thiram Presence,8,21,421.0,0
shap_feature_selection_extratrees_p1_20260529_183134,P1_thiram_presence,Thiram Presence,8,22,422.0,0
shap_feature_selection_extratrees_p1_20260529_183134,P1_thiram_presence,Thiram Presence,8,23,423.0,0
shap_feature_selection_extratrees_p1_20260529_183134,P1_thiram_presence,Thiram Presence,8,24,424.0,0
shap_feature_selection_extratrees_p1_20260529_183134,P1_thiram_presence,Thiram Presence,8,25,425.0,0
shap_feature_selection_extratrees_p1_20260529_183134,P1_thiram_presence,Thiram Presence,8,26,426.0,0
shap_feature_selection_extratrees_p1_20260529_183134,P1_thiram_presence,Thiram Presence,8,27,427.0,0
shap_feature_selection_extratrees_p1_20260529_183134,P1_thiram_presence,Thiram Presence,8,28,428.0,0
shap_feature_selection_extratrees_p1_20260529_183134,P1_thiram_presence,Thiram Presence,8,29,429.0,0
shap_feature_selection_extratrees_p1_20260529_183134,P1_thiram_presence,Thiram Presence,8,30,430.0,0
shap_feature_selection_extratrees_p1_20260529_183134,P1_thiram_presence,Thiram Presence,8,31,431.0,0
shap_feature_selection_extratrees_p1_20260529_183134,P1_thiram_presence,Thiram Presence,8,32,432.0,0
shap_feature_selection_extratrees_p1_20260529_183134,P1_thiram_presence,Thiram Presence,8,33,433.0,0
shap_feature_selection_extratrees_p1_20260529_183134,P1_thiram_presence,Thiram Presence,8,34,434.0,0
shap_feature_selection_extratrees_p1_20260529_183134,P1_thiram_presence,Thiram Presence,8,35,435.0,0
shap_feature_selection_extratrees_p1_20260529_183134,P1_thiram_presence,Thiram Presence,8,36,436.0,0
shap_feature_selection_extratrees_p1_20260529_183134,P1_thiram_presence,Thiram Presence,8,37,437.0,0
shap_feature_selection_extratrees_p1_20260529_183134,P1_thiram_presence,Thiram Presence,8,38,438.0,0
shap_feature_selection_extratrees_p1_20260529_183134,P1_thiram_presence,Thiram Presence,8,39,439.0,0
shap_feature_selection_extratrees_p1_20260529_183134,P1_thiram_presence,Thiram Presence,8,40,440.0,0
shap_feature_selection_extratrees_p1_20260529_183134,P1_thiram_presence,Thiram Presence,8,41,441.0,0
shap_feature_selection_extratrees_p1_20260529_183134,P1_thiram_presence,Thiram Presence,8,42,442.0,0
shap_feature_selection_extratrees_p1_20260529_183134,P1_thiram_presence,Thiram Presence,8,43,443.0,0
shap_feature_selection_extratrees_p1_20260529_183134,P1_thiram_presence,Thiram Presence,8,44,444.0,0
shap_feature_selection_extratrees_p1_20260529_183134,P1_thiram_presence,Thiram Presence,8,45,445.0,0
shap_feature_selection_extratrees_p1_20260529_183134,P1_thiram_presence,Thiram Presence,8,46,446.0,0
shap_feature_selection_extratrees_p1_20260529_183134,P1_thiram_presence,Thiram Presence,8,47,447.0,0
shap_feature_selection_extratrees_p1_20260529_183134,P1_thiram_presence,Thiram Presence,8,48,448.0,0
shap_feature_selection_extratrees_p1_20260529_183134,P1_thiram_presence,Thiram Presence,8,49,449.0,0
shap_feature_selection_extratrees_p1_20260529_183134,P1_thiram_presence,Thiram Presence,8,50,450.0,0
shap_feature_selection_extratrees_p1_20260529_183134,P1_thiram_presence,Thiram Presence,8,51,451.0,0
shap_feature_selection_extratrees_p1_20260529_183134,P1_thiram_presence,Thiram Presence,8,52,452.0,0
shap_feature_selection_extratrees_p1_20260529_183134,P1_thiram_presence,Thiram Presence,8,53,453.0,0
shap_feature_selection_extratrees_p1_20260529_183134,P1_thiram_presence,Thiram Presence,8,54,454.0,0
shap_feature_selection_extratrees_p1_20260529_183134,P1_thiram_presence,Thiram Presence,8,55,455.0,0
shap_feature_selection_extratrees_p1_20260529_183134,P1_thiram_presence,Thiram Presence,8,56,456.0,0
shap_feature_selection_extratrees_p1_20260529_183134,P1_thiram_presence,Thiram Presence,8,57,457.0,0
shap_feature_selection_extratrees_p1_20260529_183134,P1_thiram_presence,Thiram Presence,8,58,458.0,0
shap_feature_selection_extratrees_p1_20260529_183134,P1_thiram_presence,Thiram Presence,8,59,459.0,0
shap_feature_selection_extratrees_p1_20260529_183134,P1_thiram_presence,Thiram Presence,8,60,460.0,0
shap_feature_selection_extratrees_p1_20260529_183134,P1_thiram_presence,Thiram Presence,8,61,461.0,0
shap_feature_selection_extratrees_p1_20260529_183134,P1_thiram_presence,Thiram Presence,8,62,462.0,0
shap_feature_selection_extratrees_p1_20260529_183134,P1_thiram_presence,Thiram Presence,8,63,463.0,0
shap_feature_selection_extratrees_p1_20260529_183134,P1_thiram_presence,Thiram Presence,8,64,464.0,0
shap_feature_selection_extratrees_p1_20260529_183134,P1_thiram_presence,Thiram Presence,8,65,465.0,0
shap_feature_selection_extratrees_p1_20260529_183134,P1_thiram_presence,Thiram Presence,8,66,466.0,0
shap_feature_selection_extratrees_p1_20260529_183134,P1_thiram_presence,Thiram Presence,8,67,467.0,0
shap_feature_selection_extratrees_p1_20260529_183134,P1_thiram_presence,Thiram Presence,8,68,468.0,0
shap_feature_selection_extratrees_p1_20260529_183134,P1_thiram_presence,Thiram Presence,8,69,469.0,0
shap_feature_selection_extratrees_p1_20260529_183134,P1_thiram_presence,Thiram Presence,8,70,470.0,0
shap_feature_selection_extratrees_p1_20260529_183134,P1_thiram_presence,Thiram Presence,8,71,471.0,0
shap_feature_selection_extratrees_p1_20260529_183134,P1_thiram_presence,Thiram Presence,8,72,472.0,0
shap_feature_selection_extratrees_p1_20260529_183134,P1_thiram_presence,Thiram Presence,8,73,473.0,0
shap_feature_selection_extratrees_p1_20260529_183134,P1_thiram_presence,Thiram Presence,8,74,474.0,0
shap_feature_selection_extratrees_p1_20260529_183134,P1_thiram_presence,Thiram Presence,8,75,475.0,0
shap_feature_selection_extratrees_p1_20260529_183134,P1_thiram_presence,Thiram Presence,8,76,476.0,0
shap_feature_selection_extratrees_p1_20260529_183134,P1_thiram_presence,Thiram Presence,8,77,477.0,0
shap_feature_selection_extratrees_p1_20260529_183134,P1_thiram_presence,Thiram Presence,8,78,478.0,0
shap_feature_selection_extratrees_p1_20260529_183134,P1_thiram_presence,Thiram Presence,8,79,479.0,0
shap_feature_selection_extratrees_p1_20260529_183134,P1_thiram_presence,Thiram Presence,8,80,480.0,0
shap_feature_selection_extratrees_p1_20260529_183134,P1_thiram_presence,Thiram Presence,8,81,481.0,0
shap_feature_selection_extratrees_p1_20260529_183134,P1_thiram_presence,Thiram Presence,8,82,482.0,0
shap_feature_selection_extratrees_p1_20260529_183134,P1_thiram_presence,Thiram Presence,8,83,483.0,0
shap_feature_selection_extratrees_p1_20260529_183134,P1_thiram_presence,Thiram Presence,8,84,484.0,0
shap_feature_selection_extratrees_p1_20260529_183134,P1_thiram_presence,Thiram Presence,8,85,485.0,0
shap_feature_selection_extratrees_p1_20260529_183134,P1_thiram_presence,Thiram Presence,8,86,486.0,0
shap_feature_selection_extratrees_p1_20260529_183134,P1_thiram_presence,Thiram Presence,8,87,487.0,0
shap_feature_selection_extratrees_p1_20260529_183134,P1_thiram_presence,Thiram Presence,8,88,488.0,0
shap_feature_selection_extratrees_p1_20260529_183134,P1_thiram_presence,Thiram Presence,8,89,489.0,0
shap_feature_selection_extratrees_p1_20260529_183134,P1_thiram_presence,Thiram Presence,8,90,490.0,0
shap_feature_selection_extratrees_p1_20260529_183134,P1_thiram_presence,Thiram Presence,8,91,491.0,0
shap_feature_selection_extratrees_p1_20260529_183134,P1_thiram_presence,Thiram Presence,8,92,492.0,0
shap_feature_selection_extratrees_p1_20260529_183134,P1_thiram_presence,Thiram Presence,8,93,493.0,0
shap_feature_selection_extratrees_p1_20260529_183134,P1_thiram_presence,Thiram Presence,8,94,494.0,0
shap_feature_selection_extratrees_p1_20260529_183134,P1_thiram_presence,Thiram Presence,8,95,495.0,0
shap_feature_selection_extratrees_p1_20260529_183134,P1_thiram_presence,Thiram Presence,8,96,496.0,0
shap_feature_selection_extratrees_p1_20260529_183134,P1_thiram_presence,Thiram Presence,8,97,497.0,0
shap_feature_selection_extratrees_p1_20260529_183134,P1_thiram_presence,Thiram Presence,8,98,498.0,0
shap_feature_selection_extratrees_p1_20260529_183134,P1_thiram_presence,Thiram Presence,8,99,499.0,0
shap_feature_selection_extratrees_p1_20260529_183134,P1_thiram_presence,Thiram Presence,8,100,500.0,0
shap_feature_selection_extratrees_p1_20260529_183134,P1_thiram_presence,Thiram Presence,8,101,501.0,0
shap_feature_selection_extratrees_p1_20260529_183134,P1_thiram_presence,Thiram Presence,8,102,502.0,0
shap_feature_selection_extratrees_p1_20260529_183134,P1_thiram_presence,Thiram Presence,8,103,503.0,0
shap_feature_selection_extratrees_p1_20260529_183134,P1_thiram_presence,Thiram Presence,8,104,504.0,0
shap_feature_selection_extratrees_p1_20260529_183134,P1_thiram_presence,Thiram Presence,8,105,505.0,0
shap_feature_selection_extratrees_p1_20260529_183134,P1_thiram_presence,Thiram Presence,8,106,506.0,0
shap_feature_selection_extratrees_p1_20260529_183134,P1_thiram_presence,Thiram Presence,8,107,507.0,0
shap_feature_selection_extratrees_p1_20260529_183134,P1_thiram_presence,Thiram Presence,8,108,508.0,0
shap_feature_selection_extratrees_p1_20260529_183134,P1_thiram_presence,Thiram Presence,8,109,509.0,0
shap_feature_selection_extratrees_p1_20260529_183134,P1_thiram_presence,Thiram Presence,8,110,510.0,0
shap_feature_selection_extratrees_p1_20260529_183134,P1_thiram_presence,Thiram Presence,8,111,511.0,0
shap_feature_selection_extratrees_p1_20260529_183134,P1_thiram_presence,Thiram Presence,8,112,512.0,0
shap_feature_selection_extratrees_p1_20260529_183134,P1_thiram_presence,Thiram Presence,8,113,513.0,0
shap_feature_selection_extratrees_p1_20260529_183134,P1_thiram_presence,Thiram Presence,8,114,514.0,0
shap_feature_selection_extratrees_p1_20260529_183134,P1_thiram_presence,Thiram Presence,8,115,515.0,0
shap_feature_selection_extratrees_p1_20260529_183134,P1_thiram_presence,Thiram Presence,8,116,516.0,0
shap_feature_selection_extratrees_p1_20260529_183134,P1_thiram_presence,Thiram Presence,8,117,517.0,0
shap_feature_selection_extratrees_p1_20260529_183134,P1_thiram_presence,Thiram Presence,8,118,518.0,0
shap_feature_selection_extratrees_p1_20260529_183134,P1_thiram_presence,Thiram Presence,8,119,519.0,0
shap_feature_selection_extratrees_p1_20260529_183134,P1_thiram_presence,Thiram Presence,8,120,520.0,0
shap_feature_selection_extratrees_p1_20260529_183134,P1_thiram_presence,Thiram Presence,8,121,521.0,0
shap_feature_selection_extratrees_p1_20260529_183134,P1_thiram_presence,Thiram Presence,8,122,522.0,0
shap_feature_selection_extratrees_p1_20260529_183134,P1_thiram_presence,Thiram Presence,8,123,523.0,0
shap_feature_selection_extratrees_p1_20260529_183134,P1_thiram_presence,Thiram Presence,8,124,524.0,0
shap_feature_selection_extratrees_p1_20260529_183134,P1_thiram_presence,Thiram Presence,8,125,525.0,0
shap_feature_selection_extratrees_p1_20260529_183134,P1_thiram_presence,Thiram Presence,8,126,526.0,0
shap_feature_selection_extratrees_p1_20260529_183134,P1_thiram_presence,Thiram Presence,8,127,527.0,0
shap_feature_selection_extratrees_p1_20260529_183134,P1_thiram_presence,Thiram Presence,8,128,528.0,0
shap_feature_selection_extratrees_p1_20260529_183134,P1_thiram_presence,Thiram Presence,8,129,529.0,0
shap_feature_selection_extratrees_p1_20260529_183134,P1_thiram_presence,Thiram Presence,8,130,530.0,0
shap_feature_selection_extratrees_p1_20260529_183134,P1_thiram_presence,Thiram Presence,8,131,531.0,0
shap_feature_selection_extratrees_p1_20260529_183134,P1_thiram_presence,Thiram Presence,8,132,532.0,0
shap_feature_selection_extratrees_p1_20260529_183134,P1_thiram_presence,Thiram Presence,8,133,533.0,0
shap_feature_selection_extratrees_p1_20260529_183134,P1_thiram_presence,Thiram Presence,8,134,534.0,0
shap_feature_selection_extratrees_p1_20260529_183134,P1_thiram_presence,Thiram Presence,8,135,535.0,0
shap_feature_selection_extratrees_p1_20260529_183134,P1_thiram_presence,Thiram Presence,8,136,536.0,0
shap_feature_selection_extratrees_p1_20260529_183134,P1_thiram_presence,Thiram Presence,8,137,537.0,0
shap_feature_selection_extratrees_p1_20260529_183134,P1_thiram_presence,Thiram Presence,8,138,538.0,0
shap_feature_selection_extratrees_p1_20260529_183134,P1_thiram_presence,Thiram Presence,8,139,539.0,1
shap_feature_selection_extratrees_p1_20260529_183134,P1_thiram_presence,Thiram Presence,8,140,540.0,1
shap_feature_selection_extratrees_p1_20260529_183134,P1_thiram_presence,Thiram Presence,8,141,541.0,1
shap_feature_selection_extratrees_p1_20260529_183134,P1_thiram_presence,Thiram Presence,8,142,542.0,1
shap_feature_selection_extratrees_p1_20260529_183134,P1_thiram_presence,Thiram Presence,8,143,543.0,0
shap_feature_selection_extratrees_p1_20260529_183134,P1_thiram_presence,Thiram Presence,8,144,544.0,0
shap_feature_selection_extratrees_p1_20260529_183134,P1_thiram_presence,Thiram Presence,8,145,545.0,1
shap_feature_selection_extratrees_p1_20260529_183134,P1_thiram_presence,Thiram Presence,8,146,546.0,1
shap_feature_selection_extratrees_p1_20260529_183134,P1_thiram_presence,Thiram Presence,8,147,547.0,1
shap_feature_selection_extratrees_p1_20260529_183134,P1_thiram_presence,Thiram Presence,8,148,548.0,0
shap_feature_selection_extratrees_p1_20260529_183134,P1_thiram_presence,Thiram Presence,8,149,549.0,0
shap_feature_selection_extratrees_p1_20260529_183134,P1_thiram_presence,Thiram Presence,8,150,550.0,0
shap_feature_selection_extratrees_p1_20260529_183134,P1_thiram_presence,Thiram Presence,8,151,551.0,1
shap_feature_selection_extratrees_p1_20260529_183134,P1_thiram_presence,Thiram Presence,8,152,552.0,0
shap_feature_selection_extratrees_p1_20260529_183134,P1_thiram_presence,Thiram Presence,8,153,553.0,1
shap_feature_selection_extratrees_p1_20260529_183134,P1_thiram_presence,Thiram Presence,8,154,554.0,0
shap_feature_selection_extratrees_p1_20260529_183134,P1_thiram_presence,Thiram Presence,8,155,555.0,0
shap_feature_selection_extratrees_p1_20260529_183134,P1_thiram_presence,Thiram Presence,8,156,556.0,1
shap_feature_selection_extratrees_p1_20260529_183134,P1_thiram_presence,Thiram Presence,8,157,557.0,1
shap_feature_selection_extratrees_p1_20260529_183134,P1_thiram_presence,Thiram Presence,8,158,558.0,0
shap_feature_selection_extratrees_p1_20260529_183134,P1_thiram_presence,Thiram Presence,8,159,559.0,1
shap_feature_selection_extratrees_p1_20260529_183134,P1_thiram_presence,Thiram Presence,8,160,560.0,1
shap_feature_selection_extratrees_p1_20260529_183134,P1_thiram_presence,Thiram Presence,8,161,561.0,0
shap_feature_selection_extratrees_p1_20260529_183134,P1_thiram_presence,Thiram Presence,8,162,562.0,0
shap_feature_selection_extratrees_p1_20260529_183134,P1_thiram_presence,Thiram Presence,8,163,563.0,0
shap_feature_selection_extratrees_p1_20260529_183134,P1_thiram_presence,Thiram Presence,8,164,564.0,0
shap_feature_selection_extratrees_p1_20260529_183134,P1_thiram_presence,Thiram Presence,8,165,565.0,0
shap_feature_selection_extratrees_p1_20260529_183134,P1_thiram_presence,Thiram Presence,8,166,566.0,0
shap_feature_selection_extratrees_p1_20260529_183134,P1_thiram_presence,Thiram Presence,8,167,567.0,0
shap_feature_selection_extratrees_p1_20260529_183134,P1_thiram_presence,Thiram Presence,8,168,568.0,0
shap_feature_selection_extratrees_p1_20260529_183134,P1_thiram_presence,Thiram Presence,8,169,569.0,0
shap_feature_selection_extratrees_p1_20260529_183134,P1_thiram_presence,Thiram Presence,8,170,570.0,0
shap_feature_selection_extratrees_p1_20260529_183134,P1_thiram_presence,Thiram Presence,8,171,571.0,0
shap_feature_selection_extratrees_p1_20260529_183134,P1_thiram_presence,Thiram Presence,8,172,572.0,0
shap_feature_selection_extratrees_p1_20260529_183134,P1_thiram_presence,Thiram Presence,8,173,573.0,0
shap_feature_selection_extratrees_p1_20260529_183134,P1_thiram_presence,Thiram Presence,8,174,574.0,0
shap_feature_selection_extratrees_p1_20260529_183134,P1_thiram_presence,Thiram Presence,8,175,575.0,0
shap_feature_selection_extratrees_p1_20260529_183134,P1_thiram_presence,Thiram Presence,8,176,576.0,0
shap_feature_selection_extratrees_p1_20260529_183134,P1_thiram_presence,Thiram Presence,8,177,577.0,0
shap_feature_selection_extratrees_p1_20260529_183134,P1_thiram_presence,Thiram Presence,8,178,578.0,0
shap_feature_selection_extratrees_p1_20260529_183134,P1_thiram_presence,Thiram Presence,8,179,579.0,0
shap_feature_selection_extratrees_p1_20260529_183134,P1_thiram_presence,Thiram Presence,8,180,580.0,0
shap_feature_selection_extratrees_p1_20260529_183134,P1_thiram_presence,Thiram Presence,8,181,581.0,0
shap_feature_selection_extratrees_p1_20260529_183134,P1_thiram_presence,Thiram Presence,8,182,582.0,0
shap_feature_selection_extratrees_p1_20260529_183134,P1_thiram_presence,Thiram Presence,8,183,583.0,1
shap_feature_selection_extratrees_p1_20260529_183134,P1_thiram_presence,Thiram Presence,8,184,584.0,0
shap_feature_selection_extratrees_p1_20260529_183134,P1_thiram_presence,Thiram Presence,8,185,585.0,0
shap_feature_selection_extratrees_p1_20260529_183134,P1_thiram_presence,Thiram Presence,8,186,586.0,0
shap_feature_selection_extratrees_p1_20260529_183134,P1_thiram_presence,Thiram Presence,8,187,587.0,0
shap_feature_selection_extratrees_p1_20260529_183134,P1_thiram_presence,Thiram Presence,8,188,588.0,0
shap_feature_selection_extratrees_p1_20260529_183134,P1_thiram_presence,Thiram Presence,8,189,589.0,0
shap_feature_selection_extratrees_p1_20260529_183134,P1_thiram_presence,Thiram Presence,8,190,590.0,0
shap_feature_selection_extratrees_p1_20260529_183134,P1_thiram_presence,Thiram Presence,8,191,591.0,0
shap_feature_selection_extratrees_p1_20260529_183134,P1_thiram_presence,Thiram Presence,8,192,592.0,0
shap_feature_selection_extratrees_p1_20260529_183134,P1_thiram_presence,Thiram Presence,8,193,593.0,0
shap_feature_selection_extratrees_p1_20260529_183134,P1_thiram_presence,Thiram Presence,8,194,594.0,0
shap_feature_selection_extratrees_p1_20260529_183134,P1_thiram_presence,Thiram Presence,8,195,595.0,0
shap_feature_selection_extratrees_p1_20260529_183134,P1_thiram_presence,Thiram Presence,8,196,596.0,0
shap_feature_selection_extratrees_p1_20260529_183134,P1_thiram_presence,Thiram Presence,8,197,597.0,0
shap_feature_selection_extratrees_p1_20260529_183134,P1_thiram_presence,Thiram Presence,8,198,598.0,0
shap_feature_selection_extratrees_p1_20260529_183134,P1_thiram_presence,Thiram Presence,8,199,599.0,0
shap_feature_selection_extratrees_p1_20260529_183134,P1_thiram_presence,Thiram Presence,8,200,600.0,0
shap_feature_selection_extratrees_p1_20260529_183134,P1_thiram_presence,Thiram Presence,8,201,601.0,0
shap_feature_selection_extratrees_p1_20260529_183134,P1_thiram_presence,Thiram Presence,8,202,602.0,0
shap_feature_selection_extratrees_p1_20260529_183134,P1_thiram_presence,Thiram Presence,8,203,603.0,0
shap_feature_selection_extratrees_p1_20260529_183134,P1_thiram_presence,Thiram Presence,8,204,604.0,0
shap_feature_selection_extratrees_p1_20260529_183134,P1_thiram_presence,Thiram Presence,8,205,605.0,0
shap_feature_selection_extratrees_p1_20260529_183134,P1_thiram_presence,Thiram Presence,8,206,606.0,0
shap_feature_selection_extratrees_p1_20260529_183134,P1_thiram_presence,Thiram Presence,8,207,607.0,0
shap_feature_selection_extratrees_p1_20260529_183134,P1_thiram_presence,Thiram Presence,8,208,608.0,0
shap_feature_selection_extratrees_p1_20260529_183134,P1_thiram_presence,Thiram Presence,8,209,609.0,0
shap_feature_selection_extratrees_p1_20260529_183134,P1_thiram_presence,Thiram Presence,8,210,610.0,0
shap_feature_selection_extratrees_p1_20260529_183134,P1_thiram_presence,Thiram Presence,8,211,611.0,0
shap_feature_selection_extratrees_p1_20260529_183134,P1_thiram_presence,Thiram Presence,8,212,612.0,0
shap_feature_selection_extratrees_p1_20260529_183134,P1_thiram_presence,Thiram Presence,8,213,613.0,0
shap_feature_selection_extratrees_p1_20260529_183134,P1_thiram_presence,Thiram Presence,8,214,614.0,0
shap_feature_selection_extratrees_p1_20260529_183134,P1_thiram_presence,Thiram Presence,8,215,615.0,0
shap_feature_selection_extratrees_p1_20260529_183134,P1_thiram_presence,Thiram Presence,8,216,616.0,0
shap_feature_selection_extratrees_p1_20260529_183134,P1_thiram_presence,Thiram Presence,8,217,617.0,0
shap_feature_selection_extratrees_p1_20260529_183134,P1_thiram_presence,Thiram Presence,8,218,618.0,0
shap_feature_selection_extratrees_p1_20260529_183134,P1_thiram_presence,Thiram Presence,8,219,619.0,0
shap_feature_selection_extratrees_p1_20260529_183134,P1_thiram_presence,Thiram Presence,8,220,620.0,0
shap_feature_selection_extratrees_p1_20260529_183134,P1_thiram_presence,Thiram Presence,8,221,621.0,0
shap_feature_selection_extratrees_p1_20260529_183134,P1_thiram_presence,Thiram Presence,8,222,622.0,0
shap_feature_selection_extratrees_p1_20260529_183134,P1_thiram_presence,Thiram Presence,8,223,623.0,0
shap_feature_selection_extratrees_p1_20260529_183134,P1_thiram_presence,Thiram Presence,8,224,624.0,0
shap_feature_selection_extratrees_p1_20260529_183134,P1_thiram_presence,Thiram Presence,8,225,625.0,0
shap_feature_selection_extratrees_p1_20260529_183134,P1_thiram_presence,Thiram Presence,8,226,626.0,0
shap_feature_selection_extratrees_p1_20260529_183134,P1_thiram_presence,Thiram Presence,8,227,627.0,0
shap_feature_selection_extratrees_p1_20260529_183134,P1_thiram_presence,Thiram Presence,8,228,628.0,0
shap_feature_selection_extratrees_p1_20260529_183134,P1_thiram_presence,Thiram Presence,8,229,629.0,0
shap_feature_selection_extratrees_p1_20260529_183134,P1_thiram_presence,Thiram Presence,8,230,630.0,0
shap_feature_selection_extratrees_p1_20260529_183134,P1_thiram_presence,Thiram Presence,8,231,631.0,0
shap_feature_selection_extratrees_p1_20260529_183134,P1_thiram_presence,Thiram Presence,8,232,632.0,0
shap_feature_selection_extratrees_p1_20260529_183134,P1_thiram_presence,Thiram Presence,8,233,633.0,0
shap_feature_selection_extratrees_p1_20260529_183134,P1_thiram_presence,Thiram Presence,8,234,634.0,0
shap_feature_selection_extratrees_p1_20260529_183134,P1_thiram_presence,Thiram Presence,8,235,635.0,0
shap_feature_selection_extratrees_p1_20260529_183134,P1_thiram_presence,Thiram Presence,8,236,636.0,0
shap_feature_selection_extratrees_p1_20260529_183134,P1_thiram_presence,Thiram Presence,8,237,637.0,0
shap_feature_selection_extratrees_p1_20260529_183134,P1_thiram_presence,Thiram Presence,8,238,638.0,0
shap_feature_selection_extratrees_p1_20260529_183134,P1_thiram_presence,Thiram Presence,8,239,639.0,0
shap_feature_selection_extratrees_p1_20260529_183134,P1_thiram_presence,Thiram Presence,8,240,640.0,0
shap_feature_selection_extratrees_p1_20260529_183134,P1_thiram_presence,Thiram Presence,8,241,641.0,0
shap_feature_selection_extratrees_p1_20260529_183134,P1_thiram_presence,Thiram Presence,8,242,642.0,0
shap_feature_selection_extratrees_p1_20260529_183134,P1_thiram_presence,Thiram Presence,8,243,643.0,0
shap_feature_selection_extratrees_p1_20260529_183134,P1_thiram_presence,Thiram Presence,8,244,644.0,0
shap_feature_selection_extratrees_p1_20260529_183134,P1_thiram_presence,Thiram Presence,8,245,645.0,0
shap_feature_selection_extratrees_p1_20260529_183134,P1_thiram_presence,Thiram Presence,8,246,646.0,0
shap_feature_selection_extratrees_p1_20260529_183134,P1_thiram_presence,Thiram Presence,8,247,647.0,0
shap_feature_selection_extratrees_p1_20260529_183134,P1_thiram_presence,Thiram Presence,8,248,648.0,0
shap_feature_selection_extratrees_p1_20260529_183134,P1_thiram_presence,Thiram Presence,8,249,649.0,0
shap_feature_selection_extratrees_p1_20260529_183134,P1_thiram_presence,Thiram Presence,8,250,650.0,0
shap_feature_selection_extratrees_p1_20260529_183134,P1_thiram_presence,Thiram Presence,8,251,651.0,0
shap_feature_selection_extratrees_p1_20260529_183134,P1_thiram_presence,Thiram Presence,8,252,652.0,0
shap_feature_selection_extratrees_p1_20260529_183134,P1_thiram_presence,Thiram Presence,8,253,653.0,0
shap_feature_selection_extratrees_p1_20260529_183134,P1_thiram_presence,Thiram Presence,8,254,654.0,0
shap_feature_selection_extratrees_p1_20260529_183134,P1_thiram_presence,Thiram Presence,8,255,655.0,0
shap_feature_selection_extratrees_p1_20260529_183134,P1_thiram_presence,Thiram Presence,8,256,656.0,0
shap_feature_selection_extratrees_p1_20260529_183134,P1_thiram_presence,Thiram Presence,8,257,657.0,0
shap_feature_selection_extratrees_p1_20260529_183134,P1_thiram_presence,Thiram Presence,8,258,658.0,0
shap_feature_selection_extratrees_p1_20260529_183134,P1_thiram_presence,Thiram Presence,8,259,659.0,0
shap_feature_selection_extratrees_p1_20260529_183134,P1_thiram_presence,Thiram Presence,8,260,660.0,0
shap_feature_selection_extratrees_p1_20260529_183134,P1_thiram_presence,Thiram Presence,8,261,661.0,0
shap_feature_selection_extratrees_p1_20260529_183134,P1_thiram_presence,Thiram Presence,8,262,662.0,0
shap_feature_selection_extratrees_p1_20260529_183134,P1_thiram_presence,Thiram Presence,8,263,663.0,0
shap_feature_selection_extratrees_p1_20260529_183134,P1_thiram_presence,Thiram Presence,8,264,664.0,0
shap_feature_selection_extratrees_p1_20260529_183134,P1_thiram_presence,Thiram Presence,8,265,665.0,0
shap_feature_selection_extratrees_p1_20260529_183134,P1_thiram_presence,Thiram Presence,8,266,666.0,0
shap_feature_selection_extratrees_p1_20260529_183134,P1_thiram_presence,Thiram Presence,8,267,667.0,1
shap_feature_selection_extratrees_p1_20260529_183134,P1_thiram_presence,Thiram Presence,8,268,668.0,0
shap_feature_selection_extratrees_p1_20260529_183134,P1_thiram_presence,Thiram Presence,8,269,669.0,0
shap_feature_selection_extratrees_p1_20260529_183134,P1_thiram_presence,Thiram Presence,8,270,670.0,0
shap_feature_selection_extratrees_p1_20260529_183134,P1_thiram_presence,Thiram Presence,8,271,671.0,0
shap_feature_selection_extratrees_p1_20260529_183134,P1_thiram_presence,Thiram Presence,8,272,672.0,0
shap_feature_selection_extratrees_p1_20260529_183134,P1_thiram_presence,Thiram Presence,8,273,673.0,0
shap_feature_selection_extratrees_p1_20260529_183134,P1_thiram_presence,Thiram Presence,8,274,674.0,0
shap_feature_selection_extratrees_p1_20260529_183134,P1_thiram_presence,Thiram Presence,8,275,675.0,0
shap_feature_selection_extratrees_p1_20260529_183134,P1_thiram_presence,Thiram Presence,8,276,676.0,0
shap_feature_selection_extratrees_p1_20260529_183134,P1_thiram_presence,Thiram Presence,8,277,677.0,0
shap_feature_selection_extratrees_p1_20260529_183134,P1_thiram_presence,Thiram Presence,8,278,678.0,0
shap_feature_selection_extratrees_p1_20260529_183134,P1_thiram_presence,Thiram Presence,8,279,679.0,0
shap_feature_selection_extratrees_p1_20260529_183134,P1_thiram_presence,Thiram Presence,8,280,680.0,0
shap_feature_selection_extratrees_p1_20260529_183134,P1_thiram_presence,Thiram Presence,8,281,681.0,0
shap_feature_selection_extratrees_p1_20260529_183134,P1_thiram_presence,Thiram Presence,8,282,682.0,0
shap_feature_selection_extratrees_p1_20260529_183134,P1_thiram_presence,Thiram Presence,8,283,683.0,0
shap_feature_selection_extratrees_p1_20260529_183134,P1_thiram_presence,Thiram Presence,8,284,684.0,0
shap_feature_selection_extratrees_p1_20260529_183134,P1_thiram_presence,Thiram Presence,8,285,685.0,0
shap_feature_selection_extratrees_p1_20260529_183134,P1_thiram_presence,Thiram Presence,8,286,686.0,0
shap_feature_selection_extratrees_p1_20260529_183134,P1_thiram_presence,Thiram Presence,8,287,687.0,1
shap_feature_selection_extratrees_p1_20260529_183134,P1_thiram_presence,Thiram Presence,8,288,688.0,1
shap_feature_selection_extratrees_p1_20260529_183134,P1_thiram_presence,Thiram Presence,8,289,689.0,1
shap_feature_selection_extratrees_p1_20260529_183134,P1_thiram_presence,Thiram Presence,8,290,690.0,0
shap_feature_selection_extratrees_p1_20260529_183134,P1_thiram_presence,Thiram Presence,8,291,691.0,0
shap_feature_selection_extratrees_p1_20260529_183134,P1_thiram_presence,Thiram Presence,8,292,692.0,0
shap_feature_selection_extratrees_p1_20260529_183134,P1_thiram_presence,Thiram Presence,8,293,693.0,0
shap_feature_selection_extratrees_p1_20260529_183134,P1_thiram_presence,Thiram Presence,8,294,694.0,0
shap_feature_selection_extratrees_p1_20260529_183134,P1_thiram_presence,Thiram Presence,8,295,695.0,0
shap_feature_selection_extratrees_p1_20260529_183134,P1_thiram_presence,Thiram Presence,8,296,696.0,0
shap_feature_selection_extratrees_p1_20260529_183134,P1_thiram_presence,Thiram Presence,8,297,697.0,0
shap_feature_selection_extratrees_p1_20260529_183134,P1_thiram_presence,Thiram Presence,8,298,698.0,0
shap_feature_selection_extratrees_p1_20260529_183134,P1_thiram_presence,Thiram Presence,8,299,699.0,0
shap_feature_selection_extratrees_p1_20260529_183134,P1_thiram_presence,Thiram Presence,8,300,700.0,0
shap_feature_selection_extratrees_p1_20260529_183134,P1_thiram_presence,Thiram Presence,8,301,701.0,0
shap_feature_selection_extratrees_p1_20260529_183134,P1_thiram_presence,Thiram Presence,8,302,702.0,0
shap_feature_selection_extratrees_p1_20260529_183134,P1_thiram_presence,Thiram Presence,8,303,703.0,0
shap_feature_selection_extratrees_p1_20260529_183134,P1_thiram_presence,Thiram Presence,8,304,704.0,0
shap_feature_selection_extratrees_p1_20260529_183134,P1_thiram_presence,Thiram Presence,8,305,705.0,0
shap_feature_selection_extratrees_p1_20260529_183134,P1_thiram_presence,Thiram Presence,8,306,706.0,0
shap_feature_selection_extratrees_p1_20260529_183134,P1_thiram_presence,Thiram Presence,8,307,707.0,0
shap_feature_selection_extratrees_p1_20260529_183134,P1_thiram_presence,Thiram Presence,8,308,708.0,0
shap_feature_selection_extratrees_p1_20260529_183134,P1_thiram_presence,Thiram Presence,8,309,709.0,0
shap_feature_selection_extratrees_p1_20260529_183134,P1_thiram_presence,Thiram Presence,8,310,710.0,0
shap_feature_selection_extratrees_p1_20260529_183134,P1_thiram_presence,Thiram Presence,8,311,711.0,0
shap_feature_selection_extratrees_p1_20260529_183134,P1_thiram_presence,Thiram Presence,8,312,712.0,0
shap_feature_selection_extratrees_p1_20260529_183134,P1_thiram_presence,Thiram Presence,8,313,713.0,0
shap_feature_selection_extratrees_p1_20260529_183134,P1_thiram_presence,Thiram Presence,8,314,714.0,0
shap_feature_selection_extratrees_p1_20260529_183134,P1_thiram_presence,Thiram Presence,8,315,715.0,0
shap_feature_selection_extratrees_p1_20260529_183134,P1_thiram_presence,Thiram Presence,8,316,716.0,0
shap_feature_selection_extratrees_p1_20260529_183134,P1_thiram_presence,Thiram Presence,8,317,717.0,0
shap_feature_selection_extratrees_p1_20260529_183134,P1_thiram_presence,Thiram Presence,8,318,718.0,0
shap_feature_selection_extratrees_p1_20260529_183134,P1_thiram_presence,Thiram Presence,8,319,719.0,0
shap_feature_selection_extratrees_p1_20260529_183134,P1_thiram_presence,Thiram Presence,8,320,720.0,0
shap_feature_selection_extratrees_p1_20260529_183134,P1_thiram_presence,Thiram Presence,8,321,721.0,0
shap_feature_selection_extratrees_p1_20260529_183134,P1_thiram_presence,Thiram Presence,8,322,722.0,0
shap_feature_selection_extratrees_p1_20260529_183134,P1_thiram_presence,Thiram Presence,8,323,723.0,0
shap_feature_selection_extratrees_p1_20260529_183134,P1_thiram_presence,Thiram Presence,8,324,724.0,0
shap_feature_selection_extratrees_p1_20260529_183134,P1_thiram_presence,Thiram Presence,8,325,725.0,0
shap_feature_selection_extratrees_p1_20260529_183134,P1_thiram_presence,Thiram Presence,8,326,726.0,0
shap_feature_selection_extratrees_p1_20260529_183134,P1_thiram_presence,Thiram Presence,8,327,727.0,0
shap_feature_selection_extratrees_p1_20260529_183134,P1_thiram_presence,Thiram Presence,8,328,728.0,0
shap_feature_selection_extratrees_p1_20260529_183134,P1_thiram_presence,Thiram Presence,8,329,729.0,0
shap_feature_selection_extratrees_p1_20260529_183134,P1_thiram_presence,Thiram Presence,8,330,730.0,0
shap_feature_selection_extratrees_p1_20260529_183134,P1_thiram_presence,Thiram Presence,8,331,731.0,0
shap_feature_selection_extratrees_p1_20260529_183134,P1_thiram_presence,Thiram Presence,8,332,732.0,0
shap_feature_selection_extratrees_p1_20260529_183134,P1_thiram_presence,Thiram Presence,8,333,733.0,0
shap_feature_selection_extratrees_p1_20260529_183134,P1_thiram_presence,Thiram Presence,8,334,734.0,0
shap_feature_selection_extratrees_p1_20260529_183134,P1_thiram_presence,Thiram Presence,8,335,735.0,0
shap_feature_selection_extratrees_p1_20260529_183134,P1_thiram_presence,Thiram Presence,8,336,736.0,0
shap_feature_selection_extratrees_p1_20260529_183134,P1_thiram_presence,Thiram Presence,8,337,737.0,0
shap_feature_selection_extratrees_p1_20260529_183134,P1_thiram_presence,Thiram Presence,8,338,738.0,0
shap_feature_selection_extratrees_p1_20260529_183134,P1_thiram_presence,Thiram Presence,8,339,739.0,0
shap_feature_selection_extratrees_p1_20260529_183134,P1_thiram_presence,Thiram Presence,8,340,740.0,0
shap_feature_selection_extratrees_p1_20260529_183134,P1_thiram_presence,Thiram Presence,8,341,741.0,0
shap_feature_selection_extratrees_p1_20260529_183134,P1_thiram_presence,Thiram Presence,8,342,742.0,0
shap_feature_selection_extratrees_p1_20260529_183134,P1_thiram_presence,Thiram Presence,8,343,743.0,0
shap_feature_selection_extratrees_p1_20260529_183134,P1_thiram_presence,Thiram Presence,8,344,744.0,0
shap_feature_selection_extratrees_p1_20260529_183134,P1_thiram_presence,Thiram Presence,8,345,745.0,0
shap_feature_selection_extratrees_p1_20260529_183134,P1_thiram_presence,Thiram Presence,8,346,746.0,0
shap_feature_selection_extratrees_p1_20260529_183134,P1_thiram_presence,Thiram Presence,8,347,747.0,0
shap_feature_selection_extratrees_p1_20260529_183134,P1_thiram_presence,Thiram Presence,8,348,748.0,0
shap_feature_selection_extratrees_p1_20260529_183134,P1_thiram_presence,Thiram Presence,8,349,749.0,0
shap_feature_selection_extratrees_p1_20260529_183134,P1_thiram_presence,Thiram Presence,8,350,750.0,0
shap_feature_selection_extratrees_p1_20260529_183134,P1_thiram_presence,Thiram Presence,8,351,751.0,0
shap_feature_selection_extratrees_p1_20260529_183134,P1_thiram_presence,Thiram Presence,8,352,752.0,0
shap_feature_selection_extratrees_p1_20260529_183134,P1_thiram_presence,Thiram Presence,8,353,753.0,0
shap_feature_selection_extratrees_p1_20260529_183134,P1_thiram_presence,Thiram Presence,8,354,754.0,1
shap_feature_selection_extratrees_p1_20260529_183134,P1_thiram_presence,Thiram Presence,8,355,755.0,0
shap_feature_selection_extratrees_p1_20260529_183134,P1_thiram_presence,Thiram Presence,8,356,756.0,0
shap_feature_selection_extratrees_p1_20260529_183134,P1_thiram_presence,Thiram Presence,8,357,757.0,0
shap_feature_selection_extratrees_p1_20260529_183134,P1_thiram_presence,Thiram Presence,8,358,758.0,0
shap_feature_selection_extratrees_p1_20260529_183134,P1_thiram_presence,Thiram Presence,8,359,759.0,0
shap_feature_selection_extratrees_p1_20260529_183134,P1_thiram_presence,Thiram Presence,8,360,760.0,0
shap_feature_selection_extratrees_p1_20260529_183134,P1_thiram_presence,Thiram Presence,8,361,761.0,0
shap_feature_selection_extratrees_p1_20260529_183134,P1_thiram_presence,Thiram Presence,8,362,762.0,1
shap_feature_selection_extratrees_p1_20260529_183134,P1_thiram_presence,Thiram Presence,8,363,763.0,1
shap_feature_selection_extratrees_p1_20260529_183134,P1_thiram_presence,Thiram Presence,8,364,764.0,1
shap_feature_selection_extratrees_p1_20260529_183134,P1_thiram_presence,Thiram Presence,8,365,765.0,1
shap_feature_selection_extratrees_p1_20260529_183134,P1_thiram_presence,Thiram Presence,8,366,766.0,1
shap_feature_selection_extratrees_p1_20260529_183134,P1_thiram_presence,Thiram Presence,8,367,767.0,1
shap_feature_selection_extratrees_p1_20260529_183134,P1_thiram_presence,Thiram Presence,8,368,768.0,1
shap_feature_selection_extratrees_p1_20260529_183134,P1_thiram_presence,Thiram Presence,8,369,769.0,1
shap_feature_selection_extratrees_p1_20260529_183134,P1_thiram_presence,Thiram Presence,8,370,770.0,1
shap_feature_selection_extratrees_p1_20260529_183134,P1_thiram_presence,Thiram Presence,8,371,771.0,1
shap_feature_selection_extratrees_p1_20260529_183134,P1_thiram_presence,Thiram Presence,8,372,772.0,1
shap_feature_selection_extratrees_p1_20260529_183134,P1_thiram_presence,Thiram Presence,8,373,773.0,1
shap_feature_selection_extratrees_p1_20260529_183134,P1_thiram_presence,Thiram Presence,8,374,774.0,1
shap_feature_selection_extratrees_p1_20260529_183134,P1_thiram_presence,Thiram Presence,8,375,775.0,1
shap_feature_selection_extratrees_p1_20260529_183134,P1_thiram_presence,Thiram Presence,8,376,776.0,0
shap_feature_selection_extratrees_p1_20260529_183134,P1_thiram_presence,Thiram Presence,8,377,777.0,1
shap_feature_selection_extratrees_p1_20260529_183134,P1_thiram_presence,Thiram Presence,8,378,778.0,0
shap_feature_selection_extratrees_p1_20260529_183134,P1_thiram_presence,Thiram Presence,8,379,779.0,1
shap_feature_selection_extratrees_p1_20260529_183134,P1_thiram_presence,Thiram Presence,8,380,780.0,1
shap_feature_selection_extratrees_p1_20260529_183134,P1_thiram_presence,Thiram Presence,8,381,781.0,0
shap_feature_selection_extratrees_p1_20260529_183134,P1_thiram_presence,Thiram Presence,8,382,782.0,0
shap_feature_selection_extratrees_p1_20260529_183134,P1_thiram_presence,Thiram Presence,8,383,783.0,0
shap_feature_selection_extratrees_p1_20260529_183134,P1_thiram_presence,Thiram Presence,8,384,784.0,1
shap_feature_selection_extratrees_p1_20260529_183134,P1_thiram_presence,Thiram Presence,8,385,785.0,0
shap_feature_selection_extratrees_p1_20260529_183134,P1_thiram_presence,Thiram Presence,8,386,786.0,1
shap_feature_selection_extratrees_p1_20260529_183134,P1_thiram_presence,Thiram Presence,8,387,787.0,0
shap_feature_selection_extratrees_p1_20260529_183134,P1_thiram_presence,Thiram Presence,8,388,788.0,0
shap_feature_selection_extratrees_p1_20260529_183134,P1_thiram_presence,Thiram Presence,8,389,789.0,0
shap_feature_selection_extratrees_p1_20260529_183134,P1_thiram_presence,Thiram Presence,8,390,790.0,0
shap_feature_selection_extratrees_p1_20260529_183134,P1_thiram_presence,Thiram Presence,8,391,791.0,0
shap_feature_selection_extratrees_p1_20260529_183134,P1_thiram_presence,Thiram Presence,8,392,792.0,0
shap_feature_selection_extratrees_p1_20260529_183134,P1_thiram_presence,Thiram Presence,8,393,793.0,0
shap_feature_selection_extratrees_p1_20260529_183134,P1_thiram_presence,Thiram Presence,8,394,794.0,0
shap_feature_selection_extratrees_p1_20260529_183134,P1_thiram_presence,Thiram Presence,8,395,795.0,0
shap_feature_selection_extratrees_p1_20260529_183134,P1_thiram_presence,Thiram Presence,8,396,796.0,0
shap_feature_selection_extratrees_p1_20260529_183134,P1_thiram_presence,Thiram Presence,8,397,797.0,0
shap_feature_selection_extratrees_p1_20260529_183134,P1_thiram_presence,Thiram Presence,8,398,798.0,0
shap_feature_selection_extratrees_p1_20260529_183134,P1_thiram_presence,Thiram Presence,8,399,799.0,0
shap_feature_selection_extratrees_p1_20260529_183134,P1_thiram_presence,Thiram Presence,8,400,800.0,0
shap_feature_selection_extratrees_p1_20260529_183134,P1_thiram_presence,Thiram Presence,8,401,801.0,0
shap_feature_selection_extratrees_p1_20260529_183134,P1_thiram_presence,Thiram Presence,8,402,802.0,0
shap_feature_selection_extratrees_p1_20260529_183134,P1_thiram_presence,Thiram Presence,8,403,803.0,0
shap_feature_selection_extratrees_p1_20260529_183134,P1_thiram_presence,Thiram Presence,8,404,804.0,0
shap_feature_selection_extratrees_p1_20260529_183134,P1_thiram_presence,Thiram Presence,8,405,805.0,0
shap_feature_selection_extratrees_p1_20260529_183134,P1_thiram_presence,Thiram Presence,8,406,806.0,0
shap_feature_selection_extratrees_p1_20260529_183134,P1_thiram_presence,Thiram Presence,8,407,807.0,0
shap_feature_selection_extratrees_p1_20260529_183134,P1_thiram_presence,Thiram Presence,8,408,808.0,0
shap_feature_selection_extratrees_p1_20260529_183134,P1_thiram_presence,Thiram Presence,8,409,809.0,0
shap_feature_selection_extratrees_p1_20260529_183134,P1_thiram_presence,Thiram Presence,8,410,810.0,0
shap_feature_selection_extratrees_p1_20260529_183134,P1_thiram_presence,Thiram Presence,8,411,811.0,0
shap_feature_selection_extratrees_p1_20260529_183134,P1_thiram_presence,Thiram Presence,8,412,812.0,0
shap_feature_selection_extratrees_p1_20260529_183134,P1_thiram_presence,Thiram Presence,8,413,813.0,0
shap_feature_selection_extratrees_p1_20260529_183134,P1_thiram_presence,Thiram Presence,8,414,814.0,0
shap_feature_selection_extratrees_p1_20260529_183134,P1_thiram_presence,Thiram Presence,8,415,815.0,0
shap_feature_selection_extratrees_p1_20260529_183134,P1_thiram_presence,Thiram Presence,8,416,816.0,0
shap_feature_selection_extratrees_p1_20260529_183134,P1_thiram_presence,Thiram Presence,8,417,817.0,0
shap_feature_selection_extratrees_p1_20260529_183134,P1_thiram_presence,Thiram Presence,8,418,818.0,0
shap_feature_selection_extratrees_p1_20260529_183134,P1_thiram_presence,Thiram Presence,8,419,819.0,0
shap_feature_selection_extratrees_p1_20260529_183134,P1_thiram_presence,Thiram Presence,8,420,820.0,0
shap_feature_selection_extratrees_p1_20260529_183134,P1_thiram_presence,Thiram Presence,8,421,821.0,0
shap_feature_selection_extratrees_p1_20260529_183134,P1_thiram_presence,Thiram Presence,8,422,822.0,0
shap_feature_selection_extratrees_p1_20260529_183134,P1_thiram_presence,Thiram Presence,8,423,823.0,0
shap_feature_selection_extratrees_p1_20260529_183134,P1_thiram_presence,Thiram Presence,8,424,824.0,0
shap_feature_selection_extratrees_p1_20260529_183134,P1_thiram_presence,Thiram Presence,8,425,825.0,0
shap_feature_selection_extratrees_p1_20260529_183134,P1_thiram_presence,Thiram Presence,8,426,826.0,0
shap_feature_selection_extratrees_p1_20260529_183134,P1_thiram_presence,Thiram Presence,8,427,827.0,0
shap_feature_selection_extratrees_p1_20260529_183134,P1_thiram_presence,Thiram Presence,8,428,828.0,0
shap_feature_selection_extratrees_p1_20260529_183134,P1_thiram_presence,Thiram Presence,8,429,829.0,0
shap_feature_selection_extratrees_p1_20260529_183134,P1_thiram_presence,Thiram Presence,8,430,830.0,0
shap_feature_selection_extratrees_p1_20260529_183134,P1_thiram_presence,Thiram Presence,8,431,831.0,0
shap_feature_selection_extratrees_p1_20260529_183134,P1_thiram_presence,Thiram Presence,8,432,832.0,0
shap_feature_selection_extratrees_p1_20260529_183134,P1_thiram_presence,Thiram Presence,8,433,833.0,0
shap_feature_selection_extratrees_p1_20260529_183134,P1_thiram_presence,Thiram Presence,8,434,834.0,0
shap_feature_selection_extratrees_p1_20260529_183134,P1_thiram_presence,Thiram Presence,8,435,835.0,0
shap_feature_selection_extratrees_p1_20260529_183134,P1_thiram_presence,Thiram Presence,8,436,836.0,0
shap_feature_selection_extratrees_p1_20260529_183134,P1_thiram_presence,Thiram Presence,8,437,837.0,0
shap_feature_selection_extratrees_p1_20260529_183134,P1_thiram_presence,Thiram Presence,8,438,838.0,0
shap_feature_selection_extratrees_p1_20260529_183134,P1_thiram_presence,Thiram Presence,8,439,839.0,0
shap_feature_selection_extratrees_p1_20260529_183134,P1_thiram_presence,Thiram Presence,8,440,840.0,0
shap_feature_selection_extratrees_p1_20260529_183134,P1_thiram_presence,Thiram Presence,8,441,841.0,0
shap_feature_selection_extratrees_p1_20260529_183134,P1_thiram_presence,Thiram Presence,8,442,842.0,0
shap_feature_selection_extratrees_p1_20260529_183134,P1_thiram_presence,Thiram Presence,8,443,843.0,0
shap_feature_selection_extratrees_p1_20260529_183134,P1_thiram_presence,Thiram Presence,8,444,844.0,0
shap_feature_selection_extratrees_p1_20260529_183134,P1_thiram_presence,Thiram Presence,8,445,845.0,0
shap_feature_selection_extratrees_p1_20260529_183134,P1_thiram_presence,Thiram Presence,8,446,846.0,0
shap_feature_selection_extratrees_p1_20260529_183134,P1_thiram_presence,Thiram Presence,8,447,847.0,0
shap_feature_selection_extratrees_p1_20260529_183134,P1_thiram_presence,Thiram Presence,8,448,848.0,0
shap_feature_selection_extratrees_p1_20260529_183134,P1_thiram_presence,Thiram Presence,8,449,849.0,0
shap_feature_selection_extratrees_p1_20260529_183134,P1_thiram_presence,Thiram Presence,8,450,850.0,0
shap_feature_selection_extratrees_p1_20260529_183134,P1_thiram_presence,Thiram Presence,8,451,851.0,0
shap_feature_selection_extratrees_p1_20260529_183134,P1_thiram_presence,Thiram Presence,8,452,852.0,0
shap_feature_selection_extratrees_p1_20260529_183134,P1_thiram_presence,Thiram Presence,8,453,853.0,0
shap_feature_selection_extratrees_p1_20260529_183134,P1_thiram_presence,Thiram Presence,8,454,854.0,0
shap_feature_selection_extratrees_p1_20260529_183134,P1_thiram_presence,Thiram Presence,8,455,855.0,0
shap_feature_selection_extratrees_p1_20260529_183134,P1_thiram_presence,Thiram Presence,8,456,856.0,0
shap_feature_selection_extratrees_p1_20260529_183134,P1_thiram_presence,Thiram Presence,8,457,857.0,0
shap_feature_selection_extratrees_p1_20260529_183134,P1_thiram_presence,Thiram Presence,8,458,858.0,0
shap_feature_selection_extratrees_p1_20260529_183134,P1_thiram_presence,Thiram Presence,8,459,859.0,0
shap_feature_selection_extratrees_p1_20260529_183134,P1_thiram_presence,Thiram Presence,8,460,860.0,0
shap_feature_selection_extratrees_p1_20260529_183134,P1_thiram_presence,Thiram Presence,8,461,861.0,0
shap_feature_selection_extratrees_p1_20260529_183134,P1_thiram_presence,Thiram Presence,8,462,862.0,0
shap_feature_selection_extratrees_p1_20260529_183134,P1_thiram_presence,Thiram Presence,8,463,863.0,0
shap_feature_selection_extratrees_p1_20260529_183134,P1_thiram_presence,Thiram Presence,8,464,864.0,0
shap_feature_selection_extratrees_p1_20260529_183134,P1_thiram_presence,Thiram Presence,8,465,865.0,0
shap_feature_selection_extratrees_p1_20260529_183134,P1_thiram_presence,Thiram Presence,8,466,866.0,0
shap_feature_selection_extratrees_p1_20260529_183134,P1_thiram_presence,Thiram Presence,8,467,867.0,0
shap_feature_selection_extratrees_p1_20260529_183134,P1_thiram_presence,Thiram Presence,8,468,868.0,0
shap_feature_selection_extratrees_p1_20260529_183134,P1_thiram_presence,Thiram Presence,8,469,869.0,0
shap_feature_selection_extratrees_p1_20260529_183134,P1_thiram_presence,Thiram Presence,8,470,870.0,0
shap_feature_selection_extratrees_p1_20260529_183134,P1_thiram_presence,Thiram Presence,8,471,871.0,0
shap_feature_selection_extratrees_p1_20260529_183134,P1_thiram_presence,Thiram Presence,8,472,872.0,0
shap_feature_selection_extratrees_p1_20260529_183134,P1_thiram_presence,Thiram Presence,8,473,873.0,0
shap_feature_selection_extratrees_p1_20260529_183134,P1_thiram_presence,Thiram Presence,8,474,874.0,0
shap_feature_selection_extratrees_p1_20260529_183134,P1_thiram_presence,Thiram Presence,8,475,875.0,0
shap_feature_selection_extratrees_p1_20260529_183134,P1_thiram_presence,Thiram Presence,8,476,876.0,0
shap_feature_selection_extratrees_p1_20260529_183134,P1_thiram_presence,Thiram Presence,8,477,877.0,0
shap_feature_selection_extratrees_p1_20260529_183134,P1_thiram_presence,Thiram Presence,8,478,878.0,0
shap_feature_selection_extratrees_p1_20260529_183134,P1_thiram_presence,Thiram Presence,8,479,879.0,0
shap_feature_selection_extratrees_p1_20260529_183134,P1_thiram_presence,Thiram Presence,8,480,880.0,0
shap_feature_selection_extratrees_p1_20260529_183134,P1_thiram_presence,Thiram Presence,8,481,881.0,0
shap_feature_selection_extratrees_p1_20260529_183134,P1_thiram_presence,Thiram Presence,8,482,882.0,0
shap_feature_selection_extratrees_p1_20260529_183134,P1_thiram_presence,Thiram Presence,8,483,883.0,0
shap_feature_selection_extratrees_p1_20260529_183134,P1_thiram_presence,Thiram Presence,8,484,884.0,0
shap_feature_selection_extratrees_p1_20260529_183134,P1_thiram_presence,Thiram Presence,8,485,885.0,0
shap_feature_selection_extratrees_p1_20260529_183134,P1_thiram_presence,Thiram Presence,8,486,886.0,0
shap_feature_selection_extratrees_p1_20260529_183134,P1_thiram_presence,Thiram Presence,8,487,887.0,0
shap_feature_selection_extratrees_p1_20260529_183134,P1_thiram_presence,Thiram Presence,8,488,888.0,0
shap_feature_selection_extratrees_p1_20260529_183134,P1_thiram_presence,Thiram Presence,8,489,889.0,0
shap_feature_selection_extratrees_p1_20260529_183134,P1_thiram_presence,Thiram Presence,8,490,890.0,0
shap_feature_selection_extratrees_p1_20260529_183134,P1_thiram_presence,Thiram Presence,8,491,891.0,0
shap_feature_selection_extratrees_p1_20260529_183134,P1_thiram_presence,Thiram Presence,8,492,892.0,0
shap_feature_selection_extratrees_p1_20260529_183134,P1_thiram_presence,Thiram Presence,8,493,893.0,0
shap_feature_selection_extratrees_p1_20260529_183134,P1_thiram_presence,Thiram Presence,8,494,894.0,0
shap_feature_selection_extratrees_p1_20260529_183134,P1_thiram_presence,Thiram Presence,8,495,895.0,0
shap_feature_selection_extratrees_p1_20260529_183134,P1_thiram_presence,Thiram Presence,8,496,896.0,0
shap_feature_selection_extratrees_p1_20260529_183134,P1_thiram_presence,Thiram Presence,8,497,897.0,0
shap_feature_selection_extratrees_p1_20260529_183134,P1_thiram_presence,Thiram Presence,8,498,898.0,0
shap_feature_selection_extratrees_p1_20260529_183134,P1_thiram_presence,Thiram Presence,8,499,899.0,0
shap_feature_selection_extratrees_p1_20260529_183134,P1_thiram_presence,Thiram Presence,8,500,900.0,0
shap_feature_selection_extratrees_p1_20260529_183134,P1_thiram_presence,Thiram Presence,8,501,901.0,0
shap_feature_selection_extratrees_p1_20260529_183134,P1_thiram_presence,Thiram Presence,8,502,902.0,0
shap_feature_selection_extratrees_p1_20260529_183134,P1_thiram_presence,Thiram Presence,8,503,903.0,0
shap_feature_selection_extratrees_p1_20260529_183134,P1_thiram_presence,Thiram Presence,8,504,904.0,0
shap_feature_selection_extratrees_p1_20260529_183134,P1_thiram_presence,Thiram Presence,8,505,905.0,0
shap_feature_selection_extratrees_p1_20260529_183134,P1_thiram_presence,Thiram Presence,8,506,906.0,0
shap_feature_selection_extratrees_p1_20260529_183134,P1_thiram_presence,Thiram Presence,8,507,907.0,0
shap_feature_selection_extratrees_p1_20260529_183134,P1_thiram_presence,Thiram Presence,8,508,908.0,0
shap_feature_selection_extratrees_p1_20260529_183134,P1_thiram_presence,Thiram Presence,8,509,909.0,0
shap_feature_selection_extratrees_p1_20260529_183134,P1_thiram_presence,Thiram Presence,8,510,910.0,0
shap_feature_selection_extratrees_p1_20260529_183134,P1_thiram_presence,Thiram Presence,8,511,911.0,0
shap_feature_selection_extratrees_p1_20260529_183134,P1_thiram_presence,Thiram Presence,8,512,912.0,0
shap_feature_selection_extratrees_p1_20260529_183134,P1_thiram_presence,Thiram Presence,8,513,913.0,0
shap_feature_selection_extratrees_p1_20260529_183134,P1_thiram_presence,Thiram Presence,8,514,914.0,0
shap_feature_selection_extratrees_p1_20260529_183134,P1_thiram_presence,Thiram Presence,8,515,915.0,0
shap_feature_selection_extratrees_p1_20260529_183134,P1_thiram_presence,Thiram Presence,8,516,916.0,1
shap_feature_selection_extratrees_p1_20260529_183134,P1_thiram_presence,Thiram Presence,8,517,917.0,1
shap_feature_selection_extratrees_p1_20260529_183134,P1_thiram_presence,Thiram Presence,8,518,918.0,1
shap_feature_selection_extratrees_p1_20260529_183134,P1_thiram_presence,Thiram Presence,8,519,919.0,1
shap_feature_selection_extratrees_p1_20260529_183134,P1_thiram_presence,Thiram Presence,8,520,920.0,1
shap_feature_selection_extratrees_p1_20260529_183134,P1_thiram_presence,Thiram Presence,8,521,921.0,1
shap_feature_selection_extratrees_p1_20260529_183134,P1_thiram_presence,Thiram Presence,8,522,922.0,1
shap_feature_selection_extratrees_p1_20260529_183134,P1_thiram_presence,Thiram Presence,8,523,923.0,1
shap_feature_selection_extratrees_p1_20260529_183134,P1_thiram_presence,Thiram Presence,8,524,924.0,1
shap_feature_selection_extratrees_p1_20260529_183134,P1_thiram_presence,Thiram Presence,8,525,925.0,1
shap_feature_selection_extratrees_p1_20260529_183134,P1_thiram_presence,Thiram Presence,8,526,926.0,1
shap_feature_selection_extratrees_p1_20260529_183134,P1_thiram_presence,Thiram Presence,8,527,927.0,1
shap_feature_selection_extratrees_p1_20260529_183134,P1_thiram_presence,Thiram Presence,8,528,928.0,1
shap_feature_selection_extratrees_p1_20260529_183134,P1_thiram_presence,Thiram Presence,8,529,929.0,0
shap_feature_selection_extratrees_p1_20260529_183134,P1_thiram_presence,Thiram Presence,8,530,930.0,0
shap_feature_selection_extratrees_p1_20260529_183134,P1_thiram_presence,Thiram Presence,8,531,931.0,0
shap_feature_selection_extratrees_p1_20260529_183134,P1_thiram_presence,Thiram Presence,8,532,932.0,0
shap_feature_selection_extratrees_p1_20260529_183134,P1_thiram_presence,Thiram Presence,8,533,933.0,0
shap_feature_selection_extratrees_p1_20260529_183134,P1_thiram_presence,Thiram Presence,8,534,934.0,0
shap_feature_selection_extratrees_p1_20260529_183134,P1_thiram_presence,Thiram Presence,8,535,935.0,0
shap_feature_selection_extratrees_p1_20260529_183134,P1_thiram_presence,Thiram Presence,8,536,936.0,0
shap_feature_selection_extratrees_p1_20260529_183134,P1_thiram_presence,Thiram Presence,8,537,937.0,0
shap_feature_selection_extratrees_p1_20260529_183134,P1_thiram_presence,Thiram Presence,8,538,938.0,0
shap_feature_selection_extratrees_p1_20260529_183134,P1_thiram_presence,Thiram Presence,8,539,939.0,0
shap_feature_selection_extratrees_p1_20260529_183134,P1_thiram_presence,Thiram Presence,8,540,940.0,0
shap_feature_selection_extratrees_p1_20260529_183134,P1_thiram_presence,Thiram Presence,8,541,941.0,0
shap_feature_selection_extratrees_p1_20260529_183134,P1_thiram_presence,Thiram Presence,8,542,942.0,0
shap_feature_selection_extratrees_p1_20260529_183134,P1_thiram_presence,Thiram Presence,8,543,943.0,0
shap_feature_selection_extratrees_p1_20260529_183134,P1_thiram_presence,Thiram Presence,8,544,944.0,0
shap_feature_selection_extratrees_p1_20260529_183134,P1_thiram_presence,Thiram Presence,8,545,945.0,0
shap_feature_selection_extratrees_p1_20260529_183134,P1_thiram_presence,Thiram Presence,8,546,946.0,0
shap_feature_selection_extratrees_p1_20260529_183134,P1_thiram_presence,Thiram Presence,8,547,947.0,0
shap_feature_selection_extratrees_p1_20260529_183134,P1_thiram_presence,Thiram Presence,8,548,948.0,0
shap_feature_selection_extratrees_p1_20260529_183134,P1_thiram_presence,Thiram Presence,8,549,949.0,0
shap_feature_selection_extratrees_p1_20260529_183134,P1_thiram_presence,Thiram Presence,8,550,950.0,0
shap_feature_selection_extratrees_p1_20260529_183134,P1_thiram_presence,Thiram Presence,8,551,951.0,0
shap_feature_selection_extratrees_p1_20260529_183134,P1_thiram_presence,Thiram Presence,8,552,952.0,0
shap_feature_selection_extratrees_p1_20260529_183134,P1_thiram_presence,Thiram Presence,8,553,953.0,0
shap_feature_selection_extratrees_p1_20260529_183134,P1_thiram_presence,Thiram Presence,8,554,954.0,0
shap_feature_selection_extratrees_p1_20260529_183134,P1_thiram_presence,Thiram Presence,8,555,955.0,0
shap_feature_selection_extratrees_p1_20260529_183134,P1_thiram_presence,Thiram Presence,8,556,956.0,0
shap_feature_selection_extratrees_p1_20260529_183134,P1_thiram_presence,Thiram Presence,8,557,957.0,0
shap_feature_selection_extratrees_p1_20260529_183134,P1_thiram_presence,Thiram Presence,8,558,958.0,0
shap_feature_selection_extratrees_p1_20260529_183134,P1_thiram_presence,Thiram Presence,8,559,959.0,0
shap_feature_selection_extratrees_p1_20260529_183134,P1_thiram_presence,Thiram Presence,8,560,960.0,0
shap_feature_selection_extratrees_p1_20260529_183134,P1_thiram_presence,Thiram Presence,8,561,961.0,0
shap_feature_selection_extratrees_p1_20260529_183134,P1_thiram_presence,Thiram Presence,8,562,962.0,1
shap_feature_selection_extratrees_p1_20260529_183134,P1_thiram_presence,Thiram Presence,8,563,963.0,0
shap_feature_selection_extratrees_p1_20260529_183134,P1_thiram_presence,Thiram Presence,8,564,964.0,0
shap_feature_selection_extratrees_p1_20260529_183134,P1_thiram_presence,Thiram Presence,8,565,965.0,0
shap_feature_selection_extratrees_p1_20260529_183134,P1_thiram_presence,Thiram Presence,8,566,966.0,0
shap_feature_selection_extratrees_p1_20260529_183134,P1_thiram_presence,Thiram Presence,8,567,967.0,0
shap_feature_selection_extratrees_p1_20260529_183134,P1_thiram_presence,Thiram Presence,8,568,968.0,0
shap_feature_selection_extratrees_p1_20260529_183134,P1_thiram_presence,Thiram Presence,8,569,969.0,0
shap_feature_selection_extratrees_p1_20260529_183134,P1_thiram_presence,Thiram Presence,8,570,970.0,0
shap_feature_selection_extratrees_p1_20260529_183134,P1_thiram_presence,Thiram Presence,8,571,971.0,0
shap_feature_selection_extratrees_p1_20260529_183134,P1_thiram_presence,Thiram Presence,8,572,972.0,0
shap_feature_selection_extratrees_p1_20260529_183134,P1_thiram_presence,Thiram Presence,8,573,973.0,0
shap_feature_selection_extratrees_p1_20260529_183134,P1_thiram_presence,Thiram Presence,8,574,974.0,0
shap_feature_selection_extratrees_p1_20260529_183134,P1_thiram_presence,Thiram Presence,8,575,975.0,0
shap_feature_selection_extratrees_p1_20260529_183134,P1_thiram_presence,Thiram Presence,8,576,976.0,0
shap_feature_selection_extratrees_p1_20260529_183134,P1_thiram_presence,Thiram Presence,8,577,977.0,0
shap_feature_selection_extratrees_p1_20260529_183134,P1_thiram_presence,Thiram Presence,8,578,978.0,1
shap_feature_selection_extratrees_p1_20260529_183134,P1_thiram_presence,Thiram Presence,8,579,979.0,0
shap_feature_selection_extratrees_p1_20260529_183134,P1_thiram_presence,Thiram Presence,8,580,980.0,0
shap_feature_selection_extratrees_p1_20260529_183134,P1_thiram_presence,Thiram Presence,8,581,981.0,0
shap_feature_selection_extratrees_p1_20260529_183134,P1_thiram_presence,Thiram Presence,8,582,982.0,0
shap_feature_selection_extratrees_p1_20260529_183134,P1_thiram_presence,Thiram Presence,8,583,983.0,0
shap_feature_selection_extratrees_p1_20260529_183134,P1_thiram_presence,Thiram Presence,8,584,984.0,0
shap_feature_selection_extratrees_p1_20260529_183134,P1_thiram_presence,Thiram Presence,8,585,985.0,0
shap_feature_selection_extratrees_p1_20260529_183134,P1_thiram_presence,Thiram Presence,8,586,986.0,0
shap_feature_selection_extratrees_p1_20260529_183134,P1_thiram_presence,Thiram Presence,8,587,987.0,0
shap_feature_selection_extratrees_p1_20260529_183134,P1_thiram_presence,Thiram Presence,8,588,988.0,0
shap_feature_selection_extratrees_p1_20260529_183134,P1_thiram_presence,Thiram Presence,8,589,989.0,0
shap_feature_selection_extratrees_p1_20260529_183134,P1_thiram_presence,Thiram Presence,8,590,990.0,0
shap_feature_selection_extratrees_p1_20260529_183134,P1_thiram_presence,Thiram Presence,8,591,991.0,0
shap_feature_selection_extratrees_p1_20260529_183134,P1_thiram_presence,Thiram Presence,8,592,992.0,0
shap_feature_selection_extratrees_p1_20260529_183134,P1_thiram_presence,Thiram Presence,8,593,993.0,0
shap_feature_selection_extratrees_p1_20260529_183134,P1_thiram_presence,Thiram Presence,8,594,994.0,0
shap_feature_selection_extratrees_p1_20260529_183134,P1_thiram_presence,Thiram Presence,8,595,995.0,0
shap_feature_selection_extratrees_p1_20260529_183134,P1_thiram_presence,Thiram Presence,8,596,996.0,0
shap_feature_selection_extratrees_p1_20260529_183134,P1_thiram_presence,Thiram Presence,8,597,997.0,0
shap_feature_selection_extratrees_p1_20260529_183134,P1_thiram_presence,Thiram Presence,8,598,998.0,0
shap_feature_selection_extratrees_p1_20260529_183134,P1_thiram_presence,Thiram Presence,8,599,999.0,0
shap_feature_selection_extratrees_p1_20260529_183134,P1_thiram_presence,Thiram Presence,8,600,1000.0,0
shap_feature_selection_extratrees_p1_20260529_183134,P1_thiram_presence,Thiram Presence,8,601,1001.0,0
shap_feature_selection_extratrees_p1_20260529_183134,P1_thiram_presence,Thiram Presence,8,602,1002.0,1
shap_feature_selection_extratrees_p1_20260529_183134,P1_thiram_presence,Thiram Presence,8,603,1003.0,0
shap_feature_selection_extratrees_p1_20260529_183134,P1_thiram_presence,Thiram Presence,8,604,1004.0,0
shap_feature_selection_extratrees_p1_20260529_183134,P1_thiram_presence,Thiram Presence,8,605,1005.0,0
shap_feature_selection_extratrees_p1_20260529_183134,P1_thiram_presence,Thiram Presence,8,606,1006.0,0
shap_feature_selection_extratrees_p1_20260529_183134,P1_thiram_presence,Thiram Presence,8,607,1007.0,0
shap_feature_selection_extratrees_p1_20260529_183134,P1_thiram_presence,Thiram Presence,8,608,1008.0,0
shap_feature_selection_extratrees_p1_20260529_183134,P1_thiram_presence,Thiram Presence,8,609,1009.0,0
shap_feature_selection_extratrees_p1_20260529_183134,P1_thiram_presence,Thiram Presence,8,610,1010.0,0
shap_feature_selection_extratrees_p1_20260529_183134,P1_thiram_presence,Thiram Presence,8,611,1011.0,0
shap_feature_selection_extratrees_p1_20260529_183134,P1_thiram_presence,Thiram Presence,8,612,1012.0,0
shap_feature_selection_extratrees_p1_20260529_183134,P1_thiram_presence,Thiram Presence,8,613,1013.0,0
shap_feature_selection_extratrees_p1_20260529_183134,P1_thiram_presence,Thiram Presence,8,614,1014.0,0
shap_feature_selection_extratrees_p1_20260529_183134,P1_thiram_presence,Thiram Presence,8,615,1015.0,0
shap_feature_selection_extratrees_p1_20260529_183134,P1_thiram_presence,Thiram Presence,8,616,1016.0,0
shap_feature_selection_extratrees_p1_20260529_183134,P1_thiram_presence,Thiram Presence,8,617,1017.0,0
shap_feature_selection_extratrees_p1_20260529_183134,P1_thiram_presence,Thiram Presence,8,618,1018.0,0
shap_feature_selection_extratrees_p1_20260529_183134,P1_thiram_presence,Thiram Presence,8,619,1019.0,0
shap_feature_selection_extratrees_p1_20260529_183134,P1_thiram_presence,Thiram Presence,8,620,1020.0,0
shap_feature_selection_extratrees_p1_20260529_183134,P1_thiram_presence,Thiram Presence,8,621,1021.0,0
shap_feature_selection_extratrees_p1_20260529_183134,P1_thiram_presence,Thiram Presence,8,622,1022.0,0
shap_feature_selection_extratrees_p1_20260529_183134,P1_thiram_presence,Thiram Presence,8,623,1023.0,0
shap_feature_selection_extratrees_p1_20260529_183134,P1_thiram_presence,Thiram Presence,8,624,1024.0,0
shap_feature_selection_extratrees_p1_20260529_183134,P1_thiram_presence,Thiram Presence,8,625,1025.0,0
shap_feature_selection_extratrees_p1_20260529_183134,P1_thiram_presence,Thiram Presence,8,626,1026.0,0
shap_feature_selection_extratrees_p1_20260529_183134,P1_thiram_presence,Thiram Presence,8,627,1027.0,0
shap_feature_selection_extratrees_p1_20260529_183134,P1_thiram_presence,Thiram Presence,8,628,1028.0,0
shap_feature_selection_extratrees_p1_20260529_183134,P1_thiram_presence,Thiram Presence,8,629,1029.0,0
shap_feature_selection_extratrees_p1_20260529_183134,P1_thiram_presence,Thiram Presence,8,630,1030.0,0
shap_feature_selection_extratrees_p1_20260529_183134,P1_thiram_presence,Thiram Presence,8,631,1031.0,0
shap_feature_selection_extratrees_p1_20260529_183134,P1_thiram_presence,Thiram Presence,8,632,1032.0,0
shap_feature_selection_extratrees_p1_20260529_183134,P1_thiram_presence,Thiram Presence,8,633,1033.0,0
shap_feature_selection_extratrees_p1_20260529_183134,P1_thiram_presence,Thiram Presence,8,634,1034.0,0
shap_feature_selection_extratrees_p1_20260529_183134,P1_thiram_presence,Thiram Presence,8,635,1035.0,0
shap_feature_selection_extratrees_p1_20260529_183134,P1_thiram_presence,Thiram Presence,8,636,1036.0,0
shap_feature_selection_extratrees_p1_20260529_183134,P1_thiram_presence,Thiram Presence,8,637,1037.0,0
shap_feature_selection_extratrees_p1_20260529_183134,P1_thiram_presence,Thiram Presence,8,638,1038.0,0
shap_feature_selection_extratrees_p1_20260529_183134,P1_thiram_presence,Thiram Presence,8,639,1039.0,0
shap_feature_selection_extratrees_p1_20260529_183134,P1_thiram_presence,Thiram Presence,8,640,1040.0,0
shap_feature_selection_extratrees_p1_20260529_183134,P1_thiram_presence,Thiram Presence,8,641,1041.0,0
shap_feature_selection_extratrees_p1_20260529_183134,P1_thiram_presence,Thiram Presence,8,642,1042.0,0
shap_feature_selection_extratrees_p1_20260529_183134,P1_thiram_presence,Thiram Presence,8,643,1043.0,0
shap_feature_selection_extratrees_p1_20260529_183134,P1_thiram_presence,Thiram Presence,8,644,1044.0,0
shap_feature_selection_extratrees_p1_20260529_183134,P1_thiram_presence,Thiram Presence,8,645,1045.0,0
shap_feature_selection_extratrees_p1_20260529_183134,P1_thiram_presence,Thiram Presence,8,646,1046.0,0
shap_feature_selection_extratrees_p1_20260529_183134,P1_thiram_presence,Thiram Presence,8,647,1047.0,0
shap_feature_selection_extratrees_p1_20260529_183134,P1_thiram_presence,Thiram Presence,8,648,1048.0,0
shap_feature_selection_extratrees_p1_20260529_183134,P1_thiram_presence,Thiram Presence,8,649,1049.0,0
shap_feature_selection_extratrees_p1_20260529_183134,P1_thiram_presence,Thiram Presence,8,650,1050.0,0
shap_feature_selection_extratrees_p1_20260529_183134,P1_thiram_presence,Thiram Presence,8,651,1051.0,0
shap_feature_selection_extratrees_p1_20260529_183134,P1_thiram_presence,Thiram Presence,8,652,1052.0,0
shap_feature_selection_extratrees_p1_20260529_183134,P1_thiram_presence,Thiram Presence,8,653,1053.0,0
shap_feature_selection_extratrees_p1_20260529_183134,P1_thiram_presence,Thiram Presence,8,654,1054.0,0
shap_feature_selection_extratrees_p1_20260529_183134,P1_thiram_presence,Thiram Presence,8,655,1055.0,0
shap_feature_selection_extratrees_p1_20260529_183134,P1_thiram_presence,Thiram Presence,8,656,1056.0,0
shap_feature_selection_extratrees_p1_20260529_183134,P1_thiram_presence,Thiram Presence,8,657,1057.0,0
shap_feature_selection_extratrees_p1_20260529_183134,P1_thiram_presence,Thiram Presence,8,658,1058.0,0
shap_feature_selection_extratrees_p1_20260529_183134,P1_thiram_presence,Thiram Presence,8,659,1059.0,0
shap_feature_selection_extratrees_p1_20260529_183134,P1_thiram_presence,Thiram Presence,8,660,1060.0,0
shap_feature_selection_extratrees_p1_20260529_183134,P1_thiram_presence,Thiram Presence,8,661,1061.0,0
shap_feature_selection_extratrees_p1_20260529_183134,P1_thiram_presence,Thiram Presence,8,662,1062.0,1
shap_feature_selection_extratrees_p1_20260529_183134,P1_thiram_presence,Thiram Presence,8,663,1063.0,0
shap_feature_selection_extratrees_p1_20260529_183134,P1_thiram_presence,Thiram Presence,8,664,1064.0,0
shap_feature_selection_extratrees_p1_20260529_183134,P1_thiram_presence,Thiram Presence,8,665,1065.0,0
shap_feature_selection_extratrees_p1_20260529_183134,P1_thiram_presence,Thiram Presence,8,666,1066.0,0
shap_feature_selection_extratrees_p1_20260529_183134,P1_thiram_presence,Thiram Presence,8,667,1067.0,0
shap_feature_selection_extratrees_p1_20260529_183134,P1_thiram_presence,Thiram Presence,8,668,1068.0,0
shap_feature_selection_extratrees_p1_20260529_183134,P1_thiram_presence,Thiram Presence,8,669,1069.0,0
shap_feature_selection_extratrees_p1_20260529_183134,P1_thiram_presence,Thiram Presence,8,670,1070.0,0
shap_feature_selection_extratrees_p1_20260529_183134,P1_thiram_presence,Thiram Presence,8,671,1071.0,0
shap_feature_selection_extratrees_p1_20260529_183134,P1_thiram_presence,Thiram Presence,8,672,1072.0,0
shap_feature_selection_extratrees_p1_20260529_183134,P1_thiram_presence,Thiram Presence,8,673,1073.0,0
shap_feature_selection_extratrees_p1_20260529_183134,P1_thiram_presence,Thiram Presence,8,674,1074.0,0
shap_feature_selection_extratrees_p1_20260529_183134,P1_thiram_presence,Thiram Presence,8,675,1075.0,0
shap_feature_selection_extratrees_p1_20260529_183134,P1_thiram_presence,Thiram Presence,8,676,1076.0,0
shap_feature_selection_extratrees_p1_20260529_183134,P1_thiram_presence,Thiram Presence,8,677,1077.0,0
shap_feature_selection_extratrees_p1_20260529_183134,P1_thiram_presence,Thiram Presence,8,678,1078.0,0
shap_feature_selection_extratrees_p1_20260529_183134,P1_thiram_presence,Thiram Presence,8,679,1079.0,0
shap_feature_selection_extratrees_p1_20260529_183134,P1_thiram_presence,Thiram Presence,8,680,1080.0,0
shap_feature_selection_extratrees_p1_20260529_183134,P1_thiram_presence,Thiram Presence,8,681,1081.0,0
shap_feature_selection_extratrees_p1_20260529_183134,P1_thiram_presence,Thiram Presence,8,682,1082.0,0
shap_feature_selection_extratrees_p1_20260529_183134,P1_thiram_presence,Thiram Presence,8,683,1083.0,0
shap_feature_selection_extratrees_p1_20260529_183134,P1_thiram_presence,Thiram Presence,8,684,1084.0,0
shap_feature_selection_extratrees_p1_20260529_183134,P1_thiram_presence,Thiram Presence,8,685,1085.0,0
shap_feature_selection_extratrees_p1_20260529_183134,P1_thiram_presence,Thiram Presence,8,686,1086.0,0
shap_feature_selection_extratrees_p1_20260529_183134,P1_thiram_presence,Thiram Presence,8,687,1087.0,0
shap_feature_selection_extratrees_p1_20260529_183134,P1_thiram_presence,Thiram Presence,8,688,1088.0,0
shap_feature_selection_extratrees_p1_20260529_183134,P1_thiram_presence,Thiram Presence,8,689,1089.0,0
shap_feature_selection_extratrees_p1_20260529_183134,P1_thiram_presence,Thiram Presence,8,690,1090.0,0
shap_feature_selection_extratrees_p1_20260529_183134,P1_thiram_presence,Thiram Presence,8,691,1091.0,0
shap_feature_selection_extratrees_p1_20260529_183134,P1_thiram_presence,Thiram Presence,8,692,1092.0,0
shap_feature_selection_extratrees_p1_20260529_183134,P1_thiram_presence,Thiram Presence,8,693,1093.0,0
shap_feature_selection_extratrees_p1_20260529_183134,P1_thiram_presence,Thiram Presence,8,694,1094.0,0
shap_feature_selection_extratrees_p1_20260529_183134,P1_thiram_presence,Thiram Presence,8,695,1095.0,0
shap_feature_selection_extratrees_p1_20260529_183134,P1_thiram_presence,Thiram Presence,8,696,1096.0,0
shap_feature_selection_extratrees_p1_20260529_183134,P1_thiram_presence,Thiram Presence,8,697,1097.0,0
shap_feature_selection_extratrees_p1_20260529_183134,P1_thiram_presence,Thiram Presence,8,698,1098.0,0
shap_feature_selection_extratrees_p1_20260529_183134,P1_thiram_presence,Thiram Presence,8,699,1099.0,0
shap_feature_selection_extratrees_p1_20260529_183134,P1_thiram_presence,Thiram Presence,8,700,1100.0,0
shap_feature_selection_extratrees_p1_20260529_183134,P1_thiram_presence,Thiram Presence,8,701,1101.0,0
shap_feature_selection_extratrees_p1_20260529_183134,P1_thiram_presence,Thiram Presence,8,702,1102.0,0
shap_feature_selection_extratrees_p1_20260529_183134,P1_thiram_presence,Thiram Presence,8,703,1103.0,0
shap_feature_selection_extratrees_p1_20260529_183134,P1_thiram_presence,Thiram Presence,8,704,1104.0,0
shap_feature_selection_extratrees_p1_20260529_183134,P1_thiram_presence,Thiram Presence,8,705,1105.0,0
shap_feature_selection_extratrees_p1_20260529_183134,P1_thiram_presence,Thiram Presence,8,706,1106.0,0
shap_feature_selection_extratrees_p1_20260529_183134,P1_thiram_presence,Thiram Presence,8,707,1107.0,0
shap_feature_selection_extratrees_p1_20260529_183134,P1_thiram_presence,Thiram Presence,8,708,1108.0,0
shap_feature_selection_extratrees_p1_20260529_183134,P1_thiram_presence,Thiram Presence,8,709,1109.0,0
shap_feature_selection_extratrees_p1_20260529_183134,P1_thiram_presence,Thiram Presence,8,710,1110.0,0
shap_feature_selection_extratrees_p1_20260529_183134,P1_thiram_presence,Thiram Presence,8,711,1111.0,0
shap_feature_selection_extratrees_p1_20260529_183134,P1_thiram_presence,Thiram Presence,8,712,1112.0,0
shap_feature_selection_extratrees_p1_20260529_183134,P1_thiram_presence,Thiram Presence,8,713,1113.0,0
shap_feature_selection_extratrees_p1_20260529_183134,P1_thiram_presence,Thiram Presence,8,714,1114.0,0
shap_feature_selection_extratrees_p1_20260529_183134,P1_thiram_presence,Thiram Presence,8,715,1115.0,0
shap_feature_selection_extratrees_p1_20260529_183134,P1_thiram_presence,Thiram Presence,8,716,1116.0,0
shap_feature_selection_extratrees_p1_20260529_183134,P1_thiram_presence,Thiram Presence,8,717,1117.0,0
shap_feature_selection_extratrees_p1_20260529_183134,P1_thiram_presence,Thiram Presence,8,718,1118.0,0
shap_feature_selection_extratrees_p1_20260529_183134,P1_thiram_presence,Thiram Presence,8,719,1119.0,0
shap_feature_selection_extratrees_p1_20260529_183134,P1_thiram_presence,Thiram Presence,8,720,1120.0,0
shap_feature_selection_extratrees_p1_20260529_183134,P1_thiram_presence,Thiram Presence,8,721,1121.0,0
shap_feature_selection_extratrees_p1_20260529_183134,P1_thiram_presence,Thiram Presence,8,722,1122.0,0
shap_feature_selection_extratrees_p1_20260529_183134,P1_thiram_presence,Thiram Presence,8,723,1123.0,0
shap_feature_selection_extratrees_p1_20260529_183134,P1_thiram_presence,Thiram Presence,8,724,1124.0,0
shap_feature_selection_extratrees_p1_20260529_183134,P1_thiram_presence,Thiram Presence,8,725,1125.0,1
shap_feature_selection_extratrees_p1_20260529_183134,P1_thiram_presence,Thiram Presence,8,726,1126.0,1
shap_feature_selection_extratrees_p1_20260529_183134,P1_thiram_presence,Thiram Presence,8,727,1127.0,1
shap_feature_selection_extratrees_p1_20260529_183134,P1_thiram_presence,Thiram Presence,8,728,1128.0,0
shap_feature_selection_extratrees_p1_20260529_183134,P1_thiram_presence,Thiram Presence,8,729,1129.0,1
shap_feature_selection_extratrees_p1_20260529_183134,P1_thiram_presence,Thiram Presence,8,730,1130.0,1
shap_feature_selection_extratrees_p1_20260529_183134,P1_thiram_presence,Thiram Presence,8,731,1131.0,1
shap_feature_selection_extratrees_p1_20260529_183134,P1_thiram_presence,Thiram Presence,8,732,1132.0,0
shap_feature_selection_extratrees_p1_20260529_183134,P1_thiram_presence,Thiram Presence,8,733,1133.0,0
shap_feature_selection_extratrees_p1_20260529_183134,P1_thiram_presence,Thiram Presence,8,734,1134.0,0
shap_feature_selection_extratrees_p1_20260529_183134,P1_thiram_presence,Thiram Presence,8,735,1135.0,0
shap_feature_selection_extratrees_p1_20260529_183134,P1_thiram_presence,Thiram Presence,8,736,1136.0,0
shap_feature_selection_extratrees_p1_20260529_183134,P1_thiram_presence,Thiram Presence,8,737,1137.0,0
shap_feature_selection_extratrees_p1_20260529_183134,P1_thiram_presence,Thiram Presence,8,738,1138.0,1
shap_feature_selection_extratrees_p1_20260529_183134,P1_thiram_presence,Thiram Presence,8,739,1139.0,0
shap_feature_selection_extratrees_p1_20260529_183134,P1_thiram_presence,Thiram Presence,8,740,1140.0,0
shap_feature_selection_extratrees_p1_20260529_183134,P1_thiram_presence,Thiram Presence,8,741,1141.0,0
shap_feature_selection_extratrees_p1_20260529_183134,P1_thiram_presence,Thiram Presence,8,742,1142.0,1
shap_feature_selection_extratrees_p1_20260529_183134,P1_thiram_presence,Thiram Presence,8,743,1143.0,1
shap_feature_selection_extratrees_p1_20260529_183134,P1_thiram_presence,Thiram Presence,8,744,1144.0,0
shap_feature_selection_extratrees_p1_20260529_183134,P1_thiram_presence,Thiram Presence,8,745,1145.0,0
shap_feature_selection_extratrees_p1_20260529_183134,P1_thiram_presence,Thiram Presence,8,746,1146.0,0
shap_feature_selection_extratrees_p1_20260529_183134,P1_thiram_presence,Thiram Presence,8,747,1147.0,0
shap_feature_selection_extratrees_p1_20260529_183134,P1_thiram_presence,Thiram Presence,8,748,1148.0,0
shap_feature_selection_extratrees_p1_20260529_183134,P1_thiram_presence,Thiram Presence,8,749,1149.0,0
shap_feature_selection_extratrees_p1_20260529_183134,P1_thiram_presence,Thiram Presence,8,750,1150.0,0
shap_feature_selection_extratrees_p1_20260529_183134,P1_thiram_presence,Thiram Presence,8,751,1151.0,0
shap_feature_selection_extratrees_p1_20260529_183134,P1_thiram_presence,Thiram Presence,8,752,1152.0,0
shap_feature_selection_extratrees_p1_20260529_183134,P1_thiram_presence,Thiram Presence,8,753,1153.0,0
shap_feature_selection_extratrees_p1_20260529_183134,P1_thiram_presence,Thiram Presence,8,754,1154.0,0
shap_feature_selection_extratrees_p1_20260529_183134,P1_thiram_presence,Thiram Presence,8,755,1155.0,0
shap_feature_selection_extratrees_p1_20260529_183134,P1_thiram_presence,Thiram Presence,8,756,1156.0,0
shap_feature_selection_extratrees_p1_20260529_183134,P1_thiram_presence,Thiram Presence,8,757,1157.0,0
shap_feature_selection_extratrees_p1_20260529_183134,P1_thiram_presence,Thiram Presence,8,758,1158.0,0
shap_feature_selection_extratrees_p1_20260529_183134,P1_thiram_presence,Thiram Presence,8,759,1159.0,0
shap_feature_selection_extratrees_p1_20260529_183134,P1_thiram_presence,Thiram Presence,8,760,1160.0,0
shap_feature_selection_extratrees_p1_20260529_183134,P1_thiram_presence,Thiram Presence,8,761,1161.0,0
shap_feature_selection_extratrees_p1_20260529_183134,P1_thiram_presence,Thiram Presence,8,762,1162.0,0
shap_feature_selection_extratrees_p1_20260529_183134,P1_thiram_presence,Thiram Presence,8,763,1163.0,0
shap_feature_selection_extratrees_p1_20260529_183134,P1_thiram_presence,Thiram Presence,8,764,1164.0,0
shap_feature_selection_extratrees_p1_20260529_183134,P1_thiram_presence,Thiram Presence,8,765,1165.0,0
shap_feature_selection_extratrees_p1_20260529_183134,P1_thiram_presence,Thiram Presence,8,766,1166.0,0
shap_feature_selection_extratrees_p1_20260529_183134,P1_thiram_presence,Thiram Presence,8,767,1167.0,0
shap_feature_selection_extratrees_p1_20260529_183134,P1_thiram_presence,Thiram Presence,8,768,1168.0,0
shap_feature_selection_extratrees_p1_20260529_183134,P1_thiram_presence,Thiram Presence,8,769,1169.0,0
shap_feature_selection_extratrees_p1_20260529_183134,P1_thiram_presence,Thiram Presence,8,770,1170.0,0
shap_feature_selection_extratrees_p1_20260529_183134,P1_thiram_presence,Thiram Presence,8,771,1171.0,0
shap_feature_selection_extratrees_p1_20260529_183134,P1_thiram_presence,Thiram Presence,8,772,1172.0,0
shap_feature_selection_extratrees_p1_20260529_183134,P1_thiram_presence,Thiram Presence,8,773,1173.0,0
shap_feature_selection_extratrees_p1_20260529_183134,P1_thiram_presence,Thiram Presence,8,774,1174.0,0
shap_feature_selection_extratrees_p1_20260529_183134,P1_thiram_presence,Thiram Presence,8,775,1175.0,0
shap_feature_selection_extratrees_p1_20260529_183134,P1_thiram_presence,Thiram Presence,8,776,1176.0,0
shap_feature_selection_extratrees_p1_20260529_183134,P1_thiram_presence,Thiram Presence,8,777,1177.0,0
shap_feature_selection_extratrees_p1_20260529_183134,P1_thiram_presence,Thiram Presence,8,778,1178.0,0
shap_feature_selection_extratrees_p1_20260529_183134,P1_thiram_presence,Thiram Presence,8,779,1179.0,0
shap_feature_selection_extratrees_p1_20260529_183134,P1_thiram_presence,Thiram Presence,8,780,1180.0,0
shap_feature_selection_extratrees_p1_20260529_183134,P1_thiram_presence,Thiram Presence,8,781,1181.0,0
shap_feature_selection_extratrees_p1_20260529_183134,P1_thiram_presence,Thiram Presence,8,782,1182.0,0
shap_feature_selection_extratrees_p1_20260529_183134,P1_thiram_presence,Thiram Presence,8,783,1183.0,0
shap_feature_selection_extratrees_p1_20260529_183134,P1_thiram_presence,Thiram Presence,8,784,1184.0,0
shap_feature_selection_extratrees_p1_20260529_183134,P1_thiram_presence,Thiram Presence,8,785,1185.0,1
shap_feature_selection_extratrees_p1_20260529_183134,P1_thiram_presence,Thiram Presence,8,786,1186.0,0
shap_feature_selection_extratrees_p1_20260529_183134,P1_thiram_presence,Thiram Presence,8,787,1187.0,0
shap_feature_selection_extratrees_p1_20260529_183134,P1_thiram_presence,Thiram Presence,8,788,1188.0,0
shap_feature_selection_extratrees_p1_20260529_183134,P1_thiram_presence,Thiram Presence,8,789,1189.0,0
shap_feature_selection_extratrees_p1_20260529_183134,P1_thiram_presence,Thiram Presence,8,790,1190.0,0
shap_feature_selection_extratrees_p1_20260529_183134,P1_thiram_presence,Thiram Presence,8,791,1191.0,0
shap_feature_selection_extratrees_p1_20260529_183134,P1_thiram_presence,Thiram Presence,8,792,1192.0,0
shap_feature_selection_extratrees_p1_20260529_183134,P1_thiram_presence,Thiram Presence,8,793,1193.0,0
shap_feature_selection_extratrees_p1_20260529_183134,P1_thiram_presence,Thiram Presence,8,794,1194.0,0
shap_feature_selection_extratrees_p1_20260529_183134,P1_thiram_presence,Thiram Presence,8,795,1195.0,0
shap_feature_selection_extratrees_p1_20260529_183134,P1_thiram_presence,Thiram Presence,8,796,1196.0,0
shap_feature_selection_extratrees_p1_20260529_183134,P1_thiram_presence,Thiram Presence,8,797,1197.0,0
shap_feature_selection_extratrees_p1_20260529_183134,P1_thiram_presence,Thiram Presence,8,798,1198.0,0
shap_feature_selection_extratrees_p1_20260529_183134,P1_thiram_presence,Thiram Presence,8,799,1199.0,0
shap_feature_selection_extratrees_p1_20260529_183134,P1_thiram_presence,Thiram Presence,8,800,1200.0,0
shap_feature_selection_extratrees_p1_20260529_183134,P1_thiram_presence,Thiram Presence,8,801,1201.0,0
shap_feature_selection_extratrees_p1_20260529_183134,P1_thiram_presence,Thiram Presence,8,802,1202.0,0
shap_feature_selection_extratrees_p1_20260529_183134,P1_thiram_presence,Thiram Presence,8,803,1203.0,0
shap_feature_selection_extratrees_p1_20260529_183134,P1_thiram_presence,Thiram Presence,8,804,1204.0,0
shap_feature_selection_extratrees_p1_20260529_183134,P1_thiram_presence,Thiram Presence,8,805,1205.0,0
shap_feature_selection_extratrees_p1_20260529_183134,P1_thiram_presence,Thiram Presence,8,806,1206.0,0
shap_feature_selection_extratrees_p1_20260529_183134,P1_thiram_presence,Thiram Presence,8,807,1207.0,0
shap_feature_selection_extratrees_p1_20260529_183134,P1_thiram_presence,Thiram Presence,8,808,1208.0,0
shap_feature_selection_extratrees_p1_20260529_183134,P1_thiram_presence,Thiram Presence,8,809,1209.0,0
shap_feature_selection_extratrees_p1_20260529_183134,P1_thiram_presence,Thiram Presence,8,810,1210.0,0
shap_feature_selection_extratrees_p1_20260529_183134,P1_thiram_presence,Thiram Presence,8,811,1211.0,0
shap_feature_selection_extratrees_p1_20260529_183134,P1_thiram_presence,Thiram Presence,8,812,1212.0,0
shap_feature_selection_extratrees_p1_20260529_183134,P1_thiram_presence,Thiram Presence,8,813,1213.0,0
shap_feature_selection_extratrees_p1_20260529_183134,P1_thiram_presence,Thiram Presence,8,814,1214.0,0
shap_feature_selection_extratrees_p1_20260529_183134,P1_thiram_presence,Thiram Presence,8,815,1215.0,0
shap_feature_selection_extratrees_p1_20260529_183134,P1_thiram_presence,Thiram Presence,8,816,1216.0,0
shap_feature_selection_extratrees_p1_20260529_183134,P1_thiram_presence,Thiram Presence,8,817,1217.0,0
shap_feature_selection_extratrees_p1_20260529_183134,P1_thiram_presence,Thiram Presence,8,818,1218.0,0
shap_feature_selection_extratrees_p1_20260529_183134,P1_thiram_presence,Thiram Presence,8,819,1219.0,0
shap_feature_selection_extratrees_p1_20260529_183134,P1_thiram_presence,Thiram Presence,8,820,1220.0,0
shap_feature_selection_extratrees_p1_20260529_183134,P1_thiram_presence,Thiram Presence,8,821,1221.0,0
shap_feature_selection_extratrees_p1_20260529_183134,P1_thiram_presence,Thiram Presence,8,822,1222.0,0
shap_feature_selection_extratrees_p1_20260529_183134,P1_thiram_presence,Thiram Presence,8,823,1223.0,0
shap_feature_selection_extratrees_p1_20260529_183134,P1_thiram_presence,Thiram Presence,8,824,1224.0,0
shap_feature_selection_extratrees_p1_20260529_183134,P1_thiram_presence,Thiram Presence,8,825,1225.0,0
shap_feature_selection_extratrees_p1_20260529_183134,P1_thiram_presence,Thiram Presence,8,826,1226.0,0
shap_feature_selection_extratrees_p1_20260529_183134,P1_thiram_presence,Thiram Presence,8,827,1227.0,0
shap_feature_selection_extratrees_p1_20260529_183134,P1_thiram_presence,Thiram Presence,8,828,1228.0,0
shap_feature_selection_extratrees_p1_20260529_183134,P1_thiram_presence,Thiram Presence,8,829,1229.0,0
shap_feature_selection_extratrees_p1_20260529_183134,P1_thiram_presence,Thiram Presence,8,830,1230.0,0
shap_feature_selection_extratrees_p1_20260529_183134,P1_thiram_presence,Thiram Presence,8,831,1231.0,0
shap_feature_selection_extratrees_p1_20260529_183134,P1_thiram_presence,Thiram Presence,8,832,1232.0,0
shap_feature_selection_extratrees_p1_20260529_183134,P1_thiram_presence,Thiram Presence,8,833,1233.0,0
shap_feature_selection_extratrees_p1_20260529_183134,P1_thiram_presence,Thiram Presence,8,834,1234.0,0
shap_feature_selection_extratrees_p1_20260529_183134,P1_thiram_presence,Thiram Presence,8,835,1235.0,0
shap_feature_selection_extratrees_p1_20260529_183134,P1_thiram_presence,Thiram Presence,8,836,1236.0,0
shap_feature_selection_extratrees_p1_20260529_183134,P1_thiram_presence,Thiram Presence,8,837,1237.0,0
shap_feature_selection_extratrees_p1_20260529_183134,P1_thiram_presence,Thiram Presence,8,838,1238.0,0
shap_feature_selection_extratrees_p1_20260529_183134,P1_thiram_presence,Thiram Presence,8,839,1239.0,0
shap_feature_selection_extratrees_p1_20260529_183134,P1_thiram_presence,Thiram Presence,8,840,1240.0,0
shap_feature_selection_extratrees_p1_20260529_183134,P1_thiram_presence,Thiram Presence,8,841,1241.0,0
shap_feature_selection_extratrees_p1_20260529_183134,P1_thiram_presence,Thiram Presence,8,842,1242.0,0
shap_feature_selection_extratrees_p1_20260529_183134,P1_thiram_presence,Thiram Presence,8,843,1243.0,0
shap_feature_selection_extratrees_p1_20260529_183134,P1_thiram_presence,Thiram Presence,8,844,1244.0,0
shap_feature_selection_extratrees_p1_20260529_183134,P1_thiram_presence,Thiram Presence,8,845,1245.0,0
shap_feature_selection_extratrees_p1_20260529_183134,P1_thiram_presence,Thiram Presence,8,846,1246.0,0
shap_feature_selection_extratrees_p1_20260529_183134,P1_thiram_presence,Thiram Presence,8,847,1247.0,0
shap_feature_selection_extratrees_p1_20260529_183134,P1_thiram_presence,Thiram Presence,8,848,1248.0,0
shap_feature_selection_extratrees_p1_20260529_183134,P1_thiram_presence,Thiram Presence,8,849,1249.0,0
shap_feature_selection_extratrees_p1_20260529_183134,P1_thiram_presence,Thiram Presence,8,850,1250.0,0
shap_feature_selection_extratrees_p1_20260529_183134,P1_thiram_presence,Thiram Presence,8,851,1251.0,0
shap_feature_selection_extratrees_p1_20260529_183134,P1_thiram_presence,Thiram Presence,8,852,1252.0,0
shap_feature_selection_extratrees_p1_20260529_183134,P1_thiram_presence,Thiram Presence,8,853,1253.0,0
shap_feature_selection_extratrees_p1_20260529_183134,P1_thiram_presence,Thiram Presence,8,854,1254.0,0
shap_feature_selection_extratrees_p1_20260529_183134,P1_thiram_presence,Thiram Presence,8,855,1255.0,0
shap_feature_selection_extratrees_p1_20260529_183134,P1_thiram_presence,Thiram Presence,8,856,1256.0,0
shap_feature_selection_extratrees_p1_20260529_183134,P1_thiram_presence,Thiram Presence,8,857,1257.0,0
shap_feature_selection_extratrees_p1_20260529_183134,P1_thiram_presence,Thiram Presence,8,858,1258.0,0
shap_feature_selection_extratrees_p1_20260529_183134,P1_thiram_presence,Thiram Presence,8,859,1259.0,0
shap_feature_selection_extratrees_p1_20260529_183134,P1_thiram_presence,Thiram Presence,8,860,1260.0,0
shap_feature_selection_extratrees_p1_20260529_183134,P1_thiram_presence,Thiram Presence,8,861,1261.0,0
shap_feature_selection_extratrees_p1_20260529_183134,P1_thiram_presence,Thiram Presence,8,862,1262.0,0
shap_feature_selection_extratrees_p1_20260529_183134,P1_thiram_presence,Thiram Presence,8,863,1263.0,0
shap_feature_selection_extratrees_p1_20260529_183134,P1_thiram_presence,Thiram Presence,8,864,1264.0,0
shap_feature_selection_extratrees_p1_20260529_183134,P1_thiram_presence,Thiram Presence,8,865,1265.0,0
shap_feature_selection_extratrees_p1_20260529_183134,P1_thiram_presence,Thiram Presence,8,866,1266.0,0
shap_feature_selection_extratrees_p1_20260529_183134,P1_thiram_presence,Thiram Presence,8,867,1267.0,0
shap_feature_selection_extratrees_p1_20260529_183134,P1_thiram_presence,Thiram Presence,8,868,1268.0,0
shap_feature_selection_extratrees_p1_20260529_183134,P1_thiram_presence,Thiram Presence,8,869,1269.0,0
shap_feature_selection_extratrees_p1_20260529_183134,P1_thiram_presence,Thiram Presence,8,870,1270.0,0
shap_feature_selection_extratrees_p1_20260529_183134,P1_thiram_presence,Thiram Presence,8,871,1271.0,0
shap_feature_selection_extratrees_p1_20260529_183134,P1_thiram_presence,Thiram Presence,8,872,1272.0,0
shap_feature_selection_extratrees_p1_20260529_183134,P1_thiram_presence,Thiram Presence,8,873,1273.0,0
shap_feature_selection_extratrees_p1_20260529_183134,P1_thiram_presence,Thiram Presence,8,874,1274.0,0
shap_feature_selection_extratrees_p1_20260529_183134,P1_thiram_presence,Thiram Presence,8,875,1275.0,0
shap_feature_selection_extratrees_p1_20260529_183134,P1_thiram_presence,Thiram Presence,8,876,1276.0,0
shap_feature_selection_extratrees_p1_20260529_183134,P1_thiram_presence,Thiram Presence,8,877,1277.0,0
shap_feature_selection_extratrees_p1_20260529_183134,P1_thiram_presence,Thiram Presence,8,878,1278.0,0
shap_feature_selection_extratrees_p1_20260529_183134,P1_thiram_presence,Thiram Presence,8,879,1279.0,0
shap_feature_selection_extratrees_p1_20260529_183134,P1_thiram_presence,Thiram Presence,8,880,1280.0,0
shap_feature_selection_extratrees_p1_20260529_183134,P1_thiram_presence,Thiram Presence,8,881,1281.0,0
shap_feature_selection_extratrees_p1_20260529_183134,P1_thiram_presence,Thiram Presence,8,882,1282.0,0
shap_feature_selection_extratrees_p1_20260529_183134,P1_thiram_presence,Thiram Presence,8,883,1283.0,0
shap_feature_selection_extratrees_p1_20260529_183134,P1_thiram_presence,Thiram Presence,8,884,1284.0,0
shap_feature_selection_extratrees_p1_20260529_183134,P1_thiram_presence,Thiram Presence,8,885,1285.0,0
shap_feature_selection_extratrees_p1_20260529_183134,P1_thiram_presence,Thiram Presence,8,886,1286.0,0
shap_feature_selection_extratrees_p1_20260529_183134,P1_thiram_presence,Thiram Presence,8,887,1287.0,0
shap_feature_selection_extratrees_p1_20260529_183134,P1_thiram_presence,Thiram Presence,8,888,1288.0,0
shap_feature_selection_extratrees_p1_20260529_183134,P1_thiram_presence,Thiram Presence,8,889,1289.0,0
shap_feature_selection_extratrees_p1_20260529_183134,P1_thiram_presence,Thiram Presence,8,890,1290.0,0
shap_feature_selection_extratrees_p1_20260529_183134,P1_thiram_presence,Thiram Presence,8,891,1291.0,1
shap_feature_selection_extratrees_p1_20260529_183134,P1_thiram_presence,Thiram Presence,8,892,1292.0,0
shap_feature_selection_extratrees_p1_20260529_183134,P1_thiram_presence,Thiram Presence,8,893,1293.0,0
shap_feature_selection_extratrees_p1_20260529_183134,P1_thiram_presence,Thiram Presence,8,894,1294.0,0
shap_feature_selection_extratrees_p1_20260529_183134,P1_thiram_presence,Thiram Presence,8,895,1295.0,0
shap_feature_selection_extratrees_p1_20260529_183134,P1_thiram_presence,Thiram Presence,8,896,1296.0,0
shap_feature_selection_extratrees_p1_20260529_183134,P1_thiram_presence,Thiram Presence,8,897,1297.0,0
shap_feature_selection_extratrees_p1_20260529_183134,P1_thiram_presence,Thiram Presence,8,898,1298.0,0
shap_feature_selection_extratrees_p1_20260529_183134,P1_thiram_presence,Thiram Presence,8,899,1299.0,0
shap_feature_selection_extratrees_p1_20260529_183134,P1_thiram_presence,Thiram Presence,8,900,1300.0,0
shap_feature_selection_extratrees_p1_20260529_183134,P1_thiram_presence,Thiram Presence,8,901,1301.0,0
shap_feature_selection_extratrees_p1_20260529_183134,P1_thiram_presence,Thiram Presence,8,902,1302.0,0
shap_feature_selection_extratrees_p1_20260529_183134,P1_thiram_presence,Thiram Presence,8,903,1303.0,0
shap_feature_selection_extratrees_p1_20260529_183134,P1_thiram_presence,Thiram Presence,8,904,1304.0,0
shap_feature_selection_extratrees_p1_20260529_183134,P1_thiram_presence,Thiram Presence,8,905,1305.0,0
shap_feature_selection_extratrees_p1_20260529_183134,P1_thiram_presence,Thiram Presence,8,906,1306.0,0
shap_feature_selection_extratrees_p1_20260529_183134,P1_thiram_presence,Thiram Presence,8,907,1307.0,0
shap_feature_selection_extratrees_p1_20260529_183134,P1_thiram_presence,Thiram Presence,8,908,1308.0,0
shap_feature_selection_extratrees_p1_20260529_183134,P1_thiram_presence,Thiram Presence,8,909,1309.0,0
shap_feature_selection_extratrees_p1_20260529_183134,P1_thiram_presence,Thiram Presence,8,910,1310.0,0
shap_feature_selection_extratrees_p1_20260529_183134,P1_thiram_presence,Thiram Presence,8,911,1311.0,0
shap_feature_selection_extratrees_p1_20260529_183134,P1_thiram_presence,Thiram Presence,8,912,1312.0,0
shap_feature_selection_extratrees_p1_20260529_183134,P1_thiram_presence,Thiram Presence,8,913,1313.0,0
shap_feature_selection_extratrees_p1_20260529_183134,P1_thiram_presence,Thiram Presence,8,914,1314.0,0
shap_feature_selection_extratrees_p1_20260529_183134,P1_thiram_presence,Thiram Presence,8,915,1315.0,0
shap_feature_selection_extratrees_p1_20260529_183134,P1_thiram_presence,Thiram Presence,8,916,1316.0,0
shap_feature_selection_extratrees_p1_20260529_183134,P1_thiram_presence,Thiram Presence,8,917,1317.0,0
shap_feature_selection_extratrees_p1_20260529_183134,P1_thiram_presence,Thiram Presence,8,918,1318.0,0
shap_feature_selection_extratrees_p1_20260529_183134,P1_thiram_presence,Thiram Presence,8,919,1319.0,0
shap_feature_selection_extratrees_p1_20260529_183134,P1_thiram_presence,Thiram Presence,8,920,1320.0,0
shap_feature_selection_extratrees_p1_20260529_183134,P1_thiram_presence,Thiram Presence,8,921,1321.0,0
shap_feature_selection_extratrees_p1_20260529_183134,P1_thiram_presence,Thiram Presence,8,922,1322.0,0
shap_feature_selection_extratrees_p1_20260529_183134,P1_thiram_presence,Thiram Presence,8,923,1323.0,0
shap_feature_selection_extratrees_p1_20260529_183134,P1_thiram_presence,Thiram Presence,8,924,1324.0,0
shap_feature_selection_extratrees_p1_20260529_183134,P1_thiram_presence,Thiram Presence,8,925,1325.0,0
shap_feature_selection_extratrees_p1_20260529_183134,P1_thiram_presence,Thiram Presence,8,926,1326.0,0
shap_feature_selection_extratrees_p1_20260529_183134,P1_thiram_presence,Thiram Presence,8,927,1327.0,1
shap_feature_selection_extratrees_p1_20260529_183134,P1_thiram_presence,Thiram Presence,8,928,1328.0,1
shap_feature_selection_extratrees_p1_20260529_183134,P1_thiram_presence,Thiram Presence,8,929,1329.0,0
shap_feature_selection_extratrees_p1_20260529_183134,P1_thiram_presence,Thiram Presence,8,930,1330.0,1
shap_feature_selection_extratrees_p1_20260529_183134,P1_thiram_presence,Thiram Presence,8,931,1331.0,1
shap_feature_selection_extratrees_p1_20260529_183134,P1_thiram_presence,Thiram Presence,8,932,1332.0,0
shap_feature_selection_extratrees_p1_20260529_183134,P1_thiram_presence,Thiram Presence,8,933,1333.0,1
shap_feature_selection_extratrees_p1_20260529_183134,P1_thiram_presence,Thiram Presence,8,934,1334.0,1
shap_feature_selection_extratrees_p1_20260529_183134,P1_thiram_presence,Thiram Presence,8,935,1335.0,0
shap_feature_selection_extratrees_p1_20260529_183134,P1_thiram_presence,Thiram Presence,8,936,1336.0,0
shap_feature_selection_extratrees_p1_20260529_183134,P1_thiram_presence,Thiram Presence,8,937,1337.0,0
shap_feature_selection_extratrees_p1_20260529_183134,P1_thiram_presence,Thiram Presence,8,938,1338.0,0
shap_feature_selection_extratrees_p1_20260529_183134,P1_thiram_presence,Thiram Presence,8,939,1339.0,0
shap_feature_selection_extratrees_p1_20260529_183134,P1_thiram_presence,Thiram Presence,8,940,1340.0,0
shap_feature_selection_extratrees_p1_20260529_183134,P1_thiram_presence,Thiram Presence,8,941,1341.0,0
shap_feature_selection_extratrees_p1_20260529_183134,P1_thiram_presence,Thiram Presence,8,942,1342.0,0
shap_feature_selection_extratrees_p1_20260529_183134,P1_thiram_presence,Thiram Presence,8,943,1343.0,0
shap_feature_selection_extratrees_p1_20260529_183134,P1_thiram_presence,Thiram Presence,8,944,1344.0,0
shap_feature_selection_extratrees_p1_20260529_183134,P1_thiram_presence,Thiram Presence,8,945,1345.0,0
shap_feature_selection_extratrees_p1_20260529_183134,P1_thiram_presence,Thiram Presence,8,946,1346.0,0
shap_feature_selection_extratrees_p1_20260529_183134,P1_thiram_presence,Thiram Presence,8,947,1347.0,0
shap_feature_selection_extratrees_p1_20260529_183134,P1_thiram_presence,Thiram Presence,8,948,1348.0,0
shap_feature_selection_extratrees_p1_20260529_183134,P1_thiram_presence,Thiram Presence,8,949,1349.0,0
shap_feature_selection_extratrees_p1_20260529_183134,P1_thiram_presence,Thiram Presence,8,950,1350.0,0
shap_feature_selection_extratrees_p1_20260529_183134,P1_thiram_presence,Thiram Presence,8,951,1351.0,0
shap_feature_selection_extratrees_p1_20260529_183134,P1_thiram_presence,Thiram Presence,8,952,1352.0,0
shap_feature_selection_extratrees_p1_20260529_183134,P1_thiram_presence,Thiram Presence,8,953,1353.0,0
shap_feature_selection_extratrees_p1_20260529_183134,P1_thiram_presence,Thiram Presence,8,954,1354.0,0
shap_feature_selection_extratrees_p1_20260529_183134,P1_thiram_presence,Thiram Presence,8,955,1355.0,0
shap_feature_selection_extratrees_p1_20260529_183134,P1_thiram_presence,Thiram Presence,8,956,1356.0,0
shap_feature_selection_extratrees_p1_20260529_183134,P1_thiram_presence,Thiram Presence,8,957,1357.0,0
shap_feature_selection_extratrees_p1_20260529_183134,P1_thiram_presence,Thiram Presence,8,958,1358.0,0
shap_feature_selection_extratrees_p1_20260529_183134,P1_thiram_presence,Thiram Presence,8,959,1359.0,0
shap_feature_selection_extratrees_p1_20260529_183134,P1_thiram_presence,Thiram Presence,8,960,1360.0,0
shap_feature_selection_extratrees_p1_20260529_183134,P1_thiram_presence,Thiram Presence,8,961,1361.0,0
shap_feature_selection_extratrees_p1_20260529_183134,P1_thiram_presence,Thiram Presence,8,962,1362.0,0
shap_feature_selection_extratrees_p1_20260529_183134,P1_thiram_presence,Thiram Presence,8,963,1363.0,0
shap_feature_selection_extratrees_p1_20260529_183134,P1_thiram_presence,Thiram Presence,8,964,1364.0,0
shap_feature_selection_extratrees_p1_20260529_183134,P1_thiram_presence,Thiram Presence,8,965,1365.0,0
shap_feature_selection_extratrees_p1_20260529_183134,P1_thiram_presence,Thiram Presence,8,966,1366.0,0
shap_feature_selection_extratrees_p1_20260529_183134,P1_thiram_presence,Thiram Presence,8,967,1367.0,0
shap_feature_selection_extratrees_p1_20260529_183134,P1_thiram_presence,Thiram Presence,8,968,1368.0,0
shap_feature_selection_extratrees_p1_20260529_183134,P1_thiram_presence,Thiram Presence,8,969,1369.0,0
shap_feature_selection_extratrees_p1_20260529_183134,P1_thiram_presence,Thiram Presence,8,970,1370.0,0
shap_feature_selection_extratrees_p1_20260529_183134,P1_thiram_presence,Thiram Presence,8,971,1371.0,0
shap_feature_selection_extratrees_p1_20260529_183134,P1_thiram_presence,Thiram Presence,8,972,1372.0,1
shap_feature_selection_extratrees_p1_20260529_183134,P1_thiram_presence,Thiram Presence,8,973,1373.0,0
shap_feature_selection_extratrees_p1_20260529_183134,P1_thiram_presence,Thiram Presence,8,974,1374.0,1
shap_feature_selection_extratrees_p1_20260529_183134,P1_thiram_presence,Thiram Presence,8,975,1375.0,1
shap_feature_selection_extratrees_p1_20260529_183134,P1_thiram_presence,Thiram Presence,8,976,1376.0,1
shap_feature_selection_extratrees_p1_20260529_183134,P1_thiram_presence,Thiram Presence,8,977,1377.0,1
shap_feature_selection_extratrees_p1_20260529_183134,P1_thiram_presence,Thiram Presence,8,978,1378.0,0
shap_feature_selection_extratrees_p1_20260529_183134,P1_thiram_presence,Thiram Presence,8,979,1379.0,1
shap_feature_selection_extratrees_p1_20260529_183134,P1_thiram_presence,Thiram Presence,8,980,1380.0,1
shap_feature_selection_extratrees_p1_20260529_183134,P1_thiram_presence,Thiram Presence,8,981,1381.0,0
shap_feature_selection_extratrees_p1_20260529_183134,P1_thiram_presence,Thiram Presence,8,982,1382.0,1
shap_feature_selection_extratrees_p1_20260529_183134,P1_thiram_presence,Thiram Presence,8,983,1383.0,0
shap_feature_selection_extratrees_p1_20260529_183134,P1_thiram_presence,Thiram Presence,8,984,1384.0,0
shap_feature_selection_extratrees_p1_20260529_183134,P1_thiram_presence,Thiram Presence,8,985,1385.0,0
shap_feature_selection_extratrees_p1_20260529_183134,P1_thiram_presence,Thiram Presence,8,986,1386.0,0
shap_feature_selection_extratrees_p1_20260529_183134,P1_thiram_presence,Thiram Presence,8,987,1387.0,0
shap_feature_selection_extratrees_p1_20260529_183134,P1_thiram_presence,Thiram Presence,8,988,1388.0,0
shap_feature_selection_extratrees_p1_20260529_183134,P1_thiram_presence,Thiram Presence,8,989,1389.0,0
shap_feature_selection_extratrees_p1_20260529_183134,P1_thiram_presence,Thiram Presence,8,990,1390.0,0
shap_feature_selection_extratrees_p1_20260529_183134,P1_thiram_presence,Thiram Presence,8,991,1391.0,0
shap_feature_selection_extratrees_p1_20260529_183134,P1_thiram_presence,Thiram Presence,8,992,1392.0,0
shap_feature_selection_extratrees_p1_20260529_183134,P1_thiram_presence,Thiram Presence,8,993,1393.0,0
shap_feature_selection_extratrees_p1_20260529_183134,P1_thiram_presence,Thiram Presence,8,994,1394.0,0
shap_feature_selection_extratrees_p1_20260529_183134,P1_thiram_presence,Thiram Presence,8,995,1395.0,0
shap_feature_selection_extratrees_p1_20260529_183134,P1_thiram_presence,Thiram Presence,8,996,1396.0,0
shap_feature_selection_extratrees_p1_20260529_183134,P1_thiram_presence,Thiram Presence,8,997,1397.0,0
shap_feature_selection_extratrees_p1_20260529_183134,P1_thiram_presence,Thiram Presence,8,998,1398.0,0
shap_feature_selection_extratrees_p1_20260529_183134,P1_thiram_presence,Thiram Presence,8,999,1399.0,0
shap_feature_selection_extratrees_p1_20260529_183134,P1_thiram_presence,Thiram Presence,8,1000,1400.0,0
shap_feature_selection_extratrees_p1_20260529_183134,P1_thiram_presence,Thiram Presence,8,1001,1401.0,0
shap_feature_selection_extratrees_p1_20260529_183134,P1_thiram_presence,Thiram Presence,8,1002,1402.0,0
shap_feature_selection_extratrees_p1_20260529_183134,P1_thiram_presence,Thiram Presence,8,1003,1403.0,0
shap_feature_selection_extratrees_p1_20260529_183134,P1_thiram_presence,Thiram Presence,8,1004,1404.0,0
shap_feature_selection_extratrees_p1_20260529_183134,P1_thiram_presence,Thiram Presence,8,1005,1405.0,0
shap_feature_selection_extratrees_p1_20260529_183134,P1_thiram_presence,Thiram Presence,8,1006,1406.0,0
shap_feature_selection_extratrees_p1_20260529_183134,P1_thiram_presence,Thiram Presence,8,1007,1407.0,1
shap_feature_selection_extratrees_p1_20260529_183134,P1_thiram_presence,Thiram Presence,8,1008,1408.0,0
shap_feature_selection_extratrees_p1_20260529_183134,P1_thiram_presence,Thiram Presence,8,1009,1409.0,0
shap_feature_selection_extratrees_p1_20260529_183134,P1_thiram_presence,Thiram Presence,8,1010,1410.0,0
shap_feature_selection_extratrees_p1_20260529_183134,P1_thiram_presence,Thiram Presence,8,1011,1411.0,0
shap_feature_selection_extratrees_p1_20260529_183134,P1_thiram_presence,Thiram Presence,8,1012,1412.0,1
shap_feature_selection_extratrees_p1_20260529_183134,P1_thiram_presence,Thiram Presence,8,1013,1413.0,1
shap_feature_selection_extratrees_p1_20260529_183134,P1_thiram_presence,Thiram Presence,8,1014,1414.0,0
shap_feature_selection_extratrees_p1_20260529_183134,P1_thiram_presence,Thiram Presence,8,1015,1415.0,0
shap_feature_selection_extratrees_p1_20260529_183134,P1_thiram_presence,Thiram Presence,8,1016,1416.0,0
shap_feature_selection_extratrees_p1_20260529_183134,P1_thiram_presence,Thiram Presence,8,1017,1417.0,0
shap_feature_selection_extratrees_p1_20260529_183134,P1_thiram_presence,Thiram Presence,8,1018,1418.0,0
shap_feature_selection_extratrees_p1_20260529_183134,P1_thiram_presence,Thiram Presence,8,1019,1419.0,0
shap_feature_selection_extratrees_p1_20260529_183134,P1_thiram_presence,Thiram Presence,8,1020,1420.0,0
shap_feature_selection_extratrees_p1_20260529_183134,P1_thiram_presence,Thiram Presence,8,1021,1421.0,0
shap_feature_selection_extratrees_p1_20260529_183134,P1_thiram_presence,Thiram Presence,8,1022,1422.0,0
shap_feature_selection_extratrees_p1_20260529_183134,P1_thiram_presence,Thiram Presence,8,1023,1423.0,0
shap_feature_selection_extratrees_p1_20260529_183134,P1_thiram_presence,Thiram Presence,8,1024,1424.0,0
shap_feature_selection_extratrees_p1_20260529_183134,P1_thiram_presence,Thiram Presence,8,1025,1425.0,0
shap_feature_selection_extratrees_p1_20260529_183134,P1_thiram_presence,Thiram Presence,8,1026,1426.0,1
shap_feature_selection_extratrees_p1_20260529_183134,P1_thiram_presence,Thiram Presence,8,1027,1427.0,1
shap_feature_selection_extratrees_p1_20260529_183134,P1_thiram_presence,Thiram Presence,8,1028,1428.0,1
shap_feature_selection_extratrees_p1_20260529_183134,P1_thiram_presence,Thiram Presence,8,1029,1429.0,0
shap_feature_selection_extratrees_p1_20260529_183134,P1_thiram_presence,Thiram Presence,8,1030,1430.0,0
shap_feature_selection_extratrees_p1_20260529_183134,P1_thiram_presence,Thiram Presence,8,1031,1431.0,0
shap_feature_selection_extratrees_p1_20260529_183134,P1_thiram_presence,Thiram Presence,8,1032,1432.0,0
shap_feature_selection_extratrees_p1_20260529_183134,P1_thiram_presence,Thiram Presence,8,1033,1433.0,0
shap_feature_selection_extratrees_p1_20260529_183134,P1_thiram_presence,Thiram Presence,8,1034,1434.0,0
shap_feature_selection_extratrees_p1_20260529_183134,P1_thiram_presence,Thiram Presence,8,1035,1435.0,0
shap_feature_selection_extratrees_p1_20260529_183134,P1_thiram_presence,Thiram Presence,8,1036,1436.0,0
shap_feature_selection_extratrees_p1_20260529_183134,P1_thiram_presence,Thiram Presence,8,1037,1437.0,0
shap_feature_selection_extratrees_p1_20260529_183134,P1_thiram_presence,Thiram Presence,8,1038,1438.0,0
shap_feature_selection_extratrees_p1_20260529_183134,P1_thiram_presence,Thiram Presence,8,1039,1439.0,0
shap_feature_selection_extratrees_p1_20260529_183134,P1_thiram_presence,Thiram Presence,8,1040,1440.0,0
shap_feature_selection_extratrees_p1_20260529_183134,P1_thiram_presence,Thiram Presence,8,1041,1441.0,0
shap_feature_selection_extratrees_p1_20260529_183134,P1_thiram_presence,Thiram Presence,8,1042,1442.0,0
shap_feature_selection_extratrees_p1_20260529_183134,P1_thiram_presence,Thiram Presence,8,1043,1443.0,0
shap_feature_selection_extratrees_p1_20260529_183134,P1_thiram_presence,Thiram Presence,8,1044,1444.0,0
shap_feature_selection_extratrees_p1_20260529_183134,P1_thiram_presence,Thiram Presence,8,1045,1445.0,0
shap_feature_selection_extratrees_p1_20260529_183134,P1_thiram_presence,Thiram Presence,8,1046,1446.0,0
shap_feature_selection_extratrees_p1_20260529_183134,P1_thiram_presence,Thiram Presence,8,1047,1447.0,0
shap_feature_selection_extratrees_p1_20260529_183134,P1_thiram_presence,Thiram Presence,8,1048,1448.0,0
shap_feature_selection_extratrees_p1_20260529_183134,P1_thiram_presence,Thiram Presence,8,1049,1449.0,0
shap_feature_selection_extratrees_p1_20260529_183134,P1_thiram_presence,Thiram Presence,8,1050,1450.0,0
shap_feature_selection_extratrees_p1_20260529_183134,P1_thiram_presence,Thiram Presence,8,1051,1451.0,0
shap_feature_selection_extratrees_p1_20260529_183134,P1_thiram_presence,Thiram Presence,8,1052,1452.0,0
shap_feature_selection_extratrees_p1_20260529_183134,P1_thiram_presence,Thiram Presence,8,1053,1453.0,0
shap_feature_selection_extratrees_p1_20260529_183134,P1_thiram_presence,Thiram Presence,8,1054,1454.0,0
shap_feature_selection_extratrees_p1_20260529_183134,P1_thiram_presence,Thiram Presence,8,1055,1455.0,0
shap_feature_selection_extratrees_p1_20260529_183134,P1_thiram_presence,Thiram Presence,8,1056,1456.0,0
shap_feature_selection_extratrees_p1_20260529_183134,P1_thiram_presence,Thiram Presence,8,1057,1457.0,0
shap_feature_selection_extratrees_p1_20260529_183134,P1_thiram_presence,Thiram Presence,8,1058,1458.0,0
shap_feature_selection_extratrees_p1_20260529_183134,P1_thiram_presence,Thiram Presence,8,1059,1459.0,0
shap_feature_selection_extratrees_p1_20260529_183134,P1_thiram_presence,Thiram Presence,8,1060,1460.0,0
shap_feature_selection_extratrees_p1_20260529_183134,P1_thiram_presence,Thiram Presence,8,1061,1461.0,0
shap_feature_selection_extratrees_p1_20260529_183134,P1_thiram_presence,Thiram Presence,8,1062,1462.0,0
shap_feature_selection_extratrees_p1_20260529_183134,P1_thiram_presence,Thiram Presence,8,1063,1463.0,0
shap_feature_selection_extratrees_p1_20260529_183134,P1_thiram_presence,Thiram Presence,8,1064,1464.0,0
shap_feature_selection_extratrees_p1_20260529_183134,P1_thiram_presence,Thiram Presence,8,1065,1465.0,0
shap_feature_selection_extratrees_p1_20260529_183134,P1_thiram_presence,Thiram Presence,8,1066,1466.0,0
shap_feature_selection_extratrees_p1_20260529_183134,P1_thiram_presence,Thiram Presence,8,1067,1467.0,0
shap_feature_selection_extratrees_p1_20260529_183134,P1_thiram_presence,Thiram Presence,8,1068,1468.0,0
shap_feature_selection_extratrees_p1_20260529_183134,P1_thiram_presence,Thiram Presence,8,1069,1469.0,0
shap_feature_selection_extratrees_p1_20260529_183134,P1_thiram_presence,Thiram Presence,8,1070,1470.0,0
shap_feature_selection_extratrees_p1_20260529_183134,P1_thiram_presence,Thiram Presence,8,1071,1471.0,0
shap_feature_selection_extratrees_p1_20260529_183134,P1_thiram_presence,Thiram Presence,8,1072,1472.0,0
shap_feature_selection_extratrees_p1_20260529_183134,P1_thiram_presence,Thiram Presence,8,1073,1473.0,0
shap_feature_selection_extratrees_p1_20260529_183134,P1_thiram_presence,Thiram Presence,8,1074,1474.0,0
shap_feature_selection_extratrees_p1_20260529_183134,P1_thiram_presence,Thiram Presence,8,1075,1475.0,0
shap_feature_selection_extratrees_p1_20260529_183134,P1_thiram_presence,Thiram Presence,8,1076,1476.0,0
shap_feature_selection_extratrees_p1_20260529_183134,P1_thiram_presence,Thiram Presence,8,1077,1477.0,0
shap_feature_selection_extratrees_p1_20260529_183134,P1_thiram_presence,Thiram Presence,8,1078,1478.0,0
shap_feature_selection_extratrees_p1_20260529_183134,P1_thiram_presence,Thiram Presence,8,1079,1479.0,0
shap_feature_selection_extratrees_p1_20260529_183134,P1_thiram_presence,Thiram Presence,8,1080,1480.0,0
shap_feature_selection_extratrees_p1_20260529_183134,P1_thiram_presence,Thiram Presence,8,1081,1481.0,0
shap_feature_selection_extratrees_p1_20260529_183134,P1_thiram_presence,Thiram Presence,8,1082,1482.0,0
shap_feature_selection_extratrees_p1_20260529_183134,P1_thiram_presence,Thiram Presence,8,1083,1483.0,0
shap_feature_selection_extratrees_p1_20260529_183134,P1_thiram_presence,Thiram Presence,8,1084,1484.0,0
shap_feature_selection_extratrees_p1_20260529_183134,P1_thiram_presence,Thiram Presence,8,1085,1485.0,0
shap_feature_selection_extratrees_p1_20260529_183134,P1_thiram_presence,Thiram Presence,8,1086,1486.0,0
shap_feature_selection_extratrees_p1_20260529_183134,P1_thiram_presence,Thiram Presence,8,1087,1487.0,0
shap_feature_selection_extratrees_p1_20260529_183134,P1_thiram_presence,Thiram Presence,8,1088,1488.0,0
shap_feature_selection_extratrees_p1_20260529_183134,P1_thiram_presence,Thiram Presence,8,1089,1489.0,0
shap_feature_selection_extratrees_p1_20260529_183134,P1_thiram_presence,Thiram Presence,8,1090,1490.0,0
shap_feature_selection_extratrees_p1_20260529_183134,P1_thiram_presence,Thiram Presence,8,1091,1491.0,0
shap_feature_selection_extratrees_p1_20260529_183134,P1_thiram_presence,Thiram Presence,8,1092,1492.0,0
shap_feature_selection_extratrees_p1_20260529_183134,P1_thiram_presence,Thiram Presence,8,1093,1493.0,0
shap_feature_selection_extratrees_p1_20260529_183134,P1_thiram_presence,Thiram Presence,8,1094,1494.0,0
shap_feature_selection_extratrees_p1_20260529_183134,P1_thiram_presence,Thiram Presence,8,1095,1495.0,0
shap_feature_selection_extratrees_p1_20260529_183134,P1_thiram_presence,Thiram Presence,8,1096,1496.0,0
shap_feature_selection_extratrees_p1_20260529_183134,P1_thiram_presence,Thiram Presence,8,1097,1497.0,1
shap_feature_selection_extratrees_p1_20260529_183134,P1_thiram_presence,Thiram Presence,8,1098,1498.0,0
shap_feature_selection_extratrees_p1_20260529_183134,P1_thiram_presence,Thiram Presence,8,1099,1499.0,1
shap_feature_selection_extratrees_p1_20260529_183134,P1_thiram_presence,Thiram Presence,8,1100,1500.0,1
shap_feature_selection_extratrees_p1_20260529_183134,P1_thiram_presence,Thiram Presence,8,1101,1501.0,1
shap_feature_selection_extratrees_p1_20260529_183134,P1_thiram_presence,Thiram Presence,8,1102,1502.0,0
shap_feature_selection_extratrees_p1_20260529_183134,P1_thiram_presence,Thiram Presence,8,1103,1503.0,1
shap_feature_selection_extratrees_p1_20260529_183134,P1_thiram_presence,Thiram Presence,8,1104,1504.0,1
shap_feature_selection_extratrees_p1_20260529_183134,P1_thiram_presence,Thiram Presence,8,1105,1505.0,0
shap_feature_selection_extratrees_p1_20260529_183134,P1_thiram_presence,Thiram Presence,8,1106,1506.0,1
shap_feature_selection_extratrees_p1_20260529_183134,P1_thiram_presence,Thiram Presence,8,1107,1507.0,1
shap_feature_selection_extratrees_p1_20260529_183134,P1_thiram_presence,Thiram Presence,8,1108,1508.0,1
shap_feature_selection_extratrees_p1_20260529_183134,P1_thiram_presence,Thiram Presence,8,1109,1509.0,1
shap_feature_selection_extratrees_p1_20260529_183134,P1_thiram_presence,Thiram Presence,8,1110,1510.0,1
shap_feature_selection_extratrees_p1_20260529_183134,P1_thiram_presence,Thiram Presence,8,1111,1511.0,1
shap_feature_selection_extratrees_p1_20260529_183134,P1_thiram_presence,Thiram Presence,8,1112,1512.0,1
shap_feature_selection_extratrees_p1_20260529_183134,P1_thiram_presence,Thiram Presence,8,1113,1513.0,1
shap_feature_selection_extratrees_p1_20260529_183134,P1_thiram_presence,Thiram Presence,8,1114,1514.0,0
shap_feature_selection_extratrees_p1_20260529_183134,P1_thiram_presence,Thiram Presence,8,1115,1515.0,1
shap_feature_selection_extratrees_p1_20260529_183134,P1_thiram_presence,Thiram Presence,8,1116,1516.0,1
shap_feature_selection_extratrees_p1_20260529_183134,P1_thiram_presence,Thiram Presence,8,1117,1517.0,1
shap_feature_selection_extratrees_p1_20260529_183134,P1_thiram_presence,Thiram Presence,8,1118,1518.0,0
shap_feature_selection_extratrees_p1_20260529_183134,P1_thiram_presence,Thiram Presence,8,1119,1519.0,0
shap_feature_selection_extratrees_p1_20260529_183134,P1_thiram_presence,Thiram Presence,8,1120,1520.0,1
shap_feature_selection_extratrees_p1_20260529_183134,P1_thiram_presence,Thiram Presence,8,1121,1521.0,0
shap_feature_selection_extratrees_p1_20260529_183134,P1_thiram_presence,Thiram Presence,8,1122,1522.0,0
shap_feature_selection_extratrees_p1_20260529_183134,P1_thiram_presence,Thiram Presence,8,1123,1523.0,0
shap_feature_selection_extratrees_p1_20260529_183134,P1_thiram_presence,Thiram Presence,8,1124,1524.0,0
shap_feature_selection_extratrees_p1_20260529_183134,P1_thiram_presence,Thiram Presence,8,1125,1525.0,0
shap_feature_selection_extratrees_p1_20260529_183134,P1_thiram_presence,Thiram Presence,8,1126,1526.0,0
shap_feature_selection_extratrees_p1_20260529_183134,P1_thiram_presence,Thiram Presence,8,1127,1527.0,0
shap_feature_selection_extratrees_p1_20260529_183134,P1_thiram_presence,Thiram Presence,8,1128,1528.0,0
shap_feature_selection_extratrees_p1_20260529_183134,P1_thiram_presence,Thiram Presence,8,1129,1529.0,0
shap_feature_selection_extratrees_p1_20260529_183134,P1_thiram_presence,Thiram Presence,8,1130,1530.0,0
shap_feature_selection_extratrees_p1_20260529_183134,P1_thiram_presence,Thiram Presence,8,1131,1531.0,0
shap_feature_selection_extratrees_p1_20260529_183134,P1_thiram_presence,Thiram Presence,8,1132,1532.0,0
shap_feature_selection_extratrees_p1_20260529_183134,P1_thiram_presence,Thiram Presence,8,1133,1533.0,0
shap_feature_selection_extratrees_p1_20260529_183134,P1_thiram_presence,Thiram Presence,8,1134,1534.0,0
shap_feature_selection_extratrees_p1_20260529_183134,P1_thiram_presence,Thiram Presence,8,1135,1535.0,0
shap_feature_selection_extratrees_p1_20260529_183134,P1_thiram_presence,Thiram Presence,8,1136,1536.0,0
shap_feature_selection_extratrees_p1_20260529_183134,P1_thiram_presence,Thiram Presence,8,1137,1537.0,0
shap_feature_selection_extratrees_p1_20260529_183134,P1_thiram_presence,Thiram Presence,8,1138,1538.0,0
shap_feature_selection_extratrees_p1_20260529_183134,P1_thiram_presence,Thiram Presence,8,1139,1539.0,0
shap_feature_selection_extratrees_p1_20260529_183134,P1_thiram_presence,Thiram Presence,8,1140,1540.0,0
shap_feature_selection_extratrees_p1_20260529_183134,P1_thiram_presence,Thiram Presence,8,1141,1541.0,0
shap_feature_selection_extratrees_p1_20260529_183134,P1_thiram_presence,Thiram Presence,8,1142,1542.0,0
shap_feature_selection_extratrees_p1_20260529_183134,P1_thiram_presence,Thiram Presence,8,1143,1543.0,0
shap_feature_selection_extratrees_p1_20260529_183134,P1_thiram_presence,Thiram Presence,8,1144,1544.0,0
shap_feature_selection_extratrees_p1_20260529_183134,P1_thiram_presence,Thiram Presence,8,1145,1545.0,0
shap_feature_selection_extratrees_p1_20260529_183134,P1_thiram_presence,Thiram Presence,8,1146,1546.0,0
shap_feature_selection_extratrees_p1_20260529_183134,P1_thiram_presence,Thiram Presence,8,1147,1547.0,1
shap_feature_selection_extratrees_p1_20260529_183134,P1_thiram_presence,Thiram Presence,8,1148,1548.0,1
shap_feature_selection_extratrees_p1_20260529_183134,P1_thiram_presence,Thiram Presence,8,1149,1549.0,1
shap_feature_selection_extratrees_p1_20260529_183134,P1_thiram_presence,Thiram Presence,8,1150,1550.0,1
shap_feature_selection_extratrees_p1_20260529_183134,P1_thiram_presence,Thiram Presence,8,1151,1551.0,0
shap_feature_selection_extratrees_p1_20260529_183134,P1_thiram_presence,Thiram Presence,8,1152,1552.0,0
shap_feature_selection_extratrees_p1_20260529_183134,P1_thiram_presence,Thiram Presence,8,1153,1553.0,0
shap_feature_selection_extratrees_p1_20260529_183134,P1_thiram_presence,Thiram Presence,8,1154,1554.0,0
shap_feature_selection_extratrees_p1_20260529_183134,P1_thiram_presence,Thiram Presence,8,1155,1555.0,0
shap_feature_selection_extratrees_p1_20260529_183134,P1_thiram_presence,Thiram Presence,8,1156,1556.0,0
shap_feature_selection_extratrees_p1_20260529_183134,P1_thiram_presence,Thiram Presence,8,1157,1557.0,0
shap_feature_selection_extratrees_p1_20260529_183134,P1_thiram_presence,Thiram Presence,8,1158,1558.0,0
shap_feature_selection_extratrees_p1_20260529_183134,P1_thiram_presence,Thiram Presence,8,1159,1559.0,0
shap_feature_selection_extratrees_p1_20260529_183134,P1_thiram_presence,Thiram Presence,8,1160,1560.0,0
shap_feature_selection_extratrees_p1_20260529_183134,P1_thiram_presence,Thiram Presence,8,1161,1561.0,0
shap_feature_selection_extratrees_p1_20260529_183134,P1_thiram_presence,Thiram Presence,8,1162,1562.0,0
shap_feature_selection_extratrees_p1_20260529_183134,P1_thiram_presence,Thiram Presence,8,1163,1563.0,0
shap_feature_selection_extratrees_p1_20260529_183134,P1_thiram_presence,Thiram Presence,8,1164,1564.0,0
shap_feature_selection_extratrees_p1_20260529_183134,P1_thiram_presence,Thiram Presence,8,1165,1565.0,0
shap_feature_selection_extratrees_p1_20260529_183134,P1_thiram_presence,Thiram Presence,8,1166,1566.0,0
shap_feature_selection_extratrees_p1_20260529_183134,P1_thiram_presence,Thiram Presence,8,1167,1567.0,0
shap_feature_selection_extratrees_p1_20260529_183134,P1_thiram_presence,Thiram Presence,8,1168,1568.0,0
shap_feature_selection_extratrees_p1_20260529_183134,P1_thiram_presence,Thiram Presence,8,1169,1569.0,0
shap_feature_selection_extratrees_p1_20260529_183134,P1_thiram_presence,Thiram Presence,8,1170,1570.0,0
shap_feature_selection_extratrees_p1_20260529_183134,P1_thiram_presence,Thiram Presence,8,1171,1571.0,0
shap_feature_selection_extratrees_p1_20260529_183134,P1_thiram_presence,Thiram Presence,8,1172,1572.0,0
shap_feature_selection_extratrees_p1_20260529_183134,P1_thiram_presence,Thiram Presence,8,1173,1573.0,0
shap_feature_selection_extratrees_p1_20260529_183134,P1_thiram_presence,Thiram Presence,8,1174,1574.0,0
shap_feature_selection_extratrees_p1_20260529_183134,P1_thiram_presence,Thiram Presence,8,1175,1575.0,0
shap_feature_selection_extratrees_p1_20260529_183134,P1_thiram_presence,Thiram Presence,8,1176,1576.0,0
shap_feature_selection_extratrees_p1_20260529_183134,P1_thiram_presence,Thiram Presence,8,1177,1577.0,0
shap_feature_selection_extratrees_p1_20260529_183134,P1_thiram_presence,Thiram Presence,8,1178,1578.0,0
shap_feature_selection_extratrees_p1_20260529_183134,P1_thiram_presence,Thiram Presence,8,1179,1579.0,0
shap_feature_selection_extratrees_p1_20260529_183134,P1_thiram_presence,Thiram Presence,8,1180,1580.0,0
shap_feature_selection_extratrees_p1_20260529_183134,P1_thiram_presence,Thiram Presence,8,1181,1581.0,0
shap_feature_selection_extratrees_p1_20260529_183134,P1_thiram_presence,Thiram Presence,8,1182,1582.0,0
shap_feature_selection_extratrees_p1_20260529_183134,P1_thiram_presence,Thiram Presence,8,1183,1583.0,0
shap_feature_selection_extratrees_p1_20260529_183134,P1_thiram_presence,Thiram Presence,8,1184,1584.0,0
shap_feature_selection_extratrees_p1_20260529_183134,P1_thiram_presence,Thiram Presence,8,1185,1585.0,1
shap_feature_selection_extratrees_p1_20260529_183134,P1_thiram_presence,Thiram Presence,8,1186,1586.0,1
shap_feature_selection_extratrees_p1_20260529_183134,P1_thiram_presence,Thiram Presence,8,1187,1587.0,1
shap_feature_selection_extratrees_p1_20260529_183134,P1_thiram_presence,Thiram Presence,8,1188,1588.0,1
shap_feature_selection_extratrees_p1_20260529_183134,P1_thiram_presence,Thiram Presence,8,1189,1589.0,1
shap_feature_selection_extratrees_p1_20260529_183134,P1_thiram_presence,Thiram Presence,8,1190,1590.0,0
shap_feature_selection_extratrees_p1_20260529_183134,P1_thiram_presence,Thiram Presence,8,1191,1591.0,0
shap_feature_selection_extratrees_p1_20260529_183134,P1_thiram_presence,Thiram Presence,8,1192,1592.0,0
shap_feature_selection_extratrees_p1_20260529_183134,P1_thiram_presence,Thiram Presence,8,1193,1593.0,0
shap_feature_selection_extratrees_p1_20260529_183134,P1_thiram_presence,Thiram Presence,8,1194,1594.0,0
shap_feature_selection_extratrees_p1_20260529_183134,P1_thiram_presence,Thiram Presence,8,1195,1595.0,0
shap_feature_selection_extratrees_p1_20260529_183134,P1_thiram_presence,Thiram Presence,8,1196,1596.0,0
shap_feature_selection_extratrees_p1_20260529_183134,P1_thiram_presence,Thiram Presence,8,1197,1597.0,0
shap_feature_selection_extratrees_p1_20260529_183134,P1_thiram_presence,Thiram Presence,8,1198,1598.0,0
shap_feature_selection_extratrees_p1_20260529_183134,P1_thiram_presence,Thiram Presence,8,1199,1599.0,0
shap_feature_selection_extratrees_p1_20260529_183134,P1_thiram_presence,Thiram Presence,8,1200,1600.0,0
shap_feature_selection_extratrees_p1_20260529_183134,P1_thiram_presence,Thiram Presence,8,1201,1601.0,0
shap_feature_selection_extratrees_p1_20260529_183134,P1_thiram_presence,Thiram Presence,8,1202,1602.0,0
shap_feature_selection_extratrees_p1_20260529_183134,P1_thiram_presence,Thiram Presence,8,1203,1603.0,0
shap_feature_selection_extratrees_p1_20260529_183134,P1_thiram_presence,Thiram Presence,8,1204,1604.0,0
shap_feature_selection_extratrees_p1_20260529_183134,P1_thiram_presence,Thiram Presence,8,1205,1605.0,0
shap_feature_selection_extratrees_p1_20260529_183134,P1_thiram_presence,Thiram Presence,8,1206,1606.0,0
shap_feature_selection_extratrees_p1_20260529_183134,P1_thiram_presence,Thiram Presence,8,1207,1607.0,0
shap_feature_selection_extratrees_p1_20260529_183134,P1_thiram_presence,Thiram Presence,8,1208,1608.0,0
shap_feature_selection_extratrees_p1_20260529_183134,P1_thiram_presence,Thiram Presence,8,1209,1609.0,0
shap_feature_selection_extratrees_p1_20260529_183134,P1_thiram_presence,Thiram Presence,8,1210,1610.0,0
shap_feature_selection_extratrees_p1_20260529_183134,P1_thiram_presence,Thiram Presence,8,1211,1611.0,0
shap_feature_selection_extratrees_p1_20260529_183134,P1_thiram_presence,Thiram Presence,8,1212,1612.0,0
shap_feature_selection_extratrees_p1_20260529_183134,P1_thiram_presence,Thiram Presence,8,1213,1613.0,0
shap_feature_selection_extratrees_p1_20260529_183134,P1_thiram_presence,Thiram Presence,8,1214,1614.0,0
shap_feature_selection_extratrees_p1_20260529_183134,P1_thiram_presence,Thiram Presence,8,1215,1615.0,0
shap_feature_selection_extratrees_p1_20260529_183134,P1_thiram_presence,Thiram Presence,8,1216,1616.0,0
shap_feature_selection_extratrees_p1_20260529_183134,P1_thiram_presence,Thiram Presence,8,1217,1617.0,0
shap_feature_selection_extratrees_p1_20260529_183134,P1_thiram_presence,Thiram Presence,8,1218,1618.0,0
shap_feature_selection_extratrees_p1_20260529_183134,P1_thiram_presence,Thiram Presence,8,1219,1619.0,0
shap_feature_selection_extratrees_p1_20260529_183134,P1_thiram_presence,Thiram Presence,8,1220,1620.0,0
shap_feature_selection_extratrees_p1_20260529_183134,P1_thiram_presence,Thiram Presence,8,1221,1621.0,0
shap_feature_selection_extratrees_p1_20260529_183134,P1_thiram_presence,Thiram Presence,8,1222,1622.0,0
shap_feature_selection_extratrees_p1_20260529_183134,P1_thiram_presence,Thiram Presence,8,1223,1623.0,0
shap_feature_selection_extratrees_p1_20260529_183134,P1_thiram_presence,Thiram Presence,8,1224,1624.0,0
shap_feature_selection_extratrees_p1_20260529_183134,P1_thiram_presence,Thiram Presence,8,1225,1625.0,0
shap_feature_selection_extratrees_p1_20260529_183134,P1_thiram_presence,Thiram Presence,8,1226,1626.0,0
shap_feature_selection_extratrees_p1_20260529_183134,P1_thiram_presence,Thiram Presence,8,1227,1627.0,0
shap_feature_selection_extratrees_p1_20260529_183134,P1_thiram_presence,Thiram Presence,8,1228,1628.0,0
shap_feature_selection_extratrees_p1_20260529_183134,P1_thiram_presence,Thiram Presence,8,1229,1629.0,0
shap_feature_selection_extratrees_p1_20260529_183134,P1_thiram_presence,Thiram Presence,8,1230,1630.0,0
shap_feature_selection_extratrees_p1_20260529_183134,P1_thiram_presence,Thiram Presence,8,1231,1631.0,0
shap_feature_selection_extratrees_p1_20260529_183134,P1_thiram_presence,Thiram Presence,8,1232,1632.0,0
shap_feature_selection_extratrees_p1_20260529_183134,P1_thiram_presence,Thiram Presence,8,1233,1633.0,0
shap_feature_selection_extratrees_p1_20260529_183134,P1_thiram_presence,Thiram Presence,8,1234,1634.0,0
shap_feature_selection_extratrees_p1_20260529_183134,P1_thiram_presence,Thiram Presence,8,1235,1635.0,0
shap_feature_selection_extratrees_p1_20260529_183134,P1_thiram_presence,Thiram Presence,8,1236,1636.0,0
shap_feature_selection_extratrees_p1_20260529_183134,P1_thiram_presence,Thiram Presence,8,1237,1637.0,0
shap_feature_selection_extratrees_p1_20260529_183134,P1_thiram_presence,Thiram Presence,8,1238,1638.0,0
shap_feature_selection_extratrees_p1_20260529_183134,P1_thiram_presence,Thiram Presence,8,1239,1639.0,0
shap_feature_selection_extratrees_p1_20260529_183134,P1_thiram_presence,Thiram Presence,8,1240,1640.0,0
shap_feature_selection_extratrees_p1_20260529_183134,P1_thiram_presence,Thiram Presence,8,1241,1641.0,0
shap_feature_selection_extratrees_p1_20260529_183134,P1_thiram_presence,Thiram Presence,8,1242,1642.0,0
shap_feature_selection_extratrees_p1_20260529_183134,P1_thiram_presence,Thiram Presence,8,1243,1643.0,0
shap_feature_selection_extratrees_p1_20260529_183134,P1_thiram_presence,Thiram Presence,8,1244,1644.0,0
shap_feature_selection_extratrees_p1_20260529_183134,P1_thiram_presence,Thiram Presence,8,1245,1645.0,0
shap_feature_selection_extratrees_p1_20260529_183134,P1_thiram_presence,Thiram Presence,8,1246,1646.0,0
shap_feature_selection_extratrees_p1_20260529_183134,P1_thiram_presence,Thiram Presence,8,1247,1647.0,0
shap_feature_selection_extratrees_p1_20260529_183134,P1_thiram_presence,Thiram Presence,8,1248,1648.0,0
shap_feature_selection_extratrees_p1_20260529_183134,P1_thiram_presence,Thiram Presence,8,1249,1649.0,0
shap_feature_selection_extratrees_p1_20260529_183134,P1_thiram_presence,Thiram Presence,8,1250,1650.0,0
shap_feature_selection_extratrees_p1_20260529_183134,P1_thiram_presence,Thiram Presence,8,1251,1651.0,0
shap_feature_selection_extratrees_p1_20260529_183134,P1_thiram_presence,Thiram Presence,8,1252,1652.0,0
shap_feature_selection_extratrees_p1_20260529_183134,P1_thiram_presence,Thiram Presence,8,1253,1653.0,0
shap_feature_selection_extratrees_p1_20260529_183134,P1_thiram_presence,Thiram Presence,8,1254,1654.0,0
shap_feature_selection_extratrees_p1_20260529_183134,P1_thiram_presence,Thiram Presence,8,1255,1655.0,0
shap_feature_selection_extratrees_p1_20260529_183134,P1_thiram_presence,Thiram Presence,8,1256,1656.0,0
shap_feature_selection_extratrees_p1_20260529_183134,P1_thiram_presence,Thiram Presence,8,1257,1657.0,0
shap_feature_selection_extratrees_p1_20260529_183134,P1_thiram_presence,Thiram Presence,8,1258,1658.0,0
shap_feature_selection_extratrees_p1_20260529_183134,P1_thiram_presence,Thiram Presence,8,1259,1659.0,0
shap_feature_selection_extratrees_p1_20260529_183134,P1_thiram_presence,Thiram Presence,8,1260,1660.0,0
shap_feature_selection_extratrees_p1_20260529_183134,P1_thiram_presence,Thiram Presence,8,1261,1661.0,0
shap_feature_selection_extratrees_p1_20260529_183134,P1_thiram_presence,Thiram Presence,8,1262,1662.0,0
shap_feature_selection_extratrees_p1_20260529_183134,P1_thiram_presence,Thiram Presence,8,1263,1663.0,0
shap_feature_selection_extratrees_p1_20260529_183134,P1_thiram_presence,Thiram Presence,8,1264,1664.0,0
shap_feature_selection_extratrees_p1_20260529_183134,P1_thiram_presence,Thiram Presence,8,1265,1665.0,0
shap_feature_selection_extratrees_p1_20260529_183134,P1_thiram_presence,Thiram Presence,8,1266,1666.0,0
shap_feature_selection_extratrees_p1_20260529_183134,P1_thiram_presence,Thiram Presence,8,1267,1667.0,0
shap_feature_selection_extratrees_p1_20260529_183134,P1_thiram_presence,Thiram Presence,8,1268,1668.0,0
shap_feature_selection_extratrees_p1_20260529_183134,P1_thiram_presence,Thiram Presence,8,1269,1669.0,0
shap_feature_selection_extratrees_p1_20260529_183134,P1_thiram_presence,Thiram Presence,8,1270,1670.0,0
shap_feature_selection_extratrees_p1_20260529_183134,P1_thiram_presence,Thiram Presence,8,1271,1671.0,0
shap_feature_selection_extratrees_p1_20260529_183134,P1_thiram_presence,Thiram Presence,8,1272,1672.0,0
shap_feature_selection_extratrees_p1_20260529_183134,P1_thiram_presence,Thiram Presence,8,1273,1673.0,0
shap_feature_selection_extratrees_p1_20260529_183134,P1_thiram_presence,Thiram Presence,8,1274,1674.0,0
shap_feature_selection_extratrees_p1_20260529_183134,P1_thiram_presence,Thiram Presence,8,1275,1675.0,0
shap_feature_selection_extratrees_p1_20260529_183134,P1_thiram_presence,Thiram Presence,8,1276,1676.0,0
shap_feature_selection_extratrees_p1_20260529_183134,P1_thiram_presence,Thiram Presence,8,1277,1677.0,0
shap_feature_selection_extratrees_p1_20260529_183134,P1_thiram_presence,Thiram Presence,8,1278,1678.0,0
shap_feature_selection_extratrees_p1_20260529_183134,P1_thiram_presence,Thiram Presence,8,1279,1679.0,0
shap_feature_selection_extratrees_p1_20260529_183134,P1_thiram_presence,Thiram Presence,8,1280,1680.0,0
shap_feature_selection_extratrees_p1_20260529_183134,P1_thiram_presence,Thiram Presence,8,1281,1681.0,0
shap_feature_selection_extratrees_p1_20260529_183134,P1_thiram_presence,Thiram Presence,8,1282,1682.0,0
shap_feature_selection_extratrees_p1_20260529_183134,P1_thiram_presence,Thiram Presence,8,1283,1683.0,0
shap_feature_selection_extratrees_p1_20260529_183134,P1_thiram_presence,Thiram Presence,8,1284,1684.0,0
shap_feature_selection_extratrees_p1_20260529_183134,P1_thiram_presence,Thiram Presence,8,1285,1685.0,0
shap_feature_selection_extratrees_p1_20260529_183134,P1_thiram_presence,Thiram Presence,8,1286,1686.0,0
shap_feature_selection_extratrees_p1_20260529_183134,P1_thiram_presence,Thiram Presence,8,1287,1687.0,0
shap_feature_selection_extratrees_p1_20260529_183134,P1_thiram_presence,Thiram Presence,8,1288,1688.0,0
shap_feature_selection_extratrees_p1_20260529_183134,P1_thiram_presence,Thiram Presence,8,1289,1689.0,0
shap_feature_selection_extratrees_p1_20260529_183134,P1_thiram_presence,Thiram Presence,8,1290,1690.0,0
shap_feature_selection_extratrees_p1_20260529_183134,P1_thiram_presence,Thiram Presence,8,1291,1691.0,0
shap_feature_selection_extratrees_p1_20260529_183134,P1_thiram_presence,Thiram Presence,8,1292,1692.0,0
shap_feature_selection_extratrees_p1_20260529_183134,P1_thiram_presence,Thiram Presence,8,1293,1693.0,0
shap_feature_selection_extratrees_p1_20260529_183134,P1_thiram_presence,Thiram Presence,8,1294,1694.0,0
shap_feature_selection_extratrees_p1_20260529_183134,P1_thiram_presence,Thiram Presence,8,1295,1695.0,0
shap_feature_selection_extratrees_p1_20260529_183134,P1_thiram_presence,Thiram Presence,8,1296,1696.0,0
shap_feature_selection_extratrees_p1_20260529_183134,P1_thiram_presence,Thiram Presence,8,1297,1697.0,0
shap_feature_selection_extratrees_p1_20260529_183134,P1_thiram_presence,Thiram Presence,8,1298,1698.0,0
shap_feature_selection_extratrees_p1_20260529_183134,P1_thiram_presence,Thiram Presence,8,1299,1699.0,0
shap_feature_selection_extratrees_p1_20260529_183134,P1_thiram_presence,Thiram Presence,8,1300,1700.0,0
shap_feature_selection_extratrees_p1_20260529_183134,P1_thiram_presence,Thiram Presence,8,1301,1701.0,0
shap_feature_selection_extratrees_p1_20260529_183134,P1_thiram_presence,Thiram Presence,8,1302,1702.0,0
shap_feature_selection_extratrees_p1_20260529_183134,P1_thiram_presence,Thiram Presence,8,1303,1703.0,0
shap_feature_selection_extratrees_p1_20260529_183134,P1_thiram_presence,Thiram Presence,8,1304,1704.0,0
shap_feature_selection_extratrees_p1_20260529_183134,P1_thiram_presence,Thiram Presence,8,1305,1705.0,0
shap_feature_selection_extratrees_p1_20260529_183134,P1_thiram_presence,Thiram Presence,8,1306,1706.0,0
shap_feature_selection_extratrees_p1_20260529_183134,P1_thiram_presence,Thiram Presence,8,1307,1707.0,0
shap_feature_selection_extratrees_p1_20260529_183134,P1_thiram_presence,Thiram Presence,8,1308,1708.0,0
shap_feature_selection_extratrees_p1_20260529_183134,P1_thiram_presence,Thiram Presence,8,1309,1709.0,0
shap_feature_selection_extratrees_p1_20260529_183134,P1_thiram_presence,Thiram Presence,8,1310,1710.0,0
shap_feature_selection_extratrees_p1_20260529_183134,P1_thiram_presence,Thiram Presence,8,1311,1711.0,0
shap_feature_selection_extratrees_p1_20260529_183134,P1_thiram_presence,Thiram Presence,8,1312,1712.0,0
shap_feature_selection_extratrees_p1_20260529_183134,P1_thiram_presence,Thiram Presence,8,1313,1713.0,0
shap_feature_selection_extratrees_p1_20260529_183134,P1_thiram_presence,Thiram Presence,8,1314,1714.0,0
shap_feature_selection_extratrees_p1_20260529_183134,P1_thiram_presence,Thiram Presence,8,1315,1715.0,0
shap_feature_selection_extratrees_p1_20260529_183134,P1_thiram_presence,Thiram Presence,8,1316,1716.0,0
shap_feature_selection_extratrees_p1_20260529_183134,P1_thiram_presence,Thiram Presence,8,1317,1717.0,0
shap_feature_selection_extratrees_p1_20260529_183134,P1_thiram_presence,Thiram Presence,8,1318,1718.0,0
shap_feature_selection_extratrees_p1_20260529_183134,P1_thiram_presence,Thiram Presence,8,1319,1719.0,0
shap_feature_selection_extratrees_p1_20260529_183134,P1_thiram_presence,Thiram Presence,8,1320,1720.0,0
shap_feature_selection_extratrees_p1_20260529_183134,P1_thiram_presence,Thiram Presence,8,1321,1721.0,0
shap_feature_selection_extratrees_p1_20260529_183134,P1_thiram_presence,Thiram Presence,8,1322,1722.0,0
shap_feature_selection_extratrees_p1_20260529_183134,P1_thiram_presence,Thiram Presence,8,1323,1723.0,0
shap_feature_selection_extratrees_p1_20260529_183134,P1_thiram_presence,Thiram Presence,8,1324,1724.0,0
shap_feature_selection_extratrees_p1_20260529_183134,P1_thiram_presence,Thiram Presence,8,1325,1725.0,0
shap_feature_selection_extratrees_p1_20260529_183134,P1_thiram_presence,Thiram Presence,8,1326,1726.0,0
shap_feature_selection_extratrees_p1_20260529_183134,P1_thiram_presence,Thiram Presence,8,1327,1727.0,0
shap_feature_selection_extratrees_p1_20260529_183134,P1_thiram_presence,Thiram Presence,8,1328,1728.0,0
shap_feature_selection_extratrees_p1_20260529_183134,P1_thiram_presence,Thiram Presence,8,1329,1729.0,0
shap_feature_selection_extratrees_p1_20260529_183134,P1_thiram_presence,Thiram Presence,8,1330,1730.0,0
shap_feature_selection_extratrees_p1_20260529_183134,P1_thiram_presence,Thiram Presence,8,1331,1731.0,0
shap_feature_selection_extratrees_p1_20260529_183134,P1_thiram_presence,Thiram Presence,8,1332,1732.0,0
shap_feature_selection_extratrees_p1_20260529_183134,P1_thiram_presence,Thiram Presence,8,1333,1733.0,0
shap_feature_selection_extratrees_p1_20260529_183134,P1_thiram_presence,Thiram Presence,8,1334,1734.0,0
shap_feature_selection_extratrees_p1_20260529_183134,P1_thiram_presence,Thiram Presence,8,1335,1735.0,0
shap_feature_selection_extratrees_p1_20260529_183134,P1_thiram_presence,Thiram Presence,8,1336,1736.0,0
shap_feature_selection_extratrees_p1_20260529_183134,P1_thiram_presence,Thiram Presence,8,1337,1737.0,0
shap_feature_selection_extratrees_p1_20260529_183134,P1_thiram_presence,Thiram Presence,8,1338,1738.0,0
shap_feature_selection_extratrees_p1_20260529_183134,P1_thiram_presence,Thiram Presence,8,1339,1739.0,0
shap_feature_selection_extratrees_p1_20260529_183134,P1_thiram_presence,Thiram Presence,8,1340,1740.0,0
shap_feature_selection_extratrees_p1_20260529_183134,P1_thiram_presence,Thiram Presence,8,1341,1741.0,0
shap_feature_selection_extratrees_p1_20260529_183134,P1_thiram_presence,Thiram Presence,8,1342,1742.0,0
shap_feature_selection_extratrees_p1_20260529_183134,P1_thiram_presence,Thiram Presence,8,1343,1743.0,0
shap_feature_selection_extratrees_p1_20260529_183134,P1_thiram_presence,Thiram Presence,8,1344,1744.0,0
shap_feature_selection_extratrees_p1_20260529_183134,P1_thiram_presence,Thiram Presence,8,1345,1745.0,0
shap_feature_selection_extratrees_p1_20260529_183134,P1_thiram_presence,Thiram Presence,8,1346,1746.0,0
shap_feature_selection_extratrees_p1_20260529_183134,P1_thiram_presence,Thiram Presence,8,1347,1747.0,0
shap_feature_selection_extratrees_p1_20260529_183134,P1_thiram_presence,Thiram Presence,8,1348,1748.0,0
shap_feature_selection_extratrees_p1_20260529_183134,P1_thiram_presence,Thiram Presence,8,1349,1749.0,0
shap_feature_selection_extratrees_p1_20260529_183134,P1_thiram_presence,Thiram Presence,8,1350,1750.0,0
shap_feature_selection_extratrees_p1_20260529_183134,P1_thiram_presence,Thiram Presence,8,1351,1751.0,0
shap_feature_selection_extratrees_p1_20260529_183134,P1_thiram_presence,Thiram Presence,8,1352,1752.0,0
shap_feature_selection_extratrees_p1_20260529_183134,P1_thiram_presence,Thiram Presence,8,1353,1753.0,0
shap_feature_selection_extratrees_p1_20260529_183134,P1_thiram_presence,Thiram Presence,8,1354,1754.0,0
shap_feature_selection_extratrees_p1_20260529_183134,P1_thiram_presence,Thiram Presence,8,1355,1755.0,0
shap_feature_selection_extratrees_p1_20260529_183134,P1_thiram_presence,Thiram Presence,8,1356,1756.0,0
shap_feature_selection_extratrees_p1_20260529_183134,P1_thiram_presence,Thiram Presence,8,1357,1757.0,0
shap_feature_selection_extratrees_p1_20260529_183134,P1_thiram_presence,Thiram Presence,8,1358,1758.0,0
shap_feature_selection_extratrees_p1_20260529_183134,P1_thiram_presence,Thiram Presence,8,1359,1759.0,0
shap_feature_selection_extratrees_p1_20260529_183134,P1_thiram_presence,Thiram Presence,8,1360,1760.0,0
shap_feature_selection_extratrees_p1_20260529_183134,P1_thiram_presence,Thiram Presence,8,1361,1761.0,0
shap_feature_selection_extratrees_p1_20260529_183134,P1_thiram_presence,Thiram Presence,8,1362,1762.0,0
shap_feature_selection_extratrees_p1_20260529_183134,P1_thiram_presence,Thiram Presence,8,1363,1763.0,0
shap_feature_selection_extratrees_p1_20260529_183134,P1_thiram_presence,Thiram Presence,8,1364,1764.0,0
shap_feature_selection_extratrees_p1_20260529_183134,P1_thiram_presence,Thiram Presence,8,1365,1765.0,0
shap_feature_selection_extratrees_p1_20260529_183134,P1_thiram_presence,Thiram Presence,8,1366,1766.0,0
shap_feature_selection_extratrees_p1_20260529_183134,P1_thiram_presence,Thiram Presence,8,1367,1767.0,0
shap_feature_selection_extratrees_p1_20260529_183134,P1_thiram_presence,Thiram Presence,8,1368,1768.0,0
shap_feature_selection_extratrees_p1_20260529_183134,P1_thiram_presence,Thiram Presence,8,1369,1769.0,0
shap_feature_selection_extratrees_p1_20260529_183134,P1_thiram_presence,Thiram Presence,8,1370,1770.0,0
shap_feature_selection_extratrees_p1_20260529_183134,P1_thiram_presence,Thiram Presence,8,1371,1771.0,0
shap_feature_selection_extratrees_p1_20260529_183134,P1_thiram_presence,Thiram Presence,8,1372,1772.0,0
shap_feature_selection_extratrees_p1_20260529_183134,P1_thiram_presence,Thiram Presence,8,1373,1773.0,0
shap_feature_selection_extratrees_p1_20260529_183134,P1_thiram_presence,Thiram Presence,8,1374,1774.0,0
shap_feature_selection_extratrees_p1_20260529_183134,P1_thiram_presence,Thiram Presence,8,1375,1775.0,0
shap_feature_selection_extratrees_p1_20260529_183134,P1_thiram_presence,Thiram Presence,8,1376,1776.0,0
shap_feature_selection_extratrees_p1_20260529_183134,P1_thiram_presence,Thiram Presence,8,1377,1777.0,0
shap_feature_selection_extratrees_p1_20260529_183134,P1_thiram_presence,Thiram Presence,8,1378,1778.0,0
shap_feature_selection_extratrees_p1_20260529_183134,P1_thiram_presence,Thiram Presence,8,1379,1779.0,0
shap_feature_selection_extratrees_p1_20260529_183134,P1_thiram_presence,Thiram Presence,8,1380,1780.0,0
shap_feature_selection_extratrees_p1_20260529_183134,P1_thiram_presence,Thiram Presence,8,1381,1781.0,0
shap_feature_selection_extratrees_p1_20260529_183134,P1_thiram_presence,Thiram Presence,8,1382,1782.0,0
shap_feature_selection_extratrees_p1_20260529_183134,P1_thiram_presence,Thiram Presence,8,1383,1783.0,0
shap_feature_selection_extratrees_p1_20260529_183134,P1_thiram_presence,Thiram Presence,8,1384,1784.0,0
shap_feature_selection_extratrees_p1_20260529_183134,P1_thiram_presence,Thiram Presence,8,1385,1785.0,0
shap_feature_selection_extratrees_p1_20260529_183134,P1_thiram_presence,Thiram Presence,8,1386,1786.0,0
shap_feature_selection_extratrees_p1_20260529_183134,P1_thiram_presence,Thiram Presence,8,1387,1787.0,0
shap_feature_selection_extratrees_p1_20260529_183134,P1_thiram_presence,Thiram Presence,8,1388,1788.0,0
shap_feature_selection_extratrees_p1_20260529_183134,P1_thiram_presence,Thiram Presence,8,1389,1789.0,0
shap_feature_selection_extratrees_p1_20260529_183134,P1_thiram_presence,Thiram Presence,8,1390,1790.0,0
shap_feature_selection_extratrees_p1_20260529_183134,P1_thiram_presence,Thiram Presence,8,1391,1791.0,0
shap_feature_selection_extratrees_p1_20260529_183134,P1_thiram_presence,Thiram Presence,8,1392,1792.0,0
shap_feature_selection_extratrees_p1_20260529_183134,P1_thiram_presence,Thiram Presence,8,1393,1793.0,0
shap_feature_selection_extratrees_p1_20260529_183134,P1_thiram_presence,Thiram Presence,8,1394,1794.0,0
shap_feature_selection_extratrees_p1_20260529_183134,P1_thiram_presence,Thiram Presence,8,1395,1795.0,0
shap_feature_selection_extratrees_p1_20260529_183134,P1_thiram_presence,Thiram Presence,8,1396,1796.0,0
shap_feature_selection_extratrees_p1_20260529_183134,P1_thiram_presence,Thiram Presence,8,1397,1797.0,0
shap_feature_selection_extratrees_p1_20260529_183134,P1_thiram_presence,Thiram Presence,8,1398,1798.0,0
shap_feature_selection_extratrees_p1_20260529_183134,P1_thiram_presence,Thiram Presence,8,1399,1799.0,0
shap_feature_selection_extratrees_p1_20260529_183134,P1_thiram_presence,Thiram Presence,8,1400,1800.0,0
shap_feature_selection_extratrees_p1_20260529_183134,P2_mg_presence,MG Presence,8,0,400.0,0
shap_feature_selection_extratrees_p1_20260529_183134,P2_mg_presence,MG Presence,8,1,401.0,0
shap_feature_selection_extratrees_p1_20260529_183134,P2_mg_presence,MG Presence,8,2,402.0,0
shap_feature_selection_extratrees_p1_20260529_183134,P2_mg_presence,MG Presence,8,3,403.0,1
shap_feature_selection_extratrees_p1_20260529_183134,P2_mg_presence,MG Presence,8,4,404.0,0
shap_feature_selection_extratrees_p1_20260529_183134,P2_mg_presence,MG Presence,8,5,405.0,0
shap_feature_selection_extratrees_p1_20260529_183134,P2_mg_presence,MG Presence,8,6,406.0,0
shap_feature_selection_extratrees_p1_20260529_183134,P2_mg_presence,MG Presence,8,7,407.0,0
shap_feature_selection_extratrees_p1_20260529_183134,P2_mg_presence,MG Presence,8,8,408.0,1
shap_feature_selection_extratrees_p1_20260529_183134,P2_mg_presence,MG Presence,8,9,409.0,1
shap_feature_selection_extratrees_p1_20260529_183134,P2_mg_presence,MG Presence,8,10,410.0,1
shap_feature_selection_extratrees_p1_20260529_183134,P2_mg_presence,MG Presence,8,11,411.0,1
shap_feature_selection_extratrees_p1_20260529_183134,P2_mg_presence,MG Presence,8,12,412.0,1
shap_feature_selection_extratrees_p1_20260529_183134,P2_mg_presence,MG Presence,8,13,413.0,0
shap_feature_selection_extratrees_p1_20260529_183134,P2_mg_presence,MG Presence,8,14,414.0,1
shap_feature_selection_extratrees_p1_20260529_183134,P2_mg_presence,MG Presence,8,15,415.0,0
shap_feature_selection_extratrees_p1_20260529_183134,P2_mg_presence,MG Presence,8,16,416.0,0
shap_feature_selection_extratrees_p1_20260529_183134,P2_mg_presence,MG Presence,8,17,417.0,0
shap_feature_selection_extratrees_p1_20260529_183134,P2_mg_presence,MG Presence,8,18,418.0,0
shap_feature_selection_extratrees_p1_20260529_183134,P2_mg_presence,MG Presence,8,19,419.0,0
shap_feature_selection_extratrees_p1_20260529_183134,P2_mg_presence,MG Presence,8,20,420.0,0
shap_feature_selection_extratrees_p1_20260529_183134,P2_mg_presence,MG Presence,8,21,421.0,0
shap_feature_selection_extratrees_p1_20260529_183134,P2_mg_presence,MG Presence,8,22,422.0,0
shap_feature_selection_extratrees_p1_20260529_183134,P2_mg_presence,MG Presence,8,23,423.0,0
shap_feature_selection_extratrees_p1_20260529_183134,P2_mg_presence,MG Presence,8,24,424.0,0
shap_feature_selection_extratrees_p1_20260529_183134,P2_mg_presence,MG Presence,8,25,425.0,0
shap_feature_selection_extratrees_p1_20260529_183134,P2_mg_presence,MG Presence,8,26,426.0,0
shap_feature_selection_extratrees_p1_20260529_183134,P2_mg_presence,MG Presence,8,27,427.0,0
shap_feature_selection_extratrees_p1_20260529_183134,P2_mg_presence,MG Presence,8,28,428.0,0
shap_feature_selection_extratrees_p1_20260529_183134,P2_mg_presence,MG Presence,8,29,429.0,1
shap_feature_selection_extratrees_p1_20260529_183134,P2_mg_presence,MG Presence,8,30,430.0,0
shap_feature_selection_extratrees_p1_20260529_183134,P2_mg_presence,MG Presence,8,31,431.0,1
shap_feature_selection_extratrees_p1_20260529_183134,P2_mg_presence,MG Presence,8,32,432.0,0
shap_feature_selection_extratrees_p1_20260529_183134,P2_mg_presence,MG Presence,8,33,433.0,0
shap_feature_selection_extratrees_p1_20260529_183134,P2_mg_presence,MG Presence,8,34,434.0,0
shap_feature_selection_extratrees_p1_20260529_183134,P2_mg_presence,MG Presence,8,35,435.0,0
shap_feature_selection_extratrees_p1_20260529_183134,P2_mg_presence,MG Presence,8,36,436.0,0
shap_feature_selection_extratrees_p1_20260529_183134,P2_mg_presence,MG Presence,8,37,437.0,0
shap_feature_selection_extratrees_p1_20260529_183134,P2_mg_presence,MG Presence,8,38,438.0,0
shap_feature_selection_extratrees_p1_20260529_183134,P2_mg_presence,MG Presence,8,39,439.0,0
shap_feature_selection_extratrees_p1_20260529_183134,P2_mg_presence,MG Presence,8,40,440.0,0
shap_feature_selection_extratrees_p1_20260529_183134,P2_mg_presence,MG Presence,8,41,441.0,0
shap_feature_selection_extratrees_p1_20260529_183134,P2_mg_presence,MG Presence,8,42,442.0,0
shap_feature_selection_extratrees_p1_20260529_183134,P2_mg_presence,MG Presence,8,43,443.0,0
shap_feature_selection_extratrees_p1_20260529_183134,P2_mg_presence,MG Presence,8,44,444.0,0
shap_feature_selection_extratrees_p1_20260529_183134,P2_mg_presence,MG Presence,8,45,445.0,0
shap_feature_selection_extratrees_p1_20260529_183134,P2_mg_presence,MG Presence,8,46,446.0,0
shap_feature_selection_extratrees_p1_20260529_183134,P2_mg_presence,MG Presence,8,47,447.0,0
shap_feature_selection_extratrees_p1_20260529_183134,P2_mg_presence,MG Presence,8,48,448.0,0
shap_feature_selection_extratrees_p1_20260529_183134,P2_mg_presence,MG Presence,8,49,449.0,0
shap_feature_selection_extratrees_p1_20260529_183134,P2_mg_presence,MG Presence,8,50,450.0,0
shap_feature_selection_extratrees_p1_20260529_183134,P2_mg_presence,MG Presence,8,51,451.0,0
shap_feature_selection_extratrees_p1_20260529_183134,P2_mg_presence,MG Presence,8,52,452.0,0
shap_feature_selection_extratrees_p1_20260529_183134,P2_mg_presence,MG Presence,8,53,453.0,0
shap_feature_selection_extratrees_p1_20260529_183134,P2_mg_presence,MG Presence,8,54,454.0,0
shap_feature_selection_extratrees_p1_20260529_183134,P2_mg_presence,MG Presence,8,55,455.0,0
shap_feature_selection_extratrees_p1_20260529_183134,P2_mg_presence,MG Presence,8,56,456.0,0
shap_feature_selection_extratrees_p1_20260529_183134,P2_mg_presence,MG Presence,8,57,457.0,0
shap_feature_selection_extratrees_p1_20260529_183134,P2_mg_presence,MG Presence,8,58,458.0,0
shap_feature_selection_extratrees_p1_20260529_183134,P2_mg_presence,MG Presence,8,59,459.0,0
shap_feature_selection_extratrees_p1_20260529_183134,P2_mg_presence,MG Presence,8,60,460.0,0
shap_feature_selection_extratrees_p1_20260529_183134,P2_mg_presence,MG Presence,8,61,461.0,0
shap_feature_selection_extratrees_p1_20260529_183134,P2_mg_presence,MG Presence,8,62,462.0,0
shap_feature_selection_extratrees_p1_20260529_183134,P2_mg_presence,MG Presence,8,63,463.0,0
shap_feature_selection_extratrees_p1_20260529_183134,P2_mg_presence,MG Presence,8,64,464.0,0
shap_feature_selection_extratrees_p1_20260529_183134,P2_mg_presence,MG Presence,8,65,465.0,0
shap_feature_selection_extratrees_p1_20260529_183134,P2_mg_presence,MG Presence,8,66,466.0,0
shap_feature_selection_extratrees_p1_20260529_183134,P2_mg_presence,MG Presence,8,67,467.0,0
shap_feature_selection_extratrees_p1_20260529_183134,P2_mg_presence,MG Presence,8,68,468.0,0
shap_feature_selection_extratrees_p1_20260529_183134,P2_mg_presence,MG Presence,8,69,469.0,0
shap_feature_selection_extratrees_p1_20260529_183134,P2_mg_presence,MG Presence,8,70,470.0,0
shap_feature_selection_extratrees_p1_20260529_183134,P2_mg_presence,MG Presence,8,71,471.0,0
shap_feature_selection_extratrees_p1_20260529_183134,P2_mg_presence,MG Presence,8,72,472.0,0
shap_feature_selection_extratrees_p1_20260529_183134,P2_mg_presence,MG Presence,8,73,473.0,0
shap_feature_selection_extratrees_p1_20260529_183134,P2_mg_presence,MG Presence,8,74,474.0,0
shap_feature_selection_extratrees_p1_20260529_183134,P2_mg_presence,MG Presence,8,75,475.0,0
shap_feature_selection_extratrees_p1_20260529_183134,P2_mg_presence,MG Presence,8,76,476.0,0
shap_feature_selection_extratrees_p1_20260529_183134,P2_mg_presence,MG Presence,8,77,477.0,0
shap_feature_selection_extratrees_p1_20260529_183134,P2_mg_presence,MG Presence,8,78,478.0,0
shap_feature_selection_extratrees_p1_20260529_183134,P2_mg_presence,MG Presence,8,79,479.0,0
shap_feature_selection_extratrees_p1_20260529_183134,P2_mg_presence,MG Presence,8,80,480.0,0
shap_feature_selection_extratrees_p1_20260529_183134,P2_mg_presence,MG Presence,8,81,481.0,0
shap_feature_selection_extratrees_p1_20260529_183134,P2_mg_presence,MG Presence,8,82,482.0,0
shap_feature_selection_extratrees_p1_20260529_183134,P2_mg_presence,MG Presence,8,83,483.0,0
shap_feature_selection_extratrees_p1_20260529_183134,P2_mg_presence,MG Presence,8,84,484.0,0
shap_feature_selection_extratrees_p1_20260529_183134,P2_mg_presence,MG Presence,8,85,485.0,0
shap_feature_selection_extratrees_p1_20260529_183134,P2_mg_presence,MG Presence,8,86,486.0,0
shap_feature_selection_extratrees_p1_20260529_183134,P2_mg_presence,MG Presence,8,87,487.0,0
shap_feature_selection_extratrees_p1_20260529_183134,P2_mg_presence,MG Presence,8,88,488.0,0
shap_feature_selection_extratrees_p1_20260529_183134,P2_mg_presence,MG Presence,8,89,489.0,0
shap_feature_selection_extratrees_p1_20260529_183134,P2_mg_presence,MG Presence,8,90,490.0,0
shap_feature_selection_extratrees_p1_20260529_183134,P2_mg_presence,MG Presence,8,91,491.0,0
shap_feature_selection_extratrees_p1_20260529_183134,P2_mg_presence,MG Presence,8,92,492.0,0
shap_feature_selection_extratrees_p1_20260529_183134,P2_mg_presence,MG Presence,8,93,493.0,0
shap_feature_selection_extratrees_p1_20260529_183134,P2_mg_presence,MG Presence,8,94,494.0,0
shap_feature_selection_extratrees_p1_20260529_183134,P2_mg_presence,MG Presence,8,95,495.0,0
shap_feature_selection_extratrees_p1_20260529_183134,P2_mg_presence,MG Presence,8,96,496.0,0
shap_feature_selection_extratrees_p1_20260529_183134,P2_mg_presence,MG Presence,8,97,497.0,0
shap_feature_selection_extratrees_p1_20260529_183134,P2_mg_presence,MG Presence,8,98,498.0,0
shap_feature_selection_extratrees_p1_20260529_183134,P2_mg_presence,MG Presence,8,99,499.0,0
shap_feature_selection_extratrees_p1_20260529_183134,P2_mg_presence,MG Presence,8,100,500.0,0
shap_feature_selection_extratrees_p1_20260529_183134,P2_mg_presence,MG Presence,8,101,501.0,0
shap_feature_selection_extratrees_p1_20260529_183134,P2_mg_presence,MG Presence,8,102,502.0,0
shap_feature_selection_extratrees_p1_20260529_183134,P2_mg_presence,MG Presence,8,103,503.0,1
shap_feature_selection_extratrees_p1_20260529_183134,P2_mg_presence,MG Presence,8,104,504.0,0
shap_feature_selection_extratrees_p1_20260529_183134,P2_mg_presence,MG Presence,8,105,505.0,0
shap_feature_selection_extratrees_p1_20260529_183134,P2_mg_presence,MG Presence,8,106,506.0,0
shap_feature_selection_extratrees_p1_20260529_183134,P2_mg_presence,MG Presence,8,107,507.0,0
shap_feature_selection_extratrees_p1_20260529_183134,P2_mg_presence,MG Presence,8,108,508.0,0
shap_feature_selection_extratrees_p1_20260529_183134,P2_mg_presence,MG Presence,8,109,509.0,0
shap_feature_selection_extratrees_p1_20260529_183134,P2_mg_presence,MG Presence,8,110,510.0,0
shap_feature_selection_extratrees_p1_20260529_183134,P2_mg_presence,MG Presence,8,111,511.0,0
shap_feature_selection_extratrees_p1_20260529_183134,P2_mg_presence,MG Presence,8,112,512.0,0
shap_feature_selection_extratrees_p1_20260529_183134,P2_mg_presence,MG Presence,8,113,513.0,0
shap_feature_selection_extratrees_p1_20260529_183134,P2_mg_presence,MG Presence,8,114,514.0,0
shap_feature_selection_extratrees_p1_20260529_183134,P2_mg_presence,MG Presence,8,115,515.0,0
shap_feature_selection_extratrees_p1_20260529_183134,P2_mg_presence,MG Presence,8,116,516.0,0
shap_feature_selection_extratrees_p1_20260529_183134,P2_mg_presence,MG Presence,8,117,517.0,0
shap_feature_selection_extratrees_p1_20260529_183134,P2_mg_presence,MG Presence,8,118,518.0,0
shap_feature_selection_extratrees_p1_20260529_183134,P2_mg_presence,MG Presence,8,119,519.0,0
shap_feature_selection_extratrees_p1_20260529_183134,P2_mg_presence,MG Presence,8,120,520.0,0
shap_feature_selection_extratrees_p1_20260529_183134,P2_mg_presence,MG Presence,8,121,521.0,0
shap_feature_selection_extratrees_p1_20260529_183134,P2_mg_presence,MG Presence,8,122,522.0,0
shap_feature_selection_extratrees_p1_20260529_183134,P2_mg_presence,MG Presence,8,123,523.0,0
shap_feature_selection_extratrees_p1_20260529_183134,P2_mg_presence,MG Presence,8,124,524.0,0
shap_feature_selection_extratrees_p1_20260529_183134,P2_mg_presence,MG Presence,8,125,525.0,0
shap_feature_selection_extratrees_p1_20260529_183134,P2_mg_presence,MG Presence,8,126,526.0,0
shap_feature_selection_extratrees_p1_20260529_183134,P2_mg_presence,MG Presence,8,127,527.0,0
shap_feature_selection_extratrees_p1_20260529_183134,P2_mg_presence,MG Presence,8,128,528.0,0
shap_feature_selection_extratrees_p1_20260529_183134,P2_mg_presence,MG Presence,8,129,529.0,0
shap_feature_selection_extratrees_p1_20260529_183134,P2_mg_presence,MG Presence,8,130,530.0,0
shap_feature_selection_extratrees_p1_20260529_183134,P2_mg_presence,MG Presence,8,131,531.0,0
shap_feature_selection_extratrees_p1_20260529_183134,P2_mg_presence,MG Presence,8,132,532.0,0
shap_feature_selection_extratrees_p1_20260529_183134,P2_mg_presence,MG Presence,8,133,533.0,0
shap_feature_selection_extratrees_p1_20260529_183134,P2_mg_presence,MG Presence,8,134,534.0,0
shap_feature_selection_extratrees_p1_20260529_183134,P2_mg_presence,MG Presence,8,135,535.0,0
shap_feature_selection_extratrees_p1_20260529_183134,P2_mg_presence,MG Presence,8,136,536.0,0
shap_feature_selection_extratrees_p1_20260529_183134,P2_mg_presence,MG Presence,8,137,537.0,0
shap_feature_selection_extratrees_p1_20260529_183134,P2_mg_presence,MG Presence,8,138,538.0,0
shap_feature_selection_extratrees_p1_20260529_183134,P2_mg_presence,MG Presence,8,139,539.0,1
shap_feature_selection_extratrees_p1_20260529_183134,P2_mg_presence,MG Presence,8,140,540.0,1
shap_feature_selection_extratrees_p1_20260529_183134,P2_mg_presence,MG Presence,8,141,541.0,1
shap_feature_selection_extratrees_p1_20260529_183134,P2_mg_presence,MG Presence,8,142,542.0,1
shap_feature_selection_extratrees_p1_20260529_183134,P2_mg_presence,MG Presence,8,143,543.0,0
shap_feature_selection_extratrees_p1_20260529_183134,P2_mg_presence,MG Presence,8,144,544.0,0
shap_feature_selection_extratrees_p1_20260529_183134,P2_mg_presence,MG Presence,8,145,545.0,0
shap_feature_selection_extratrees_p1_20260529_183134,P2_mg_presence,MG Presence,8,146,546.0,1
shap_feature_selection_extratrees_p1_20260529_183134,P2_mg_presence,MG Presence,8,147,547.0,0
shap_feature_selection_extratrees_p1_20260529_183134,P2_mg_presence,MG Presence,8,148,548.0,0
shap_feature_selection_extratrees_p1_20260529_183134,P2_mg_presence,MG Presence,8,149,549.0,0
shap_feature_selection_extratrees_p1_20260529_183134,P2_mg_presence,MG Presence,8,150,550.0,0
shap_feature_selection_extratrees_p1_20260529_183134,P2_mg_presence,MG Presence,8,151,551.0,0
shap_feature_selection_extratrees_p1_20260529_183134,P2_mg_presence,MG Presence,8,152,552.0,0
shap_feature_selection_extratrees_p1_20260529_183134,P2_mg_presence,MG Presence,8,153,553.0,0
shap_feature_selection_extratrees_p1_20260529_183134,P2_mg_presence,MG Presence,8,154,554.0,0
shap_feature_selection_extratrees_p1_20260529_183134,P2_mg_presence,MG Presence,8,155,555.0,0
shap_feature_selection_extratrees_p1_20260529_183134,P2_mg_presence,MG Presence,8,156,556.0,0
shap_feature_selection_extratrees_p1_20260529_183134,P2_mg_presence,MG Presence,8,157,557.0,0
shap_feature_selection_extratrees_p1_20260529_183134,P2_mg_presence,MG Presence,8,158,558.0,0
shap_feature_selection_extratrees_p1_20260529_183134,P2_mg_presence,MG Presence,8,159,559.0,0
shap_feature_selection_extratrees_p1_20260529_183134,P2_mg_presence,MG Presence,8,160,560.0,0
shap_feature_selection_extratrees_p1_20260529_183134,P2_mg_presence,MG Presence,8,161,561.0,0
shap_feature_selection_extratrees_p1_20260529_183134,P2_mg_presence,MG Presence,8,162,562.0,1
shap_feature_selection_extratrees_p1_20260529_183134,P2_mg_presence,MG Presence,8,163,563.0,1
shap_feature_selection_extratrees_p1_20260529_183134,P2_mg_presence,MG Presence,8,164,564.0,1
shap_feature_selection_extratrees_p1_20260529_183134,P2_mg_presence,MG Presence,8,165,565.0,0
shap_feature_selection_extratrees_p1_20260529_183134,P2_mg_presence,MG Presence,8,166,566.0,0
shap_feature_selection_extratrees_p1_20260529_183134,P2_mg_presence,MG Presence,8,167,567.0,0
shap_feature_selection_extratrees_p1_20260529_183134,P2_mg_presence,MG Presence,8,168,568.0,0
shap_feature_selection_extratrees_p1_20260529_183134,P2_mg_presence,MG Presence,8,169,569.0,0
shap_feature_selection_extratrees_p1_20260529_183134,P2_mg_presence,MG Presence,8,170,570.0,0
shap_feature_selection_extratrees_p1_20260529_183134,P2_mg_presence,MG Presence,8,171,571.0,0
shap_feature_selection_extratrees_p1_20260529_183134,P2_mg_presence,MG Presence,8,172,572.0,0
shap_feature_selection_extratrees_p1_20260529_183134,P2_mg_presence,MG Presence,8,173,573.0,0
shap_feature_selection_extratrees_p1_20260529_183134,P2_mg_presence,MG Presence,8,174,574.0,0
shap_feature_selection_extratrees_p1_20260529_183134,P2_mg_presence,MG Presence,8,175,575.0,0
shap_feature_selection_extratrees_p1_20260529_183134,P2_mg_presence,MG Presence,8,176,576.0,0
shap_feature_selection_extratrees_p1_20260529_183134,P2_mg_presence,MG Presence,8,177,577.0,0
shap_feature_selection_extratrees_p1_20260529_183134,P2_mg_presence,MG Presence,8,178,578.0,0
shap_feature_selection_extratrees_p1_20260529_183134,P2_mg_presence,MG Presence,8,179,579.0,0
shap_feature_selection_extratrees_p1_20260529_183134,P2_mg_presence,MG Presence,8,180,580.0,0
shap_feature_selection_extratrees_p1_20260529_183134,P2_mg_presence,MG Presence,8,181,581.0,0
shap_feature_selection_extratrees_p1_20260529_183134,P2_mg_presence,MG Presence,8,182,582.0,0
shap_feature_selection_extratrees_p1_20260529_183134,P2_mg_presence,MG Presence,8,183,583.0,0
shap_feature_selection_extratrees_p1_20260529_183134,P2_mg_presence,MG Presence,8,184,584.0,0
shap_feature_selection_extratrees_p1_20260529_183134,P2_mg_presence,MG Presence,8,185,585.0,0
shap_feature_selection_extratrees_p1_20260529_183134,P2_mg_presence,MG Presence,8,186,586.0,0
shap_feature_selection_extratrees_p1_20260529_183134,P2_mg_presence,MG Presence,8,187,587.0,0
shap_feature_selection_extratrees_p1_20260529_183134,P2_mg_presence,MG Presence,8,188,588.0,0
shap_feature_selection_extratrees_p1_20260529_183134,P2_mg_presence,MG Presence,8,189,589.0,0
shap_feature_selection_extratrees_p1_20260529_183134,P2_mg_presence,MG Presence,8,190,590.0,0
shap_feature_selection_extratrees_p1_20260529_183134,P2_mg_presence,MG Presence,8,191,591.0,0
shap_feature_selection_extratrees_p1_20260529_183134,P2_mg_presence,MG Presence,8,192,592.0,0
shap_feature_selection_extratrees_p1_20260529_183134,P2_mg_presence,MG Presence,8,193,593.0,0
shap_feature_selection_extratrees_p1_20260529_183134,P2_mg_presence,MG Presence,8,194,594.0,0
shap_feature_selection_extratrees_p1_20260529_183134,P2_mg_presence,MG Presence,8,195,595.0,0
shap_feature_selection_extratrees_p1_20260529_183134,P2_mg_presence,MG Presence,8,196,596.0,0
shap_feature_selection_extratrees_p1_20260529_183134,P2_mg_presence,MG Presence,8,197,597.0,0
shap_feature_selection_extratrees_p1_20260529_183134,P2_mg_presence,MG Presence,8,198,598.0,0
shap_feature_selection_extratrees_p1_20260529_183134,P2_mg_presence,MG Presence,8,199,599.0,0
shap_feature_selection_extratrees_p1_20260529_183134,P2_mg_presence,MG Presence,8,200,600.0,0
shap_feature_selection_extratrees_p1_20260529_183134,P2_mg_presence,MG Presence,8,201,601.0,0
shap_feature_selection_extratrees_p1_20260529_183134,P2_mg_presence,MG Presence,8,202,602.0,0
shap_feature_selection_extratrees_p1_20260529_183134,P2_mg_presence,MG Presence,8,203,603.0,0
shap_feature_selection_extratrees_p1_20260529_183134,P2_mg_presence,MG Presence,8,204,604.0,0
shap_feature_selection_extratrees_p1_20260529_183134,P2_mg_presence,MG Presence,8,205,605.0,0
shap_feature_selection_extratrees_p1_20260529_183134,P2_mg_presence,MG Presence,8,206,606.0,0
shap_feature_selection_extratrees_p1_20260529_183134,P2_mg_presence,MG Presence,8,207,607.0,0
shap_feature_selection_extratrees_p1_20260529_183134,P2_mg_presence,MG Presence,8,208,608.0,0
shap_feature_selection_extratrees_p1_20260529_183134,P2_mg_presence,MG Presence,8,209,609.0,0
shap_feature_selection_extratrees_p1_20260529_183134,P2_mg_presence,MG Presence,8,210,610.0,0
shap_feature_selection_extratrees_p1_20260529_183134,P2_mg_presence,MG Presence,8,211,611.0,0
shap_feature_selection_extratrees_p1_20260529_183134,P2_mg_presence,MG Presence,8,212,612.0,0
shap_feature_selection_extratrees_p1_20260529_183134,P2_mg_presence,MG Presence,8,213,613.0,0
shap_feature_selection_extratrees_p1_20260529_183134,P2_mg_presence,MG Presence,8,214,614.0,0
shap_feature_selection_extratrees_p1_20260529_183134,P2_mg_presence,MG Presence,8,215,615.0,0
shap_feature_selection_extratrees_p1_20260529_183134,P2_mg_presence,MG Presence,8,216,616.0,0
shap_feature_selection_extratrees_p1_20260529_183134,P2_mg_presence,MG Presence,8,217,617.0,0
shap_feature_selection_extratrees_p1_20260529_183134,P2_mg_presence,MG Presence,8,218,618.0,0
shap_feature_selection_extratrees_p1_20260529_183134,P2_mg_presence,MG Presence,8,219,619.0,0
shap_feature_selection_extratrees_p1_20260529_183134,P2_mg_presence,MG Presence,8,220,620.0,0
shap_feature_selection_extratrees_p1_20260529_183134,P2_mg_presence,MG Presence,8,221,621.0,0
shap_feature_selection_extratrees_p1_20260529_183134,P2_mg_presence,MG Presence,8,222,622.0,0
shap_feature_selection_extratrees_p1_20260529_183134,P2_mg_presence,MG Presence,8,223,623.0,0
shap_feature_selection_extratrees_p1_20260529_183134,P2_mg_presence,MG Presence,8,224,624.0,0
shap_feature_selection_extratrees_p1_20260529_183134,P2_mg_presence,MG Presence,8,225,625.0,0
shap_feature_selection_extratrees_p1_20260529_183134,P2_mg_presence,MG Presence,8,226,626.0,0
shap_feature_selection_extratrees_p1_20260529_183134,P2_mg_presence,MG Presence,8,227,627.0,0
shap_feature_selection_extratrees_p1_20260529_183134,P2_mg_presence,MG Presence,8,228,628.0,0
shap_feature_selection_extratrees_p1_20260529_183134,P2_mg_presence,MG Presence,8,229,629.0,0
shap_feature_selection_extratrees_p1_20260529_183134,P2_mg_presence,MG Presence,8,230,630.0,0
shap_feature_selection_extratrees_p1_20260529_183134,P2_mg_presence,MG Presence,8,231,631.0,0
shap_feature_selection_extratrees_p1_20260529_183134,P2_mg_presence,MG Presence,8,232,632.0,0
shap_feature_selection_extratrees_p1_20260529_183134,P2_mg_presence,MG Presence,8,233,633.0,0
shap_feature_selection_extratrees_p1_20260529_183134,P2_mg_presence,MG Presence,8,234,634.0,0
shap_feature_selection_extratrees_p1_20260529_183134,P2_mg_presence,MG Presence,8,235,635.0,0
shap_feature_selection_extratrees_p1_20260529_183134,P2_mg_presence,MG Presence,8,236,636.0,0
shap_feature_selection_extratrees_p1_20260529_183134,P2_mg_presence,MG Presence,8,237,637.0,0
shap_feature_selection_extratrees_p1_20260529_183134,P2_mg_presence,MG Presence,8,238,638.0,0
shap_feature_selection_extratrees_p1_20260529_183134,P2_mg_presence,MG Presence,8,239,639.0,0
shap_feature_selection_extratrees_p1_20260529_183134,P2_mg_presence,MG Presence,8,240,640.0,0
shap_feature_selection_extratrees_p1_20260529_183134,P2_mg_presence,MG Presence,8,241,641.0,0
shap_feature_selection_extratrees_p1_20260529_183134,P2_mg_presence,MG Presence,8,242,642.0,0
shap_feature_selection_extratrees_p1_20260529_183134,P2_mg_presence,MG Presence,8,243,643.0,0
shap_feature_selection_extratrees_p1_20260529_183134,P2_mg_presence,MG Presence,8,244,644.0,0
shap_feature_selection_extratrees_p1_20260529_183134,P2_mg_presence,MG Presence,8,245,645.0,0
shap_feature_selection_extratrees_p1_20260529_183134,P2_mg_presence,MG Presence,8,246,646.0,0
shap_feature_selection_extratrees_p1_20260529_183134,P2_mg_presence,MG Presence,8,247,647.0,0
shap_feature_selection_extratrees_p1_20260529_183134,P2_mg_presence,MG Presence,8,248,648.0,0
shap_feature_selection_extratrees_p1_20260529_183134,P2_mg_presence,MG Presence,8,249,649.0,0
shap_feature_selection_extratrees_p1_20260529_183134,P2_mg_presence,MG Presence,8,250,650.0,0
shap_feature_selection_extratrees_p1_20260529_183134,P2_mg_presence,MG Presence,8,251,651.0,0
shap_feature_selection_extratrees_p1_20260529_183134,P2_mg_presence,MG Presence,8,252,652.0,0
shap_feature_selection_extratrees_p1_20260529_183134,P2_mg_presence,MG Presence,8,253,653.0,0
shap_feature_selection_extratrees_p1_20260529_183134,P2_mg_presence,MG Presence,8,254,654.0,0
shap_feature_selection_extratrees_p1_20260529_183134,P2_mg_presence,MG Presence,8,255,655.0,0
shap_feature_selection_extratrees_p1_20260529_183134,P2_mg_presence,MG Presence,8,256,656.0,0
shap_feature_selection_extratrees_p1_20260529_183134,P2_mg_presence,MG Presence,8,257,657.0,0
shap_feature_selection_extratrees_p1_20260529_183134,P2_mg_presence,MG Presence,8,258,658.0,0
shap_feature_selection_extratrees_p1_20260529_183134,P2_mg_presence,MG Presence,8,259,659.0,0
shap_feature_selection_extratrees_p1_20260529_183134,P2_mg_presence,MG Presence,8,260,660.0,0
shap_feature_selection_extratrees_p1_20260529_183134,P2_mg_presence,MG Presence,8,261,661.0,0
shap_feature_selection_extratrees_p1_20260529_183134,P2_mg_presence,MG Presence,8,262,662.0,0
shap_feature_selection_extratrees_p1_20260529_183134,P2_mg_presence,MG Presence,8,263,663.0,0
shap_feature_selection_extratrees_p1_20260529_183134,P2_mg_presence,MG Presence,8,264,664.0,0
shap_feature_selection_extratrees_p1_20260529_183134,P2_mg_presence,MG Presence,8,265,665.0,0
shap_feature_selection_extratrees_p1_20260529_183134,P2_mg_presence,MG Presence,8,266,666.0,0
shap_feature_selection_extratrees_p1_20260529_183134,P2_mg_presence,MG Presence,8,267,667.0,0
shap_feature_selection_extratrees_p1_20260529_183134,P2_mg_presence,MG Presence,8,268,668.0,0
shap_feature_selection_extratrees_p1_20260529_183134,P2_mg_presence,MG Presence,8,269,669.0,0
shap_feature_selection_extratrees_p1_20260529_183134,P2_mg_presence,MG Presence,8,270,670.0,0
shap_feature_selection_extratrees_p1_20260529_183134,P2_mg_presence,MG Presence,8,271,671.0,0
shap_feature_selection_extratrees_p1_20260529_183134,P2_mg_presence,MG Presence,8,272,672.0,0
shap_feature_selection_extratrees_p1_20260529_183134,P2_mg_presence,MG Presence,8,273,673.0,0
shap_feature_selection_extratrees_p1_20260529_183134,P2_mg_presence,MG Presence,8,274,674.0,0
shap_feature_selection_extratrees_p1_20260529_183134,P2_mg_presence,MG Presence,8,275,675.0,0
shap_feature_selection_extratrees_p1_20260529_183134,P2_mg_presence,MG Presence,8,276,676.0,0
shap_feature_selection_extratrees_p1_20260529_183134,P2_mg_presence,MG Presence,8,277,677.0,0
shap_feature_selection_extratrees_p1_20260529_183134,P2_mg_presence,MG Presence,8,278,678.0,0
shap_feature_selection_extratrees_p1_20260529_183134,P2_mg_presence,MG Presence,8,279,679.0,0
shap_feature_selection_extratrees_p1_20260529_183134,P2_mg_presence,MG Presence,8,280,680.0,0
shap_feature_selection_extratrees_p1_20260529_183134,P2_mg_presence,MG Presence,8,281,681.0,0
shap_feature_selection_extratrees_p1_20260529_183134,P2_mg_presence,MG Presence,8,282,682.0,0
shap_feature_selection_extratrees_p1_20260529_183134,P2_mg_presence,MG Presence,8,283,683.0,0
shap_feature_selection_extratrees_p1_20260529_183134,P2_mg_presence,MG Presence,8,284,684.0,0
shap_feature_selection_extratrees_p1_20260529_183134,P2_mg_presence,MG Presence,8,285,685.0,0
shap_feature_selection_extratrees_p1_20260529_183134,P2_mg_presence,MG Presence,8,286,686.0,0
shap_feature_selection_extratrees_p1_20260529_183134,P2_mg_presence,MG Presence,8,287,687.0,0
shap_feature_selection_extratrees_p1_20260529_183134,P2_mg_presence,MG Presence,8,288,688.0,0
shap_feature_selection_extratrees_p1_20260529_183134,P2_mg_presence,MG Presence,8,289,689.0,0
shap_feature_selection_extratrees_p1_20260529_183134,P2_mg_presence,MG Presence,8,290,690.0,0
shap_feature_selection_extratrees_p1_20260529_183134,P2_mg_presence,MG Presence,8,291,691.0,0
shap_feature_selection_extratrees_p1_20260529_183134,P2_mg_presence,MG Presence,8,292,692.0,0
shap_feature_selection_extratrees_p1_20260529_183134,P2_mg_presence,MG Presence,8,293,693.0,0
shap_feature_selection_extratrees_p1_20260529_183134,P2_mg_presence,MG Presence,8,294,694.0,0
shap_feature_selection_extratrees_p1_20260529_183134,P2_mg_presence,MG Presence,8,295,695.0,0
shap_feature_selection_extratrees_p1_20260529_183134,P2_mg_presence,MG Presence,8,296,696.0,0
shap_feature_selection_extratrees_p1_20260529_183134,P2_mg_presence,MG Presence,8,297,697.0,0
shap_feature_selection_extratrees_p1_20260529_183134,P2_mg_presence,MG Presence,8,298,698.0,0
shap_feature_selection_extratrees_p1_20260529_183134,P2_mg_presence,MG Presence,8,299,699.0,0
shap_feature_selection_extratrees_p1_20260529_183134,P2_mg_presence,MG Presence,8,300,700.0,0
shap_feature_selection_extratrees_p1_20260529_183134,P2_mg_presence,MG Presence,8,301,701.0,0
shap_feature_selection_extratrees_p1_20260529_183134,P2_mg_presence,MG Presence,8,302,702.0,0
shap_feature_selection_extratrees_p1_20260529_183134,P2_mg_presence,MG Presence,8,303,703.0,0
shap_feature_selection_extratrees_p1_20260529_183134,P2_mg_presence,MG Presence,8,304,704.0,0
shap_feature_selection_extratrees_p1_20260529_183134,P2_mg_presence,MG Presence,8,305,705.0,0
shap_feature_selection_extratrees_p1_20260529_183134,P2_mg_presence,MG Presence,8,306,706.0,0
shap_feature_selection_extratrees_p1_20260529_183134,P2_mg_presence,MG Presence,8,307,707.0,0
shap_feature_selection_extratrees_p1_20260529_183134,P2_mg_presence,MG Presence,8,308,708.0,0
shap_feature_selection_extratrees_p1_20260529_183134,P2_mg_presence,MG Presence,8,309,709.0,0
shap_feature_selection_extratrees_p1_20260529_183134,P2_mg_presence,MG Presence,8,310,710.0,0
shap_feature_selection_extratrees_p1_20260529_183134,P2_mg_presence,MG Presence,8,311,711.0,0
shap_feature_selection_extratrees_p1_20260529_183134,P2_mg_presence,MG Presence,8,312,712.0,1
shap_feature_selection_extratrees_p1_20260529_183134,P2_mg_presence,MG Presence,8,313,713.0,1
shap_feature_selection_extratrees_p1_20260529_183134,P2_mg_presence,MG Presence,8,314,714.0,1
shap_feature_selection_extratrees_p1_20260529_183134,P2_mg_presence,MG Presence,8,315,715.0,0
shap_feature_selection_extratrees_p1_20260529_183134,P2_mg_presence,MG Presence,8,316,716.0,0
shap_feature_selection_extratrees_p1_20260529_183134,P2_mg_presence,MG Presence,8,317,717.0,0
shap_feature_selection_extratrees_p1_20260529_183134,P2_mg_presence,MG Presence,8,318,718.0,0
shap_feature_selection_extratrees_p1_20260529_183134,P2_mg_presence,MG Presence,8,319,719.0,0
shap_feature_selection_extratrees_p1_20260529_183134,P2_mg_presence,MG Presence,8,320,720.0,0
shap_feature_selection_extratrees_p1_20260529_183134,P2_mg_presence,MG Presence,8,321,721.0,0
shap_feature_selection_extratrees_p1_20260529_183134,P2_mg_presence,MG Presence,8,322,722.0,0
shap_feature_selection_extratrees_p1_20260529_183134,P2_mg_presence,MG Presence,8,323,723.0,0
shap_feature_selection_extratrees_p1_20260529_183134,P2_mg_presence,MG Presence,8,324,724.0,0
shap_feature_selection_extratrees_p1_20260529_183134,P2_mg_presence,MG Presence,8,325,725.0,0
shap_feature_selection_extratrees_p1_20260529_183134,P2_mg_presence,MG Presence,8,326,726.0,0
shap_feature_selection_extratrees_p1_20260529_183134,P2_mg_presence,MG Presence,8,327,727.0,0
shap_feature_selection_extratrees_p1_20260529_183134,P2_mg_presence,MG Presence,8,328,728.0,1
shap_feature_selection_extratrees_p1_20260529_183134,P2_mg_presence,MG Presence,8,329,729.0,0
shap_feature_selection_extratrees_p1_20260529_183134,P2_mg_presence,MG Presence,8,330,730.0,0
shap_feature_selection_extratrees_p1_20260529_183134,P2_mg_presence,MG Presence,8,331,731.0,1
shap_feature_selection_extratrees_p1_20260529_183134,P2_mg_presence,MG Presence,8,332,732.0,0
shap_feature_selection_extratrees_p1_20260529_183134,P2_mg_presence,MG Presence,8,333,733.0,0
shap_feature_selection_extratrees_p1_20260529_183134,P2_mg_presence,MG Presence,8,334,734.0,0
shap_feature_selection_extratrees_p1_20260529_183134,P2_mg_presence,MG Presence,8,335,735.0,0
shap_feature_selection_extratrees_p1_20260529_183134,P2_mg_presence,MG Presence,8,336,736.0,0
shap_feature_selection_extratrees_p1_20260529_183134,P2_mg_presence,MG Presence,8,337,737.0,0
shap_feature_selection_extratrees_p1_20260529_183134,P2_mg_presence,MG Presence,8,338,738.0,0
shap_feature_selection_extratrees_p1_20260529_183134,P2_mg_presence,MG Presence,8,339,739.0,0
shap_feature_selection_extratrees_p1_20260529_183134,P2_mg_presence,MG Presence,8,340,740.0,0
shap_feature_selection_extratrees_p1_20260529_183134,P2_mg_presence,MG Presence,8,341,741.0,0
shap_feature_selection_extratrees_p1_20260529_183134,P2_mg_presence,MG Presence,8,342,742.0,0
shap_feature_selection_extratrees_p1_20260529_183134,P2_mg_presence,MG Presence,8,343,743.0,0
shap_feature_selection_extratrees_p1_20260529_183134,P2_mg_presence,MG Presence,8,344,744.0,0
shap_feature_selection_extratrees_p1_20260529_183134,P2_mg_presence,MG Presence,8,345,745.0,0
shap_feature_selection_extratrees_p1_20260529_183134,P2_mg_presence,MG Presence,8,346,746.0,0
shap_feature_selection_extratrees_p1_20260529_183134,P2_mg_presence,MG Presence,8,347,747.0,0
shap_feature_selection_extratrees_p1_20260529_183134,P2_mg_presence,MG Presence,8,348,748.0,0
shap_feature_selection_extratrees_p1_20260529_183134,P2_mg_presence,MG Presence,8,349,749.0,0
shap_feature_selection_extratrees_p1_20260529_183134,P2_mg_presence,MG Presence,8,350,750.0,0
shap_feature_selection_extratrees_p1_20260529_183134,P2_mg_presence,MG Presence,8,351,751.0,0
shap_feature_selection_extratrees_p1_20260529_183134,P2_mg_presence,MG Presence,8,352,752.0,0
shap_feature_selection_extratrees_p1_20260529_183134,P2_mg_presence,MG Presence,8,353,753.0,0
shap_feature_selection_extratrees_p1_20260529_183134,P2_mg_presence,MG Presence,8,354,754.0,0
shap_feature_selection_extratrees_p1_20260529_183134,P2_mg_presence,MG Presence,8,355,755.0,0
shap_feature_selection_extratrees_p1_20260529_183134,P2_mg_presence,MG Presence,8,356,756.0,0
shap_feature_selection_extratrees_p1_20260529_183134,P2_mg_presence,MG Presence,8,357,757.0,0
shap_feature_selection_extratrees_p1_20260529_183134,P2_mg_presence,MG Presence,8,358,758.0,0
shap_feature_selection_extratrees_p1_20260529_183134,P2_mg_presence,MG Presence,8,359,759.0,0
shap_feature_selection_extratrees_p1_20260529_183134,P2_mg_presence,MG Presence,8,360,760.0,0
shap_feature_selection_extratrees_p1_20260529_183134,P2_mg_presence,MG Presence,8,361,761.0,0
shap_feature_selection_extratrees_p1_20260529_183134,P2_mg_presence,MG Presence,8,362,762.0,0
shap_feature_selection_extratrees_p1_20260529_183134,P2_mg_presence,MG Presence,8,363,763.0,0
shap_feature_selection_extratrees_p1_20260529_183134,P2_mg_presence,MG Presence,8,364,764.0,0
shap_feature_selection_extratrees_p1_20260529_183134,P2_mg_presence,MG Presence,8,365,765.0,0
shap_feature_selection_extratrees_p1_20260529_183134,P2_mg_presence,MG Presence,8,366,766.0,0
shap_feature_selection_extratrees_p1_20260529_183134,P2_mg_presence,MG Presence,8,367,767.0,0
shap_feature_selection_extratrees_p1_20260529_183134,P2_mg_presence,MG Presence,8,368,768.0,0
shap_feature_selection_extratrees_p1_20260529_183134,P2_mg_presence,MG Presence,8,369,769.0,0
shap_feature_selection_extratrees_p1_20260529_183134,P2_mg_presence,MG Presence,8,370,770.0,0
shap_feature_selection_extratrees_p1_20260529_183134,P2_mg_presence,MG Presence,8,371,771.0,0
shap_feature_selection_extratrees_p1_20260529_183134,P2_mg_presence,MG Presence,8,372,772.0,0
shap_feature_selection_extratrees_p1_20260529_183134,P2_mg_presence,MG Presence,8,373,773.0,0
shap_feature_selection_extratrees_p1_20260529_183134,P2_mg_presence,MG Presence,8,374,774.0,0
shap_feature_selection_extratrees_p1_20260529_183134,P2_mg_presence,MG Presence,8,375,775.0,0
shap_feature_selection_extratrees_p1_20260529_183134,P2_mg_presence,MG Presence,8,376,776.0,0
shap_feature_selection_extratrees_p1_20260529_183134,P2_mg_presence,MG Presence,8,377,777.0,0
shap_feature_selection_extratrees_p1_20260529_183134,P2_mg_presence,MG Presence,8,378,778.0,0
shap_feature_selection_extratrees_p1_20260529_183134,P2_mg_presence,MG Presence,8,379,779.0,0
shap_feature_selection_extratrees_p1_20260529_183134,P2_mg_presence,MG Presence,8,380,780.0,0
shap_feature_selection_extratrees_p1_20260529_183134,P2_mg_presence,MG Presence,8,381,781.0,0
shap_feature_selection_extratrees_p1_20260529_183134,P2_mg_presence,MG Presence,8,382,782.0,1
shap_feature_selection_extratrees_p1_20260529_183134,P2_mg_presence,MG Presence,8,383,783.0,0
shap_feature_selection_extratrees_p1_20260529_183134,P2_mg_presence,MG Presence,8,384,784.0,1
shap_feature_selection_extratrees_p1_20260529_183134,P2_mg_presence,MG Presence,8,385,785.0,0
shap_feature_selection_extratrees_p1_20260529_183134,P2_mg_presence,MG Presence,8,386,786.0,1
shap_feature_selection_extratrees_p1_20260529_183134,P2_mg_presence,MG Presence,8,387,787.0,0
shap_feature_selection_extratrees_p1_20260529_183134,P2_mg_presence,MG Presence,8,388,788.0,1
shap_feature_selection_extratrees_p1_20260529_183134,P2_mg_presence,MG Presence,8,389,789.0,0
shap_feature_selection_extratrees_p1_20260529_183134,P2_mg_presence,MG Presence,8,390,790.0,0
shap_feature_selection_extratrees_p1_20260529_183134,P2_mg_presence,MG Presence,8,391,791.0,0
shap_feature_selection_extratrees_p1_20260529_183134,P2_mg_presence,MG Presence,8,392,792.0,0
shap_feature_selection_extratrees_p1_20260529_183134,P2_mg_presence,MG Presence,8,393,793.0,0
shap_feature_selection_extratrees_p1_20260529_183134,P2_mg_presence,MG Presence,8,394,794.0,1
shap_feature_selection_extratrees_p1_20260529_183134,P2_mg_presence,MG Presence,8,395,795.0,0
shap_feature_selection_extratrees_p1_20260529_183134,P2_mg_presence,MG Presence,8,396,796.0,0
shap_feature_selection_extratrees_p1_20260529_183134,P2_mg_presence,MG Presence,8,397,797.0,0
shap_feature_selection_extratrees_p1_20260529_183134,P2_mg_presence,MG Presence,8,398,798.0,0
shap_feature_selection_extratrees_p1_20260529_183134,P2_mg_presence,MG Presence,8,399,799.0,0
shap_feature_selection_extratrees_p1_20260529_183134,P2_mg_presence,MG Presence,8,400,800.0,0
shap_feature_selection_extratrees_p1_20260529_183134,P2_mg_presence,MG Presence,8,401,801.0,0
shap_feature_selection_extratrees_p1_20260529_183134,P2_mg_presence,MG Presence,8,402,802.0,0
shap_feature_selection_extratrees_p1_20260529_183134,P2_mg_presence,MG Presence,8,403,803.0,0
shap_feature_selection_extratrees_p1_20260529_183134,P2_mg_presence,MG Presence,8,404,804.0,0
shap_feature_selection_extratrees_p1_20260529_183134,P2_mg_presence,MG Presence,8,405,805.0,0
shap_feature_selection_extratrees_p1_20260529_183134,P2_mg_presence,MG Presence,8,406,806.0,0
shap_feature_selection_extratrees_p1_20260529_183134,P2_mg_presence,MG Presence,8,407,807.0,0
shap_feature_selection_extratrees_p1_20260529_183134,P2_mg_presence,MG Presence,8,408,808.0,0
shap_feature_selection_extratrees_p1_20260529_183134,P2_mg_presence,MG Presence,8,409,809.0,0
shap_feature_selection_extratrees_p1_20260529_183134,P2_mg_presence,MG Presence,8,410,810.0,0
shap_feature_selection_extratrees_p1_20260529_183134,P2_mg_presence,MG Presence,8,411,811.0,0
shap_feature_selection_extratrees_p1_20260529_183134,P2_mg_presence,MG Presence,8,412,812.0,0
shap_feature_selection_extratrees_p1_20260529_183134,P2_mg_presence,MG Presence,8,413,813.0,0
shap_feature_selection_extratrees_p1_20260529_183134,P2_mg_presence,MG Presence,8,414,814.0,0
shap_feature_selection_extratrees_p1_20260529_183134,P2_mg_presence,MG Presence,8,415,815.0,0
shap_feature_selection_extratrees_p1_20260529_183134,P2_mg_presence,MG Presence,8,416,816.0,0
shap_feature_selection_extratrees_p1_20260529_183134,P2_mg_presence,MG Presence,8,417,817.0,0
shap_feature_selection_extratrees_p1_20260529_183134,P2_mg_presence,MG Presence,8,418,818.0,0
shap_feature_selection_extratrees_p1_20260529_183134,P2_mg_presence,MG Presence,8,419,819.0,0
shap_feature_selection_extratrees_p1_20260529_183134,P2_mg_presence,MG Presence,8,420,820.0,0
shap_feature_selection_extratrees_p1_20260529_183134,P2_mg_presence,MG Presence,8,421,821.0,0
shap_feature_selection_extratrees_p1_20260529_183134,P2_mg_presence,MG Presence,8,422,822.0,0
shap_feature_selection_extratrees_p1_20260529_183134,P2_mg_presence,MG Presence,8,423,823.0,0
shap_feature_selection_extratrees_p1_20260529_183134,P2_mg_presence,MG Presence,8,424,824.0,0
shap_feature_selection_extratrees_p1_20260529_183134,P2_mg_presence,MG Presence,8,425,825.0,0
shap_feature_selection_extratrees_p1_20260529_183134,P2_mg_presence,MG Presence,8,426,826.0,0
shap_feature_selection_extratrees_p1_20260529_183134,P2_mg_presence,MG Presence,8,427,827.0,0
shap_feature_selection_extratrees_p1_20260529_183134,P2_mg_presence,MG Presence,8,428,828.0,0
shap_feature_selection_extratrees_p1_20260529_183134,P2_mg_presence,MG Presence,8,429,829.0,0
shap_feature_selection_extratrees_p1_20260529_183134,P2_mg_presence,MG Presence,8,430,830.0,0
shap_feature_selection_extratrees_p1_20260529_183134,P2_mg_presence,MG Presence,8,431,831.0,0
shap_feature_selection_extratrees_p1_20260529_183134,P2_mg_presence,MG Presence,8,432,832.0,0
shap_feature_selection_extratrees_p1_20260529_183134,P2_mg_presence,MG Presence,8,433,833.0,0
shap_feature_selection_extratrees_p1_20260529_183134,P2_mg_presence,MG Presence,8,434,834.0,0
shap_feature_selection_extratrees_p1_20260529_183134,P2_mg_presence,MG Presence,8,435,835.0,0
shap_feature_selection_extratrees_p1_20260529_183134,P2_mg_presence,MG Presence,8,436,836.0,0
shap_feature_selection_extratrees_p1_20260529_183134,P2_mg_presence,MG Presence,8,437,837.0,0
shap_feature_selection_extratrees_p1_20260529_183134,P2_mg_presence,MG Presence,8,438,838.0,0
shap_feature_selection_extratrees_p1_20260529_183134,P2_mg_presence,MG Presence,8,439,839.0,0
shap_feature_selection_extratrees_p1_20260529_183134,P2_mg_presence,MG Presence,8,440,840.0,0
shap_feature_selection_extratrees_p1_20260529_183134,P2_mg_presence,MG Presence,8,441,841.0,0
shap_feature_selection_extratrees_p1_20260529_183134,P2_mg_presence,MG Presence,8,442,842.0,0
shap_feature_selection_extratrees_p1_20260529_183134,P2_mg_presence,MG Presence,8,443,843.0,0
shap_feature_selection_extratrees_p1_20260529_183134,P2_mg_presence,MG Presence,8,444,844.0,1
shap_feature_selection_extratrees_p1_20260529_183134,P2_mg_presence,MG Presence,8,445,845.0,0
shap_feature_selection_extratrees_p1_20260529_183134,P2_mg_presence,MG Presence,8,446,846.0,0
shap_feature_selection_extratrees_p1_20260529_183134,P2_mg_presence,MG Presence,8,447,847.0,0
shap_feature_selection_extratrees_p1_20260529_183134,P2_mg_presence,MG Presence,8,448,848.0,0
shap_feature_selection_extratrees_p1_20260529_183134,P2_mg_presence,MG Presence,8,449,849.0,0
shap_feature_selection_extratrees_p1_20260529_183134,P2_mg_presence,MG Presence,8,450,850.0,0
shap_feature_selection_extratrees_p1_20260529_183134,P2_mg_presence,MG Presence,8,451,851.0,0
shap_feature_selection_extratrees_p1_20260529_183134,P2_mg_presence,MG Presence,8,452,852.0,0
shap_feature_selection_extratrees_p1_20260529_183134,P2_mg_presence,MG Presence,8,453,853.0,0
shap_feature_selection_extratrees_p1_20260529_183134,P2_mg_presence,MG Presence,8,454,854.0,0
shap_feature_selection_extratrees_p1_20260529_183134,P2_mg_presence,MG Presence,8,455,855.0,0
shap_feature_selection_extratrees_p1_20260529_183134,P2_mg_presence,MG Presence,8,456,856.0,0
shap_feature_selection_extratrees_p1_20260529_183134,P2_mg_presence,MG Presence,8,457,857.0,0
shap_feature_selection_extratrees_p1_20260529_183134,P2_mg_presence,MG Presence,8,458,858.0,0
shap_feature_selection_extratrees_p1_20260529_183134,P2_mg_presence,MG Presence,8,459,859.0,0
shap_feature_selection_extratrees_p1_20260529_183134,P2_mg_presence,MG Presence,8,460,860.0,0
shap_feature_selection_extratrees_p1_20260529_183134,P2_mg_presence,MG Presence,8,461,861.0,0
shap_feature_selection_extratrees_p1_20260529_183134,P2_mg_presence,MG Presence,8,462,862.0,0
shap_feature_selection_extratrees_p1_20260529_183134,P2_mg_presence,MG Presence,8,463,863.0,0
shap_feature_selection_extratrees_p1_20260529_183134,P2_mg_presence,MG Presence,8,464,864.0,0
shap_feature_selection_extratrees_p1_20260529_183134,P2_mg_presence,MG Presence,8,465,865.0,0
shap_feature_selection_extratrees_p1_20260529_183134,P2_mg_presence,MG Presence,8,466,866.0,0
shap_feature_selection_extratrees_p1_20260529_183134,P2_mg_presence,MG Presence,8,467,867.0,0
shap_feature_selection_extratrees_p1_20260529_183134,P2_mg_presence,MG Presence,8,468,868.0,0
shap_feature_selection_extratrees_p1_20260529_183134,P2_mg_presence,MG Presence,8,469,869.0,0
shap_feature_selection_extratrees_p1_20260529_183134,P2_mg_presence,MG Presence,8,470,870.0,0
shap_feature_selection_extratrees_p1_20260529_183134,P2_mg_presence,MG Presence,8,471,871.0,0
shap_feature_selection_extratrees_p1_20260529_183134,P2_mg_presence,MG Presence,8,472,872.0,0
shap_feature_selection_extratrees_p1_20260529_183134,P2_mg_presence,MG Presence,8,473,873.0,0
shap_feature_selection_extratrees_p1_20260529_183134,P2_mg_presence,MG Presence,8,474,874.0,0
shap_feature_selection_extratrees_p1_20260529_183134,P2_mg_presence,MG Presence,8,475,875.0,0
shap_feature_selection_extratrees_p1_20260529_183134,P2_mg_presence,MG Presence,8,476,876.0,0
shap_feature_selection_extratrees_p1_20260529_183134,P2_mg_presence,MG Presence,8,477,877.0,0
shap_feature_selection_extratrees_p1_20260529_183134,P2_mg_presence,MG Presence,8,478,878.0,0
shap_feature_selection_extratrees_p1_20260529_183134,P2_mg_presence,MG Presence,8,479,879.0,0
shap_feature_selection_extratrees_p1_20260529_183134,P2_mg_presence,MG Presence,8,480,880.0,0
shap_feature_selection_extratrees_p1_20260529_183134,P2_mg_presence,MG Presence,8,481,881.0,0
shap_feature_selection_extratrees_p1_20260529_183134,P2_mg_presence,MG Presence,8,482,882.0,0
shap_feature_selection_extratrees_p1_20260529_183134,P2_mg_presence,MG Presence,8,483,883.0,0
shap_feature_selection_extratrees_p1_20260529_183134,P2_mg_presence,MG Presence,8,484,884.0,0
shap_feature_selection_extratrees_p1_20260529_183134,P2_mg_presence,MG Presence,8,485,885.0,1
shap_feature_selection_extratrees_p1_20260529_183134,P2_mg_presence,MG Presence,8,486,886.0,1
shap_feature_selection_extratrees_p1_20260529_183134,P2_mg_presence,MG Presence,8,487,887.0,0
shap_feature_selection_extratrees_p1_20260529_183134,P2_mg_presence,MG Presence,8,488,888.0,1
shap_feature_selection_extratrees_p1_20260529_183134,P2_mg_presence,MG Presence,8,489,889.0,0
shap_feature_selection_extratrees_p1_20260529_183134,P2_mg_presence,MG Presence,8,490,890.0,0
shap_feature_selection_extratrees_p1_20260529_183134,P2_mg_presence,MG Presence,8,491,891.0,0
shap_feature_selection_extratrees_p1_20260529_183134,P2_mg_presence,MG Presence,8,492,892.0,0
shap_feature_selection_extratrees_p1_20260529_183134,P2_mg_presence,MG Presence,8,493,893.0,0
shap_feature_selection_extratrees_p1_20260529_183134,P2_mg_presence,MG Presence,8,494,894.0,0
shap_feature_selection_extratrees_p1_20260529_183134,P2_mg_presence,MG Presence,8,495,895.0,0
shap_feature_selection_extratrees_p1_20260529_183134,P2_mg_presence,MG Presence,8,496,896.0,0
shap_feature_selection_extratrees_p1_20260529_183134,P2_mg_presence,MG Presence,8,497,897.0,0
shap_feature_selection_extratrees_p1_20260529_183134,P2_mg_presence,MG Presence,8,498,898.0,0
shap_feature_selection_extratrees_p1_20260529_183134,P2_mg_presence,MG Presence,8,499,899.0,0
shap_feature_selection_extratrees_p1_20260529_183134,P2_mg_presence,MG Presence,8,500,900.0,0
shap_feature_selection_extratrees_p1_20260529_183134,P2_mg_presence,MG Presence,8,501,901.0,0
shap_feature_selection_extratrees_p1_20260529_183134,P2_mg_presence,MG Presence,8,502,902.0,0
shap_feature_selection_extratrees_p1_20260529_183134,P2_mg_presence,MG Presence,8,503,903.0,0
shap_feature_selection_extratrees_p1_20260529_183134,P2_mg_presence,MG Presence,8,504,904.0,0
shap_feature_selection_extratrees_p1_20260529_183134,P2_mg_presence,MG Presence,8,505,905.0,0
shap_feature_selection_extratrees_p1_20260529_183134,P2_mg_presence,MG Presence,8,506,906.0,0
shap_feature_selection_extratrees_p1_20260529_183134,P2_mg_presence,MG Presence,8,507,907.0,0
shap_feature_selection_extratrees_p1_20260529_183134,P2_mg_presence,MG Presence,8,508,908.0,0
shap_feature_selection_extratrees_p1_20260529_183134,P2_mg_presence,MG Presence,8,509,909.0,0
shap_feature_selection_extratrees_p1_20260529_183134,P2_mg_presence,MG Presence,8,510,910.0,0
shap_feature_selection_extratrees_p1_20260529_183134,P2_mg_presence,MG Presence,8,511,911.0,0
shap_feature_selection_extratrees_p1_20260529_183134,P2_mg_presence,MG Presence,8,512,912.0,0
shap_feature_selection_extratrees_p1_20260529_183134,P2_mg_presence,MG Presence,8,513,913.0,0
shap_feature_selection_extratrees_p1_20260529_183134,P2_mg_presence,MG Presence,8,514,914.0,0
shap_feature_selection_extratrees_p1_20260529_183134,P2_mg_presence,MG Presence,8,515,915.0,0
shap_feature_selection_extratrees_p1_20260529_183134,P2_mg_presence,MG Presence,8,516,916.0,0
shap_feature_selection_extratrees_p1_20260529_183134,P2_mg_presence,MG Presence,8,517,917.0,0
shap_feature_selection_extratrees_p1_20260529_183134,P2_mg_presence,MG Presence,8,518,918.0,0
shap_feature_selection_extratrees_p1_20260529_183134,P2_mg_presence,MG Presence,8,519,919.0,0
shap_feature_selection_extratrees_p1_20260529_183134,P2_mg_presence,MG Presence,8,520,920.0,0
shap_feature_selection_extratrees_p1_20260529_183134,P2_mg_presence,MG Presence,8,521,921.0,0
shap_feature_selection_extratrees_p1_20260529_183134,P2_mg_presence,MG Presence,8,522,922.0,0
shap_feature_selection_extratrees_p1_20260529_183134,P2_mg_presence,MG Presence,8,523,923.0,0
shap_feature_selection_extratrees_p1_20260529_183134,P2_mg_presence,MG Presence,8,524,924.0,0
shap_feature_selection_extratrees_p1_20260529_183134,P2_mg_presence,MG Presence,8,525,925.0,0
shap_feature_selection_extratrees_p1_20260529_183134,P2_mg_presence,MG Presence,8,526,926.0,0
shap_feature_selection_extratrees_p1_20260529_183134,P2_mg_presence,MG Presence,8,527,927.0,0
shap_feature_selection_extratrees_p1_20260529_183134,P2_mg_presence,MG Presence,8,528,928.0,0
shap_feature_selection_extratrees_p1_20260529_183134,P2_mg_presence,MG Presence,8,529,929.0,0
shap_feature_selection_extratrees_p1_20260529_183134,P2_mg_presence,MG Presence,8,530,930.0,0
shap_feature_selection_extratrees_p1_20260529_183134,P2_mg_presence,MG Presence,8,531,931.0,0
shap_feature_selection_extratrees_p1_20260529_183134,P2_mg_presence,MG Presence,8,532,932.0,0
shap_feature_selection_extratrees_p1_20260529_183134,P2_mg_presence,MG Presence,8,533,933.0,0
shap_feature_selection_extratrees_p1_20260529_183134,P2_mg_presence,MG Presence,8,534,934.0,0
shap_feature_selection_extratrees_p1_20260529_183134,P2_mg_presence,MG Presence,8,535,935.0,0
shap_feature_selection_extratrees_p1_20260529_183134,P2_mg_presence,MG Presence,8,536,936.0,0
shap_feature_selection_extratrees_p1_20260529_183134,P2_mg_presence,MG Presence,8,537,937.0,0
shap_feature_selection_extratrees_p1_20260529_183134,P2_mg_presence,MG Presence,8,538,938.0,0
shap_feature_selection_extratrees_p1_20260529_183134,P2_mg_presence,MG Presence,8,539,939.0,0
shap_feature_selection_extratrees_p1_20260529_183134,P2_mg_presence,MG Presence,8,540,940.0,0
shap_feature_selection_extratrees_p1_20260529_183134,P2_mg_presence,MG Presence,8,541,941.0,0
shap_feature_selection_extratrees_p1_20260529_183134,P2_mg_presence,MG Presence,8,542,942.0,0
shap_feature_selection_extratrees_p1_20260529_183134,P2_mg_presence,MG Presence,8,543,943.0,0
shap_feature_selection_extratrees_p1_20260529_183134,P2_mg_presence,MG Presence,8,544,944.0,0
shap_feature_selection_extratrees_p1_20260529_183134,P2_mg_presence,MG Presence,8,545,945.0,0
shap_feature_selection_extratrees_p1_20260529_183134,P2_mg_presence,MG Presence,8,546,946.0,0
shap_feature_selection_extratrees_p1_20260529_183134,P2_mg_presence,MG Presence,8,547,947.0,0
shap_feature_selection_extratrees_p1_20260529_183134,P2_mg_presence,MG Presence,8,548,948.0,0
shap_feature_selection_extratrees_p1_20260529_183134,P2_mg_presence,MG Presence,8,549,949.0,0
shap_feature_selection_extratrees_p1_20260529_183134,P2_mg_presence,MG Presence,8,550,950.0,0
shap_feature_selection_extratrees_p1_20260529_183134,P2_mg_presence,MG Presence,8,551,951.0,0
shap_feature_selection_extratrees_p1_20260529_183134,P2_mg_presence,MG Presence,8,552,952.0,0
shap_feature_selection_extratrees_p1_20260529_183134,P2_mg_presence,MG Presence,8,553,953.0,0
shap_feature_selection_extratrees_p1_20260529_183134,P2_mg_presence,MG Presence,8,554,954.0,0
shap_feature_selection_extratrees_p1_20260529_183134,P2_mg_presence,MG Presence,8,555,955.0,0
shap_feature_selection_extratrees_p1_20260529_183134,P2_mg_presence,MG Presence,8,556,956.0,0
shap_feature_selection_extratrees_p1_20260529_183134,P2_mg_presence,MG Presence,8,557,957.0,0
shap_feature_selection_extratrees_p1_20260529_183134,P2_mg_presence,MG Presence,8,558,958.0,0
shap_feature_selection_extratrees_p1_20260529_183134,P2_mg_presence,MG Presence,8,559,959.0,0
shap_feature_selection_extratrees_p1_20260529_183134,P2_mg_presence,MG Presence,8,560,960.0,0
shap_feature_selection_extratrees_p1_20260529_183134,P2_mg_presence,MG Presence,8,561,961.0,0
shap_feature_selection_extratrees_p1_20260529_183134,P2_mg_presence,MG Presence,8,562,962.0,0
shap_feature_selection_extratrees_p1_20260529_183134,P2_mg_presence,MG Presence,8,563,963.0,0
shap_feature_selection_extratrees_p1_20260529_183134,P2_mg_presence,MG Presence,8,564,964.0,0
shap_feature_selection_extratrees_p1_20260529_183134,P2_mg_presence,MG Presence,8,565,965.0,0
shap_feature_selection_extratrees_p1_20260529_183134,P2_mg_presence,MG Presence,8,566,966.0,0
shap_feature_selection_extratrees_p1_20260529_183134,P2_mg_presence,MG Presence,8,567,967.0,0
shap_feature_selection_extratrees_p1_20260529_183134,P2_mg_presence,MG Presence,8,568,968.0,0
shap_feature_selection_extratrees_p1_20260529_183134,P2_mg_presence,MG Presence,8,569,969.0,0
shap_feature_selection_extratrees_p1_20260529_183134,P2_mg_presence,MG Presence,8,570,970.0,0
shap_feature_selection_extratrees_p1_20260529_183134,P2_mg_presence,MG Presence,8,571,971.0,0
shap_feature_selection_extratrees_p1_20260529_183134,P2_mg_presence,MG Presence,8,572,972.0,0
shap_feature_selection_extratrees_p1_20260529_183134,P2_mg_presence,MG Presence,8,573,973.0,0
shap_feature_selection_extratrees_p1_20260529_183134,P2_mg_presence,MG Presence,8,574,974.0,0
shap_feature_selection_extratrees_p1_20260529_183134,P2_mg_presence,MG Presence,8,575,975.0,0
shap_feature_selection_extratrees_p1_20260529_183134,P2_mg_presence,MG Presence,8,576,976.0,0
shap_feature_selection_extratrees_p1_20260529_183134,P2_mg_presence,MG Presence,8,577,977.0,0
shap_feature_selection_extratrees_p1_20260529_183134,P2_mg_presence,MG Presence,8,578,978.0,0
shap_feature_selection_extratrees_p1_20260529_183134,P2_mg_presence,MG Presence,8,579,979.0,0
shap_feature_selection_extratrees_p1_20260529_183134,P2_mg_presence,MG Presence,8,580,980.0,0
shap_feature_selection_extratrees_p1_20260529_183134,P2_mg_presence,MG Presence,8,581,981.0,0
shap_feature_selection_extratrees_p1_20260529_183134,P2_mg_presence,MG Presence,8,582,982.0,0
shap_feature_selection_extratrees_p1_20260529_183134,P2_mg_presence,MG Presence,8,583,983.0,0
shap_feature_selection_extratrees_p1_20260529_183134,P2_mg_presence,MG Presence,8,584,984.0,0
shap_feature_selection_extratrees_p1_20260529_183134,P2_mg_presence,MG Presence,8,585,985.0,0
shap_feature_selection_extratrees_p1_20260529_183134,P2_mg_presence,MG Presence,8,586,986.0,0
shap_feature_selection_extratrees_p1_20260529_183134,P2_mg_presence,MG Presence,8,587,987.0,0
shap_feature_selection_extratrees_p1_20260529_183134,P2_mg_presence,MG Presence,8,588,988.0,0
shap_feature_selection_extratrees_p1_20260529_183134,P2_mg_presence,MG Presence,8,589,989.0,0
shap_feature_selection_extratrees_p1_20260529_183134,P2_mg_presence,MG Presence,8,590,990.0,0
shap_feature_selection_extratrees_p1_20260529_183134,P2_mg_presence,MG Presence,8,591,991.0,0
shap_feature_selection_extratrees_p1_20260529_183134,P2_mg_presence,MG Presence,8,592,992.0,0
shap_feature_selection_extratrees_p1_20260529_183134,P2_mg_presence,MG Presence,8,593,993.0,0
shap_feature_selection_extratrees_p1_20260529_183134,P2_mg_presence,MG Presence,8,594,994.0,0
shap_feature_selection_extratrees_p1_20260529_183134,P2_mg_presence,MG Presence,8,595,995.0,0
shap_feature_selection_extratrees_p1_20260529_183134,P2_mg_presence,MG Presence,8,596,996.0,0
shap_feature_selection_extratrees_p1_20260529_183134,P2_mg_presence,MG Presence,8,597,997.0,0
shap_feature_selection_extratrees_p1_20260529_183134,P2_mg_presence,MG Presence,8,598,998.0,0
shap_feature_selection_extratrees_p1_20260529_183134,P2_mg_presence,MG Presence,8,599,999.0,0
shap_feature_selection_extratrees_p1_20260529_183134,P2_mg_presence,MG Presence,8,600,1000.0,0
shap_feature_selection_extratrees_p1_20260529_183134,P2_mg_presence,MG Presence,8,601,1001.0,0
shap_feature_selection_extratrees_p1_20260529_183134,P2_mg_presence,MG Presence,8,602,1002.0,0
shap_feature_selection_extratrees_p1_20260529_183134,P2_mg_presence,MG Presence,8,603,1003.0,0
shap_feature_selection_extratrees_p1_20260529_183134,P2_mg_presence,MG Presence,8,604,1004.0,0
shap_feature_selection_extratrees_p1_20260529_183134,P2_mg_presence,MG Presence,8,605,1005.0,0
shap_feature_selection_extratrees_p1_20260529_183134,P2_mg_presence,MG Presence,8,606,1006.0,0
shap_feature_selection_extratrees_p1_20260529_183134,P2_mg_presence,MG Presence,8,607,1007.0,0
shap_feature_selection_extratrees_p1_20260529_183134,P2_mg_presence,MG Presence,8,608,1008.0,0
shap_feature_selection_extratrees_p1_20260529_183134,P2_mg_presence,MG Presence,8,609,1009.0,0
shap_feature_selection_extratrees_p1_20260529_183134,P2_mg_presence,MG Presence,8,610,1010.0,0
shap_feature_selection_extratrees_p1_20260529_183134,P2_mg_presence,MG Presence,8,611,1011.0,0
shap_feature_selection_extratrees_p1_20260529_183134,P2_mg_presence,MG Presence,8,612,1012.0,0
shap_feature_selection_extratrees_p1_20260529_183134,P2_mg_presence,MG Presence,8,613,1013.0,0
shap_feature_selection_extratrees_p1_20260529_183134,P2_mg_presence,MG Presence,8,614,1014.0,0
shap_feature_selection_extratrees_p1_20260529_183134,P2_mg_presence,MG Presence,8,615,1015.0,0
shap_feature_selection_extratrees_p1_20260529_183134,P2_mg_presence,MG Presence,8,616,1016.0,0
shap_feature_selection_extratrees_p1_20260529_183134,P2_mg_presence,MG Presence,8,617,1017.0,0
shap_feature_selection_extratrees_p1_20260529_183134,P2_mg_presence,MG Presence,8,618,1018.0,0
shap_feature_selection_extratrees_p1_20260529_183134,P2_mg_presence,MG Presence,8,619,1019.0,0
shap_feature_selection_extratrees_p1_20260529_183134,P2_mg_presence,MG Presence,8,620,1020.0,0
shap_feature_selection_extratrees_p1_20260529_183134,P2_mg_presence,MG Presence,8,621,1021.0,0
shap_feature_selection_extratrees_p1_20260529_183134,P2_mg_presence,MG Presence,8,622,1022.0,0
shap_feature_selection_extratrees_p1_20260529_183134,P2_mg_presence,MG Presence,8,623,1023.0,0
shap_feature_selection_extratrees_p1_20260529_183134,P2_mg_presence,MG Presence,8,624,1024.0,0
shap_feature_selection_extratrees_p1_20260529_183134,P2_mg_presence,MG Presence,8,625,1025.0,0
shap_feature_selection_extratrees_p1_20260529_183134,P2_mg_presence,MG Presence,8,626,1026.0,0
shap_feature_selection_extratrees_p1_20260529_183134,P2_mg_presence,MG Presence,8,627,1027.0,0
shap_feature_selection_extratrees_p1_20260529_183134,P2_mg_presence,MG Presence,8,628,1028.0,0
shap_feature_selection_extratrees_p1_20260529_183134,P2_mg_presence,MG Presence,8,629,1029.0,0
shap_feature_selection_extratrees_p1_20260529_183134,P2_mg_presence,MG Presence,8,630,1030.0,0
shap_feature_selection_extratrees_p1_20260529_183134,P2_mg_presence,MG Presence,8,631,1031.0,0
shap_feature_selection_extratrees_p1_20260529_183134,P2_mg_presence,MG Presence,8,632,1032.0,0
shap_feature_selection_extratrees_p1_20260529_183134,P2_mg_presence,MG Presence,8,633,1033.0,0
shap_feature_selection_extratrees_p1_20260529_183134,P2_mg_presence,MG Presence,8,634,1034.0,0
shap_feature_selection_extratrees_p1_20260529_183134,P2_mg_presence,MG Presence,8,635,1035.0,0
shap_feature_selection_extratrees_p1_20260529_183134,P2_mg_presence,MG Presence,8,636,1036.0,0
shap_feature_selection_extratrees_p1_20260529_183134,P2_mg_presence,MG Presence,8,637,1037.0,0
shap_feature_selection_extratrees_p1_20260529_183134,P2_mg_presence,MG Presence,8,638,1038.0,0
shap_feature_selection_extratrees_p1_20260529_183134,P2_mg_presence,MG Presence,8,639,1039.0,0
shap_feature_selection_extratrees_p1_20260529_183134,P2_mg_presence,MG Presence,8,640,1040.0,0
shap_feature_selection_extratrees_p1_20260529_183134,P2_mg_presence,MG Presence,8,641,1041.0,0
shap_feature_selection_extratrees_p1_20260529_183134,P2_mg_presence,MG Presence,8,642,1042.0,0
shap_feature_selection_extratrees_p1_20260529_183134,P2_mg_presence,MG Presence,8,643,1043.0,0
shap_feature_selection_extratrees_p1_20260529_183134,P2_mg_presence,MG Presence,8,644,1044.0,0
shap_feature_selection_extratrees_p1_20260529_183134,P2_mg_presence,MG Presence,8,645,1045.0,0
shap_feature_selection_extratrees_p1_20260529_183134,P2_mg_presence,MG Presence,8,646,1046.0,0
shap_feature_selection_extratrees_p1_20260529_183134,P2_mg_presence,MG Presence,8,647,1047.0,0
shap_feature_selection_extratrees_p1_20260529_183134,P2_mg_presence,MG Presence,8,648,1048.0,0
shap_feature_selection_extratrees_p1_20260529_183134,P2_mg_presence,MG Presence,8,649,1049.0,0
shap_feature_selection_extratrees_p1_20260529_183134,P2_mg_presence,MG Presence,8,650,1050.0,0
shap_feature_selection_extratrees_p1_20260529_183134,P2_mg_presence,MG Presence,8,651,1051.0,0
shap_feature_selection_extratrees_p1_20260529_183134,P2_mg_presence,MG Presence,8,652,1052.0,0
shap_feature_selection_extratrees_p1_20260529_183134,P2_mg_presence,MG Presence,8,653,1053.0,0
shap_feature_selection_extratrees_p1_20260529_183134,P2_mg_presence,MG Presence,8,654,1054.0,0
shap_feature_selection_extratrees_p1_20260529_183134,P2_mg_presence,MG Presence,8,655,1055.0,0
shap_feature_selection_extratrees_p1_20260529_183134,P2_mg_presence,MG Presence,8,656,1056.0,0
shap_feature_selection_extratrees_p1_20260529_183134,P2_mg_presence,MG Presence,8,657,1057.0,0
shap_feature_selection_extratrees_p1_20260529_183134,P2_mg_presence,MG Presence,8,658,1058.0,0
shap_feature_selection_extratrees_p1_20260529_183134,P2_mg_presence,MG Presence,8,659,1059.0,0
shap_feature_selection_extratrees_p1_20260529_183134,P2_mg_presence,MG Presence,8,660,1060.0,0
shap_feature_selection_extratrees_p1_20260529_183134,P2_mg_presence,MG Presence,8,661,1061.0,0
shap_feature_selection_extratrees_p1_20260529_183134,P2_mg_presence,MG Presence,8,662,1062.0,0
shap_feature_selection_extratrees_p1_20260529_183134,P2_mg_presence,MG Presence,8,663,1063.0,0
shap_feature_selection_extratrees_p1_20260529_183134,P2_mg_presence,MG Presence,8,664,1064.0,0
shap_feature_selection_extratrees_p1_20260529_183134,P2_mg_presence,MG Presence,8,665,1065.0,0
shap_feature_selection_extratrees_p1_20260529_183134,P2_mg_presence,MG Presence,8,666,1066.0,0
shap_feature_selection_extratrees_p1_20260529_183134,P2_mg_presence,MG Presence,8,667,1067.0,0
shap_feature_selection_extratrees_p1_20260529_183134,P2_mg_presence,MG Presence,8,668,1068.0,0
shap_feature_selection_extratrees_p1_20260529_183134,P2_mg_presence,MG Presence,8,669,1069.0,0
shap_feature_selection_extratrees_p1_20260529_183134,P2_mg_presence,MG Presence,8,670,1070.0,0
shap_feature_selection_extratrees_p1_20260529_183134,P2_mg_presence,MG Presence,8,671,1071.0,0
shap_feature_selection_extratrees_p1_20260529_183134,P2_mg_presence,MG Presence,8,672,1072.0,0
shap_feature_selection_extratrees_p1_20260529_183134,P2_mg_presence,MG Presence,8,673,1073.0,0
shap_feature_selection_extratrees_p1_20260529_183134,P2_mg_presence,MG Presence,8,674,1074.0,0
shap_feature_selection_extratrees_p1_20260529_183134,P2_mg_presence,MG Presence,8,675,1075.0,0
shap_feature_selection_extratrees_p1_20260529_183134,P2_mg_presence,MG Presence,8,676,1076.0,0
shap_feature_selection_extratrees_p1_20260529_183134,P2_mg_presence,MG Presence,8,677,1077.0,0
shap_feature_selection_extratrees_p1_20260529_183134,P2_mg_presence,MG Presence,8,678,1078.0,0
shap_feature_selection_extratrees_p1_20260529_183134,P2_mg_presence,MG Presence,8,679,1079.0,0
shap_feature_selection_extratrees_p1_20260529_183134,P2_mg_presence,MG Presence,8,680,1080.0,1
shap_feature_selection_extratrees_p1_20260529_183134,P2_mg_presence,MG Presence,8,681,1081.0,0
shap_feature_selection_extratrees_p1_20260529_183134,P2_mg_presence,MG Presence,8,682,1082.0,0
shap_feature_selection_extratrees_p1_20260529_183134,P2_mg_presence,MG Presence,8,683,1083.0,0
shap_feature_selection_extratrees_p1_20260529_183134,P2_mg_presence,MG Presence,8,684,1084.0,0
shap_feature_selection_extratrees_p1_20260529_183134,P2_mg_presence,MG Presence,8,685,1085.0,0
shap_feature_selection_extratrees_p1_20260529_183134,P2_mg_presence,MG Presence,8,686,1086.0,0
shap_feature_selection_extratrees_p1_20260529_183134,P2_mg_presence,MG Presence,8,687,1087.0,0
shap_feature_selection_extratrees_p1_20260529_183134,P2_mg_presence,MG Presence,8,688,1088.0,0
shap_feature_selection_extratrees_p1_20260529_183134,P2_mg_presence,MG Presence,8,689,1089.0,0
shap_feature_selection_extratrees_p1_20260529_183134,P2_mg_presence,MG Presence,8,690,1090.0,0
shap_feature_selection_extratrees_p1_20260529_183134,P2_mg_presence,MG Presence,8,691,1091.0,0
shap_feature_selection_extratrees_p1_20260529_183134,P2_mg_presence,MG Presence,8,692,1092.0,0
shap_feature_selection_extratrees_p1_20260529_183134,P2_mg_presence,MG Presence,8,693,1093.0,0
shap_feature_selection_extratrees_p1_20260529_183134,P2_mg_presence,MG Presence,8,694,1094.0,0
shap_feature_selection_extratrees_p1_20260529_183134,P2_mg_presence,MG Presence,8,695,1095.0,1
shap_feature_selection_extratrees_p1_20260529_183134,P2_mg_presence,MG Presence,8,696,1096.0,0
shap_feature_selection_extratrees_p1_20260529_183134,P2_mg_presence,MG Presence,8,697,1097.0,1
shap_feature_selection_extratrees_p1_20260529_183134,P2_mg_presence,MG Presence,8,698,1098.0,0
shap_feature_selection_extratrees_p1_20260529_183134,P2_mg_presence,MG Presence,8,699,1099.0,0
shap_feature_selection_extratrees_p1_20260529_183134,P2_mg_presence,MG Presence,8,700,1100.0,0
shap_feature_selection_extratrees_p1_20260529_183134,P2_mg_presence,MG Presence,8,701,1101.0,0
shap_feature_selection_extratrees_p1_20260529_183134,P2_mg_presence,MG Presence,8,702,1102.0,0
shap_feature_selection_extratrees_p1_20260529_183134,P2_mg_presence,MG Presence,8,703,1103.0,0
shap_feature_selection_extratrees_p1_20260529_183134,P2_mg_presence,MG Presence,8,704,1104.0,0
shap_feature_selection_extratrees_p1_20260529_183134,P2_mg_presence,MG Presence,8,705,1105.0,0
shap_feature_selection_extratrees_p1_20260529_183134,P2_mg_presence,MG Presence,8,706,1106.0,0
shap_feature_selection_extratrees_p1_20260529_183134,P2_mg_presence,MG Presence,8,707,1107.0,0
shap_feature_selection_extratrees_p1_20260529_183134,P2_mg_presence,MG Presence,8,708,1108.0,0
shap_feature_selection_extratrees_p1_20260529_183134,P2_mg_presence,MG Presence,8,709,1109.0,0
shap_feature_selection_extratrees_p1_20260529_183134,P2_mg_presence,MG Presence,8,710,1110.0,0
shap_feature_selection_extratrees_p1_20260529_183134,P2_mg_presence,MG Presence,8,711,1111.0,0
shap_feature_selection_extratrees_p1_20260529_183134,P2_mg_presence,MG Presence,8,712,1112.0,0
shap_feature_selection_extratrees_p1_20260529_183134,P2_mg_presence,MG Presence,8,713,1113.0,0
shap_feature_selection_extratrees_p1_20260529_183134,P2_mg_presence,MG Presence,8,714,1114.0,0
shap_feature_selection_extratrees_p1_20260529_183134,P2_mg_presence,MG Presence,8,715,1115.0,0
shap_feature_selection_extratrees_p1_20260529_183134,P2_mg_presence,MG Presence,8,716,1116.0,0
shap_feature_selection_extratrees_p1_20260529_183134,P2_mg_presence,MG Presence,8,717,1117.0,0
shap_feature_selection_extratrees_p1_20260529_183134,P2_mg_presence,MG Presence,8,718,1118.0,0
shap_feature_selection_extratrees_p1_20260529_183134,P2_mg_presence,MG Presence,8,719,1119.0,0
shap_feature_selection_extratrees_p1_20260529_183134,P2_mg_presence,MG Presence,8,720,1120.0,0
shap_feature_selection_extratrees_p1_20260529_183134,P2_mg_presence,MG Presence,8,721,1121.0,0
shap_feature_selection_extratrees_p1_20260529_183134,P2_mg_presence,MG Presence,8,722,1122.0,0
shap_feature_selection_extratrees_p1_20260529_183134,P2_mg_presence,MG Presence,8,723,1123.0,0
shap_feature_selection_extratrees_p1_20260529_183134,P2_mg_presence,MG Presence,8,724,1124.0,0
shap_feature_selection_extratrees_p1_20260529_183134,P2_mg_presence,MG Presence,8,725,1125.0,0
shap_feature_selection_extratrees_p1_20260529_183134,P2_mg_presence,MG Presence,8,726,1126.0,0
shap_feature_selection_extratrees_p1_20260529_183134,P2_mg_presence,MG Presence,8,727,1127.0,0
shap_feature_selection_extratrees_p1_20260529_183134,P2_mg_presence,MG Presence,8,728,1128.0,0
shap_feature_selection_extratrees_p1_20260529_183134,P2_mg_presence,MG Presence,8,729,1129.0,0
shap_feature_selection_extratrees_p1_20260529_183134,P2_mg_presence,MG Presence,8,730,1130.0,0
shap_feature_selection_extratrees_p1_20260529_183134,P2_mg_presence,MG Presence,8,731,1131.0,0
shap_feature_selection_extratrees_p1_20260529_183134,P2_mg_presence,MG Presence,8,732,1132.0,0
shap_feature_selection_extratrees_p1_20260529_183134,P2_mg_presence,MG Presence,8,733,1133.0,0
shap_feature_selection_extratrees_p1_20260529_183134,P2_mg_presence,MG Presence,8,734,1134.0,0
shap_feature_selection_extratrees_p1_20260529_183134,P2_mg_presence,MG Presence,8,735,1135.0,0
shap_feature_selection_extratrees_p1_20260529_183134,P2_mg_presence,MG Presence,8,736,1136.0,0
shap_feature_selection_extratrees_p1_20260529_183134,P2_mg_presence,MG Presence,8,737,1137.0,0
shap_feature_selection_extratrees_p1_20260529_183134,P2_mg_presence,MG Presence,8,738,1138.0,1
shap_feature_selection_extratrees_p1_20260529_183134,P2_mg_presence,MG Presence,8,739,1139.0,0
shap_feature_selection_extratrees_p1_20260529_183134,P2_mg_presence,MG Presence,8,740,1140.0,0
shap_feature_selection_extratrees_p1_20260529_183134,P2_mg_presence,MG Presence,8,741,1141.0,0
shap_feature_selection_extratrees_p1_20260529_183134,P2_mg_presence,MG Presence,8,742,1142.0,0
shap_feature_selection_extratrees_p1_20260529_183134,P2_mg_presence,MG Presence,8,743,1143.0,1
shap_feature_selection_extratrees_p1_20260529_183134,P2_mg_presence,MG Presence,8,744,1144.0,0
shap_feature_selection_extratrees_p1_20260529_183134,P2_mg_presence,MG Presence,8,745,1145.0,0
shap_feature_selection_extratrees_p1_20260529_183134,P2_mg_presence,MG Presence,8,746,1146.0,0
shap_feature_selection_extratrees_p1_20260529_183134,P2_mg_presence,MG Presence,8,747,1147.0,0
shap_feature_selection_extratrees_p1_20260529_183134,P2_mg_presence,MG Presence,8,748,1148.0,0
shap_feature_selection_extratrees_p1_20260529_183134,P2_mg_presence,MG Presence,8,749,1149.0,0
shap_feature_selection_extratrees_p1_20260529_183134,P2_mg_presence,MG Presence,8,750,1150.0,0
shap_feature_selection_extratrees_p1_20260529_183134,P2_mg_presence,MG Presence,8,751,1151.0,0
shap_feature_selection_extratrees_p1_20260529_183134,P2_mg_presence,MG Presence,8,752,1152.0,0
shap_feature_selection_extratrees_p1_20260529_183134,P2_mg_presence,MG Presence,8,753,1153.0,0
shap_feature_selection_extratrees_p1_20260529_183134,P2_mg_presence,MG Presence,8,754,1154.0,0
shap_feature_selection_extratrees_p1_20260529_183134,P2_mg_presence,MG Presence,8,755,1155.0,0
shap_feature_selection_extratrees_p1_20260529_183134,P2_mg_presence,MG Presence,8,756,1156.0,0
shap_feature_selection_extratrees_p1_20260529_183134,P2_mg_presence,MG Presence,8,757,1157.0,0
shap_feature_selection_extratrees_p1_20260529_183134,P2_mg_presence,MG Presence,8,758,1158.0,0
shap_feature_selection_extratrees_p1_20260529_183134,P2_mg_presence,MG Presence,8,759,1159.0,0
shap_feature_selection_extratrees_p1_20260529_183134,P2_mg_presence,MG Presence,8,760,1160.0,1
shap_feature_selection_extratrees_p1_20260529_183134,P2_mg_presence,MG Presence,8,761,1161.0,1
shap_feature_selection_extratrees_p1_20260529_183134,P2_mg_presence,MG Presence,8,762,1162.0,1
shap_feature_selection_extratrees_p1_20260529_183134,P2_mg_presence,MG Presence,8,763,1163.0,1
shap_feature_selection_extratrees_p1_20260529_183134,P2_mg_presence,MG Presence,8,764,1164.0,1
shap_feature_selection_extratrees_p1_20260529_183134,P2_mg_presence,MG Presence,8,765,1165.0,1
shap_feature_selection_extratrees_p1_20260529_183134,P2_mg_presence,MG Presence,8,766,1166.0,1
shap_feature_selection_extratrees_p1_20260529_183134,P2_mg_presence,MG Presence,8,767,1167.0,1
shap_feature_selection_extratrees_p1_20260529_183134,P2_mg_presence,MG Presence,8,768,1168.0,1
shap_feature_selection_extratrees_p1_20260529_183134,P2_mg_presence,MG Presence,8,769,1169.0,1
shap_feature_selection_extratrees_p1_20260529_183134,P2_mg_presence,MG Presence,8,770,1170.0,1
shap_feature_selection_extratrees_p1_20260529_183134,P2_mg_presence,MG Presence,8,771,1171.0,1
shap_feature_selection_extratrees_p1_20260529_183134,P2_mg_presence,MG Presence,8,772,1172.0,1
shap_feature_selection_extratrees_p1_20260529_183134,P2_mg_presence,MG Presence,8,773,1173.0,1
shap_feature_selection_extratrees_p1_20260529_183134,P2_mg_presence,MG Presence,8,774,1174.0,1
shap_feature_selection_extratrees_p1_20260529_183134,P2_mg_presence,MG Presence,8,775,1175.0,1
shap_feature_selection_extratrees_p1_20260529_183134,P2_mg_presence,MG Presence,8,776,1176.0,1
shap_feature_selection_extratrees_p1_20260529_183134,P2_mg_presence,MG Presence,8,777,1177.0,1
shap_feature_selection_extratrees_p1_20260529_183134,P2_mg_presence,MG Presence,8,778,1178.0,0
shap_feature_selection_extratrees_p1_20260529_183134,P2_mg_presence,MG Presence,8,779,1179.0,0
shap_feature_selection_extratrees_p1_20260529_183134,P2_mg_presence,MG Presence,8,780,1180.0,0
shap_feature_selection_extratrees_p1_20260529_183134,P2_mg_presence,MG Presence,8,781,1181.0,0
shap_feature_selection_extratrees_p1_20260529_183134,P2_mg_presence,MG Presence,8,782,1182.0,0
shap_feature_selection_extratrees_p1_20260529_183134,P2_mg_presence,MG Presence,8,783,1183.0,0
shap_feature_selection_extratrees_p1_20260529_183134,P2_mg_presence,MG Presence,8,784,1184.0,0
shap_feature_selection_extratrees_p1_20260529_183134,P2_mg_presence,MG Presence,8,785,1185.0,0
shap_feature_selection_extratrees_p1_20260529_183134,P2_mg_presence,MG Presence,8,786,1186.0,0
shap_feature_selection_extratrees_p1_20260529_183134,P2_mg_presence,MG Presence,8,787,1187.0,0
shap_feature_selection_extratrees_p1_20260529_183134,P2_mg_presence,MG Presence,8,788,1188.0,0
shap_feature_selection_extratrees_p1_20260529_183134,P2_mg_presence,MG Presence,8,789,1189.0,0
shap_feature_selection_extratrees_p1_20260529_183134,P2_mg_presence,MG Presence,8,790,1190.0,0
shap_feature_selection_extratrees_p1_20260529_183134,P2_mg_presence,MG Presence,8,791,1191.0,0
shap_feature_selection_extratrees_p1_20260529_183134,P2_mg_presence,MG Presence,8,792,1192.0,0
shap_feature_selection_extratrees_p1_20260529_183134,P2_mg_presence,MG Presence,8,793,1193.0,0
shap_feature_selection_extratrees_p1_20260529_183134,P2_mg_presence,MG Presence,8,794,1194.0,0
shap_feature_selection_extratrees_p1_20260529_183134,P2_mg_presence,MG Presence,8,795,1195.0,0
shap_feature_selection_extratrees_p1_20260529_183134,P2_mg_presence,MG Presence,8,796,1196.0,0
shap_feature_selection_extratrees_p1_20260529_183134,P2_mg_presence,MG Presence,8,797,1197.0,0
shap_feature_selection_extratrees_p1_20260529_183134,P2_mg_presence,MG Presence,8,798,1198.0,0
shap_feature_selection_extratrees_p1_20260529_183134,P2_mg_presence,MG Presence,8,799,1199.0,0
shap_feature_selection_extratrees_p1_20260529_183134,P2_mg_presence,MG Presence,8,800,1200.0,0
shap_feature_selection_extratrees_p1_20260529_183134,P2_mg_presence,MG Presence,8,801,1201.0,0
shap_feature_selection_extratrees_p1_20260529_183134,P2_mg_presence,MG Presence,8,802,1202.0,0
shap_feature_selection_extratrees_p1_20260529_183134,P2_mg_presence,MG Presence,8,803,1203.0,0
shap_feature_selection_extratrees_p1_20260529_183134,P2_mg_presence,MG Presence,8,804,1204.0,0
shap_feature_selection_extratrees_p1_20260529_183134,P2_mg_presence,MG Presence,8,805,1205.0,0
shap_feature_selection_extratrees_p1_20260529_183134,P2_mg_presence,MG Presence,8,806,1206.0,0
shap_feature_selection_extratrees_p1_20260529_183134,P2_mg_presence,MG Presence,8,807,1207.0,0
shap_feature_selection_extratrees_p1_20260529_183134,P2_mg_presence,MG Presence,8,808,1208.0,1
shap_feature_selection_extratrees_p1_20260529_183134,P2_mg_presence,MG Presence,8,809,1209.0,1
shap_feature_selection_extratrees_p1_20260529_183134,P2_mg_presence,MG Presence,8,810,1210.0,1
shap_feature_selection_extratrees_p1_20260529_183134,P2_mg_presence,MG Presence,8,811,1211.0,1
shap_feature_selection_extratrees_p1_20260529_183134,P2_mg_presence,MG Presence,8,812,1212.0,1
shap_feature_selection_extratrees_p1_20260529_183134,P2_mg_presence,MG Presence,8,813,1213.0,1
shap_feature_selection_extratrees_p1_20260529_183134,P2_mg_presence,MG Presence,8,814,1214.0,1
shap_feature_selection_extratrees_p1_20260529_183134,P2_mg_presence,MG Presence,8,815,1215.0,1
shap_feature_selection_extratrees_p1_20260529_183134,P2_mg_presence,MG Presence,8,816,1216.0,1
shap_feature_selection_extratrees_p1_20260529_183134,P2_mg_presence,MG Presence,8,817,1217.0,1
shap_feature_selection_extratrees_p1_20260529_183134,P2_mg_presence,MG Presence,8,818,1218.0,0
shap_feature_selection_extratrees_p1_20260529_183134,P2_mg_presence,MG Presence,8,819,1219.0,0
shap_feature_selection_extratrees_p1_20260529_183134,P2_mg_presence,MG Presence,8,820,1220.0,0
shap_feature_selection_extratrees_p1_20260529_183134,P2_mg_presence,MG Presence,8,821,1221.0,0
shap_feature_selection_extratrees_p1_20260529_183134,P2_mg_presence,MG Presence,8,822,1222.0,0
shap_feature_selection_extratrees_p1_20260529_183134,P2_mg_presence,MG Presence,8,823,1223.0,0
shap_feature_selection_extratrees_p1_20260529_183134,P2_mg_presence,MG Presence,8,824,1224.0,0
shap_feature_selection_extratrees_p1_20260529_183134,P2_mg_presence,MG Presence,8,825,1225.0,0
shap_feature_selection_extratrees_p1_20260529_183134,P2_mg_presence,MG Presence,8,826,1226.0,0
shap_feature_selection_extratrees_p1_20260529_183134,P2_mg_presence,MG Presence,8,827,1227.0,0
shap_feature_selection_extratrees_p1_20260529_183134,P2_mg_presence,MG Presence,8,828,1228.0,0
shap_feature_selection_extratrees_p1_20260529_183134,P2_mg_presence,MG Presence,8,829,1229.0,0
shap_feature_selection_extratrees_p1_20260529_183134,P2_mg_presence,MG Presence,8,830,1230.0,0
shap_feature_selection_extratrees_p1_20260529_183134,P2_mg_presence,MG Presence,8,831,1231.0,0
shap_feature_selection_extratrees_p1_20260529_183134,P2_mg_presence,MG Presence,8,832,1232.0,0
shap_feature_selection_extratrees_p1_20260529_183134,P2_mg_presence,MG Presence,8,833,1233.0,0
shap_feature_selection_extratrees_p1_20260529_183134,P2_mg_presence,MG Presence,8,834,1234.0,0
shap_feature_selection_extratrees_p1_20260529_183134,P2_mg_presence,MG Presence,8,835,1235.0,0
shap_feature_selection_extratrees_p1_20260529_183134,P2_mg_presence,MG Presence,8,836,1236.0,0
shap_feature_selection_extratrees_p1_20260529_183134,P2_mg_presence,MG Presence,8,837,1237.0,0
shap_feature_selection_extratrees_p1_20260529_183134,P2_mg_presence,MG Presence,8,838,1238.0,0
shap_feature_selection_extratrees_p1_20260529_183134,P2_mg_presence,MG Presence,8,839,1239.0,0
shap_feature_selection_extratrees_p1_20260529_183134,P2_mg_presence,MG Presence,8,840,1240.0,0
shap_feature_selection_extratrees_p1_20260529_183134,P2_mg_presence,MG Presence,8,841,1241.0,0
shap_feature_selection_extratrees_p1_20260529_183134,P2_mg_presence,MG Presence,8,842,1242.0,0
shap_feature_selection_extratrees_p1_20260529_183134,P2_mg_presence,MG Presence,8,843,1243.0,0
shap_feature_selection_extratrees_p1_20260529_183134,P2_mg_presence,MG Presence,8,844,1244.0,0
shap_feature_selection_extratrees_p1_20260529_183134,P2_mg_presence,MG Presence,8,845,1245.0,0
shap_feature_selection_extratrees_p1_20260529_183134,P2_mg_presence,MG Presence,8,846,1246.0,0
shap_feature_selection_extratrees_p1_20260529_183134,P2_mg_presence,MG Presence,8,847,1247.0,0
shap_feature_selection_extratrees_p1_20260529_183134,P2_mg_presence,MG Presence,8,848,1248.0,0
shap_feature_selection_extratrees_p1_20260529_183134,P2_mg_presence,MG Presence,8,849,1249.0,0
shap_feature_selection_extratrees_p1_20260529_183134,P2_mg_presence,MG Presence,8,850,1250.0,0
shap_feature_selection_extratrees_p1_20260529_183134,P2_mg_presence,MG Presence,8,851,1251.0,0
shap_feature_selection_extratrees_p1_20260529_183134,P2_mg_presence,MG Presence,8,852,1252.0,0
shap_feature_selection_extratrees_p1_20260529_183134,P2_mg_presence,MG Presence,8,853,1253.0,0
shap_feature_selection_extratrees_p1_20260529_183134,P2_mg_presence,MG Presence,8,854,1254.0,0
shap_feature_selection_extratrees_p1_20260529_183134,P2_mg_presence,MG Presence,8,855,1255.0,0
shap_feature_selection_extratrees_p1_20260529_183134,P2_mg_presence,MG Presence,8,856,1256.0,0
shap_feature_selection_extratrees_p1_20260529_183134,P2_mg_presence,MG Presence,8,857,1257.0,0
shap_feature_selection_extratrees_p1_20260529_183134,P2_mg_presence,MG Presence,8,858,1258.0,0
shap_feature_selection_extratrees_p1_20260529_183134,P2_mg_presence,MG Presence,8,859,1259.0,1
shap_feature_selection_extratrees_p1_20260529_183134,P2_mg_presence,MG Presence,8,860,1260.0,1
shap_feature_selection_extratrees_p1_20260529_183134,P2_mg_presence,MG Presence,8,861,1261.0,0
shap_feature_selection_extratrees_p1_20260529_183134,P2_mg_presence,MG Presence,8,862,1262.0,0
shap_feature_selection_extratrees_p1_20260529_183134,P2_mg_presence,MG Presence,8,863,1263.0,0
shap_feature_selection_extratrees_p1_20260529_183134,P2_mg_presence,MG Presence,8,864,1264.0,0
shap_feature_selection_extratrees_p1_20260529_183134,P2_mg_presence,MG Presence,8,865,1265.0,0
shap_feature_selection_extratrees_p1_20260529_183134,P2_mg_presence,MG Presence,8,866,1266.0,0
shap_feature_selection_extratrees_p1_20260529_183134,P2_mg_presence,MG Presence,8,867,1267.0,0
shap_feature_selection_extratrees_p1_20260529_183134,P2_mg_presence,MG Presence,8,868,1268.0,0
shap_feature_selection_extratrees_p1_20260529_183134,P2_mg_presence,MG Presence,8,869,1269.0,0
shap_feature_selection_extratrees_p1_20260529_183134,P2_mg_presence,MG Presence,8,870,1270.0,0
shap_feature_selection_extratrees_p1_20260529_183134,P2_mg_presence,MG Presence,8,871,1271.0,0
shap_feature_selection_extratrees_p1_20260529_183134,P2_mg_presence,MG Presence,8,872,1272.0,0
shap_feature_selection_extratrees_p1_20260529_183134,P2_mg_presence,MG Presence,8,873,1273.0,0
shap_feature_selection_extratrees_p1_20260529_183134,P2_mg_presence,MG Presence,8,874,1274.0,0
shap_feature_selection_extratrees_p1_20260529_183134,P2_mg_presence,MG Presence,8,875,1275.0,0
shap_feature_selection_extratrees_p1_20260529_183134,P2_mg_presence,MG Presence,8,876,1276.0,0
shap_feature_selection_extratrees_p1_20260529_183134,P2_mg_presence,MG Presence,8,877,1277.0,0
shap_feature_selection_extratrees_p1_20260529_183134,P2_mg_presence,MG Presence,8,878,1278.0,0
shap_feature_selection_extratrees_p1_20260529_183134,P2_mg_presence,MG Presence,8,879,1279.0,0
shap_feature_selection_extratrees_p1_20260529_183134,P2_mg_presence,MG Presence,8,880,1280.0,0
shap_feature_selection_extratrees_p1_20260529_183134,P2_mg_presence,MG Presence,8,881,1281.0,0
shap_feature_selection_extratrees_p1_20260529_183134,P2_mg_presence,MG Presence,8,882,1282.0,0
shap_feature_selection_extratrees_p1_20260529_183134,P2_mg_presence,MG Presence,8,883,1283.0,0
shap_feature_selection_extratrees_p1_20260529_183134,P2_mg_presence,MG Presence,8,884,1284.0,0
shap_feature_selection_extratrees_p1_20260529_183134,P2_mg_presence,MG Presence,8,885,1285.0,1
shap_feature_selection_extratrees_p1_20260529_183134,P2_mg_presence,MG Presence,8,886,1286.0,1
shap_feature_selection_extratrees_p1_20260529_183134,P2_mg_presence,MG Presence,8,887,1287.0,1
shap_feature_selection_extratrees_p1_20260529_183134,P2_mg_presence,MG Presence,8,888,1288.0,1
shap_feature_selection_extratrees_p1_20260529_183134,P2_mg_presence,MG Presence,8,889,1289.0,0
shap_feature_selection_extratrees_p1_20260529_183134,P2_mg_presence,MG Presence,8,890,1290.0,1
shap_feature_selection_extratrees_p1_20260529_183134,P2_mg_presence,MG Presence,8,891,1291.0,0
shap_feature_selection_extratrees_p1_20260529_183134,P2_mg_presence,MG Presence,8,892,1292.0,1
shap_feature_selection_extratrees_p1_20260529_183134,P2_mg_presence,MG Presence,8,893,1293.0,1
shap_feature_selection_extratrees_p1_20260529_183134,P2_mg_presence,MG Presence,8,894,1294.0,1
shap_feature_selection_extratrees_p1_20260529_183134,P2_mg_presence,MG Presence,8,895,1295.0,1
shap_feature_selection_extratrees_p1_20260529_183134,P2_mg_presence,MG Presence,8,896,1296.0,0
shap_feature_selection_extratrees_p1_20260529_183134,P2_mg_presence,MG Presence,8,897,1297.0,1
shap_feature_selection_extratrees_p1_20260529_183134,P2_mg_presence,MG Presence,8,898,1298.0,0
shap_feature_selection_extratrees_p1_20260529_183134,P2_mg_presence,MG Presence,8,899,1299.0,0
shap_feature_selection_extratrees_p1_20260529_183134,P2_mg_presence,MG Presence,8,900,1300.0,0
shap_feature_selection_extratrees_p1_20260529_183134,P2_mg_presence,MG Presence,8,901,1301.0,0
shap_feature_selection_extratrees_p1_20260529_183134,P2_mg_presence,MG Presence,8,902,1302.0,0
shap_feature_selection_extratrees_p1_20260529_183134,P2_mg_presence,MG Presence,8,903,1303.0,0
shap_feature_selection_extratrees_p1_20260529_183134,P2_mg_presence,MG Presence,8,904,1304.0,0
shap_feature_selection_extratrees_p1_20260529_183134,P2_mg_presence,MG Presence,8,905,1305.0,0
shap_feature_selection_extratrees_p1_20260529_183134,P2_mg_presence,MG Presence,8,906,1306.0,0
shap_feature_selection_extratrees_p1_20260529_183134,P2_mg_presence,MG Presence,8,907,1307.0,0
shap_feature_selection_extratrees_p1_20260529_183134,P2_mg_presence,MG Presence,8,908,1308.0,0
shap_feature_selection_extratrees_p1_20260529_183134,P2_mg_presence,MG Presence,8,909,1309.0,0
shap_feature_selection_extratrees_p1_20260529_183134,P2_mg_presence,MG Presence,8,910,1310.0,0
shap_feature_selection_extratrees_p1_20260529_183134,P2_mg_presence,MG Presence,8,911,1311.0,0
shap_feature_selection_extratrees_p1_20260529_183134,P2_mg_presence,MG Presence,8,912,1312.0,0
shap_feature_selection_extratrees_p1_20260529_183134,P2_mg_presence,MG Presence,8,913,1313.0,0
shap_feature_selection_extratrees_p1_20260529_183134,P2_mg_presence,MG Presence,8,914,1314.0,0
shap_feature_selection_extratrees_p1_20260529_183134,P2_mg_presence,MG Presence,8,915,1315.0,0
shap_feature_selection_extratrees_p1_20260529_183134,P2_mg_presence,MG Presence,8,916,1316.0,0
shap_feature_selection_extratrees_p1_20260529_183134,P2_mg_presence,MG Presence,8,917,1317.0,0
shap_feature_selection_extratrees_p1_20260529_183134,P2_mg_presence,MG Presence,8,918,1318.0,0
shap_feature_selection_extratrees_p1_20260529_183134,P2_mg_presence,MG Presence,8,919,1319.0,0
shap_feature_selection_extratrees_p1_20260529_183134,P2_mg_presence,MG Presence,8,920,1320.0,0
shap_feature_selection_extratrees_p1_20260529_183134,P2_mg_presence,MG Presence,8,921,1321.0,0
shap_feature_selection_extratrees_p1_20260529_183134,P2_mg_presence,MG Presence,8,922,1322.0,0
shap_feature_selection_extratrees_p1_20260529_183134,P2_mg_presence,MG Presence,8,923,1323.0,0
shap_feature_selection_extratrees_p1_20260529_183134,P2_mg_presence,MG Presence,8,924,1324.0,0
shap_feature_selection_extratrees_p1_20260529_183134,P2_mg_presence,MG Presence,8,925,1325.0,0
shap_feature_selection_extratrees_p1_20260529_183134,P2_mg_presence,MG Presence,8,926,1326.0,0
shap_feature_selection_extratrees_p1_20260529_183134,P2_mg_presence,MG Presence,8,927,1327.0,0
shap_feature_selection_extratrees_p1_20260529_183134,P2_mg_presence,MG Presence,8,928,1328.0,0
shap_feature_selection_extratrees_p1_20260529_183134,P2_mg_presence,MG Presence,8,929,1329.0,0
shap_feature_selection_extratrees_p1_20260529_183134,P2_mg_presence,MG Presence,8,930,1330.0,0
shap_feature_selection_extratrees_p1_20260529_183134,P2_mg_presence,MG Presence,8,931,1331.0,0
shap_feature_selection_extratrees_p1_20260529_183134,P2_mg_presence,MG Presence,8,932,1332.0,0
shap_feature_selection_extratrees_p1_20260529_183134,P2_mg_presence,MG Presence,8,933,1333.0,0
shap_feature_selection_extratrees_p1_20260529_183134,P2_mg_presence,MG Presence,8,934,1334.0,0
shap_feature_selection_extratrees_p1_20260529_183134,P2_mg_presence,MG Presence,8,935,1335.0,0
shap_feature_selection_extratrees_p1_20260529_183134,P2_mg_presence,MG Presence,8,936,1336.0,0
shap_feature_selection_extratrees_p1_20260529_183134,P2_mg_presence,MG Presence,8,937,1337.0,0
shap_feature_selection_extratrees_p1_20260529_183134,P2_mg_presence,MG Presence,8,938,1338.0,0
shap_feature_selection_extratrees_p1_20260529_183134,P2_mg_presence,MG Presence,8,939,1339.0,0
shap_feature_selection_extratrees_p1_20260529_183134,P2_mg_presence,MG Presence,8,940,1340.0,0
shap_feature_selection_extratrees_p1_20260529_183134,P2_mg_presence,MG Presence,8,941,1341.0,0
shap_feature_selection_extratrees_p1_20260529_183134,P2_mg_presence,MG Presence,8,942,1342.0,0
shap_feature_selection_extratrees_p1_20260529_183134,P2_mg_presence,MG Presence,8,943,1343.0,0
shap_feature_selection_extratrees_p1_20260529_183134,P2_mg_presence,MG Presence,8,944,1344.0,1
shap_feature_selection_extratrees_p1_20260529_183134,P2_mg_presence,MG Presence,8,945,1345.0,0
shap_feature_selection_extratrees_p1_20260529_183134,P2_mg_presence,MG Presence,8,946,1346.0,0
shap_feature_selection_extratrees_p1_20260529_183134,P2_mg_presence,MG Presence,8,947,1347.0,0
shap_feature_selection_extratrees_p1_20260529_183134,P2_mg_presence,MG Presence,8,948,1348.0,0
shap_feature_selection_extratrees_p1_20260529_183134,P2_mg_presence,MG Presence,8,949,1349.0,0
shap_feature_selection_extratrees_p1_20260529_183134,P2_mg_presence,MG Presence,8,950,1350.0,0
shap_feature_selection_extratrees_p1_20260529_183134,P2_mg_presence,MG Presence,8,951,1351.0,0
shap_feature_selection_extratrees_p1_20260529_183134,P2_mg_presence,MG Presence,8,952,1352.0,0
shap_feature_selection_extratrees_p1_20260529_183134,P2_mg_presence,MG Presence,8,953,1353.0,0
shap_feature_selection_extratrees_p1_20260529_183134,P2_mg_presence,MG Presence,8,954,1354.0,0
shap_feature_selection_extratrees_p1_20260529_183134,P2_mg_presence,MG Presence,8,955,1355.0,0
shap_feature_selection_extratrees_p1_20260529_183134,P2_mg_presence,MG Presence,8,956,1356.0,0
shap_feature_selection_extratrees_p1_20260529_183134,P2_mg_presence,MG Presence,8,957,1357.0,0
shap_feature_selection_extratrees_p1_20260529_183134,P2_mg_presence,MG Presence,8,958,1358.0,0
shap_feature_selection_extratrees_p1_20260529_183134,P2_mg_presence,MG Presence,8,959,1359.0,0
shap_feature_selection_extratrees_p1_20260529_183134,P2_mg_presence,MG Presence,8,960,1360.0,0
shap_feature_selection_extratrees_p1_20260529_183134,P2_mg_presence,MG Presence,8,961,1361.0,0
shap_feature_selection_extratrees_p1_20260529_183134,P2_mg_presence,MG Presence,8,962,1362.0,0
shap_feature_selection_extratrees_p1_20260529_183134,P2_mg_presence,MG Presence,8,963,1363.0,0
shap_feature_selection_extratrees_p1_20260529_183134,P2_mg_presence,MG Presence,8,964,1364.0,0
shap_feature_selection_extratrees_p1_20260529_183134,P2_mg_presence,MG Presence,8,965,1365.0,0
shap_feature_selection_extratrees_p1_20260529_183134,P2_mg_presence,MG Presence,8,966,1366.0,0
shap_feature_selection_extratrees_p1_20260529_183134,P2_mg_presence,MG Presence,8,967,1367.0,0
shap_feature_selection_extratrees_p1_20260529_183134,P2_mg_presence,MG Presence,8,968,1368.0,0
shap_feature_selection_extratrees_p1_20260529_183134,P2_mg_presence,MG Presence,8,969,1369.0,0
shap_feature_selection_extratrees_p1_20260529_183134,P2_mg_presence,MG Presence,8,970,1370.0,0
shap_feature_selection_extratrees_p1_20260529_183134,P2_mg_presence,MG Presence,8,971,1371.0,0
shap_feature_selection_extratrees_p1_20260529_183134,P2_mg_presence,MG Presence,8,972,1372.0,0
shap_feature_selection_extratrees_p1_20260529_183134,P2_mg_presence,MG Presence,8,973,1373.0,0
shap_feature_selection_extratrees_p1_20260529_183134,P2_mg_presence,MG Presence,8,974,1374.0,0
shap_feature_selection_extratrees_p1_20260529_183134,P2_mg_presence,MG Presence,8,975,1375.0,0
shap_feature_selection_extratrees_p1_20260529_183134,P2_mg_presence,MG Presence,8,976,1376.0,0
shap_feature_selection_extratrees_p1_20260529_183134,P2_mg_presence,MG Presence,8,977,1377.0,0
shap_feature_selection_extratrees_p1_20260529_183134,P2_mg_presence,MG Presence,8,978,1378.0,0
shap_feature_selection_extratrees_p1_20260529_183134,P2_mg_presence,MG Presence,8,979,1379.0,0
shap_feature_selection_extratrees_p1_20260529_183134,P2_mg_presence,MG Presence,8,980,1380.0,0
shap_feature_selection_extratrees_p1_20260529_183134,P2_mg_presence,MG Presence,8,981,1381.0,0
shap_feature_selection_extratrees_p1_20260529_183134,P2_mg_presence,MG Presence,8,982,1382.0,0
shap_feature_selection_extratrees_p1_20260529_183134,P2_mg_presence,MG Presence,8,983,1383.0,0
shap_feature_selection_extratrees_p1_20260529_183134,P2_mg_presence,MG Presence,8,984,1384.0,0
shap_feature_selection_extratrees_p1_20260529_183134,P2_mg_presence,MG Presence,8,985,1385.0,0
shap_feature_selection_extratrees_p1_20260529_183134,P2_mg_presence,MG Presence,8,986,1386.0,0
shap_feature_selection_extratrees_p1_20260529_183134,P2_mg_presence,MG Presence,8,987,1387.0,0
shap_feature_selection_extratrees_p1_20260529_183134,P2_mg_presence,MG Presence,8,988,1388.0,0
shap_feature_selection_extratrees_p1_20260529_183134,P2_mg_presence,MG Presence,8,989,1389.0,0
shap_feature_selection_extratrees_p1_20260529_183134,P2_mg_presence,MG Presence,8,990,1390.0,1
shap_feature_selection_extratrees_p1_20260529_183134,P2_mg_presence,MG Presence,8,991,1391.0,1
shap_feature_selection_extratrees_p1_20260529_183134,P2_mg_presence,MG Presence,8,992,1392.0,1
shap_feature_selection_extratrees_p1_20260529_183134,P2_mg_presence,MG Presence,8,993,1393.0,1
shap_feature_selection_extratrees_p1_20260529_183134,P2_mg_presence,MG Presence,8,994,1394.0,1
shap_feature_selection_extratrees_p1_20260529_183134,P2_mg_presence,MG Presence,8,995,1395.0,1
shap_feature_selection_extratrees_p1_20260529_183134,P2_mg_presence,MG Presence,8,996,1396.0,1
shap_feature_selection_extratrees_p1_20260529_183134,P2_mg_presence,MG Presence,8,997,1397.0,0
shap_feature_selection_extratrees_p1_20260529_183134,P2_mg_presence,MG Presence,8,998,1398.0,0
shap_feature_selection_extratrees_p1_20260529_183134,P2_mg_presence,MG Presence,8,999,1399.0,0
shap_feature_selection_extratrees_p1_20260529_183134,P2_mg_presence,MG Presence,8,1000,1400.0,0
shap_feature_selection_extratrees_p1_20260529_183134,P2_mg_presence,MG Presence,8,1001,1401.0,0
shap_feature_selection_extratrees_p1_20260529_183134,P2_mg_presence,MG Presence,8,1002,1402.0,0
shap_feature_selection_extratrees_p1_20260529_183134,P2_mg_presence,MG Presence,8,1003,1403.0,0
shap_feature_selection_extratrees_p1_20260529_183134,P2_mg_presence,MG Presence,8,1004,1404.0,0
shap_feature_selection_extratrees_p1_20260529_183134,P2_mg_presence,MG Presence,8,1005,1405.0,0
shap_feature_selection_extratrees_p1_20260529_183134,P2_mg_presence,MG Presence,8,1006,1406.0,0
shap_feature_selection_extratrees_p1_20260529_183134,P2_mg_presence,MG Presence,8,1007,1407.0,0
shap_feature_selection_extratrees_p1_20260529_183134,P2_mg_presence,MG Presence,8,1008,1408.0,0
shap_feature_selection_extratrees_p1_20260529_183134,P2_mg_presence,MG Presence,8,1009,1409.0,0
shap_feature_selection_extratrees_p1_20260529_183134,P2_mg_presence,MG Presence,8,1010,1410.0,0
shap_feature_selection_extratrees_p1_20260529_183134,P2_mg_presence,MG Presence,8,1011,1411.0,0
shap_feature_selection_extratrees_p1_20260529_183134,P2_mg_presence,MG Presence,8,1012,1412.0,0
shap_feature_selection_extratrees_p1_20260529_183134,P2_mg_presence,MG Presence,8,1013,1413.0,0
shap_feature_selection_extratrees_p1_20260529_183134,P2_mg_presence,MG Presence,8,1014,1414.0,0
shap_feature_selection_extratrees_p1_20260529_183134,P2_mg_presence,MG Presence,8,1015,1415.0,0
shap_feature_selection_extratrees_p1_20260529_183134,P2_mg_presence,MG Presence,8,1016,1416.0,0
shap_feature_selection_extratrees_p1_20260529_183134,P2_mg_presence,MG Presence,8,1017,1417.0,0
shap_feature_selection_extratrees_p1_20260529_183134,P2_mg_presence,MG Presence,8,1018,1418.0,0
shap_feature_selection_extratrees_p1_20260529_183134,P2_mg_presence,MG Presence,8,1019,1419.0,0
shap_feature_selection_extratrees_p1_20260529_183134,P2_mg_presence,MG Presence,8,1020,1420.0,0
shap_feature_selection_extratrees_p1_20260529_183134,P2_mg_presence,MG Presence,8,1021,1421.0,0
shap_feature_selection_extratrees_p1_20260529_183134,P2_mg_presence,MG Presence,8,1022,1422.0,0
shap_feature_selection_extratrees_p1_20260529_183134,P2_mg_presence,MG Presence,8,1023,1423.0,0
shap_feature_selection_extratrees_p1_20260529_183134,P2_mg_presence,MG Presence,8,1024,1424.0,0
shap_feature_selection_extratrees_p1_20260529_183134,P2_mg_presence,MG Presence,8,1025,1425.0,0
shap_feature_selection_extratrees_p1_20260529_183134,P2_mg_presence,MG Presence,8,1026,1426.0,0
shap_feature_selection_extratrees_p1_20260529_183134,P2_mg_presence,MG Presence,8,1027,1427.0,0
shap_feature_selection_extratrees_p1_20260529_183134,P2_mg_presence,MG Presence,8,1028,1428.0,1
shap_feature_selection_extratrees_p1_20260529_183134,P2_mg_presence,MG Presence,8,1029,1429.0,0
shap_feature_selection_extratrees_p1_20260529_183134,P2_mg_presence,MG Presence,8,1030,1430.0,0
shap_feature_selection_extratrees_p1_20260529_183134,P2_mg_presence,MG Presence,8,1031,1431.0,0
shap_feature_selection_extratrees_p1_20260529_183134,P2_mg_presence,MG Presence,8,1032,1432.0,0
shap_feature_selection_extratrees_p1_20260529_183134,P2_mg_presence,MG Presence,8,1033,1433.0,0
shap_feature_selection_extratrees_p1_20260529_183134,P2_mg_presence,MG Presence,8,1034,1434.0,0
shap_feature_selection_extratrees_p1_20260529_183134,P2_mg_presence,MG Presence,8,1035,1435.0,0
shap_feature_selection_extratrees_p1_20260529_183134,P2_mg_presence,MG Presence,8,1036,1436.0,0
shap_feature_selection_extratrees_p1_20260529_183134,P2_mg_presence,MG Presence,8,1037,1437.0,0
shap_feature_selection_extratrees_p1_20260529_183134,P2_mg_presence,MG Presence,8,1038,1438.0,0
shap_feature_selection_extratrees_p1_20260529_183134,P2_mg_presence,MG Presence,8,1039,1439.0,0
shap_feature_selection_extratrees_p1_20260529_183134,P2_mg_presence,MG Presence,8,1040,1440.0,0
shap_feature_selection_extratrees_p1_20260529_183134,P2_mg_presence,MG Presence,8,1041,1441.0,0
shap_feature_selection_extratrees_p1_20260529_183134,P2_mg_presence,MG Presence,8,1042,1442.0,0
shap_feature_selection_extratrees_p1_20260529_183134,P2_mg_presence,MG Presence,8,1043,1443.0,0
shap_feature_selection_extratrees_p1_20260529_183134,P2_mg_presence,MG Presence,8,1044,1444.0,0
shap_feature_selection_extratrees_p1_20260529_183134,P2_mg_presence,MG Presence,8,1045,1445.0,0
shap_feature_selection_extratrees_p1_20260529_183134,P2_mg_presence,MG Presence,8,1046,1446.0,0
shap_feature_selection_extratrees_p1_20260529_183134,P2_mg_presence,MG Presence,8,1047,1447.0,0
shap_feature_selection_extratrees_p1_20260529_183134,P2_mg_presence,MG Presence,8,1048,1448.0,0
shap_feature_selection_extratrees_p1_20260529_183134,P2_mg_presence,MG Presence,8,1049,1449.0,0
shap_feature_selection_extratrees_p1_20260529_183134,P2_mg_presence,MG Presence,8,1050,1450.0,0
shap_feature_selection_extratrees_p1_20260529_183134,P2_mg_presence,MG Presence,8,1051,1451.0,0
shap_feature_selection_extratrees_p1_20260529_183134,P2_mg_presence,MG Presence,8,1052,1452.0,0
shap_feature_selection_extratrees_p1_20260529_183134,P2_mg_presence,MG Presence,8,1053,1453.0,0
shap_feature_selection_extratrees_p1_20260529_183134,P2_mg_presence,MG Presence,8,1054,1454.0,0
shap_feature_selection_extratrees_p1_20260529_183134,P2_mg_presence,MG Presence,8,1055,1455.0,0
shap_feature_selection_extratrees_p1_20260529_183134,P2_mg_presence,MG Presence,8,1056,1456.0,0
shap_feature_selection_extratrees_p1_20260529_183134,P2_mg_presence,MG Presence,8,1057,1457.0,0
shap_feature_selection_extratrees_p1_20260529_183134,P2_mg_presence,MG Presence,8,1058,1458.0,0
shap_feature_selection_extratrees_p1_20260529_183134,P2_mg_presence,MG Presence,8,1059,1459.0,0
shap_feature_selection_extratrees_p1_20260529_183134,P2_mg_presence,MG Presence,8,1060,1460.0,0
shap_feature_selection_extratrees_p1_20260529_183134,P2_mg_presence,MG Presence,8,1061,1461.0,0
shap_feature_selection_extratrees_p1_20260529_183134,P2_mg_presence,MG Presence,8,1062,1462.0,0
shap_feature_selection_extratrees_p1_20260529_183134,P2_mg_presence,MG Presence,8,1063,1463.0,0
shap_feature_selection_extratrees_p1_20260529_183134,P2_mg_presence,MG Presence,8,1064,1464.0,0
shap_feature_selection_extratrees_p1_20260529_183134,P2_mg_presence,MG Presence,8,1065,1465.0,0
shap_feature_selection_extratrees_p1_20260529_183134,P2_mg_presence,MG Presence,8,1066,1466.0,0
shap_feature_selection_extratrees_p1_20260529_183134,P2_mg_presence,MG Presence,8,1067,1467.0,0
shap_feature_selection_extratrees_p1_20260529_183134,P2_mg_presence,MG Presence,8,1068,1468.0,0
shap_feature_selection_extratrees_p1_20260529_183134,P2_mg_presence,MG Presence,8,1069,1469.0,0
shap_feature_selection_extratrees_p1_20260529_183134,P2_mg_presence,MG Presence,8,1070,1470.0,0
shap_feature_selection_extratrees_p1_20260529_183134,P2_mg_presence,MG Presence,8,1071,1471.0,0
shap_feature_selection_extratrees_p1_20260529_183134,P2_mg_presence,MG Presence,8,1072,1472.0,0
shap_feature_selection_extratrees_p1_20260529_183134,P2_mg_presence,MG Presence,8,1073,1473.0,0
shap_feature_selection_extratrees_p1_20260529_183134,P2_mg_presence,MG Presence,8,1074,1474.0,0
shap_feature_selection_extratrees_p1_20260529_183134,P2_mg_presence,MG Presence,8,1075,1475.0,0
shap_feature_selection_extratrees_p1_20260529_183134,P2_mg_presence,MG Presence,8,1076,1476.0,0
shap_feature_selection_extratrees_p1_20260529_183134,P2_mg_presence,MG Presence,8,1077,1477.0,0
shap_feature_selection_extratrees_p1_20260529_183134,P2_mg_presence,MG Presence,8,1078,1478.0,0
shap_feature_selection_extratrees_p1_20260529_183134,P2_mg_presence,MG Presence,8,1079,1479.0,0
shap_feature_selection_extratrees_p1_20260529_183134,P2_mg_presence,MG Presence,8,1080,1480.0,0
shap_feature_selection_extratrees_p1_20260529_183134,P2_mg_presence,MG Presence,8,1081,1481.0,0
shap_feature_selection_extratrees_p1_20260529_183134,P2_mg_presence,MG Presence,8,1082,1482.0,0
shap_feature_selection_extratrees_p1_20260529_183134,P2_mg_presence,MG Presence,8,1083,1483.0,0
shap_feature_selection_extratrees_p1_20260529_183134,P2_mg_presence,MG Presence,8,1084,1484.0,0
shap_feature_selection_extratrees_p1_20260529_183134,P2_mg_presence,MG Presence,8,1085,1485.0,0
shap_feature_selection_extratrees_p1_20260529_183134,P2_mg_presence,MG Presence,8,1086,1486.0,0
shap_feature_selection_extratrees_p1_20260529_183134,P2_mg_presence,MG Presence,8,1087,1487.0,0
shap_feature_selection_extratrees_p1_20260529_183134,P2_mg_presence,MG Presence,8,1088,1488.0,0
shap_feature_selection_extratrees_p1_20260529_183134,P2_mg_presence,MG Presence,8,1089,1489.0,0
shap_feature_selection_extratrees_p1_20260529_183134,P2_mg_presence,MG Presence,8,1090,1490.0,0
shap_feature_selection_extratrees_p1_20260529_183134,P2_mg_presence,MG Presence,8,1091,1491.0,0
shap_feature_selection_extratrees_p1_20260529_183134,P2_mg_presence,MG Presence,8,1092,1492.0,0
shap_feature_selection_extratrees_p1_20260529_183134,P2_mg_presence,MG Presence,8,1093,1493.0,0
shap_feature_selection_extratrees_p1_20260529_183134,P2_mg_presence,MG Presence,8,1094,1494.0,0
shap_feature_selection_extratrees_p1_20260529_183134,P2_mg_presence,MG Presence,8,1095,1495.0,0
shap_feature_selection_extratrees_p1_20260529_183134,P2_mg_presence,MG Presence,8,1096,1496.0,0
shap_feature_selection_extratrees_p1_20260529_183134,P2_mg_presence,MG Presence,8,1097,1497.0,0
shap_feature_selection_extratrees_p1_20260529_183134,P2_mg_presence,MG Presence,8,1098,1498.0,0
shap_feature_selection_extratrees_p1_20260529_183134,P2_mg_presence,MG Presence,8,1099,1499.0,0
shap_feature_selection_extratrees_p1_20260529_183134,P2_mg_presence,MG Presence,8,1100,1500.0,0
shap_feature_selection_extratrees_p1_20260529_183134,P2_mg_presence,MG Presence,8,1101,1501.0,0
shap_feature_selection_extratrees_p1_20260529_183134,P2_mg_presence,MG Presence,8,1102,1502.0,0
shap_feature_selection_extratrees_p1_20260529_183134,P2_mg_presence,MG Presence,8,1103,1503.0,0
shap_feature_selection_extratrees_p1_20260529_183134,P2_mg_presence,MG Presence,8,1104,1504.0,0
shap_feature_selection_extratrees_p1_20260529_183134,P2_mg_presence,MG Presence,8,1105,1505.0,0
shap_feature_selection_extratrees_p1_20260529_183134,P2_mg_presence,MG Presence,8,1106,1506.0,1
shap_feature_selection_extratrees_p1_20260529_183134,P2_mg_presence,MG Presence,8,1107,1507.0,0
shap_feature_selection_extratrees_p1_20260529_183134,P2_mg_presence,MG Presence,8,1108,1508.0,0
shap_feature_selection_extratrees_p1_20260529_183134,P2_mg_presence,MG Presence,8,1109,1509.0,0
shap_feature_selection_extratrees_p1_20260529_183134,P2_mg_presence,MG Presence,8,1110,1510.0,0
shap_feature_selection_extratrees_p1_20260529_183134,P2_mg_presence,MG Presence,8,1111,1511.0,0
shap_feature_selection_extratrees_p1_20260529_183134,P2_mg_presence,MG Presence,8,1112,1512.0,0
shap_feature_selection_extratrees_p1_20260529_183134,P2_mg_presence,MG Presence,8,1113,1513.0,0
shap_feature_selection_extratrees_p1_20260529_183134,P2_mg_presence,MG Presence,8,1114,1514.0,0
shap_feature_selection_extratrees_p1_20260529_183134,P2_mg_presence,MG Presence,8,1115,1515.0,0
shap_feature_selection_extratrees_p1_20260529_183134,P2_mg_presence,MG Presence,8,1116,1516.0,0
shap_feature_selection_extratrees_p1_20260529_183134,P2_mg_presence,MG Presence,8,1117,1517.0,0
shap_feature_selection_extratrees_p1_20260529_183134,P2_mg_presence,MG Presence,8,1118,1518.0,0
shap_feature_selection_extratrees_p1_20260529_183134,P2_mg_presence,MG Presence,8,1119,1519.0,0
shap_feature_selection_extratrees_p1_20260529_183134,P2_mg_presence,MG Presence,8,1120,1520.0,0
shap_feature_selection_extratrees_p1_20260529_183134,P2_mg_presence,MG Presence,8,1121,1521.0,0
shap_feature_selection_extratrees_p1_20260529_183134,P2_mg_presence,MG Presence,8,1122,1522.0,1
shap_feature_selection_extratrees_p1_20260529_183134,P2_mg_presence,MG Presence,8,1123,1523.0,0
shap_feature_selection_extratrees_p1_20260529_183134,P2_mg_presence,MG Presence,8,1124,1524.0,0
shap_feature_selection_extratrees_p1_20260529_183134,P2_mg_presence,MG Presence,8,1125,1525.0,0
shap_feature_selection_extratrees_p1_20260529_183134,P2_mg_presence,MG Presence,8,1126,1526.0,0
shap_feature_selection_extratrees_p1_20260529_183134,P2_mg_presence,MG Presence,8,1127,1527.0,0
shap_feature_selection_extratrees_p1_20260529_183134,P2_mg_presence,MG Presence,8,1128,1528.0,0
shap_feature_selection_extratrees_p1_20260529_183134,P2_mg_presence,MG Presence,8,1129,1529.0,0
shap_feature_selection_extratrees_p1_20260529_183134,P2_mg_presence,MG Presence,8,1130,1530.0,0
shap_feature_selection_extratrees_p1_20260529_183134,P2_mg_presence,MG Presence,8,1131,1531.0,0
shap_feature_selection_extratrees_p1_20260529_183134,P2_mg_presence,MG Presence,8,1132,1532.0,0
shap_feature_selection_extratrees_p1_20260529_183134,P2_mg_presence,MG Presence,8,1133,1533.0,0
shap_feature_selection_extratrees_p1_20260529_183134,P2_mg_presence,MG Presence,8,1134,1534.0,0
shap_feature_selection_extratrees_p1_20260529_183134,P2_mg_presence,MG Presence,8,1135,1535.0,0
shap_feature_selection_extratrees_p1_20260529_183134,P2_mg_presence,MG Presence,8,1136,1536.0,0
shap_feature_selection_extratrees_p1_20260529_183134,P2_mg_presence,MG Presence,8,1137,1537.0,0
shap_feature_selection_extratrees_p1_20260529_183134,P2_mg_presence,MG Presence,8,1138,1538.0,0
shap_feature_selection_extratrees_p1_20260529_183134,P2_mg_presence,MG Presence,8,1139,1539.0,0
shap_feature_selection_extratrees_p1_20260529_183134,P2_mg_presence,MG Presence,8,1140,1540.0,0
shap_feature_selection_extratrees_p1_20260529_183134,P2_mg_presence,MG Presence,8,1141,1541.0,0
shap_feature_selection_extratrees_p1_20260529_183134,P2_mg_presence,MG Presence,8,1142,1542.0,0
shap_feature_selection_extratrees_p1_20260529_183134,P2_mg_presence,MG Presence,8,1143,1543.0,0
shap_feature_selection_extratrees_p1_20260529_183134,P2_mg_presence,MG Presence,8,1144,1544.0,0
shap_feature_selection_extratrees_p1_20260529_183134,P2_mg_presence,MG Presence,8,1145,1545.0,0
shap_feature_selection_extratrees_p1_20260529_183134,P2_mg_presence,MG Presence,8,1146,1546.0,0
shap_feature_selection_extratrees_p1_20260529_183134,P2_mg_presence,MG Presence,8,1147,1547.0,0
shap_feature_selection_extratrees_p1_20260529_183134,P2_mg_presence,MG Presence,8,1148,1548.0,0
shap_feature_selection_extratrees_p1_20260529_183134,P2_mg_presence,MG Presence,8,1149,1549.0,0
shap_feature_selection_extratrees_p1_20260529_183134,P2_mg_presence,MG Presence,8,1150,1550.0,0
shap_feature_selection_extratrees_p1_20260529_183134,P2_mg_presence,MG Presence,8,1151,1551.0,0
shap_feature_selection_extratrees_p1_20260529_183134,P2_mg_presence,MG Presence,8,1152,1552.0,0
shap_feature_selection_extratrees_p1_20260529_183134,P2_mg_presence,MG Presence,8,1153,1553.0,0
shap_feature_selection_extratrees_p1_20260529_183134,P2_mg_presence,MG Presence,8,1154,1554.0,0
shap_feature_selection_extratrees_p1_20260529_183134,P2_mg_presence,MG Presence,8,1155,1555.0,0
shap_feature_selection_extratrees_p1_20260529_183134,P2_mg_presence,MG Presence,8,1156,1556.0,0
shap_feature_selection_extratrees_p1_20260529_183134,P2_mg_presence,MG Presence,8,1157,1557.0,0
shap_feature_selection_extratrees_p1_20260529_183134,P2_mg_presence,MG Presence,8,1158,1558.0,0
shap_feature_selection_extratrees_p1_20260529_183134,P2_mg_presence,MG Presence,8,1159,1559.0,0
shap_feature_selection_extratrees_p1_20260529_183134,P2_mg_presence,MG Presence,8,1160,1560.0,0
shap_feature_selection_extratrees_p1_20260529_183134,P2_mg_presence,MG Presence,8,1161,1561.0,0
shap_feature_selection_extratrees_p1_20260529_183134,P2_mg_presence,MG Presence,8,1162,1562.0,0
shap_feature_selection_extratrees_p1_20260529_183134,P2_mg_presence,MG Presence,8,1163,1563.0,0
shap_feature_selection_extratrees_p1_20260529_183134,P2_mg_presence,MG Presence,8,1164,1564.0,0
shap_feature_selection_extratrees_p1_20260529_183134,P2_mg_presence,MG Presence,8,1165,1565.0,0
shap_feature_selection_extratrees_p1_20260529_183134,P2_mg_presence,MG Presence,8,1166,1566.0,0
shap_feature_selection_extratrees_p1_20260529_183134,P2_mg_presence,MG Presence,8,1167,1567.0,0
shap_feature_selection_extratrees_p1_20260529_183134,P2_mg_presence,MG Presence,8,1168,1568.0,0
shap_feature_selection_extratrees_p1_20260529_183134,P2_mg_presence,MG Presence,8,1169,1569.0,0
shap_feature_selection_extratrees_p1_20260529_183134,P2_mg_presence,MG Presence,8,1170,1570.0,0
shap_feature_selection_extratrees_p1_20260529_183134,P2_mg_presence,MG Presence,8,1171,1571.0,0
shap_feature_selection_extratrees_p1_20260529_183134,P2_mg_presence,MG Presence,8,1172,1572.0,0
shap_feature_selection_extratrees_p1_20260529_183134,P2_mg_presence,MG Presence,8,1173,1573.0,0
shap_feature_selection_extratrees_p1_20260529_183134,P2_mg_presence,MG Presence,8,1174,1574.0,0
shap_feature_selection_extratrees_p1_20260529_183134,P2_mg_presence,MG Presence,8,1175,1575.0,0
shap_feature_selection_extratrees_p1_20260529_183134,P2_mg_presence,MG Presence,8,1176,1576.0,0
shap_feature_selection_extratrees_p1_20260529_183134,P2_mg_presence,MG Presence,8,1177,1577.0,0
shap_feature_selection_extratrees_p1_20260529_183134,P2_mg_presence,MG Presence,8,1178,1578.0,0
shap_feature_selection_extratrees_p1_20260529_183134,P2_mg_presence,MG Presence,8,1179,1579.0,0
shap_feature_selection_extratrees_p1_20260529_183134,P2_mg_presence,MG Presence,8,1180,1580.0,0
shap_feature_selection_extratrees_p1_20260529_183134,P2_mg_presence,MG Presence,8,1181,1581.0,0
shap_feature_selection_extratrees_p1_20260529_183134,P2_mg_presence,MG Presence,8,1182,1582.0,0
shap_feature_selection_extratrees_p1_20260529_183134,P2_mg_presence,MG Presence,8,1183,1583.0,0
shap_feature_selection_extratrees_p1_20260529_183134,P2_mg_presence,MG Presence,8,1184,1584.0,0
shap_feature_selection_extratrees_p1_20260529_183134,P2_mg_presence,MG Presence,8,1185,1585.0,0
shap_feature_selection_extratrees_p1_20260529_183134,P2_mg_presence,MG Presence,8,1186,1586.0,0
shap_feature_selection_extratrees_p1_20260529_183134,P2_mg_presence,MG Presence,8,1187,1587.0,0
shap_feature_selection_extratrees_p1_20260529_183134,P2_mg_presence,MG Presence,8,1188,1588.0,0
shap_feature_selection_extratrees_p1_20260529_183134,P2_mg_presence,MG Presence,8,1189,1589.0,0
shap_feature_selection_extratrees_p1_20260529_183134,P2_mg_presence,MG Presence,8,1190,1590.0,0
shap_feature_selection_extratrees_p1_20260529_183134,P2_mg_presence,MG Presence,8,1191,1591.0,0
shap_feature_selection_extratrees_p1_20260529_183134,P2_mg_presence,MG Presence,8,1192,1592.0,0
shap_feature_selection_extratrees_p1_20260529_183134,P2_mg_presence,MG Presence,8,1193,1593.0,0
shap_feature_selection_extratrees_p1_20260529_183134,P2_mg_presence,MG Presence,8,1194,1594.0,0
shap_feature_selection_extratrees_p1_20260529_183134,P2_mg_presence,MG Presence,8,1195,1595.0,0
shap_feature_selection_extratrees_p1_20260529_183134,P2_mg_presence,MG Presence,8,1196,1596.0,0
shap_feature_selection_extratrees_p1_20260529_183134,P2_mg_presence,MG Presence,8,1197,1597.0,0
shap_feature_selection_extratrees_p1_20260529_183134,P2_mg_presence,MG Presence,8,1198,1598.0,0
shap_feature_selection_extratrees_p1_20260529_183134,P2_mg_presence,MG Presence,8,1199,1599.0,0
shap_feature_selection_extratrees_p1_20260529_183134,P2_mg_presence,MG Presence,8,1200,1600.0,0
shap_feature_selection_extratrees_p1_20260529_183134,P2_mg_presence,MG Presence,8,1201,1601.0,0
shap_feature_selection_extratrees_p1_20260529_183134,P2_mg_presence,MG Presence,8,1202,1602.0,0
shap_feature_selection_extratrees_p1_20260529_183134,P2_mg_presence,MG Presence,8,1203,1603.0,1
shap_feature_selection_extratrees_p1_20260529_183134,P2_mg_presence,MG Presence,8,1204,1604.0,1
shap_feature_selection_extratrees_p1_20260529_183134,P2_mg_presence,MG Presence,8,1205,1605.0,1
shap_feature_selection_extratrees_p1_20260529_183134,P2_mg_presence,MG Presence,8,1206,1606.0,1
shap_feature_selection_extratrees_p1_20260529_183134,P2_mg_presence,MG Presence,8,1207,1607.0,1
shap_feature_selection_extratrees_p1_20260529_183134,P2_mg_presence,MG Presence,8,1208,1608.0,1
shap_feature_selection_extratrees_p1_20260529_183134,P2_mg_presence,MG Presence,8,1209,1609.0,1
shap_feature_selection_extratrees_p1_20260529_183134,P2_mg_presence,MG Presence,8,1210,1610.0,1
shap_feature_selection_extratrees_p1_20260529_183134,P2_mg_presence,MG Presence,8,1211,1611.0,1
shap_feature_selection_extratrees_p1_20260529_183134,P2_mg_presence,MG Presence,8,1212,1612.0,1
shap_feature_selection_extratrees_p1_20260529_183134,P2_mg_presence,MG Presence,8,1213,1613.0,1
shap_feature_selection_extratrees_p1_20260529_183134,P2_mg_presence,MG Presence,8,1214,1614.0,1
shap_feature_selection_extratrees_p1_20260529_183134,P2_mg_presence,MG Presence,8,1215,1615.0,1
shap_feature_selection_extratrees_p1_20260529_183134,P2_mg_presence,MG Presence,8,1216,1616.0,1
shap_feature_selection_extratrees_p1_20260529_183134,P2_mg_presence,MG Presence,8,1217,1617.0,1
shap_feature_selection_extratrees_p1_20260529_183134,P2_mg_presence,MG Presence,8,1218,1618.0,1
shap_feature_selection_extratrees_p1_20260529_183134,P2_mg_presence,MG Presence,8,1219,1619.0,1
shap_feature_selection_extratrees_p1_20260529_183134,P2_mg_presence,MG Presence,8,1220,1620.0,1
shap_feature_selection_extratrees_p1_20260529_183134,P2_mg_presence,MG Presence,8,1221,1621.0,1
shap_feature_selection_extratrees_p1_20260529_183134,P2_mg_presence,MG Presence,8,1222,1622.0,1
shap_feature_selection_extratrees_p1_20260529_183134,P2_mg_presence,MG Presence,8,1223,1623.0,1
shap_feature_selection_extratrees_p1_20260529_183134,P2_mg_presence,MG Presence,8,1224,1624.0,1
shap_feature_selection_extratrees_p1_20260529_183134,P2_mg_presence,MG Presence,8,1225,1625.0,1
shap_feature_selection_extratrees_p1_20260529_183134,P2_mg_presence,MG Presence,8,1226,1626.0,0
shap_feature_selection_extratrees_p1_20260529_183134,P2_mg_presence,MG Presence,8,1227,1627.0,0
shap_feature_selection_extratrees_p1_20260529_183134,P2_mg_presence,MG Presence,8,1228,1628.0,0
shap_feature_selection_extratrees_p1_20260529_183134,P2_mg_presence,MG Presence,8,1229,1629.0,0
shap_feature_selection_extratrees_p1_20260529_183134,P2_mg_presence,MG Presence,8,1230,1630.0,0
shap_feature_selection_extratrees_p1_20260529_183134,P2_mg_presence,MG Presence,8,1231,1631.0,0
shap_feature_selection_extratrees_p1_20260529_183134,P2_mg_presence,MG Presence,8,1232,1632.0,0
shap_feature_selection_extratrees_p1_20260529_183134,P2_mg_presence,MG Presence,8,1233,1633.0,0
shap_feature_selection_extratrees_p1_20260529_183134,P2_mg_presence,MG Presence,8,1234,1634.0,0
shap_feature_selection_extratrees_p1_20260529_183134,P2_mg_presence,MG Presence,8,1235,1635.0,0
shap_feature_selection_extratrees_p1_20260529_183134,P2_mg_presence,MG Presence,8,1236,1636.0,0
shap_feature_selection_extratrees_p1_20260529_183134,P2_mg_presence,MG Presence,8,1237,1637.0,0
shap_feature_selection_extratrees_p1_20260529_183134,P2_mg_presence,MG Presence,8,1238,1638.0,0
shap_feature_selection_extratrees_p1_20260529_183134,P2_mg_presence,MG Presence,8,1239,1639.0,0
shap_feature_selection_extratrees_p1_20260529_183134,P2_mg_presence,MG Presence,8,1240,1640.0,0
shap_feature_selection_extratrees_p1_20260529_183134,P2_mg_presence,MG Presence,8,1241,1641.0,0
shap_feature_selection_extratrees_p1_20260529_183134,P2_mg_presence,MG Presence,8,1242,1642.0,0
shap_feature_selection_extratrees_p1_20260529_183134,P2_mg_presence,MG Presence,8,1243,1643.0,0
shap_feature_selection_extratrees_p1_20260529_183134,P2_mg_presence,MG Presence,8,1244,1644.0,0
shap_feature_selection_extratrees_p1_20260529_183134,P2_mg_presence,MG Presence,8,1245,1645.0,0
shap_feature_selection_extratrees_p1_20260529_183134,P2_mg_presence,MG Presence,8,1246,1646.0,0
shap_feature_selection_extratrees_p1_20260529_183134,P2_mg_presence,MG Presence,8,1247,1647.0,0
shap_feature_selection_extratrees_p1_20260529_183134,P2_mg_presence,MG Presence,8,1248,1648.0,0
shap_feature_selection_extratrees_p1_20260529_183134,P2_mg_presence,MG Presence,8,1249,1649.0,0
shap_feature_selection_extratrees_p1_20260529_183134,P2_mg_presence,MG Presence,8,1250,1650.0,0
shap_feature_selection_extratrees_p1_20260529_183134,P2_mg_presence,MG Presence,8,1251,1651.0,0
shap_feature_selection_extratrees_p1_20260529_183134,P2_mg_presence,MG Presence,8,1252,1652.0,0
shap_feature_selection_extratrees_p1_20260529_183134,P2_mg_presence,MG Presence,8,1253,1653.0,0
shap_feature_selection_extratrees_p1_20260529_183134,P2_mg_presence,MG Presence,8,1254,1654.0,0
shap_feature_selection_extratrees_p1_20260529_183134,P2_mg_presence,MG Presence,8,1255,1655.0,0
shap_feature_selection_extratrees_p1_20260529_183134,P2_mg_presence,MG Presence,8,1256,1656.0,0
shap_feature_selection_extratrees_p1_20260529_183134,P2_mg_presence,MG Presence,8,1257,1657.0,0
shap_feature_selection_extratrees_p1_20260529_183134,P2_mg_presence,MG Presence,8,1258,1658.0,0
shap_feature_selection_extratrees_p1_20260529_183134,P2_mg_presence,MG Presence,8,1259,1659.0,0
shap_feature_selection_extratrees_p1_20260529_183134,P2_mg_presence,MG Presence,8,1260,1660.0,0
shap_feature_selection_extratrees_p1_20260529_183134,P2_mg_presence,MG Presence,8,1261,1661.0,0
shap_feature_selection_extratrees_p1_20260529_183134,P2_mg_presence,MG Presence,8,1262,1662.0,0
shap_feature_selection_extratrees_p1_20260529_183134,P2_mg_presence,MG Presence,8,1263,1663.0,0
shap_feature_selection_extratrees_p1_20260529_183134,P2_mg_presence,MG Presence,8,1264,1664.0,0
shap_feature_selection_extratrees_p1_20260529_183134,P2_mg_presence,MG Presence,8,1265,1665.0,0
shap_feature_selection_extratrees_p1_20260529_183134,P2_mg_presence,MG Presence,8,1266,1666.0,0
shap_feature_selection_extratrees_p1_20260529_183134,P2_mg_presence,MG Presence,8,1267,1667.0,0
shap_feature_selection_extratrees_p1_20260529_183134,P2_mg_presence,MG Presence,8,1268,1668.0,0
shap_feature_selection_extratrees_p1_20260529_183134,P2_mg_presence,MG Presence,8,1269,1669.0,0
shap_feature_selection_extratrees_p1_20260529_183134,P2_mg_presence,MG Presence,8,1270,1670.0,0
shap_feature_selection_extratrees_p1_20260529_183134,P2_mg_presence,MG Presence,8,1271,1671.0,0
shap_feature_selection_extratrees_p1_20260529_183134,P2_mg_presence,MG Presence,8,1272,1672.0,0
shap_feature_selection_extratrees_p1_20260529_183134,P2_mg_presence,MG Presence,8,1273,1673.0,0
shap_feature_selection_extratrees_p1_20260529_183134,P2_mg_presence,MG Presence,8,1274,1674.0,0
shap_feature_selection_extratrees_p1_20260529_183134,P2_mg_presence,MG Presence,8,1275,1675.0,0
shap_feature_selection_extratrees_p1_20260529_183134,P2_mg_presence,MG Presence,8,1276,1676.0,0
shap_feature_selection_extratrees_p1_20260529_183134,P2_mg_presence,MG Presence,8,1277,1677.0,0
shap_feature_selection_extratrees_p1_20260529_183134,P2_mg_presence,MG Presence,8,1278,1678.0,0
shap_feature_selection_extratrees_p1_20260529_183134,P2_mg_presence,MG Presence,8,1279,1679.0,0
shap_feature_selection_extratrees_p1_20260529_183134,P2_mg_presence,MG Presence,8,1280,1680.0,0
shap_feature_selection_extratrees_p1_20260529_183134,P2_mg_presence,MG Presence,8,1281,1681.0,0
shap_feature_selection_extratrees_p1_20260529_183134,P2_mg_presence,MG Presence,8,1282,1682.0,0
shap_feature_selection_extratrees_p1_20260529_183134,P2_mg_presence,MG Presence,8,1283,1683.0,0
shap_feature_selection_extratrees_p1_20260529_183134,P2_mg_presence,MG Presence,8,1284,1684.0,0
shap_feature_selection_extratrees_p1_20260529_183134,P2_mg_presence,MG Presence,8,1285,1685.0,0
shap_feature_selection_extratrees_p1_20260529_183134,P2_mg_presence,MG Presence,8,1286,1686.0,0
shap_feature_selection_extratrees_p1_20260529_183134,P2_mg_presence,MG Presence,8,1287,1687.0,0
shap_feature_selection_extratrees_p1_20260529_183134,P2_mg_presence,MG Presence,8,1288,1688.0,0
shap_feature_selection_extratrees_p1_20260529_183134,P2_mg_presence,MG Presence,8,1289,1689.0,1
shap_feature_selection_extratrees_p1_20260529_183134,P2_mg_presence,MG Presence,8,1290,1690.0,0
shap_feature_selection_extratrees_p1_20260529_183134,P2_mg_presence,MG Presence,8,1291,1691.0,0
shap_feature_selection_extratrees_p1_20260529_183134,P2_mg_presence,MG Presence,8,1292,1692.0,0
shap_feature_selection_extratrees_p1_20260529_183134,P2_mg_presence,MG Presence,8,1293,1693.0,0
shap_feature_selection_extratrees_p1_20260529_183134,P2_mg_presence,MG Presence,8,1294,1694.0,0
shap_feature_selection_extratrees_p1_20260529_183134,P2_mg_presence,MG Presence,8,1295,1695.0,0
shap_feature_selection_extratrees_p1_20260529_183134,P2_mg_presence,MG Presence,8,1296,1696.0,0
shap_feature_selection_extratrees_p1_20260529_183134,P2_mg_presence,MG Presence,8,1297,1697.0,0
shap_feature_selection_extratrees_p1_20260529_183134,P2_mg_presence,MG Presence,8,1298,1698.0,1
shap_feature_selection_extratrees_p1_20260529_183134,P2_mg_presence,MG Presence,8,1299,1699.0,0
shap_feature_selection_extratrees_p1_20260529_183134,P2_mg_presence,MG Presence,8,1300,1700.0,0
shap_feature_selection_extratrees_p1_20260529_183134,P2_mg_presence,MG Presence,8,1301,1701.0,0
shap_feature_selection_extratrees_p1_20260529_183134,P2_mg_presence,MG Presence,8,1302,1702.0,0
shap_feature_selection_extratrees_p1_20260529_183134,P2_mg_presence,MG Presence,8,1303,1703.0,0
shap_feature_selection_extratrees_p1_20260529_183134,P2_mg_presence,MG Presence,8,1304,1704.0,0
shap_feature_selection_extratrees_p1_20260529_183134,P2_mg_presence,MG Presence,8,1305,1705.0,0
shap_feature_selection_extratrees_p1_20260529_183134,P2_mg_presence,MG Presence,8,1306,1706.0,0
shap_feature_selection_extratrees_p1_20260529_183134,P2_mg_presence,MG Presence,8,1307,1707.0,0
shap_feature_selection_extratrees_p1_20260529_183134,P2_mg_presence,MG Presence,8,1308,1708.0,0
shap_feature_selection_extratrees_p1_20260529_183134,P2_mg_presence,MG Presence,8,1309,1709.0,0
shap_feature_selection_extratrees_p1_20260529_183134,P2_mg_presence,MG Presence,8,1310,1710.0,0
shap_feature_selection_extratrees_p1_20260529_183134,P2_mg_presence,MG Presence,8,1311,1711.0,0
shap_feature_selection_extratrees_p1_20260529_183134,P2_mg_presence,MG Presence,8,1312,1712.0,0
shap_feature_selection_extratrees_p1_20260529_183134,P2_mg_presence,MG Presence,8,1313,1713.0,0
shap_feature_selection_extratrees_p1_20260529_183134,P2_mg_presence,MG Presence,8,1314,1714.0,0
shap_feature_selection_extratrees_p1_20260529_183134,P2_mg_presence,MG Presence,8,1315,1715.0,0
shap_feature_selection_extratrees_p1_20260529_183134,P2_mg_presence,MG Presence,8,1316,1716.0,0
shap_feature_selection_extratrees_p1_20260529_183134,P2_mg_presence,MG Presence,8,1317,1717.0,0
shap_feature_selection_extratrees_p1_20260529_183134,P2_mg_presence,MG Presence,8,1318,1718.0,0
shap_feature_selection_extratrees_p1_20260529_183134,P2_mg_presence,MG Presence,8,1319,1719.0,0
shap_feature_selection_extratrees_p1_20260529_183134,P2_mg_presence,MG Presence,8,1320,1720.0,0
shap_feature_selection_extratrees_p1_20260529_183134,P2_mg_presence,MG Presence,8,1321,1721.0,0
shap_feature_selection_extratrees_p1_20260529_183134,P2_mg_presence,MG Presence,8,1322,1722.0,0
shap_feature_selection_extratrees_p1_20260529_183134,P2_mg_presence,MG Presence,8,1323,1723.0,0
shap_feature_selection_extratrees_p1_20260529_183134,P2_mg_presence,MG Presence,8,1324,1724.0,0
shap_feature_selection_extratrees_p1_20260529_183134,P2_mg_presence,MG Presence,8,1325,1725.0,0
shap_feature_selection_extratrees_p1_20260529_183134,P2_mg_presence,MG Presence,8,1326,1726.0,0
shap_feature_selection_extratrees_p1_20260529_183134,P2_mg_presence,MG Presence,8,1327,1727.0,0
shap_feature_selection_extratrees_p1_20260529_183134,P2_mg_presence,MG Presence,8,1328,1728.0,0
shap_feature_selection_extratrees_p1_20260529_183134,P2_mg_presence,MG Presence,8,1329,1729.0,0
shap_feature_selection_extratrees_p1_20260529_183134,P2_mg_presence,MG Presence,8,1330,1730.0,0
shap_feature_selection_extratrees_p1_20260529_183134,P2_mg_presence,MG Presence,8,1331,1731.0,0
shap_feature_selection_extratrees_p1_20260529_183134,P2_mg_presence,MG Presence,8,1332,1732.0,0
shap_feature_selection_extratrees_p1_20260529_183134,P2_mg_presence,MG Presence,8,1333,1733.0,0
shap_feature_selection_extratrees_p1_20260529_183134,P2_mg_presence,MG Presence,8,1334,1734.0,0
shap_feature_selection_extratrees_p1_20260529_183134,P2_mg_presence,MG Presence,8,1335,1735.0,0
shap_feature_selection_extratrees_p1_20260529_183134,P2_mg_presence,MG Presence,8,1336,1736.0,0
shap_feature_selection_extratrees_p1_20260529_183134,P2_mg_presence,MG Presence,8,1337,1737.0,0
shap_feature_selection_extratrees_p1_20260529_183134,P2_mg_presence,MG Presence,8,1338,1738.0,0
shap_feature_selection_extratrees_p1_20260529_183134,P2_mg_presence,MG Presence,8,1339,1739.0,0
shap_feature_selection_extratrees_p1_20260529_183134,P2_mg_presence,MG Presence,8,1340,1740.0,0
shap_feature_selection_extratrees_p1_20260529_183134,P2_mg_presence,MG Presence,8,1341,1741.0,0
shap_feature_selection_extratrees_p1_20260529_183134,P2_mg_presence,MG Presence,8,1342,1742.0,0
shap_feature_selection_extratrees_p1_20260529_183134,P2_mg_presence,MG Presence,8,1343,1743.0,0
shap_feature_selection_extratrees_p1_20260529_183134,P2_mg_presence,MG Presence,8,1344,1744.0,0
shap_feature_selection_extratrees_p1_20260529_183134,P2_mg_presence,MG Presence,8,1345,1745.0,0
shap_feature_selection_extratrees_p1_20260529_183134,P2_mg_presence,MG Presence,8,1346,1746.0,0
shap_feature_selection_extratrees_p1_20260529_183134,P2_mg_presence,MG Presence,8,1347,1747.0,0
shap_feature_selection_extratrees_p1_20260529_183134,P2_mg_presence,MG Presence,8,1348,1748.0,0
shap_feature_selection_extratrees_p1_20260529_183134,P2_mg_presence,MG Presence,8,1349,1749.0,0
shap_feature_selection_extratrees_p1_20260529_183134,P2_mg_presence,MG Presence,8,1350,1750.0,0
shap_feature_selection_extratrees_p1_20260529_183134,P2_mg_presence,MG Presence,8,1351,1751.0,0
shap_feature_selection_extratrees_p1_20260529_183134,P2_mg_presence,MG Presence,8,1352,1752.0,0
shap_feature_selection_extratrees_p1_20260529_183134,P2_mg_presence,MG Presence,8,1353,1753.0,0
shap_feature_selection_extratrees_p1_20260529_183134,P2_mg_presence,MG Presence,8,1354,1754.0,0
shap_feature_selection_extratrees_p1_20260529_183134,P2_mg_presence,MG Presence,8,1355,1755.0,0
shap_feature_selection_extratrees_p1_20260529_183134,P2_mg_presence,MG Presence,8,1356,1756.0,0
shap_feature_selection_extratrees_p1_20260529_183134,P2_mg_presence,MG Presence,8,1357,1757.0,0
shap_feature_selection_extratrees_p1_20260529_183134,P2_mg_presence,MG Presence,8,1358,1758.0,0
shap_feature_selection_extratrees_p1_20260529_183134,P2_mg_presence,MG Presence,8,1359,1759.0,0
shap_feature_selection_extratrees_p1_20260529_183134,P2_mg_presence,MG Presence,8,1360,1760.0,0
shap_feature_selection_extratrees_p1_20260529_183134,P2_mg_presence,MG Presence,8,1361,1761.0,0
shap_feature_selection_extratrees_p1_20260529_183134,P2_mg_presence,MG Presence,8,1362,1762.0,0
shap_feature_selection_extratrees_p1_20260529_183134,P2_mg_presence,MG Presence,8,1363,1763.0,0
shap_feature_selection_extratrees_p1_20260529_183134,P2_mg_presence,MG Presence,8,1364,1764.0,0
shap_feature_selection_extratrees_p1_20260529_183134,P2_mg_presence,MG Presence,8,1365,1765.0,0
shap_feature_selection_extratrees_p1_20260529_183134,P2_mg_presence,MG Presence,8,1366,1766.0,0
shap_feature_selection_extratrees_p1_20260529_183134,P2_mg_presence,MG Presence,8,1367,1767.0,0
shap_feature_selection_extratrees_p1_20260529_183134,P2_mg_presence,MG Presence,8,1368,1768.0,0
shap_feature_selection_extratrees_p1_20260529_183134,P2_mg_presence,MG Presence,8,1369,1769.0,0
shap_feature_selection_extratrees_p1_20260529_183134,P2_mg_presence,MG Presence,8,1370,1770.0,0
shap_feature_selection_extratrees_p1_20260529_183134,P2_mg_presence,MG Presence,8,1371,1771.0,0
shap_feature_selection_extratrees_p1_20260529_183134,P2_mg_presence,MG Presence,8,1372,1772.0,0
shap_feature_selection_extratrees_p1_20260529_183134,P2_mg_presence,MG Presence,8,1373,1773.0,0
shap_feature_selection_extratrees_p1_20260529_183134,P2_mg_presence,MG Presence,8,1374,1774.0,0
shap_feature_selection_extratrees_p1_20260529_183134,P2_mg_presence,MG Presence,8,1375,1775.0,0
shap_feature_selection_extratrees_p1_20260529_183134,P2_mg_presence,MG Presence,8,1376,1776.0,0
shap_feature_selection_extratrees_p1_20260529_183134,P2_mg_presence,MG Presence,8,1377,1777.0,0
shap_feature_selection_extratrees_p1_20260529_183134,P2_mg_presence,MG Presence,8,1378,1778.0,0
shap_feature_selection_extratrees_p1_20260529_183134,P2_mg_presence,MG Presence,8,1379,1779.0,0
shap_feature_selection_extratrees_p1_20260529_183134,P2_mg_presence,MG Presence,8,1380,1780.0,0
shap_feature_selection_extratrees_p1_20260529_183134,P2_mg_presence,MG Presence,8,1381,1781.0,0
shap_feature_selection_extratrees_p1_20260529_183134,P2_mg_presence,MG Presence,8,1382,1782.0,0
shap_feature_selection_extratrees_p1_20260529_183134,P2_mg_presence,MG Presence,8,1383,1783.0,0
shap_feature_selection_extratrees_p1_20260529_183134,P2_mg_presence,MG Presence,8,1384,1784.0,0
shap_feature_selection_extratrees_p1_20260529_183134,P2_mg_presence,MG Presence,8,1385,1785.0,0
shap_feature_selection_extratrees_p1_20260529_183134,P2_mg_presence,MG Presence,8,1386,1786.0,0
shap_feature_selection_extratrees_p1_20260529_183134,P2_mg_presence,MG Presence,8,1387,1787.0,0
shap_feature_selection_extratrees_p1_20260529_183134,P2_mg_presence,MG Presence,8,1388,1788.0,0
shap_feature_selection_extratrees_p1_20260529_183134,P2_mg_presence,MG Presence,8,1389,1789.0,0
shap_feature_selection_extratrees_p1_20260529_183134,P2_mg_presence,MG Presence,8,1390,1790.0,0
shap_feature_selection_extratrees_p1_20260529_183134,P2_mg_presence,MG Presence,8,1391,1791.0,0
shap_feature_selection_extratrees_p1_20260529_183134,P2_mg_presence,MG Presence,8,1392,1792.0,0
shap_feature_selection_extratrees_p1_20260529_183134,P2_mg_presence,MG Presence,8,1393,1793.0,0
shap_feature_selection_extratrees_p1_20260529_183134,P2_mg_presence,MG Presence,8,1394,1794.0,0
shap_feature_selection_extratrees_p1_20260529_183134,P2_mg_presence,MG Presence,8,1395,1795.0,0
shap_feature_selection_extratrees_p1_20260529_183134,P2_mg_presence,MG Presence,8,1396,1796.0,0
shap_feature_selection_extratrees_p1_20260529_183134,P2_mg_presence,MG Presence,8,1397,1797.0,0
shap_feature_selection_extratrees_p1_20260529_183134,P2_mg_presence,MG Presence,8,1398,1798.0,0
shap_feature_selection_extratrees_p1_20260529_183134,P2_mg_presence,MG Presence,8,1399,1799.0,0
shap_feature_selection_extratrees_p1_20260529_183134,P2_mg_presence,MG Presence,8,1400,1800.0,0
shap_feature_selection_extratrees_p1_20260529_183134,P3_mba_presence,MBA Presence,8,0,400.0,0
shap_feature_selection_extratrees_p1_20260529_183134,P3_mba_presence,MBA Presence,8,1,401.0,0
shap_feature_selection_extratrees_p1_20260529_183134,P3_mba_presence,MBA Presence,8,2,402.0,0
shap_feature_selection_extratrees_p1_20260529_183134,P3_mba_presence,MBA Presence,8,3,403.0,0
shap_feature_selection_extratrees_p1_20260529_183134,P3_mba_presence,MBA Presence,8,4,404.0,0
shap_feature_selection_extratrees_p1_20260529_183134,P3_mba_presence,MBA Presence,8,5,405.0,0
shap_feature_selection_extratrees_p1_20260529_183134,P3_mba_presence,MBA Presence,8,6,406.0,0
shap_feature_selection_extratrees_p1_20260529_183134,P3_mba_presence,MBA Presence,8,7,407.0,0
shap_feature_selection_extratrees_p1_20260529_183134,P3_mba_presence,MBA Presence,8,8,408.0,0
shap_feature_selection_extratrees_p1_20260529_183134,P3_mba_presence,MBA Presence,8,9,409.0,0
shap_feature_selection_extratrees_p1_20260529_183134,P3_mba_presence,MBA Presence,8,10,410.0,0
shap_feature_selection_extratrees_p1_20260529_183134,P3_mba_presence,MBA Presence,8,11,411.0,0
shap_feature_selection_extratrees_p1_20260529_183134,P3_mba_presence,MBA Presence,8,12,412.0,0
shap_feature_selection_extratrees_p1_20260529_183134,P3_mba_presence,MBA Presence,8,13,413.0,0
shap_feature_selection_extratrees_p1_20260529_183134,P3_mba_presence,MBA Presence,8,14,414.0,0
shap_feature_selection_extratrees_p1_20260529_183134,P3_mba_presence,MBA Presence,8,15,415.0,0
shap_feature_selection_extratrees_p1_20260529_183134,P3_mba_presence,MBA Presence,8,16,416.0,0
shap_feature_selection_extratrees_p1_20260529_183134,P3_mba_presence,MBA Presence,8,17,417.0,0
shap_feature_selection_extratrees_p1_20260529_183134,P3_mba_presence,MBA Presence,8,18,418.0,0
shap_feature_selection_extratrees_p1_20260529_183134,P3_mba_presence,MBA Presence,8,19,419.0,0
shap_feature_selection_extratrees_p1_20260529_183134,P3_mba_presence,MBA Presence,8,20,420.0,0
shap_feature_selection_extratrees_p1_20260529_183134,P3_mba_presence,MBA Presence,8,21,421.0,0
shap_feature_selection_extratrees_p1_20260529_183134,P3_mba_presence,MBA Presence,8,22,422.0,0
shap_feature_selection_extratrees_p1_20260529_183134,P3_mba_presence,MBA Presence,8,23,423.0,0
shap_feature_selection_extratrees_p1_20260529_183134,P3_mba_presence,MBA Presence,8,24,424.0,0
shap_feature_selection_extratrees_p1_20260529_183134,P3_mba_presence,MBA Presence,8,25,425.0,0
shap_feature_selection_extratrees_p1_20260529_183134,P3_mba_presence,MBA Presence,8,26,426.0,0
shap_feature_selection_extratrees_p1_20260529_183134,P3_mba_presence,MBA Presence,8,27,427.0,0
shap_feature_selection_extratrees_p1_20260529_183134,P3_mba_presence,MBA Presence,8,28,428.0,0
shap_feature_selection_extratrees_p1_20260529_183134,P3_mba_presence,MBA Presence,8,29,429.0,0
shap_feature_selection_extratrees_p1_20260529_183134,P3_mba_presence,MBA Presence,8,30,430.0,0
shap_feature_selection_extratrees_p1_20260529_183134,P3_mba_presence,MBA Presence,8,31,431.0,0
shap_feature_selection_extratrees_p1_20260529_183134,P3_mba_presence,MBA Presence,8,32,432.0,0
shap_feature_selection_extratrees_p1_20260529_183134,P3_mba_presence,MBA Presence,8,33,433.0,0
shap_feature_selection_extratrees_p1_20260529_183134,P3_mba_presence,MBA Presence,8,34,434.0,0
shap_feature_selection_extratrees_p1_20260529_183134,P3_mba_presence,MBA Presence,8,35,435.0,0
shap_feature_selection_extratrees_p1_20260529_183134,P3_mba_presence,MBA Presence,8,36,436.0,0
shap_feature_selection_extratrees_p1_20260529_183134,P3_mba_presence,MBA Presence,8,37,437.0,0
shap_feature_selection_extratrees_p1_20260529_183134,P3_mba_presence,MBA Presence,8,38,438.0,0
shap_feature_selection_extratrees_p1_20260529_183134,P3_mba_presence,MBA Presence,8,39,439.0,0
shap_feature_selection_extratrees_p1_20260529_183134,P3_mba_presence,MBA Presence,8,40,440.0,0
shap_feature_selection_extratrees_p1_20260529_183134,P3_mba_presence,MBA Presence,8,41,441.0,0
shap_feature_selection_extratrees_p1_20260529_183134,P3_mba_presence,MBA Presence,8,42,442.0,0
shap_feature_selection_extratrees_p1_20260529_183134,P3_mba_presence,MBA Presence,8,43,443.0,1
shap_feature_selection_extratrees_p1_20260529_183134,P3_mba_presence,MBA Presence,8,44,444.0,1
shap_feature_selection_extratrees_p1_20260529_183134,P3_mba_presence,MBA Presence,8,45,445.0,0
shap_feature_selection_extratrees_p1_20260529_183134,P3_mba_presence,MBA Presence,8,46,446.0,0
shap_feature_selection_extratrees_p1_20260529_183134,P3_mba_presence,MBA Presence,8,47,447.0,1
shap_feature_selection_extratrees_p1_20260529_183134,P3_mba_presence,MBA Presence,8,48,448.0,1
shap_feature_selection_extratrees_p1_20260529_183134,P3_mba_presence,MBA Presence,8,49,449.0,1
shap_feature_selection_extratrees_p1_20260529_183134,P3_mba_presence,MBA Presence,8,50,450.0,0
shap_feature_selection_extratrees_p1_20260529_183134,P3_mba_presence,MBA Presence,8,51,451.0,1
shap_feature_selection_extratrees_p1_20260529_183134,P3_mba_presence,MBA Presence,8,52,452.0,0
shap_feature_selection_extratrees_p1_20260529_183134,P3_mba_presence,MBA Presence,8,53,453.0,1
shap_feature_selection_extratrees_p1_20260529_183134,P3_mba_presence,MBA Presence,8,54,454.0,1
shap_feature_selection_extratrees_p1_20260529_183134,P3_mba_presence,MBA Presence,8,55,455.0,0
shap_feature_selection_extratrees_p1_20260529_183134,P3_mba_presence,MBA Presence,8,56,456.0,1
shap_feature_selection_extratrees_p1_20260529_183134,P3_mba_presence,MBA Presence,8,57,457.0,0
shap_feature_selection_extratrees_p1_20260529_183134,P3_mba_presence,MBA Presence,8,58,458.0,1
shap_feature_selection_extratrees_p1_20260529_183134,P3_mba_presence,MBA Presence,8,59,459.0,1
shap_feature_selection_extratrees_p1_20260529_183134,P3_mba_presence,MBA Presence,8,60,460.0,1
shap_feature_selection_extratrees_p1_20260529_183134,P3_mba_presence,MBA Presence,8,61,461.0,1
shap_feature_selection_extratrees_p1_20260529_183134,P3_mba_presence,MBA Presence,8,62,462.0,0
shap_feature_selection_extratrees_p1_20260529_183134,P3_mba_presence,MBA Presence,8,63,463.0,0
shap_feature_selection_extratrees_p1_20260529_183134,P3_mba_presence,MBA Presence,8,64,464.0,0
shap_feature_selection_extratrees_p1_20260529_183134,P3_mba_presence,MBA Presence,8,65,465.0,0
shap_feature_selection_extratrees_p1_20260529_183134,P3_mba_presence,MBA Presence,8,66,466.0,0
shap_feature_selection_extratrees_p1_20260529_183134,P3_mba_presence,MBA Presence,8,67,467.0,0
shap_feature_selection_extratrees_p1_20260529_183134,P3_mba_presence,MBA Presence,8,68,468.0,0
shap_feature_selection_extratrees_p1_20260529_183134,P3_mba_presence,MBA Presence,8,69,469.0,0
shap_feature_selection_extratrees_p1_20260529_183134,P3_mba_presence,MBA Presence,8,70,470.0,0
shap_feature_selection_extratrees_p1_20260529_183134,P3_mba_presence,MBA Presence,8,71,471.0,0
shap_feature_selection_extratrees_p1_20260529_183134,P3_mba_presence,MBA Presence,8,72,472.0,0
shap_feature_selection_extratrees_p1_20260529_183134,P3_mba_presence,MBA Presence,8,73,473.0,0
shap_feature_selection_extratrees_p1_20260529_183134,P3_mba_presence,MBA Presence,8,74,474.0,0
shap_feature_selection_extratrees_p1_20260529_183134,P3_mba_presence,MBA Presence,8,75,475.0,0
shap_feature_selection_extratrees_p1_20260529_183134,P3_mba_presence,MBA Presence,8,76,476.0,0
shap_feature_selection_extratrees_p1_20260529_183134,P3_mba_presence,MBA Presence,8,77,477.0,0
shap_feature_selection_extratrees_p1_20260529_183134,P3_mba_presence,MBA Presence,8,78,478.0,0
shap_feature_selection_extratrees_p1_20260529_183134,P3_mba_presence,MBA Presence,8,79,479.0,0
shap_feature_selection_extratrees_p1_20260529_183134,P3_mba_presence,MBA Presence,8,80,480.0,0
shap_feature_selection_extratrees_p1_20260529_183134,P3_mba_presence,MBA Presence,8,81,481.0,0
shap_feature_selection_extratrees_p1_20260529_183134,P3_mba_presence,MBA Presence,8,82,482.0,0
shap_feature_selection_extratrees_p1_20260529_183134,P3_mba_presence,MBA Presence,8,83,483.0,0
shap_feature_selection_extratrees_p1_20260529_183134,P3_mba_presence,MBA Presence,8,84,484.0,0
shap_feature_selection_extratrees_p1_20260529_183134,P3_mba_presence,MBA Presence,8,85,485.0,0
shap_feature_selection_extratrees_p1_20260529_183134,P3_mba_presence,MBA Presence,8,86,486.0,0
shap_feature_selection_extratrees_p1_20260529_183134,P3_mba_presence,MBA Presence,8,87,487.0,0
shap_feature_selection_extratrees_p1_20260529_183134,P3_mba_presence,MBA Presence,8,88,488.0,0
shap_feature_selection_extratrees_p1_20260529_183134,P3_mba_presence,MBA Presence,8,89,489.0,0
shap_feature_selection_extratrees_p1_20260529_183134,P3_mba_presence,MBA Presence,8,90,490.0,0
shap_feature_selection_extratrees_p1_20260529_183134,P3_mba_presence,MBA Presence,8,91,491.0,0
shap_feature_selection_extratrees_p1_20260529_183134,P3_mba_presence,MBA Presence,8,92,492.0,0
shap_feature_selection_extratrees_p1_20260529_183134,P3_mba_presence,MBA Presence,8,93,493.0,0
shap_feature_selection_extratrees_p1_20260529_183134,P3_mba_presence,MBA Presence,8,94,494.0,0
shap_feature_selection_extratrees_p1_20260529_183134,P3_mba_presence,MBA Presence,8,95,495.0,0
shap_feature_selection_extratrees_p1_20260529_183134,P3_mba_presence,MBA Presence,8,96,496.0,0
shap_feature_selection_extratrees_p1_20260529_183134,P3_mba_presence,MBA Presence,8,97,497.0,0
shap_feature_selection_extratrees_p1_20260529_183134,P3_mba_presence,MBA Presence,8,98,498.0,0
shap_feature_selection_extratrees_p1_20260529_183134,P3_mba_presence,MBA Presence,8,99,499.0,0
shap_feature_selection_extratrees_p1_20260529_183134,P3_mba_presence,MBA Presence,8,100,500.0,0
shap_feature_selection_extratrees_p1_20260529_183134,P3_mba_presence,MBA Presence,8,101,501.0,0
shap_feature_selection_extratrees_p1_20260529_183134,P3_mba_presence,MBA Presence,8,102,502.0,0
shap_feature_selection_extratrees_p1_20260529_183134,P3_mba_presence,MBA Presence,8,103,503.0,0
shap_feature_selection_extratrees_p1_20260529_183134,P3_mba_presence,MBA Presence,8,104,504.0,0
shap_feature_selection_extratrees_p1_20260529_183134,P3_mba_presence,MBA Presence,8,105,505.0,0
shap_feature_selection_extratrees_p1_20260529_183134,P3_mba_presence,MBA Presence,8,106,506.0,0
shap_feature_selection_extratrees_p1_20260529_183134,P3_mba_presence,MBA Presence,8,107,507.0,0
shap_feature_selection_extratrees_p1_20260529_183134,P3_mba_presence,MBA Presence,8,108,508.0,0
shap_feature_selection_extratrees_p1_20260529_183134,P3_mba_presence,MBA Presence,8,109,509.0,0
shap_feature_selection_extratrees_p1_20260529_183134,P3_mba_presence,MBA Presence,8,110,510.0,0
shap_feature_selection_extratrees_p1_20260529_183134,P3_mba_presence,MBA Presence,8,111,511.0,0
shap_feature_selection_extratrees_p1_20260529_183134,P3_mba_presence,MBA Presence,8,112,512.0,0
shap_feature_selection_extratrees_p1_20260529_183134,P3_mba_presence,MBA Presence,8,113,513.0,0
shap_feature_selection_extratrees_p1_20260529_183134,P3_mba_presence,MBA Presence,8,114,514.0,0
shap_feature_selection_extratrees_p1_20260529_183134,P3_mba_presence,MBA Presence,8,115,515.0,0
shap_feature_selection_extratrees_p1_20260529_183134,P3_mba_presence,MBA Presence,8,116,516.0,0
shap_feature_selection_extratrees_p1_20260529_183134,P3_mba_presence,MBA Presence,8,117,517.0,0
shap_feature_selection_extratrees_p1_20260529_183134,P3_mba_presence,MBA Presence,8,118,518.0,0
shap_feature_selection_extratrees_p1_20260529_183134,P3_mba_presence,MBA Presence,8,119,519.0,0
shap_feature_selection_extratrees_p1_20260529_183134,P3_mba_presence,MBA Presence,8,120,520.0,0
shap_feature_selection_extratrees_p1_20260529_183134,P3_mba_presence,MBA Presence,8,121,521.0,0
shap_feature_selection_extratrees_p1_20260529_183134,P3_mba_presence,MBA Presence,8,122,522.0,0
shap_feature_selection_extratrees_p1_20260529_183134,P3_mba_presence,MBA Presence,8,123,523.0,0
shap_feature_selection_extratrees_p1_20260529_183134,P3_mba_presence,MBA Presence,8,124,524.0,0
shap_feature_selection_extratrees_p1_20260529_183134,P3_mba_presence,MBA Presence,8,125,525.0,0
shap_feature_selection_extratrees_p1_20260529_183134,P3_mba_presence,MBA Presence,8,126,526.0,0
shap_feature_selection_extratrees_p1_20260529_183134,P3_mba_presence,MBA Presence,8,127,527.0,0
shap_feature_selection_extratrees_p1_20260529_183134,P3_mba_presence,MBA Presence,8,128,528.0,0
shap_feature_selection_extratrees_p1_20260529_183134,P3_mba_presence,MBA Presence,8,129,529.0,0
shap_feature_selection_extratrees_p1_20260529_183134,P3_mba_presence,MBA Presence,8,130,530.0,0
shap_feature_selection_extratrees_p1_20260529_183134,P3_mba_presence,MBA Presence,8,131,531.0,0
shap_feature_selection_extratrees_p1_20260529_183134,P3_mba_presence,MBA Presence,8,132,532.0,0
shap_feature_selection_extratrees_p1_20260529_183134,P3_mba_presence,MBA Presence,8,133,533.0,0
shap_feature_selection_extratrees_p1_20260529_183134,P3_mba_presence,MBA Presence,8,134,534.0,0
shap_feature_selection_extratrees_p1_20260529_183134,P3_mba_presence,MBA Presence,8,135,535.0,0
shap_feature_selection_extratrees_p1_20260529_183134,P3_mba_presence,MBA Presence,8,136,536.0,0
shap_feature_selection_extratrees_p1_20260529_183134,P3_mba_presence,MBA Presence,8,137,537.0,0
shap_feature_selection_extratrees_p1_20260529_183134,P3_mba_presence,MBA Presence,8,138,538.0,0
shap_feature_selection_extratrees_p1_20260529_183134,P3_mba_presence,MBA Presence,8,139,539.0,0
shap_feature_selection_extratrees_p1_20260529_183134,P3_mba_presence,MBA Presence,8,140,540.0,0
shap_feature_selection_extratrees_p1_20260529_183134,P3_mba_presence,MBA Presence,8,141,541.0,0
shap_feature_selection_extratrees_p1_20260529_183134,P3_mba_presence,MBA Presence,8,142,542.0,0
shap_feature_selection_extratrees_p1_20260529_183134,P3_mba_presence,MBA Presence,8,143,543.0,0
shap_feature_selection_extratrees_p1_20260529_183134,P3_mba_presence,MBA Presence,8,144,544.0,0
shap_feature_selection_extratrees_p1_20260529_183134,P3_mba_presence,MBA Presence,8,145,545.0,0
shap_feature_selection_extratrees_p1_20260529_183134,P3_mba_presence,MBA Presence,8,146,546.0,1
shap_feature_selection_extratrees_p1_20260529_183134,P3_mba_presence,MBA Presence,8,147,547.0,0
shap_feature_selection_extratrees_p1_20260529_183134,P3_mba_presence,MBA Presence,8,148,548.0,0
shap_feature_selection_extratrees_p1_20260529_183134,P3_mba_presence,MBA Presence,8,149,549.0,0
shap_feature_selection_extratrees_p1_20260529_183134,P3_mba_presence,MBA Presence,8,150,550.0,0
shap_feature_selection_extratrees_p1_20260529_183134,P3_mba_presence,MBA Presence,8,151,551.0,0
shap_feature_selection_extratrees_p1_20260529_183134,P3_mba_presence,MBA Presence,8,152,552.0,0
shap_feature_selection_extratrees_p1_20260529_183134,P3_mba_presence,MBA Presence,8,153,553.0,0
shap_feature_selection_extratrees_p1_20260529_183134,P3_mba_presence,MBA Presence,8,154,554.0,0
shap_feature_selection_extratrees_p1_20260529_183134,P3_mba_presence,MBA Presence,8,155,555.0,0
shap_feature_selection_extratrees_p1_20260529_183134,P3_mba_presence,MBA Presence,8,156,556.0,0
shap_feature_selection_extratrees_p1_20260529_183134,P3_mba_presence,MBA Presence,8,157,557.0,0
shap_feature_selection_extratrees_p1_20260529_183134,P3_mba_presence,MBA Presence,8,158,558.0,0
shap_feature_selection_extratrees_p1_20260529_183134,P3_mba_presence,MBA Presence,8,159,559.0,0
shap_feature_selection_extratrees_p1_20260529_183134,P3_mba_presence,MBA Presence,8,160,560.0,1
shap_feature_selection_extratrees_p1_20260529_183134,P3_mba_presence,MBA Presence,8,161,561.0,0
shap_feature_selection_extratrees_p1_20260529_183134,P3_mba_presence,MBA Presence,8,162,562.0,1
shap_feature_selection_extratrees_p1_20260529_183134,P3_mba_presence,MBA Presence,8,163,563.0,1
shap_feature_selection_extratrees_p1_20260529_183134,P3_mba_presence,MBA Presence,8,164,564.0,1
shap_feature_selection_extratrees_p1_20260529_183134,P3_mba_presence,MBA Presence,8,165,565.0,1
shap_feature_selection_extratrees_p1_20260529_183134,P3_mba_presence,MBA Presence,8,166,566.0,0
shap_feature_selection_extratrees_p1_20260529_183134,P3_mba_presence,MBA Presence,8,167,567.0,0
shap_feature_selection_extratrees_p1_20260529_183134,P3_mba_presence,MBA Presence,8,168,568.0,0
shap_feature_selection_extratrees_p1_20260529_183134,P3_mba_presence,MBA Presence,8,169,569.0,0
shap_feature_selection_extratrees_p1_20260529_183134,P3_mba_presence,MBA Presence,8,170,570.0,1
shap_feature_selection_extratrees_p1_20260529_183134,P3_mba_presence,MBA Presence,8,171,571.0,0
shap_feature_selection_extratrees_p1_20260529_183134,P3_mba_presence,MBA Presence,8,172,572.0,1
shap_feature_selection_extratrees_p1_20260529_183134,P3_mba_presence,MBA Presence,8,173,573.0,1
shap_feature_selection_extratrees_p1_20260529_183134,P3_mba_presence,MBA Presence,8,174,574.0,1
shap_feature_selection_extratrees_p1_20260529_183134,P3_mba_presence,MBA Presence,8,175,575.0,1
shap_feature_selection_extratrees_p1_20260529_183134,P3_mba_presence,MBA Presence,8,176,576.0,1
shap_feature_selection_extratrees_p1_20260529_183134,P3_mba_presence,MBA Presence,8,177,577.0,1
shap_feature_selection_extratrees_p1_20260529_183134,P3_mba_presence,MBA Presence,8,178,578.0,1
shap_feature_selection_extratrees_p1_20260529_183134,P3_mba_presence,MBA Presence,8,179,579.0,0
shap_feature_selection_extratrees_p1_20260529_183134,P3_mba_presence,MBA Presence,8,180,580.0,0
shap_feature_selection_extratrees_p1_20260529_183134,P3_mba_presence,MBA Presence,8,181,581.0,0
shap_feature_selection_extratrees_p1_20260529_183134,P3_mba_presence,MBA Presence,8,182,582.0,0
shap_feature_selection_extratrees_p1_20260529_183134,P3_mba_presence,MBA Presence,8,183,583.0,0
shap_feature_selection_extratrees_p1_20260529_183134,P3_mba_presence,MBA Presence,8,184,584.0,0
shap_feature_selection_extratrees_p1_20260529_183134,P3_mba_presence,MBA Presence,8,185,585.0,0
shap_feature_selection_extratrees_p1_20260529_183134,P3_mba_presence,MBA Presence,8,186,586.0,0
shap_feature_selection_extratrees_p1_20260529_183134,P3_mba_presence,MBA Presence,8,187,587.0,0
shap_feature_selection_extratrees_p1_20260529_183134,P3_mba_presence,MBA Presence,8,188,588.0,0
shap_feature_selection_extratrees_p1_20260529_183134,P3_mba_presence,MBA Presence,8,189,589.0,0
shap_feature_selection_extratrees_p1_20260529_183134,P3_mba_presence,MBA Presence,8,190,590.0,0
shap_feature_selection_extratrees_p1_20260529_183134,P3_mba_presence,MBA Presence,8,191,591.0,0
shap_feature_selection_extratrees_p1_20260529_183134,P3_mba_presence,MBA Presence,8,192,592.0,0
shap_feature_selection_extratrees_p1_20260529_183134,P3_mba_presence,MBA Presence,8,193,593.0,0
shap_feature_selection_extratrees_p1_20260529_183134,P3_mba_presence,MBA Presence,8,194,594.0,0
shap_feature_selection_extratrees_p1_20260529_183134,P3_mba_presence,MBA Presence,8,195,595.0,0
shap_feature_selection_extratrees_p1_20260529_183134,P3_mba_presence,MBA Presence,8,196,596.0,0
shap_feature_selection_extratrees_p1_20260529_183134,P3_mba_presence,MBA Presence,8,197,597.0,0
shap_feature_selection_extratrees_p1_20260529_183134,P3_mba_presence,MBA Presence,8,198,598.0,0
shap_feature_selection_extratrees_p1_20260529_183134,P3_mba_presence,MBA Presence,8,199,599.0,0
shap_feature_selection_extratrees_p1_20260529_183134,P3_mba_presence,MBA Presence,8,200,600.0,0
shap_feature_selection_extratrees_p1_20260529_183134,P3_mba_presence,MBA Presence,8,201,601.0,0
shap_feature_selection_extratrees_p1_20260529_183134,P3_mba_presence,MBA Presence,8,202,602.0,0
shap_feature_selection_extratrees_p1_20260529_183134,P3_mba_presence,MBA Presence,8,203,603.0,0
shap_feature_selection_extratrees_p1_20260529_183134,P3_mba_presence,MBA Presence,8,204,604.0,0
shap_feature_selection_extratrees_p1_20260529_183134,P3_mba_presence,MBA Presence,8,205,605.0,0
shap_feature_selection_extratrees_p1_20260529_183134,P3_mba_presence,MBA Presence,8,206,606.0,0
shap_feature_selection_extratrees_p1_20260529_183134,P3_mba_presence,MBA Presence,8,207,607.0,0
shap_feature_selection_extratrees_p1_20260529_183134,P3_mba_presence,MBA Presence,8,208,608.0,0
shap_feature_selection_extratrees_p1_20260529_183134,P3_mba_presence,MBA Presence,8,209,609.0,0
shap_feature_selection_extratrees_p1_20260529_183134,P3_mba_presence,MBA Presence,8,210,610.0,0
shap_feature_selection_extratrees_p1_20260529_183134,P3_mba_presence,MBA Presence,8,211,611.0,0
shap_feature_selection_extratrees_p1_20260529_183134,P3_mba_presence,MBA Presence,8,212,612.0,0
shap_feature_selection_extratrees_p1_20260529_183134,P3_mba_presence,MBA Presence,8,213,613.0,0
shap_feature_selection_extratrees_p1_20260529_183134,P3_mba_presence,MBA Presence,8,214,614.0,0
shap_feature_selection_extratrees_p1_20260529_183134,P3_mba_presence,MBA Presence,8,215,615.0,0
shap_feature_selection_extratrees_p1_20260529_183134,P3_mba_presence,MBA Presence,8,216,616.0,0
shap_feature_selection_extratrees_p1_20260529_183134,P3_mba_presence,MBA Presence,8,217,617.0,0
shap_feature_selection_extratrees_p1_20260529_183134,P3_mba_presence,MBA Presence,8,218,618.0,0
shap_feature_selection_extratrees_p1_20260529_183134,P3_mba_presence,MBA Presence,8,219,619.0,0
shap_feature_selection_extratrees_p1_20260529_183134,P3_mba_presence,MBA Presence,8,220,620.0,0
shap_feature_selection_extratrees_p1_20260529_183134,P3_mba_presence,MBA Presence,8,221,621.0,0
shap_feature_selection_extratrees_p1_20260529_183134,P3_mba_presence,MBA Presence,8,222,622.0,0
shap_feature_selection_extratrees_p1_20260529_183134,P3_mba_presence,MBA Presence,8,223,623.0,0
shap_feature_selection_extratrees_p1_20260529_183134,P3_mba_presence,MBA Presence,8,224,624.0,0
shap_feature_selection_extratrees_p1_20260529_183134,P3_mba_presence,MBA Presence,8,225,625.0,0
shap_feature_selection_extratrees_p1_20260529_183134,P3_mba_presence,MBA Presence,8,226,626.0,0
shap_feature_selection_extratrees_p1_20260529_183134,P3_mba_presence,MBA Presence,8,227,627.0,0
shap_feature_selection_extratrees_p1_20260529_183134,P3_mba_presence,MBA Presence,8,228,628.0,0
shap_feature_selection_extratrees_p1_20260529_183134,P3_mba_presence,MBA Presence,8,229,629.0,0
shap_feature_selection_extratrees_p1_20260529_183134,P3_mba_presence,MBA Presence,8,230,630.0,0
shap_feature_selection_extratrees_p1_20260529_183134,P3_mba_presence,MBA Presence,8,231,631.0,0
shap_feature_selection_extratrees_p1_20260529_183134,P3_mba_presence,MBA Presence,8,232,632.0,0
shap_feature_selection_extratrees_p1_20260529_183134,P3_mba_presence,MBA Presence,8,233,633.0,0
shap_feature_selection_extratrees_p1_20260529_183134,P3_mba_presence,MBA Presence,8,234,634.0,0
shap_feature_selection_extratrees_p1_20260529_183134,P3_mba_presence,MBA Presence,8,235,635.0,0
shap_feature_selection_extratrees_p1_20260529_183134,P3_mba_presence,MBA Presence,8,236,636.0,0
shap_feature_selection_extratrees_p1_20260529_183134,P3_mba_presence,MBA Presence,8,237,637.0,0
shap_feature_selection_extratrees_p1_20260529_183134,P3_mba_presence,MBA Presence,8,238,638.0,0
shap_feature_selection_extratrees_p1_20260529_183134,P3_mba_presence,MBA Presence,8,239,639.0,0
shap_feature_selection_extratrees_p1_20260529_183134,P3_mba_presence,MBA Presence,8,240,640.0,0
shap_feature_selection_extratrees_p1_20260529_183134,P3_mba_presence,MBA Presence,8,241,641.0,0
shap_feature_selection_extratrees_p1_20260529_183134,P3_mba_presence,MBA Presence,8,242,642.0,0
shap_feature_selection_extratrees_p1_20260529_183134,P3_mba_presence,MBA Presence,8,243,643.0,0
shap_feature_selection_extratrees_p1_20260529_183134,P3_mba_presence,MBA Presence,8,244,644.0,0
shap_feature_selection_extratrees_p1_20260529_183134,P3_mba_presence,MBA Presence,8,245,645.0,0
shap_feature_selection_extratrees_p1_20260529_183134,P3_mba_presence,MBA Presence,8,246,646.0,0
shap_feature_selection_extratrees_p1_20260529_183134,P3_mba_presence,MBA Presence,8,247,647.0,0
shap_feature_selection_extratrees_p1_20260529_183134,P3_mba_presence,MBA Presence,8,248,648.0,0
shap_feature_selection_extratrees_p1_20260529_183134,P3_mba_presence,MBA Presence,8,249,649.0,0
shap_feature_selection_extratrees_p1_20260529_183134,P3_mba_presence,MBA Presence,8,250,650.0,0
shap_feature_selection_extratrees_p1_20260529_183134,P3_mba_presence,MBA Presence,8,251,651.0,0
shap_feature_selection_extratrees_p1_20260529_183134,P3_mba_presence,MBA Presence,8,252,652.0,0
shap_feature_selection_extratrees_p1_20260529_183134,P3_mba_presence,MBA Presence,8,253,653.0,0
shap_feature_selection_extratrees_p1_20260529_183134,P3_mba_presence,MBA Presence,8,254,654.0,0
shap_feature_selection_extratrees_p1_20260529_183134,P3_mba_presence,MBA Presence,8,255,655.0,0
shap_feature_selection_extratrees_p1_20260529_183134,P3_mba_presence,MBA Presence,8,256,656.0,0
shap_feature_selection_extratrees_p1_20260529_183134,P3_mba_presence,MBA Presence,8,257,657.0,0
shap_feature_selection_extratrees_p1_20260529_183134,P3_mba_presence,MBA Presence,8,258,658.0,0
shap_feature_selection_extratrees_p1_20260529_183134,P3_mba_presence,MBA Presence,8,259,659.0,0
shap_feature_selection_extratrees_p1_20260529_183134,P3_mba_presence,MBA Presence,8,260,660.0,0
shap_feature_selection_extratrees_p1_20260529_183134,P3_mba_presence,MBA Presence,8,261,661.0,0
shap_feature_selection_extratrees_p1_20260529_183134,P3_mba_presence,MBA Presence,8,262,662.0,0
shap_feature_selection_extratrees_p1_20260529_183134,P3_mba_presence,MBA Presence,8,263,663.0,0
shap_feature_selection_extratrees_p1_20260529_183134,P3_mba_presence,MBA Presence,8,264,664.0,0
shap_feature_selection_extratrees_p1_20260529_183134,P3_mba_presence,MBA Presence,8,265,665.0,0
shap_feature_selection_extratrees_p1_20260529_183134,P3_mba_presence,MBA Presence,8,266,666.0,0
shap_feature_selection_extratrees_p1_20260529_183134,P3_mba_presence,MBA Presence,8,267,667.0,0
shap_feature_selection_extratrees_p1_20260529_183134,P3_mba_presence,MBA Presence,8,268,668.0,0
shap_feature_selection_extratrees_p1_20260529_183134,P3_mba_presence,MBA Presence,8,269,669.0,0
shap_feature_selection_extratrees_p1_20260529_183134,P3_mba_presence,MBA Presence,8,270,670.0,0
shap_feature_selection_extratrees_p1_20260529_183134,P3_mba_presence,MBA Presence,8,271,671.0,0
shap_feature_selection_extratrees_p1_20260529_183134,P3_mba_presence,MBA Presence,8,272,672.0,0
shap_feature_selection_extratrees_p1_20260529_183134,P3_mba_presence,MBA Presence,8,273,673.0,0
shap_feature_selection_extratrees_p1_20260529_183134,P3_mba_presence,MBA Presence,8,274,674.0,0
shap_feature_selection_extratrees_p1_20260529_183134,P3_mba_presence,MBA Presence,8,275,675.0,0
shap_feature_selection_extratrees_p1_20260529_183134,P3_mba_presence,MBA Presence,8,276,676.0,0
shap_feature_selection_extratrees_p1_20260529_183134,P3_mba_presence,MBA Presence,8,277,677.0,0
shap_feature_selection_extratrees_p1_20260529_183134,P3_mba_presence,MBA Presence,8,278,678.0,0
shap_feature_selection_extratrees_p1_20260529_183134,P3_mba_presence,MBA Presence,8,279,679.0,0
shap_feature_selection_extratrees_p1_20260529_183134,P3_mba_presence,MBA Presence,8,280,680.0,0
shap_feature_selection_extratrees_p1_20260529_183134,P3_mba_presence,MBA Presence,8,281,681.0,0
shap_feature_selection_extratrees_p1_20260529_183134,P3_mba_presence,MBA Presence,8,282,682.0,0
shap_feature_selection_extratrees_p1_20260529_183134,P3_mba_presence,MBA Presence,8,283,683.0,0
shap_feature_selection_extratrees_p1_20260529_183134,P3_mba_presence,MBA Presence,8,284,684.0,0
shap_feature_selection_extratrees_p1_20260529_183134,P3_mba_presence,MBA Presence,8,285,685.0,0
shap_feature_selection_extratrees_p1_20260529_183134,P3_mba_presence,MBA Presence,8,286,686.0,0
shap_feature_selection_extratrees_p1_20260529_183134,P3_mba_presence,MBA Presence,8,287,687.0,0
shap_feature_selection_extratrees_p1_20260529_183134,P3_mba_presence,MBA Presence,8,288,688.0,0
shap_feature_selection_extratrees_p1_20260529_183134,P3_mba_presence,MBA Presence,8,289,689.0,0
shap_feature_selection_extratrees_p1_20260529_183134,P3_mba_presence,MBA Presence,8,290,690.0,0
shap_feature_selection_extratrees_p1_20260529_183134,P3_mba_presence,MBA Presence,8,291,691.0,0
shap_feature_selection_extratrees_p1_20260529_183134,P3_mba_presence,MBA Presence,8,292,692.0,0
shap_feature_selection_extratrees_p1_20260529_183134,P3_mba_presence,MBA Presence,8,293,693.0,0
shap_feature_selection_extratrees_p1_20260529_183134,P3_mba_presence,MBA Presence,8,294,694.0,0
shap_feature_selection_extratrees_p1_20260529_183134,P3_mba_presence,MBA Presence,8,295,695.0,0
shap_feature_selection_extratrees_p1_20260529_183134,P3_mba_presence,MBA Presence,8,296,696.0,0
shap_feature_selection_extratrees_p1_20260529_183134,P3_mba_presence,MBA Presence,8,297,697.0,0
shap_feature_selection_extratrees_p1_20260529_183134,P3_mba_presence,MBA Presence,8,298,698.0,0
shap_feature_selection_extratrees_p1_20260529_183134,P3_mba_presence,MBA Presence,8,299,699.0,0
shap_feature_selection_extratrees_p1_20260529_183134,P3_mba_presence,MBA Presence,8,300,700.0,0
shap_feature_selection_extratrees_p1_20260529_183134,P3_mba_presence,MBA Presence,8,301,701.0,0
shap_feature_selection_extratrees_p1_20260529_183134,P3_mba_presence,MBA Presence,8,302,702.0,0
shap_feature_selection_extratrees_p1_20260529_183134,P3_mba_presence,MBA Presence,8,303,703.0,0
shap_feature_selection_extratrees_p1_20260529_183134,P3_mba_presence,MBA Presence,8,304,704.0,0
shap_feature_selection_extratrees_p1_20260529_183134,P3_mba_presence,MBA Presence,8,305,705.0,0
shap_feature_selection_extratrees_p1_20260529_183134,P3_mba_presence,MBA Presence,8,306,706.0,0
shap_feature_selection_extratrees_p1_20260529_183134,P3_mba_presence,MBA Presence,8,307,707.0,0
shap_feature_selection_extratrees_p1_20260529_183134,P3_mba_presence,MBA Presence,8,308,708.0,0
shap_feature_selection_extratrees_p1_20260529_183134,P3_mba_presence,MBA Presence,8,309,709.0,0
shap_feature_selection_extratrees_p1_20260529_183134,P3_mba_presence,MBA Presence,8,310,710.0,0
shap_feature_selection_extratrees_p1_20260529_183134,P3_mba_presence,MBA Presence,8,311,711.0,0
shap_feature_selection_extratrees_p1_20260529_183134,P3_mba_presence,MBA Presence,8,312,712.0,0
shap_feature_selection_extratrees_p1_20260529_183134,P3_mba_presence,MBA Presence,8,313,713.0,0
shap_feature_selection_extratrees_p1_20260529_183134,P3_mba_presence,MBA Presence,8,314,714.0,0
shap_feature_selection_extratrees_p1_20260529_183134,P3_mba_presence,MBA Presence,8,315,715.0,0
shap_feature_selection_extratrees_p1_20260529_183134,P3_mba_presence,MBA Presence,8,316,716.0,0
shap_feature_selection_extratrees_p1_20260529_183134,P3_mba_presence,MBA Presence,8,317,717.0,0
shap_feature_selection_extratrees_p1_20260529_183134,P3_mba_presence,MBA Presence,8,318,718.0,0
shap_feature_selection_extratrees_p1_20260529_183134,P3_mba_presence,MBA Presence,8,319,719.0,0
shap_feature_selection_extratrees_p1_20260529_183134,P3_mba_presence,MBA Presence,8,320,720.0,0
shap_feature_selection_extratrees_p1_20260529_183134,P3_mba_presence,MBA Presence,8,321,721.0,0
shap_feature_selection_extratrees_p1_20260529_183134,P3_mba_presence,MBA Presence,8,322,722.0,0
shap_feature_selection_extratrees_p1_20260529_183134,P3_mba_presence,MBA Presence,8,323,723.0,0
shap_feature_selection_extratrees_p1_20260529_183134,P3_mba_presence,MBA Presence,8,324,724.0,0
shap_feature_selection_extratrees_p1_20260529_183134,P3_mba_presence,MBA Presence,8,325,725.0,0
shap_feature_selection_extratrees_p1_20260529_183134,P3_mba_presence,MBA Presence,8,326,726.0,0
shap_feature_selection_extratrees_p1_20260529_183134,P3_mba_presence,MBA Presence,8,327,727.0,0
shap_feature_selection_extratrees_p1_20260529_183134,P3_mba_presence,MBA Presence,8,328,728.0,0
shap_feature_selection_extratrees_p1_20260529_183134,P3_mba_presence,MBA Presence,8,329,729.0,0
shap_feature_selection_extratrees_p1_20260529_183134,P3_mba_presence,MBA Presence,8,330,730.0,0
shap_feature_selection_extratrees_p1_20260529_183134,P3_mba_presence,MBA Presence,8,331,731.0,0
shap_feature_selection_extratrees_p1_20260529_183134,P3_mba_presence,MBA Presence,8,332,732.0,0
shap_feature_selection_extratrees_p1_20260529_183134,P3_mba_presence,MBA Presence,8,333,733.0,0
shap_feature_selection_extratrees_p1_20260529_183134,P3_mba_presence,MBA Presence,8,334,734.0,0
shap_feature_selection_extratrees_p1_20260529_183134,P3_mba_presence,MBA Presence,8,335,735.0,0
shap_feature_selection_extratrees_p1_20260529_183134,P3_mba_presence,MBA Presence,8,336,736.0,0
shap_feature_selection_extratrees_p1_20260529_183134,P3_mba_presence,MBA Presence,8,337,737.0,0
shap_feature_selection_extratrees_p1_20260529_183134,P3_mba_presence,MBA Presence,8,338,738.0,0
shap_feature_selection_extratrees_p1_20260529_183134,P3_mba_presence,MBA Presence,8,339,739.0,0
shap_feature_selection_extratrees_p1_20260529_183134,P3_mba_presence,MBA Presence,8,340,740.0,0
shap_feature_selection_extratrees_p1_20260529_183134,P3_mba_presence,MBA Presence,8,341,741.0,0
shap_feature_selection_extratrees_p1_20260529_183134,P3_mba_presence,MBA Presence,8,342,742.0,0
shap_feature_selection_extratrees_p1_20260529_183134,P3_mba_presence,MBA Presence,8,343,743.0,0
shap_feature_selection_extratrees_p1_20260529_183134,P3_mba_presence,MBA Presence,8,344,744.0,0
shap_feature_selection_extratrees_p1_20260529_183134,P3_mba_presence,MBA Presence,8,345,745.0,0
shap_feature_selection_extratrees_p1_20260529_183134,P3_mba_presence,MBA Presence,8,346,746.0,0
shap_feature_selection_extratrees_p1_20260529_183134,P3_mba_presence,MBA Presence,8,347,747.0,0
shap_feature_selection_extratrees_p1_20260529_183134,P3_mba_presence,MBA Presence,8,348,748.0,0
shap_feature_selection_extratrees_p1_20260529_183134,P3_mba_presence,MBA Presence,8,349,749.0,0
shap_feature_selection_extratrees_p1_20260529_183134,P3_mba_presence,MBA Presence,8,350,750.0,0
shap_feature_selection_extratrees_p1_20260529_183134,P3_mba_presence,MBA Presence,8,351,751.0,0
shap_feature_selection_extratrees_p1_20260529_183134,P3_mba_presence,MBA Presence,8,352,752.0,0
shap_feature_selection_extratrees_p1_20260529_183134,P3_mba_presence,MBA Presence,8,353,753.0,0
shap_feature_selection_extratrees_p1_20260529_183134,P3_mba_presence,MBA Presence,8,354,754.0,0
shap_feature_selection_extratrees_p1_20260529_183134,P3_mba_presence,MBA Presence,8,355,755.0,0
shap_feature_selection_extratrees_p1_20260529_183134,P3_mba_presence,MBA Presence,8,356,756.0,0
shap_feature_selection_extratrees_p1_20260529_183134,P3_mba_presence,MBA Presence,8,357,757.0,0
shap_feature_selection_extratrees_p1_20260529_183134,P3_mba_presence,MBA Presence,8,358,758.0,0
shap_feature_selection_extratrees_p1_20260529_183134,P3_mba_presence,MBA Presence,8,359,759.0,0
shap_feature_selection_extratrees_p1_20260529_183134,P3_mba_presence,MBA Presence,8,360,760.0,0
shap_feature_selection_extratrees_p1_20260529_183134,P3_mba_presence,MBA Presence,8,361,761.0,0
shap_feature_selection_extratrees_p1_20260529_183134,P3_mba_presence,MBA Presence,8,362,762.0,0
shap_feature_selection_extratrees_p1_20260529_183134,P3_mba_presence,MBA Presence,8,363,763.0,0
shap_feature_selection_extratrees_p1_20260529_183134,P3_mba_presence,MBA Presence,8,364,764.0,0
shap_feature_selection_extratrees_p1_20260529_183134,P3_mba_presence,MBA Presence,8,365,765.0,0
shap_feature_selection_extratrees_p1_20260529_183134,P3_mba_presence,MBA Presence,8,366,766.0,0
shap_feature_selection_extratrees_p1_20260529_183134,P3_mba_presence,MBA Presence,8,367,767.0,0
shap_feature_selection_extratrees_p1_20260529_183134,P3_mba_presence,MBA Presence,8,368,768.0,0
shap_feature_selection_extratrees_p1_20260529_183134,P3_mba_presence,MBA Presence,8,369,769.0,0
shap_feature_selection_extratrees_p1_20260529_183134,P3_mba_presence,MBA Presence,8,370,770.0,0
shap_feature_selection_extratrees_p1_20260529_183134,P3_mba_presence,MBA Presence,8,371,771.0,0
shap_feature_selection_extratrees_p1_20260529_183134,P3_mba_presence,MBA Presence,8,372,772.0,0
shap_feature_selection_extratrees_p1_20260529_183134,P3_mba_presence,MBA Presence,8,373,773.0,0
shap_feature_selection_extratrees_p1_20260529_183134,P3_mba_presence,MBA Presence,8,374,774.0,0
shap_feature_selection_extratrees_p1_20260529_183134,P3_mba_presence,MBA Presence,8,375,775.0,0
shap_feature_selection_extratrees_p1_20260529_183134,P3_mba_presence,MBA Presence,8,376,776.0,0
shap_feature_selection_extratrees_p1_20260529_183134,P3_mba_presence,MBA Presence,8,377,777.0,0
shap_feature_selection_extratrees_p1_20260529_183134,P3_mba_presence,MBA Presence,8,378,778.0,0
shap_feature_selection_extratrees_p1_20260529_183134,P3_mba_presence,MBA Presence,8,379,779.0,0
shap_feature_selection_extratrees_p1_20260529_183134,P3_mba_presence,MBA Presence,8,380,780.0,0
shap_feature_selection_extratrees_p1_20260529_183134,P3_mba_presence,MBA Presence,8,381,781.0,0
shap_feature_selection_extratrees_p1_20260529_183134,P3_mba_presence,MBA Presence,8,382,782.0,0
shap_feature_selection_extratrees_p1_20260529_183134,P3_mba_presence,MBA Presence,8,383,783.0,0
shap_feature_selection_extratrees_p1_20260529_183134,P3_mba_presence,MBA Presence,8,384,784.0,0
shap_feature_selection_extratrees_p1_20260529_183134,P3_mba_presence,MBA Presence,8,385,785.0,0
shap_feature_selection_extratrees_p1_20260529_183134,P3_mba_presence,MBA Presence,8,386,786.0,0
shap_feature_selection_extratrees_p1_20260529_183134,P3_mba_presence,MBA Presence,8,387,787.0,0
shap_feature_selection_extratrees_p1_20260529_183134,P3_mba_presence,MBA Presence,8,388,788.0,0
shap_feature_selection_extratrees_p1_20260529_183134,P3_mba_presence,MBA Presence,8,389,789.0,0
shap_feature_selection_extratrees_p1_20260529_183134,P3_mba_presence,MBA Presence,8,390,790.0,0
shap_feature_selection_extratrees_p1_20260529_183134,P3_mba_presence,MBA Presence,8,391,791.0,0
shap_feature_selection_extratrees_p1_20260529_183134,P3_mba_presence,MBA Presence,8,392,792.0,1
shap_feature_selection_extratrees_p1_20260529_183134,P3_mba_presence,MBA Presence,8,393,793.0,0
shap_feature_selection_extratrees_p1_20260529_183134,P3_mba_presence,MBA Presence,8,394,794.0,0
shap_feature_selection_extratrees_p1_20260529_183134,P3_mba_presence,MBA Presence,8,395,795.0,0
shap_feature_selection_extratrees_p1_20260529_183134,P3_mba_presence,MBA Presence,8,396,796.0,1
shap_feature_selection_extratrees_p1_20260529_183134,P3_mba_presence,MBA Presence,8,397,797.0,0
shap_feature_selection_extratrees_p1_20260529_183134,P3_mba_presence,MBA Presence,8,398,798.0,1
shap_feature_selection_extratrees_p1_20260529_183134,P3_mba_presence,MBA Presence,8,399,799.0,0
shap_feature_selection_extratrees_p1_20260529_183134,P3_mba_presence,MBA Presence,8,400,800.0,0
shap_feature_selection_extratrees_p1_20260529_183134,P3_mba_presence,MBA Presence,8,401,801.0,0
shap_feature_selection_extratrees_p1_20260529_183134,P3_mba_presence,MBA Presence,8,402,802.0,0
shap_feature_selection_extratrees_p1_20260529_183134,P3_mba_presence,MBA Presence,8,403,803.0,0
shap_feature_selection_extratrees_p1_20260529_183134,P3_mba_presence,MBA Presence,8,404,804.0,0
shap_feature_selection_extratrees_p1_20260529_183134,P3_mba_presence,MBA Presence,8,405,805.0,0
shap_feature_selection_extratrees_p1_20260529_183134,P3_mba_presence,MBA Presence,8,406,806.0,0
shap_feature_selection_extratrees_p1_20260529_183134,P3_mba_presence,MBA Presence,8,407,807.0,0
shap_feature_selection_extratrees_p1_20260529_183134,P3_mba_presence,MBA Presence,8,408,808.0,0
shap_feature_selection_extratrees_p1_20260529_183134,P3_mba_presence,MBA Presence,8,409,809.0,0
shap_feature_selection_extratrees_p1_20260529_183134,P3_mba_presence,MBA Presence,8,410,810.0,0
shap_feature_selection_extratrees_p1_20260529_183134,P3_mba_presence,MBA Presence,8,411,811.0,0
shap_feature_selection_extratrees_p1_20260529_183134,P3_mba_presence,MBA Presence,8,412,812.0,0
shap_feature_selection_extratrees_p1_20260529_183134,P3_mba_presence,MBA Presence,8,413,813.0,0
shap_feature_selection_extratrees_p1_20260529_183134,P3_mba_presence,MBA Presence,8,414,814.0,1
shap_feature_selection_extratrees_p1_20260529_183134,P3_mba_presence,MBA Presence,8,415,815.0,0
shap_feature_selection_extratrees_p1_20260529_183134,P3_mba_presence,MBA Presence,8,416,816.0,0
shap_feature_selection_extratrees_p1_20260529_183134,P3_mba_presence,MBA Presence,8,417,817.0,0
shap_feature_selection_extratrees_p1_20260529_183134,P3_mba_presence,MBA Presence,8,418,818.0,1
shap_feature_selection_extratrees_p1_20260529_183134,P3_mba_presence,MBA Presence,8,419,819.0,0
shap_feature_selection_extratrees_p1_20260529_183134,P3_mba_presence,MBA Presence,8,420,820.0,0
shap_feature_selection_extratrees_p1_20260529_183134,P3_mba_presence,MBA Presence,8,421,821.0,0
shap_feature_selection_extratrees_p1_20260529_183134,P3_mba_presence,MBA Presence,8,422,822.0,0
shap_feature_selection_extratrees_p1_20260529_183134,P3_mba_presence,MBA Presence,8,423,823.0,1
shap_feature_selection_extratrees_p1_20260529_183134,P3_mba_presence,MBA Presence,8,424,824.0,1
shap_feature_selection_extratrees_p1_20260529_183134,P3_mba_presence,MBA Presence,8,425,825.0,0
shap_feature_selection_extratrees_p1_20260529_183134,P3_mba_presence,MBA Presence,8,426,826.0,1
shap_feature_selection_extratrees_p1_20260529_183134,P3_mba_presence,MBA Presence,8,427,827.0,0
shap_feature_selection_extratrees_p1_20260529_183134,P3_mba_presence,MBA Presence,8,428,828.0,1
shap_feature_selection_extratrees_p1_20260529_183134,P3_mba_presence,MBA Presence,8,429,829.0,1
shap_feature_selection_extratrees_p1_20260529_183134,P3_mba_presence,MBA Presence,8,430,830.0,1
shap_feature_selection_extratrees_p1_20260529_183134,P3_mba_presence,MBA Presence,8,431,831.0,1
shap_feature_selection_extratrees_p1_20260529_183134,P3_mba_presence,MBA Presence,8,432,832.0,1
shap_feature_selection_extratrees_p1_20260529_183134,P3_mba_presence,MBA Presence,8,433,833.0,1
shap_feature_selection_extratrees_p1_20260529_183134,P3_mba_presence,MBA Presence,8,434,834.0,1
shap_feature_selection_extratrees_p1_20260529_183134,P3_mba_presence,MBA Presence,8,435,835.0,1
shap_feature_selection_extratrees_p1_20260529_183134,P3_mba_presence,MBA Presence,8,436,836.0,1
shap_feature_selection_extratrees_p1_20260529_183134,P3_mba_presence,MBA Presence,8,437,837.0,1
shap_feature_selection_extratrees_p1_20260529_183134,P3_mba_presence,MBA Presence,8,438,838.0,1
shap_feature_selection_extratrees_p1_20260529_183134,P3_mba_presence,MBA Presence,8,439,839.0,1
shap_feature_selection_extratrees_p1_20260529_183134,P3_mba_presence,MBA Presence,8,440,840.0,1
shap_feature_selection_extratrees_p1_20260529_183134,P3_mba_presence,MBA Presence,8,441,841.0,1
shap_feature_selection_extratrees_p1_20260529_183134,P3_mba_presence,MBA Presence,8,442,842.0,1
shap_feature_selection_extratrees_p1_20260529_183134,P3_mba_presence,MBA Presence,8,443,843.0,1
shap_feature_selection_extratrees_p1_20260529_183134,P3_mba_presence,MBA Presence,8,444,844.0,1
shap_feature_selection_extratrees_p1_20260529_183134,P3_mba_presence,MBA Presence,8,445,845.0,1
shap_feature_selection_extratrees_p1_20260529_183134,P3_mba_presence,MBA Presence,8,446,846.0,1
shap_feature_selection_extratrees_p1_20260529_183134,P3_mba_presence,MBA Presence,8,447,847.0,0
shap_feature_selection_extratrees_p1_20260529_183134,P3_mba_presence,MBA Presence,8,448,848.0,1
shap_feature_selection_extratrees_p1_20260529_183134,P3_mba_presence,MBA Presence,8,449,849.0,1
shap_feature_selection_extratrees_p1_20260529_183134,P3_mba_presence,MBA Presence,8,450,850.0,1
shap_feature_selection_extratrees_p1_20260529_183134,P3_mba_presence,MBA Presence,8,451,851.0,1
shap_feature_selection_extratrees_p1_20260529_183134,P3_mba_presence,MBA Presence,8,452,852.0,1
shap_feature_selection_extratrees_p1_20260529_183134,P3_mba_presence,MBA Presence,8,453,853.0,0
shap_feature_selection_extratrees_p1_20260529_183134,P3_mba_presence,MBA Presence,8,454,854.0,0
shap_feature_selection_extratrees_p1_20260529_183134,P3_mba_presence,MBA Presence,8,455,855.0,1
shap_feature_selection_extratrees_p1_20260529_183134,P3_mba_presence,MBA Presence,8,456,856.0,0
shap_feature_selection_extratrees_p1_20260529_183134,P3_mba_presence,MBA Presence,8,457,857.0,1
shap_feature_selection_extratrees_p1_20260529_183134,P3_mba_presence,MBA Presence,8,458,858.0,0
shap_feature_selection_extratrees_p1_20260529_183134,P3_mba_presence,MBA Presence,8,459,859.0,0
shap_feature_selection_extratrees_p1_20260529_183134,P3_mba_presence,MBA Presence,8,460,860.0,0
shap_feature_selection_extratrees_p1_20260529_183134,P3_mba_presence,MBA Presence,8,461,861.0,0
shap_feature_selection_extratrees_p1_20260529_183134,P3_mba_presence,MBA Presence,8,462,862.0,0
shap_feature_selection_extratrees_p1_20260529_183134,P3_mba_presence,MBA Presence,8,463,863.0,0
shap_feature_selection_extratrees_p1_20260529_183134,P3_mba_presence,MBA Presence,8,464,864.0,0
shap_feature_selection_extratrees_p1_20260529_183134,P3_mba_presence,MBA Presence,8,465,865.0,0
shap_feature_selection_extratrees_p1_20260529_183134,P3_mba_presence,MBA Presence,8,466,866.0,0
shap_feature_selection_extratrees_p1_20260529_183134,P3_mba_presence,MBA Presence,8,467,867.0,0
shap_feature_selection_extratrees_p1_20260529_183134,P3_mba_presence,MBA Presence,8,468,868.0,0
shap_feature_selection_extratrees_p1_20260529_183134,P3_mba_presence,MBA Presence,8,469,869.0,0
shap_feature_selection_extratrees_p1_20260529_183134,P3_mba_presence,MBA Presence,8,470,870.0,0
shap_feature_selection_extratrees_p1_20260529_183134,P3_mba_presence,MBA Presence,8,471,871.0,0
shap_feature_selection_extratrees_p1_20260529_183134,P3_mba_presence,MBA Presence,8,472,872.0,0
shap_feature_selection_extratrees_p1_20260529_183134,P3_mba_presence,MBA Presence,8,473,873.0,0
shap_feature_selection_extratrees_p1_20260529_183134,P3_mba_presence,MBA Presence,8,474,874.0,0
shap_feature_selection_extratrees_p1_20260529_183134,P3_mba_presence,MBA Presence,8,475,875.0,0
shap_feature_selection_extratrees_p1_20260529_183134,P3_mba_presence,MBA Presence,8,476,876.0,0
shap_feature_selection_extratrees_p1_20260529_183134,P3_mba_presence,MBA Presence,8,477,877.0,0
shap_feature_selection_extratrees_p1_20260529_183134,P3_mba_presence,MBA Presence,8,478,878.0,0
shap_feature_selection_extratrees_p1_20260529_183134,P3_mba_presence,MBA Presence,8,479,879.0,0
shap_feature_selection_extratrees_p1_20260529_183134,P3_mba_presence,MBA Presence,8,480,880.0,0
shap_feature_selection_extratrees_p1_20260529_183134,P3_mba_presence,MBA Presence,8,481,881.0,0
shap_feature_selection_extratrees_p1_20260529_183134,P3_mba_presence,MBA Presence,8,482,882.0,0
shap_feature_selection_extratrees_p1_20260529_183134,P3_mba_presence,MBA Presence,8,483,883.0,0
shap_feature_selection_extratrees_p1_20260529_183134,P3_mba_presence,MBA Presence,8,484,884.0,0
shap_feature_selection_extratrees_p1_20260529_183134,P3_mba_presence,MBA Presence,8,485,885.0,0
shap_feature_selection_extratrees_p1_20260529_183134,P3_mba_presence,MBA Presence,8,486,886.0,0
shap_feature_selection_extratrees_p1_20260529_183134,P3_mba_presence,MBA Presence,8,487,887.0,0
shap_feature_selection_extratrees_p1_20260529_183134,P3_mba_presence,MBA Presence,8,488,888.0,0
shap_feature_selection_extratrees_p1_20260529_183134,P3_mba_presence,MBA Presence,8,489,889.0,0
shap_feature_selection_extratrees_p1_20260529_183134,P3_mba_presence,MBA Presence,8,490,890.0,0
shap_feature_selection_extratrees_p1_20260529_183134,P3_mba_presence,MBA Presence,8,491,891.0,0
shap_feature_selection_extratrees_p1_20260529_183134,P3_mba_presence,MBA Presence,8,492,892.0,0
shap_feature_selection_extratrees_p1_20260529_183134,P3_mba_presence,MBA Presence,8,493,893.0,0
shap_feature_selection_extratrees_p1_20260529_183134,P3_mba_presence,MBA Presence,8,494,894.0,0
shap_feature_selection_extratrees_p1_20260529_183134,P3_mba_presence,MBA Presence,8,495,895.0,0
shap_feature_selection_extratrees_p1_20260529_183134,P3_mba_presence,MBA Presence,8,496,896.0,0
shap_feature_selection_extratrees_p1_20260529_183134,P3_mba_presence,MBA Presence,8,497,897.0,0
shap_feature_selection_extratrees_p1_20260529_183134,P3_mba_presence,MBA Presence,8,498,898.0,0
shap_feature_selection_extratrees_p1_20260529_183134,P3_mba_presence,MBA Presence,8,499,899.0,0
shap_feature_selection_extratrees_p1_20260529_183134,P3_mba_presence,MBA Presence,8,500,900.0,0
shap_feature_selection_extratrees_p1_20260529_183134,P3_mba_presence,MBA Presence,8,501,901.0,0
shap_feature_selection_extratrees_p1_20260529_183134,P3_mba_presence,MBA Presence,8,502,902.0,0
shap_feature_selection_extratrees_p1_20260529_183134,P3_mba_presence,MBA Presence,8,503,903.0,0
shap_feature_selection_extratrees_p1_20260529_183134,P3_mba_presence,MBA Presence,8,504,904.0,0
shap_feature_selection_extratrees_p1_20260529_183134,P3_mba_presence,MBA Presence,8,505,905.0,0
shap_feature_selection_extratrees_p1_20260529_183134,P3_mba_presence,MBA Presence,8,506,906.0,0
shap_feature_selection_extratrees_p1_20260529_183134,P3_mba_presence,MBA Presence,8,507,907.0,0
shap_feature_selection_extratrees_p1_20260529_183134,P3_mba_presence,MBA Presence,8,508,908.0,0
shap_feature_selection_extratrees_p1_20260529_183134,P3_mba_presence,MBA Presence,8,509,909.0,0
shap_feature_selection_extratrees_p1_20260529_183134,P3_mba_presence,MBA Presence,8,510,910.0,0
shap_feature_selection_extratrees_p1_20260529_183134,P3_mba_presence,MBA Presence,8,511,911.0,0
shap_feature_selection_extratrees_p1_20260529_183134,P3_mba_presence,MBA Presence,8,512,912.0,0
shap_feature_selection_extratrees_p1_20260529_183134,P3_mba_presence,MBA Presence,8,513,913.0,0
shap_feature_selection_extratrees_p1_20260529_183134,P3_mba_presence,MBA Presence,8,514,914.0,0
shap_feature_selection_extratrees_p1_20260529_183134,P3_mba_presence,MBA Presence,8,515,915.0,0
shap_feature_selection_extratrees_p1_20260529_183134,P3_mba_presence,MBA Presence,8,516,916.0,0
shap_feature_selection_extratrees_p1_20260529_183134,P3_mba_presence,MBA Presence,8,517,917.0,0
shap_feature_selection_extratrees_p1_20260529_183134,P3_mba_presence,MBA Presence,8,518,918.0,0
shap_feature_selection_extratrees_p1_20260529_183134,P3_mba_presence,MBA Presence,8,519,919.0,0
shap_feature_selection_extratrees_p1_20260529_183134,P3_mba_presence,MBA Presence,8,520,920.0,0
shap_feature_selection_extratrees_p1_20260529_183134,P3_mba_presence,MBA Presence,8,521,921.0,0
shap_feature_selection_extratrees_p1_20260529_183134,P3_mba_presence,MBA Presence,8,522,922.0,0
shap_feature_selection_extratrees_p1_20260529_183134,P3_mba_presence,MBA Presence,8,523,923.0,0
shap_feature_selection_extratrees_p1_20260529_183134,P3_mba_presence,MBA Presence,8,524,924.0,0
shap_feature_selection_extratrees_p1_20260529_183134,P3_mba_presence,MBA Presence,8,525,925.0,0
shap_feature_selection_extratrees_p1_20260529_183134,P3_mba_presence,MBA Presence,8,526,926.0,0
shap_feature_selection_extratrees_p1_20260529_183134,P3_mba_presence,MBA Presence,8,527,927.0,0
shap_feature_selection_extratrees_p1_20260529_183134,P3_mba_presence,MBA Presence,8,528,928.0,0
shap_feature_selection_extratrees_p1_20260529_183134,P3_mba_presence,MBA Presence,8,529,929.0,0
shap_feature_selection_extratrees_p1_20260529_183134,P3_mba_presence,MBA Presence,8,530,930.0,0
shap_feature_selection_extratrees_p1_20260529_183134,P3_mba_presence,MBA Presence,8,531,931.0,0
shap_feature_selection_extratrees_p1_20260529_183134,P3_mba_presence,MBA Presence,8,532,932.0,0
shap_feature_selection_extratrees_p1_20260529_183134,P3_mba_presence,MBA Presence,8,533,933.0,0
shap_feature_selection_extratrees_p1_20260529_183134,P3_mba_presence,MBA Presence,8,534,934.0,0
shap_feature_selection_extratrees_p1_20260529_183134,P3_mba_presence,MBA Presence,8,535,935.0,0
shap_feature_selection_extratrees_p1_20260529_183134,P3_mba_presence,MBA Presence,8,536,936.0,0
shap_feature_selection_extratrees_p1_20260529_183134,P3_mba_presence,MBA Presence,8,537,937.0,0
shap_feature_selection_extratrees_p1_20260529_183134,P3_mba_presence,MBA Presence,8,538,938.0,0
shap_feature_selection_extratrees_p1_20260529_183134,P3_mba_presence,MBA Presence,8,539,939.0,0
shap_feature_selection_extratrees_p1_20260529_183134,P3_mba_presence,MBA Presence,8,540,940.0,0
shap_feature_selection_extratrees_p1_20260529_183134,P3_mba_presence,MBA Presence,8,541,941.0,0
shap_feature_selection_extratrees_p1_20260529_183134,P3_mba_presence,MBA Presence,8,542,942.0,0
shap_feature_selection_extratrees_p1_20260529_183134,P3_mba_presence,MBA Presence,8,543,943.0,0
shap_feature_selection_extratrees_p1_20260529_183134,P3_mba_presence,MBA Presence,8,544,944.0,0
shap_feature_selection_extratrees_p1_20260529_183134,P3_mba_presence,MBA Presence,8,545,945.0,0
shap_feature_selection_extratrees_p1_20260529_183134,P3_mba_presence,MBA Presence,8,546,946.0,0
shap_feature_selection_extratrees_p1_20260529_183134,P3_mba_presence,MBA Presence,8,547,947.0,0
shap_feature_selection_extratrees_p1_20260529_183134,P3_mba_presence,MBA Presence,8,548,948.0,0
shap_feature_selection_extratrees_p1_20260529_183134,P3_mba_presence,MBA Presence,8,549,949.0,0
shap_feature_selection_extratrees_p1_20260529_183134,P3_mba_presence,MBA Presence,8,550,950.0,0
shap_feature_selection_extratrees_p1_20260529_183134,P3_mba_presence,MBA Presence,8,551,951.0,0
shap_feature_selection_extratrees_p1_20260529_183134,P3_mba_presence,MBA Presence,8,552,952.0,0
shap_feature_selection_extratrees_p1_20260529_183134,P3_mba_presence,MBA Presence,8,553,953.0,0
shap_feature_selection_extratrees_p1_20260529_183134,P3_mba_presence,MBA Presence,8,554,954.0,0
shap_feature_selection_extratrees_p1_20260529_183134,P3_mba_presence,MBA Presence,8,555,955.0,0
shap_feature_selection_extratrees_p1_20260529_183134,P3_mba_presence,MBA Presence,8,556,956.0,0
shap_feature_selection_extratrees_p1_20260529_183134,P3_mba_presence,MBA Presence,8,557,957.0,0
shap_feature_selection_extratrees_p1_20260529_183134,P3_mba_presence,MBA Presence,8,558,958.0,0
shap_feature_selection_extratrees_p1_20260529_183134,P3_mba_presence,MBA Presence,8,559,959.0,0
shap_feature_selection_extratrees_p1_20260529_183134,P3_mba_presence,MBA Presence,8,560,960.0,0
shap_feature_selection_extratrees_p1_20260529_183134,P3_mba_presence,MBA Presence,8,561,961.0,0
shap_feature_selection_extratrees_p1_20260529_183134,P3_mba_presence,MBA Presence,8,562,962.0,0
shap_feature_selection_extratrees_p1_20260529_183134,P3_mba_presence,MBA Presence,8,563,963.0,0
shap_feature_selection_extratrees_p1_20260529_183134,P3_mba_presence,MBA Presence,8,564,964.0,0
shap_feature_selection_extratrees_p1_20260529_183134,P3_mba_presence,MBA Presence,8,565,965.0,0
shap_feature_selection_extratrees_p1_20260529_183134,P3_mba_presence,MBA Presence,8,566,966.0,0
shap_feature_selection_extratrees_p1_20260529_183134,P3_mba_presence,MBA Presence,8,567,967.0,0
shap_feature_selection_extratrees_p1_20260529_183134,P3_mba_presence,MBA Presence,8,568,968.0,0
shap_feature_selection_extratrees_p1_20260529_183134,P3_mba_presence,MBA Presence,8,569,969.0,0
shap_feature_selection_extratrees_p1_20260529_183134,P3_mba_presence,MBA Presence,8,570,970.0,0
shap_feature_selection_extratrees_p1_20260529_183134,P3_mba_presence,MBA Presence,8,571,971.0,0
shap_feature_selection_extratrees_p1_20260529_183134,P3_mba_presence,MBA Presence,8,572,972.0,0
shap_feature_selection_extratrees_p1_20260529_183134,P3_mba_presence,MBA Presence,8,573,973.0,0
shap_feature_selection_extratrees_p1_20260529_183134,P3_mba_presence,MBA Presence,8,574,974.0,0
shap_feature_selection_extratrees_p1_20260529_183134,P3_mba_presence,MBA Presence,8,575,975.0,0
shap_feature_selection_extratrees_p1_20260529_183134,P3_mba_presence,MBA Presence,8,576,976.0,0
shap_feature_selection_extratrees_p1_20260529_183134,P3_mba_presence,MBA Presence,8,577,977.0,0
shap_feature_selection_extratrees_p1_20260529_183134,P3_mba_presence,MBA Presence,8,578,978.0,0
shap_feature_selection_extratrees_p1_20260529_183134,P3_mba_presence,MBA Presence,8,579,979.0,0
shap_feature_selection_extratrees_p1_20260529_183134,P3_mba_presence,MBA Presence,8,580,980.0,0
shap_feature_selection_extratrees_p1_20260529_183134,P3_mba_presence,MBA Presence,8,581,981.0,0
shap_feature_selection_extratrees_p1_20260529_183134,P3_mba_presence,MBA Presence,8,582,982.0,0
shap_feature_selection_extratrees_p1_20260529_183134,P3_mba_presence,MBA Presence,8,583,983.0,0
shap_feature_selection_extratrees_p1_20260529_183134,P3_mba_presence,MBA Presence,8,584,984.0,0
shap_feature_selection_extratrees_p1_20260529_183134,P3_mba_presence,MBA Presence,8,585,985.0,0
shap_feature_selection_extratrees_p1_20260529_183134,P3_mba_presence,MBA Presence,8,586,986.0,0
shap_feature_selection_extratrees_p1_20260529_183134,P3_mba_presence,MBA Presence,8,587,987.0,0
shap_feature_selection_extratrees_p1_20260529_183134,P3_mba_presence,MBA Presence,8,588,988.0,0
shap_feature_selection_extratrees_p1_20260529_183134,P3_mba_presence,MBA Presence,8,589,989.0,0
shap_feature_selection_extratrees_p1_20260529_183134,P3_mba_presence,MBA Presence,8,590,990.0,0
shap_feature_selection_extratrees_p1_20260529_183134,P3_mba_presence,MBA Presence,8,591,991.0,0
shap_feature_selection_extratrees_p1_20260529_183134,P3_mba_presence,MBA Presence,8,592,992.0,0
shap_feature_selection_extratrees_p1_20260529_183134,P3_mba_presence,MBA Presence,8,593,993.0,0
shap_feature_selection_extratrees_p1_20260529_183134,P3_mba_presence,MBA Presence,8,594,994.0,0
shap_feature_selection_extratrees_p1_20260529_183134,P3_mba_presence,MBA Presence,8,595,995.0,0
shap_feature_selection_extratrees_p1_20260529_183134,P3_mba_presence,MBA Presence,8,596,996.0,0
shap_feature_selection_extratrees_p1_20260529_183134,P3_mba_presence,MBA Presence,8,597,997.0,0
shap_feature_selection_extratrees_p1_20260529_183134,P3_mba_presence,MBA Presence,8,598,998.0,0
shap_feature_selection_extratrees_p1_20260529_183134,P3_mba_presence,MBA Presence,8,599,999.0,0
shap_feature_selection_extratrees_p1_20260529_183134,P3_mba_presence,MBA Presence,8,600,1000.0,0
shap_feature_selection_extratrees_p1_20260529_183134,P3_mba_presence,MBA Presence,8,601,1001.0,0
shap_feature_selection_extratrees_p1_20260529_183134,P3_mba_presence,MBA Presence,8,602,1002.0,0
shap_feature_selection_extratrees_p1_20260529_183134,P3_mba_presence,MBA Presence,8,603,1003.0,0
shap_feature_selection_extratrees_p1_20260529_183134,P3_mba_presence,MBA Presence,8,604,1004.0,0
shap_feature_selection_extratrees_p1_20260529_183134,P3_mba_presence,MBA Presence,8,605,1005.0,0
shap_feature_selection_extratrees_p1_20260529_183134,P3_mba_presence,MBA Presence,8,606,1006.0,0
shap_feature_selection_extratrees_p1_20260529_183134,P3_mba_presence,MBA Presence,8,607,1007.0,0
shap_feature_selection_extratrees_p1_20260529_183134,P3_mba_presence,MBA Presence,8,608,1008.0,0
shap_feature_selection_extratrees_p1_20260529_183134,P3_mba_presence,MBA Presence,8,609,1009.0,0
shap_feature_selection_extratrees_p1_20260529_183134,P3_mba_presence,MBA Presence,8,610,1010.0,0
shap_feature_selection_extratrees_p1_20260529_183134,P3_mba_presence,MBA Presence,8,611,1011.0,0
shap_feature_selection_extratrees_p1_20260529_183134,P3_mba_presence,MBA Presence,8,612,1012.0,0
shap_feature_selection_extratrees_p1_20260529_183134,P3_mba_presence,MBA Presence,8,613,1013.0,0
shap_feature_selection_extratrees_p1_20260529_183134,P3_mba_presence,MBA Presence,8,614,1014.0,0
shap_feature_selection_extratrees_p1_20260529_183134,P3_mba_presence,MBA Presence,8,615,1015.0,0
shap_feature_selection_extratrees_p1_20260529_183134,P3_mba_presence,MBA Presence,8,616,1016.0,0
shap_feature_selection_extratrees_p1_20260529_183134,P3_mba_presence,MBA Presence,8,617,1017.0,0
shap_feature_selection_extratrees_p1_20260529_183134,P3_mba_presence,MBA Presence,8,618,1018.0,0
shap_feature_selection_extratrees_p1_20260529_183134,P3_mba_presence,MBA Presence,8,619,1019.0,0
shap_feature_selection_extratrees_p1_20260529_183134,P3_mba_presence,MBA Presence,8,620,1020.0,0
shap_feature_selection_extratrees_p1_20260529_183134,P3_mba_presence,MBA Presence,8,621,1021.0,0
shap_feature_selection_extratrees_p1_20260529_183134,P3_mba_presence,MBA Presence,8,622,1022.0,0
shap_feature_selection_extratrees_p1_20260529_183134,P3_mba_presence,MBA Presence,8,623,1023.0,0
shap_feature_selection_extratrees_p1_20260529_183134,P3_mba_presence,MBA Presence,8,624,1024.0,0
shap_feature_selection_extratrees_p1_20260529_183134,P3_mba_presence,MBA Presence,8,625,1025.0,0
shap_feature_selection_extratrees_p1_20260529_183134,P3_mba_presence,MBA Presence,8,626,1026.0,0
shap_feature_selection_extratrees_p1_20260529_183134,P3_mba_presence,MBA Presence,8,627,1027.0,0
shap_feature_selection_extratrees_p1_20260529_183134,P3_mba_presence,MBA Presence,8,628,1028.0,0
shap_feature_selection_extratrees_p1_20260529_183134,P3_mba_presence,MBA Presence,8,629,1029.0,0
shap_feature_selection_extratrees_p1_20260529_183134,P3_mba_presence,MBA Presence,8,630,1030.0,0
shap_feature_selection_extratrees_p1_20260529_183134,P3_mba_presence,MBA Presence,8,631,1031.0,0
shap_feature_selection_extratrees_p1_20260529_183134,P3_mba_presence,MBA Presence,8,632,1032.0,0
shap_feature_selection_extratrees_p1_20260529_183134,P3_mba_presence,MBA Presence,8,633,1033.0,0
shap_feature_selection_extratrees_p1_20260529_183134,P3_mba_presence,MBA Presence,8,634,1034.0,0
shap_feature_selection_extratrees_p1_20260529_183134,P3_mba_presence,MBA Presence,8,635,1035.0,0
shap_feature_selection_extratrees_p1_20260529_183134,P3_mba_presence,MBA Presence,8,636,1036.0,1
shap_feature_selection_extratrees_p1_20260529_183134,P3_mba_presence,MBA Presence,8,637,1037.0,0
shap_feature_selection_extratrees_p1_20260529_183134,P3_mba_presence,MBA Presence,8,638,1038.0,0
shap_feature_selection_extratrees_p1_20260529_183134,P3_mba_presence,MBA Presence,8,639,1039.0,0
shap_feature_selection_extratrees_p1_20260529_183134,P3_mba_presence,MBA Presence,8,640,1040.0,0
shap_feature_selection_extratrees_p1_20260529_183134,P3_mba_presence,MBA Presence,8,641,1041.0,0
shap_feature_selection_extratrees_p1_20260529_183134,P3_mba_presence,MBA Presence,8,642,1042.0,0
shap_feature_selection_extratrees_p1_20260529_183134,P3_mba_presence,MBA Presence,8,643,1043.0,0
shap_feature_selection_extratrees_p1_20260529_183134,P3_mba_presence,MBA Presence,8,644,1044.0,0
shap_feature_selection_extratrees_p1_20260529_183134,P3_mba_presence,MBA Presence,8,645,1045.0,0
shap_feature_selection_extratrees_p1_20260529_183134,P3_mba_presence,MBA Presence,8,646,1046.0,0
shap_feature_selection_extratrees_p1_20260529_183134,P3_mba_presence,MBA Presence,8,647,1047.0,0
shap_feature_selection_extratrees_p1_20260529_183134,P3_mba_presence,MBA Presence,8,648,1048.0,1
shap_feature_selection_extratrees_p1_20260529_183134,P3_mba_presence,MBA Presence,8,649,1049.0,0
shap_feature_selection_extratrees_p1_20260529_183134,P3_mba_presence,MBA Presence,8,650,1050.0,0
shap_feature_selection_extratrees_p1_20260529_183134,P3_mba_presence,MBA Presence,8,651,1051.0,0
shap_feature_selection_extratrees_p1_20260529_183134,P3_mba_presence,MBA Presence,8,652,1052.0,1
shap_feature_selection_extratrees_p1_20260529_183134,P3_mba_presence,MBA Presence,8,653,1053.0,0
shap_feature_selection_extratrees_p1_20260529_183134,P3_mba_presence,MBA Presence,8,654,1054.0,1
shap_feature_selection_extratrees_p1_20260529_183134,P3_mba_presence,MBA Presence,8,655,1055.0,1
shap_feature_selection_extratrees_p1_20260529_183134,P3_mba_presence,MBA Presence,8,656,1056.0,1
shap_feature_selection_extratrees_p1_20260529_183134,P3_mba_presence,MBA Presence,8,657,1057.0,1
shap_feature_selection_extratrees_p1_20260529_183134,P3_mba_presence,MBA Presence,8,658,1058.0,1
shap_feature_selection_extratrees_p1_20260529_183134,P3_mba_presence,MBA Presence,8,659,1059.0,1
shap_feature_selection_extratrees_p1_20260529_183134,P3_mba_presence,MBA Presence,8,660,1060.0,1
shap_feature_selection_extratrees_p1_20260529_183134,P3_mba_presence,MBA Presence,8,661,1061.0,1
shap_feature_selection_extratrees_p1_20260529_183134,P3_mba_presence,MBA Presence,8,662,1062.0,1
shap_feature_selection_extratrees_p1_20260529_183134,P3_mba_presence,MBA Presence,8,663,1063.0,1
shap_feature_selection_extratrees_p1_20260529_183134,P3_mba_presence,MBA Presence,8,664,1064.0,1
shap_feature_selection_extratrees_p1_20260529_183134,P3_mba_presence,MBA Presence,8,665,1065.0,1
shap_feature_selection_extratrees_p1_20260529_183134,P3_mba_presence,MBA Presence,8,666,1066.0,1
shap_feature_selection_extratrees_p1_20260529_183134,P3_mba_presence,MBA Presence,8,667,1067.0,1
shap_feature_selection_extratrees_p1_20260529_183134,P3_mba_presence,MBA Presence,8,668,1068.0,1
shap_feature_selection_extratrees_p1_20260529_183134,P3_mba_presence,MBA Presence,8,669,1069.0,1
shap_feature_selection_extratrees_p1_20260529_183134,P3_mba_presence,MBA Presence,8,670,1070.0,1
shap_feature_selection_extratrees_p1_20260529_183134,P3_mba_presence,MBA Presence,8,671,1071.0,1
shap_feature_selection_extratrees_p1_20260529_183134,P3_mba_presence,MBA Presence,8,672,1072.0,1
shap_feature_selection_extratrees_p1_20260529_183134,P3_mba_presence,MBA Presence,8,673,1073.0,1
shap_feature_selection_extratrees_p1_20260529_183134,P3_mba_presence,MBA Presence,8,674,1074.0,1
shap_feature_selection_extratrees_p1_20260529_183134,P3_mba_presence,MBA Presence,8,675,1075.0,1
shap_feature_selection_extratrees_p1_20260529_183134,P3_mba_presence,MBA Presence,8,676,1076.0,1
shap_feature_selection_extratrees_p1_20260529_183134,P3_mba_presence,MBA Presence,8,677,1077.0,1
shap_feature_selection_extratrees_p1_20260529_183134,P3_mba_presence,MBA Presence,8,678,1078.0,1
shap_feature_selection_extratrees_p1_20260529_183134,P3_mba_presence,MBA Presence,8,679,1079.0,1
shap_feature_selection_extratrees_p1_20260529_183134,P3_mba_presence,MBA Presence,8,680,1080.0,0
shap_feature_selection_extratrees_p1_20260529_183134,P3_mba_presence,MBA Presence,8,681,1081.0,0
shap_feature_selection_extratrees_p1_20260529_183134,P3_mba_presence,MBA Presence,8,682,1082.0,0
shap_feature_selection_extratrees_p1_20260529_183134,P3_mba_presence,MBA Presence,8,683,1083.0,0
shap_feature_selection_extratrees_p1_20260529_183134,P3_mba_presence,MBA Presence,8,684,1084.0,0
shap_feature_selection_extratrees_p1_20260529_183134,P3_mba_presence,MBA Presence,8,685,1085.0,0
shap_feature_selection_extratrees_p1_20260529_183134,P3_mba_presence,MBA Presence,8,686,1086.0,0
shap_feature_selection_extratrees_p1_20260529_183134,P3_mba_presence,MBA Presence,8,687,1087.0,0
shap_feature_selection_extratrees_p1_20260529_183134,P3_mba_presence,MBA Presence,8,688,1088.0,0
shap_feature_selection_extratrees_p1_20260529_183134,P3_mba_presence,MBA Presence,8,689,1089.0,0
shap_feature_selection_extratrees_p1_20260529_183134,P3_mba_presence,MBA Presence,8,690,1090.0,0
shap_feature_selection_extratrees_p1_20260529_183134,P3_mba_presence,MBA Presence,8,691,1091.0,0
shap_feature_selection_extratrees_p1_20260529_183134,P3_mba_presence,MBA Presence,8,692,1092.0,0
shap_feature_selection_extratrees_p1_20260529_183134,P3_mba_presence,MBA Presence,8,693,1093.0,0
shap_feature_selection_extratrees_p1_20260529_183134,P3_mba_presence,MBA Presence,8,694,1094.0,0
shap_feature_selection_extratrees_p1_20260529_183134,P3_mba_presence,MBA Presence,8,695,1095.0,0
shap_feature_selection_extratrees_p1_20260529_183134,P3_mba_presence,MBA Presence,8,696,1096.0,0
shap_feature_selection_extratrees_p1_20260529_183134,P3_mba_presence,MBA Presence,8,697,1097.0,0
shap_feature_selection_extratrees_p1_20260529_183134,P3_mba_presence,MBA Presence,8,698,1098.0,0
shap_feature_selection_extratrees_p1_20260529_183134,P3_mba_presence,MBA Presence,8,699,1099.0,0
shap_feature_selection_extratrees_p1_20260529_183134,P3_mba_presence,MBA Presence,8,700,1100.0,0
shap_feature_selection_extratrees_p1_20260529_183134,P3_mba_presence,MBA Presence,8,701,1101.0,0
shap_feature_selection_extratrees_p1_20260529_183134,P3_mba_presence,MBA Presence,8,702,1102.0,0
shap_feature_selection_extratrees_p1_20260529_183134,P3_mba_presence,MBA Presence,8,703,1103.0,0
shap_feature_selection_extratrees_p1_20260529_183134,P3_mba_presence,MBA Presence,8,704,1104.0,0
shap_feature_selection_extratrees_p1_20260529_183134,P3_mba_presence,MBA Presence,8,705,1105.0,0
shap_feature_selection_extratrees_p1_20260529_183134,P3_mba_presence,MBA Presence,8,706,1106.0,0
shap_feature_selection_extratrees_p1_20260529_183134,P3_mba_presence,MBA Presence,8,707,1107.0,0
shap_feature_selection_extratrees_p1_20260529_183134,P3_mba_presence,MBA Presence,8,708,1108.0,0
shap_feature_selection_extratrees_p1_20260529_183134,P3_mba_presence,MBA Presence,8,709,1109.0,0
shap_feature_selection_extratrees_p1_20260529_183134,P3_mba_presence,MBA Presence,8,710,1110.0,0
shap_feature_selection_extratrees_p1_20260529_183134,P3_mba_presence,MBA Presence,8,711,1111.0,0
shap_feature_selection_extratrees_p1_20260529_183134,P3_mba_presence,MBA Presence,8,712,1112.0,0
shap_feature_selection_extratrees_p1_20260529_183134,P3_mba_presence,MBA Presence,8,713,1113.0,0
shap_feature_selection_extratrees_p1_20260529_183134,P3_mba_presence,MBA Presence,8,714,1114.0,0
shap_feature_selection_extratrees_p1_20260529_183134,P3_mba_presence,MBA Presence,8,715,1115.0,0
shap_feature_selection_extratrees_p1_20260529_183134,P3_mba_presence,MBA Presence,8,716,1116.0,0
shap_feature_selection_extratrees_p1_20260529_183134,P3_mba_presence,MBA Presence,8,717,1117.0,0
shap_feature_selection_extratrees_p1_20260529_183134,P3_mba_presence,MBA Presence,8,718,1118.0,0
shap_feature_selection_extratrees_p1_20260529_183134,P3_mba_presence,MBA Presence,8,719,1119.0,0
shap_feature_selection_extratrees_p1_20260529_183134,P3_mba_presence,MBA Presence,8,720,1120.0,0
shap_feature_selection_extratrees_p1_20260529_183134,P3_mba_presence,MBA Presence,8,721,1121.0,0
shap_feature_selection_extratrees_p1_20260529_183134,P3_mba_presence,MBA Presence,8,722,1122.0,0
shap_feature_selection_extratrees_p1_20260529_183134,P3_mba_presence,MBA Presence,8,723,1123.0,0
shap_feature_selection_extratrees_p1_20260529_183134,P3_mba_presence,MBA Presence,8,724,1124.0,0
shap_feature_selection_extratrees_p1_20260529_183134,P3_mba_presence,MBA Presence,8,725,1125.0,0
shap_feature_selection_extratrees_p1_20260529_183134,P3_mba_presence,MBA Presence,8,726,1126.0,0
shap_feature_selection_extratrees_p1_20260529_183134,P3_mba_presence,MBA Presence,8,727,1127.0,0
shap_feature_selection_extratrees_p1_20260529_183134,P3_mba_presence,MBA Presence,8,728,1128.0,0
shap_feature_selection_extratrees_p1_20260529_183134,P3_mba_presence,MBA Presence,8,729,1129.0,0
shap_feature_selection_extratrees_p1_20260529_183134,P3_mba_presence,MBA Presence,8,730,1130.0,0
shap_feature_selection_extratrees_p1_20260529_183134,P3_mba_presence,MBA Presence,8,731,1131.0,0
shap_feature_selection_extratrees_p1_20260529_183134,P3_mba_presence,MBA Presence,8,732,1132.0,0
shap_feature_selection_extratrees_p1_20260529_183134,P3_mba_presence,MBA Presence,8,733,1133.0,0
shap_feature_selection_extratrees_p1_20260529_183134,P3_mba_presence,MBA Presence,8,734,1134.0,0
shap_feature_selection_extratrees_p1_20260529_183134,P3_mba_presence,MBA Presence,8,735,1135.0,0
shap_feature_selection_extratrees_p1_20260529_183134,P3_mba_presence,MBA Presence,8,736,1136.0,0
shap_feature_selection_extratrees_p1_20260529_183134,P3_mba_presence,MBA Presence,8,737,1137.0,0
shap_feature_selection_extratrees_p1_20260529_183134,P3_mba_presence,MBA Presence,8,738,1138.0,0
shap_feature_selection_extratrees_p1_20260529_183134,P3_mba_presence,MBA Presence,8,739,1139.0,0
shap_feature_selection_extratrees_p1_20260529_183134,P3_mba_presence,MBA Presence,8,740,1140.0,0
shap_feature_selection_extratrees_p1_20260529_183134,P3_mba_presence,MBA Presence,8,741,1141.0,0
shap_feature_selection_extratrees_p1_20260529_183134,P3_mba_presence,MBA Presence,8,742,1142.0,0
shap_feature_selection_extratrees_p1_20260529_183134,P3_mba_presence,MBA Presence,8,743,1143.0,0
shap_feature_selection_extratrees_p1_20260529_183134,P3_mba_presence,MBA Presence,8,744,1144.0,0
shap_feature_selection_extratrees_p1_20260529_183134,P3_mba_presence,MBA Presence,8,745,1145.0,0
shap_feature_selection_extratrees_p1_20260529_183134,P3_mba_presence,MBA Presence,8,746,1146.0,0
shap_feature_selection_extratrees_p1_20260529_183134,P3_mba_presence,MBA Presence,8,747,1147.0,0
shap_feature_selection_extratrees_p1_20260529_183134,P3_mba_presence,MBA Presence,8,748,1148.0,0
shap_feature_selection_extratrees_p1_20260529_183134,P3_mba_presence,MBA Presence,8,749,1149.0,0
shap_feature_selection_extratrees_p1_20260529_183134,P3_mba_presence,MBA Presence,8,750,1150.0,0
shap_feature_selection_extratrees_p1_20260529_183134,P3_mba_presence,MBA Presence,8,751,1151.0,0
shap_feature_selection_extratrees_p1_20260529_183134,P3_mba_presence,MBA Presence,8,752,1152.0,0
shap_feature_selection_extratrees_p1_20260529_183134,P3_mba_presence,MBA Presence,8,753,1153.0,0
shap_feature_selection_extratrees_p1_20260529_183134,P3_mba_presence,MBA Presence,8,754,1154.0,0
shap_feature_selection_extratrees_p1_20260529_183134,P3_mba_presence,MBA Presence,8,755,1155.0,0
shap_feature_selection_extratrees_p1_20260529_183134,P3_mba_presence,MBA Presence,8,756,1156.0,0
shap_feature_selection_extratrees_p1_20260529_183134,P3_mba_presence,MBA Presence,8,757,1157.0,0
shap_feature_selection_extratrees_p1_20260529_183134,P3_mba_presence,MBA Presence,8,758,1158.0,0
shap_feature_selection_extratrees_p1_20260529_183134,P3_mba_presence,MBA Presence,8,759,1159.0,0
shap_feature_selection_extratrees_p1_20260529_183134,P3_mba_presence,MBA Presence,8,760,1160.0,0
shap_feature_selection_extratrees_p1_20260529_183134,P3_mba_presence,MBA Presence,8,761,1161.0,0
shap_feature_selection_extratrees_p1_20260529_183134,P3_mba_presence,MBA Presence,8,762,1162.0,0
shap_feature_selection_extratrees_p1_20260529_183134,P3_mba_presence,MBA Presence,8,763,1163.0,0
shap_feature_selection_extratrees_p1_20260529_183134,P3_mba_presence,MBA Presence,8,764,1164.0,0
shap_feature_selection_extratrees_p1_20260529_183134,P3_mba_presence,MBA Presence,8,765,1165.0,0
shap_feature_selection_extratrees_p1_20260529_183134,P3_mba_presence,MBA Presence,8,766,1166.0,0
shap_feature_selection_extratrees_p1_20260529_183134,P3_mba_presence,MBA Presence,8,767,1167.0,0
shap_feature_selection_extratrees_p1_20260529_183134,P3_mba_presence,MBA Presence,8,768,1168.0,0
shap_feature_selection_extratrees_p1_20260529_183134,P3_mba_presence,MBA Presence,8,769,1169.0,0
shap_feature_selection_extratrees_p1_20260529_183134,P3_mba_presence,MBA Presence,8,770,1170.0,0
shap_feature_selection_extratrees_p1_20260529_183134,P3_mba_presence,MBA Presence,8,771,1171.0,0
shap_feature_selection_extratrees_p1_20260529_183134,P3_mba_presence,MBA Presence,8,772,1172.0,0
shap_feature_selection_extratrees_p1_20260529_183134,P3_mba_presence,MBA Presence,8,773,1173.0,0
shap_feature_selection_extratrees_p1_20260529_183134,P3_mba_presence,MBA Presence,8,774,1174.0,0
shap_feature_selection_extratrees_p1_20260529_183134,P3_mba_presence,MBA Presence,8,775,1175.0,0
shap_feature_selection_extratrees_p1_20260529_183134,P3_mba_presence,MBA Presence,8,776,1176.0,0
shap_feature_selection_extratrees_p1_20260529_183134,P3_mba_presence,MBA Presence,8,777,1177.0,0
shap_feature_selection_extratrees_p1_20260529_183134,P3_mba_presence,MBA Presence,8,778,1178.0,0
shap_feature_selection_extratrees_p1_20260529_183134,P3_mba_presence,MBA Presence,8,779,1179.0,0
shap_feature_selection_extratrees_p1_20260529_183134,P3_mba_presence,MBA Presence,8,780,1180.0,0
shap_feature_selection_extratrees_p1_20260529_183134,P3_mba_presence,MBA Presence,8,781,1181.0,0
shap_feature_selection_extratrees_p1_20260529_183134,P3_mba_presence,MBA Presence,8,782,1182.0,0
shap_feature_selection_extratrees_p1_20260529_183134,P3_mba_presence,MBA Presence,8,783,1183.0,0
shap_feature_selection_extratrees_p1_20260529_183134,P3_mba_presence,MBA Presence,8,784,1184.0,0
shap_feature_selection_extratrees_p1_20260529_183134,P3_mba_presence,MBA Presence,8,785,1185.0,0
shap_feature_selection_extratrees_p1_20260529_183134,P3_mba_presence,MBA Presence,8,786,1186.0,0
shap_feature_selection_extratrees_p1_20260529_183134,P3_mba_presence,MBA Presence,8,787,1187.0,0
shap_feature_selection_extratrees_p1_20260529_183134,P3_mba_presence,MBA Presence,8,788,1188.0,0
shap_feature_selection_extratrees_p1_20260529_183134,P3_mba_presence,MBA Presence,8,789,1189.0,0
shap_feature_selection_extratrees_p1_20260529_183134,P3_mba_presence,MBA Presence,8,790,1190.0,0
shap_feature_selection_extratrees_p1_20260529_183134,P3_mba_presence,MBA Presence,8,791,1191.0,0
shap_feature_selection_extratrees_p1_20260529_183134,P3_mba_presence,MBA Presence,8,792,1192.0,0
shap_feature_selection_extratrees_p1_20260529_183134,P3_mba_presence,MBA Presence,8,793,1193.0,0
shap_feature_selection_extratrees_p1_20260529_183134,P3_mba_presence,MBA Presence,8,794,1194.0,0
shap_feature_selection_extratrees_p1_20260529_183134,P3_mba_presence,MBA Presence,8,795,1195.0,0
shap_feature_selection_extratrees_p1_20260529_183134,P3_mba_presence,MBA Presence,8,796,1196.0,0
shap_feature_selection_extratrees_p1_20260529_183134,P3_mba_presence,MBA Presence,8,797,1197.0,0
shap_feature_selection_extratrees_p1_20260529_183134,P3_mba_presence,MBA Presence,8,798,1198.0,0
shap_feature_selection_extratrees_p1_20260529_183134,P3_mba_presence,MBA Presence,8,799,1199.0,0
shap_feature_selection_extratrees_p1_20260529_183134,P3_mba_presence,MBA Presence,8,800,1200.0,0
shap_feature_selection_extratrees_p1_20260529_183134,P3_mba_presence,MBA Presence,8,801,1201.0,0
shap_feature_selection_extratrees_p1_20260529_183134,P3_mba_presence,MBA Presence,8,802,1202.0,0
shap_feature_selection_extratrees_p1_20260529_183134,P3_mba_presence,MBA Presence,8,803,1203.0,0
shap_feature_selection_extratrees_p1_20260529_183134,P3_mba_presence,MBA Presence,8,804,1204.0,0
shap_feature_selection_extratrees_p1_20260529_183134,P3_mba_presence,MBA Presence,8,805,1205.0,0
shap_feature_selection_extratrees_p1_20260529_183134,P3_mba_presence,MBA Presence,8,806,1206.0,0
shap_feature_selection_extratrees_p1_20260529_183134,P3_mba_presence,MBA Presence,8,807,1207.0,0
shap_feature_selection_extratrees_p1_20260529_183134,P3_mba_presence,MBA Presence,8,808,1208.0,0
shap_feature_selection_extratrees_p1_20260529_183134,P3_mba_presence,MBA Presence,8,809,1209.0,0
shap_feature_selection_extratrees_p1_20260529_183134,P3_mba_presence,MBA Presence,8,810,1210.0,0
shap_feature_selection_extratrees_p1_20260529_183134,P3_mba_presence,MBA Presence,8,811,1211.0,0
shap_feature_selection_extratrees_p1_20260529_183134,P3_mba_presence,MBA Presence,8,812,1212.0,0
shap_feature_selection_extratrees_p1_20260529_183134,P3_mba_presence,MBA Presence,8,813,1213.0,0
shap_feature_selection_extratrees_p1_20260529_183134,P3_mba_presence,MBA Presence,8,814,1214.0,0
shap_feature_selection_extratrees_p1_20260529_183134,P3_mba_presence,MBA Presence,8,815,1215.0,0
shap_feature_selection_extratrees_p1_20260529_183134,P3_mba_presence,MBA Presence,8,816,1216.0,0
shap_feature_selection_extratrees_p1_20260529_183134,P3_mba_presence,MBA Presence,8,817,1217.0,0
shap_feature_selection_extratrees_p1_20260529_183134,P3_mba_presence,MBA Presence,8,818,1218.0,0
shap_feature_selection_extratrees_p1_20260529_183134,P3_mba_presence,MBA Presence,8,819,1219.0,0
shap_feature_selection_extratrees_p1_20260529_183134,P3_mba_presence,MBA Presence,8,820,1220.0,0
shap_feature_selection_extratrees_p1_20260529_183134,P3_mba_presence,MBA Presence,8,821,1221.0,0
shap_feature_selection_extratrees_p1_20260529_183134,P3_mba_presence,MBA Presence,8,822,1222.0,0
shap_feature_selection_extratrees_p1_20260529_183134,P3_mba_presence,MBA Presence,8,823,1223.0,0
shap_feature_selection_extratrees_p1_20260529_183134,P3_mba_presence,MBA Presence,8,824,1224.0,0
shap_feature_selection_extratrees_p1_20260529_183134,P3_mba_presence,MBA Presence,8,825,1225.0,0
shap_feature_selection_extratrees_p1_20260529_183134,P3_mba_presence,MBA Presence,8,826,1226.0,0
shap_feature_selection_extratrees_p1_20260529_183134,P3_mba_presence,MBA Presence,8,827,1227.0,0
shap_feature_selection_extratrees_p1_20260529_183134,P3_mba_presence,MBA Presence,8,828,1228.0,0
shap_feature_selection_extratrees_p1_20260529_183134,P3_mba_presence,MBA Presence,8,829,1229.0,0
shap_feature_selection_extratrees_p1_20260529_183134,P3_mba_presence,MBA Presence,8,830,1230.0,0
shap_feature_selection_extratrees_p1_20260529_183134,P3_mba_presence,MBA Presence,8,831,1231.0,0
shap_feature_selection_extratrees_p1_20260529_183134,P3_mba_presence,MBA Presence,8,832,1232.0,0
shap_feature_selection_extratrees_p1_20260529_183134,P3_mba_presence,MBA Presence,8,833,1233.0,0
shap_feature_selection_extratrees_p1_20260529_183134,P3_mba_presence,MBA Presence,8,834,1234.0,0
shap_feature_selection_extratrees_p1_20260529_183134,P3_mba_presence,MBA Presence,8,835,1235.0,0
shap_feature_selection_extratrees_p1_20260529_183134,P3_mba_presence,MBA Presence,8,836,1236.0,0
shap_feature_selection_extratrees_p1_20260529_183134,P3_mba_presence,MBA Presence,8,837,1237.0,0
shap_feature_selection_extratrees_p1_20260529_183134,P3_mba_presence,MBA Presence,8,838,1238.0,0
shap_feature_selection_extratrees_p1_20260529_183134,P3_mba_presence,MBA Presence,8,839,1239.0,0
shap_feature_selection_extratrees_p1_20260529_183134,P3_mba_presence,MBA Presence,8,840,1240.0,0
shap_feature_selection_extratrees_p1_20260529_183134,P3_mba_presence,MBA Presence,8,841,1241.0,0
shap_feature_selection_extratrees_p1_20260529_183134,P3_mba_presence,MBA Presence,8,842,1242.0,0
shap_feature_selection_extratrees_p1_20260529_183134,P3_mba_presence,MBA Presence,8,843,1243.0,0
shap_feature_selection_extratrees_p1_20260529_183134,P3_mba_presence,MBA Presence,8,844,1244.0,0
shap_feature_selection_extratrees_p1_20260529_183134,P3_mba_presence,MBA Presence,8,845,1245.0,0
shap_feature_selection_extratrees_p1_20260529_183134,P3_mba_presence,MBA Presence,8,846,1246.0,0
shap_feature_selection_extratrees_p1_20260529_183134,P3_mba_presence,MBA Presence,8,847,1247.0,0
shap_feature_selection_extratrees_p1_20260529_183134,P3_mba_presence,MBA Presence,8,848,1248.0,0
shap_feature_selection_extratrees_p1_20260529_183134,P3_mba_presence,MBA Presence,8,849,1249.0,0
shap_feature_selection_extratrees_p1_20260529_183134,P3_mba_presence,MBA Presence,8,850,1250.0,0
shap_feature_selection_extratrees_p1_20260529_183134,P3_mba_presence,MBA Presence,8,851,1251.0,0
shap_feature_selection_extratrees_p1_20260529_183134,P3_mba_presence,MBA Presence,8,852,1252.0,0
shap_feature_selection_extratrees_p1_20260529_183134,P3_mba_presence,MBA Presence,8,853,1253.0,0
shap_feature_selection_extratrees_p1_20260529_183134,P3_mba_presence,MBA Presence,8,854,1254.0,0
shap_feature_selection_extratrees_p1_20260529_183134,P3_mba_presence,MBA Presence,8,855,1255.0,0
shap_feature_selection_extratrees_p1_20260529_183134,P3_mba_presence,MBA Presence,8,856,1256.0,0
shap_feature_selection_extratrees_p1_20260529_183134,P3_mba_presence,MBA Presence,8,857,1257.0,0
shap_feature_selection_extratrees_p1_20260529_183134,P3_mba_presence,MBA Presence,8,858,1258.0,0
shap_feature_selection_extratrees_p1_20260529_183134,P3_mba_presence,MBA Presence,8,859,1259.0,0
shap_feature_selection_extratrees_p1_20260529_183134,P3_mba_presence,MBA Presence,8,860,1260.0,0
shap_feature_selection_extratrees_p1_20260529_183134,P3_mba_presence,MBA Presence,8,861,1261.0,0
shap_feature_selection_extratrees_p1_20260529_183134,P3_mba_presence,MBA Presence,8,862,1262.0,0
shap_feature_selection_extratrees_p1_20260529_183134,P3_mba_presence,MBA Presence,8,863,1263.0,0
shap_feature_selection_extratrees_p1_20260529_183134,P3_mba_presence,MBA Presence,8,864,1264.0,0
shap_feature_selection_extratrees_p1_20260529_183134,P3_mba_presence,MBA Presence,8,865,1265.0,0
shap_feature_selection_extratrees_p1_20260529_183134,P3_mba_presence,MBA Presence,8,866,1266.0,0
shap_feature_selection_extratrees_p1_20260529_183134,P3_mba_presence,MBA Presence,8,867,1267.0,0
shap_feature_selection_extratrees_p1_20260529_183134,P3_mba_presence,MBA Presence,8,868,1268.0,0
shap_feature_selection_extratrees_p1_20260529_183134,P3_mba_presence,MBA Presence,8,869,1269.0,0
shap_feature_selection_extratrees_p1_20260529_183134,P3_mba_presence,MBA Presence,8,870,1270.0,0
shap_feature_selection_extratrees_p1_20260529_183134,P3_mba_presence,MBA Presence,8,871,1271.0,0
shap_feature_selection_extratrees_p1_20260529_183134,P3_mba_presence,MBA Presence,8,872,1272.0,0
shap_feature_selection_extratrees_p1_20260529_183134,P3_mba_presence,MBA Presence,8,873,1273.0,0
shap_feature_selection_extratrees_p1_20260529_183134,P3_mba_presence,MBA Presence,8,874,1274.0,0
shap_feature_selection_extratrees_p1_20260529_183134,P3_mba_presence,MBA Presence,8,875,1275.0,0
shap_feature_selection_extratrees_p1_20260529_183134,P3_mba_presence,MBA Presence,8,876,1276.0,0
shap_feature_selection_extratrees_p1_20260529_183134,P3_mba_presence,MBA Presence,8,877,1277.0,0
shap_feature_selection_extratrees_p1_20260529_183134,P3_mba_presence,MBA Presence,8,878,1278.0,0
shap_feature_selection_extratrees_p1_20260529_183134,P3_mba_presence,MBA Presence,8,879,1279.0,0
shap_feature_selection_extratrees_p1_20260529_183134,P3_mba_presence,MBA Presence,8,880,1280.0,0
shap_feature_selection_extratrees_p1_20260529_183134,P3_mba_presence,MBA Presence,8,881,1281.0,0
shap_feature_selection_extratrees_p1_20260529_183134,P3_mba_presence,MBA Presence,8,882,1282.0,0
shap_feature_selection_extratrees_p1_20260529_183134,P3_mba_presence,MBA Presence,8,883,1283.0,0
shap_feature_selection_extratrees_p1_20260529_183134,P3_mba_presence,MBA Presence,8,884,1284.0,0
shap_feature_selection_extratrees_p1_20260529_183134,P3_mba_presence,MBA Presence,8,885,1285.0,0
shap_feature_selection_extratrees_p1_20260529_183134,P3_mba_presence,MBA Presence,8,886,1286.0,0
shap_feature_selection_extratrees_p1_20260529_183134,P3_mba_presence,MBA Presence,8,887,1287.0,0
shap_feature_selection_extratrees_p1_20260529_183134,P3_mba_presence,MBA Presence,8,888,1288.0,0
shap_feature_selection_extratrees_p1_20260529_183134,P3_mba_presence,MBA Presence,8,889,1289.0,0
shap_feature_selection_extratrees_p1_20260529_183134,P3_mba_presence,MBA Presence,8,890,1290.0,0
shap_feature_selection_extratrees_p1_20260529_183134,P3_mba_presence,MBA Presence,8,891,1291.0,0
shap_feature_selection_extratrees_p1_20260529_183134,P3_mba_presence,MBA Presence,8,892,1292.0,0
shap_feature_selection_extratrees_p1_20260529_183134,P3_mba_presence,MBA Presence,8,893,1293.0,0
shap_feature_selection_extratrees_p1_20260529_183134,P3_mba_presence,MBA Presence,8,894,1294.0,0
shap_feature_selection_extratrees_p1_20260529_183134,P3_mba_presence,MBA Presence,8,895,1295.0,0
shap_feature_selection_extratrees_p1_20260529_183134,P3_mba_presence,MBA Presence,8,896,1296.0,0
shap_feature_selection_extratrees_p1_20260529_183134,P3_mba_presence,MBA Presence,8,897,1297.0,0
shap_feature_selection_extratrees_p1_20260529_183134,P3_mba_presence,MBA Presence,8,898,1298.0,0
shap_feature_selection_extratrees_p1_20260529_183134,P3_mba_presence,MBA Presence,8,899,1299.0,0
shap_feature_selection_extratrees_p1_20260529_183134,P3_mba_presence,MBA Presence,8,900,1300.0,0
shap_feature_selection_extratrees_p1_20260529_183134,P3_mba_presence,MBA Presence,8,901,1301.0,0
shap_feature_selection_extratrees_p1_20260529_183134,P3_mba_presence,MBA Presence,8,902,1302.0,0
shap_feature_selection_extratrees_p1_20260529_183134,P3_mba_presence,MBA Presence,8,903,1303.0,0
shap_feature_selection_extratrees_p1_20260529_183134,P3_mba_presence,MBA Presence,8,904,1304.0,0
shap_feature_selection_extratrees_p1_20260529_183134,P3_mba_presence,MBA Presence,8,905,1305.0,0
shap_feature_selection_extratrees_p1_20260529_183134,P3_mba_presence,MBA Presence,8,906,1306.0,0
shap_feature_selection_extratrees_p1_20260529_183134,P3_mba_presence,MBA Presence,8,907,1307.0,0
shap_feature_selection_extratrees_p1_20260529_183134,P3_mba_presence,MBA Presence,8,908,1308.0,0
shap_feature_selection_extratrees_p1_20260529_183134,P3_mba_presence,MBA Presence,8,909,1309.0,0
shap_feature_selection_extratrees_p1_20260529_183134,P3_mba_presence,MBA Presence,8,910,1310.0,0
shap_feature_selection_extratrees_p1_20260529_183134,P3_mba_presence,MBA Presence,8,911,1311.0,0
shap_feature_selection_extratrees_p1_20260529_183134,P3_mba_presence,MBA Presence,8,912,1312.0,0
shap_feature_selection_extratrees_p1_20260529_183134,P3_mba_presence,MBA Presence,8,913,1313.0,0
shap_feature_selection_extratrees_p1_20260529_183134,P3_mba_presence,MBA Presence,8,914,1314.0,0
shap_feature_selection_extratrees_p1_20260529_183134,P3_mba_presence,MBA Presence,8,915,1315.0,0
shap_feature_selection_extratrees_p1_20260529_183134,P3_mba_presence,MBA Presence,8,916,1316.0,0
shap_feature_selection_extratrees_p1_20260529_183134,P3_mba_presence,MBA Presence,8,917,1317.0,0
shap_feature_selection_extratrees_p1_20260529_183134,P3_mba_presence,MBA Presence,8,918,1318.0,0
shap_feature_selection_extratrees_p1_20260529_183134,P3_mba_presence,MBA Presence,8,919,1319.0,0
shap_feature_selection_extratrees_p1_20260529_183134,P3_mba_presence,MBA Presence,8,920,1320.0,0
shap_feature_selection_extratrees_p1_20260529_183134,P3_mba_presence,MBA Presence,8,921,1321.0,0
shap_feature_selection_extratrees_p1_20260529_183134,P3_mba_presence,MBA Presence,8,922,1322.0,0
shap_feature_selection_extratrees_p1_20260529_183134,P3_mba_presence,MBA Presence,8,923,1323.0,0
shap_feature_selection_extratrees_p1_20260529_183134,P3_mba_presence,MBA Presence,8,924,1324.0,0
shap_feature_selection_extratrees_p1_20260529_183134,P3_mba_presence,MBA Presence,8,925,1325.0,0
shap_feature_selection_extratrees_p1_20260529_183134,P3_mba_presence,MBA Presence,8,926,1326.0,0
shap_feature_selection_extratrees_p1_20260529_183134,P3_mba_presence,MBA Presence,8,927,1327.0,0
shap_feature_selection_extratrees_p1_20260529_183134,P3_mba_presence,MBA Presence,8,928,1328.0,0
shap_feature_selection_extratrees_p1_20260529_183134,P3_mba_presence,MBA Presence,8,929,1329.0,0
shap_feature_selection_extratrees_p1_20260529_183134,P3_mba_presence,MBA Presence,8,930,1330.0,0
shap_feature_selection_extratrees_p1_20260529_183134,P3_mba_presence,MBA Presence,8,931,1331.0,0
shap_feature_selection_extratrees_p1_20260529_183134,P3_mba_presence,MBA Presence,8,932,1332.0,0
shap_feature_selection_extratrees_p1_20260529_183134,P3_mba_presence,MBA Presence,8,933,1333.0,0
shap_feature_selection_extratrees_p1_20260529_183134,P3_mba_presence,MBA Presence,8,934,1334.0,0
shap_feature_selection_extratrees_p1_20260529_183134,P3_mba_presence,MBA Presence,8,935,1335.0,0
shap_feature_selection_extratrees_p1_20260529_183134,P3_mba_presence,MBA Presence,8,936,1336.0,0
shap_feature_selection_extratrees_p1_20260529_183134,P3_mba_presence,MBA Presence,8,937,1337.0,0
shap_feature_selection_extratrees_p1_20260529_183134,P3_mba_presence,MBA Presence,8,938,1338.0,0
shap_feature_selection_extratrees_p1_20260529_183134,P3_mba_presence,MBA Presence,8,939,1339.0,0
shap_feature_selection_extratrees_p1_20260529_183134,P3_mba_presence,MBA Presence,8,940,1340.0,0
shap_feature_selection_extratrees_p1_20260529_183134,P3_mba_presence,MBA Presence,8,941,1341.0,0
shap_feature_selection_extratrees_p1_20260529_183134,P3_mba_presence,MBA Presence,8,942,1342.0,0
shap_feature_selection_extratrees_p1_20260529_183134,P3_mba_presence,MBA Presence,8,943,1343.0,0
shap_feature_selection_extratrees_p1_20260529_183134,P3_mba_presence,MBA Presence,8,944,1344.0,0
shap_feature_selection_extratrees_p1_20260529_183134,P3_mba_presence,MBA Presence,8,945,1345.0,0
shap_feature_selection_extratrees_p1_20260529_183134,P3_mba_presence,MBA Presence,8,946,1346.0,0
shap_feature_selection_extratrees_p1_20260529_183134,P3_mba_presence,MBA Presence,8,947,1347.0,0
shap_feature_selection_extratrees_p1_20260529_183134,P3_mba_presence,MBA Presence,8,948,1348.0,0
shap_feature_selection_extratrees_p1_20260529_183134,P3_mba_presence,MBA Presence,8,949,1349.0,0
shap_feature_selection_extratrees_p1_20260529_183134,P3_mba_presence,MBA Presence,8,950,1350.0,0
shap_feature_selection_extratrees_p1_20260529_183134,P3_mba_presence,MBA Presence,8,951,1351.0,0
shap_feature_selection_extratrees_p1_20260529_183134,P3_mba_presence,MBA Presence,8,952,1352.0,0
shap_feature_selection_extratrees_p1_20260529_183134,P3_mba_presence,MBA Presence,8,953,1353.0,0
shap_feature_selection_extratrees_p1_20260529_183134,P3_mba_presence,MBA Presence,8,954,1354.0,0
shap_feature_selection_extratrees_p1_20260529_183134,P3_mba_presence,MBA Presence,8,955,1355.0,0
shap_feature_selection_extratrees_p1_20260529_183134,P3_mba_presence,MBA Presence,8,956,1356.0,0
shap_feature_selection_extratrees_p1_20260529_183134,P3_mba_presence,MBA Presence,8,957,1357.0,0
shap_feature_selection_extratrees_p1_20260529_183134,P3_mba_presence,MBA Presence,8,958,1358.0,0
shap_feature_selection_extratrees_p1_20260529_183134,P3_mba_presence,MBA Presence,8,959,1359.0,0
shap_feature_selection_extratrees_p1_20260529_183134,P3_mba_presence,MBA Presence,8,960,1360.0,0
shap_feature_selection_extratrees_p1_20260529_183134,P3_mba_presence,MBA Presence,8,961,1361.0,0
shap_feature_selection_extratrees_p1_20260529_183134,P3_mba_presence,MBA Presence,8,962,1362.0,0
shap_feature_selection_extratrees_p1_20260529_183134,P3_mba_presence,MBA Presence,8,963,1363.0,0
shap_feature_selection_extratrees_p1_20260529_183134,P3_mba_presence,MBA Presence,8,964,1364.0,0
shap_feature_selection_extratrees_p1_20260529_183134,P3_mba_presence,MBA Presence,8,965,1365.0,0
shap_feature_selection_extratrees_p1_20260529_183134,P3_mba_presence,MBA Presence,8,966,1366.0,0
shap_feature_selection_extratrees_p1_20260529_183134,P3_mba_presence,MBA Presence,8,967,1367.0,0
shap_feature_selection_extratrees_p1_20260529_183134,P3_mba_presence,MBA Presence,8,968,1368.0,0
shap_feature_selection_extratrees_p1_20260529_183134,P3_mba_presence,MBA Presence,8,969,1369.0,0
shap_feature_selection_extratrees_p1_20260529_183134,P3_mba_presence,MBA Presence,8,970,1370.0,0
shap_feature_selection_extratrees_p1_20260529_183134,P3_mba_presence,MBA Presence,8,971,1371.0,0
shap_feature_selection_extratrees_p1_20260529_183134,P3_mba_presence,MBA Presence,8,972,1372.0,0
shap_feature_selection_extratrees_p1_20260529_183134,P3_mba_presence,MBA Presence,8,973,1373.0,0
shap_feature_selection_extratrees_p1_20260529_183134,P3_mba_presence,MBA Presence,8,974,1374.0,0
shap_feature_selection_extratrees_p1_20260529_183134,P3_mba_presence,MBA Presence,8,975,1375.0,0
shap_feature_selection_extratrees_p1_20260529_183134,P3_mba_presence,MBA Presence,8,976,1376.0,0
shap_feature_selection_extratrees_p1_20260529_183134,P3_mba_presence,MBA Presence,8,977,1377.0,0
shap_feature_selection_extratrees_p1_20260529_183134,P3_mba_presence,MBA Presence,8,978,1378.0,0
shap_feature_selection_extratrees_p1_20260529_183134,P3_mba_presence,MBA Presence,8,979,1379.0,0
shap_feature_selection_extratrees_p1_20260529_183134,P3_mba_presence,MBA Presence,8,980,1380.0,0
shap_feature_selection_extratrees_p1_20260529_183134,P3_mba_presence,MBA Presence,8,981,1381.0,0
shap_feature_selection_extratrees_p1_20260529_183134,P3_mba_presence,MBA Presence,8,982,1382.0,0
shap_feature_selection_extratrees_p1_20260529_183134,P3_mba_presence,MBA Presence,8,983,1383.0,0
shap_feature_selection_extratrees_p1_20260529_183134,P3_mba_presence,MBA Presence,8,984,1384.0,0
shap_feature_selection_extratrees_p1_20260529_183134,P3_mba_presence,MBA Presence,8,985,1385.0,0
shap_feature_selection_extratrees_p1_20260529_183134,P3_mba_presence,MBA Presence,8,986,1386.0,0
shap_feature_selection_extratrees_p1_20260529_183134,P3_mba_presence,MBA Presence,8,987,1387.0,0
shap_feature_selection_extratrees_p1_20260529_183134,P3_mba_presence,MBA Presence,8,988,1388.0,0
shap_feature_selection_extratrees_p1_20260529_183134,P3_mba_presence,MBA Presence,8,989,1389.0,0
shap_feature_selection_extratrees_p1_20260529_183134,P3_mba_presence,MBA Presence,8,990,1390.0,0
shap_feature_selection_extratrees_p1_20260529_183134,P3_mba_presence,MBA Presence,8,991,1391.0,0
shap_feature_selection_extratrees_p1_20260529_183134,P3_mba_presence,MBA Presence,8,992,1392.0,0
shap_feature_selection_extratrees_p1_20260529_183134,P3_mba_presence,MBA Presence,8,993,1393.0,0
shap_feature_selection_extratrees_p1_20260529_183134,P3_mba_presence,MBA Presence,8,994,1394.0,0
shap_feature_selection_extratrees_p1_20260529_183134,P3_mba_presence,MBA Presence,8,995,1395.0,0
shap_feature_selection_extratrees_p1_20260529_183134,P3_mba_presence,MBA Presence,8,996,1396.0,0
shap_feature_selection_extratrees_p1_20260529_183134,P3_mba_presence,MBA Presence,8,997,1397.0,0
shap_feature_selection_extratrees_p1_20260529_183134,P3_mba_presence,MBA Presence,8,998,1398.0,0
shap_feature_selection_extratrees_p1_20260529_183134,P3_mba_presence,MBA Presence,8,999,1399.0,0
shap_feature_selection_extratrees_p1_20260529_183134,P3_mba_presence,MBA Presence,8,1000,1400.0,0
shap_feature_selection_extratrees_p1_20260529_183134,P3_mba_presence,MBA Presence,8,1001,1401.0,0
shap_feature_selection_extratrees_p1_20260529_183134,P3_mba_presence,MBA Presence,8,1002,1402.0,0
shap_feature_selection_extratrees_p1_20260529_183134,P3_mba_presence,MBA Presence,8,1003,1403.0,0
shap_feature_selection_extratrees_p1_20260529_183134,P3_mba_presence,MBA Presence,8,1004,1404.0,0
shap_feature_selection_extratrees_p1_20260529_183134,P3_mba_presence,MBA Presence,8,1005,1405.0,0
shap_feature_selection_extratrees_p1_20260529_183134,P3_mba_presence,MBA Presence,8,1006,1406.0,0
shap_feature_selection_extratrees_p1_20260529_183134,P3_mba_presence,MBA Presence,8,1007,1407.0,0
shap_feature_selection_extratrees_p1_20260529_183134,P3_mba_presence,MBA Presence,8,1008,1408.0,0
shap_feature_selection_extratrees_p1_20260529_183134,P3_mba_presence,MBA Presence,8,1009,1409.0,0
shap_feature_selection_extratrees_p1_20260529_183134,P3_mba_presence,MBA Presence,8,1010,1410.0,0
shap_feature_selection_extratrees_p1_20260529_183134,P3_mba_presence,MBA Presence,8,1011,1411.0,0
shap_feature_selection_extratrees_p1_20260529_183134,P3_mba_presence,MBA Presence,8,1012,1412.0,0
shap_feature_selection_extratrees_p1_20260529_183134,P3_mba_presence,MBA Presence,8,1013,1413.0,0
shap_feature_selection_extratrees_p1_20260529_183134,P3_mba_presence,MBA Presence,8,1014,1414.0,0
shap_feature_selection_extratrees_p1_20260529_183134,P3_mba_presence,MBA Presence,8,1015,1415.0,0
shap_feature_selection_extratrees_p1_20260529_183134,P3_mba_presence,MBA Presence,8,1016,1416.0,0
shap_feature_selection_extratrees_p1_20260529_183134,P3_mba_presence,MBA Presence,8,1017,1417.0,0
shap_feature_selection_extratrees_p1_20260529_183134,P3_mba_presence,MBA Presence,8,1018,1418.0,0
shap_feature_selection_extratrees_p1_20260529_183134,P3_mba_presence,MBA Presence,8,1019,1419.0,0
shap_feature_selection_extratrees_p1_20260529_183134,P3_mba_presence,MBA Presence,8,1020,1420.0,0
shap_feature_selection_extratrees_p1_20260529_183134,P3_mba_presence,MBA Presence,8,1021,1421.0,0
shap_feature_selection_extratrees_p1_20260529_183134,P3_mba_presence,MBA Presence,8,1022,1422.0,0
shap_feature_selection_extratrees_p1_20260529_183134,P3_mba_presence,MBA Presence,8,1023,1423.0,0
shap_feature_selection_extratrees_p1_20260529_183134,P3_mba_presence,MBA Presence,8,1024,1424.0,0
shap_feature_selection_extratrees_p1_20260529_183134,P3_mba_presence,MBA Presence,8,1025,1425.0,0
shap_feature_selection_extratrees_p1_20260529_183134,P3_mba_presence,MBA Presence,8,1026,1426.0,0
shap_feature_selection_extratrees_p1_20260529_183134,P3_mba_presence,MBA Presence,8,1027,1427.0,0
shap_feature_selection_extratrees_p1_20260529_183134,P3_mba_presence,MBA Presence,8,1028,1428.0,0
shap_feature_selection_extratrees_p1_20260529_183134,P3_mba_presence,MBA Presence,8,1029,1429.0,0
shap_feature_selection_extratrees_p1_20260529_183134,P3_mba_presence,MBA Presence,8,1030,1430.0,0
shap_feature_selection_extratrees_p1_20260529_183134,P3_mba_presence,MBA Presence,8,1031,1431.0,0
shap_feature_selection_extratrees_p1_20260529_183134,P3_mba_presence,MBA Presence,8,1032,1432.0,0
shap_feature_selection_extratrees_p1_20260529_183134,P3_mba_presence,MBA Presence,8,1033,1433.0,0
shap_feature_selection_extratrees_p1_20260529_183134,P3_mba_presence,MBA Presence,8,1034,1434.0,0
shap_feature_selection_extratrees_p1_20260529_183134,P3_mba_presence,MBA Presence,8,1035,1435.0,0
shap_feature_selection_extratrees_p1_20260529_183134,P3_mba_presence,MBA Presence,8,1036,1436.0,0
shap_feature_selection_extratrees_p1_20260529_183134,P3_mba_presence,MBA Presence,8,1037,1437.0,0
shap_feature_selection_extratrees_p1_20260529_183134,P3_mba_presence,MBA Presence,8,1038,1438.0,0
shap_feature_selection_extratrees_p1_20260529_183134,P3_mba_presence,MBA Presence,8,1039,1439.0,0
shap_feature_selection_extratrees_p1_20260529_183134,P3_mba_presence,MBA Presence,8,1040,1440.0,0
shap_feature_selection_extratrees_p1_20260529_183134,P3_mba_presence,MBA Presence,8,1041,1441.0,0
shap_feature_selection_extratrees_p1_20260529_183134,P3_mba_presence,MBA Presence,8,1042,1442.0,0
shap_feature_selection_extratrees_p1_20260529_183134,P3_mba_presence,MBA Presence,8,1043,1443.0,0
shap_feature_selection_extratrees_p1_20260529_183134,P3_mba_presence,MBA Presence,8,1044,1444.0,0
shap_feature_selection_extratrees_p1_20260529_183134,P3_mba_presence,MBA Presence,8,1045,1445.0,0
shap_feature_selection_extratrees_p1_20260529_183134,P3_mba_presence,MBA Presence,8,1046,1446.0,0
shap_feature_selection_extratrees_p1_20260529_183134,P3_mba_presence,MBA Presence,8,1047,1447.0,0
shap_feature_selection_extratrees_p1_20260529_183134,P3_mba_presence,MBA Presence,8,1048,1448.0,0
shap_feature_selection_extratrees_p1_20260529_183134,P3_mba_presence,MBA Presence,8,1049,1449.0,0
shap_feature_selection_extratrees_p1_20260529_183134,P3_mba_presence,MBA Presence,8,1050,1450.0,0
shap_feature_selection_extratrees_p1_20260529_183134,P3_mba_presence,MBA Presence,8,1051,1451.0,0
shap_feature_selection_extratrees_p1_20260529_183134,P3_mba_presence,MBA Presence,8,1052,1452.0,0
shap_feature_selection_extratrees_p1_20260529_183134,P3_mba_presence,MBA Presence,8,1053,1453.0,0
shap_feature_selection_extratrees_p1_20260529_183134,P3_mba_presence,MBA Presence,8,1054,1454.0,0
shap_feature_selection_extratrees_p1_20260529_183134,P3_mba_presence,MBA Presence,8,1055,1455.0,0
shap_feature_selection_extratrees_p1_20260529_183134,P3_mba_presence,MBA Presence,8,1056,1456.0,0
shap_feature_selection_extratrees_p1_20260529_183134,P3_mba_presence,MBA Presence,8,1057,1457.0,0
shap_feature_selection_extratrees_p1_20260529_183134,P3_mba_presence,MBA Presence,8,1058,1458.0,0
shap_feature_selection_extratrees_p1_20260529_183134,P3_mba_presence,MBA Presence,8,1059,1459.0,0
shap_feature_selection_extratrees_p1_20260529_183134,P3_mba_presence,MBA Presence,8,1060,1460.0,0
shap_feature_selection_extratrees_p1_20260529_183134,P3_mba_presence,MBA Presence,8,1061,1461.0,0
shap_feature_selection_extratrees_p1_20260529_183134,P3_mba_presence,MBA Presence,8,1062,1462.0,0
shap_feature_selection_extratrees_p1_20260529_183134,P3_mba_presence,MBA Presence,8,1063,1463.0,0
shap_feature_selection_extratrees_p1_20260529_183134,P3_mba_presence,MBA Presence,8,1064,1464.0,0
shap_feature_selection_extratrees_p1_20260529_183134,P3_mba_presence,MBA Presence,8,1065,1465.0,0
shap_feature_selection_extratrees_p1_20260529_183134,P3_mba_presence,MBA Presence,8,1066,1466.0,0
shap_feature_selection_extratrees_p1_20260529_183134,P3_mba_presence,MBA Presence,8,1067,1467.0,0
shap_feature_selection_extratrees_p1_20260529_183134,P3_mba_presence,MBA Presence,8,1068,1468.0,0
shap_feature_selection_extratrees_p1_20260529_183134,P3_mba_presence,MBA Presence,8,1069,1469.0,0
shap_feature_selection_extratrees_p1_20260529_183134,P3_mba_presence,MBA Presence,8,1070,1470.0,0
shap_feature_selection_extratrees_p1_20260529_183134,P3_mba_presence,MBA Presence,8,1071,1471.0,0
shap_feature_selection_extratrees_p1_20260529_183134,P3_mba_presence,MBA Presence,8,1072,1472.0,0
shap_feature_selection_extratrees_p1_20260529_183134,P3_mba_presence,MBA Presence,8,1073,1473.0,0
shap_feature_selection_extratrees_p1_20260529_183134,P3_mba_presence,MBA Presence,8,1074,1474.0,0
shap_feature_selection_extratrees_p1_20260529_183134,P3_mba_presence,MBA Presence,8,1075,1475.0,0
shap_feature_selection_extratrees_p1_20260529_183134,P3_mba_presence,MBA Presence,8,1076,1476.0,0
shap_feature_selection_extratrees_p1_20260529_183134,P3_mba_presence,MBA Presence,8,1077,1477.0,0
shap_feature_selection_extratrees_p1_20260529_183134,P3_mba_presence,MBA Presence,8,1078,1478.0,0
shap_feature_selection_extratrees_p1_20260529_183134,P3_mba_presence,MBA Presence,8,1079,1479.0,0
shap_feature_selection_extratrees_p1_20260529_183134,P3_mba_presence,MBA Presence,8,1080,1480.0,0
shap_feature_selection_extratrees_p1_20260529_183134,P3_mba_presence,MBA Presence,8,1081,1481.0,0
shap_feature_selection_extratrees_p1_20260529_183134,P3_mba_presence,MBA Presence,8,1082,1482.0,0
shap_feature_selection_extratrees_p1_20260529_183134,P3_mba_presence,MBA Presence,8,1083,1483.0,0
shap_feature_selection_extratrees_p1_20260529_183134,P3_mba_presence,MBA Presence,8,1084,1484.0,0
shap_feature_selection_extratrees_p1_20260529_183134,P3_mba_presence,MBA Presence,8,1085,1485.0,0
shap_feature_selection_extratrees_p1_20260529_183134,P3_mba_presence,MBA Presence,8,1086,1486.0,0
shap_feature_selection_extratrees_p1_20260529_183134,P3_mba_presence,MBA Presence,8,1087,1487.0,0
shap_feature_selection_extratrees_p1_20260529_183134,P3_mba_presence,MBA Presence,8,1088,1488.0,0
shap_feature_selection_extratrees_p1_20260529_183134,P3_mba_presence,MBA Presence,8,1089,1489.0,0
shap_feature_selection_extratrees_p1_20260529_183134,P3_mba_presence,MBA Presence,8,1090,1490.0,0
shap_feature_selection_extratrees_p1_20260529_183134,P3_mba_presence,MBA Presence,8,1091,1491.0,0
shap_feature_selection_extratrees_p1_20260529_183134,P3_mba_presence,MBA Presence,8,1092,1492.0,0
shap_feature_selection_extratrees_p1_20260529_183134,P3_mba_presence,MBA Presence,8,1093,1493.0,0
shap_feature_selection_extratrees_p1_20260529_183134,P3_mba_presence,MBA Presence,8,1094,1494.0,0
shap_feature_selection_extratrees_p1_20260529_183134,P3_mba_presence,MBA Presence,8,1095,1495.0,0
shap_feature_selection_extratrees_p1_20260529_183134,P3_mba_presence,MBA Presence,8,1096,1496.0,0
shap_feature_selection_extratrees_p1_20260529_183134,P3_mba_presence,MBA Presence,8,1097,1497.0,0
shap_feature_selection_extratrees_p1_20260529_183134,P3_mba_presence,MBA Presence,8,1098,1498.0,0
shap_feature_selection_extratrees_p1_20260529_183134,P3_mba_presence,MBA Presence,8,1099,1499.0,0
shap_feature_selection_extratrees_p1_20260529_183134,P3_mba_presence,MBA Presence,8,1100,1500.0,0
shap_feature_selection_extratrees_p1_20260529_183134,P3_mba_presence,MBA Presence,8,1101,1501.0,0
shap_feature_selection_extratrees_p1_20260529_183134,P3_mba_presence,MBA Presence,8,1102,1502.0,0
shap_feature_selection_extratrees_p1_20260529_183134,P3_mba_presence,MBA Presence,8,1103,1503.0,0
shap_feature_selection_extratrees_p1_20260529_183134,P3_mba_presence,MBA Presence,8,1104,1504.0,0
shap_feature_selection_extratrees_p1_20260529_183134,P3_mba_presence,MBA Presence,8,1105,1505.0,0
shap_feature_selection_extratrees_p1_20260529_183134,P3_mba_presence,MBA Presence,8,1106,1506.0,0
shap_feature_selection_extratrees_p1_20260529_183134,P3_mba_presence,MBA Presence,8,1107,1507.0,0
shap_feature_selection_extratrees_p1_20260529_183134,P3_mba_presence,MBA Presence,8,1108,1508.0,0
shap_feature_selection_extratrees_p1_20260529_183134,P3_mba_presence,MBA Presence,8,1109,1509.0,0
shap_feature_selection_extratrees_p1_20260529_183134,P3_mba_presence,MBA Presence,8,1110,1510.0,0
shap_feature_selection_extratrees_p1_20260529_183134,P3_mba_presence,MBA Presence,8,1111,1511.0,0
shap_feature_selection_extratrees_p1_20260529_183134,P3_mba_presence,MBA Presence,8,1112,1512.0,0
shap_feature_selection_extratrees_p1_20260529_183134,P3_mba_presence,MBA Presence,8,1113,1513.0,0
shap_feature_selection_extratrees_p1_20260529_183134,P3_mba_presence,MBA Presence,8,1114,1514.0,0
shap_feature_selection_extratrees_p1_20260529_183134,P3_mba_presence,MBA Presence,8,1115,1515.0,0
shap_feature_selection_extratrees_p1_20260529_183134,P3_mba_presence,MBA Presence,8,1116,1516.0,0
shap_feature_selection_extratrees_p1_20260529_183134,P3_mba_presence,MBA Presence,8,1117,1517.0,0
shap_feature_selection_extratrees_p1_20260529_183134,P3_mba_presence,MBA Presence,8,1118,1518.0,0
shap_feature_selection_extratrees_p1_20260529_183134,P3_mba_presence,MBA Presence,8,1119,1519.0,0
shap_feature_selection_extratrees_p1_20260529_183134,P3_mba_presence,MBA Presence,8,1120,1520.0,0
shap_feature_selection_extratrees_p1_20260529_183134,P3_mba_presence,MBA Presence,8,1121,1521.0,0
shap_feature_selection_extratrees_p1_20260529_183134,P3_mba_presence,MBA Presence,8,1122,1522.0,0
shap_feature_selection_extratrees_p1_20260529_183134,P3_mba_presence,MBA Presence,8,1123,1523.0,0
shap_feature_selection_extratrees_p1_20260529_183134,P3_mba_presence,MBA Presence,8,1124,1524.0,0
shap_feature_selection_extratrees_p1_20260529_183134,P3_mba_presence,MBA Presence,8,1125,1525.0,0
shap_feature_selection_extratrees_p1_20260529_183134,P3_mba_presence,MBA Presence,8,1126,1526.0,0
shap_feature_selection_extratrees_p1_20260529_183134,P3_mba_presence,MBA Presence,8,1127,1527.0,0
shap_feature_selection_extratrees_p1_20260529_183134,P3_mba_presence,MBA Presence,8,1128,1528.0,0
shap_feature_selection_extratrees_p1_20260529_183134,P3_mba_presence,MBA Presence,8,1129,1529.0,0
shap_feature_selection_extratrees_p1_20260529_183134,P3_mba_presence,MBA Presence,8,1130,1530.0,0
shap_feature_selection_extratrees_p1_20260529_183134,P3_mba_presence,MBA Presence,8,1131,1531.0,0
shap_feature_selection_extratrees_p1_20260529_183134,P3_mba_presence,MBA Presence,8,1132,1532.0,0
shap_feature_selection_extratrees_p1_20260529_183134,P3_mba_presence,MBA Presence,8,1133,1533.0,0
shap_feature_selection_extratrees_p1_20260529_183134,P3_mba_presence,MBA Presence,8,1134,1534.0,0
shap_feature_selection_extratrees_p1_20260529_183134,P3_mba_presence,MBA Presence,8,1135,1535.0,0
shap_feature_selection_extratrees_p1_20260529_183134,P3_mba_presence,MBA Presence,8,1136,1536.0,0
shap_feature_selection_extratrees_p1_20260529_183134,P3_mba_presence,MBA Presence,8,1137,1537.0,0
shap_feature_selection_extratrees_p1_20260529_183134,P3_mba_presence,MBA Presence,8,1138,1538.0,0
shap_feature_selection_extratrees_p1_20260529_183134,P3_mba_presence,MBA Presence,8,1139,1539.0,0
shap_feature_selection_extratrees_p1_20260529_183134,P3_mba_presence,MBA Presence,8,1140,1540.0,0
shap_feature_selection_extratrees_p1_20260529_183134,P3_mba_presence,MBA Presence,8,1141,1541.0,0
shap_feature_selection_extratrees_p1_20260529_183134,P3_mba_presence,MBA Presence,8,1142,1542.0,0
shap_feature_selection_extratrees_p1_20260529_183134,P3_mba_presence,MBA Presence,8,1143,1543.0,0
shap_feature_selection_extratrees_p1_20260529_183134,P3_mba_presence,MBA Presence,8,1144,1544.0,0
shap_feature_selection_extratrees_p1_20260529_183134,P3_mba_presence,MBA Presence,8,1145,1545.0,0
shap_feature_selection_extratrees_p1_20260529_183134,P3_mba_presence,MBA Presence,8,1146,1546.0,0
shap_feature_selection_extratrees_p1_20260529_183134,P3_mba_presence,MBA Presence,8,1147,1547.0,0
shap_feature_selection_extratrees_p1_20260529_183134,P3_mba_presence,MBA Presence,8,1148,1548.0,0
shap_feature_selection_extratrees_p1_20260529_183134,P3_mba_presence,MBA Presence,8,1149,1549.0,0
shap_feature_selection_extratrees_p1_20260529_183134,P3_mba_presence,MBA Presence,8,1150,1550.0,0
shap_feature_selection_extratrees_p1_20260529_183134,P3_mba_presence,MBA Presence,8,1151,1551.0,0
shap_feature_selection_extratrees_p1_20260529_183134,P3_mba_presence,MBA Presence,8,1152,1552.0,0
shap_feature_selection_extratrees_p1_20260529_183134,P3_mba_presence,MBA Presence,8,1153,1553.0,0
shap_feature_selection_extratrees_p1_20260529_183134,P3_mba_presence,MBA Presence,8,1154,1554.0,0
shap_feature_selection_extratrees_p1_20260529_183134,P3_mba_presence,MBA Presence,8,1155,1555.0,0
shap_feature_selection_extratrees_p1_20260529_183134,P3_mba_presence,MBA Presence,8,1156,1556.0,0
shap_feature_selection_extratrees_p1_20260529_183134,P3_mba_presence,MBA Presence,8,1157,1557.0,0
shap_feature_selection_extratrees_p1_20260529_183134,P3_mba_presence,MBA Presence,8,1158,1558.0,0
shap_feature_selection_extratrees_p1_20260529_183134,P3_mba_presence,MBA Presence,8,1159,1559.0,0
shap_feature_selection_extratrees_p1_20260529_183134,P3_mba_presence,MBA Presence,8,1160,1560.0,0
shap_feature_selection_extratrees_p1_20260529_183134,P3_mba_presence,MBA Presence,8,1161,1561.0,0
shap_feature_selection_extratrees_p1_20260529_183134,P3_mba_presence,MBA Presence,8,1162,1562.0,0
shap_feature_selection_extratrees_p1_20260529_183134,P3_mba_presence,MBA Presence,8,1163,1563.0,0
shap_feature_selection_extratrees_p1_20260529_183134,P3_mba_presence,MBA Presence,8,1164,1564.0,1
shap_feature_selection_extratrees_p1_20260529_183134,P3_mba_presence,MBA Presence,8,1165,1565.0,1
shap_feature_selection_extratrees_p1_20260529_183134,P3_mba_presence,MBA Presence,8,1166,1566.0,1
shap_feature_selection_extratrees_p1_20260529_183134,P3_mba_presence,MBA Presence,8,1167,1567.0,1
shap_feature_selection_extratrees_p1_20260529_183134,P3_mba_presence,MBA Presence,8,1168,1568.0,1
shap_feature_selection_extratrees_p1_20260529_183134,P3_mba_presence,MBA Presence,8,1169,1569.0,1
shap_feature_selection_extratrees_p1_20260529_183134,P3_mba_presence,MBA Presence,8,1170,1570.0,1
shap_feature_selection_extratrees_p1_20260529_183134,P3_mba_presence,MBA Presence,8,1171,1571.0,1
shap_feature_selection_extratrees_p1_20260529_183134,P3_mba_presence,MBA Presence,8,1172,1572.0,1
shap_feature_selection_extratrees_p1_20260529_183134,P3_mba_presence,MBA Presence,8,1173,1573.0,1
shap_feature_selection_extratrees_p1_20260529_183134,P3_mba_presence,MBA Presence,8,1174,1574.0,1
shap_feature_selection_extratrees_p1_20260529_183134,P3_mba_presence,MBA Presence,8,1175,1575.0,1
shap_feature_selection_extratrees_p1_20260529_183134,P3_mba_presence,MBA Presence,8,1176,1576.0,1
shap_feature_selection_extratrees_p1_20260529_183134,P3_mba_presence,MBA Presence,8,1177,1577.0,1
shap_feature_selection_extratrees_p1_20260529_183134,P3_mba_presence,MBA Presence,8,1178,1578.0,1
shap_feature_selection_extratrees_p1_20260529_183134,P3_mba_presence,MBA Presence,8,1179,1579.0,1
shap_feature_selection_extratrees_p1_20260529_183134,P3_mba_presence,MBA Presence,8,1180,1580.0,1
shap_feature_selection_extratrees_p1_20260529_183134,P3_mba_presence,MBA Presence,8,1181,1581.0,1
shap_feature_selection_extratrees_p1_20260529_183134,P3_mba_presence,MBA Presence,8,1182,1582.0,1
shap_feature_selection_extratrees_p1_20260529_183134,P3_mba_presence,MBA Presence,8,1183,1583.0,1
shap_feature_selection_extratrees_p1_20260529_183134,P3_mba_presence,MBA Presence,8,1184,1584.0,1
shap_feature_selection_extratrees_p1_20260529_183134,P3_mba_presence,MBA Presence,8,1185,1585.0,1
shap_feature_selection_extratrees_p1_20260529_183134,P3_mba_presence,MBA Presence,8,1186,1586.0,0
shap_feature_selection_extratrees_p1_20260529_183134,P3_mba_presence,MBA Presence,8,1187,1587.0,0
shap_feature_selection_extratrees_p1_20260529_183134,P3_mba_presence,MBA Presence,8,1188,1588.0,0
shap_feature_selection_extratrees_p1_20260529_183134,P3_mba_presence,MBA Presence,8,1189,1589.0,0
shap_feature_selection_extratrees_p1_20260529_183134,P3_mba_presence,MBA Presence,8,1190,1590.0,0
shap_feature_selection_extratrees_p1_20260529_183134,P3_mba_presence,MBA Presence,8,1191,1591.0,0
shap_feature_selection_extratrees_p1_20260529_183134,P3_mba_presence,MBA Presence,8,1192,1592.0,0
shap_feature_selection_extratrees_p1_20260529_183134,P3_mba_presence,MBA Presence,8,1193,1593.0,0
shap_feature_selection_extratrees_p1_20260529_183134,P3_mba_presence,MBA Presence,8,1194,1594.0,0
shap_feature_selection_extratrees_p1_20260529_183134,P3_mba_presence,MBA Presence,8,1195,1595.0,0
shap_feature_selection_extratrees_p1_20260529_183134,P3_mba_presence,MBA Presence,8,1196,1596.0,0
shap_feature_selection_extratrees_p1_20260529_183134,P3_mba_presence,MBA Presence,8,1197,1597.0,0
shap_feature_selection_extratrees_p1_20260529_183134,P3_mba_presence,MBA Presence,8,1198,1598.0,0
shap_feature_selection_extratrees_p1_20260529_183134,P3_mba_presence,MBA Presence,8,1199,1599.0,0
shap_feature_selection_extratrees_p1_20260529_183134,P3_mba_presence,MBA Presence,8,1200,1600.0,0
shap_feature_selection_extratrees_p1_20260529_183134,P3_mba_presence,MBA Presence,8,1201,1601.0,0
shap_feature_selection_extratrees_p1_20260529_183134,P3_mba_presence,MBA Presence,8,1202,1602.0,0
shap_feature_selection_extratrees_p1_20260529_183134,P3_mba_presence,MBA Presence,8,1203,1603.0,0
shap_feature_selection_extratrees_p1_20260529_183134,P3_mba_presence,MBA Presence,8,1204,1604.0,0
shap_feature_selection_extratrees_p1_20260529_183134,P3_mba_presence,MBA Presence,8,1205,1605.0,0
shap_feature_selection_extratrees_p1_20260529_183134,P3_mba_presence,MBA Presence,8,1206,1606.0,0
shap_feature_selection_extratrees_p1_20260529_183134,P3_mba_presence,MBA Presence,8,1207,1607.0,0
shap_feature_selection_extratrees_p1_20260529_183134,P3_mba_presence,MBA Presence,8,1208,1608.0,0
shap_feature_selection_extratrees_p1_20260529_183134,P3_mba_presence,MBA Presence,8,1209,1609.0,0
shap_feature_selection_extratrees_p1_20260529_183134,P3_mba_presence,MBA Presence,8,1210,1610.0,0
shap_feature_selection_extratrees_p1_20260529_183134,P3_mba_presence,MBA Presence,8,1211,1611.0,0
shap_feature_selection_extratrees_p1_20260529_183134,P3_mba_presence,MBA Presence,8,1212,1612.0,0
shap_feature_selection_extratrees_p1_20260529_183134,P3_mba_presence,MBA Presence,8,1213,1613.0,0
shap_feature_selection_extratrees_p1_20260529_183134,P3_mba_presence,MBA Presence,8,1214,1614.0,0
shap_feature_selection_extratrees_p1_20260529_183134,P3_mba_presence,MBA Presence,8,1215,1615.0,0
shap_feature_selection_extratrees_p1_20260529_183134,P3_mba_presence,MBA Presence,8,1216,1616.0,0
shap_feature_selection_extratrees_p1_20260529_183134,P3_mba_presence,MBA Presence,8,1217,1617.0,0
shap_feature_selection_extratrees_p1_20260529_183134,P3_mba_presence,MBA Presence,8,1218,1618.0,1
shap_feature_selection_extratrees_p1_20260529_183134,P3_mba_presence,MBA Presence,8,1219,1619.0,0
shap_feature_selection_extratrees_p1_20260529_183134,P3_mba_presence,MBA Presence,8,1220,1620.0,0
shap_feature_selection_extratrees_p1_20260529_183134,P3_mba_presence,MBA Presence,8,1221,1621.0,0
shap_feature_selection_extratrees_p1_20260529_183134,P3_mba_presence,MBA Presence,8,1222,1622.0,0
shap_feature_selection_extratrees_p1_20260529_183134,P3_mba_presence,MBA Presence,8,1223,1623.0,0
shap_feature_selection_extratrees_p1_20260529_183134,P3_mba_presence,MBA Presence,8,1224,1624.0,0
shap_feature_selection_extratrees_p1_20260529_183134,P3_mba_presence,MBA Presence,8,1225,1625.0,0
shap_feature_selection_extratrees_p1_20260529_183134,P3_mba_presence,MBA Presence,8,1226,1626.0,0
shap_feature_selection_extratrees_p1_20260529_183134,P3_mba_presence,MBA Presence,8,1227,1627.0,0
shap_feature_selection_extratrees_p1_20260529_183134,P3_mba_presence,MBA Presence,8,1228,1628.0,0
shap_feature_selection_extratrees_p1_20260529_183134,P3_mba_presence,MBA Presence,8,1229,1629.0,0
shap_feature_selection_extratrees_p1_20260529_183134,P3_mba_presence,MBA Presence,8,1230,1630.0,0
shap_feature_selection_extratrees_p1_20260529_183134,P3_mba_presence,MBA Presence,8,1231,1631.0,0
shap_feature_selection_extratrees_p1_20260529_183134,P3_mba_presence,MBA Presence,8,1232,1632.0,0
shap_feature_selection_extratrees_p1_20260529_183134,P3_mba_presence,MBA Presence,8,1233,1633.0,0
shap_feature_selection_extratrees_p1_20260529_183134,P3_mba_presence,MBA Presence,8,1234,1634.0,0
shap_feature_selection_extratrees_p1_20260529_183134,P3_mba_presence,MBA Presence,8,1235,1635.0,0
shap_feature_selection_extratrees_p1_20260529_183134,P3_mba_presence,MBA Presence,8,1236,1636.0,0
shap_feature_selection_extratrees_p1_20260529_183134,P3_mba_presence,MBA Presence,8,1237,1637.0,0
shap_feature_selection_extratrees_p1_20260529_183134,P3_mba_presence,MBA Presence,8,1238,1638.0,0
shap_feature_selection_extratrees_p1_20260529_183134,P3_mba_presence,MBA Presence,8,1239,1639.0,0
shap_feature_selection_extratrees_p1_20260529_183134,P3_mba_presence,MBA Presence,8,1240,1640.0,0
shap_feature_selection_extratrees_p1_20260529_183134,P3_mba_presence,MBA Presence,8,1241,1641.0,0
shap_feature_selection_extratrees_p1_20260529_183134,P3_mba_presence,MBA Presence,8,1242,1642.0,0
shap_feature_selection_extratrees_p1_20260529_183134,P3_mba_presence,MBA Presence,8,1243,1643.0,0
shap_feature_selection_extratrees_p1_20260529_183134,P3_mba_presence,MBA Presence,8,1244,1644.0,0
shap_feature_selection_extratrees_p1_20260529_183134,P3_mba_presence,MBA Presence,8,1245,1645.0,0
shap_feature_selection_extratrees_p1_20260529_183134,P3_mba_presence,MBA Presence,8,1246,1646.0,0
shap_feature_selection_extratrees_p1_20260529_183134,P3_mba_presence,MBA Presence,8,1247,1647.0,0
shap_feature_selection_extratrees_p1_20260529_183134,P3_mba_presence,MBA Presence,8,1248,1648.0,0
shap_feature_selection_extratrees_p1_20260529_183134,P3_mba_presence,MBA Presence,8,1249,1649.0,0
shap_feature_selection_extratrees_p1_20260529_183134,P3_mba_presence,MBA Presence,8,1250,1650.0,0
shap_feature_selection_extratrees_p1_20260529_183134,P3_mba_presence,MBA Presence,8,1251,1651.0,0
shap_feature_selection_extratrees_p1_20260529_183134,P3_mba_presence,MBA Presence,8,1252,1652.0,0
shap_feature_selection_extratrees_p1_20260529_183134,P3_mba_presence,MBA Presence,8,1253,1653.0,0
shap_feature_selection_extratrees_p1_20260529_183134,P3_mba_presence,MBA Presence,8,1254,1654.0,0
shap_feature_selection_extratrees_p1_20260529_183134,P3_mba_presence,MBA Presence,8,1255,1655.0,0
shap_feature_selection_extratrees_p1_20260529_183134,P3_mba_presence,MBA Presence,8,1256,1656.0,0
shap_feature_selection_extratrees_p1_20260529_183134,P3_mba_presence,MBA Presence,8,1257,1657.0,0
shap_feature_selection_extratrees_p1_20260529_183134,P3_mba_presence,MBA Presence,8,1258,1658.0,0
shap_feature_selection_extratrees_p1_20260529_183134,P3_mba_presence,MBA Presence,8,1259,1659.0,0
shap_feature_selection_extratrees_p1_20260529_183134,P3_mba_presence,MBA Presence,8,1260,1660.0,0
shap_feature_selection_extratrees_p1_20260529_183134,P3_mba_presence,MBA Presence,8,1261,1661.0,0
shap_feature_selection_extratrees_p1_20260529_183134,P3_mba_presence,MBA Presence,8,1262,1662.0,0
shap_feature_selection_extratrees_p1_20260529_183134,P3_mba_presence,MBA Presence,8,1263,1663.0,0
shap_feature_selection_extratrees_p1_20260529_183134,P3_mba_presence,MBA Presence,8,1264,1664.0,0
shap_feature_selection_extratrees_p1_20260529_183134,P3_mba_presence,MBA Presence,8,1265,1665.0,0
shap_feature_selection_extratrees_p1_20260529_183134,P3_mba_presence,MBA Presence,8,1266,1666.0,0
shap_feature_selection_extratrees_p1_20260529_183134,P3_mba_presence,MBA Presence,8,1267,1667.0,0
shap_feature_selection_extratrees_p1_20260529_183134,P3_mba_presence,MBA Presence,8,1268,1668.0,0
shap_feature_selection_extratrees_p1_20260529_183134,P3_mba_presence,MBA Presence,8,1269,1669.0,0
shap_feature_selection_extratrees_p1_20260529_183134,P3_mba_presence,MBA Presence,8,1270,1670.0,0
shap_feature_selection_extratrees_p1_20260529_183134,P3_mba_presence,MBA Presence,8,1271,1671.0,0
shap_feature_selection_extratrees_p1_20260529_183134,P3_mba_presence,MBA Presence,8,1272,1672.0,0
shap_feature_selection_extratrees_p1_20260529_183134,P3_mba_presence,MBA Presence,8,1273,1673.0,0
shap_feature_selection_extratrees_p1_20260529_183134,P3_mba_presence,MBA Presence,8,1274,1674.0,0
shap_feature_selection_extratrees_p1_20260529_183134,P3_mba_presence,MBA Presence,8,1275,1675.0,0
shap_feature_selection_extratrees_p1_20260529_183134,P3_mba_presence,MBA Presence,8,1276,1676.0,0
shap_feature_selection_extratrees_p1_20260529_183134,P3_mba_presence,MBA Presence,8,1277,1677.0,0
shap_feature_selection_extratrees_p1_20260529_183134,P3_mba_presence,MBA Presence,8,1278,1678.0,0
shap_feature_selection_extratrees_p1_20260529_183134,P3_mba_presence,MBA Presence,8,1279,1679.0,0
shap_feature_selection_extratrees_p1_20260529_183134,P3_mba_presence,MBA Presence,8,1280,1680.0,0
shap_feature_selection_extratrees_p1_20260529_183134,P3_mba_presence,MBA Presence,8,1281,1681.0,0
shap_feature_selection_extratrees_p1_20260529_183134,P3_mba_presence,MBA Presence,8,1282,1682.0,0
shap_feature_selection_extratrees_p1_20260529_183134,P3_mba_presence,MBA Presence,8,1283,1683.0,0
shap_feature_selection_extratrees_p1_20260529_183134,P3_mba_presence,MBA Presence,8,1284,1684.0,0
shap_feature_selection_extratrees_p1_20260529_183134,P3_mba_presence,MBA Presence,8,1285,1685.0,0
shap_feature_selection_extratrees_p1_20260529_183134,P3_mba_presence,MBA Presence,8,1286,1686.0,0
shap_feature_selection_extratrees_p1_20260529_183134,P3_mba_presence,MBA Presence,8,1287,1687.0,0
shap_feature_selection_extratrees_p1_20260529_183134,P3_mba_presence,MBA Presence,8,1288,1688.0,0
shap_feature_selection_extratrees_p1_20260529_183134,P3_mba_presence,MBA Presence,8,1289,1689.0,0
shap_feature_selection_extratrees_p1_20260529_183134,P3_mba_presence,MBA Presence,8,1290,1690.0,0
shap_feature_selection_extratrees_p1_20260529_183134,P3_mba_presence,MBA Presence,8,1291,1691.0,0
shap_feature_selection_extratrees_p1_20260529_183134,P3_mba_presence,MBA Presence,8,1292,1692.0,0
shap_feature_selection_extratrees_p1_20260529_183134,P3_mba_presence,MBA Presence,8,1293,1693.0,0
shap_feature_selection_extratrees_p1_20260529_183134,P3_mba_presence,MBA Presence,8,1294,1694.0,0
shap_feature_selection_extratrees_p1_20260529_183134,P3_mba_presence,MBA Presence,8,1295,1695.0,0
shap_feature_selection_extratrees_p1_20260529_183134,P3_mba_presence,MBA Presence,8,1296,1696.0,0
shap_feature_selection_extratrees_p1_20260529_183134,P3_mba_presence,MBA Presence,8,1297,1697.0,0
shap_feature_selection_extratrees_p1_20260529_183134,P3_mba_presence,MBA Presence,8,1298,1698.0,0
shap_feature_selection_extratrees_p1_20260529_183134,P3_mba_presence,MBA Presence,8,1299,1699.0,0
shap_feature_selection_extratrees_p1_20260529_183134,P3_mba_presence,MBA Presence,8,1300,1700.0,0
shap_feature_selection_extratrees_p1_20260529_183134,P3_mba_presence,MBA Presence,8,1301,1701.0,0
shap_feature_selection_extratrees_p1_20260529_183134,P3_mba_presence,MBA Presence,8,1302,1702.0,0
shap_feature_selection_extratrees_p1_20260529_183134,P3_mba_presence,MBA Presence,8,1303,1703.0,0
shap_feature_selection_extratrees_p1_20260529_183134,P3_mba_presence,MBA Presence,8,1304,1704.0,0
shap_feature_selection_extratrees_p1_20260529_183134,P3_mba_presence,MBA Presence,8,1305,1705.0,0
shap_feature_selection_extratrees_p1_20260529_183134,P3_mba_presence,MBA Presence,8,1306,1706.0,0
shap_feature_selection_extratrees_p1_20260529_183134,P3_mba_presence,MBA Presence,8,1307,1707.0,0
shap_feature_selection_extratrees_p1_20260529_183134,P3_mba_presence,MBA Presence,8,1308,1708.0,0
shap_feature_selection_extratrees_p1_20260529_183134,P3_mba_presence,MBA Presence,8,1309,1709.0,0
shap_feature_selection_extratrees_p1_20260529_183134,P3_mba_presence,MBA Presence,8,1310,1710.0,0
shap_feature_selection_extratrees_p1_20260529_183134,P3_mba_presence,MBA Presence,8,1311,1711.0,0
shap_feature_selection_extratrees_p1_20260529_183134,P3_mba_presence,MBA Presence,8,1312,1712.0,0
shap_feature_selection_extratrees_p1_20260529_183134,P3_mba_presence,MBA Presence,8,1313,1713.0,0
shap_feature_selection_extratrees_p1_20260529_183134,P3_mba_presence,MBA Presence,8,1314,1714.0,0
shap_feature_selection_extratrees_p1_20260529_183134,P3_mba_presence,MBA Presence,8,1315,1715.0,0
shap_feature_selection_extratrees_p1_20260529_183134,P3_mba_presence,MBA Presence,8,1316,1716.0,0
shap_feature_selection_extratrees_p1_20260529_183134,P3_mba_presence,MBA Presence,8,1317,1717.0,0
shap_feature_selection_extratrees_p1_20260529_183134,P3_mba_presence,MBA Presence,8,1318,1718.0,0
shap_feature_selection_extratrees_p1_20260529_183134,P3_mba_presence,MBA Presence,8,1319,1719.0,0
shap_feature_selection_extratrees_p1_20260529_183134,P3_mba_presence,MBA Presence,8,1320,1720.0,0
shap_feature_selection_extratrees_p1_20260529_183134,P3_mba_presence,MBA Presence,8,1321,1721.0,0
shap_feature_selection_extratrees_p1_20260529_183134,P3_mba_presence,MBA Presence,8,1322,1722.0,0
shap_feature_selection_extratrees_p1_20260529_183134,P3_mba_presence,MBA Presence,8,1323,1723.0,0
shap_feature_selection_extratrees_p1_20260529_183134,P3_mba_presence,MBA Presence,8,1324,1724.0,0
shap_feature_selection_extratrees_p1_20260529_183134,P3_mba_presence,MBA Presence,8,1325,1725.0,0
shap_feature_selection_extratrees_p1_20260529_183134,P3_mba_presence,MBA Presence,8,1326,1726.0,0
shap_feature_selection_extratrees_p1_20260529_183134,P3_mba_presence,MBA Presence,8,1327,1727.0,0
shap_feature_selection_extratrees_p1_20260529_183134,P3_mba_presence,MBA Presence,8,1328,1728.0,0
shap_feature_selection_extratrees_p1_20260529_183134,P3_mba_presence,MBA Presence,8,1329,1729.0,0
shap_feature_selection_extratrees_p1_20260529_183134,P3_mba_presence,MBA Presence,8,1330,1730.0,0
shap_feature_selection_extratrees_p1_20260529_183134,P3_mba_presence,MBA Presence,8,1331,1731.0,0
shap_feature_selection_extratrees_p1_20260529_183134,P3_mba_presence,MBA Presence,8,1332,1732.0,0
shap_feature_selection_extratrees_p1_20260529_183134,P3_mba_presence,MBA Presence,8,1333,1733.0,0
shap_feature_selection_extratrees_p1_20260529_183134,P3_mba_presence,MBA Presence,8,1334,1734.0,0
shap_feature_selection_extratrees_p1_20260529_183134,P3_mba_presence,MBA Presence,8,1335,1735.0,0
shap_feature_selection_extratrees_p1_20260529_183134,P3_mba_presence,MBA Presence,8,1336,1736.0,0
shap_feature_selection_extratrees_p1_20260529_183134,P3_mba_presence,MBA Presence,8,1337,1737.0,0
shap_feature_selection_extratrees_p1_20260529_183134,P3_mba_presence,MBA Presence,8,1338,1738.0,0
shap_feature_selection_extratrees_p1_20260529_183134,P3_mba_presence,MBA Presence,8,1339,1739.0,0
shap_feature_selection_extratrees_p1_20260529_183134,P3_mba_presence,MBA Presence,8,1340,1740.0,0
shap_feature_selection_extratrees_p1_20260529_183134,P3_mba_presence,MBA Presence,8,1341,1741.0,0
shap_feature_selection_extratrees_p1_20260529_183134,P3_mba_presence,MBA Presence,8,1342,1742.0,0
shap_feature_selection_extratrees_p1_20260529_183134,P3_mba_presence,MBA Presence,8,1343,1743.0,0
shap_feature_selection_extratrees_p1_20260529_183134,P3_mba_presence,MBA Presence,8,1344,1744.0,0
shap_feature_selection_extratrees_p1_20260529_183134,P3_mba_presence,MBA Presence,8,1345,1745.0,0
shap_feature_selection_extratrees_p1_20260529_183134,P3_mba_presence,MBA Presence,8,1346,1746.0,0
shap_feature_selection_extratrees_p1_20260529_183134,P3_mba_presence,MBA Presence,8,1347,1747.0,0
shap_feature_selection_extratrees_p1_20260529_183134,P3_mba_presence,MBA Presence,8,1348,1748.0,0
shap_feature_selection_extratrees_p1_20260529_183134,P3_mba_presence,MBA Presence,8,1349,1749.0,0
shap_feature_selection_extratrees_p1_20260529_183134,P3_mba_presence,MBA Presence,8,1350,1750.0,0
shap_feature_selection_extratrees_p1_20260529_183134,P3_mba_presence,MBA Presence,8,1351,1751.0,0
shap_feature_selection_extratrees_p1_20260529_183134,P3_mba_presence,MBA Presence,8,1352,1752.0,0
shap_feature_selection_extratrees_p1_20260529_183134,P3_mba_presence,MBA Presence,8,1353,1753.0,0
shap_feature_selection_extratrees_p1_20260529_183134,P3_mba_presence,MBA Presence,8,1354,1754.0,0
shap_feature_selection_extratrees_p1_20260529_183134,P3_mba_presence,MBA Presence,8,1355,1755.0,0
shap_feature_selection_extratrees_p1_20260529_183134,P3_mba_presence,MBA Presence,8,1356,1756.0,0
shap_feature_selection_extratrees_p1_20260529_183134,P3_mba_presence,MBA Presence,8,1357,1757.0,0
shap_feature_selection_extratrees_p1_20260529_183134,P3_mba_presence,MBA Presence,8,1358,1758.0,0
shap_feature_selection_extratrees_p1_20260529_183134,P3_mba_presence,MBA Presence,8,1359,1759.0,0
shap_feature_selection_extratrees_p1_20260529_183134,P3_mba_presence,MBA Presence,8,1360,1760.0,0
shap_feature_selection_extratrees_p1_20260529_183134,P3_mba_presence,MBA Presence,8,1361,1761.0,0
shap_feature_selection_extratrees_p1_20260529_183134,P3_mba_presence,MBA Presence,8,1362,1762.0,0
shap_feature_selection_extratrees_p1_20260529_183134,P3_mba_presence,MBA Presence,8,1363,1763.0,0
shap_feature_selection_extratrees_p1_20260529_183134,P3_mba_presence,MBA Presence,8,1364,1764.0,0
shap_feature_selection_extratrees_p1_20260529_183134,P3_mba_presence,MBA Presence,8,1365,1765.0,0
shap_feature_selection_extratrees_p1_20260529_183134,P3_mba_presence,MBA Presence,8,1366,1766.0,0
shap_feature_selection_extratrees_p1_20260529_183134,P3_mba_presence,MBA Presence,8,1367,1767.0,0
shap_feature_selection_extratrees_p1_20260529_183134,P3_mba_presence,MBA Presence,8,1368,1768.0,0
shap_feature_selection_extratrees_p1_20260529_183134,P3_mba_presence,MBA Presence,8,1369,1769.0,0
shap_feature_selection_extratrees_p1_20260529_183134,P3_mba_presence,MBA Presence,8,1370,1770.0,0
shap_feature_selection_extratrees_p1_20260529_183134,P3_mba_presence,MBA Presence,8,1371,1771.0,0
shap_feature_selection_extratrees_p1_20260529_183134,P3_mba_presence,MBA Presence,8,1372,1772.0,0
shap_feature_selection_extratrees_p1_20260529_183134,P3_mba_presence,MBA Presence,8,1373,1773.0,0
shap_feature_selection_extratrees_p1_20260529_183134,P3_mba_presence,MBA Presence,8,1374,1774.0,0
shap_feature_selection_extratrees_p1_20260529_183134,P3_mba_presence,MBA Presence,8,1375,1775.0,0
shap_feature_selection_extratrees_p1_20260529_183134,P3_mba_presence,MBA Presence,8,1376,1776.0,0
shap_feature_selection_extratrees_p1_20260529_183134,P3_mba_presence,MBA Presence,8,1377,1777.0,0
shap_feature_selection_extratrees_p1_20260529_183134,P3_mba_presence,MBA Presence,8,1378,1778.0,0
shap_feature_selection_extratrees_p1_20260529_183134,P3_mba_presence,MBA Presence,8,1379,1779.0,0
shap_feature_selection_extratrees_p1_20260529_183134,P3_mba_presence,MBA Presence,8,1380,1780.0,0
shap_feature_selection_extratrees_p1_20260529_183134,P3_mba_presence,MBA Presence,8,1381,1781.0,0
shap_feature_selection_extratrees_p1_20260529_183134,P3_mba_presence,MBA Presence,8,1382,1782.0,0
shap_feature_selection_extratrees_p1_20260529_183134,P3_mba_presence,MBA Presence,8,1383,1783.0,0
shap_feature_selection_extratrees_p1_20260529_183134,P3_mba_presence,MBA Presence,8,1384,1784.0,0
shap_feature_selection_extratrees_p1_20260529_183134,P3_mba_presence,MBA Presence,8,1385,1785.0,0
shap_feature_selection_extratrees_p1_20260529_183134,P3_mba_presence,MBA Presence,8,1386,1786.0,0
shap_feature_selection_extratrees_p1_20260529_183134,P3_mba_presence,MBA Presence,8,1387,1787.0,0
shap_feature_selection_extratrees_p1_20260529_183134,P3_mba_presence,MBA Presence,8,1388,1788.0,0
shap_feature_selection_extratrees_p1_20260529_183134,P3_mba_presence,MBA Presence,8,1389,1789.0,0
shap_feature_selection_extratrees_p1_20260529_183134,P3_mba_presence,MBA Presence,8,1390,1790.0,0
shap_feature_selection_extratrees_p1_20260529_183134,P3_mba_presence,MBA Presence,8,1391,1791.0,0
shap_feature_selection_extratrees_p1_20260529_183134,P3_mba_presence,MBA Presence,8,1392,1792.0,0
shap_feature_selection_extratrees_p1_20260529_183134,P3_mba_presence,MBA Presence,8,1393,1793.0,0
shap_feature_selection_extratrees_p1_20260529_183134,P3_mba_presence,MBA Presence,8,1394,1794.0,0
shap_feature_selection_extratrees_p1_20260529_183134,P3_mba_presence,MBA Presence,8,1395,1795.0,0
shap_feature_selection_extratrees_p1_20260529_183134,P3_mba_presence,MBA Presence,8,1396,1796.0,0
shap_feature_selection_extratrees_p1_20260529_183134,P3_mba_presence,MBA Presence,8,1397,1797.0,0
shap_feature_selection_extratrees_p1_20260529_183134,P3_mba_presence,MBA Presence,8,1398,1798.0,0
shap_feature_selection_extratrees_p1_20260529_183134,P3_mba_presence,MBA Presence,8,1399,1799.0,0
shap_feature_selection_extratrees_p1_20260529_183134,P3_mba_presence,MBA Presence,8,1400,1800.0,0
shap_feature_selection_extratrees_p1_20260529_183134,G1_thiram_molar_grade,Thiram Positive Molar Grade,8,0,400.0,0
shap_feature_selection_extratrees_p1_20260529_183134,G1_thiram_molar_grade,Thiram Positive Molar Grade,8,1,401.0,0
shap_feature_selection_extratrees_p1_20260529_183134,G1_thiram_molar_grade,Thiram Positive Molar Grade,8,2,402.0,0
shap_feature_selection_extratrees_p1_20260529_183134,G1_thiram_molar_grade,Thiram Positive Molar Grade,8,3,403.0,0
shap_feature_selection_extratrees_p1_20260529_183134,G1_thiram_molar_grade,Thiram Positive Molar Grade,8,4,404.0,0
shap_feature_selection_extratrees_p1_20260529_183134,G1_thiram_molar_grade,Thiram Positive Molar Grade,8,5,405.0,0
shap_feature_selection_extratrees_p1_20260529_183134,G1_thiram_molar_grade,Thiram Positive Molar Grade,8,6,406.0,0
shap_feature_selection_extratrees_p1_20260529_183134,G1_thiram_molar_grade,Thiram Positive Molar Grade,8,7,407.0,0
shap_feature_selection_extratrees_p1_20260529_183134,G1_thiram_molar_grade,Thiram Positive Molar Grade,8,8,408.0,0
shap_feature_selection_extratrees_p1_20260529_183134,G1_thiram_molar_grade,Thiram Positive Molar Grade,8,9,409.0,0
shap_feature_selection_extratrees_p1_20260529_183134,G1_thiram_molar_grade,Thiram Positive Molar Grade,8,10,410.0,0
shap_feature_selection_extratrees_p1_20260529_183134,G1_thiram_molar_grade,Thiram Positive Molar Grade,8,11,411.0,0
shap_feature_selection_extratrees_p1_20260529_183134,G1_thiram_molar_grade,Thiram Positive Molar Grade,8,12,412.0,0
shap_feature_selection_extratrees_p1_20260529_183134,G1_thiram_molar_grade,Thiram Positive Molar Grade,8,13,413.0,0
shap_feature_selection_extratrees_p1_20260529_183134,G1_thiram_molar_grade,Thiram Positive Molar Grade,8,14,414.0,0
shap_feature_selection_extratrees_p1_20260529_183134,G1_thiram_molar_grade,Thiram Positive Molar Grade,8,15,415.0,0
shap_feature_selection_extratrees_p1_20260529_183134,G1_thiram_molar_grade,Thiram Positive Molar Grade,8,16,416.0,0
shap_feature_selection_extratrees_p1_20260529_183134,G1_thiram_molar_grade,Thiram Positive Molar Grade,8,17,417.0,0
shap_feature_selection_extratrees_p1_20260529_183134,G1_thiram_molar_grade,Thiram Positive Molar Grade,8,18,418.0,0
shap_feature_selection_extratrees_p1_20260529_183134,G1_thiram_molar_grade,Thiram Positive Molar Grade,8,19,419.0,0
shap_feature_selection_extratrees_p1_20260529_183134,G1_thiram_molar_grade,Thiram Positive Molar Grade,8,20,420.0,0
shap_feature_selection_extratrees_p1_20260529_183134,G1_thiram_molar_grade,Thiram Positive Molar Grade,8,21,421.0,0
shap_feature_selection_extratrees_p1_20260529_183134,G1_thiram_molar_grade,Thiram Positive Molar Grade,8,22,422.0,0
shap_feature_selection_extratrees_p1_20260529_183134,G1_thiram_molar_grade,Thiram Positive Molar Grade,8,23,423.0,0
shap_feature_selection_extratrees_p1_20260529_183134,G1_thiram_molar_grade,Thiram Positive Molar Grade,8,24,424.0,0
shap_feature_selection_extratrees_p1_20260529_183134,G1_thiram_molar_grade,Thiram Positive Molar Grade,8,25,425.0,0
shap_feature_selection_extratrees_p1_20260529_183134,G1_thiram_molar_grade,Thiram Positive Molar Grade,8,26,426.0,0
shap_feature_selection_extratrees_p1_20260529_183134,G1_thiram_molar_grade,Thiram Positive Molar Grade,8,27,427.0,0
shap_feature_selection_extratrees_p1_20260529_183134,G1_thiram_molar_grade,Thiram Positive Molar Grade,8,28,428.0,0
shap_feature_selection_extratrees_p1_20260529_183134,G1_thiram_molar_grade,Thiram Positive Molar Grade,8,29,429.0,0
shap_feature_selection_extratrees_p1_20260529_183134,G1_thiram_molar_grade,Thiram Positive Molar Grade,8,30,430.0,0
shap_feature_selection_extratrees_p1_20260529_183134,G1_thiram_molar_grade,Thiram Positive Molar Grade,8,31,431.0,0
shap_feature_selection_extratrees_p1_20260529_183134,G1_thiram_molar_grade,Thiram Positive Molar Grade,8,32,432.0,0
shap_feature_selection_extratrees_p1_20260529_183134,G1_thiram_molar_grade,Thiram Positive Molar Grade,8,33,433.0,0
shap_feature_selection_extratrees_p1_20260529_183134,G1_thiram_molar_grade,Thiram Positive Molar Grade,8,34,434.0,0
shap_feature_selection_extratrees_p1_20260529_183134,G1_thiram_molar_grade,Thiram Positive Molar Grade,8,35,435.0,0
shap_feature_selection_extratrees_p1_20260529_183134,G1_thiram_molar_grade,Thiram Positive Molar Grade,8,36,436.0,1
shap_feature_selection_extratrees_p1_20260529_183134,G1_thiram_molar_grade,Thiram Positive Molar Grade,8,37,437.0,0
shap_feature_selection_extratrees_p1_20260529_183134,G1_thiram_molar_grade,Thiram Positive Molar Grade,8,38,438.0,0
shap_feature_selection_extratrees_p1_20260529_183134,G1_thiram_molar_grade,Thiram Positive Molar Grade,8,39,439.0,0
shap_feature_selection_extratrees_p1_20260529_183134,G1_thiram_molar_grade,Thiram Positive Molar Grade,8,40,440.0,0
shap_feature_selection_extratrees_p1_20260529_183134,G1_thiram_molar_grade,Thiram Positive Molar Grade,8,41,441.0,0
shap_feature_selection_extratrees_p1_20260529_183134,G1_thiram_molar_grade,Thiram Positive Molar Grade,8,42,442.0,1
shap_feature_selection_extratrees_p1_20260529_183134,G1_thiram_molar_grade,Thiram Positive Molar Grade,8,43,443.0,0
shap_feature_selection_extratrees_p1_20260529_183134,G1_thiram_molar_grade,Thiram Positive Molar Grade,8,44,444.0,0
shap_feature_selection_extratrees_p1_20260529_183134,G1_thiram_molar_grade,Thiram Positive Molar Grade,8,45,445.0,0
shap_feature_selection_extratrees_p1_20260529_183134,G1_thiram_molar_grade,Thiram Positive Molar Grade,8,46,446.0,0
shap_feature_selection_extratrees_p1_20260529_183134,G1_thiram_molar_grade,Thiram Positive Molar Grade,8,47,447.0,0
shap_feature_selection_extratrees_p1_20260529_183134,G1_thiram_molar_grade,Thiram Positive Molar Grade,8,48,448.0,0
shap_feature_selection_extratrees_p1_20260529_183134,G1_thiram_molar_grade,Thiram Positive Molar Grade,8,49,449.0,0
shap_feature_selection_extratrees_p1_20260529_183134,G1_thiram_molar_grade,Thiram Positive Molar Grade,8,50,450.0,0
shap_feature_selection_extratrees_p1_20260529_183134,G1_thiram_molar_grade,Thiram Positive Molar Grade,8,51,451.0,0
shap_feature_selection_extratrees_p1_20260529_183134,G1_thiram_molar_grade,Thiram Positive Molar Grade,8,52,452.0,0
shap_feature_selection_extratrees_p1_20260529_183134,G1_thiram_molar_grade,Thiram Positive Molar Grade,8,53,453.0,0
shap_feature_selection_extratrees_p1_20260529_183134,G1_thiram_molar_grade,Thiram Positive Molar Grade,8,54,454.0,0
shap_feature_selection_extratrees_p1_20260529_183134,G1_thiram_molar_grade,Thiram Positive Molar Grade,8,55,455.0,0
shap_feature_selection_extratrees_p1_20260529_183134,G1_thiram_molar_grade,Thiram Positive Molar Grade,8,56,456.0,0
shap_feature_selection_extratrees_p1_20260529_183134,G1_thiram_molar_grade,Thiram Positive Molar Grade,8,57,457.0,0
shap_feature_selection_extratrees_p1_20260529_183134,G1_thiram_molar_grade,Thiram Positive Molar Grade,8,58,458.0,0
shap_feature_selection_extratrees_p1_20260529_183134,G1_thiram_molar_grade,Thiram Positive Molar Grade,8,59,459.0,0
shap_feature_selection_extratrees_p1_20260529_183134,G1_thiram_molar_grade,Thiram Positive Molar Grade,8,60,460.0,0
shap_feature_selection_extratrees_p1_20260529_183134,G1_thiram_molar_grade,Thiram Positive Molar Grade,8,61,461.0,0
shap_feature_selection_extratrees_p1_20260529_183134,G1_thiram_molar_grade,Thiram Positive Molar Grade,8,62,462.0,1
shap_feature_selection_extratrees_p1_20260529_183134,G1_thiram_molar_grade,Thiram Positive Molar Grade,8,63,463.0,1
shap_feature_selection_extratrees_p1_20260529_183134,G1_thiram_molar_grade,Thiram Positive Molar Grade,8,64,464.0,1
shap_feature_selection_extratrees_p1_20260529_183134,G1_thiram_molar_grade,Thiram Positive Molar Grade,8,65,465.0,1
shap_feature_selection_extratrees_p1_20260529_183134,G1_thiram_molar_grade,Thiram Positive Molar Grade,8,66,466.0,1
shap_feature_selection_extratrees_p1_20260529_183134,G1_thiram_molar_grade,Thiram Positive Molar Grade,8,67,467.0,1
shap_feature_selection_extratrees_p1_20260529_183134,G1_thiram_molar_grade,Thiram Positive Molar Grade,8,68,468.0,0
shap_feature_selection_extratrees_p1_20260529_183134,G1_thiram_molar_grade,Thiram Positive Molar Grade,8,69,469.0,0
shap_feature_selection_extratrees_p1_20260529_183134,G1_thiram_molar_grade,Thiram Positive Molar Grade,8,70,470.0,0
shap_feature_selection_extratrees_p1_20260529_183134,G1_thiram_molar_grade,Thiram Positive Molar Grade,8,71,471.0,0
shap_feature_selection_extratrees_p1_20260529_183134,G1_thiram_molar_grade,Thiram Positive Molar Grade,8,72,472.0,0
shap_feature_selection_extratrees_p1_20260529_183134,G1_thiram_molar_grade,Thiram Positive Molar Grade,8,73,473.0,1
shap_feature_selection_extratrees_p1_20260529_183134,G1_thiram_molar_grade,Thiram Positive Molar Grade,8,74,474.0,1
shap_feature_selection_extratrees_p1_20260529_183134,G1_thiram_molar_grade,Thiram Positive Molar Grade,8,75,475.0,1
shap_feature_selection_extratrees_p1_20260529_183134,G1_thiram_molar_grade,Thiram Positive Molar Grade,8,76,476.0,1
shap_feature_selection_extratrees_p1_20260529_183134,G1_thiram_molar_grade,Thiram Positive Molar Grade,8,77,477.0,1
shap_feature_selection_extratrees_p1_20260529_183134,G1_thiram_molar_grade,Thiram Positive Molar Grade,8,78,478.0,0
shap_feature_selection_extratrees_p1_20260529_183134,G1_thiram_molar_grade,Thiram Positive Molar Grade,8,79,479.0,1
shap_feature_selection_extratrees_p1_20260529_183134,G1_thiram_molar_grade,Thiram Positive Molar Grade,8,80,480.0,1
shap_feature_selection_extratrees_p1_20260529_183134,G1_thiram_molar_grade,Thiram Positive Molar Grade,8,81,481.0,1
shap_feature_selection_extratrees_p1_20260529_183134,G1_thiram_molar_grade,Thiram Positive Molar Grade,8,82,482.0,1
shap_feature_selection_extratrees_p1_20260529_183134,G1_thiram_molar_grade,Thiram Positive Molar Grade,8,83,483.0,1
shap_feature_selection_extratrees_p1_20260529_183134,G1_thiram_molar_grade,Thiram Positive Molar Grade,8,84,484.0,0
shap_feature_selection_extratrees_p1_20260529_183134,G1_thiram_molar_grade,Thiram Positive Molar Grade,8,85,485.0,0
shap_feature_selection_extratrees_p1_20260529_183134,G1_thiram_molar_grade,Thiram Positive Molar Grade,8,86,486.0,0
shap_feature_selection_extratrees_p1_20260529_183134,G1_thiram_molar_grade,Thiram Positive Molar Grade,8,87,487.0,0
shap_feature_selection_extratrees_p1_20260529_183134,G1_thiram_molar_grade,Thiram Positive Molar Grade,8,88,488.0,0
shap_feature_selection_extratrees_p1_20260529_183134,G1_thiram_molar_grade,Thiram Positive Molar Grade,8,89,489.0,0
shap_feature_selection_extratrees_p1_20260529_183134,G1_thiram_molar_grade,Thiram Positive Molar Grade,8,90,490.0,0
shap_feature_selection_extratrees_p1_20260529_183134,G1_thiram_molar_grade,Thiram Positive Molar Grade,8,91,491.0,0
shap_feature_selection_extratrees_p1_20260529_183134,G1_thiram_molar_grade,Thiram Positive Molar Grade,8,92,492.0,0
shap_feature_selection_extratrees_p1_20260529_183134,G1_thiram_molar_grade,Thiram Positive Molar Grade,8,93,493.0,0
shap_feature_selection_extratrees_p1_20260529_183134,G1_thiram_molar_grade,Thiram Positive Molar Grade,8,94,494.0,0
shap_feature_selection_extratrees_p1_20260529_183134,G1_thiram_molar_grade,Thiram Positive Molar Grade,8,95,495.0,0
shap_feature_selection_extratrees_p1_20260529_183134,G1_thiram_molar_grade,Thiram Positive Molar Grade,8,96,496.0,0
shap_feature_selection_extratrees_p1_20260529_183134,G1_thiram_molar_grade,Thiram Positive Molar Grade,8,97,497.0,0
shap_feature_selection_extratrees_p1_20260529_183134,G1_thiram_molar_grade,Thiram Positive Molar Grade,8,98,498.0,0
shap_feature_selection_extratrees_p1_20260529_183134,G1_thiram_molar_grade,Thiram Positive Molar Grade,8,99,499.0,0
shap_feature_selection_extratrees_p1_20260529_183134,G1_thiram_molar_grade,Thiram Positive Molar Grade,8,100,500.0,0
shap_feature_selection_extratrees_p1_20260529_183134,G1_thiram_molar_grade,Thiram Positive Molar Grade,8,101,501.0,0
shap_feature_selection_extratrees_p1_20260529_183134,G1_thiram_molar_grade,Thiram Positive Molar Grade,8,102,502.0,0
shap_feature_selection_extratrees_p1_20260529_183134,G1_thiram_molar_grade,Thiram Positive Molar Grade,8,103,503.0,0
shap_feature_selection_extratrees_p1_20260529_183134,G1_thiram_molar_grade,Thiram Positive Molar Grade,8,104,504.0,0
shap_feature_selection_extratrees_p1_20260529_183134,G1_thiram_molar_grade,Thiram Positive Molar Grade,8,105,505.0,0
shap_feature_selection_extratrees_p1_20260529_183134,G1_thiram_molar_grade,Thiram Positive Molar Grade,8,106,506.0,0
shap_feature_selection_extratrees_p1_20260529_183134,G1_thiram_molar_grade,Thiram Positive Molar Grade,8,107,507.0,0
shap_feature_selection_extratrees_p1_20260529_183134,G1_thiram_molar_grade,Thiram Positive Molar Grade,8,108,508.0,0
shap_feature_selection_extratrees_p1_20260529_183134,G1_thiram_molar_grade,Thiram Positive Molar Grade,8,109,509.0,0
shap_feature_selection_extratrees_p1_20260529_183134,G1_thiram_molar_grade,Thiram Positive Molar Grade,8,110,510.0,0
shap_feature_selection_extratrees_p1_20260529_183134,G1_thiram_molar_grade,Thiram Positive Molar Grade,8,111,511.0,0
shap_feature_selection_extratrees_p1_20260529_183134,G1_thiram_molar_grade,Thiram Positive Molar Grade,8,112,512.0,0
shap_feature_selection_extratrees_p1_20260529_183134,G1_thiram_molar_grade,Thiram Positive Molar Grade,8,113,513.0,0
shap_feature_selection_extratrees_p1_20260529_183134,G1_thiram_molar_grade,Thiram Positive Molar Grade,8,114,514.0,0
shap_feature_selection_extratrees_p1_20260529_183134,G1_thiram_molar_grade,Thiram Positive Molar Grade,8,115,515.0,0
shap_feature_selection_extratrees_p1_20260529_183134,G1_thiram_molar_grade,Thiram Positive Molar Grade,8,116,516.0,0
shap_feature_selection_extratrees_p1_20260529_183134,G1_thiram_molar_grade,Thiram Positive Molar Grade,8,117,517.0,0
shap_feature_selection_extratrees_p1_20260529_183134,G1_thiram_molar_grade,Thiram Positive Molar Grade,8,118,518.0,0
shap_feature_selection_extratrees_p1_20260529_183134,G1_thiram_molar_grade,Thiram Positive Molar Grade,8,119,519.0,0
shap_feature_selection_extratrees_p1_20260529_183134,G1_thiram_molar_grade,Thiram Positive Molar Grade,8,120,520.0,0
shap_feature_selection_extratrees_p1_20260529_183134,G1_thiram_molar_grade,Thiram Positive Molar Grade,8,121,521.0,0
shap_feature_selection_extratrees_p1_20260529_183134,G1_thiram_molar_grade,Thiram Positive Molar Grade,8,122,522.0,0
shap_feature_selection_extratrees_p1_20260529_183134,G1_thiram_molar_grade,Thiram Positive Molar Grade,8,123,523.0,0
shap_feature_selection_extratrees_p1_20260529_183134,G1_thiram_molar_grade,Thiram Positive Molar Grade,8,124,524.0,0
shap_feature_selection_extratrees_p1_20260529_183134,G1_thiram_molar_grade,Thiram Positive Molar Grade,8,125,525.0,0
shap_feature_selection_extratrees_p1_20260529_183134,G1_thiram_molar_grade,Thiram Positive Molar Grade,8,126,526.0,0
shap_feature_selection_extratrees_p1_20260529_183134,G1_thiram_molar_grade,Thiram Positive Molar Grade,8,127,527.0,0
shap_feature_selection_extratrees_p1_20260529_183134,G1_thiram_molar_grade,Thiram Positive Molar Grade,8,128,528.0,0
shap_feature_selection_extratrees_p1_20260529_183134,G1_thiram_molar_grade,Thiram Positive Molar Grade,8,129,529.0,0
shap_feature_selection_extratrees_p1_20260529_183134,G1_thiram_molar_grade,Thiram Positive Molar Grade,8,130,530.0,0
shap_feature_selection_extratrees_p1_20260529_183134,G1_thiram_molar_grade,Thiram Positive Molar Grade,8,131,531.0,0
shap_feature_selection_extratrees_p1_20260529_183134,G1_thiram_molar_grade,Thiram Positive Molar Grade,8,132,532.0,0
shap_feature_selection_extratrees_p1_20260529_183134,G1_thiram_molar_grade,Thiram Positive Molar Grade,8,133,533.0,0
shap_feature_selection_extratrees_p1_20260529_183134,G1_thiram_molar_grade,Thiram Positive Molar Grade,8,134,534.0,0
shap_feature_selection_extratrees_p1_20260529_183134,G1_thiram_molar_grade,Thiram Positive Molar Grade,8,135,535.0,0
shap_feature_selection_extratrees_p1_20260529_183134,G1_thiram_molar_grade,Thiram Positive Molar Grade,8,136,536.0,0
shap_feature_selection_extratrees_p1_20260529_183134,G1_thiram_molar_grade,Thiram Positive Molar Grade,8,137,537.0,0
shap_feature_selection_extratrees_p1_20260529_183134,G1_thiram_molar_grade,Thiram Positive Molar Grade,8,138,538.0,0
shap_feature_selection_extratrees_p1_20260529_183134,G1_thiram_molar_grade,Thiram Positive Molar Grade,8,139,539.0,0
shap_feature_selection_extratrees_p1_20260529_183134,G1_thiram_molar_grade,Thiram Positive Molar Grade,8,140,540.0,0
shap_feature_selection_extratrees_p1_20260529_183134,G1_thiram_molar_grade,Thiram Positive Molar Grade,8,141,541.0,0
shap_feature_selection_extratrees_p1_20260529_183134,G1_thiram_molar_grade,Thiram Positive Molar Grade,8,142,542.0,0
shap_feature_selection_extratrees_p1_20260529_183134,G1_thiram_molar_grade,Thiram Positive Molar Grade,8,143,543.0,0
shap_feature_selection_extratrees_p1_20260529_183134,G1_thiram_molar_grade,Thiram Positive Molar Grade,8,144,544.0,0
shap_feature_selection_extratrees_p1_20260529_183134,G1_thiram_molar_grade,Thiram Positive Molar Grade,8,145,545.0,0
shap_feature_selection_extratrees_p1_20260529_183134,G1_thiram_molar_grade,Thiram Positive Molar Grade,8,146,546.0,0
shap_feature_selection_extratrees_p1_20260529_183134,G1_thiram_molar_grade,Thiram Positive Molar Grade,8,147,547.0,0
shap_feature_selection_extratrees_p1_20260529_183134,G1_thiram_molar_grade,Thiram Positive Molar Grade,8,148,548.0,0
shap_feature_selection_extratrees_p1_20260529_183134,G1_thiram_molar_grade,Thiram Positive Molar Grade,8,149,549.0,0
shap_feature_selection_extratrees_p1_20260529_183134,G1_thiram_molar_grade,Thiram Positive Molar Grade,8,150,550.0,0
shap_feature_selection_extratrees_p1_20260529_183134,G1_thiram_molar_grade,Thiram Positive Molar Grade,8,151,551.0,0
shap_feature_selection_extratrees_p1_20260529_183134,G1_thiram_molar_grade,Thiram Positive Molar Grade,8,152,552.0,0
shap_feature_selection_extratrees_p1_20260529_183134,G1_thiram_molar_grade,Thiram Positive Molar Grade,8,153,553.0,1
shap_feature_selection_extratrees_p1_20260529_183134,G1_thiram_molar_grade,Thiram Positive Molar Grade,8,154,554.0,0
shap_feature_selection_extratrees_p1_20260529_183134,G1_thiram_molar_grade,Thiram Positive Molar Grade,8,155,555.0,0
shap_feature_selection_extratrees_p1_20260529_183134,G1_thiram_molar_grade,Thiram Positive Molar Grade,8,156,556.0,0
shap_feature_selection_extratrees_p1_20260529_183134,G1_thiram_molar_grade,Thiram Positive Molar Grade,8,157,557.0,1
shap_feature_selection_extratrees_p1_20260529_183134,G1_thiram_molar_grade,Thiram Positive Molar Grade,8,158,558.0,0
shap_feature_selection_extratrees_p1_20260529_183134,G1_thiram_molar_grade,Thiram Positive Molar Grade,8,159,559.0,0
shap_feature_selection_extratrees_p1_20260529_183134,G1_thiram_molar_grade,Thiram Positive Molar Grade,8,160,560.0,0
shap_feature_selection_extratrees_p1_20260529_183134,G1_thiram_molar_grade,Thiram Positive Molar Grade,8,161,561.0,0
shap_feature_selection_extratrees_p1_20260529_183134,G1_thiram_molar_grade,Thiram Positive Molar Grade,8,162,562.0,0
shap_feature_selection_extratrees_p1_20260529_183134,G1_thiram_molar_grade,Thiram Positive Molar Grade,8,163,563.0,0
shap_feature_selection_extratrees_p1_20260529_183134,G1_thiram_molar_grade,Thiram Positive Molar Grade,8,164,564.0,1
shap_feature_selection_extratrees_p1_20260529_183134,G1_thiram_molar_grade,Thiram Positive Molar Grade,8,165,565.0,0
shap_feature_selection_extratrees_p1_20260529_183134,G1_thiram_molar_grade,Thiram Positive Molar Grade,8,166,566.0,0
shap_feature_selection_extratrees_p1_20260529_183134,G1_thiram_molar_grade,Thiram Positive Molar Grade,8,167,567.0,0
shap_feature_selection_extratrees_p1_20260529_183134,G1_thiram_molar_grade,Thiram Positive Molar Grade,8,168,568.0,0
shap_feature_selection_extratrees_p1_20260529_183134,G1_thiram_molar_grade,Thiram Positive Molar Grade,8,169,569.0,0
shap_feature_selection_extratrees_p1_20260529_183134,G1_thiram_molar_grade,Thiram Positive Molar Grade,8,170,570.0,0
shap_feature_selection_extratrees_p1_20260529_183134,G1_thiram_molar_grade,Thiram Positive Molar Grade,8,171,571.0,0
shap_feature_selection_extratrees_p1_20260529_183134,G1_thiram_molar_grade,Thiram Positive Molar Grade,8,172,572.0,0
shap_feature_selection_extratrees_p1_20260529_183134,G1_thiram_molar_grade,Thiram Positive Molar Grade,8,173,573.0,0
shap_feature_selection_extratrees_p1_20260529_183134,G1_thiram_molar_grade,Thiram Positive Molar Grade,8,174,574.0,0
shap_feature_selection_extratrees_p1_20260529_183134,G1_thiram_molar_grade,Thiram Positive Molar Grade,8,175,575.0,0
shap_feature_selection_extratrees_p1_20260529_183134,G1_thiram_molar_grade,Thiram Positive Molar Grade,8,176,576.0,0
shap_feature_selection_extratrees_p1_20260529_183134,G1_thiram_molar_grade,Thiram Positive Molar Grade,8,177,577.0,0
shap_feature_selection_extratrees_p1_20260529_183134,G1_thiram_molar_grade,Thiram Positive Molar Grade,8,178,578.0,0
shap_feature_selection_extratrees_p1_20260529_183134,G1_thiram_molar_grade,Thiram Positive Molar Grade,8,179,579.0,0
shap_feature_selection_extratrees_p1_20260529_183134,G1_thiram_molar_grade,Thiram Positive Molar Grade,8,180,580.0,0
shap_feature_selection_extratrees_p1_20260529_183134,G1_thiram_molar_grade,Thiram Positive Molar Grade,8,181,581.0,0
shap_feature_selection_extratrees_p1_20260529_183134,G1_thiram_molar_grade,Thiram Positive Molar Grade,8,182,582.0,0
shap_feature_selection_extratrees_p1_20260529_183134,G1_thiram_molar_grade,Thiram Positive Molar Grade,8,183,583.0,0
shap_feature_selection_extratrees_p1_20260529_183134,G1_thiram_molar_grade,Thiram Positive Molar Grade,8,184,584.0,0
shap_feature_selection_extratrees_p1_20260529_183134,G1_thiram_molar_grade,Thiram Positive Molar Grade,8,185,585.0,0
shap_feature_selection_extratrees_p1_20260529_183134,G1_thiram_molar_grade,Thiram Positive Molar Grade,8,186,586.0,0
shap_feature_selection_extratrees_p1_20260529_183134,G1_thiram_molar_grade,Thiram Positive Molar Grade,8,187,587.0,0
shap_feature_selection_extratrees_p1_20260529_183134,G1_thiram_molar_grade,Thiram Positive Molar Grade,8,188,588.0,0
shap_feature_selection_extratrees_p1_20260529_183134,G1_thiram_molar_grade,Thiram Positive Molar Grade,8,189,589.0,0
shap_feature_selection_extratrees_p1_20260529_183134,G1_thiram_molar_grade,Thiram Positive Molar Grade,8,190,590.0,0
shap_feature_selection_extratrees_p1_20260529_183134,G1_thiram_molar_grade,Thiram Positive Molar Grade,8,191,591.0,0
shap_feature_selection_extratrees_p1_20260529_183134,G1_thiram_molar_grade,Thiram Positive Molar Grade,8,192,592.0,0
shap_feature_selection_extratrees_p1_20260529_183134,G1_thiram_molar_grade,Thiram Positive Molar Grade,8,193,593.0,0
shap_feature_selection_extratrees_p1_20260529_183134,G1_thiram_molar_grade,Thiram Positive Molar Grade,8,194,594.0,0
shap_feature_selection_extratrees_p1_20260529_183134,G1_thiram_molar_grade,Thiram Positive Molar Grade,8,195,595.0,0
shap_feature_selection_extratrees_p1_20260529_183134,G1_thiram_molar_grade,Thiram Positive Molar Grade,8,196,596.0,0
shap_feature_selection_extratrees_p1_20260529_183134,G1_thiram_molar_grade,Thiram Positive Molar Grade,8,197,597.0,0
shap_feature_selection_extratrees_p1_20260529_183134,G1_thiram_molar_grade,Thiram Positive Molar Grade,8,198,598.0,0
shap_feature_selection_extratrees_p1_20260529_183134,G1_thiram_molar_grade,Thiram Positive Molar Grade,8,199,599.0,0
shap_feature_selection_extratrees_p1_20260529_183134,G1_thiram_molar_grade,Thiram Positive Molar Grade,8,200,600.0,0
shap_feature_selection_extratrees_p1_20260529_183134,G1_thiram_molar_grade,Thiram Positive Molar Grade,8,201,601.0,0
shap_feature_selection_extratrees_p1_20260529_183134,G1_thiram_molar_grade,Thiram Positive Molar Grade,8,202,602.0,0
shap_feature_selection_extratrees_p1_20260529_183134,G1_thiram_molar_grade,Thiram Positive Molar Grade,8,203,603.0,0
shap_feature_selection_extratrees_p1_20260529_183134,G1_thiram_molar_grade,Thiram Positive Molar Grade,8,204,604.0,0
shap_feature_selection_extratrees_p1_20260529_183134,G1_thiram_molar_grade,Thiram Positive Molar Grade,8,205,605.0,0
shap_feature_selection_extratrees_p1_20260529_183134,G1_thiram_molar_grade,Thiram Positive Molar Grade,8,206,606.0,0
shap_feature_selection_extratrees_p1_20260529_183134,G1_thiram_molar_grade,Thiram Positive Molar Grade,8,207,607.0,0
shap_feature_selection_extratrees_p1_20260529_183134,G1_thiram_molar_grade,Thiram Positive Molar Grade,8,208,608.0,0
shap_feature_selection_extratrees_p1_20260529_183134,G1_thiram_molar_grade,Thiram Positive Molar Grade,8,209,609.0,0
shap_feature_selection_extratrees_p1_20260529_183134,G1_thiram_molar_grade,Thiram Positive Molar Grade,8,210,610.0,0
shap_feature_selection_extratrees_p1_20260529_183134,G1_thiram_molar_grade,Thiram Positive Molar Grade,8,211,611.0,0
shap_feature_selection_extratrees_p1_20260529_183134,G1_thiram_molar_grade,Thiram Positive Molar Grade,8,212,612.0,0
shap_feature_selection_extratrees_p1_20260529_183134,G1_thiram_molar_grade,Thiram Positive Molar Grade,8,213,613.0,0
shap_feature_selection_extratrees_p1_20260529_183134,G1_thiram_molar_grade,Thiram Positive Molar Grade,8,214,614.0,0
shap_feature_selection_extratrees_p1_20260529_183134,G1_thiram_molar_grade,Thiram Positive Molar Grade,8,215,615.0,0
shap_feature_selection_extratrees_p1_20260529_183134,G1_thiram_molar_grade,Thiram Positive Molar Grade,8,216,616.0,0
shap_feature_selection_extratrees_p1_20260529_183134,G1_thiram_molar_grade,Thiram Positive Molar Grade,8,217,617.0,0
shap_feature_selection_extratrees_p1_20260529_183134,G1_thiram_molar_grade,Thiram Positive Molar Grade,8,218,618.0,0
shap_feature_selection_extratrees_p1_20260529_183134,G1_thiram_molar_grade,Thiram Positive Molar Grade,8,219,619.0,0
shap_feature_selection_extratrees_p1_20260529_183134,G1_thiram_molar_grade,Thiram Positive Molar Grade,8,220,620.0,0
shap_feature_selection_extratrees_p1_20260529_183134,G1_thiram_molar_grade,Thiram Positive Molar Grade,8,221,621.0,0
shap_feature_selection_extratrees_p1_20260529_183134,G1_thiram_molar_grade,Thiram Positive Molar Grade,8,222,622.0,0
shap_feature_selection_extratrees_p1_20260529_183134,G1_thiram_molar_grade,Thiram Positive Molar Grade,8,223,623.0,0
shap_feature_selection_extratrees_p1_20260529_183134,G1_thiram_molar_grade,Thiram Positive Molar Grade,8,224,624.0,0
shap_feature_selection_extratrees_p1_20260529_183134,G1_thiram_molar_grade,Thiram Positive Molar Grade,8,225,625.0,0
shap_feature_selection_extratrees_p1_20260529_183134,G1_thiram_molar_grade,Thiram Positive Molar Grade,8,226,626.0,0
shap_feature_selection_extratrees_p1_20260529_183134,G1_thiram_molar_grade,Thiram Positive Molar Grade,8,227,627.0,0
shap_feature_selection_extratrees_p1_20260529_183134,G1_thiram_molar_grade,Thiram Positive Molar Grade,8,228,628.0,0
shap_feature_selection_extratrees_p1_20260529_183134,G1_thiram_molar_grade,Thiram Positive Molar Grade,8,229,629.0,0
shap_feature_selection_extratrees_p1_20260529_183134,G1_thiram_molar_grade,Thiram Positive Molar Grade,8,230,630.0,0
shap_feature_selection_extratrees_p1_20260529_183134,G1_thiram_molar_grade,Thiram Positive Molar Grade,8,231,631.0,0
shap_feature_selection_extratrees_p1_20260529_183134,G1_thiram_molar_grade,Thiram Positive Molar Grade,8,232,632.0,0
shap_feature_selection_extratrees_p1_20260529_183134,G1_thiram_molar_grade,Thiram Positive Molar Grade,8,233,633.0,0
shap_feature_selection_extratrees_p1_20260529_183134,G1_thiram_molar_grade,Thiram Positive Molar Grade,8,234,634.0,0
shap_feature_selection_extratrees_p1_20260529_183134,G1_thiram_molar_grade,Thiram Positive Molar Grade,8,235,635.0,0
shap_feature_selection_extratrees_p1_20260529_183134,G1_thiram_molar_grade,Thiram Positive Molar Grade,8,236,636.0,0
shap_feature_selection_extratrees_p1_20260529_183134,G1_thiram_molar_grade,Thiram Positive Molar Grade,8,237,637.0,0
shap_feature_selection_extratrees_p1_20260529_183134,G1_thiram_molar_grade,Thiram Positive Molar Grade,8,238,638.0,0
shap_feature_selection_extratrees_p1_20260529_183134,G1_thiram_molar_grade,Thiram Positive Molar Grade,8,239,639.0,0
shap_feature_selection_extratrees_p1_20260529_183134,G1_thiram_molar_grade,Thiram Positive Molar Grade,8,240,640.0,0
shap_feature_selection_extratrees_p1_20260529_183134,G1_thiram_molar_grade,Thiram Positive Molar Grade,8,241,641.0,0
shap_feature_selection_extratrees_p1_20260529_183134,G1_thiram_molar_grade,Thiram Positive Molar Grade,8,242,642.0,0
shap_feature_selection_extratrees_p1_20260529_183134,G1_thiram_molar_grade,Thiram Positive Molar Grade,8,243,643.0,0
shap_feature_selection_extratrees_p1_20260529_183134,G1_thiram_molar_grade,Thiram Positive Molar Grade,8,244,644.0,0
shap_feature_selection_extratrees_p1_20260529_183134,G1_thiram_molar_grade,Thiram Positive Molar Grade,8,245,645.0,0
shap_feature_selection_extratrees_p1_20260529_183134,G1_thiram_molar_grade,Thiram Positive Molar Grade,8,246,646.0,0
shap_feature_selection_extratrees_p1_20260529_183134,G1_thiram_molar_grade,Thiram Positive Molar Grade,8,247,647.0,0
shap_feature_selection_extratrees_p1_20260529_183134,G1_thiram_molar_grade,Thiram Positive Molar Grade,8,248,648.0,0
shap_feature_selection_extratrees_p1_20260529_183134,G1_thiram_molar_grade,Thiram Positive Molar Grade,8,249,649.0,0
shap_feature_selection_extratrees_p1_20260529_183134,G1_thiram_molar_grade,Thiram Positive Molar Grade,8,250,650.0,0
shap_feature_selection_extratrees_p1_20260529_183134,G1_thiram_molar_grade,Thiram Positive Molar Grade,8,251,651.0,0
shap_feature_selection_extratrees_p1_20260529_183134,G1_thiram_molar_grade,Thiram Positive Molar Grade,8,252,652.0,0
shap_feature_selection_extratrees_p1_20260529_183134,G1_thiram_molar_grade,Thiram Positive Molar Grade,8,253,653.0,0
shap_feature_selection_extratrees_p1_20260529_183134,G1_thiram_molar_grade,Thiram Positive Molar Grade,8,254,654.0,0
shap_feature_selection_extratrees_p1_20260529_183134,G1_thiram_molar_grade,Thiram Positive Molar Grade,8,255,655.0,0
shap_feature_selection_extratrees_p1_20260529_183134,G1_thiram_molar_grade,Thiram Positive Molar Grade,8,256,656.0,0
shap_feature_selection_extratrees_p1_20260529_183134,G1_thiram_molar_grade,Thiram Positive Molar Grade,8,257,657.0,0
shap_feature_selection_extratrees_p1_20260529_183134,G1_thiram_molar_grade,Thiram Positive Molar Grade,8,258,658.0,0
shap_feature_selection_extratrees_p1_20260529_183134,G1_thiram_molar_grade,Thiram Positive Molar Grade,8,259,659.0,0
shap_feature_selection_extratrees_p1_20260529_183134,G1_thiram_molar_grade,Thiram Positive Molar Grade,8,260,660.0,0
shap_feature_selection_extratrees_p1_20260529_183134,G1_thiram_molar_grade,Thiram Positive Molar Grade,8,261,661.0,0
shap_feature_selection_extratrees_p1_20260529_183134,G1_thiram_molar_grade,Thiram Positive Molar Grade,8,262,662.0,0
shap_feature_selection_extratrees_p1_20260529_183134,G1_thiram_molar_grade,Thiram Positive Molar Grade,8,263,663.0,0
shap_feature_selection_extratrees_p1_20260529_183134,G1_thiram_molar_grade,Thiram Positive Molar Grade,8,264,664.0,0
shap_feature_selection_extratrees_p1_20260529_183134,G1_thiram_molar_grade,Thiram Positive Molar Grade,8,265,665.0,0
shap_feature_selection_extratrees_p1_20260529_183134,G1_thiram_molar_grade,Thiram Positive Molar Grade,8,266,666.0,0
shap_feature_selection_extratrees_p1_20260529_183134,G1_thiram_molar_grade,Thiram Positive Molar Grade,8,267,667.0,0
shap_feature_selection_extratrees_p1_20260529_183134,G1_thiram_molar_grade,Thiram Positive Molar Grade,8,268,668.0,0
shap_feature_selection_extratrees_p1_20260529_183134,G1_thiram_molar_grade,Thiram Positive Molar Grade,8,269,669.0,0
shap_feature_selection_extratrees_p1_20260529_183134,G1_thiram_molar_grade,Thiram Positive Molar Grade,8,270,670.0,0
shap_feature_selection_extratrees_p1_20260529_183134,G1_thiram_molar_grade,Thiram Positive Molar Grade,8,271,671.0,0
shap_feature_selection_extratrees_p1_20260529_183134,G1_thiram_molar_grade,Thiram Positive Molar Grade,8,272,672.0,0
shap_feature_selection_extratrees_p1_20260529_183134,G1_thiram_molar_grade,Thiram Positive Molar Grade,8,273,673.0,0
shap_feature_selection_extratrees_p1_20260529_183134,G1_thiram_molar_grade,Thiram Positive Molar Grade,8,274,674.0,0
shap_feature_selection_extratrees_p1_20260529_183134,G1_thiram_molar_grade,Thiram Positive Molar Grade,8,275,675.0,0
shap_feature_selection_extratrees_p1_20260529_183134,G1_thiram_molar_grade,Thiram Positive Molar Grade,8,276,676.0,0
shap_feature_selection_extratrees_p1_20260529_183134,G1_thiram_molar_grade,Thiram Positive Molar Grade,8,277,677.0,0
shap_feature_selection_extratrees_p1_20260529_183134,G1_thiram_molar_grade,Thiram Positive Molar Grade,8,278,678.0,0
shap_feature_selection_extratrees_p1_20260529_183134,G1_thiram_molar_grade,Thiram Positive Molar Grade,8,279,679.0,0
shap_feature_selection_extratrees_p1_20260529_183134,G1_thiram_molar_grade,Thiram Positive Molar Grade,8,280,680.0,0
shap_feature_selection_extratrees_p1_20260529_183134,G1_thiram_molar_grade,Thiram Positive Molar Grade,8,281,681.0,0
shap_feature_selection_extratrees_p1_20260529_183134,G1_thiram_molar_grade,Thiram Positive Molar Grade,8,282,682.0,0
shap_feature_selection_extratrees_p1_20260529_183134,G1_thiram_molar_grade,Thiram Positive Molar Grade,8,283,683.0,0
shap_feature_selection_extratrees_p1_20260529_183134,G1_thiram_molar_grade,Thiram Positive Molar Grade,8,284,684.0,0
shap_feature_selection_extratrees_p1_20260529_183134,G1_thiram_molar_grade,Thiram Positive Molar Grade,8,285,685.0,0
shap_feature_selection_extratrees_p1_20260529_183134,G1_thiram_molar_grade,Thiram Positive Molar Grade,8,286,686.0,0
shap_feature_selection_extratrees_p1_20260529_183134,G1_thiram_molar_grade,Thiram Positive Molar Grade,8,287,687.0,0
shap_feature_selection_extratrees_p1_20260529_183134,G1_thiram_molar_grade,Thiram Positive Molar Grade,8,288,688.0,0
shap_feature_selection_extratrees_p1_20260529_183134,G1_thiram_molar_grade,Thiram Positive Molar Grade,8,289,689.0,0
shap_feature_selection_extratrees_p1_20260529_183134,G1_thiram_molar_grade,Thiram Positive Molar Grade,8,290,690.0,0
shap_feature_selection_extratrees_p1_20260529_183134,G1_thiram_molar_grade,Thiram Positive Molar Grade,8,291,691.0,0
shap_feature_selection_extratrees_p1_20260529_183134,G1_thiram_molar_grade,Thiram Positive Molar Grade,8,292,692.0,0
shap_feature_selection_extratrees_p1_20260529_183134,G1_thiram_molar_grade,Thiram Positive Molar Grade,8,293,693.0,0
shap_feature_selection_extratrees_p1_20260529_183134,G1_thiram_molar_grade,Thiram Positive Molar Grade,8,294,694.0,1
shap_feature_selection_extratrees_p1_20260529_183134,G1_thiram_molar_grade,Thiram Positive Molar Grade,8,295,695.0,1
shap_feature_selection_extratrees_p1_20260529_183134,G1_thiram_molar_grade,Thiram Positive Molar Grade,8,296,696.0,0
shap_feature_selection_extratrees_p1_20260529_183134,G1_thiram_molar_grade,Thiram Positive Molar Grade,8,297,697.0,1
shap_feature_selection_extratrees_p1_20260529_183134,G1_thiram_molar_grade,Thiram Positive Molar Grade,8,298,698.0,1
shap_feature_selection_extratrees_p1_20260529_183134,G1_thiram_molar_grade,Thiram Positive Molar Grade,8,299,699.0,1
shap_feature_selection_extratrees_p1_20260529_183134,G1_thiram_molar_grade,Thiram Positive Molar Grade,8,300,700.0,0
shap_feature_selection_extratrees_p1_20260529_183134,G1_thiram_molar_grade,Thiram Positive Molar Grade,8,301,701.0,0
shap_feature_selection_extratrees_p1_20260529_183134,G1_thiram_molar_grade,Thiram Positive Molar Grade,8,302,702.0,0
shap_feature_selection_extratrees_p1_20260529_183134,G1_thiram_molar_grade,Thiram Positive Molar Grade,8,303,703.0,0
shap_feature_selection_extratrees_p1_20260529_183134,G1_thiram_molar_grade,Thiram Positive Molar Grade,8,304,704.0,0
shap_feature_selection_extratrees_p1_20260529_183134,G1_thiram_molar_grade,Thiram Positive Molar Grade,8,305,705.0,0
shap_feature_selection_extratrees_p1_20260529_183134,G1_thiram_molar_grade,Thiram Positive Molar Grade,8,306,706.0,0
shap_feature_selection_extratrees_p1_20260529_183134,G1_thiram_molar_grade,Thiram Positive Molar Grade,8,307,707.0,0
shap_feature_selection_extratrees_p1_20260529_183134,G1_thiram_molar_grade,Thiram Positive Molar Grade,8,308,708.0,0
shap_feature_selection_extratrees_p1_20260529_183134,G1_thiram_molar_grade,Thiram Positive Molar Grade,8,309,709.0,0
shap_feature_selection_extratrees_p1_20260529_183134,G1_thiram_molar_grade,Thiram Positive Molar Grade,8,310,710.0,0
shap_feature_selection_extratrees_p1_20260529_183134,G1_thiram_molar_grade,Thiram Positive Molar Grade,8,311,711.0,0
shap_feature_selection_extratrees_p1_20260529_183134,G1_thiram_molar_grade,Thiram Positive Molar Grade,8,312,712.0,0
shap_feature_selection_extratrees_p1_20260529_183134,G1_thiram_molar_grade,Thiram Positive Molar Grade,8,313,713.0,1
shap_feature_selection_extratrees_p1_20260529_183134,G1_thiram_molar_grade,Thiram Positive Molar Grade,8,314,714.0,0
shap_feature_selection_extratrees_p1_20260529_183134,G1_thiram_molar_grade,Thiram Positive Molar Grade,8,315,715.0,0
shap_feature_selection_extratrees_p1_20260529_183134,G1_thiram_molar_grade,Thiram Positive Molar Grade,8,316,716.0,0
shap_feature_selection_extratrees_p1_20260529_183134,G1_thiram_molar_grade,Thiram Positive Molar Grade,8,317,717.0,1
shap_feature_selection_extratrees_p1_20260529_183134,G1_thiram_molar_grade,Thiram Positive Molar Grade,8,318,718.0,1
shap_feature_selection_extratrees_p1_20260529_183134,G1_thiram_molar_grade,Thiram Positive Molar Grade,8,319,719.0,1
shap_feature_selection_extratrees_p1_20260529_183134,G1_thiram_molar_grade,Thiram Positive Molar Grade,8,320,720.0,0
shap_feature_selection_extratrees_p1_20260529_183134,G1_thiram_molar_grade,Thiram Positive Molar Grade,8,321,721.0,0
shap_feature_selection_extratrees_p1_20260529_183134,G1_thiram_molar_grade,Thiram Positive Molar Grade,8,322,722.0,0
shap_feature_selection_extratrees_p1_20260529_183134,G1_thiram_molar_grade,Thiram Positive Molar Grade,8,323,723.0,0
shap_feature_selection_extratrees_p1_20260529_183134,G1_thiram_molar_grade,Thiram Positive Molar Grade,8,324,724.0,0
shap_feature_selection_extratrees_p1_20260529_183134,G1_thiram_molar_grade,Thiram Positive Molar Grade,8,325,725.0,0
shap_feature_selection_extratrees_p1_20260529_183134,G1_thiram_molar_grade,Thiram Positive Molar Grade,8,326,726.0,0
shap_feature_selection_extratrees_p1_20260529_183134,G1_thiram_molar_grade,Thiram Positive Molar Grade,8,327,727.0,0
shap_feature_selection_extratrees_p1_20260529_183134,G1_thiram_molar_grade,Thiram Positive Molar Grade,8,328,728.0,0
shap_feature_selection_extratrees_p1_20260529_183134,G1_thiram_molar_grade,Thiram Positive Molar Grade,8,329,729.0,0
shap_feature_selection_extratrees_p1_20260529_183134,G1_thiram_molar_grade,Thiram Positive Molar Grade,8,330,730.0,0
shap_feature_selection_extratrees_p1_20260529_183134,G1_thiram_molar_grade,Thiram Positive Molar Grade,8,331,731.0,0
shap_feature_selection_extratrees_p1_20260529_183134,G1_thiram_molar_grade,Thiram Positive Molar Grade,8,332,732.0,0
shap_feature_selection_extratrees_p1_20260529_183134,G1_thiram_molar_grade,Thiram Positive Molar Grade,8,333,733.0,0
shap_feature_selection_extratrees_p1_20260529_183134,G1_thiram_molar_grade,Thiram Positive Molar Grade,8,334,734.0,0
shap_feature_selection_extratrees_p1_20260529_183134,G1_thiram_molar_grade,Thiram Positive Molar Grade,8,335,735.0,0
shap_feature_selection_extratrees_p1_20260529_183134,G1_thiram_molar_grade,Thiram Positive Molar Grade,8,336,736.0,0
shap_feature_selection_extratrees_p1_20260529_183134,G1_thiram_molar_grade,Thiram Positive Molar Grade,8,337,737.0,0
shap_feature_selection_extratrees_p1_20260529_183134,G1_thiram_molar_grade,Thiram Positive Molar Grade,8,338,738.0,0
shap_feature_selection_extratrees_p1_20260529_183134,G1_thiram_molar_grade,Thiram Positive Molar Grade,8,339,739.0,0
shap_feature_selection_extratrees_p1_20260529_183134,G1_thiram_molar_grade,Thiram Positive Molar Grade,8,340,740.0,0
shap_feature_selection_extratrees_p1_20260529_183134,G1_thiram_molar_grade,Thiram Positive Molar Grade,8,341,741.0,0
shap_feature_selection_extratrees_p1_20260529_183134,G1_thiram_molar_grade,Thiram Positive Molar Grade,8,342,742.0,0
shap_feature_selection_extratrees_p1_20260529_183134,G1_thiram_molar_grade,Thiram Positive Molar Grade,8,343,743.0,0
shap_feature_selection_extratrees_p1_20260529_183134,G1_thiram_molar_grade,Thiram Positive Molar Grade,8,344,744.0,0
shap_feature_selection_extratrees_p1_20260529_183134,G1_thiram_molar_grade,Thiram Positive Molar Grade,8,345,745.0,0
shap_feature_selection_extratrees_p1_20260529_183134,G1_thiram_molar_grade,Thiram Positive Molar Grade,8,346,746.0,0
shap_feature_selection_extratrees_p1_20260529_183134,G1_thiram_molar_grade,Thiram Positive Molar Grade,8,347,747.0,0
shap_feature_selection_extratrees_p1_20260529_183134,G1_thiram_molar_grade,Thiram Positive Molar Grade,8,348,748.0,0
shap_feature_selection_extratrees_p1_20260529_183134,G1_thiram_molar_grade,Thiram Positive Molar Grade,8,349,749.0,0
shap_feature_selection_extratrees_p1_20260529_183134,G1_thiram_molar_grade,Thiram Positive Molar Grade,8,350,750.0,0
shap_feature_selection_extratrees_p1_20260529_183134,G1_thiram_molar_grade,Thiram Positive Molar Grade,8,351,751.0,0
shap_feature_selection_extratrees_p1_20260529_183134,G1_thiram_molar_grade,Thiram Positive Molar Grade,8,352,752.0,0
shap_feature_selection_extratrees_p1_20260529_183134,G1_thiram_molar_grade,Thiram Positive Molar Grade,8,353,753.0,0
shap_feature_selection_extratrees_p1_20260529_183134,G1_thiram_molar_grade,Thiram Positive Molar Grade,8,354,754.0,0
shap_feature_selection_extratrees_p1_20260529_183134,G1_thiram_molar_grade,Thiram Positive Molar Grade,8,355,755.0,0
shap_feature_selection_extratrees_p1_20260529_183134,G1_thiram_molar_grade,Thiram Positive Molar Grade,8,356,756.0,0
shap_feature_selection_extratrees_p1_20260529_183134,G1_thiram_molar_grade,Thiram Positive Molar Grade,8,357,757.0,0
shap_feature_selection_extratrees_p1_20260529_183134,G1_thiram_molar_grade,Thiram Positive Molar Grade,8,358,758.0,0
shap_feature_selection_extratrees_p1_20260529_183134,G1_thiram_molar_grade,Thiram Positive Molar Grade,8,359,759.0,0
shap_feature_selection_extratrees_p1_20260529_183134,G1_thiram_molar_grade,Thiram Positive Molar Grade,8,360,760.0,0
shap_feature_selection_extratrees_p1_20260529_183134,G1_thiram_molar_grade,Thiram Positive Molar Grade,8,361,761.0,0
shap_feature_selection_extratrees_p1_20260529_183134,G1_thiram_molar_grade,Thiram Positive Molar Grade,8,362,762.0,0
shap_feature_selection_extratrees_p1_20260529_183134,G1_thiram_molar_grade,Thiram Positive Molar Grade,8,363,763.0,0
shap_feature_selection_extratrees_p1_20260529_183134,G1_thiram_molar_grade,Thiram Positive Molar Grade,8,364,764.0,0
shap_feature_selection_extratrees_p1_20260529_183134,G1_thiram_molar_grade,Thiram Positive Molar Grade,8,365,765.0,0
shap_feature_selection_extratrees_p1_20260529_183134,G1_thiram_molar_grade,Thiram Positive Molar Grade,8,366,766.0,0
shap_feature_selection_extratrees_p1_20260529_183134,G1_thiram_molar_grade,Thiram Positive Molar Grade,8,367,767.0,0
shap_feature_selection_extratrees_p1_20260529_183134,G1_thiram_molar_grade,Thiram Positive Molar Grade,8,368,768.0,0
shap_feature_selection_extratrees_p1_20260529_183134,G1_thiram_molar_grade,Thiram Positive Molar Grade,8,369,769.0,0
shap_feature_selection_extratrees_p1_20260529_183134,G1_thiram_molar_grade,Thiram Positive Molar Grade,8,370,770.0,0
shap_feature_selection_extratrees_p1_20260529_183134,G1_thiram_molar_grade,Thiram Positive Molar Grade,8,371,771.0,0
shap_feature_selection_extratrees_p1_20260529_183134,G1_thiram_molar_grade,Thiram Positive Molar Grade,8,372,772.0,0
shap_feature_selection_extratrees_p1_20260529_183134,G1_thiram_molar_grade,Thiram Positive Molar Grade,8,373,773.0,0
shap_feature_selection_extratrees_p1_20260529_183134,G1_thiram_molar_grade,Thiram Positive Molar Grade,8,374,774.0,0
shap_feature_selection_extratrees_p1_20260529_183134,G1_thiram_molar_grade,Thiram Positive Molar Grade,8,375,775.0,0
shap_feature_selection_extratrees_p1_20260529_183134,G1_thiram_molar_grade,Thiram Positive Molar Grade,8,376,776.0,0
shap_feature_selection_extratrees_p1_20260529_183134,G1_thiram_molar_grade,Thiram Positive Molar Grade,8,377,777.0,0
shap_feature_selection_extratrees_p1_20260529_183134,G1_thiram_molar_grade,Thiram Positive Molar Grade,8,378,778.0,0
shap_feature_selection_extratrees_p1_20260529_183134,G1_thiram_molar_grade,Thiram Positive Molar Grade,8,379,779.0,0
shap_feature_selection_extratrees_p1_20260529_183134,G1_thiram_molar_grade,Thiram Positive Molar Grade,8,380,780.0,0
shap_feature_selection_extratrees_p1_20260529_183134,G1_thiram_molar_grade,Thiram Positive Molar Grade,8,381,781.0,0
shap_feature_selection_extratrees_p1_20260529_183134,G1_thiram_molar_grade,Thiram Positive Molar Grade,8,382,782.0,0
shap_feature_selection_extratrees_p1_20260529_183134,G1_thiram_molar_grade,Thiram Positive Molar Grade,8,383,783.0,0
shap_feature_selection_extratrees_p1_20260529_183134,G1_thiram_molar_grade,Thiram Positive Molar Grade,8,384,784.0,0
shap_feature_selection_extratrees_p1_20260529_183134,G1_thiram_molar_grade,Thiram Positive Molar Grade,8,385,785.0,0
shap_feature_selection_extratrees_p1_20260529_183134,G1_thiram_molar_grade,Thiram Positive Molar Grade,8,386,786.0,0
shap_feature_selection_extratrees_p1_20260529_183134,G1_thiram_molar_grade,Thiram Positive Molar Grade,8,387,787.0,0
shap_feature_selection_extratrees_p1_20260529_183134,G1_thiram_molar_grade,Thiram Positive Molar Grade,8,388,788.0,0
shap_feature_selection_extratrees_p1_20260529_183134,G1_thiram_molar_grade,Thiram Positive Molar Grade,8,389,789.0,0
shap_feature_selection_extratrees_p1_20260529_183134,G1_thiram_molar_grade,Thiram Positive Molar Grade,8,390,790.0,0
shap_feature_selection_extratrees_p1_20260529_183134,G1_thiram_molar_grade,Thiram Positive Molar Grade,8,391,791.0,0
shap_feature_selection_extratrees_p1_20260529_183134,G1_thiram_molar_grade,Thiram Positive Molar Grade,8,392,792.0,0
shap_feature_selection_extratrees_p1_20260529_183134,G1_thiram_molar_grade,Thiram Positive Molar Grade,8,393,793.0,0
shap_feature_selection_extratrees_p1_20260529_183134,G1_thiram_molar_grade,Thiram Positive Molar Grade,8,394,794.0,0
shap_feature_selection_extratrees_p1_20260529_183134,G1_thiram_molar_grade,Thiram Positive Molar Grade,8,395,795.0,0
shap_feature_selection_extratrees_p1_20260529_183134,G1_thiram_molar_grade,Thiram Positive Molar Grade,8,396,796.0,0
shap_feature_selection_extratrees_p1_20260529_183134,G1_thiram_molar_grade,Thiram Positive Molar Grade,8,397,797.0,0
shap_feature_selection_extratrees_p1_20260529_183134,G1_thiram_molar_grade,Thiram Positive Molar Grade,8,398,798.0,0
shap_feature_selection_extratrees_p1_20260529_183134,G1_thiram_molar_grade,Thiram Positive Molar Grade,8,399,799.0,1
shap_feature_selection_extratrees_p1_20260529_183134,G1_thiram_molar_grade,Thiram Positive Molar Grade,8,400,800.0,1
shap_feature_selection_extratrees_p1_20260529_183134,G1_thiram_molar_grade,Thiram Positive Molar Grade,8,401,801.0,1
shap_feature_selection_extratrees_p1_20260529_183134,G1_thiram_molar_grade,Thiram Positive Molar Grade,8,402,802.0,0
shap_feature_selection_extratrees_p1_20260529_183134,G1_thiram_molar_grade,Thiram Positive Molar Grade,8,403,803.0,0
shap_feature_selection_extratrees_p1_20260529_183134,G1_thiram_molar_grade,Thiram Positive Molar Grade,8,404,804.0,0
shap_feature_selection_extratrees_p1_20260529_183134,G1_thiram_molar_grade,Thiram Positive Molar Grade,8,405,805.0,0
shap_feature_selection_extratrees_p1_20260529_183134,G1_thiram_molar_grade,Thiram Positive Molar Grade,8,406,806.0,0
shap_feature_selection_extratrees_p1_20260529_183134,G1_thiram_molar_grade,Thiram Positive Molar Grade,8,407,807.0,0
shap_feature_selection_extratrees_p1_20260529_183134,G1_thiram_molar_grade,Thiram Positive Molar Grade,8,408,808.0,0
shap_feature_selection_extratrees_p1_20260529_183134,G1_thiram_molar_grade,Thiram Positive Molar Grade,8,409,809.0,0
shap_feature_selection_extratrees_p1_20260529_183134,G1_thiram_molar_grade,Thiram Positive Molar Grade,8,410,810.0,0
shap_feature_selection_extratrees_p1_20260529_183134,G1_thiram_molar_grade,Thiram Positive Molar Grade,8,411,811.0,0
shap_feature_selection_extratrees_p1_20260529_183134,G1_thiram_molar_grade,Thiram Positive Molar Grade,8,412,812.0,0
shap_feature_selection_extratrees_p1_20260529_183134,G1_thiram_molar_grade,Thiram Positive Molar Grade,8,413,813.0,0
shap_feature_selection_extratrees_p1_20260529_183134,G1_thiram_molar_grade,Thiram Positive Molar Grade,8,414,814.0,0
shap_feature_selection_extratrees_p1_20260529_183134,G1_thiram_molar_grade,Thiram Positive Molar Grade,8,415,815.0,0
shap_feature_selection_extratrees_p1_20260529_183134,G1_thiram_molar_grade,Thiram Positive Molar Grade,8,416,816.0,0
shap_feature_selection_extratrees_p1_20260529_183134,G1_thiram_molar_grade,Thiram Positive Molar Grade,8,417,817.0,0
shap_feature_selection_extratrees_p1_20260529_183134,G1_thiram_molar_grade,Thiram Positive Molar Grade,8,418,818.0,0
shap_feature_selection_extratrees_p1_20260529_183134,G1_thiram_molar_grade,Thiram Positive Molar Grade,8,419,819.0,0
shap_feature_selection_extratrees_p1_20260529_183134,G1_thiram_molar_grade,Thiram Positive Molar Grade,8,420,820.0,0
shap_feature_selection_extratrees_p1_20260529_183134,G1_thiram_molar_grade,Thiram Positive Molar Grade,8,421,821.0,0
shap_feature_selection_extratrees_p1_20260529_183134,G1_thiram_molar_grade,Thiram Positive Molar Grade,8,422,822.0,0
shap_feature_selection_extratrees_p1_20260529_183134,G1_thiram_molar_grade,Thiram Positive Molar Grade,8,423,823.0,0
shap_feature_selection_extratrees_p1_20260529_183134,G1_thiram_molar_grade,Thiram Positive Molar Grade,8,424,824.0,0
shap_feature_selection_extratrees_p1_20260529_183134,G1_thiram_molar_grade,Thiram Positive Molar Grade,8,425,825.0,0
shap_feature_selection_extratrees_p1_20260529_183134,G1_thiram_molar_grade,Thiram Positive Molar Grade,8,426,826.0,0
shap_feature_selection_extratrees_p1_20260529_183134,G1_thiram_molar_grade,Thiram Positive Molar Grade,8,427,827.0,0
shap_feature_selection_extratrees_p1_20260529_183134,G1_thiram_molar_grade,Thiram Positive Molar Grade,8,428,828.0,0
shap_feature_selection_extratrees_p1_20260529_183134,G1_thiram_molar_grade,Thiram Positive Molar Grade,8,429,829.0,0
shap_feature_selection_extratrees_p1_20260529_183134,G1_thiram_molar_grade,Thiram Positive Molar Grade,8,430,830.0,0
shap_feature_selection_extratrees_p1_20260529_183134,G1_thiram_molar_grade,Thiram Positive Molar Grade,8,431,831.0,0
shap_feature_selection_extratrees_p1_20260529_183134,G1_thiram_molar_grade,Thiram Positive Molar Grade,8,432,832.0,0
shap_feature_selection_extratrees_p1_20260529_183134,G1_thiram_molar_grade,Thiram Positive Molar Grade,8,433,833.0,0
shap_feature_selection_extratrees_p1_20260529_183134,G1_thiram_molar_grade,Thiram Positive Molar Grade,8,434,834.0,0
shap_feature_selection_extratrees_p1_20260529_183134,G1_thiram_molar_grade,Thiram Positive Molar Grade,8,435,835.0,0
shap_feature_selection_extratrees_p1_20260529_183134,G1_thiram_molar_grade,Thiram Positive Molar Grade,8,436,836.0,0
shap_feature_selection_extratrees_p1_20260529_183134,G1_thiram_molar_grade,Thiram Positive Molar Grade,8,437,837.0,0
shap_feature_selection_extratrees_p1_20260529_183134,G1_thiram_molar_grade,Thiram Positive Molar Grade,8,438,838.0,0
shap_feature_selection_extratrees_p1_20260529_183134,G1_thiram_molar_grade,Thiram Positive Molar Grade,8,439,839.0,0
shap_feature_selection_extratrees_p1_20260529_183134,G1_thiram_molar_grade,Thiram Positive Molar Grade,8,440,840.0,0
shap_feature_selection_extratrees_p1_20260529_183134,G1_thiram_molar_grade,Thiram Positive Molar Grade,8,441,841.0,0
shap_feature_selection_extratrees_p1_20260529_183134,G1_thiram_molar_grade,Thiram Positive Molar Grade,8,442,842.0,0
shap_feature_selection_extratrees_p1_20260529_183134,G1_thiram_molar_grade,Thiram Positive Molar Grade,8,443,843.0,0
shap_feature_selection_extratrees_p1_20260529_183134,G1_thiram_molar_grade,Thiram Positive Molar Grade,8,444,844.0,0
shap_feature_selection_extratrees_p1_20260529_183134,G1_thiram_molar_grade,Thiram Positive Molar Grade,8,445,845.0,0
shap_feature_selection_extratrees_p1_20260529_183134,G1_thiram_molar_grade,Thiram Positive Molar Grade,8,446,846.0,0
shap_feature_selection_extratrees_p1_20260529_183134,G1_thiram_molar_grade,Thiram Positive Molar Grade,8,447,847.0,0
shap_feature_selection_extratrees_p1_20260529_183134,G1_thiram_molar_grade,Thiram Positive Molar Grade,8,448,848.0,0
shap_feature_selection_extratrees_p1_20260529_183134,G1_thiram_molar_grade,Thiram Positive Molar Grade,8,449,849.0,0
shap_feature_selection_extratrees_p1_20260529_183134,G1_thiram_molar_grade,Thiram Positive Molar Grade,8,450,850.0,0
shap_feature_selection_extratrees_p1_20260529_183134,G1_thiram_molar_grade,Thiram Positive Molar Grade,8,451,851.0,0
shap_feature_selection_extratrees_p1_20260529_183134,G1_thiram_molar_grade,Thiram Positive Molar Grade,8,452,852.0,0
shap_feature_selection_extratrees_p1_20260529_183134,G1_thiram_molar_grade,Thiram Positive Molar Grade,8,453,853.0,0
shap_feature_selection_extratrees_p1_20260529_183134,G1_thiram_molar_grade,Thiram Positive Molar Grade,8,454,854.0,0
shap_feature_selection_extratrees_p1_20260529_183134,G1_thiram_molar_grade,Thiram Positive Molar Grade,8,455,855.0,0
shap_feature_selection_extratrees_p1_20260529_183134,G1_thiram_molar_grade,Thiram Positive Molar Grade,8,456,856.0,0
shap_feature_selection_extratrees_p1_20260529_183134,G1_thiram_molar_grade,Thiram Positive Molar Grade,8,457,857.0,0
shap_feature_selection_extratrees_p1_20260529_183134,G1_thiram_molar_grade,Thiram Positive Molar Grade,8,458,858.0,0
shap_feature_selection_extratrees_p1_20260529_183134,G1_thiram_molar_grade,Thiram Positive Molar Grade,8,459,859.0,0
shap_feature_selection_extratrees_p1_20260529_183134,G1_thiram_molar_grade,Thiram Positive Molar Grade,8,460,860.0,0
shap_feature_selection_extratrees_p1_20260529_183134,G1_thiram_molar_grade,Thiram Positive Molar Grade,8,461,861.0,0
shap_feature_selection_extratrees_p1_20260529_183134,G1_thiram_molar_grade,Thiram Positive Molar Grade,8,462,862.0,0
shap_feature_selection_extratrees_p1_20260529_183134,G1_thiram_molar_grade,Thiram Positive Molar Grade,8,463,863.0,0
shap_feature_selection_extratrees_p1_20260529_183134,G1_thiram_molar_grade,Thiram Positive Molar Grade,8,464,864.0,0
shap_feature_selection_extratrees_p1_20260529_183134,G1_thiram_molar_grade,Thiram Positive Molar Grade,8,465,865.0,0
shap_feature_selection_extratrees_p1_20260529_183134,G1_thiram_molar_grade,Thiram Positive Molar Grade,8,466,866.0,0
shap_feature_selection_extratrees_p1_20260529_183134,G1_thiram_molar_grade,Thiram Positive Molar Grade,8,467,867.0,0
shap_feature_selection_extratrees_p1_20260529_183134,G1_thiram_molar_grade,Thiram Positive Molar Grade,8,468,868.0,0
shap_feature_selection_extratrees_p1_20260529_183134,G1_thiram_molar_grade,Thiram Positive Molar Grade,8,469,869.0,0
shap_feature_selection_extratrees_p1_20260529_183134,G1_thiram_molar_grade,Thiram Positive Molar Grade,8,470,870.0,1
shap_feature_selection_extratrees_p1_20260529_183134,G1_thiram_molar_grade,Thiram Positive Molar Grade,8,471,871.0,1
shap_feature_selection_extratrees_p1_20260529_183134,G1_thiram_molar_grade,Thiram Positive Molar Grade,8,472,872.0,1
shap_feature_selection_extratrees_p1_20260529_183134,G1_thiram_molar_grade,Thiram Positive Molar Grade,8,473,873.0,1
shap_feature_selection_extratrees_p1_20260529_183134,G1_thiram_molar_grade,Thiram Positive Molar Grade,8,474,874.0,1
shap_feature_selection_extratrees_p1_20260529_183134,G1_thiram_molar_grade,Thiram Positive Molar Grade,8,475,875.0,1
shap_feature_selection_extratrees_p1_20260529_183134,G1_thiram_molar_grade,Thiram Positive Molar Grade,8,476,876.0,1
shap_feature_selection_extratrees_p1_20260529_183134,G1_thiram_molar_grade,Thiram Positive Molar Grade,8,477,877.0,1
shap_feature_selection_extratrees_p1_20260529_183134,G1_thiram_molar_grade,Thiram Positive Molar Grade,8,478,878.0,1
shap_feature_selection_extratrees_p1_20260529_183134,G1_thiram_molar_grade,Thiram Positive Molar Grade,8,479,879.0,0
shap_feature_selection_extratrees_p1_20260529_183134,G1_thiram_molar_grade,Thiram Positive Molar Grade,8,480,880.0,1
shap_feature_selection_extratrees_p1_20260529_183134,G1_thiram_molar_grade,Thiram Positive Molar Grade,8,481,881.0,0
shap_feature_selection_extratrees_p1_20260529_183134,G1_thiram_molar_grade,Thiram Positive Molar Grade,8,482,882.0,0
shap_feature_selection_extratrees_p1_20260529_183134,G1_thiram_molar_grade,Thiram Positive Molar Grade,8,483,883.0,0
shap_feature_selection_extratrees_p1_20260529_183134,G1_thiram_molar_grade,Thiram Positive Molar Grade,8,484,884.0,1
shap_feature_selection_extratrees_p1_20260529_183134,G1_thiram_molar_grade,Thiram Positive Molar Grade,8,485,885.0,0
shap_feature_selection_extratrees_p1_20260529_183134,G1_thiram_molar_grade,Thiram Positive Molar Grade,8,486,886.0,0
shap_feature_selection_extratrees_p1_20260529_183134,G1_thiram_molar_grade,Thiram Positive Molar Grade,8,487,887.0,0
shap_feature_selection_extratrees_p1_20260529_183134,G1_thiram_molar_grade,Thiram Positive Molar Grade,8,488,888.0,0
shap_feature_selection_extratrees_p1_20260529_183134,G1_thiram_molar_grade,Thiram Positive Molar Grade,8,489,889.0,0
shap_feature_selection_extratrees_p1_20260529_183134,G1_thiram_molar_grade,Thiram Positive Molar Grade,8,490,890.0,0
shap_feature_selection_extratrees_p1_20260529_183134,G1_thiram_molar_grade,Thiram Positive Molar Grade,8,491,891.0,0
shap_feature_selection_extratrees_p1_20260529_183134,G1_thiram_molar_grade,Thiram Positive Molar Grade,8,492,892.0,0
shap_feature_selection_extratrees_p1_20260529_183134,G1_thiram_molar_grade,Thiram Positive Molar Grade,8,493,893.0,0
shap_feature_selection_extratrees_p1_20260529_183134,G1_thiram_molar_grade,Thiram Positive Molar Grade,8,494,894.0,0
shap_feature_selection_extratrees_p1_20260529_183134,G1_thiram_molar_grade,Thiram Positive Molar Grade,8,495,895.0,0
shap_feature_selection_extratrees_p1_20260529_183134,G1_thiram_molar_grade,Thiram Positive Molar Grade,8,496,896.0,0
shap_feature_selection_extratrees_p1_20260529_183134,G1_thiram_molar_grade,Thiram Positive Molar Grade,8,497,897.0,0
shap_feature_selection_extratrees_p1_20260529_183134,G1_thiram_molar_grade,Thiram Positive Molar Grade,8,498,898.0,0
shap_feature_selection_extratrees_p1_20260529_183134,G1_thiram_molar_grade,Thiram Positive Molar Grade,8,499,899.0,0
shap_feature_selection_extratrees_p1_20260529_183134,G1_thiram_molar_grade,Thiram Positive Molar Grade,8,500,900.0,0
shap_feature_selection_extratrees_p1_20260529_183134,G1_thiram_molar_grade,Thiram Positive Molar Grade,8,501,901.0,0
shap_feature_selection_extratrees_p1_20260529_183134,G1_thiram_molar_grade,Thiram Positive Molar Grade,8,502,902.0,0
shap_feature_selection_extratrees_p1_20260529_183134,G1_thiram_molar_grade,Thiram Positive Molar Grade,8,503,903.0,0
shap_feature_selection_extratrees_p1_20260529_183134,G1_thiram_molar_grade,Thiram Positive Molar Grade,8,504,904.0,0
shap_feature_selection_extratrees_p1_20260529_183134,G1_thiram_molar_grade,Thiram Positive Molar Grade,8,505,905.0,0
shap_feature_selection_extratrees_p1_20260529_183134,G1_thiram_molar_grade,Thiram Positive Molar Grade,8,506,906.0,0
shap_feature_selection_extratrees_p1_20260529_183134,G1_thiram_molar_grade,Thiram Positive Molar Grade,8,507,907.0,0
shap_feature_selection_extratrees_p1_20260529_183134,G1_thiram_molar_grade,Thiram Positive Molar Grade,8,508,908.0,0
shap_feature_selection_extratrees_p1_20260529_183134,G1_thiram_molar_grade,Thiram Positive Molar Grade,8,509,909.0,0
shap_feature_selection_extratrees_p1_20260529_183134,G1_thiram_molar_grade,Thiram Positive Molar Grade,8,510,910.0,0
shap_feature_selection_extratrees_p1_20260529_183134,G1_thiram_molar_grade,Thiram Positive Molar Grade,8,511,911.0,0
shap_feature_selection_extratrees_p1_20260529_183134,G1_thiram_molar_grade,Thiram Positive Molar Grade,8,512,912.0,0
shap_feature_selection_extratrees_p1_20260529_183134,G1_thiram_molar_grade,Thiram Positive Molar Grade,8,513,913.0,0
shap_feature_selection_extratrees_p1_20260529_183134,G1_thiram_molar_grade,Thiram Positive Molar Grade,8,514,914.0,0
shap_feature_selection_extratrees_p1_20260529_183134,G1_thiram_molar_grade,Thiram Positive Molar Grade,8,515,915.0,0
shap_feature_selection_extratrees_p1_20260529_183134,G1_thiram_molar_grade,Thiram Positive Molar Grade,8,516,916.0,0
shap_feature_selection_extratrees_p1_20260529_183134,G1_thiram_molar_grade,Thiram Positive Molar Grade,8,517,917.0,0
shap_feature_selection_extratrees_p1_20260529_183134,G1_thiram_molar_grade,Thiram Positive Molar Grade,8,518,918.0,0
shap_feature_selection_extratrees_p1_20260529_183134,G1_thiram_molar_grade,Thiram Positive Molar Grade,8,519,919.0,0
shap_feature_selection_extratrees_p1_20260529_183134,G1_thiram_molar_grade,Thiram Positive Molar Grade,8,520,920.0,0
shap_feature_selection_extratrees_p1_20260529_183134,G1_thiram_molar_grade,Thiram Positive Molar Grade,8,521,921.0,0
shap_feature_selection_extratrees_p1_20260529_183134,G1_thiram_molar_grade,Thiram Positive Molar Grade,8,522,922.0,1
shap_feature_selection_extratrees_p1_20260529_183134,G1_thiram_molar_grade,Thiram Positive Molar Grade,8,523,923.0,0
shap_feature_selection_extratrees_p1_20260529_183134,G1_thiram_molar_grade,Thiram Positive Molar Grade,8,524,924.0,0
shap_feature_selection_extratrees_p1_20260529_183134,G1_thiram_molar_grade,Thiram Positive Molar Grade,8,525,925.0,0
shap_feature_selection_extratrees_p1_20260529_183134,G1_thiram_molar_grade,Thiram Positive Molar Grade,8,526,926.0,0
shap_feature_selection_extratrees_p1_20260529_183134,G1_thiram_molar_grade,Thiram Positive Molar Grade,8,527,927.0,0
shap_feature_selection_extratrees_p1_20260529_183134,G1_thiram_molar_grade,Thiram Positive Molar Grade,8,528,928.0,0
shap_feature_selection_extratrees_p1_20260529_183134,G1_thiram_molar_grade,Thiram Positive Molar Grade,8,529,929.0,0
shap_feature_selection_extratrees_p1_20260529_183134,G1_thiram_molar_grade,Thiram Positive Molar Grade,8,530,930.0,0
shap_feature_selection_extratrees_p1_20260529_183134,G1_thiram_molar_grade,Thiram Positive Molar Grade,8,531,931.0,0
shap_feature_selection_extratrees_p1_20260529_183134,G1_thiram_molar_grade,Thiram Positive Molar Grade,8,532,932.0,0
shap_feature_selection_extratrees_p1_20260529_183134,G1_thiram_molar_grade,Thiram Positive Molar Grade,8,533,933.0,0
shap_feature_selection_extratrees_p1_20260529_183134,G1_thiram_molar_grade,Thiram Positive Molar Grade,8,534,934.0,0
shap_feature_selection_extratrees_p1_20260529_183134,G1_thiram_molar_grade,Thiram Positive Molar Grade,8,535,935.0,0
shap_feature_selection_extratrees_p1_20260529_183134,G1_thiram_molar_grade,Thiram Positive Molar Grade,8,536,936.0,0
shap_feature_selection_extratrees_p1_20260529_183134,G1_thiram_molar_grade,Thiram Positive Molar Grade,8,537,937.0,0
shap_feature_selection_extratrees_p1_20260529_183134,G1_thiram_molar_grade,Thiram Positive Molar Grade,8,538,938.0,0
shap_feature_selection_extratrees_p1_20260529_183134,G1_thiram_molar_grade,Thiram Positive Molar Grade,8,539,939.0,0
shap_feature_selection_extratrees_p1_20260529_183134,G1_thiram_molar_grade,Thiram Positive Molar Grade,8,540,940.0,0
shap_feature_selection_extratrees_p1_20260529_183134,G1_thiram_molar_grade,Thiram Positive Molar Grade,8,541,941.0,0
shap_feature_selection_extratrees_p1_20260529_183134,G1_thiram_molar_grade,Thiram Positive Molar Grade,8,542,942.0,0
shap_feature_selection_extratrees_p1_20260529_183134,G1_thiram_molar_grade,Thiram Positive Molar Grade,8,543,943.0,0
shap_feature_selection_extratrees_p1_20260529_183134,G1_thiram_molar_grade,Thiram Positive Molar Grade,8,544,944.0,0
shap_feature_selection_extratrees_p1_20260529_183134,G1_thiram_molar_grade,Thiram Positive Molar Grade,8,545,945.0,0
shap_feature_selection_extratrees_p1_20260529_183134,G1_thiram_molar_grade,Thiram Positive Molar Grade,8,546,946.0,0
shap_feature_selection_extratrees_p1_20260529_183134,G1_thiram_molar_grade,Thiram Positive Molar Grade,8,547,947.0,0
shap_feature_selection_extratrees_p1_20260529_183134,G1_thiram_molar_grade,Thiram Positive Molar Grade,8,548,948.0,0
shap_feature_selection_extratrees_p1_20260529_183134,G1_thiram_molar_grade,Thiram Positive Molar Grade,8,549,949.0,0
shap_feature_selection_extratrees_p1_20260529_183134,G1_thiram_molar_grade,Thiram Positive Molar Grade,8,550,950.0,0
shap_feature_selection_extratrees_p1_20260529_183134,G1_thiram_molar_grade,Thiram Positive Molar Grade,8,551,951.0,0
shap_feature_selection_extratrees_p1_20260529_183134,G1_thiram_molar_grade,Thiram Positive Molar Grade,8,552,952.0,0
shap_feature_selection_extratrees_p1_20260529_183134,G1_thiram_molar_grade,Thiram Positive Molar Grade,8,553,953.0,0
shap_feature_selection_extratrees_p1_20260529_183134,G1_thiram_molar_grade,Thiram Positive Molar Grade,8,554,954.0,0
shap_feature_selection_extratrees_p1_20260529_183134,G1_thiram_molar_grade,Thiram Positive Molar Grade,8,555,955.0,0
shap_feature_selection_extratrees_p1_20260529_183134,G1_thiram_molar_grade,Thiram Positive Molar Grade,8,556,956.0,0
shap_feature_selection_extratrees_p1_20260529_183134,G1_thiram_molar_grade,Thiram Positive Molar Grade,8,557,957.0,0
shap_feature_selection_extratrees_p1_20260529_183134,G1_thiram_molar_grade,Thiram Positive Molar Grade,8,558,958.0,0
shap_feature_selection_extratrees_p1_20260529_183134,G1_thiram_molar_grade,Thiram Positive Molar Grade,8,559,959.0,0
shap_feature_selection_extratrees_p1_20260529_183134,G1_thiram_molar_grade,Thiram Positive Molar Grade,8,560,960.0,0
shap_feature_selection_extratrees_p1_20260529_183134,G1_thiram_molar_grade,Thiram Positive Molar Grade,8,561,961.0,0
shap_feature_selection_extratrees_p1_20260529_183134,G1_thiram_molar_grade,Thiram Positive Molar Grade,8,562,962.0,0
shap_feature_selection_extratrees_p1_20260529_183134,G1_thiram_molar_grade,Thiram Positive Molar Grade,8,563,963.0,0
shap_feature_selection_extratrees_p1_20260529_183134,G1_thiram_molar_grade,Thiram Positive Molar Grade,8,564,964.0,0
shap_feature_selection_extratrees_p1_20260529_183134,G1_thiram_molar_grade,Thiram Positive Molar Grade,8,565,965.0,0
shap_feature_selection_extratrees_p1_20260529_183134,G1_thiram_molar_grade,Thiram Positive Molar Grade,8,566,966.0,0
shap_feature_selection_extratrees_p1_20260529_183134,G1_thiram_molar_grade,Thiram Positive Molar Grade,8,567,967.0,0
shap_feature_selection_extratrees_p1_20260529_183134,G1_thiram_molar_grade,Thiram Positive Molar Grade,8,568,968.0,0
shap_feature_selection_extratrees_p1_20260529_183134,G1_thiram_molar_grade,Thiram Positive Molar Grade,8,569,969.0,0
shap_feature_selection_extratrees_p1_20260529_183134,G1_thiram_molar_grade,Thiram Positive Molar Grade,8,570,970.0,0
shap_feature_selection_extratrees_p1_20260529_183134,G1_thiram_molar_grade,Thiram Positive Molar Grade,8,571,971.0,0
shap_feature_selection_extratrees_p1_20260529_183134,G1_thiram_molar_grade,Thiram Positive Molar Grade,8,572,972.0,0
shap_feature_selection_extratrees_p1_20260529_183134,G1_thiram_molar_grade,Thiram Positive Molar Grade,8,573,973.0,0
shap_feature_selection_extratrees_p1_20260529_183134,G1_thiram_molar_grade,Thiram Positive Molar Grade,8,574,974.0,0
shap_feature_selection_extratrees_p1_20260529_183134,G1_thiram_molar_grade,Thiram Positive Molar Grade,8,575,975.0,0
shap_feature_selection_extratrees_p1_20260529_183134,G1_thiram_molar_grade,Thiram Positive Molar Grade,8,576,976.0,0
shap_feature_selection_extratrees_p1_20260529_183134,G1_thiram_molar_grade,Thiram Positive Molar Grade,8,577,977.0,0
shap_feature_selection_extratrees_p1_20260529_183134,G1_thiram_molar_grade,Thiram Positive Molar Grade,8,578,978.0,0
shap_feature_selection_extratrees_p1_20260529_183134,G1_thiram_molar_grade,Thiram Positive Molar Grade,8,579,979.0,0
shap_feature_selection_extratrees_p1_20260529_183134,G1_thiram_molar_grade,Thiram Positive Molar Grade,8,580,980.0,0
shap_feature_selection_extratrees_p1_20260529_183134,G1_thiram_molar_grade,Thiram Positive Molar Grade,8,581,981.0,0
shap_feature_selection_extratrees_p1_20260529_183134,G1_thiram_molar_grade,Thiram Positive Molar Grade,8,582,982.0,0
shap_feature_selection_extratrees_p1_20260529_183134,G1_thiram_molar_grade,Thiram Positive Molar Grade,8,583,983.0,0
shap_feature_selection_extratrees_p1_20260529_183134,G1_thiram_molar_grade,Thiram Positive Molar Grade,8,584,984.0,0
shap_feature_selection_extratrees_p1_20260529_183134,G1_thiram_molar_grade,Thiram Positive Molar Grade,8,585,985.0,0
shap_feature_selection_extratrees_p1_20260529_183134,G1_thiram_molar_grade,Thiram Positive Molar Grade,8,586,986.0,0
shap_feature_selection_extratrees_p1_20260529_183134,G1_thiram_molar_grade,Thiram Positive Molar Grade,8,587,987.0,0
shap_feature_selection_extratrees_p1_20260529_183134,G1_thiram_molar_grade,Thiram Positive Molar Grade,8,588,988.0,0
shap_feature_selection_extratrees_p1_20260529_183134,G1_thiram_molar_grade,Thiram Positive Molar Grade,8,589,989.0,0
shap_feature_selection_extratrees_p1_20260529_183134,G1_thiram_molar_grade,Thiram Positive Molar Grade,8,590,990.0,0
shap_feature_selection_extratrees_p1_20260529_183134,G1_thiram_molar_grade,Thiram Positive Molar Grade,8,591,991.0,0
shap_feature_selection_extratrees_p1_20260529_183134,G1_thiram_molar_grade,Thiram Positive Molar Grade,8,592,992.0,0
shap_feature_selection_extratrees_p1_20260529_183134,G1_thiram_molar_grade,Thiram Positive Molar Grade,8,593,993.0,0
shap_feature_selection_extratrees_p1_20260529_183134,G1_thiram_molar_grade,Thiram Positive Molar Grade,8,594,994.0,0
shap_feature_selection_extratrees_p1_20260529_183134,G1_thiram_molar_grade,Thiram Positive Molar Grade,8,595,995.0,0
shap_feature_selection_extratrees_p1_20260529_183134,G1_thiram_molar_grade,Thiram Positive Molar Grade,8,596,996.0,0
shap_feature_selection_extratrees_p1_20260529_183134,G1_thiram_molar_grade,Thiram Positive Molar Grade,8,597,997.0,0
shap_feature_selection_extratrees_p1_20260529_183134,G1_thiram_molar_grade,Thiram Positive Molar Grade,8,598,998.0,0
shap_feature_selection_extratrees_p1_20260529_183134,G1_thiram_molar_grade,Thiram Positive Molar Grade,8,599,999.0,0
shap_feature_selection_extratrees_p1_20260529_183134,G1_thiram_molar_grade,Thiram Positive Molar Grade,8,600,1000.0,0
shap_feature_selection_extratrees_p1_20260529_183134,G1_thiram_molar_grade,Thiram Positive Molar Grade,8,601,1001.0,0
shap_feature_selection_extratrees_p1_20260529_183134,G1_thiram_molar_grade,Thiram Positive Molar Grade,8,602,1002.0,0
shap_feature_selection_extratrees_p1_20260529_183134,G1_thiram_molar_grade,Thiram Positive Molar Grade,8,603,1003.0,0
shap_feature_selection_extratrees_p1_20260529_183134,G1_thiram_molar_grade,Thiram Positive Molar Grade,8,604,1004.0,0
shap_feature_selection_extratrees_p1_20260529_183134,G1_thiram_molar_grade,Thiram Positive Molar Grade,8,605,1005.0,0
shap_feature_selection_extratrees_p1_20260529_183134,G1_thiram_molar_grade,Thiram Positive Molar Grade,8,606,1006.0,0
shap_feature_selection_extratrees_p1_20260529_183134,G1_thiram_molar_grade,Thiram Positive Molar Grade,8,607,1007.0,0
shap_feature_selection_extratrees_p1_20260529_183134,G1_thiram_molar_grade,Thiram Positive Molar Grade,8,608,1008.0,0
shap_feature_selection_extratrees_p1_20260529_183134,G1_thiram_molar_grade,Thiram Positive Molar Grade,8,609,1009.0,0
shap_feature_selection_extratrees_p1_20260529_183134,G1_thiram_molar_grade,Thiram Positive Molar Grade,8,610,1010.0,0
shap_feature_selection_extratrees_p1_20260529_183134,G1_thiram_molar_grade,Thiram Positive Molar Grade,8,611,1011.0,0
shap_feature_selection_extratrees_p1_20260529_183134,G1_thiram_molar_grade,Thiram Positive Molar Grade,8,612,1012.0,0
shap_feature_selection_extratrees_p1_20260529_183134,G1_thiram_molar_grade,Thiram Positive Molar Grade,8,613,1013.0,0
shap_feature_selection_extratrees_p1_20260529_183134,G1_thiram_molar_grade,Thiram Positive Molar Grade,8,614,1014.0,0
shap_feature_selection_extratrees_p1_20260529_183134,G1_thiram_molar_grade,Thiram Positive Molar Grade,8,615,1015.0,0
shap_feature_selection_extratrees_p1_20260529_183134,G1_thiram_molar_grade,Thiram Positive Molar Grade,8,616,1016.0,0
shap_feature_selection_extratrees_p1_20260529_183134,G1_thiram_molar_grade,Thiram Positive Molar Grade,8,617,1017.0,0
shap_feature_selection_extratrees_p1_20260529_183134,G1_thiram_molar_grade,Thiram Positive Molar Grade,8,618,1018.0,0
shap_feature_selection_extratrees_p1_20260529_183134,G1_thiram_molar_grade,Thiram Positive Molar Grade,8,619,1019.0,0
shap_feature_selection_extratrees_p1_20260529_183134,G1_thiram_molar_grade,Thiram Positive Molar Grade,8,620,1020.0,0
shap_feature_selection_extratrees_p1_20260529_183134,G1_thiram_molar_grade,Thiram Positive Molar Grade,8,621,1021.0,0
shap_feature_selection_extratrees_p1_20260529_183134,G1_thiram_molar_grade,Thiram Positive Molar Grade,8,622,1022.0,0
shap_feature_selection_extratrees_p1_20260529_183134,G1_thiram_molar_grade,Thiram Positive Molar Grade,8,623,1023.0,0
shap_feature_selection_extratrees_p1_20260529_183134,G1_thiram_molar_grade,Thiram Positive Molar Grade,8,624,1024.0,0
shap_feature_selection_extratrees_p1_20260529_183134,G1_thiram_molar_grade,Thiram Positive Molar Grade,8,625,1025.0,0
shap_feature_selection_extratrees_p1_20260529_183134,G1_thiram_molar_grade,Thiram Positive Molar Grade,8,626,1026.0,0
shap_feature_selection_extratrees_p1_20260529_183134,G1_thiram_molar_grade,Thiram Positive Molar Grade,8,627,1027.0,0
shap_feature_selection_extratrees_p1_20260529_183134,G1_thiram_molar_grade,Thiram Positive Molar Grade,8,628,1028.0,0
shap_feature_selection_extratrees_p1_20260529_183134,G1_thiram_molar_grade,Thiram Positive Molar Grade,8,629,1029.0,0
shap_feature_selection_extratrees_p1_20260529_183134,G1_thiram_molar_grade,Thiram Positive Molar Grade,8,630,1030.0,0
shap_feature_selection_extratrees_p1_20260529_183134,G1_thiram_molar_grade,Thiram Positive Molar Grade,8,631,1031.0,0
shap_feature_selection_extratrees_p1_20260529_183134,G1_thiram_molar_grade,Thiram Positive Molar Grade,8,632,1032.0,0
shap_feature_selection_extratrees_p1_20260529_183134,G1_thiram_molar_grade,Thiram Positive Molar Grade,8,633,1033.0,0
shap_feature_selection_extratrees_p1_20260529_183134,G1_thiram_molar_grade,Thiram Positive Molar Grade,8,634,1034.0,0
shap_feature_selection_extratrees_p1_20260529_183134,G1_thiram_molar_grade,Thiram Positive Molar Grade,8,635,1035.0,0
shap_feature_selection_extratrees_p1_20260529_183134,G1_thiram_molar_grade,Thiram Positive Molar Grade,8,636,1036.0,0
shap_feature_selection_extratrees_p1_20260529_183134,G1_thiram_molar_grade,Thiram Positive Molar Grade,8,637,1037.0,0
shap_feature_selection_extratrees_p1_20260529_183134,G1_thiram_molar_grade,Thiram Positive Molar Grade,8,638,1038.0,0
shap_feature_selection_extratrees_p1_20260529_183134,G1_thiram_molar_grade,Thiram Positive Molar Grade,8,639,1039.0,0
shap_feature_selection_extratrees_p1_20260529_183134,G1_thiram_molar_grade,Thiram Positive Molar Grade,8,640,1040.0,0
shap_feature_selection_extratrees_p1_20260529_183134,G1_thiram_molar_grade,Thiram Positive Molar Grade,8,641,1041.0,0
shap_feature_selection_extratrees_p1_20260529_183134,G1_thiram_molar_grade,Thiram Positive Molar Grade,8,642,1042.0,0
shap_feature_selection_extratrees_p1_20260529_183134,G1_thiram_molar_grade,Thiram Positive Molar Grade,8,643,1043.0,0
shap_feature_selection_extratrees_p1_20260529_183134,G1_thiram_molar_grade,Thiram Positive Molar Grade,8,644,1044.0,0
shap_feature_selection_extratrees_p1_20260529_183134,G1_thiram_molar_grade,Thiram Positive Molar Grade,8,645,1045.0,0
shap_feature_selection_extratrees_p1_20260529_183134,G1_thiram_molar_grade,Thiram Positive Molar Grade,8,646,1046.0,0
shap_feature_selection_extratrees_p1_20260529_183134,G1_thiram_molar_grade,Thiram Positive Molar Grade,8,647,1047.0,0
shap_feature_selection_extratrees_p1_20260529_183134,G1_thiram_molar_grade,Thiram Positive Molar Grade,8,648,1048.0,0
shap_feature_selection_extratrees_p1_20260529_183134,G1_thiram_molar_grade,Thiram Positive Molar Grade,8,649,1049.0,0
shap_feature_selection_extratrees_p1_20260529_183134,G1_thiram_molar_grade,Thiram Positive Molar Grade,8,650,1050.0,0
shap_feature_selection_extratrees_p1_20260529_183134,G1_thiram_molar_grade,Thiram Positive Molar Grade,8,651,1051.0,0
shap_feature_selection_extratrees_p1_20260529_183134,G1_thiram_molar_grade,Thiram Positive Molar Grade,8,652,1052.0,0
shap_feature_selection_extratrees_p1_20260529_183134,G1_thiram_molar_grade,Thiram Positive Molar Grade,8,653,1053.0,0
shap_feature_selection_extratrees_p1_20260529_183134,G1_thiram_molar_grade,Thiram Positive Molar Grade,8,654,1054.0,0
shap_feature_selection_extratrees_p1_20260529_183134,G1_thiram_molar_grade,Thiram Positive Molar Grade,8,655,1055.0,0
shap_feature_selection_extratrees_p1_20260529_183134,G1_thiram_molar_grade,Thiram Positive Molar Grade,8,656,1056.0,0
shap_feature_selection_extratrees_p1_20260529_183134,G1_thiram_molar_grade,Thiram Positive Molar Grade,8,657,1057.0,0
shap_feature_selection_extratrees_p1_20260529_183134,G1_thiram_molar_grade,Thiram Positive Molar Grade,8,658,1058.0,0
shap_feature_selection_extratrees_p1_20260529_183134,G1_thiram_molar_grade,Thiram Positive Molar Grade,8,659,1059.0,0
shap_feature_selection_extratrees_p1_20260529_183134,G1_thiram_molar_grade,Thiram Positive Molar Grade,8,660,1060.0,0
shap_feature_selection_extratrees_p1_20260529_183134,G1_thiram_molar_grade,Thiram Positive Molar Grade,8,661,1061.0,0
shap_feature_selection_extratrees_p1_20260529_183134,G1_thiram_molar_grade,Thiram Positive Molar Grade,8,662,1062.0,0
shap_feature_selection_extratrees_p1_20260529_183134,G1_thiram_molar_grade,Thiram Positive Molar Grade,8,663,1063.0,0
shap_feature_selection_extratrees_p1_20260529_183134,G1_thiram_molar_grade,Thiram Positive Molar Grade,8,664,1064.0,0
shap_feature_selection_extratrees_p1_20260529_183134,G1_thiram_molar_grade,Thiram Positive Molar Grade,8,665,1065.0,0
shap_feature_selection_extratrees_p1_20260529_183134,G1_thiram_molar_grade,Thiram Positive Molar Grade,8,666,1066.0,0
shap_feature_selection_extratrees_p1_20260529_183134,G1_thiram_molar_grade,Thiram Positive Molar Grade,8,667,1067.0,0
shap_feature_selection_extratrees_p1_20260529_183134,G1_thiram_molar_grade,Thiram Positive Molar Grade,8,668,1068.0,0
shap_feature_selection_extratrees_p1_20260529_183134,G1_thiram_molar_grade,Thiram Positive Molar Grade,8,669,1069.0,0
shap_feature_selection_extratrees_p1_20260529_183134,G1_thiram_molar_grade,Thiram Positive Molar Grade,8,670,1070.0,0
shap_feature_selection_extratrees_p1_20260529_183134,G1_thiram_molar_grade,Thiram Positive Molar Grade,8,671,1071.0,0
shap_feature_selection_extratrees_p1_20260529_183134,G1_thiram_molar_grade,Thiram Positive Molar Grade,8,672,1072.0,0
shap_feature_selection_extratrees_p1_20260529_183134,G1_thiram_molar_grade,Thiram Positive Molar Grade,8,673,1073.0,0
shap_feature_selection_extratrees_p1_20260529_183134,G1_thiram_molar_grade,Thiram Positive Molar Grade,8,674,1074.0,0
shap_feature_selection_extratrees_p1_20260529_183134,G1_thiram_molar_grade,Thiram Positive Molar Grade,8,675,1075.0,0
shap_feature_selection_extratrees_p1_20260529_183134,G1_thiram_molar_grade,Thiram Positive Molar Grade,8,676,1076.0,0
shap_feature_selection_extratrees_p1_20260529_183134,G1_thiram_molar_grade,Thiram Positive Molar Grade,8,677,1077.0,0
shap_feature_selection_extratrees_p1_20260529_183134,G1_thiram_molar_grade,Thiram Positive Molar Grade,8,678,1078.0,0
shap_feature_selection_extratrees_p1_20260529_183134,G1_thiram_molar_grade,Thiram Positive Molar Grade,8,679,1079.0,0
shap_feature_selection_extratrees_p1_20260529_183134,G1_thiram_molar_grade,Thiram Positive Molar Grade,8,680,1080.0,0
shap_feature_selection_extratrees_p1_20260529_183134,G1_thiram_molar_grade,Thiram Positive Molar Grade,8,681,1081.0,0
shap_feature_selection_extratrees_p1_20260529_183134,G1_thiram_molar_grade,Thiram Positive Molar Grade,8,682,1082.0,0
shap_feature_selection_extratrees_p1_20260529_183134,G1_thiram_molar_grade,Thiram Positive Molar Grade,8,683,1083.0,0
shap_feature_selection_extratrees_p1_20260529_183134,G1_thiram_molar_grade,Thiram Positive Molar Grade,8,684,1084.0,0
shap_feature_selection_extratrees_p1_20260529_183134,G1_thiram_molar_grade,Thiram Positive Molar Grade,8,685,1085.0,0
shap_feature_selection_extratrees_p1_20260529_183134,G1_thiram_molar_grade,Thiram Positive Molar Grade,8,686,1086.0,0
shap_feature_selection_extratrees_p1_20260529_183134,G1_thiram_molar_grade,Thiram Positive Molar Grade,8,687,1087.0,0
shap_feature_selection_extratrees_p1_20260529_183134,G1_thiram_molar_grade,Thiram Positive Molar Grade,8,688,1088.0,0
shap_feature_selection_extratrees_p1_20260529_183134,G1_thiram_molar_grade,Thiram Positive Molar Grade,8,689,1089.0,0
shap_feature_selection_extratrees_p1_20260529_183134,G1_thiram_molar_grade,Thiram Positive Molar Grade,8,690,1090.0,0
shap_feature_selection_extratrees_p1_20260529_183134,G1_thiram_molar_grade,Thiram Positive Molar Grade,8,691,1091.0,0
shap_feature_selection_extratrees_p1_20260529_183134,G1_thiram_molar_grade,Thiram Positive Molar Grade,8,692,1092.0,0
shap_feature_selection_extratrees_p1_20260529_183134,G1_thiram_molar_grade,Thiram Positive Molar Grade,8,693,1093.0,0
shap_feature_selection_extratrees_p1_20260529_183134,G1_thiram_molar_grade,Thiram Positive Molar Grade,8,694,1094.0,0
shap_feature_selection_extratrees_p1_20260529_183134,G1_thiram_molar_grade,Thiram Positive Molar Grade,8,695,1095.0,0
shap_feature_selection_extratrees_p1_20260529_183134,G1_thiram_molar_grade,Thiram Positive Molar Grade,8,696,1096.0,0
shap_feature_selection_extratrees_p1_20260529_183134,G1_thiram_molar_grade,Thiram Positive Molar Grade,8,697,1097.0,0
shap_feature_selection_extratrees_p1_20260529_183134,G1_thiram_molar_grade,Thiram Positive Molar Grade,8,698,1098.0,0
shap_feature_selection_extratrees_p1_20260529_183134,G1_thiram_molar_grade,Thiram Positive Molar Grade,8,699,1099.0,0
shap_feature_selection_extratrees_p1_20260529_183134,G1_thiram_molar_grade,Thiram Positive Molar Grade,8,700,1100.0,0
shap_feature_selection_extratrees_p1_20260529_183134,G1_thiram_molar_grade,Thiram Positive Molar Grade,8,701,1101.0,0
shap_feature_selection_extratrees_p1_20260529_183134,G1_thiram_molar_grade,Thiram Positive Molar Grade,8,702,1102.0,0
shap_feature_selection_extratrees_p1_20260529_183134,G1_thiram_molar_grade,Thiram Positive Molar Grade,8,703,1103.0,0
shap_feature_selection_extratrees_p1_20260529_183134,G1_thiram_molar_grade,Thiram Positive Molar Grade,8,704,1104.0,0
shap_feature_selection_extratrees_p1_20260529_183134,G1_thiram_molar_grade,Thiram Positive Molar Grade,8,705,1105.0,0
shap_feature_selection_extratrees_p1_20260529_183134,G1_thiram_molar_grade,Thiram Positive Molar Grade,8,706,1106.0,0
shap_feature_selection_extratrees_p1_20260529_183134,G1_thiram_molar_grade,Thiram Positive Molar Grade,8,707,1107.0,0
shap_feature_selection_extratrees_p1_20260529_183134,G1_thiram_molar_grade,Thiram Positive Molar Grade,8,708,1108.0,0
shap_feature_selection_extratrees_p1_20260529_183134,G1_thiram_molar_grade,Thiram Positive Molar Grade,8,709,1109.0,0
shap_feature_selection_extratrees_p1_20260529_183134,G1_thiram_molar_grade,Thiram Positive Molar Grade,8,710,1110.0,0
shap_feature_selection_extratrees_p1_20260529_183134,G1_thiram_molar_grade,Thiram Positive Molar Grade,8,711,1111.0,0
shap_feature_selection_extratrees_p1_20260529_183134,G1_thiram_molar_grade,Thiram Positive Molar Grade,8,712,1112.0,0
shap_feature_selection_extratrees_p1_20260529_183134,G1_thiram_molar_grade,Thiram Positive Molar Grade,8,713,1113.0,0
shap_feature_selection_extratrees_p1_20260529_183134,G1_thiram_molar_grade,Thiram Positive Molar Grade,8,714,1114.0,0
shap_feature_selection_extratrees_p1_20260529_183134,G1_thiram_molar_grade,Thiram Positive Molar Grade,8,715,1115.0,0
shap_feature_selection_extratrees_p1_20260529_183134,G1_thiram_molar_grade,Thiram Positive Molar Grade,8,716,1116.0,0
shap_feature_selection_extratrees_p1_20260529_183134,G1_thiram_molar_grade,Thiram Positive Molar Grade,8,717,1117.0,0
shap_feature_selection_extratrees_p1_20260529_183134,G1_thiram_molar_grade,Thiram Positive Molar Grade,8,718,1118.0,0
shap_feature_selection_extratrees_p1_20260529_183134,G1_thiram_molar_grade,Thiram Positive Molar Grade,8,719,1119.0,0
shap_feature_selection_extratrees_p1_20260529_183134,G1_thiram_molar_grade,Thiram Positive Molar Grade,8,720,1120.0,0
shap_feature_selection_extratrees_p1_20260529_183134,G1_thiram_molar_grade,Thiram Positive Molar Grade,8,721,1121.0,0
shap_feature_selection_extratrees_p1_20260529_183134,G1_thiram_molar_grade,Thiram Positive Molar Grade,8,722,1122.0,0
shap_feature_selection_extratrees_p1_20260529_183134,G1_thiram_molar_grade,Thiram Positive Molar Grade,8,723,1123.0,1
shap_feature_selection_extratrees_p1_20260529_183134,G1_thiram_molar_grade,Thiram Positive Molar Grade,8,724,1124.0,0
shap_feature_selection_extratrees_p1_20260529_183134,G1_thiram_molar_grade,Thiram Positive Molar Grade,8,725,1125.0,1
shap_feature_selection_extratrees_p1_20260529_183134,G1_thiram_molar_grade,Thiram Positive Molar Grade,8,726,1126.0,1
shap_feature_selection_extratrees_p1_20260529_183134,G1_thiram_molar_grade,Thiram Positive Molar Grade,8,727,1127.0,0
shap_feature_selection_extratrees_p1_20260529_183134,G1_thiram_molar_grade,Thiram Positive Molar Grade,8,728,1128.0,1
shap_feature_selection_extratrees_p1_20260529_183134,G1_thiram_molar_grade,Thiram Positive Molar Grade,8,729,1129.0,1
shap_feature_selection_extratrees_p1_20260529_183134,G1_thiram_molar_grade,Thiram Positive Molar Grade,8,730,1130.0,0
shap_feature_selection_extratrees_p1_20260529_183134,G1_thiram_molar_grade,Thiram Positive Molar Grade,8,731,1131.0,1
shap_feature_selection_extratrees_p1_20260529_183134,G1_thiram_molar_grade,Thiram Positive Molar Grade,8,732,1132.0,0
shap_feature_selection_extratrees_p1_20260529_183134,G1_thiram_molar_grade,Thiram Positive Molar Grade,8,733,1133.0,0
shap_feature_selection_extratrees_p1_20260529_183134,G1_thiram_molar_grade,Thiram Positive Molar Grade,8,734,1134.0,1
shap_feature_selection_extratrees_p1_20260529_183134,G1_thiram_molar_grade,Thiram Positive Molar Grade,8,735,1135.0,1
shap_feature_selection_extratrees_p1_20260529_183134,G1_thiram_molar_grade,Thiram Positive Molar Grade,8,736,1136.0,1
shap_feature_selection_extratrees_p1_20260529_183134,G1_thiram_molar_grade,Thiram Positive Molar Grade,8,737,1137.0,1
shap_feature_selection_extratrees_p1_20260529_183134,G1_thiram_molar_grade,Thiram Positive Molar Grade,8,738,1138.0,1
shap_feature_selection_extratrees_p1_20260529_183134,G1_thiram_molar_grade,Thiram Positive Molar Grade,8,739,1139.0,1
shap_feature_selection_extratrees_p1_20260529_183134,G1_thiram_molar_grade,Thiram Positive Molar Grade,8,740,1140.0,1
shap_feature_selection_extratrees_p1_20260529_183134,G1_thiram_molar_grade,Thiram Positive Molar Grade,8,741,1141.0,1
shap_feature_selection_extratrees_p1_20260529_183134,G1_thiram_molar_grade,Thiram Positive Molar Grade,8,742,1142.0,1
shap_feature_selection_extratrees_p1_20260529_183134,G1_thiram_molar_grade,Thiram Positive Molar Grade,8,743,1143.0,1
shap_feature_selection_extratrees_p1_20260529_183134,G1_thiram_molar_grade,Thiram Positive Molar Grade,8,744,1144.0,1
shap_feature_selection_extratrees_p1_20260529_183134,G1_thiram_molar_grade,Thiram Positive Molar Grade,8,745,1145.0,1
shap_feature_selection_extratrees_p1_20260529_183134,G1_thiram_molar_grade,Thiram Positive Molar Grade,8,746,1146.0,1
shap_feature_selection_extratrees_p1_20260529_183134,G1_thiram_molar_grade,Thiram Positive Molar Grade,8,747,1147.0,1
shap_feature_selection_extratrees_p1_20260529_183134,G1_thiram_molar_grade,Thiram Positive Molar Grade,8,748,1148.0,0
shap_feature_selection_extratrees_p1_20260529_183134,G1_thiram_molar_grade,Thiram Positive Molar Grade,8,749,1149.0,0
shap_feature_selection_extratrees_p1_20260529_183134,G1_thiram_molar_grade,Thiram Positive Molar Grade,8,750,1150.0,1
shap_feature_selection_extratrees_p1_20260529_183134,G1_thiram_molar_grade,Thiram Positive Molar Grade,8,751,1151.0,1
shap_feature_selection_extratrees_p1_20260529_183134,G1_thiram_molar_grade,Thiram Positive Molar Grade,8,752,1152.0,0
shap_feature_selection_extratrees_p1_20260529_183134,G1_thiram_molar_grade,Thiram Positive Molar Grade,8,753,1153.0,0
shap_feature_selection_extratrees_p1_20260529_183134,G1_thiram_molar_grade,Thiram Positive Molar Grade,8,754,1154.0,0
shap_feature_selection_extratrees_p1_20260529_183134,G1_thiram_molar_grade,Thiram Positive Molar Grade,8,755,1155.0,0
shap_feature_selection_extratrees_p1_20260529_183134,G1_thiram_molar_grade,Thiram Positive Molar Grade,8,756,1156.0,0
shap_feature_selection_extratrees_p1_20260529_183134,G1_thiram_molar_grade,Thiram Positive Molar Grade,8,757,1157.0,0
shap_feature_selection_extratrees_p1_20260529_183134,G1_thiram_molar_grade,Thiram Positive Molar Grade,8,758,1158.0,0
shap_feature_selection_extratrees_p1_20260529_183134,G1_thiram_molar_grade,Thiram Positive Molar Grade,8,759,1159.0,0
shap_feature_selection_extratrees_p1_20260529_183134,G1_thiram_molar_grade,Thiram Positive Molar Grade,8,760,1160.0,0
shap_feature_selection_extratrees_p1_20260529_183134,G1_thiram_molar_grade,Thiram Positive Molar Grade,8,761,1161.0,0
shap_feature_selection_extratrees_p1_20260529_183134,G1_thiram_molar_grade,Thiram Positive Molar Grade,8,762,1162.0,0
shap_feature_selection_extratrees_p1_20260529_183134,G1_thiram_molar_grade,Thiram Positive Molar Grade,8,763,1163.0,0
shap_feature_selection_extratrees_p1_20260529_183134,G1_thiram_molar_grade,Thiram Positive Molar Grade,8,764,1164.0,0
shap_feature_selection_extratrees_p1_20260529_183134,G1_thiram_molar_grade,Thiram Positive Molar Grade,8,765,1165.0,0
shap_feature_selection_extratrees_p1_20260529_183134,G1_thiram_molar_grade,Thiram Positive Molar Grade,8,766,1166.0,0
shap_feature_selection_extratrees_p1_20260529_183134,G1_thiram_molar_grade,Thiram Positive Molar Grade,8,767,1167.0,0
shap_feature_selection_extratrees_p1_20260529_183134,G1_thiram_molar_grade,Thiram Positive Molar Grade,8,768,1168.0,0
shap_feature_selection_extratrees_p1_20260529_183134,G1_thiram_molar_grade,Thiram Positive Molar Grade,8,769,1169.0,0
shap_feature_selection_extratrees_p1_20260529_183134,G1_thiram_molar_grade,Thiram Positive Molar Grade,8,770,1170.0,0
shap_feature_selection_extratrees_p1_20260529_183134,G1_thiram_molar_grade,Thiram Positive Molar Grade,8,771,1171.0,0
shap_feature_selection_extratrees_p1_20260529_183134,G1_thiram_molar_grade,Thiram Positive Molar Grade,8,772,1172.0,0
shap_feature_selection_extratrees_p1_20260529_183134,G1_thiram_molar_grade,Thiram Positive Molar Grade,8,773,1173.0,0
shap_feature_selection_extratrees_p1_20260529_183134,G1_thiram_molar_grade,Thiram Positive Molar Grade,8,774,1174.0,0
shap_feature_selection_extratrees_p1_20260529_183134,G1_thiram_molar_grade,Thiram Positive Molar Grade,8,775,1175.0,0
shap_feature_selection_extratrees_p1_20260529_183134,G1_thiram_molar_grade,Thiram Positive Molar Grade,8,776,1176.0,0
shap_feature_selection_extratrees_p1_20260529_183134,G1_thiram_molar_grade,Thiram Positive Molar Grade,8,777,1177.0,0
shap_feature_selection_extratrees_p1_20260529_183134,G1_thiram_molar_grade,Thiram Positive Molar Grade,8,778,1178.0,0
shap_feature_selection_extratrees_p1_20260529_183134,G1_thiram_molar_grade,Thiram Positive Molar Grade,8,779,1179.0,0
shap_feature_selection_extratrees_p1_20260529_183134,G1_thiram_molar_grade,Thiram Positive Molar Grade,8,780,1180.0,0
shap_feature_selection_extratrees_p1_20260529_183134,G1_thiram_molar_grade,Thiram Positive Molar Grade,8,781,1181.0,0
shap_feature_selection_extratrees_p1_20260529_183134,G1_thiram_molar_grade,Thiram Positive Molar Grade,8,782,1182.0,0
shap_feature_selection_extratrees_p1_20260529_183134,G1_thiram_molar_grade,Thiram Positive Molar Grade,8,783,1183.0,0
shap_feature_selection_extratrees_p1_20260529_183134,G1_thiram_molar_grade,Thiram Positive Molar Grade,8,784,1184.0,0
shap_feature_selection_extratrees_p1_20260529_183134,G1_thiram_molar_grade,Thiram Positive Molar Grade,8,785,1185.0,0
shap_feature_selection_extratrees_p1_20260529_183134,G1_thiram_molar_grade,Thiram Positive Molar Grade,8,786,1186.0,0
shap_feature_selection_extratrees_p1_20260529_183134,G1_thiram_molar_grade,Thiram Positive Molar Grade,8,787,1187.0,0
shap_feature_selection_extratrees_p1_20260529_183134,G1_thiram_molar_grade,Thiram Positive Molar Grade,8,788,1188.0,0
shap_feature_selection_extratrees_p1_20260529_183134,G1_thiram_molar_grade,Thiram Positive Molar Grade,8,789,1189.0,0
shap_feature_selection_extratrees_p1_20260529_183134,G1_thiram_molar_grade,Thiram Positive Molar Grade,8,790,1190.0,0
shap_feature_selection_extratrees_p1_20260529_183134,G1_thiram_molar_grade,Thiram Positive Molar Grade,8,791,1191.0,0
shap_feature_selection_extratrees_p1_20260529_183134,G1_thiram_molar_grade,Thiram Positive Molar Grade,8,792,1192.0,0
shap_feature_selection_extratrees_p1_20260529_183134,G1_thiram_molar_grade,Thiram Positive Molar Grade,8,793,1193.0,0
shap_feature_selection_extratrees_p1_20260529_183134,G1_thiram_molar_grade,Thiram Positive Molar Grade,8,794,1194.0,0
shap_feature_selection_extratrees_p1_20260529_183134,G1_thiram_molar_grade,Thiram Positive Molar Grade,8,795,1195.0,0
shap_feature_selection_extratrees_p1_20260529_183134,G1_thiram_molar_grade,Thiram Positive Molar Grade,8,796,1196.0,0
shap_feature_selection_extratrees_p1_20260529_183134,G1_thiram_molar_grade,Thiram Positive Molar Grade,8,797,1197.0,0
shap_feature_selection_extratrees_p1_20260529_183134,G1_thiram_molar_grade,Thiram Positive Molar Grade,8,798,1198.0,0
shap_feature_selection_extratrees_p1_20260529_183134,G1_thiram_molar_grade,Thiram Positive Molar Grade,8,799,1199.0,0
shap_feature_selection_extratrees_p1_20260529_183134,G1_thiram_molar_grade,Thiram Positive Molar Grade,8,800,1200.0,0
shap_feature_selection_extratrees_p1_20260529_183134,G1_thiram_molar_grade,Thiram Positive Molar Grade,8,801,1201.0,0
shap_feature_selection_extratrees_p1_20260529_183134,G1_thiram_molar_grade,Thiram Positive Molar Grade,8,802,1202.0,0
shap_feature_selection_extratrees_p1_20260529_183134,G1_thiram_molar_grade,Thiram Positive Molar Grade,8,803,1203.0,0
shap_feature_selection_extratrees_p1_20260529_183134,G1_thiram_molar_grade,Thiram Positive Molar Grade,8,804,1204.0,0
shap_feature_selection_extratrees_p1_20260529_183134,G1_thiram_molar_grade,Thiram Positive Molar Grade,8,805,1205.0,0
shap_feature_selection_extratrees_p1_20260529_183134,G1_thiram_molar_grade,Thiram Positive Molar Grade,8,806,1206.0,0
shap_feature_selection_extratrees_p1_20260529_183134,G1_thiram_molar_grade,Thiram Positive Molar Grade,8,807,1207.0,0
shap_feature_selection_extratrees_p1_20260529_183134,G1_thiram_molar_grade,Thiram Positive Molar Grade,8,808,1208.0,0
shap_feature_selection_extratrees_p1_20260529_183134,G1_thiram_molar_grade,Thiram Positive Molar Grade,8,809,1209.0,0
shap_feature_selection_extratrees_p1_20260529_183134,G1_thiram_molar_grade,Thiram Positive Molar Grade,8,810,1210.0,0
shap_feature_selection_extratrees_p1_20260529_183134,G1_thiram_molar_grade,Thiram Positive Molar Grade,8,811,1211.0,0
shap_feature_selection_extratrees_p1_20260529_183134,G1_thiram_molar_grade,Thiram Positive Molar Grade,8,812,1212.0,0
shap_feature_selection_extratrees_p1_20260529_183134,G1_thiram_molar_grade,Thiram Positive Molar Grade,8,813,1213.0,0
shap_feature_selection_extratrees_p1_20260529_183134,G1_thiram_molar_grade,Thiram Positive Molar Grade,8,814,1214.0,0
shap_feature_selection_extratrees_p1_20260529_183134,G1_thiram_molar_grade,Thiram Positive Molar Grade,8,815,1215.0,0
shap_feature_selection_extratrees_p1_20260529_183134,G1_thiram_molar_grade,Thiram Positive Molar Grade,8,816,1216.0,0
shap_feature_selection_extratrees_p1_20260529_183134,G1_thiram_molar_grade,Thiram Positive Molar Grade,8,817,1217.0,0
shap_feature_selection_extratrees_p1_20260529_183134,G1_thiram_molar_grade,Thiram Positive Molar Grade,8,818,1218.0,0
shap_feature_selection_extratrees_p1_20260529_183134,G1_thiram_molar_grade,Thiram Positive Molar Grade,8,819,1219.0,0
shap_feature_selection_extratrees_p1_20260529_183134,G1_thiram_molar_grade,Thiram Positive Molar Grade,8,820,1220.0,0
shap_feature_selection_extratrees_p1_20260529_183134,G1_thiram_molar_grade,Thiram Positive Molar Grade,8,821,1221.0,0
shap_feature_selection_extratrees_p1_20260529_183134,G1_thiram_molar_grade,Thiram Positive Molar Grade,8,822,1222.0,0
shap_feature_selection_extratrees_p1_20260529_183134,G1_thiram_molar_grade,Thiram Positive Molar Grade,8,823,1223.0,0
shap_feature_selection_extratrees_p1_20260529_183134,G1_thiram_molar_grade,Thiram Positive Molar Grade,8,824,1224.0,0
shap_feature_selection_extratrees_p1_20260529_183134,G1_thiram_molar_grade,Thiram Positive Molar Grade,8,825,1225.0,0
shap_feature_selection_extratrees_p1_20260529_183134,G1_thiram_molar_grade,Thiram Positive Molar Grade,8,826,1226.0,0
shap_feature_selection_extratrees_p1_20260529_183134,G1_thiram_molar_grade,Thiram Positive Molar Grade,8,827,1227.0,0
shap_feature_selection_extratrees_p1_20260529_183134,G1_thiram_molar_grade,Thiram Positive Molar Grade,8,828,1228.0,0
shap_feature_selection_extratrees_p1_20260529_183134,G1_thiram_molar_grade,Thiram Positive Molar Grade,8,829,1229.0,0
shap_feature_selection_extratrees_p1_20260529_183134,G1_thiram_molar_grade,Thiram Positive Molar Grade,8,830,1230.0,0
shap_feature_selection_extratrees_p1_20260529_183134,G1_thiram_molar_grade,Thiram Positive Molar Grade,8,831,1231.0,1
shap_feature_selection_extratrees_p1_20260529_183134,G1_thiram_molar_grade,Thiram Positive Molar Grade,8,832,1232.0,1
shap_feature_selection_extratrees_p1_20260529_183134,G1_thiram_molar_grade,Thiram Positive Molar Grade,8,833,1233.0,0
shap_feature_selection_extratrees_p1_20260529_183134,G1_thiram_molar_grade,Thiram Positive Molar Grade,8,834,1234.0,0
shap_feature_selection_extratrees_p1_20260529_183134,G1_thiram_molar_grade,Thiram Positive Molar Grade,8,835,1235.0,0
shap_feature_selection_extratrees_p1_20260529_183134,G1_thiram_molar_grade,Thiram Positive Molar Grade,8,836,1236.0,0
shap_feature_selection_extratrees_p1_20260529_183134,G1_thiram_molar_grade,Thiram Positive Molar Grade,8,837,1237.0,0
shap_feature_selection_extratrees_p1_20260529_183134,G1_thiram_molar_grade,Thiram Positive Molar Grade,8,838,1238.0,0
shap_feature_selection_extratrees_p1_20260529_183134,G1_thiram_molar_grade,Thiram Positive Molar Grade,8,839,1239.0,0
shap_feature_selection_extratrees_p1_20260529_183134,G1_thiram_molar_grade,Thiram Positive Molar Grade,8,840,1240.0,0
shap_feature_selection_extratrees_p1_20260529_183134,G1_thiram_molar_grade,Thiram Positive Molar Grade,8,841,1241.0,0
shap_feature_selection_extratrees_p1_20260529_183134,G1_thiram_molar_grade,Thiram Positive Molar Grade,8,842,1242.0,0
shap_feature_selection_extratrees_p1_20260529_183134,G1_thiram_molar_grade,Thiram Positive Molar Grade,8,843,1243.0,0
shap_feature_selection_extratrees_p1_20260529_183134,G1_thiram_molar_grade,Thiram Positive Molar Grade,8,844,1244.0,0
shap_feature_selection_extratrees_p1_20260529_183134,G1_thiram_molar_grade,Thiram Positive Molar Grade,8,845,1245.0,0
shap_feature_selection_extratrees_p1_20260529_183134,G1_thiram_molar_grade,Thiram Positive Molar Grade,8,846,1246.0,0
shap_feature_selection_extratrees_p1_20260529_183134,G1_thiram_molar_grade,Thiram Positive Molar Grade,8,847,1247.0,0
shap_feature_selection_extratrees_p1_20260529_183134,G1_thiram_molar_grade,Thiram Positive Molar Grade,8,848,1248.0,0
shap_feature_selection_extratrees_p1_20260529_183134,G1_thiram_molar_grade,Thiram Positive Molar Grade,8,849,1249.0,0
shap_feature_selection_extratrees_p1_20260529_183134,G1_thiram_molar_grade,Thiram Positive Molar Grade,8,850,1250.0,0
shap_feature_selection_extratrees_p1_20260529_183134,G1_thiram_molar_grade,Thiram Positive Molar Grade,8,851,1251.0,0
shap_feature_selection_extratrees_p1_20260529_183134,G1_thiram_molar_grade,Thiram Positive Molar Grade,8,852,1252.0,0
shap_feature_selection_extratrees_p1_20260529_183134,G1_thiram_molar_grade,Thiram Positive Molar Grade,8,853,1253.0,0
shap_feature_selection_extratrees_p1_20260529_183134,G1_thiram_molar_grade,Thiram Positive Molar Grade,8,854,1254.0,0
shap_feature_selection_extratrees_p1_20260529_183134,G1_thiram_molar_grade,Thiram Positive Molar Grade,8,855,1255.0,0
shap_feature_selection_extratrees_p1_20260529_183134,G1_thiram_molar_grade,Thiram Positive Molar Grade,8,856,1256.0,0
shap_feature_selection_extratrees_p1_20260529_183134,G1_thiram_molar_grade,Thiram Positive Molar Grade,8,857,1257.0,0
shap_feature_selection_extratrees_p1_20260529_183134,G1_thiram_molar_grade,Thiram Positive Molar Grade,8,858,1258.0,0
shap_feature_selection_extratrees_p1_20260529_183134,G1_thiram_molar_grade,Thiram Positive Molar Grade,8,859,1259.0,0
shap_feature_selection_extratrees_p1_20260529_183134,G1_thiram_molar_grade,Thiram Positive Molar Grade,8,860,1260.0,0
shap_feature_selection_extratrees_p1_20260529_183134,G1_thiram_molar_grade,Thiram Positive Molar Grade,8,861,1261.0,0
shap_feature_selection_extratrees_p1_20260529_183134,G1_thiram_molar_grade,Thiram Positive Molar Grade,8,862,1262.0,0
shap_feature_selection_extratrees_p1_20260529_183134,G1_thiram_molar_grade,Thiram Positive Molar Grade,8,863,1263.0,0
shap_feature_selection_extratrees_p1_20260529_183134,G1_thiram_molar_grade,Thiram Positive Molar Grade,8,864,1264.0,0
shap_feature_selection_extratrees_p1_20260529_183134,G1_thiram_molar_grade,Thiram Positive Molar Grade,8,865,1265.0,0
shap_feature_selection_extratrees_p1_20260529_183134,G1_thiram_molar_grade,Thiram Positive Molar Grade,8,866,1266.0,0
shap_feature_selection_extratrees_p1_20260529_183134,G1_thiram_molar_grade,Thiram Positive Molar Grade,8,867,1267.0,0
shap_feature_selection_extratrees_p1_20260529_183134,G1_thiram_molar_grade,Thiram Positive Molar Grade,8,868,1268.0,0
shap_feature_selection_extratrees_p1_20260529_183134,G1_thiram_molar_grade,Thiram Positive Molar Grade,8,869,1269.0,0
shap_feature_selection_extratrees_p1_20260529_183134,G1_thiram_molar_grade,Thiram Positive Molar Grade,8,870,1270.0,0
shap_feature_selection_extratrees_p1_20260529_183134,G1_thiram_molar_grade,Thiram Positive Molar Grade,8,871,1271.0,0
shap_feature_selection_extratrees_p1_20260529_183134,G1_thiram_molar_grade,Thiram Positive Molar Grade,8,872,1272.0,0
shap_feature_selection_extratrees_p1_20260529_183134,G1_thiram_molar_grade,Thiram Positive Molar Grade,8,873,1273.0,0
shap_feature_selection_extratrees_p1_20260529_183134,G1_thiram_molar_grade,Thiram Positive Molar Grade,8,874,1274.0,0
shap_feature_selection_extratrees_p1_20260529_183134,G1_thiram_molar_grade,Thiram Positive Molar Grade,8,875,1275.0,0
shap_feature_selection_extratrees_p1_20260529_183134,G1_thiram_molar_grade,Thiram Positive Molar Grade,8,876,1276.0,0
shap_feature_selection_extratrees_p1_20260529_183134,G1_thiram_molar_grade,Thiram Positive Molar Grade,8,877,1277.0,0
shap_feature_selection_extratrees_p1_20260529_183134,G1_thiram_molar_grade,Thiram Positive Molar Grade,8,878,1278.0,0
shap_feature_selection_extratrees_p1_20260529_183134,G1_thiram_molar_grade,Thiram Positive Molar Grade,8,879,1279.0,0
shap_feature_selection_extratrees_p1_20260529_183134,G1_thiram_molar_grade,Thiram Positive Molar Grade,8,880,1280.0,0
shap_feature_selection_extratrees_p1_20260529_183134,G1_thiram_molar_grade,Thiram Positive Molar Grade,8,881,1281.0,0
shap_feature_selection_extratrees_p1_20260529_183134,G1_thiram_molar_grade,Thiram Positive Molar Grade,8,882,1282.0,0
shap_feature_selection_extratrees_p1_20260529_183134,G1_thiram_molar_grade,Thiram Positive Molar Grade,8,883,1283.0,0
shap_feature_selection_extratrees_p1_20260529_183134,G1_thiram_molar_grade,Thiram Positive Molar Grade,8,884,1284.0,0
shap_feature_selection_extratrees_p1_20260529_183134,G1_thiram_molar_grade,Thiram Positive Molar Grade,8,885,1285.0,0
shap_feature_selection_extratrees_p1_20260529_183134,G1_thiram_molar_grade,Thiram Positive Molar Grade,8,886,1286.0,0
shap_feature_selection_extratrees_p1_20260529_183134,G1_thiram_molar_grade,Thiram Positive Molar Grade,8,887,1287.0,0
shap_feature_selection_extratrees_p1_20260529_183134,G1_thiram_molar_grade,Thiram Positive Molar Grade,8,888,1288.0,0
shap_feature_selection_extratrees_p1_20260529_183134,G1_thiram_molar_grade,Thiram Positive Molar Grade,8,889,1289.0,0
shap_feature_selection_extratrees_p1_20260529_183134,G1_thiram_molar_grade,Thiram Positive Molar Grade,8,890,1290.0,0
shap_feature_selection_extratrees_p1_20260529_183134,G1_thiram_molar_grade,Thiram Positive Molar Grade,8,891,1291.0,0
shap_feature_selection_extratrees_p1_20260529_183134,G1_thiram_molar_grade,Thiram Positive Molar Grade,8,892,1292.0,0
shap_feature_selection_extratrees_p1_20260529_183134,G1_thiram_molar_grade,Thiram Positive Molar Grade,8,893,1293.0,0
shap_feature_selection_extratrees_p1_20260529_183134,G1_thiram_molar_grade,Thiram Positive Molar Grade,8,894,1294.0,0
shap_feature_selection_extratrees_p1_20260529_183134,G1_thiram_molar_grade,Thiram Positive Molar Grade,8,895,1295.0,0
shap_feature_selection_extratrees_p1_20260529_183134,G1_thiram_molar_grade,Thiram Positive Molar Grade,8,896,1296.0,0
shap_feature_selection_extratrees_p1_20260529_183134,G1_thiram_molar_grade,Thiram Positive Molar Grade,8,897,1297.0,0
shap_feature_selection_extratrees_p1_20260529_183134,G1_thiram_molar_grade,Thiram Positive Molar Grade,8,898,1298.0,0
shap_feature_selection_extratrees_p1_20260529_183134,G1_thiram_molar_grade,Thiram Positive Molar Grade,8,899,1299.0,0
shap_feature_selection_extratrees_p1_20260529_183134,G1_thiram_molar_grade,Thiram Positive Molar Grade,8,900,1300.0,0
shap_feature_selection_extratrees_p1_20260529_183134,G1_thiram_molar_grade,Thiram Positive Molar Grade,8,901,1301.0,0
shap_feature_selection_extratrees_p1_20260529_183134,G1_thiram_molar_grade,Thiram Positive Molar Grade,8,902,1302.0,0
shap_feature_selection_extratrees_p1_20260529_183134,G1_thiram_molar_grade,Thiram Positive Molar Grade,8,903,1303.0,0
shap_feature_selection_extratrees_p1_20260529_183134,G1_thiram_molar_grade,Thiram Positive Molar Grade,8,904,1304.0,0
shap_feature_selection_extratrees_p1_20260529_183134,G1_thiram_molar_grade,Thiram Positive Molar Grade,8,905,1305.0,0
shap_feature_selection_extratrees_p1_20260529_183134,G1_thiram_molar_grade,Thiram Positive Molar Grade,8,906,1306.0,0
shap_feature_selection_extratrees_p1_20260529_183134,G1_thiram_molar_grade,Thiram Positive Molar Grade,8,907,1307.0,0
shap_feature_selection_extratrees_p1_20260529_183134,G1_thiram_molar_grade,Thiram Positive Molar Grade,8,908,1308.0,0
shap_feature_selection_extratrees_p1_20260529_183134,G1_thiram_molar_grade,Thiram Positive Molar Grade,8,909,1309.0,0
shap_feature_selection_extratrees_p1_20260529_183134,G1_thiram_molar_grade,Thiram Positive Molar Grade,8,910,1310.0,0
shap_feature_selection_extratrees_p1_20260529_183134,G1_thiram_molar_grade,Thiram Positive Molar Grade,8,911,1311.0,0
shap_feature_selection_extratrees_p1_20260529_183134,G1_thiram_molar_grade,Thiram Positive Molar Grade,8,912,1312.0,0
shap_feature_selection_extratrees_p1_20260529_183134,G1_thiram_molar_grade,Thiram Positive Molar Grade,8,913,1313.0,0
shap_feature_selection_extratrees_p1_20260529_183134,G1_thiram_molar_grade,Thiram Positive Molar Grade,8,914,1314.0,0
shap_feature_selection_extratrees_p1_20260529_183134,G1_thiram_molar_grade,Thiram Positive Molar Grade,8,915,1315.0,0
shap_feature_selection_extratrees_p1_20260529_183134,G1_thiram_molar_grade,Thiram Positive Molar Grade,8,916,1316.0,0
shap_feature_selection_extratrees_p1_20260529_183134,G1_thiram_molar_grade,Thiram Positive Molar Grade,8,917,1317.0,0
shap_feature_selection_extratrees_p1_20260529_183134,G1_thiram_molar_grade,Thiram Positive Molar Grade,8,918,1318.0,0
shap_feature_selection_extratrees_p1_20260529_183134,G1_thiram_molar_grade,Thiram Positive Molar Grade,8,919,1319.0,0
shap_feature_selection_extratrees_p1_20260529_183134,G1_thiram_molar_grade,Thiram Positive Molar Grade,8,920,1320.0,0
shap_feature_selection_extratrees_p1_20260529_183134,G1_thiram_molar_grade,Thiram Positive Molar Grade,8,921,1321.0,0
shap_feature_selection_extratrees_p1_20260529_183134,G1_thiram_molar_grade,Thiram Positive Molar Grade,8,922,1322.0,0
shap_feature_selection_extratrees_p1_20260529_183134,G1_thiram_molar_grade,Thiram Positive Molar Grade,8,923,1323.0,0
shap_feature_selection_extratrees_p1_20260529_183134,G1_thiram_molar_grade,Thiram Positive Molar Grade,8,924,1324.0,0
shap_feature_selection_extratrees_p1_20260529_183134,G1_thiram_molar_grade,Thiram Positive Molar Grade,8,925,1325.0,0
shap_feature_selection_extratrees_p1_20260529_183134,G1_thiram_molar_grade,Thiram Positive Molar Grade,8,926,1326.0,0
shap_feature_selection_extratrees_p1_20260529_183134,G1_thiram_molar_grade,Thiram Positive Molar Grade,8,927,1327.0,0
shap_feature_selection_extratrees_p1_20260529_183134,G1_thiram_molar_grade,Thiram Positive Molar Grade,8,928,1328.0,0
shap_feature_selection_extratrees_p1_20260529_183134,G1_thiram_molar_grade,Thiram Positive Molar Grade,8,929,1329.0,0
shap_feature_selection_extratrees_p1_20260529_183134,G1_thiram_molar_grade,Thiram Positive Molar Grade,8,930,1330.0,0
shap_feature_selection_extratrees_p1_20260529_183134,G1_thiram_molar_grade,Thiram Positive Molar Grade,8,931,1331.0,0
shap_feature_selection_extratrees_p1_20260529_183134,G1_thiram_molar_grade,Thiram Positive Molar Grade,8,932,1332.0,0
shap_feature_selection_extratrees_p1_20260529_183134,G1_thiram_molar_grade,Thiram Positive Molar Grade,8,933,1333.0,0
shap_feature_selection_extratrees_p1_20260529_183134,G1_thiram_molar_grade,Thiram Positive Molar Grade,8,934,1334.0,0
shap_feature_selection_extratrees_p1_20260529_183134,G1_thiram_molar_grade,Thiram Positive Molar Grade,8,935,1335.0,0
shap_feature_selection_extratrees_p1_20260529_183134,G1_thiram_molar_grade,Thiram Positive Molar Grade,8,936,1336.0,0
shap_feature_selection_extratrees_p1_20260529_183134,G1_thiram_molar_grade,Thiram Positive Molar Grade,8,937,1337.0,0
shap_feature_selection_extratrees_p1_20260529_183134,G1_thiram_molar_grade,Thiram Positive Molar Grade,8,938,1338.0,0
shap_feature_selection_extratrees_p1_20260529_183134,G1_thiram_molar_grade,Thiram Positive Molar Grade,8,939,1339.0,0
shap_feature_selection_extratrees_p1_20260529_183134,G1_thiram_molar_grade,Thiram Positive Molar Grade,8,940,1340.0,0
shap_feature_selection_extratrees_p1_20260529_183134,G1_thiram_molar_grade,Thiram Positive Molar Grade,8,941,1341.0,0
shap_feature_selection_extratrees_p1_20260529_183134,G1_thiram_molar_grade,Thiram Positive Molar Grade,8,942,1342.0,0
shap_feature_selection_extratrees_p1_20260529_183134,G1_thiram_molar_grade,Thiram Positive Molar Grade,8,943,1343.0,0
shap_feature_selection_extratrees_p1_20260529_183134,G1_thiram_molar_grade,Thiram Positive Molar Grade,8,944,1344.0,0
shap_feature_selection_extratrees_p1_20260529_183134,G1_thiram_molar_grade,Thiram Positive Molar Grade,8,945,1345.0,0
shap_feature_selection_extratrees_p1_20260529_183134,G1_thiram_molar_grade,Thiram Positive Molar Grade,8,946,1346.0,0
shap_feature_selection_extratrees_p1_20260529_183134,G1_thiram_molar_grade,Thiram Positive Molar Grade,8,947,1347.0,0
shap_feature_selection_extratrees_p1_20260529_183134,G1_thiram_molar_grade,Thiram Positive Molar Grade,8,948,1348.0,0
shap_feature_selection_extratrees_p1_20260529_183134,G1_thiram_molar_grade,Thiram Positive Molar Grade,8,949,1349.0,0
shap_feature_selection_extratrees_p1_20260529_183134,G1_thiram_molar_grade,Thiram Positive Molar Grade,8,950,1350.0,0
shap_feature_selection_extratrees_p1_20260529_183134,G1_thiram_molar_grade,Thiram Positive Molar Grade,8,951,1351.0,0
shap_feature_selection_extratrees_p1_20260529_183134,G1_thiram_molar_grade,Thiram Positive Molar Grade,8,952,1352.0,0
shap_feature_selection_extratrees_p1_20260529_183134,G1_thiram_molar_grade,Thiram Positive Molar Grade,8,953,1353.0,0
shap_feature_selection_extratrees_p1_20260529_183134,G1_thiram_molar_grade,Thiram Positive Molar Grade,8,954,1354.0,0
shap_feature_selection_extratrees_p1_20260529_183134,G1_thiram_molar_grade,Thiram Positive Molar Grade,8,955,1355.0,0
shap_feature_selection_extratrees_p1_20260529_183134,G1_thiram_molar_grade,Thiram Positive Molar Grade,8,956,1356.0,0
shap_feature_selection_extratrees_p1_20260529_183134,G1_thiram_molar_grade,Thiram Positive Molar Grade,8,957,1357.0,0
shap_feature_selection_extratrees_p1_20260529_183134,G1_thiram_molar_grade,Thiram Positive Molar Grade,8,958,1358.0,0
shap_feature_selection_extratrees_p1_20260529_183134,G1_thiram_molar_grade,Thiram Positive Molar Grade,8,959,1359.0,0
shap_feature_selection_extratrees_p1_20260529_183134,G1_thiram_molar_grade,Thiram Positive Molar Grade,8,960,1360.0,0
shap_feature_selection_extratrees_p1_20260529_183134,G1_thiram_molar_grade,Thiram Positive Molar Grade,8,961,1361.0,0
shap_feature_selection_extratrees_p1_20260529_183134,G1_thiram_molar_grade,Thiram Positive Molar Grade,8,962,1362.0,0
shap_feature_selection_extratrees_p1_20260529_183134,G1_thiram_molar_grade,Thiram Positive Molar Grade,8,963,1363.0,0
shap_feature_selection_extratrees_p1_20260529_183134,G1_thiram_molar_grade,Thiram Positive Molar Grade,8,964,1364.0,0
shap_feature_selection_extratrees_p1_20260529_183134,G1_thiram_molar_grade,Thiram Positive Molar Grade,8,965,1365.0,0
shap_feature_selection_extratrees_p1_20260529_183134,G1_thiram_molar_grade,Thiram Positive Molar Grade,8,966,1366.0,0
shap_feature_selection_extratrees_p1_20260529_183134,G1_thiram_molar_grade,Thiram Positive Molar Grade,8,967,1367.0,0
shap_feature_selection_extratrees_p1_20260529_183134,G1_thiram_molar_grade,Thiram Positive Molar Grade,8,968,1368.0,0
shap_feature_selection_extratrees_p1_20260529_183134,G1_thiram_molar_grade,Thiram Positive Molar Grade,8,969,1369.0,1
shap_feature_selection_extratrees_p1_20260529_183134,G1_thiram_molar_grade,Thiram Positive Molar Grade,8,970,1370.0,1
shap_feature_selection_extratrees_p1_20260529_183134,G1_thiram_molar_grade,Thiram Positive Molar Grade,8,971,1371.0,1
shap_feature_selection_extratrees_p1_20260529_183134,G1_thiram_molar_grade,Thiram Positive Molar Grade,8,972,1372.0,1
shap_feature_selection_extratrees_p1_20260529_183134,G1_thiram_molar_grade,Thiram Positive Molar Grade,8,973,1373.0,1
shap_feature_selection_extratrees_p1_20260529_183134,G1_thiram_molar_grade,Thiram Positive Molar Grade,8,974,1374.0,1
shap_feature_selection_extratrees_p1_20260529_183134,G1_thiram_molar_grade,Thiram Positive Molar Grade,8,975,1375.0,1
shap_feature_selection_extratrees_p1_20260529_183134,G1_thiram_molar_grade,Thiram Positive Molar Grade,8,976,1376.0,0
shap_feature_selection_extratrees_p1_20260529_183134,G1_thiram_molar_grade,Thiram Positive Molar Grade,8,977,1377.0,1
shap_feature_selection_extratrees_p1_20260529_183134,G1_thiram_molar_grade,Thiram Positive Molar Grade,8,978,1378.0,1
shap_feature_selection_extratrees_p1_20260529_183134,G1_thiram_molar_grade,Thiram Positive Molar Grade,8,979,1379.0,1
shap_feature_selection_extratrees_p1_20260529_183134,G1_thiram_molar_grade,Thiram Positive Molar Grade,8,980,1380.0,0
shap_feature_selection_extratrees_p1_20260529_183134,G1_thiram_molar_grade,Thiram Positive Molar Grade,8,981,1381.0,0
shap_feature_selection_extratrees_p1_20260529_183134,G1_thiram_molar_grade,Thiram Positive Molar Grade,8,982,1382.0,0
shap_feature_selection_extratrees_p1_20260529_183134,G1_thiram_molar_grade,Thiram Positive Molar Grade,8,983,1383.0,0
shap_feature_selection_extratrees_p1_20260529_183134,G1_thiram_molar_grade,Thiram Positive Molar Grade,8,984,1384.0,0
shap_feature_selection_extratrees_p1_20260529_183134,G1_thiram_molar_grade,Thiram Positive Molar Grade,8,985,1385.0,0
shap_feature_selection_extratrees_p1_20260529_183134,G1_thiram_molar_grade,Thiram Positive Molar Grade,8,986,1386.0,0
shap_feature_selection_extratrees_p1_20260529_183134,G1_thiram_molar_grade,Thiram Positive Molar Grade,8,987,1387.0,0
shap_feature_selection_extratrees_p1_20260529_183134,G1_thiram_molar_grade,Thiram Positive Molar Grade,8,988,1388.0,0
shap_feature_selection_extratrees_p1_20260529_183134,G1_thiram_molar_grade,Thiram Positive Molar Grade,8,989,1389.0,0
shap_feature_selection_extratrees_p1_20260529_183134,G1_thiram_molar_grade,Thiram Positive Molar Grade,8,990,1390.0,0
shap_feature_selection_extratrees_p1_20260529_183134,G1_thiram_molar_grade,Thiram Positive Molar Grade,8,991,1391.0,0
shap_feature_selection_extratrees_p1_20260529_183134,G1_thiram_molar_grade,Thiram Positive Molar Grade,8,992,1392.0,0
shap_feature_selection_extratrees_p1_20260529_183134,G1_thiram_molar_grade,Thiram Positive Molar Grade,8,993,1393.0,0
shap_feature_selection_extratrees_p1_20260529_183134,G1_thiram_molar_grade,Thiram Positive Molar Grade,8,994,1394.0,0
shap_feature_selection_extratrees_p1_20260529_183134,G1_thiram_molar_grade,Thiram Positive Molar Grade,8,995,1395.0,0
shap_feature_selection_extratrees_p1_20260529_183134,G1_thiram_molar_grade,Thiram Positive Molar Grade,8,996,1396.0,0
shap_feature_selection_extratrees_p1_20260529_183134,G1_thiram_molar_grade,Thiram Positive Molar Grade,8,997,1397.0,0
shap_feature_selection_extratrees_p1_20260529_183134,G1_thiram_molar_grade,Thiram Positive Molar Grade,8,998,1398.0,0
shap_feature_selection_extratrees_p1_20260529_183134,G1_thiram_molar_grade,Thiram Positive Molar Grade,8,999,1399.0,0
shap_feature_selection_extratrees_p1_20260529_183134,G1_thiram_molar_grade,Thiram Positive Molar Grade,8,1000,1400.0,0
shap_feature_selection_extratrees_p1_20260529_183134,G1_thiram_molar_grade,Thiram Positive Molar Grade,8,1001,1401.0,0
shap_feature_selection_extratrees_p1_20260529_183134,G1_thiram_molar_grade,Thiram Positive Molar Grade,8,1002,1402.0,0
shap_feature_selection_extratrees_p1_20260529_183134,G1_thiram_molar_grade,Thiram Positive Molar Grade,8,1003,1403.0,0
shap_feature_selection_extratrees_p1_20260529_183134,G1_thiram_molar_grade,Thiram Positive Molar Grade,8,1004,1404.0,0
shap_feature_selection_extratrees_p1_20260529_183134,G1_thiram_molar_grade,Thiram Positive Molar Grade,8,1005,1405.0,0
shap_feature_selection_extratrees_p1_20260529_183134,G1_thiram_molar_grade,Thiram Positive Molar Grade,8,1006,1406.0,0
shap_feature_selection_extratrees_p1_20260529_183134,G1_thiram_molar_grade,Thiram Positive Molar Grade,8,1007,1407.0,0
shap_feature_selection_extratrees_p1_20260529_183134,G1_thiram_molar_grade,Thiram Positive Molar Grade,8,1008,1408.0,0
shap_feature_selection_extratrees_p1_20260529_183134,G1_thiram_molar_grade,Thiram Positive Molar Grade,8,1009,1409.0,0
shap_feature_selection_extratrees_p1_20260529_183134,G1_thiram_molar_grade,Thiram Positive Molar Grade,8,1010,1410.0,0
shap_feature_selection_extratrees_p1_20260529_183134,G1_thiram_molar_grade,Thiram Positive Molar Grade,8,1011,1411.0,0
shap_feature_selection_extratrees_p1_20260529_183134,G1_thiram_molar_grade,Thiram Positive Molar Grade,8,1012,1412.0,0
shap_feature_selection_extratrees_p1_20260529_183134,G1_thiram_molar_grade,Thiram Positive Molar Grade,8,1013,1413.0,0
shap_feature_selection_extratrees_p1_20260529_183134,G1_thiram_molar_grade,Thiram Positive Molar Grade,8,1014,1414.0,0
shap_feature_selection_extratrees_p1_20260529_183134,G1_thiram_molar_grade,Thiram Positive Molar Grade,8,1015,1415.0,0
shap_feature_selection_extratrees_p1_20260529_183134,G1_thiram_molar_grade,Thiram Positive Molar Grade,8,1016,1416.0,0
shap_feature_selection_extratrees_p1_20260529_183134,G1_thiram_molar_grade,Thiram Positive Molar Grade,8,1017,1417.0,0
shap_feature_selection_extratrees_p1_20260529_183134,G1_thiram_molar_grade,Thiram Positive Molar Grade,8,1018,1418.0,0
shap_feature_selection_extratrees_p1_20260529_183134,G1_thiram_molar_grade,Thiram Positive Molar Grade,8,1019,1419.0,0
shap_feature_selection_extratrees_p1_20260529_183134,G1_thiram_molar_grade,Thiram Positive Molar Grade,8,1020,1420.0,0
shap_feature_selection_extratrees_p1_20260529_183134,G1_thiram_molar_grade,Thiram Positive Molar Grade,8,1021,1421.0,0
shap_feature_selection_extratrees_p1_20260529_183134,G1_thiram_molar_grade,Thiram Positive Molar Grade,8,1022,1422.0,0
shap_feature_selection_extratrees_p1_20260529_183134,G1_thiram_molar_grade,Thiram Positive Molar Grade,8,1023,1423.0,0
shap_feature_selection_extratrees_p1_20260529_183134,G1_thiram_molar_grade,Thiram Positive Molar Grade,8,1024,1424.0,0
shap_feature_selection_extratrees_p1_20260529_183134,G1_thiram_molar_grade,Thiram Positive Molar Grade,8,1025,1425.0,0
shap_feature_selection_extratrees_p1_20260529_183134,G1_thiram_molar_grade,Thiram Positive Molar Grade,8,1026,1426.0,0
shap_feature_selection_extratrees_p1_20260529_183134,G1_thiram_molar_grade,Thiram Positive Molar Grade,8,1027,1427.0,0
shap_feature_selection_extratrees_p1_20260529_183134,G1_thiram_molar_grade,Thiram Positive Molar Grade,8,1028,1428.0,0
shap_feature_selection_extratrees_p1_20260529_183134,G1_thiram_molar_grade,Thiram Positive Molar Grade,8,1029,1429.0,0
shap_feature_selection_extratrees_p1_20260529_183134,G1_thiram_molar_grade,Thiram Positive Molar Grade,8,1030,1430.0,0
shap_feature_selection_extratrees_p1_20260529_183134,G1_thiram_molar_grade,Thiram Positive Molar Grade,8,1031,1431.0,0
shap_feature_selection_extratrees_p1_20260529_183134,G1_thiram_molar_grade,Thiram Positive Molar Grade,8,1032,1432.0,0
shap_feature_selection_extratrees_p1_20260529_183134,G1_thiram_molar_grade,Thiram Positive Molar Grade,8,1033,1433.0,0
shap_feature_selection_extratrees_p1_20260529_183134,G1_thiram_molar_grade,Thiram Positive Molar Grade,8,1034,1434.0,0
shap_feature_selection_extratrees_p1_20260529_183134,G1_thiram_molar_grade,Thiram Positive Molar Grade,8,1035,1435.0,0
shap_feature_selection_extratrees_p1_20260529_183134,G1_thiram_molar_grade,Thiram Positive Molar Grade,8,1036,1436.0,0
shap_feature_selection_extratrees_p1_20260529_183134,G1_thiram_molar_grade,Thiram Positive Molar Grade,8,1037,1437.0,0
shap_feature_selection_extratrees_p1_20260529_183134,G1_thiram_molar_grade,Thiram Positive Molar Grade,8,1038,1438.0,0
shap_feature_selection_extratrees_p1_20260529_183134,G1_thiram_molar_grade,Thiram Positive Molar Grade,8,1039,1439.0,0
shap_feature_selection_extratrees_p1_20260529_183134,G1_thiram_molar_grade,Thiram Positive Molar Grade,8,1040,1440.0,0
shap_feature_selection_extratrees_p1_20260529_183134,G1_thiram_molar_grade,Thiram Positive Molar Grade,8,1041,1441.0,0
shap_feature_selection_extratrees_p1_20260529_183134,G1_thiram_molar_grade,Thiram Positive Molar Grade,8,1042,1442.0,0
shap_feature_selection_extratrees_p1_20260529_183134,G1_thiram_molar_grade,Thiram Positive Molar Grade,8,1043,1443.0,0
shap_feature_selection_extratrees_p1_20260529_183134,G1_thiram_molar_grade,Thiram Positive Molar Grade,8,1044,1444.0,0
shap_feature_selection_extratrees_p1_20260529_183134,G1_thiram_molar_grade,Thiram Positive Molar Grade,8,1045,1445.0,0
shap_feature_selection_extratrees_p1_20260529_183134,G1_thiram_molar_grade,Thiram Positive Molar Grade,8,1046,1446.0,0
shap_feature_selection_extratrees_p1_20260529_183134,G1_thiram_molar_grade,Thiram Positive Molar Grade,8,1047,1447.0,0
shap_feature_selection_extratrees_p1_20260529_183134,G1_thiram_molar_grade,Thiram Positive Molar Grade,8,1048,1448.0,0
shap_feature_selection_extratrees_p1_20260529_183134,G1_thiram_molar_grade,Thiram Positive Molar Grade,8,1049,1449.0,0
shap_feature_selection_extratrees_p1_20260529_183134,G1_thiram_molar_grade,Thiram Positive Molar Grade,8,1050,1450.0,0
shap_feature_selection_extratrees_p1_20260529_183134,G1_thiram_molar_grade,Thiram Positive Molar Grade,8,1051,1451.0,0
shap_feature_selection_extratrees_p1_20260529_183134,G1_thiram_molar_grade,Thiram Positive Molar Grade,8,1052,1452.0,0
shap_feature_selection_extratrees_p1_20260529_183134,G1_thiram_molar_grade,Thiram Positive Molar Grade,8,1053,1453.0,0
shap_feature_selection_extratrees_p1_20260529_183134,G1_thiram_molar_grade,Thiram Positive Molar Grade,8,1054,1454.0,0
shap_feature_selection_extratrees_p1_20260529_183134,G1_thiram_molar_grade,Thiram Positive Molar Grade,8,1055,1455.0,0
shap_feature_selection_extratrees_p1_20260529_183134,G1_thiram_molar_grade,Thiram Positive Molar Grade,8,1056,1456.0,0
shap_feature_selection_extratrees_p1_20260529_183134,G1_thiram_molar_grade,Thiram Positive Molar Grade,8,1057,1457.0,0
shap_feature_selection_extratrees_p1_20260529_183134,G1_thiram_molar_grade,Thiram Positive Molar Grade,8,1058,1458.0,0
shap_feature_selection_extratrees_p1_20260529_183134,G1_thiram_molar_grade,Thiram Positive Molar Grade,8,1059,1459.0,0
shap_feature_selection_extratrees_p1_20260529_183134,G1_thiram_molar_grade,Thiram Positive Molar Grade,8,1060,1460.0,0
shap_feature_selection_extratrees_p1_20260529_183134,G1_thiram_molar_grade,Thiram Positive Molar Grade,8,1061,1461.0,0
shap_feature_selection_extratrees_p1_20260529_183134,G1_thiram_molar_grade,Thiram Positive Molar Grade,8,1062,1462.0,0
shap_feature_selection_extratrees_p1_20260529_183134,G1_thiram_molar_grade,Thiram Positive Molar Grade,8,1063,1463.0,0
shap_feature_selection_extratrees_p1_20260529_183134,G1_thiram_molar_grade,Thiram Positive Molar Grade,8,1064,1464.0,0
shap_feature_selection_extratrees_p1_20260529_183134,G1_thiram_molar_grade,Thiram Positive Molar Grade,8,1065,1465.0,0
shap_feature_selection_extratrees_p1_20260529_183134,G1_thiram_molar_grade,Thiram Positive Molar Grade,8,1066,1466.0,0
shap_feature_selection_extratrees_p1_20260529_183134,G1_thiram_molar_grade,Thiram Positive Molar Grade,8,1067,1467.0,0
shap_feature_selection_extratrees_p1_20260529_183134,G1_thiram_molar_grade,Thiram Positive Molar Grade,8,1068,1468.0,0
shap_feature_selection_extratrees_p1_20260529_183134,G1_thiram_molar_grade,Thiram Positive Molar Grade,8,1069,1469.0,0
shap_feature_selection_extratrees_p1_20260529_183134,G1_thiram_molar_grade,Thiram Positive Molar Grade,8,1070,1470.0,0
shap_feature_selection_extratrees_p1_20260529_183134,G1_thiram_molar_grade,Thiram Positive Molar Grade,8,1071,1471.0,0
shap_feature_selection_extratrees_p1_20260529_183134,G1_thiram_molar_grade,Thiram Positive Molar Grade,8,1072,1472.0,0
shap_feature_selection_extratrees_p1_20260529_183134,G1_thiram_molar_grade,Thiram Positive Molar Grade,8,1073,1473.0,0
shap_feature_selection_extratrees_p1_20260529_183134,G1_thiram_molar_grade,Thiram Positive Molar Grade,8,1074,1474.0,0
shap_feature_selection_extratrees_p1_20260529_183134,G1_thiram_molar_grade,Thiram Positive Molar Grade,8,1075,1475.0,0
shap_feature_selection_extratrees_p1_20260529_183134,G1_thiram_molar_grade,Thiram Positive Molar Grade,8,1076,1476.0,0
shap_feature_selection_extratrees_p1_20260529_183134,G1_thiram_molar_grade,Thiram Positive Molar Grade,8,1077,1477.0,0
shap_feature_selection_extratrees_p1_20260529_183134,G1_thiram_molar_grade,Thiram Positive Molar Grade,8,1078,1478.0,0
shap_feature_selection_extratrees_p1_20260529_183134,G1_thiram_molar_grade,Thiram Positive Molar Grade,8,1079,1479.0,0
shap_feature_selection_extratrees_p1_20260529_183134,G1_thiram_molar_grade,Thiram Positive Molar Grade,8,1080,1480.0,0
shap_feature_selection_extratrees_p1_20260529_183134,G1_thiram_molar_grade,Thiram Positive Molar Grade,8,1081,1481.0,0
shap_feature_selection_extratrees_p1_20260529_183134,G1_thiram_molar_grade,Thiram Positive Molar Grade,8,1082,1482.0,0
shap_feature_selection_extratrees_p1_20260529_183134,G1_thiram_molar_grade,Thiram Positive Molar Grade,8,1083,1483.0,0
shap_feature_selection_extratrees_p1_20260529_183134,G1_thiram_molar_grade,Thiram Positive Molar Grade,8,1084,1484.0,0
shap_feature_selection_extratrees_p1_20260529_183134,G1_thiram_molar_grade,Thiram Positive Molar Grade,8,1085,1485.0,0
shap_feature_selection_extratrees_p1_20260529_183134,G1_thiram_molar_grade,Thiram Positive Molar Grade,8,1086,1486.0,0
shap_feature_selection_extratrees_p1_20260529_183134,G1_thiram_molar_grade,Thiram Positive Molar Grade,8,1087,1487.0,0
shap_feature_selection_extratrees_p1_20260529_183134,G1_thiram_molar_grade,Thiram Positive Molar Grade,8,1088,1488.0,0
shap_feature_selection_extratrees_p1_20260529_183134,G1_thiram_molar_grade,Thiram Positive Molar Grade,8,1089,1489.0,0
shap_feature_selection_extratrees_p1_20260529_183134,G1_thiram_molar_grade,Thiram Positive Molar Grade,8,1090,1490.0,1
shap_feature_selection_extratrees_p1_20260529_183134,G1_thiram_molar_grade,Thiram Positive Molar Grade,8,1091,1491.0,0
shap_feature_selection_extratrees_p1_20260529_183134,G1_thiram_molar_grade,Thiram Positive Molar Grade,8,1092,1492.0,1
shap_feature_selection_extratrees_p1_20260529_183134,G1_thiram_molar_grade,Thiram Positive Molar Grade,8,1093,1493.0,1
shap_feature_selection_extratrees_p1_20260529_183134,G1_thiram_molar_grade,Thiram Positive Molar Grade,8,1094,1494.0,1
shap_feature_selection_extratrees_p1_20260529_183134,G1_thiram_molar_grade,Thiram Positive Molar Grade,8,1095,1495.0,1
shap_feature_selection_extratrees_p1_20260529_183134,G1_thiram_molar_grade,Thiram Positive Molar Grade,8,1096,1496.0,1
shap_feature_selection_extratrees_p1_20260529_183134,G1_thiram_molar_grade,Thiram Positive Molar Grade,8,1097,1497.0,1
shap_feature_selection_extratrees_p1_20260529_183134,G1_thiram_molar_grade,Thiram Positive Molar Grade,8,1098,1498.0,1
shap_feature_selection_extratrees_p1_20260529_183134,G1_thiram_molar_grade,Thiram Positive Molar Grade,8,1099,1499.0,1
shap_feature_selection_extratrees_p1_20260529_183134,G1_thiram_molar_grade,Thiram Positive Molar Grade,8,1100,1500.0,1
shap_feature_selection_extratrees_p1_20260529_183134,G1_thiram_molar_grade,Thiram Positive Molar Grade,8,1101,1501.0,0
shap_feature_selection_extratrees_p1_20260529_183134,G1_thiram_molar_grade,Thiram Positive Molar Grade,8,1102,1502.0,1
shap_feature_selection_extratrees_p1_20260529_183134,G1_thiram_molar_grade,Thiram Positive Molar Grade,8,1103,1503.0,1
shap_feature_selection_extratrees_p1_20260529_183134,G1_thiram_molar_grade,Thiram Positive Molar Grade,8,1104,1504.0,1
shap_feature_selection_extratrees_p1_20260529_183134,G1_thiram_molar_grade,Thiram Positive Molar Grade,8,1105,1505.0,1
shap_feature_selection_extratrees_p1_20260529_183134,G1_thiram_molar_grade,Thiram Positive Molar Grade,8,1106,1506.0,1
shap_feature_selection_extratrees_p1_20260529_183134,G1_thiram_molar_grade,Thiram Positive Molar Grade,8,1107,1507.0,1
shap_feature_selection_extratrees_p1_20260529_183134,G1_thiram_molar_grade,Thiram Positive Molar Grade,8,1108,1508.0,1
shap_feature_selection_extratrees_p1_20260529_183134,G1_thiram_molar_grade,Thiram Positive Molar Grade,8,1109,1509.0,1
shap_feature_selection_extratrees_p1_20260529_183134,G1_thiram_molar_grade,Thiram Positive Molar Grade,8,1110,1510.0,1
shap_feature_selection_extratrees_p1_20260529_183134,G1_thiram_molar_grade,Thiram Positive Molar Grade,8,1111,1511.0,1
shap_feature_selection_extratrees_p1_20260529_183134,G1_thiram_molar_grade,Thiram Positive Molar Grade,8,1112,1512.0,0
shap_feature_selection_extratrees_p1_20260529_183134,G1_thiram_molar_grade,Thiram Positive Molar Grade,8,1113,1513.0,1
shap_feature_selection_extratrees_p1_20260529_183134,G1_thiram_molar_grade,Thiram Positive Molar Grade,8,1114,1514.0,1
shap_feature_selection_extratrees_p1_20260529_183134,G1_thiram_molar_grade,Thiram Positive Molar Grade,8,1115,1515.0,1
shap_feature_selection_extratrees_p1_20260529_183134,G1_thiram_molar_grade,Thiram Positive Molar Grade,8,1116,1516.0,1
shap_feature_selection_extratrees_p1_20260529_183134,G1_thiram_molar_grade,Thiram Positive Molar Grade,8,1117,1517.0,1
shap_feature_selection_extratrees_p1_20260529_183134,G1_thiram_molar_grade,Thiram Positive Molar Grade,8,1118,1518.0,0
shap_feature_selection_extratrees_p1_20260529_183134,G1_thiram_molar_grade,Thiram Positive Molar Grade,8,1119,1519.0,0
shap_feature_selection_extratrees_p1_20260529_183134,G1_thiram_molar_grade,Thiram Positive Molar Grade,8,1120,1520.0,1
shap_feature_selection_extratrees_p1_20260529_183134,G1_thiram_molar_grade,Thiram Positive Molar Grade,8,1121,1521.0,0
shap_feature_selection_extratrees_p1_20260529_183134,G1_thiram_molar_grade,Thiram Positive Molar Grade,8,1122,1522.0,1
shap_feature_selection_extratrees_p1_20260529_183134,G1_thiram_molar_grade,Thiram Positive Molar Grade,8,1123,1523.0,0
shap_feature_selection_extratrees_p1_20260529_183134,G1_thiram_molar_grade,Thiram Positive Molar Grade,8,1124,1524.0,1
shap_feature_selection_extratrees_p1_20260529_183134,G1_thiram_molar_grade,Thiram Positive Molar Grade,8,1125,1525.0,0
shap_feature_selection_extratrees_p1_20260529_183134,G1_thiram_molar_grade,Thiram Positive Molar Grade,8,1126,1526.0,0
shap_feature_selection_extratrees_p1_20260529_183134,G1_thiram_molar_grade,Thiram Positive Molar Grade,8,1127,1527.0,0
shap_feature_selection_extratrees_p1_20260529_183134,G1_thiram_molar_grade,Thiram Positive Molar Grade,8,1128,1528.0,1
shap_feature_selection_extratrees_p1_20260529_183134,G1_thiram_molar_grade,Thiram Positive Molar Grade,8,1129,1529.0,0
shap_feature_selection_extratrees_p1_20260529_183134,G1_thiram_molar_grade,Thiram Positive Molar Grade,8,1130,1530.0,0
shap_feature_selection_extratrees_p1_20260529_183134,G1_thiram_molar_grade,Thiram Positive Molar Grade,8,1131,1531.0,0
shap_feature_selection_extratrees_p1_20260529_183134,G1_thiram_molar_grade,Thiram Positive Molar Grade,8,1132,1532.0,0
shap_feature_selection_extratrees_p1_20260529_183134,G1_thiram_molar_grade,Thiram Positive Molar Grade,8,1133,1533.0,0
shap_feature_selection_extratrees_p1_20260529_183134,G1_thiram_molar_grade,Thiram Positive Molar Grade,8,1134,1534.0,0
shap_feature_selection_extratrees_p1_20260529_183134,G1_thiram_molar_grade,Thiram Positive Molar Grade,8,1135,1535.0,0
shap_feature_selection_extratrees_p1_20260529_183134,G1_thiram_molar_grade,Thiram Positive Molar Grade,8,1136,1536.0,0
shap_feature_selection_extratrees_p1_20260529_183134,G1_thiram_molar_grade,Thiram Positive Molar Grade,8,1137,1537.0,0
shap_feature_selection_extratrees_p1_20260529_183134,G1_thiram_molar_grade,Thiram Positive Molar Grade,8,1138,1538.0,0
shap_feature_selection_extratrees_p1_20260529_183134,G1_thiram_molar_grade,Thiram Positive Molar Grade,8,1139,1539.0,0
shap_feature_selection_extratrees_p1_20260529_183134,G1_thiram_molar_grade,Thiram Positive Molar Grade,8,1140,1540.0,0
shap_feature_selection_extratrees_p1_20260529_183134,G1_thiram_molar_grade,Thiram Positive Molar Grade,8,1141,1541.0,0
shap_feature_selection_extratrees_p1_20260529_183134,G1_thiram_molar_grade,Thiram Positive Molar Grade,8,1142,1542.0,0
shap_feature_selection_extratrees_p1_20260529_183134,G1_thiram_molar_grade,Thiram Positive Molar Grade,8,1143,1543.0,0
shap_feature_selection_extratrees_p1_20260529_183134,G1_thiram_molar_grade,Thiram Positive Molar Grade,8,1144,1544.0,0
shap_feature_selection_extratrees_p1_20260529_183134,G1_thiram_molar_grade,Thiram Positive Molar Grade,8,1145,1545.0,0
shap_feature_selection_extratrees_p1_20260529_183134,G1_thiram_molar_grade,Thiram Positive Molar Grade,8,1146,1546.0,0
shap_feature_selection_extratrees_p1_20260529_183134,G1_thiram_molar_grade,Thiram Positive Molar Grade,8,1147,1547.0,0
shap_feature_selection_extratrees_p1_20260529_183134,G1_thiram_molar_grade,Thiram Positive Molar Grade,8,1148,1548.0,0
shap_feature_selection_extratrees_p1_20260529_183134,G1_thiram_molar_grade,Thiram Positive Molar Grade,8,1149,1549.0,0
shap_feature_selection_extratrees_p1_20260529_183134,G1_thiram_molar_grade,Thiram Positive Molar Grade,8,1150,1550.0,0
shap_feature_selection_extratrees_p1_20260529_183134,G1_thiram_molar_grade,Thiram Positive Molar Grade,8,1151,1551.0,0
shap_feature_selection_extratrees_p1_20260529_183134,G1_thiram_molar_grade,Thiram Positive Molar Grade,8,1152,1552.0,0
shap_feature_selection_extratrees_p1_20260529_183134,G1_thiram_molar_grade,Thiram Positive Molar Grade,8,1153,1553.0,0
shap_feature_selection_extratrees_p1_20260529_183134,G1_thiram_molar_grade,Thiram Positive Molar Grade,8,1154,1554.0,0
shap_feature_selection_extratrees_p1_20260529_183134,G1_thiram_molar_grade,Thiram Positive Molar Grade,8,1155,1555.0,0
shap_feature_selection_extratrees_p1_20260529_183134,G1_thiram_molar_grade,Thiram Positive Molar Grade,8,1156,1556.0,0
shap_feature_selection_extratrees_p1_20260529_183134,G1_thiram_molar_grade,Thiram Positive Molar Grade,8,1157,1557.0,0
shap_feature_selection_extratrees_p1_20260529_183134,G1_thiram_molar_grade,Thiram Positive Molar Grade,8,1158,1558.0,0
shap_feature_selection_extratrees_p1_20260529_183134,G1_thiram_molar_grade,Thiram Positive Molar Grade,8,1159,1559.0,0
shap_feature_selection_extratrees_p1_20260529_183134,G1_thiram_molar_grade,Thiram Positive Molar Grade,8,1160,1560.0,0
shap_feature_selection_extratrees_p1_20260529_183134,G1_thiram_molar_grade,Thiram Positive Molar Grade,8,1161,1561.0,0
shap_feature_selection_extratrees_p1_20260529_183134,G1_thiram_molar_grade,Thiram Positive Molar Grade,8,1162,1562.0,0
shap_feature_selection_extratrees_p1_20260529_183134,G1_thiram_molar_grade,Thiram Positive Molar Grade,8,1163,1563.0,0
shap_feature_selection_extratrees_p1_20260529_183134,G1_thiram_molar_grade,Thiram Positive Molar Grade,8,1164,1564.0,0
shap_feature_selection_extratrees_p1_20260529_183134,G1_thiram_molar_grade,Thiram Positive Molar Grade,8,1165,1565.0,0
shap_feature_selection_extratrees_p1_20260529_183134,G1_thiram_molar_grade,Thiram Positive Molar Grade,8,1166,1566.0,0
shap_feature_selection_extratrees_p1_20260529_183134,G1_thiram_molar_grade,Thiram Positive Molar Grade,8,1167,1567.0,0
shap_feature_selection_extratrees_p1_20260529_183134,G1_thiram_molar_grade,Thiram Positive Molar Grade,8,1168,1568.0,0
shap_feature_selection_extratrees_p1_20260529_183134,G1_thiram_molar_grade,Thiram Positive Molar Grade,8,1169,1569.0,0
shap_feature_selection_extratrees_p1_20260529_183134,G1_thiram_molar_grade,Thiram Positive Molar Grade,8,1170,1570.0,1
shap_feature_selection_extratrees_p1_20260529_183134,G1_thiram_molar_grade,Thiram Positive Molar Grade,8,1171,1571.0,0
shap_feature_selection_extratrees_p1_20260529_183134,G1_thiram_molar_grade,Thiram Positive Molar Grade,8,1172,1572.0,0
shap_feature_selection_extratrees_p1_20260529_183134,G1_thiram_molar_grade,Thiram Positive Molar Grade,8,1173,1573.0,0
shap_feature_selection_extratrees_p1_20260529_183134,G1_thiram_molar_grade,Thiram Positive Molar Grade,8,1174,1574.0,0
shap_feature_selection_extratrees_p1_20260529_183134,G1_thiram_molar_grade,Thiram Positive Molar Grade,8,1175,1575.0,0
shap_feature_selection_extratrees_p1_20260529_183134,G1_thiram_molar_grade,Thiram Positive Molar Grade,8,1176,1576.0,0
shap_feature_selection_extratrees_p1_20260529_183134,G1_thiram_molar_grade,Thiram Positive Molar Grade,8,1177,1577.0,0
shap_feature_selection_extratrees_p1_20260529_183134,G1_thiram_molar_grade,Thiram Positive Molar Grade,8,1178,1578.0,0
shap_feature_selection_extratrees_p1_20260529_183134,G1_thiram_molar_grade,Thiram Positive Molar Grade,8,1179,1579.0,0
shap_feature_selection_extratrees_p1_20260529_183134,G1_thiram_molar_grade,Thiram Positive Molar Grade,8,1180,1580.0,0
shap_feature_selection_extratrees_p1_20260529_183134,G1_thiram_molar_grade,Thiram Positive Molar Grade,8,1181,1581.0,0
shap_feature_selection_extratrees_p1_20260529_183134,G1_thiram_molar_grade,Thiram Positive Molar Grade,8,1182,1582.0,0
shap_feature_selection_extratrees_p1_20260529_183134,G1_thiram_molar_grade,Thiram Positive Molar Grade,8,1183,1583.0,0
shap_feature_selection_extratrees_p1_20260529_183134,G1_thiram_molar_grade,Thiram Positive Molar Grade,8,1184,1584.0,0
shap_feature_selection_extratrees_p1_20260529_183134,G1_thiram_molar_grade,Thiram Positive Molar Grade,8,1185,1585.0,0
shap_feature_selection_extratrees_p1_20260529_183134,G1_thiram_molar_grade,Thiram Positive Molar Grade,8,1186,1586.0,0
shap_feature_selection_extratrees_p1_20260529_183134,G1_thiram_molar_grade,Thiram Positive Molar Grade,8,1187,1587.0,0
shap_feature_selection_extratrees_p1_20260529_183134,G1_thiram_molar_grade,Thiram Positive Molar Grade,8,1188,1588.0,0
shap_feature_selection_extratrees_p1_20260529_183134,G1_thiram_molar_grade,Thiram Positive Molar Grade,8,1189,1589.0,0
shap_feature_selection_extratrees_p1_20260529_183134,G1_thiram_molar_grade,Thiram Positive Molar Grade,8,1190,1590.0,0
shap_feature_selection_extratrees_p1_20260529_183134,G1_thiram_molar_grade,Thiram Positive Molar Grade,8,1191,1591.0,0
shap_feature_selection_extratrees_p1_20260529_183134,G1_thiram_molar_grade,Thiram Positive Molar Grade,8,1192,1592.0,0
shap_feature_selection_extratrees_p1_20260529_183134,G1_thiram_molar_grade,Thiram Positive Molar Grade,8,1193,1593.0,0
shap_feature_selection_extratrees_p1_20260529_183134,G1_thiram_molar_grade,Thiram Positive Molar Grade,8,1194,1594.0,0
shap_feature_selection_extratrees_p1_20260529_183134,G1_thiram_molar_grade,Thiram Positive Molar Grade,8,1195,1595.0,0
shap_feature_selection_extratrees_p1_20260529_183134,G1_thiram_molar_grade,Thiram Positive Molar Grade,8,1196,1596.0,0
shap_feature_selection_extratrees_p1_20260529_183134,G1_thiram_molar_grade,Thiram Positive Molar Grade,8,1197,1597.0,0
shap_feature_selection_extratrees_p1_20260529_183134,G1_thiram_molar_grade,Thiram Positive Molar Grade,8,1198,1598.0,0
shap_feature_selection_extratrees_p1_20260529_183134,G1_thiram_molar_grade,Thiram Positive Molar Grade,8,1199,1599.0,0
shap_feature_selection_extratrees_p1_20260529_183134,G1_thiram_molar_grade,Thiram Positive Molar Grade,8,1200,1600.0,0
shap_feature_selection_extratrees_p1_20260529_183134,G1_thiram_molar_grade,Thiram Positive Molar Grade,8,1201,1601.0,0
shap_feature_selection_extratrees_p1_20260529_183134,G1_thiram_molar_grade,Thiram Positive Molar Grade,8,1202,1602.0,0
shap_feature_selection_extratrees_p1_20260529_183134,G1_thiram_molar_grade,Thiram Positive Molar Grade,8,1203,1603.0,0
shap_feature_selection_extratrees_p1_20260529_183134,G1_thiram_molar_grade,Thiram Positive Molar Grade,8,1204,1604.0,0
shap_feature_selection_extratrees_p1_20260529_183134,G1_thiram_molar_grade,Thiram Positive Molar Grade,8,1205,1605.0,1
shap_feature_selection_extratrees_p1_20260529_183134,G1_thiram_molar_grade,Thiram Positive Molar Grade,8,1206,1606.0,0
shap_feature_selection_extratrees_p1_20260529_183134,G1_thiram_molar_grade,Thiram Positive Molar Grade,8,1207,1607.0,0
shap_feature_selection_extratrees_p1_20260529_183134,G1_thiram_molar_grade,Thiram Positive Molar Grade,8,1208,1608.0,0
shap_feature_selection_extratrees_p1_20260529_183134,G1_thiram_molar_grade,Thiram Positive Molar Grade,8,1209,1609.0,0
shap_feature_selection_extratrees_p1_20260529_183134,G1_thiram_molar_grade,Thiram Positive Molar Grade,8,1210,1610.0,0
shap_feature_selection_extratrees_p1_20260529_183134,G1_thiram_molar_grade,Thiram Positive Molar Grade,8,1211,1611.0,0
shap_feature_selection_extratrees_p1_20260529_183134,G1_thiram_molar_grade,Thiram Positive Molar Grade,8,1212,1612.0,0
shap_feature_selection_extratrees_p1_20260529_183134,G1_thiram_molar_grade,Thiram Positive Molar Grade,8,1213,1613.0,0
shap_feature_selection_extratrees_p1_20260529_183134,G1_thiram_molar_grade,Thiram Positive Molar Grade,8,1214,1614.0,0
shap_feature_selection_extratrees_p1_20260529_183134,G1_thiram_molar_grade,Thiram Positive Molar Grade,8,1215,1615.0,0
shap_feature_selection_extratrees_p1_20260529_183134,G1_thiram_molar_grade,Thiram Positive Molar Grade,8,1216,1616.0,0
shap_feature_selection_extratrees_p1_20260529_183134,G1_thiram_molar_grade,Thiram Positive Molar Grade,8,1217,1617.0,0
shap_feature_selection_extratrees_p1_20260529_183134,G1_thiram_molar_grade,Thiram Positive Molar Grade,8,1218,1618.0,0
shap_feature_selection_extratrees_p1_20260529_183134,G1_thiram_molar_grade,Thiram Positive Molar Grade,8,1219,1619.0,0
shap_feature_selection_extratrees_p1_20260529_183134,G1_thiram_molar_grade,Thiram Positive Molar Grade,8,1220,1620.0,0
shap_feature_selection_extratrees_p1_20260529_183134,G1_thiram_molar_grade,Thiram Positive Molar Grade,8,1221,1621.0,0
shap_feature_selection_extratrees_p1_20260529_183134,G1_thiram_molar_grade,Thiram Positive Molar Grade,8,1222,1622.0,0
shap_feature_selection_extratrees_p1_20260529_183134,G1_thiram_molar_grade,Thiram Positive Molar Grade,8,1223,1623.0,0
shap_feature_selection_extratrees_p1_20260529_183134,G1_thiram_molar_grade,Thiram Positive Molar Grade,8,1224,1624.0,0
shap_feature_selection_extratrees_p1_20260529_183134,G1_thiram_molar_grade,Thiram Positive Molar Grade,8,1225,1625.0,0
shap_feature_selection_extratrees_p1_20260529_183134,G1_thiram_molar_grade,Thiram Positive Molar Grade,8,1226,1626.0,0
shap_feature_selection_extratrees_p1_20260529_183134,G1_thiram_molar_grade,Thiram Positive Molar Grade,8,1227,1627.0,0
shap_feature_selection_extratrees_p1_20260529_183134,G1_thiram_molar_grade,Thiram Positive Molar Grade,8,1228,1628.0,0
shap_feature_selection_extratrees_p1_20260529_183134,G1_thiram_molar_grade,Thiram Positive Molar Grade,8,1229,1629.0,0
shap_feature_selection_extratrees_p1_20260529_183134,G1_thiram_molar_grade,Thiram Positive Molar Grade,8,1230,1630.0,0
shap_feature_selection_extratrees_p1_20260529_183134,G1_thiram_molar_grade,Thiram Positive Molar Grade,8,1231,1631.0,0
shap_feature_selection_extratrees_p1_20260529_183134,G1_thiram_molar_grade,Thiram Positive Molar Grade,8,1232,1632.0,0
shap_feature_selection_extratrees_p1_20260529_183134,G1_thiram_molar_grade,Thiram Positive Molar Grade,8,1233,1633.0,0
shap_feature_selection_extratrees_p1_20260529_183134,G1_thiram_molar_grade,Thiram Positive Molar Grade,8,1234,1634.0,0
shap_feature_selection_extratrees_p1_20260529_183134,G1_thiram_molar_grade,Thiram Positive Molar Grade,8,1235,1635.0,0
shap_feature_selection_extratrees_p1_20260529_183134,G1_thiram_molar_grade,Thiram Positive Molar Grade,8,1236,1636.0,0
shap_feature_selection_extratrees_p1_20260529_183134,G1_thiram_molar_grade,Thiram Positive Molar Grade,8,1237,1637.0,0
shap_feature_selection_extratrees_p1_20260529_183134,G1_thiram_molar_grade,Thiram Positive Molar Grade,8,1238,1638.0,0
shap_feature_selection_extratrees_p1_20260529_183134,G1_thiram_molar_grade,Thiram Positive Molar Grade,8,1239,1639.0,0
shap_feature_selection_extratrees_p1_20260529_183134,G1_thiram_molar_grade,Thiram Positive Molar Grade,8,1240,1640.0,0
shap_feature_selection_extratrees_p1_20260529_183134,G1_thiram_molar_grade,Thiram Positive Molar Grade,8,1241,1641.0,0
shap_feature_selection_extratrees_p1_20260529_183134,G1_thiram_molar_grade,Thiram Positive Molar Grade,8,1242,1642.0,0
shap_feature_selection_extratrees_p1_20260529_183134,G1_thiram_molar_grade,Thiram Positive Molar Grade,8,1243,1643.0,0
shap_feature_selection_extratrees_p1_20260529_183134,G1_thiram_molar_grade,Thiram Positive Molar Grade,8,1244,1644.0,0
shap_feature_selection_extratrees_p1_20260529_183134,G1_thiram_molar_grade,Thiram Positive Molar Grade,8,1245,1645.0,0
shap_feature_selection_extratrees_p1_20260529_183134,G1_thiram_molar_grade,Thiram Positive Molar Grade,8,1246,1646.0,0
shap_feature_selection_extratrees_p1_20260529_183134,G1_thiram_molar_grade,Thiram Positive Molar Grade,8,1247,1647.0,0
shap_feature_selection_extratrees_p1_20260529_183134,G1_thiram_molar_grade,Thiram Positive Molar Grade,8,1248,1648.0,0
shap_feature_selection_extratrees_p1_20260529_183134,G1_thiram_molar_grade,Thiram Positive Molar Grade,8,1249,1649.0,0
shap_feature_selection_extratrees_p1_20260529_183134,G1_thiram_molar_grade,Thiram Positive Molar Grade,8,1250,1650.0,0
shap_feature_selection_extratrees_p1_20260529_183134,G1_thiram_molar_grade,Thiram Positive Molar Grade,8,1251,1651.0,0
shap_feature_selection_extratrees_p1_20260529_183134,G1_thiram_molar_grade,Thiram Positive Molar Grade,8,1252,1652.0,0
shap_feature_selection_extratrees_p1_20260529_183134,G1_thiram_molar_grade,Thiram Positive Molar Grade,8,1253,1653.0,0
shap_feature_selection_extratrees_p1_20260529_183134,G1_thiram_molar_grade,Thiram Positive Molar Grade,8,1254,1654.0,0
shap_feature_selection_extratrees_p1_20260529_183134,G1_thiram_molar_grade,Thiram Positive Molar Grade,8,1255,1655.0,0
shap_feature_selection_extratrees_p1_20260529_183134,G1_thiram_molar_grade,Thiram Positive Molar Grade,8,1256,1656.0,0
shap_feature_selection_extratrees_p1_20260529_183134,G1_thiram_molar_grade,Thiram Positive Molar Grade,8,1257,1657.0,0
shap_feature_selection_extratrees_p1_20260529_183134,G1_thiram_molar_grade,Thiram Positive Molar Grade,8,1258,1658.0,0
shap_feature_selection_extratrees_p1_20260529_183134,G1_thiram_molar_grade,Thiram Positive Molar Grade,8,1259,1659.0,0
shap_feature_selection_extratrees_p1_20260529_183134,G1_thiram_molar_grade,Thiram Positive Molar Grade,8,1260,1660.0,0
shap_feature_selection_extratrees_p1_20260529_183134,G1_thiram_molar_grade,Thiram Positive Molar Grade,8,1261,1661.0,0
shap_feature_selection_extratrees_p1_20260529_183134,G1_thiram_molar_grade,Thiram Positive Molar Grade,8,1262,1662.0,0
shap_feature_selection_extratrees_p1_20260529_183134,G1_thiram_molar_grade,Thiram Positive Molar Grade,8,1263,1663.0,0
shap_feature_selection_extratrees_p1_20260529_183134,G1_thiram_molar_grade,Thiram Positive Molar Grade,8,1264,1664.0,0
shap_feature_selection_extratrees_p1_20260529_183134,G1_thiram_molar_grade,Thiram Positive Molar Grade,8,1265,1665.0,0
shap_feature_selection_extratrees_p1_20260529_183134,G1_thiram_molar_grade,Thiram Positive Molar Grade,8,1266,1666.0,0
shap_feature_selection_extratrees_p1_20260529_183134,G1_thiram_molar_grade,Thiram Positive Molar Grade,8,1267,1667.0,0
shap_feature_selection_extratrees_p1_20260529_183134,G1_thiram_molar_grade,Thiram Positive Molar Grade,8,1268,1668.0,0
shap_feature_selection_extratrees_p1_20260529_183134,G1_thiram_molar_grade,Thiram Positive Molar Grade,8,1269,1669.0,0
shap_feature_selection_extratrees_p1_20260529_183134,G1_thiram_molar_grade,Thiram Positive Molar Grade,8,1270,1670.0,0
shap_feature_selection_extratrees_p1_20260529_183134,G1_thiram_molar_grade,Thiram Positive Molar Grade,8,1271,1671.0,0
shap_feature_selection_extratrees_p1_20260529_183134,G1_thiram_molar_grade,Thiram Positive Molar Grade,8,1272,1672.0,0
shap_feature_selection_extratrees_p1_20260529_183134,G1_thiram_molar_grade,Thiram Positive Molar Grade,8,1273,1673.0,0
shap_feature_selection_extratrees_p1_20260529_183134,G1_thiram_molar_grade,Thiram Positive Molar Grade,8,1274,1674.0,0
shap_feature_selection_extratrees_p1_20260529_183134,G1_thiram_molar_grade,Thiram Positive Molar Grade,8,1275,1675.0,0
shap_feature_selection_extratrees_p1_20260529_183134,G1_thiram_molar_grade,Thiram Positive Molar Grade,8,1276,1676.0,0
shap_feature_selection_extratrees_p1_20260529_183134,G1_thiram_molar_grade,Thiram Positive Molar Grade,8,1277,1677.0,0
shap_feature_selection_extratrees_p1_20260529_183134,G1_thiram_molar_grade,Thiram Positive Molar Grade,8,1278,1678.0,0
shap_feature_selection_extratrees_p1_20260529_183134,G1_thiram_molar_grade,Thiram Positive Molar Grade,8,1279,1679.0,0
shap_feature_selection_extratrees_p1_20260529_183134,G1_thiram_molar_grade,Thiram Positive Molar Grade,8,1280,1680.0,0
shap_feature_selection_extratrees_p1_20260529_183134,G1_thiram_molar_grade,Thiram Positive Molar Grade,8,1281,1681.0,0
shap_feature_selection_extratrees_p1_20260529_183134,G1_thiram_molar_grade,Thiram Positive Molar Grade,8,1282,1682.0,0
shap_feature_selection_extratrees_p1_20260529_183134,G1_thiram_molar_grade,Thiram Positive Molar Grade,8,1283,1683.0,0
shap_feature_selection_extratrees_p1_20260529_183134,G1_thiram_molar_grade,Thiram Positive Molar Grade,8,1284,1684.0,0
shap_feature_selection_extratrees_p1_20260529_183134,G1_thiram_molar_grade,Thiram Positive Molar Grade,8,1285,1685.0,0
shap_feature_selection_extratrees_p1_20260529_183134,G1_thiram_molar_grade,Thiram Positive Molar Grade,8,1286,1686.0,0
shap_feature_selection_extratrees_p1_20260529_183134,G1_thiram_molar_grade,Thiram Positive Molar Grade,8,1287,1687.0,0
shap_feature_selection_extratrees_p1_20260529_183134,G1_thiram_molar_grade,Thiram Positive Molar Grade,8,1288,1688.0,0
shap_feature_selection_extratrees_p1_20260529_183134,G1_thiram_molar_grade,Thiram Positive Molar Grade,8,1289,1689.0,0
shap_feature_selection_extratrees_p1_20260529_183134,G1_thiram_molar_grade,Thiram Positive Molar Grade,8,1290,1690.0,0
shap_feature_selection_extratrees_p1_20260529_183134,G1_thiram_molar_grade,Thiram Positive Molar Grade,8,1291,1691.0,0
shap_feature_selection_extratrees_p1_20260529_183134,G1_thiram_molar_grade,Thiram Positive Molar Grade,8,1292,1692.0,0
shap_feature_selection_extratrees_p1_20260529_183134,G1_thiram_molar_grade,Thiram Positive Molar Grade,8,1293,1693.0,0
shap_feature_selection_extratrees_p1_20260529_183134,G1_thiram_molar_grade,Thiram Positive Molar Grade,8,1294,1694.0,0
shap_feature_selection_extratrees_p1_20260529_183134,G1_thiram_molar_grade,Thiram Positive Molar Grade,8,1295,1695.0,0
shap_feature_selection_extratrees_p1_20260529_183134,G1_thiram_molar_grade,Thiram Positive Molar Grade,8,1296,1696.0,0
shap_feature_selection_extratrees_p1_20260529_183134,G1_thiram_molar_grade,Thiram Positive Molar Grade,8,1297,1697.0,0
shap_feature_selection_extratrees_p1_20260529_183134,G1_thiram_molar_grade,Thiram Positive Molar Grade,8,1298,1698.0,0
shap_feature_selection_extratrees_p1_20260529_183134,G1_thiram_molar_grade,Thiram Positive Molar Grade,8,1299,1699.0,0
shap_feature_selection_extratrees_p1_20260529_183134,G1_thiram_molar_grade,Thiram Positive Molar Grade,8,1300,1700.0,0
shap_feature_selection_extratrees_p1_20260529_183134,G1_thiram_molar_grade,Thiram Positive Molar Grade,8,1301,1701.0,0
shap_feature_selection_extratrees_p1_20260529_183134,G1_thiram_molar_grade,Thiram Positive Molar Grade,8,1302,1702.0,0
shap_feature_selection_extratrees_p1_20260529_183134,G1_thiram_molar_grade,Thiram Positive Molar Grade,8,1303,1703.0,0
shap_feature_selection_extratrees_p1_20260529_183134,G1_thiram_molar_grade,Thiram Positive Molar Grade,8,1304,1704.0,0
shap_feature_selection_extratrees_p1_20260529_183134,G1_thiram_molar_grade,Thiram Positive Molar Grade,8,1305,1705.0,0
shap_feature_selection_extratrees_p1_20260529_183134,G1_thiram_molar_grade,Thiram Positive Molar Grade,8,1306,1706.0,0
shap_feature_selection_extratrees_p1_20260529_183134,G1_thiram_molar_grade,Thiram Positive Molar Grade,8,1307,1707.0,0
shap_feature_selection_extratrees_p1_20260529_183134,G1_thiram_molar_grade,Thiram Positive Molar Grade,8,1308,1708.0,0
shap_feature_selection_extratrees_p1_20260529_183134,G1_thiram_molar_grade,Thiram Positive Molar Grade,8,1309,1709.0,0
shap_feature_selection_extratrees_p1_20260529_183134,G1_thiram_molar_grade,Thiram Positive Molar Grade,8,1310,1710.0,0
shap_feature_selection_extratrees_p1_20260529_183134,G1_thiram_molar_grade,Thiram Positive Molar Grade,8,1311,1711.0,0
shap_feature_selection_extratrees_p1_20260529_183134,G1_thiram_molar_grade,Thiram Positive Molar Grade,8,1312,1712.0,0
shap_feature_selection_extratrees_p1_20260529_183134,G1_thiram_molar_grade,Thiram Positive Molar Grade,8,1313,1713.0,0
shap_feature_selection_extratrees_p1_20260529_183134,G1_thiram_molar_grade,Thiram Positive Molar Grade,8,1314,1714.0,0
shap_feature_selection_extratrees_p1_20260529_183134,G1_thiram_molar_grade,Thiram Positive Molar Grade,8,1315,1715.0,0
shap_feature_selection_extratrees_p1_20260529_183134,G1_thiram_molar_grade,Thiram Positive Molar Grade,8,1316,1716.0,0
shap_feature_selection_extratrees_p1_20260529_183134,G1_thiram_molar_grade,Thiram Positive Molar Grade,8,1317,1717.0,0
shap_feature_selection_extratrees_p1_20260529_183134,G1_thiram_molar_grade,Thiram Positive Molar Grade,8,1318,1718.0,0
shap_feature_selection_extratrees_p1_20260529_183134,G1_thiram_molar_grade,Thiram Positive Molar Grade,8,1319,1719.0,0
shap_feature_selection_extratrees_p1_20260529_183134,G1_thiram_molar_grade,Thiram Positive Molar Grade,8,1320,1720.0,0
shap_feature_selection_extratrees_p1_20260529_183134,G1_thiram_molar_grade,Thiram Positive Molar Grade,8,1321,1721.0,0
shap_feature_selection_extratrees_p1_20260529_183134,G1_thiram_molar_grade,Thiram Positive Molar Grade,8,1322,1722.0,0
shap_feature_selection_extratrees_p1_20260529_183134,G1_thiram_molar_grade,Thiram Positive Molar Grade,8,1323,1723.0,0
shap_feature_selection_extratrees_p1_20260529_183134,G1_thiram_molar_grade,Thiram Positive Molar Grade,8,1324,1724.0,0
shap_feature_selection_extratrees_p1_20260529_183134,G1_thiram_molar_grade,Thiram Positive Molar Grade,8,1325,1725.0,0
shap_feature_selection_extratrees_p1_20260529_183134,G1_thiram_molar_grade,Thiram Positive Molar Grade,8,1326,1726.0,0
shap_feature_selection_extratrees_p1_20260529_183134,G1_thiram_molar_grade,Thiram Positive Molar Grade,8,1327,1727.0,0
shap_feature_selection_extratrees_p1_20260529_183134,G1_thiram_molar_grade,Thiram Positive Molar Grade,8,1328,1728.0,0
shap_feature_selection_extratrees_p1_20260529_183134,G1_thiram_molar_grade,Thiram Positive Molar Grade,8,1329,1729.0,0
shap_feature_selection_extratrees_p1_20260529_183134,G1_thiram_molar_grade,Thiram Positive Molar Grade,8,1330,1730.0,0
shap_feature_selection_extratrees_p1_20260529_183134,G1_thiram_molar_grade,Thiram Positive Molar Grade,8,1331,1731.0,0
shap_feature_selection_extratrees_p1_20260529_183134,G1_thiram_molar_grade,Thiram Positive Molar Grade,8,1332,1732.0,0
shap_feature_selection_extratrees_p1_20260529_183134,G1_thiram_molar_grade,Thiram Positive Molar Grade,8,1333,1733.0,0
shap_feature_selection_extratrees_p1_20260529_183134,G1_thiram_molar_grade,Thiram Positive Molar Grade,8,1334,1734.0,0
shap_feature_selection_extratrees_p1_20260529_183134,G1_thiram_molar_grade,Thiram Positive Molar Grade,8,1335,1735.0,0
shap_feature_selection_extratrees_p1_20260529_183134,G1_thiram_molar_grade,Thiram Positive Molar Grade,8,1336,1736.0,0
shap_feature_selection_extratrees_p1_20260529_183134,G1_thiram_molar_grade,Thiram Positive Molar Grade,8,1337,1737.0,0
shap_feature_selection_extratrees_p1_20260529_183134,G1_thiram_molar_grade,Thiram Positive Molar Grade,8,1338,1738.0,0
shap_feature_selection_extratrees_p1_20260529_183134,G1_thiram_molar_grade,Thiram Positive Molar Grade,8,1339,1739.0,0
shap_feature_selection_extratrees_p1_20260529_183134,G1_thiram_molar_grade,Thiram Positive Molar Grade,8,1340,1740.0,0
shap_feature_selection_extratrees_p1_20260529_183134,G1_thiram_molar_grade,Thiram Positive Molar Grade,8,1341,1741.0,0
shap_feature_selection_extratrees_p1_20260529_183134,G1_thiram_molar_grade,Thiram Positive Molar Grade,8,1342,1742.0,0
shap_feature_selection_extratrees_p1_20260529_183134,G1_thiram_molar_grade,Thiram Positive Molar Grade,8,1343,1743.0,0
shap_feature_selection_extratrees_p1_20260529_183134,G1_thiram_molar_grade,Thiram Positive Molar Grade,8,1344,1744.0,0
shap_feature_selection_extratrees_p1_20260529_183134,G1_thiram_molar_grade,Thiram Positive Molar Grade,8,1345,1745.0,0
shap_feature_selection_extratrees_p1_20260529_183134,G1_thiram_molar_grade,Thiram Positive Molar Grade,8,1346,1746.0,0
shap_feature_selection_extratrees_p1_20260529_183134,G1_thiram_molar_grade,Thiram Positive Molar Grade,8,1347,1747.0,0
shap_feature_selection_extratrees_p1_20260529_183134,G1_thiram_molar_grade,Thiram Positive Molar Grade,8,1348,1748.0,0
shap_feature_selection_extratrees_p1_20260529_183134,G1_thiram_molar_grade,Thiram Positive Molar Grade,8,1349,1749.0,0
shap_feature_selection_extratrees_p1_20260529_183134,G1_thiram_molar_grade,Thiram Positive Molar Grade,8,1350,1750.0,0
shap_feature_selection_extratrees_p1_20260529_183134,G1_thiram_molar_grade,Thiram Positive Molar Grade,8,1351,1751.0,0
shap_feature_selection_extratrees_p1_20260529_183134,G1_thiram_molar_grade,Thiram Positive Molar Grade,8,1352,1752.0,0
shap_feature_selection_extratrees_p1_20260529_183134,G1_thiram_molar_grade,Thiram Positive Molar Grade,8,1353,1753.0,0
shap_feature_selection_extratrees_p1_20260529_183134,G1_thiram_molar_grade,Thiram Positive Molar Grade,8,1354,1754.0,0
shap_feature_selection_extratrees_p1_20260529_183134,G1_thiram_molar_grade,Thiram Positive Molar Grade,8,1355,1755.0,0
shap_feature_selection_extratrees_p1_20260529_183134,G1_thiram_molar_grade,Thiram Positive Molar Grade,8,1356,1756.0,0
shap_feature_selection_extratrees_p1_20260529_183134,G1_thiram_molar_grade,Thiram Positive Molar Grade,8,1357,1757.0,0
shap_feature_selection_extratrees_p1_20260529_183134,G1_thiram_molar_grade,Thiram Positive Molar Grade,8,1358,1758.0,0
shap_feature_selection_extratrees_p1_20260529_183134,G1_thiram_molar_grade,Thiram Positive Molar Grade,8,1359,1759.0,0
shap_feature_selection_extratrees_p1_20260529_183134,G1_thiram_molar_grade,Thiram Positive Molar Grade,8,1360,1760.0,0
shap_feature_selection_extratrees_p1_20260529_183134,G1_thiram_molar_grade,Thiram Positive Molar Grade,8,1361,1761.0,0
shap_feature_selection_extratrees_p1_20260529_183134,G1_thiram_molar_grade,Thiram Positive Molar Grade,8,1362,1762.0,0
shap_feature_selection_extratrees_p1_20260529_183134,G1_thiram_molar_grade,Thiram Positive Molar Grade,8,1363,1763.0,0
shap_feature_selection_extratrees_p1_20260529_183134,G1_thiram_molar_grade,Thiram Positive Molar Grade,8,1364,1764.0,0
shap_feature_selection_extratrees_p1_20260529_183134,G1_thiram_molar_grade,Thiram Positive Molar Grade,8,1365,1765.0,0
shap_feature_selection_extratrees_p1_20260529_183134,G1_thiram_molar_grade,Thiram Positive Molar Grade,8,1366,1766.0,0
shap_feature_selection_extratrees_p1_20260529_183134,G1_thiram_molar_grade,Thiram Positive Molar Grade,8,1367,1767.0,0
shap_feature_selection_extratrees_p1_20260529_183134,G1_thiram_molar_grade,Thiram Positive Molar Grade,8,1368,1768.0,0
shap_feature_selection_extratrees_p1_20260529_183134,G1_thiram_molar_grade,Thiram Positive Molar Grade,8,1369,1769.0,0
shap_feature_selection_extratrees_p1_20260529_183134,G1_thiram_molar_grade,Thiram Positive Molar Grade,8,1370,1770.0,0
shap_feature_selection_extratrees_p1_20260529_183134,G1_thiram_molar_grade,Thiram Positive Molar Grade,8,1371,1771.0,0
shap_feature_selection_extratrees_p1_20260529_183134,G1_thiram_molar_grade,Thiram Positive Molar Grade,8,1372,1772.0,0
shap_feature_selection_extratrees_p1_20260529_183134,G1_thiram_molar_grade,Thiram Positive Molar Grade,8,1373,1773.0,0
shap_feature_selection_extratrees_p1_20260529_183134,G1_thiram_molar_grade,Thiram Positive Molar Grade,8,1374,1774.0,0
shap_feature_selection_extratrees_p1_20260529_183134,G1_thiram_molar_grade,Thiram Positive Molar Grade,8,1375,1775.0,0
shap_feature_selection_extratrees_p1_20260529_183134,G1_thiram_molar_grade,Thiram Positive Molar Grade,8,1376,1776.0,0
shap_feature_selection_extratrees_p1_20260529_183134,G1_thiram_molar_grade,Thiram Positive Molar Grade,8,1377,1777.0,0
shap_feature_selection_extratrees_p1_20260529_183134,G1_thiram_molar_grade,Thiram Positive Molar Grade,8,1378,1778.0,1
shap_feature_selection_extratrees_p1_20260529_183134,G1_thiram_molar_grade,Thiram Positive Molar Grade,8,1379,1779.0,1
shap_feature_selection_extratrees_p1_20260529_183134,G1_thiram_molar_grade,Thiram Positive Molar Grade,8,1380,1780.0,0
shap_feature_selection_extratrees_p1_20260529_183134,G1_thiram_molar_grade,Thiram Positive Molar Grade,8,1381,1781.0,0
shap_feature_selection_extratrees_p1_20260529_183134,G1_thiram_molar_grade,Thiram Positive Molar Grade,8,1382,1782.0,0
shap_feature_selection_extratrees_p1_20260529_183134,G1_thiram_molar_grade,Thiram Positive Molar Grade,8,1383,1783.0,0
shap_feature_selection_extratrees_p1_20260529_183134,G1_thiram_molar_grade,Thiram Positive Molar Grade,8,1384,1784.0,0
shap_feature_selection_extratrees_p1_20260529_183134,G1_thiram_molar_grade,Thiram Positive Molar Grade,8,1385,1785.0,0
shap_feature_selection_extratrees_p1_20260529_183134,G1_thiram_molar_grade,Thiram Positive Molar Grade,8,1386,1786.0,0
shap_feature_selection_extratrees_p1_20260529_183134,G1_thiram_molar_grade,Thiram Positive Molar Grade,8,1387,1787.0,0
shap_feature_selection_extratrees_p1_20260529_183134,G1_thiram_molar_grade,Thiram Positive Molar Grade,8,1388,1788.0,0
shap_feature_selection_extratrees_p1_20260529_183134,G1_thiram_molar_grade,Thiram Positive Molar Grade,8,1389,1789.0,0
shap_feature_selection_extratrees_p1_20260529_183134,G1_thiram_molar_grade,Thiram Positive Molar Grade,8,1390,1790.0,0
shap_feature_selection_extratrees_p1_20260529_183134,G1_thiram_molar_grade,Thiram Positive Molar Grade,8,1391,1791.0,0
shap_feature_selection_extratrees_p1_20260529_183134,G1_thiram_molar_grade,Thiram Positive Molar Grade,8,1392,1792.0,0
shap_feature_selection_extratrees_p1_20260529_183134,G1_thiram_molar_grade,Thiram Positive Molar Grade,8,1393,1793.0,0
shap_feature_selection_extratrees_p1_20260529_183134,G1_thiram_molar_grade,Thiram Positive Molar Grade,8,1394,1794.0,0
shap_feature_selection_extratrees_p1_20260529_183134,G1_thiram_molar_grade,Thiram Positive Molar Grade,8,1395,1795.0,0
shap_feature_selection_extratrees_p1_20260529_183134,G1_thiram_molar_grade,Thiram Positive Molar Grade,8,1396,1796.0,0
shap_feature_selection_extratrees_p1_20260529_183134,G1_thiram_molar_grade,Thiram Positive Molar Grade,8,1397,1797.0,0
shap_feature_selection_extratrees_p1_20260529_183134,G1_thiram_molar_grade,Thiram Positive Molar Grade,8,1398,1798.0,0
shap_feature_selection_extratrees_p1_20260529_183134,G1_thiram_molar_grade,Thiram Positive Molar Grade,8,1399,1799.0,0
shap_feature_selection_extratrees_p1_20260529_183134,G1_thiram_molar_grade,Thiram Positive Molar Grade,8,1400,1800.0,1
shap_feature_selection_extratrees_p1_20260529_183134,G2_mg_molar_grade,MG Positive Molar Grade,8,0,400.0,0
shap_feature_selection_extratrees_p1_20260529_183134,G2_mg_molar_grade,MG Positive Molar Grade,8,1,401.0,0
shap_feature_selection_extratrees_p1_20260529_183134,G2_mg_molar_grade,MG Positive Molar Grade,8,2,402.0,0
shap_feature_selection_extratrees_p1_20260529_183134,G2_mg_molar_grade,MG Positive Molar Grade,8,3,403.0,0
shap_feature_selection_extratrees_p1_20260529_183134,G2_mg_molar_grade,MG Positive Molar Grade,8,4,404.0,0
shap_feature_selection_extratrees_p1_20260529_183134,G2_mg_molar_grade,MG Positive Molar Grade,8,5,405.0,0
shap_feature_selection_extratrees_p1_20260529_183134,G2_mg_molar_grade,MG Positive Molar Grade,8,6,406.0,0
shap_feature_selection_extratrees_p1_20260529_183134,G2_mg_molar_grade,MG Positive Molar Grade,8,7,407.0,0
shap_feature_selection_extratrees_p1_20260529_183134,G2_mg_molar_grade,MG Positive Molar Grade,8,8,408.0,0
shap_feature_selection_extratrees_p1_20260529_183134,G2_mg_molar_grade,MG Positive Molar Grade,8,9,409.0,0
shap_feature_selection_extratrees_p1_20260529_183134,G2_mg_molar_grade,MG Positive Molar Grade,8,10,410.0,0
shap_feature_selection_extratrees_p1_20260529_183134,G2_mg_molar_grade,MG Positive Molar Grade,8,11,411.0,0
shap_feature_selection_extratrees_p1_20260529_183134,G2_mg_molar_grade,MG Positive Molar Grade,8,12,412.0,0
shap_feature_selection_extratrees_p1_20260529_183134,G2_mg_molar_grade,MG Positive Molar Grade,8,13,413.0,0
shap_feature_selection_extratrees_p1_20260529_183134,G2_mg_molar_grade,MG Positive Molar Grade,8,14,414.0,0
shap_feature_selection_extratrees_p1_20260529_183134,G2_mg_molar_grade,MG Positive Molar Grade,8,15,415.0,0
shap_feature_selection_extratrees_p1_20260529_183134,G2_mg_molar_grade,MG Positive Molar Grade,8,16,416.0,0
shap_feature_selection_extratrees_p1_20260529_183134,G2_mg_molar_grade,MG Positive Molar Grade,8,17,417.0,0
shap_feature_selection_extratrees_p1_20260529_183134,G2_mg_molar_grade,MG Positive Molar Grade,8,18,418.0,0
shap_feature_selection_extratrees_p1_20260529_183134,G2_mg_molar_grade,MG Positive Molar Grade,8,19,419.0,1
shap_feature_selection_extratrees_p1_20260529_183134,G2_mg_molar_grade,MG Positive Molar Grade,8,20,420.0,0
shap_feature_selection_extratrees_p1_20260529_183134,G2_mg_molar_grade,MG Positive Molar Grade,8,21,421.0,0
shap_feature_selection_extratrees_p1_20260529_183134,G2_mg_molar_grade,MG Positive Molar Grade,8,22,422.0,0
shap_feature_selection_extratrees_p1_20260529_183134,G2_mg_molar_grade,MG Positive Molar Grade,8,23,423.0,0
shap_feature_selection_extratrees_p1_20260529_183134,G2_mg_molar_grade,MG Positive Molar Grade,8,24,424.0,0
shap_feature_selection_extratrees_p1_20260529_183134,G2_mg_molar_grade,MG Positive Molar Grade,8,25,425.0,0
shap_feature_selection_extratrees_p1_20260529_183134,G2_mg_molar_grade,MG Positive Molar Grade,8,26,426.0,0
shap_feature_selection_extratrees_p1_20260529_183134,G2_mg_molar_grade,MG Positive Molar Grade,8,27,427.0,0
shap_feature_selection_extratrees_p1_20260529_183134,G2_mg_molar_grade,MG Positive Molar Grade,8,28,428.0,0
shap_feature_selection_extratrees_p1_20260529_183134,G2_mg_molar_grade,MG Positive Molar Grade,8,29,429.0,0
shap_feature_selection_extratrees_p1_20260529_183134,G2_mg_molar_grade,MG Positive Molar Grade,8,30,430.0,0
shap_feature_selection_extratrees_p1_20260529_183134,G2_mg_molar_grade,MG Positive Molar Grade,8,31,431.0,0
shap_feature_selection_extratrees_p1_20260529_183134,G2_mg_molar_grade,MG Positive Molar Grade,8,32,432.0,0
shap_feature_selection_extratrees_p1_20260529_183134,G2_mg_molar_grade,MG Positive Molar Grade,8,33,433.0,0
shap_feature_selection_extratrees_p1_20260529_183134,G2_mg_molar_grade,MG Positive Molar Grade,8,34,434.0,0
shap_feature_selection_extratrees_p1_20260529_183134,G2_mg_molar_grade,MG Positive Molar Grade,8,35,435.0,0
shap_feature_selection_extratrees_p1_20260529_183134,G2_mg_molar_grade,MG Positive Molar Grade,8,36,436.0,0
shap_feature_selection_extratrees_p1_20260529_183134,G2_mg_molar_grade,MG Positive Molar Grade,8,37,437.0,0
shap_feature_selection_extratrees_p1_20260529_183134,G2_mg_molar_grade,MG Positive Molar Grade,8,38,438.0,0
shap_feature_selection_extratrees_p1_20260529_183134,G2_mg_molar_grade,MG Positive Molar Grade,8,39,439.0,0
shap_feature_selection_extratrees_p1_20260529_183134,G2_mg_molar_grade,MG Positive Molar Grade,8,40,440.0,0
shap_feature_selection_extratrees_p1_20260529_183134,G2_mg_molar_grade,MG Positive Molar Grade,8,41,441.0,0
shap_feature_selection_extratrees_p1_20260529_183134,G2_mg_molar_grade,MG Positive Molar Grade,8,42,442.0,0
shap_feature_selection_extratrees_p1_20260529_183134,G2_mg_molar_grade,MG Positive Molar Grade,8,43,443.0,0
shap_feature_selection_extratrees_p1_20260529_183134,G2_mg_molar_grade,MG Positive Molar Grade,8,44,444.0,0
shap_feature_selection_extratrees_p1_20260529_183134,G2_mg_molar_grade,MG Positive Molar Grade,8,45,445.0,0
shap_feature_selection_extratrees_p1_20260529_183134,G2_mg_molar_grade,MG Positive Molar Grade,8,46,446.0,0
shap_feature_selection_extratrees_p1_20260529_183134,G2_mg_molar_grade,MG Positive Molar Grade,8,47,447.0,0
shap_feature_selection_extratrees_p1_20260529_183134,G2_mg_molar_grade,MG Positive Molar Grade,8,48,448.0,0
shap_feature_selection_extratrees_p1_20260529_183134,G2_mg_molar_grade,MG Positive Molar Grade,8,49,449.0,0
shap_feature_selection_extratrees_p1_20260529_183134,G2_mg_molar_grade,MG Positive Molar Grade,8,50,450.0,0
shap_feature_selection_extratrees_p1_20260529_183134,G2_mg_molar_grade,MG Positive Molar Grade,8,51,451.0,0
shap_feature_selection_extratrees_p1_20260529_183134,G2_mg_molar_grade,MG Positive Molar Grade,8,52,452.0,0
shap_feature_selection_extratrees_p1_20260529_183134,G2_mg_molar_grade,MG Positive Molar Grade,8,53,453.0,0
shap_feature_selection_extratrees_p1_20260529_183134,G2_mg_molar_grade,MG Positive Molar Grade,8,54,454.0,0
shap_feature_selection_extratrees_p1_20260529_183134,G2_mg_molar_grade,MG Positive Molar Grade,8,55,455.0,0
shap_feature_selection_extratrees_p1_20260529_183134,G2_mg_molar_grade,MG Positive Molar Grade,8,56,456.0,0
shap_feature_selection_extratrees_p1_20260529_183134,G2_mg_molar_grade,MG Positive Molar Grade,8,57,457.0,0
shap_feature_selection_extratrees_p1_20260529_183134,G2_mg_molar_grade,MG Positive Molar Grade,8,58,458.0,0
shap_feature_selection_extratrees_p1_20260529_183134,G2_mg_molar_grade,MG Positive Molar Grade,8,59,459.0,0
shap_feature_selection_extratrees_p1_20260529_183134,G2_mg_molar_grade,MG Positive Molar Grade,8,60,460.0,0
shap_feature_selection_extratrees_p1_20260529_183134,G2_mg_molar_grade,MG Positive Molar Grade,8,61,461.0,0
shap_feature_selection_extratrees_p1_20260529_183134,G2_mg_molar_grade,MG Positive Molar Grade,8,62,462.0,0
shap_feature_selection_extratrees_p1_20260529_183134,G2_mg_molar_grade,MG Positive Molar Grade,8,63,463.0,0
shap_feature_selection_extratrees_p1_20260529_183134,G2_mg_molar_grade,MG Positive Molar Grade,8,64,464.0,0
shap_feature_selection_extratrees_p1_20260529_183134,G2_mg_molar_grade,MG Positive Molar Grade,8,65,465.0,0
shap_feature_selection_extratrees_p1_20260529_183134,G2_mg_molar_grade,MG Positive Molar Grade,8,66,466.0,0
shap_feature_selection_extratrees_p1_20260529_183134,G2_mg_molar_grade,MG Positive Molar Grade,8,67,467.0,0
shap_feature_selection_extratrees_p1_20260529_183134,G2_mg_molar_grade,MG Positive Molar Grade,8,68,468.0,0
shap_feature_selection_extratrees_p1_20260529_183134,G2_mg_molar_grade,MG Positive Molar Grade,8,69,469.0,0
shap_feature_selection_extratrees_p1_20260529_183134,G2_mg_molar_grade,MG Positive Molar Grade,8,70,470.0,0
shap_feature_selection_extratrees_p1_20260529_183134,G2_mg_molar_grade,MG Positive Molar Grade,8,71,471.0,0
shap_feature_selection_extratrees_p1_20260529_183134,G2_mg_molar_grade,MG Positive Molar Grade,8,72,472.0,0
shap_feature_selection_extratrees_p1_20260529_183134,G2_mg_molar_grade,MG Positive Molar Grade,8,73,473.0,0
shap_feature_selection_extratrees_p1_20260529_183134,G2_mg_molar_grade,MG Positive Molar Grade,8,74,474.0,0
shap_feature_selection_extratrees_p1_20260529_183134,G2_mg_molar_grade,MG Positive Molar Grade,8,75,475.0,0
shap_feature_selection_extratrees_p1_20260529_183134,G2_mg_molar_grade,MG Positive Molar Grade,8,76,476.0,0
shap_feature_selection_extratrees_p1_20260529_183134,G2_mg_molar_grade,MG Positive Molar Grade,8,77,477.0,0
shap_feature_selection_extratrees_p1_20260529_183134,G2_mg_molar_grade,MG Positive Molar Grade,8,78,478.0,0
shap_feature_selection_extratrees_p1_20260529_183134,G2_mg_molar_grade,MG Positive Molar Grade,8,79,479.0,0
shap_feature_selection_extratrees_p1_20260529_183134,G2_mg_molar_grade,MG Positive Molar Grade,8,80,480.0,0
shap_feature_selection_extratrees_p1_20260529_183134,G2_mg_molar_grade,MG Positive Molar Grade,8,81,481.0,1
shap_feature_selection_extratrees_p1_20260529_183134,G2_mg_molar_grade,MG Positive Molar Grade,8,82,482.0,0
shap_feature_selection_extratrees_p1_20260529_183134,G2_mg_molar_grade,MG Positive Molar Grade,8,83,483.0,0
shap_feature_selection_extratrees_p1_20260529_183134,G2_mg_molar_grade,MG Positive Molar Grade,8,84,484.0,0
shap_feature_selection_extratrees_p1_20260529_183134,G2_mg_molar_grade,MG Positive Molar Grade,8,85,485.0,0
shap_feature_selection_extratrees_p1_20260529_183134,G2_mg_molar_grade,MG Positive Molar Grade,8,86,486.0,0
shap_feature_selection_extratrees_p1_20260529_183134,G2_mg_molar_grade,MG Positive Molar Grade,8,87,487.0,1
shap_feature_selection_extratrees_p1_20260529_183134,G2_mg_molar_grade,MG Positive Molar Grade,8,88,488.0,1
shap_feature_selection_extratrees_p1_20260529_183134,G2_mg_molar_grade,MG Positive Molar Grade,8,89,489.0,0
shap_feature_selection_extratrees_p1_20260529_183134,G2_mg_molar_grade,MG Positive Molar Grade,8,90,490.0,0
shap_feature_selection_extratrees_p1_20260529_183134,G2_mg_molar_grade,MG Positive Molar Grade,8,91,491.0,0
shap_feature_selection_extratrees_p1_20260529_183134,G2_mg_molar_grade,MG Positive Molar Grade,8,92,492.0,0
shap_feature_selection_extratrees_p1_20260529_183134,G2_mg_molar_grade,MG Positive Molar Grade,8,93,493.0,0
shap_feature_selection_extratrees_p1_20260529_183134,G2_mg_molar_grade,MG Positive Molar Grade,8,94,494.0,0
shap_feature_selection_extratrees_p1_20260529_183134,G2_mg_molar_grade,MG Positive Molar Grade,8,95,495.0,0
shap_feature_selection_extratrees_p1_20260529_183134,G2_mg_molar_grade,MG Positive Molar Grade,8,96,496.0,0
shap_feature_selection_extratrees_p1_20260529_183134,G2_mg_molar_grade,MG Positive Molar Grade,8,97,497.0,0
shap_feature_selection_extratrees_p1_20260529_183134,G2_mg_molar_grade,MG Positive Molar Grade,8,98,498.0,0
shap_feature_selection_extratrees_p1_20260529_183134,G2_mg_molar_grade,MG Positive Molar Grade,8,99,499.0,0
shap_feature_selection_extratrees_p1_20260529_183134,G2_mg_molar_grade,MG Positive Molar Grade,8,100,500.0,0
shap_feature_selection_extratrees_p1_20260529_183134,G2_mg_molar_grade,MG Positive Molar Grade,8,101,501.0,0
shap_feature_selection_extratrees_p1_20260529_183134,G2_mg_molar_grade,MG Positive Molar Grade,8,102,502.0,0
shap_feature_selection_extratrees_p1_20260529_183134,G2_mg_molar_grade,MG Positive Molar Grade,8,103,503.0,0
shap_feature_selection_extratrees_p1_20260529_183134,G2_mg_molar_grade,MG Positive Molar Grade,8,104,504.0,0
shap_feature_selection_extratrees_p1_20260529_183134,G2_mg_molar_grade,MG Positive Molar Grade,8,105,505.0,0
shap_feature_selection_extratrees_p1_20260529_183134,G2_mg_molar_grade,MG Positive Molar Grade,8,106,506.0,0
shap_feature_selection_extratrees_p1_20260529_183134,G2_mg_molar_grade,MG Positive Molar Grade,8,107,507.0,0
shap_feature_selection_extratrees_p1_20260529_183134,G2_mg_molar_grade,MG Positive Molar Grade,8,108,508.0,0
shap_feature_selection_extratrees_p1_20260529_183134,G2_mg_molar_grade,MG Positive Molar Grade,8,109,509.0,0
shap_feature_selection_extratrees_p1_20260529_183134,G2_mg_molar_grade,MG Positive Molar Grade,8,110,510.0,0
shap_feature_selection_extratrees_p1_20260529_183134,G2_mg_molar_grade,MG Positive Molar Grade,8,111,511.0,0
shap_feature_selection_extratrees_p1_20260529_183134,G2_mg_molar_grade,MG Positive Molar Grade,8,112,512.0,0
shap_feature_selection_extratrees_p1_20260529_183134,G2_mg_molar_grade,MG Positive Molar Grade,8,113,513.0,0
shap_feature_selection_extratrees_p1_20260529_183134,G2_mg_molar_grade,MG Positive Molar Grade,8,114,514.0,0
shap_feature_selection_extratrees_p1_20260529_183134,G2_mg_molar_grade,MG Positive Molar Grade,8,115,515.0,0
shap_feature_selection_extratrees_p1_20260529_183134,G2_mg_molar_grade,MG Positive Molar Grade,8,116,516.0,0
shap_feature_selection_extratrees_p1_20260529_183134,G2_mg_molar_grade,MG Positive Molar Grade,8,117,517.0,0
shap_feature_selection_extratrees_p1_20260529_183134,G2_mg_molar_grade,MG Positive Molar Grade,8,118,518.0,0
shap_feature_selection_extratrees_p1_20260529_183134,G2_mg_molar_grade,MG Positive Molar Grade,8,119,519.0,0
shap_feature_selection_extratrees_p1_20260529_183134,G2_mg_molar_grade,MG Positive Molar Grade,8,120,520.0,0
shap_feature_selection_extratrees_p1_20260529_183134,G2_mg_molar_grade,MG Positive Molar Grade,8,121,521.0,0
shap_feature_selection_extratrees_p1_20260529_183134,G2_mg_molar_grade,MG Positive Molar Grade,8,122,522.0,0
shap_feature_selection_extratrees_p1_20260529_183134,G2_mg_molar_grade,MG Positive Molar Grade,8,123,523.0,0
shap_feature_selection_extratrees_p1_20260529_183134,G2_mg_molar_grade,MG Positive Molar Grade,8,124,524.0,0
shap_feature_selection_extratrees_p1_20260529_183134,G2_mg_molar_grade,MG Positive Molar Grade,8,125,525.0,0
shap_feature_selection_extratrees_p1_20260529_183134,G2_mg_molar_grade,MG Positive Molar Grade,8,126,526.0,0
shap_feature_selection_extratrees_p1_20260529_183134,G2_mg_molar_grade,MG Positive Molar Grade,8,127,527.0,0
shap_feature_selection_extratrees_p1_20260529_183134,G2_mg_molar_grade,MG Positive Molar Grade,8,128,528.0,0
shap_feature_selection_extratrees_p1_20260529_183134,G2_mg_molar_grade,MG Positive Molar Grade,8,129,529.0,0
shap_feature_selection_extratrees_p1_20260529_183134,G2_mg_molar_grade,MG Positive Molar Grade,8,130,530.0,0
shap_feature_selection_extratrees_p1_20260529_183134,G2_mg_molar_grade,MG Positive Molar Grade,8,131,531.0,0
shap_feature_selection_extratrees_p1_20260529_183134,G2_mg_molar_grade,MG Positive Molar Grade,8,132,532.0,0
shap_feature_selection_extratrees_p1_20260529_183134,G2_mg_molar_grade,MG Positive Molar Grade,8,133,533.0,0
shap_feature_selection_extratrees_p1_20260529_183134,G2_mg_molar_grade,MG Positive Molar Grade,8,134,534.0,0
shap_feature_selection_extratrees_p1_20260529_183134,G2_mg_molar_grade,MG Positive Molar Grade,8,135,535.0,0
shap_feature_selection_extratrees_p1_20260529_183134,G2_mg_molar_grade,MG Positive Molar Grade,8,136,536.0,0
shap_feature_selection_extratrees_p1_20260529_183134,G2_mg_molar_grade,MG Positive Molar Grade,8,137,537.0,0
shap_feature_selection_extratrees_p1_20260529_183134,G2_mg_molar_grade,MG Positive Molar Grade,8,138,538.0,0
shap_feature_selection_extratrees_p1_20260529_183134,G2_mg_molar_grade,MG Positive Molar Grade,8,139,539.0,0
shap_feature_selection_extratrees_p1_20260529_183134,G2_mg_molar_grade,MG Positive Molar Grade,8,140,540.0,0
shap_feature_selection_extratrees_p1_20260529_183134,G2_mg_molar_grade,MG Positive Molar Grade,8,141,541.0,0
shap_feature_selection_extratrees_p1_20260529_183134,G2_mg_molar_grade,MG Positive Molar Grade,8,142,542.0,0
shap_feature_selection_extratrees_p1_20260529_183134,G2_mg_molar_grade,MG Positive Molar Grade,8,143,543.0,0
shap_feature_selection_extratrees_p1_20260529_183134,G2_mg_molar_grade,MG Positive Molar Grade,8,144,544.0,0
shap_feature_selection_extratrees_p1_20260529_183134,G2_mg_molar_grade,MG Positive Molar Grade,8,145,545.0,0
shap_feature_selection_extratrees_p1_20260529_183134,G2_mg_molar_grade,MG Positive Molar Grade,8,146,546.0,0
shap_feature_selection_extratrees_p1_20260529_183134,G2_mg_molar_grade,MG Positive Molar Grade,8,147,547.0,0
shap_feature_selection_extratrees_p1_20260529_183134,G2_mg_molar_grade,MG Positive Molar Grade,8,148,548.0,0
shap_feature_selection_extratrees_p1_20260529_183134,G2_mg_molar_grade,MG Positive Molar Grade,8,149,549.0,0
shap_feature_selection_extratrees_p1_20260529_183134,G2_mg_molar_grade,MG Positive Molar Grade,8,150,550.0,0
shap_feature_selection_extratrees_p1_20260529_183134,G2_mg_molar_grade,MG Positive Molar Grade,8,151,551.0,0
shap_feature_selection_extratrees_p1_20260529_183134,G2_mg_molar_grade,MG Positive Molar Grade,8,152,552.0,0
shap_feature_selection_extratrees_p1_20260529_183134,G2_mg_molar_grade,MG Positive Molar Grade,8,153,553.0,0
shap_feature_selection_extratrees_p1_20260529_183134,G2_mg_molar_grade,MG Positive Molar Grade,8,154,554.0,0
shap_feature_selection_extratrees_p1_20260529_183134,G2_mg_molar_grade,MG Positive Molar Grade,8,155,555.0,0
shap_feature_selection_extratrees_p1_20260529_183134,G2_mg_molar_grade,MG Positive Molar Grade,8,156,556.0,0
shap_feature_selection_extratrees_p1_20260529_183134,G2_mg_molar_grade,MG Positive Molar Grade,8,157,557.0,0
shap_feature_selection_extratrees_p1_20260529_183134,G2_mg_molar_grade,MG Positive Molar Grade,8,158,558.0,0
shap_feature_selection_extratrees_p1_20260529_183134,G2_mg_molar_grade,MG Positive Molar Grade,8,159,559.0,0
shap_feature_selection_extratrees_p1_20260529_183134,G2_mg_molar_grade,MG Positive Molar Grade,8,160,560.0,0
shap_feature_selection_extratrees_p1_20260529_183134,G2_mg_molar_grade,MG Positive Molar Grade,8,161,561.0,0
shap_feature_selection_extratrees_p1_20260529_183134,G2_mg_molar_grade,MG Positive Molar Grade,8,162,562.0,0
shap_feature_selection_extratrees_p1_20260529_183134,G2_mg_molar_grade,MG Positive Molar Grade,8,163,563.0,0
shap_feature_selection_extratrees_p1_20260529_183134,G2_mg_molar_grade,MG Positive Molar Grade,8,164,564.0,0
shap_feature_selection_extratrees_p1_20260529_183134,G2_mg_molar_grade,MG Positive Molar Grade,8,165,565.0,0
shap_feature_selection_extratrees_p1_20260529_183134,G2_mg_molar_grade,MG Positive Molar Grade,8,166,566.0,0
shap_feature_selection_extratrees_p1_20260529_183134,G2_mg_molar_grade,MG Positive Molar Grade,8,167,567.0,0
shap_feature_selection_extratrees_p1_20260529_183134,G2_mg_molar_grade,MG Positive Molar Grade,8,168,568.0,0
shap_feature_selection_extratrees_p1_20260529_183134,G2_mg_molar_grade,MG Positive Molar Grade,8,169,569.0,0
shap_feature_selection_extratrees_p1_20260529_183134,G2_mg_molar_grade,MG Positive Molar Grade,8,170,570.0,0
shap_feature_selection_extratrees_p1_20260529_183134,G2_mg_molar_grade,MG Positive Molar Grade,8,171,571.0,0
shap_feature_selection_extratrees_p1_20260529_183134,G2_mg_molar_grade,MG Positive Molar Grade,8,172,572.0,0
shap_feature_selection_extratrees_p1_20260529_183134,G2_mg_molar_grade,MG Positive Molar Grade,8,173,573.0,0
shap_feature_selection_extratrees_p1_20260529_183134,G2_mg_molar_grade,MG Positive Molar Grade,8,174,574.0,0
shap_feature_selection_extratrees_p1_20260529_183134,G2_mg_molar_grade,MG Positive Molar Grade,8,175,575.0,0
shap_feature_selection_extratrees_p1_20260529_183134,G2_mg_molar_grade,MG Positive Molar Grade,8,176,576.0,0
shap_feature_selection_extratrees_p1_20260529_183134,G2_mg_molar_grade,MG Positive Molar Grade,8,177,577.0,0
shap_feature_selection_extratrees_p1_20260529_183134,G2_mg_molar_grade,MG Positive Molar Grade,8,178,578.0,0
shap_feature_selection_extratrees_p1_20260529_183134,G2_mg_molar_grade,MG Positive Molar Grade,8,179,579.0,0
shap_feature_selection_extratrees_p1_20260529_183134,G2_mg_molar_grade,MG Positive Molar Grade,8,180,580.0,0
shap_feature_selection_extratrees_p1_20260529_183134,G2_mg_molar_grade,MG Positive Molar Grade,8,181,581.0,0
shap_feature_selection_extratrees_p1_20260529_183134,G2_mg_molar_grade,MG Positive Molar Grade,8,182,582.0,0
shap_feature_selection_extratrees_p1_20260529_183134,G2_mg_molar_grade,MG Positive Molar Grade,8,183,583.0,0
shap_feature_selection_extratrees_p1_20260529_183134,G2_mg_molar_grade,MG Positive Molar Grade,8,184,584.0,0
shap_feature_selection_extratrees_p1_20260529_183134,G2_mg_molar_grade,MG Positive Molar Grade,8,185,585.0,0
shap_feature_selection_extratrees_p1_20260529_183134,G2_mg_molar_grade,MG Positive Molar Grade,8,186,586.0,0
shap_feature_selection_extratrees_p1_20260529_183134,G2_mg_molar_grade,MG Positive Molar Grade,8,187,587.0,0
shap_feature_selection_extratrees_p1_20260529_183134,G2_mg_molar_grade,MG Positive Molar Grade,8,188,588.0,0
shap_feature_selection_extratrees_p1_20260529_183134,G2_mg_molar_grade,MG Positive Molar Grade,8,189,589.0,0
shap_feature_selection_extratrees_p1_20260529_183134,G2_mg_molar_grade,MG Positive Molar Grade,8,190,590.0,0
shap_feature_selection_extratrees_p1_20260529_183134,G2_mg_molar_grade,MG Positive Molar Grade,8,191,591.0,0
shap_feature_selection_extratrees_p1_20260529_183134,G2_mg_molar_grade,MG Positive Molar Grade,8,192,592.0,0
shap_feature_selection_extratrees_p1_20260529_183134,G2_mg_molar_grade,MG Positive Molar Grade,8,193,593.0,0
shap_feature_selection_extratrees_p1_20260529_183134,G2_mg_molar_grade,MG Positive Molar Grade,8,194,594.0,0
shap_feature_selection_extratrees_p1_20260529_183134,G2_mg_molar_grade,MG Positive Molar Grade,8,195,595.0,0
shap_feature_selection_extratrees_p1_20260529_183134,G2_mg_molar_grade,MG Positive Molar Grade,8,196,596.0,0
shap_feature_selection_extratrees_p1_20260529_183134,G2_mg_molar_grade,MG Positive Molar Grade,8,197,597.0,0
shap_feature_selection_extratrees_p1_20260529_183134,G2_mg_molar_grade,MG Positive Molar Grade,8,198,598.0,0
shap_feature_selection_extratrees_p1_20260529_183134,G2_mg_molar_grade,MG Positive Molar Grade,8,199,599.0,0
shap_feature_selection_extratrees_p1_20260529_183134,G2_mg_molar_grade,MG Positive Molar Grade,8,200,600.0,0
shap_feature_selection_extratrees_p1_20260529_183134,G2_mg_molar_grade,MG Positive Molar Grade,8,201,601.0,0
shap_feature_selection_extratrees_p1_20260529_183134,G2_mg_molar_grade,MG Positive Molar Grade,8,202,602.0,0
shap_feature_selection_extratrees_p1_20260529_183134,G2_mg_molar_grade,MG Positive Molar Grade,8,203,603.0,0
shap_feature_selection_extratrees_p1_20260529_183134,G2_mg_molar_grade,MG Positive Molar Grade,8,204,604.0,0
shap_feature_selection_extratrees_p1_20260529_183134,G2_mg_molar_grade,MG Positive Molar Grade,8,205,605.0,0
shap_feature_selection_extratrees_p1_20260529_183134,G2_mg_molar_grade,MG Positive Molar Grade,8,206,606.0,0
shap_feature_selection_extratrees_p1_20260529_183134,G2_mg_molar_grade,MG Positive Molar Grade,8,207,607.0,0
shap_feature_selection_extratrees_p1_20260529_183134,G2_mg_molar_grade,MG Positive Molar Grade,8,208,608.0,0
shap_feature_selection_extratrees_p1_20260529_183134,G2_mg_molar_grade,MG Positive Molar Grade,8,209,609.0,0
shap_feature_selection_extratrees_p1_20260529_183134,G2_mg_molar_grade,MG Positive Molar Grade,8,210,610.0,0
shap_feature_selection_extratrees_p1_20260529_183134,G2_mg_molar_grade,MG Positive Molar Grade,8,211,611.0,0
shap_feature_selection_extratrees_p1_20260529_183134,G2_mg_molar_grade,MG Positive Molar Grade,8,212,612.0,0
shap_feature_selection_extratrees_p1_20260529_183134,G2_mg_molar_grade,MG Positive Molar Grade,8,213,613.0,0
shap_feature_selection_extratrees_p1_20260529_183134,G2_mg_molar_grade,MG Positive Molar Grade,8,214,614.0,0
shap_feature_selection_extratrees_p1_20260529_183134,G2_mg_molar_grade,MG Positive Molar Grade,8,215,615.0,0
shap_feature_selection_extratrees_p1_20260529_183134,G2_mg_molar_grade,MG Positive Molar Grade,8,216,616.0,0
shap_feature_selection_extratrees_p1_20260529_183134,G2_mg_molar_grade,MG Positive Molar Grade,8,217,617.0,0
shap_feature_selection_extratrees_p1_20260529_183134,G2_mg_molar_grade,MG Positive Molar Grade,8,218,618.0,0
shap_feature_selection_extratrees_p1_20260529_183134,G2_mg_molar_grade,MG Positive Molar Grade,8,219,619.0,0
shap_feature_selection_extratrees_p1_20260529_183134,G2_mg_molar_grade,MG Positive Molar Grade,8,220,620.0,0
shap_feature_selection_extratrees_p1_20260529_183134,G2_mg_molar_grade,MG Positive Molar Grade,8,221,621.0,0
shap_feature_selection_extratrees_p1_20260529_183134,G2_mg_molar_grade,MG Positive Molar Grade,8,222,622.0,0
shap_feature_selection_extratrees_p1_20260529_183134,G2_mg_molar_grade,MG Positive Molar Grade,8,223,623.0,0
shap_feature_selection_extratrees_p1_20260529_183134,G2_mg_molar_grade,MG Positive Molar Grade,8,224,624.0,0
shap_feature_selection_extratrees_p1_20260529_183134,G2_mg_molar_grade,MG Positive Molar Grade,8,225,625.0,0
shap_feature_selection_extratrees_p1_20260529_183134,G2_mg_molar_grade,MG Positive Molar Grade,8,226,626.0,0
shap_feature_selection_extratrees_p1_20260529_183134,G2_mg_molar_grade,MG Positive Molar Grade,8,227,627.0,0
shap_feature_selection_extratrees_p1_20260529_183134,G2_mg_molar_grade,MG Positive Molar Grade,8,228,628.0,0
shap_feature_selection_extratrees_p1_20260529_183134,G2_mg_molar_grade,MG Positive Molar Grade,8,229,629.0,0
shap_feature_selection_extratrees_p1_20260529_183134,G2_mg_molar_grade,MG Positive Molar Grade,8,230,630.0,0
shap_feature_selection_extratrees_p1_20260529_183134,G2_mg_molar_grade,MG Positive Molar Grade,8,231,631.0,0
shap_feature_selection_extratrees_p1_20260529_183134,G2_mg_molar_grade,MG Positive Molar Grade,8,232,632.0,0
shap_feature_selection_extratrees_p1_20260529_183134,G2_mg_molar_grade,MG Positive Molar Grade,8,233,633.0,0
shap_feature_selection_extratrees_p1_20260529_183134,G2_mg_molar_grade,MG Positive Molar Grade,8,234,634.0,0
shap_feature_selection_extratrees_p1_20260529_183134,G2_mg_molar_grade,MG Positive Molar Grade,8,235,635.0,0
shap_feature_selection_extratrees_p1_20260529_183134,G2_mg_molar_grade,MG Positive Molar Grade,8,236,636.0,0
shap_feature_selection_extratrees_p1_20260529_183134,G2_mg_molar_grade,MG Positive Molar Grade,8,237,637.0,0
shap_feature_selection_extratrees_p1_20260529_183134,G2_mg_molar_grade,MG Positive Molar Grade,8,238,638.0,0
shap_feature_selection_extratrees_p1_20260529_183134,G2_mg_molar_grade,MG Positive Molar Grade,8,239,639.0,0
shap_feature_selection_extratrees_p1_20260529_183134,G2_mg_molar_grade,MG Positive Molar Grade,8,240,640.0,0
shap_feature_selection_extratrees_p1_20260529_183134,G2_mg_molar_grade,MG Positive Molar Grade,8,241,641.0,0
shap_feature_selection_extratrees_p1_20260529_183134,G2_mg_molar_grade,MG Positive Molar Grade,8,242,642.0,0
shap_feature_selection_extratrees_p1_20260529_183134,G2_mg_molar_grade,MG Positive Molar Grade,8,243,643.0,0
shap_feature_selection_extratrees_p1_20260529_183134,G2_mg_molar_grade,MG Positive Molar Grade,8,244,644.0,0
shap_feature_selection_extratrees_p1_20260529_183134,G2_mg_molar_grade,MG Positive Molar Grade,8,245,645.0,0
shap_feature_selection_extratrees_p1_20260529_183134,G2_mg_molar_grade,MG Positive Molar Grade,8,246,646.0,0
shap_feature_selection_extratrees_p1_20260529_183134,G2_mg_molar_grade,MG Positive Molar Grade,8,247,647.0,0
shap_feature_selection_extratrees_p1_20260529_183134,G2_mg_molar_grade,MG Positive Molar Grade,8,248,648.0,0
shap_feature_selection_extratrees_p1_20260529_183134,G2_mg_molar_grade,MG Positive Molar Grade,8,249,649.0,0
shap_feature_selection_extratrees_p1_20260529_183134,G2_mg_molar_grade,MG Positive Molar Grade,8,250,650.0,0
shap_feature_selection_extratrees_p1_20260529_183134,G2_mg_molar_grade,MG Positive Molar Grade,8,251,651.0,0
shap_feature_selection_extratrees_p1_20260529_183134,G2_mg_molar_grade,MG Positive Molar Grade,8,252,652.0,0
shap_feature_selection_extratrees_p1_20260529_183134,G2_mg_molar_grade,MG Positive Molar Grade,8,253,653.0,0
shap_feature_selection_extratrees_p1_20260529_183134,G2_mg_molar_grade,MG Positive Molar Grade,8,254,654.0,0
shap_feature_selection_extratrees_p1_20260529_183134,G2_mg_molar_grade,MG Positive Molar Grade,8,255,655.0,0
shap_feature_selection_extratrees_p1_20260529_183134,G2_mg_molar_grade,MG Positive Molar Grade,8,256,656.0,0
shap_feature_selection_extratrees_p1_20260529_183134,G2_mg_molar_grade,MG Positive Molar Grade,8,257,657.0,0
shap_feature_selection_extratrees_p1_20260529_183134,G2_mg_molar_grade,MG Positive Molar Grade,8,258,658.0,0
shap_feature_selection_extratrees_p1_20260529_183134,G2_mg_molar_grade,MG Positive Molar Grade,8,259,659.0,0
shap_feature_selection_extratrees_p1_20260529_183134,G2_mg_molar_grade,MG Positive Molar Grade,8,260,660.0,0
shap_feature_selection_extratrees_p1_20260529_183134,G2_mg_molar_grade,MG Positive Molar Grade,8,261,661.0,0
shap_feature_selection_extratrees_p1_20260529_183134,G2_mg_molar_grade,MG Positive Molar Grade,8,262,662.0,0
shap_feature_selection_extratrees_p1_20260529_183134,G2_mg_molar_grade,MG Positive Molar Grade,8,263,663.0,0
shap_feature_selection_extratrees_p1_20260529_183134,G2_mg_molar_grade,MG Positive Molar Grade,8,264,664.0,0
shap_feature_selection_extratrees_p1_20260529_183134,G2_mg_molar_grade,MG Positive Molar Grade,8,265,665.0,0
shap_feature_selection_extratrees_p1_20260529_183134,G2_mg_molar_grade,MG Positive Molar Grade,8,266,666.0,0
shap_feature_selection_extratrees_p1_20260529_183134,G2_mg_molar_grade,MG Positive Molar Grade,8,267,667.0,0
shap_feature_selection_extratrees_p1_20260529_183134,G2_mg_molar_grade,MG Positive Molar Grade,8,268,668.0,0
shap_feature_selection_extratrees_p1_20260529_183134,G2_mg_molar_grade,MG Positive Molar Grade,8,269,669.0,0
shap_feature_selection_extratrees_p1_20260529_183134,G2_mg_molar_grade,MG Positive Molar Grade,8,270,670.0,0
shap_feature_selection_extratrees_p1_20260529_183134,G2_mg_molar_grade,MG Positive Molar Grade,8,271,671.0,0
shap_feature_selection_extratrees_p1_20260529_183134,G2_mg_molar_grade,MG Positive Molar Grade,8,272,672.0,0
shap_feature_selection_extratrees_p1_20260529_183134,G2_mg_molar_grade,MG Positive Molar Grade,8,273,673.0,0
shap_feature_selection_extratrees_p1_20260529_183134,G2_mg_molar_grade,MG Positive Molar Grade,8,274,674.0,0
shap_feature_selection_extratrees_p1_20260529_183134,G2_mg_molar_grade,MG Positive Molar Grade,8,275,675.0,0
shap_feature_selection_extratrees_p1_20260529_183134,G2_mg_molar_grade,MG Positive Molar Grade,8,276,676.0,0
shap_feature_selection_extratrees_p1_20260529_183134,G2_mg_molar_grade,MG Positive Molar Grade,8,277,677.0,0
shap_feature_selection_extratrees_p1_20260529_183134,G2_mg_molar_grade,MG Positive Molar Grade,8,278,678.0,0
shap_feature_selection_extratrees_p1_20260529_183134,G2_mg_molar_grade,MG Positive Molar Grade,8,279,679.0,1
shap_feature_selection_extratrees_p1_20260529_183134,G2_mg_molar_grade,MG Positive Molar Grade,8,280,680.0,0
shap_feature_selection_extratrees_p1_20260529_183134,G2_mg_molar_grade,MG Positive Molar Grade,8,281,681.0,1
shap_feature_selection_extratrees_p1_20260529_183134,G2_mg_molar_grade,MG Positive Molar Grade,8,282,682.0,0
shap_feature_selection_extratrees_p1_20260529_183134,G2_mg_molar_grade,MG Positive Molar Grade,8,283,683.0,0
shap_feature_selection_extratrees_p1_20260529_183134,G2_mg_molar_grade,MG Positive Molar Grade,8,284,684.0,0
shap_feature_selection_extratrees_p1_20260529_183134,G2_mg_molar_grade,MG Positive Molar Grade,8,285,685.0,0
shap_feature_selection_extratrees_p1_20260529_183134,G2_mg_molar_grade,MG Positive Molar Grade,8,286,686.0,0
shap_feature_selection_extratrees_p1_20260529_183134,G2_mg_molar_grade,MG Positive Molar Grade,8,287,687.0,0
shap_feature_selection_extratrees_p1_20260529_183134,G2_mg_molar_grade,MG Positive Molar Grade,8,288,688.0,0
shap_feature_selection_extratrees_p1_20260529_183134,G2_mg_molar_grade,MG Positive Molar Grade,8,289,689.0,0
shap_feature_selection_extratrees_p1_20260529_183134,G2_mg_molar_grade,MG Positive Molar Grade,8,290,690.0,0
shap_feature_selection_extratrees_p1_20260529_183134,G2_mg_molar_grade,MG Positive Molar Grade,8,291,691.0,0
shap_feature_selection_extratrees_p1_20260529_183134,G2_mg_molar_grade,MG Positive Molar Grade,8,292,692.0,0
shap_feature_selection_extratrees_p1_20260529_183134,G2_mg_molar_grade,MG Positive Molar Grade,8,293,693.0,0
shap_feature_selection_extratrees_p1_20260529_183134,G2_mg_molar_grade,MG Positive Molar Grade,8,294,694.0,0
shap_feature_selection_extratrees_p1_20260529_183134,G2_mg_molar_grade,MG Positive Molar Grade,8,295,695.0,0
shap_feature_selection_extratrees_p1_20260529_183134,G2_mg_molar_grade,MG Positive Molar Grade,8,296,696.0,0
shap_feature_selection_extratrees_p1_20260529_183134,G2_mg_molar_grade,MG Positive Molar Grade,8,297,697.0,0
shap_feature_selection_extratrees_p1_20260529_183134,G2_mg_molar_grade,MG Positive Molar Grade,8,298,698.0,0
shap_feature_selection_extratrees_p1_20260529_183134,G2_mg_molar_grade,MG Positive Molar Grade,8,299,699.0,0
shap_feature_selection_extratrees_p1_20260529_183134,G2_mg_molar_grade,MG Positive Molar Grade,8,300,700.0,0
shap_feature_selection_extratrees_p1_20260529_183134,G2_mg_molar_grade,MG Positive Molar Grade,8,301,701.0,0
shap_feature_selection_extratrees_p1_20260529_183134,G2_mg_molar_grade,MG Positive Molar Grade,8,302,702.0,0
shap_feature_selection_extratrees_p1_20260529_183134,G2_mg_molar_grade,MG Positive Molar Grade,8,303,703.0,0
shap_feature_selection_extratrees_p1_20260529_183134,G2_mg_molar_grade,MG Positive Molar Grade,8,304,704.0,0
shap_feature_selection_extratrees_p1_20260529_183134,G2_mg_molar_grade,MG Positive Molar Grade,8,305,705.0,0
shap_feature_selection_extratrees_p1_20260529_183134,G2_mg_molar_grade,MG Positive Molar Grade,8,306,706.0,0
shap_feature_selection_extratrees_p1_20260529_183134,G2_mg_molar_grade,MG Positive Molar Grade,8,307,707.0,0
shap_feature_selection_extratrees_p1_20260529_183134,G2_mg_molar_grade,MG Positive Molar Grade,8,308,708.0,0
shap_feature_selection_extratrees_p1_20260529_183134,G2_mg_molar_grade,MG Positive Molar Grade,8,309,709.0,0
shap_feature_selection_extratrees_p1_20260529_183134,G2_mg_molar_grade,MG Positive Molar Grade,8,310,710.0,0
shap_feature_selection_extratrees_p1_20260529_183134,G2_mg_molar_grade,MG Positive Molar Grade,8,311,711.0,0
shap_feature_selection_extratrees_p1_20260529_183134,G2_mg_molar_grade,MG Positive Molar Grade,8,312,712.0,0
shap_feature_selection_extratrees_p1_20260529_183134,G2_mg_molar_grade,MG Positive Molar Grade,8,313,713.0,0
shap_feature_selection_extratrees_p1_20260529_183134,G2_mg_molar_grade,MG Positive Molar Grade,8,314,714.0,0
shap_feature_selection_extratrees_p1_20260529_183134,G2_mg_molar_grade,MG Positive Molar Grade,8,315,715.0,0
shap_feature_selection_extratrees_p1_20260529_183134,G2_mg_molar_grade,MG Positive Molar Grade,8,316,716.0,0
shap_feature_selection_extratrees_p1_20260529_183134,G2_mg_molar_grade,MG Positive Molar Grade,8,317,717.0,0
shap_feature_selection_extratrees_p1_20260529_183134,G2_mg_molar_grade,MG Positive Molar Grade,8,318,718.0,0
shap_feature_selection_extratrees_p1_20260529_183134,G2_mg_molar_grade,MG Positive Molar Grade,8,319,719.0,0
shap_feature_selection_extratrees_p1_20260529_183134,G2_mg_molar_grade,MG Positive Molar Grade,8,320,720.0,0
shap_feature_selection_extratrees_p1_20260529_183134,G2_mg_molar_grade,MG Positive Molar Grade,8,321,721.0,0
shap_feature_selection_extratrees_p1_20260529_183134,G2_mg_molar_grade,MG Positive Molar Grade,8,322,722.0,0
shap_feature_selection_extratrees_p1_20260529_183134,G2_mg_molar_grade,MG Positive Molar Grade,8,323,723.0,1
shap_feature_selection_extratrees_p1_20260529_183134,G2_mg_molar_grade,MG Positive Molar Grade,8,324,724.0,0
shap_feature_selection_extratrees_p1_20260529_183134,G2_mg_molar_grade,MG Positive Molar Grade,8,325,725.0,1
shap_feature_selection_extratrees_p1_20260529_183134,G2_mg_molar_grade,MG Positive Molar Grade,8,326,726.0,0
shap_feature_selection_extratrees_p1_20260529_183134,G2_mg_molar_grade,MG Positive Molar Grade,8,327,727.0,1
shap_feature_selection_extratrees_p1_20260529_183134,G2_mg_molar_grade,MG Positive Molar Grade,8,328,728.0,0
shap_feature_selection_extratrees_p1_20260529_183134,G2_mg_molar_grade,MG Positive Molar Grade,8,329,729.0,0
shap_feature_selection_extratrees_p1_20260529_183134,G2_mg_molar_grade,MG Positive Molar Grade,8,330,730.0,0
shap_feature_selection_extratrees_p1_20260529_183134,G2_mg_molar_grade,MG Positive Molar Grade,8,331,731.0,0
shap_feature_selection_extratrees_p1_20260529_183134,G2_mg_molar_grade,MG Positive Molar Grade,8,332,732.0,0
shap_feature_selection_extratrees_p1_20260529_183134,G2_mg_molar_grade,MG Positive Molar Grade,8,333,733.0,0
shap_feature_selection_extratrees_p1_20260529_183134,G2_mg_molar_grade,MG Positive Molar Grade,8,334,734.0,0
shap_feature_selection_extratrees_p1_20260529_183134,G2_mg_molar_grade,MG Positive Molar Grade,8,335,735.0,0
shap_feature_selection_extratrees_p1_20260529_183134,G2_mg_molar_grade,MG Positive Molar Grade,8,336,736.0,0
shap_feature_selection_extratrees_p1_20260529_183134,G2_mg_molar_grade,MG Positive Molar Grade,8,337,737.0,0
shap_feature_selection_extratrees_p1_20260529_183134,G2_mg_molar_grade,MG Positive Molar Grade,8,338,738.0,0
shap_feature_selection_extratrees_p1_20260529_183134,G2_mg_molar_grade,MG Positive Molar Grade,8,339,739.0,0
shap_feature_selection_extratrees_p1_20260529_183134,G2_mg_molar_grade,MG Positive Molar Grade,8,340,740.0,0
shap_feature_selection_extratrees_p1_20260529_183134,G2_mg_molar_grade,MG Positive Molar Grade,8,341,741.0,0
shap_feature_selection_extratrees_p1_20260529_183134,G2_mg_molar_grade,MG Positive Molar Grade,8,342,742.0,0
shap_feature_selection_extratrees_p1_20260529_183134,G2_mg_molar_grade,MG Positive Molar Grade,8,343,743.0,0
shap_feature_selection_extratrees_p1_20260529_183134,G2_mg_molar_grade,MG Positive Molar Grade,8,344,744.0,0
shap_feature_selection_extratrees_p1_20260529_183134,G2_mg_molar_grade,MG Positive Molar Grade,8,345,745.0,0
shap_feature_selection_extratrees_p1_20260529_183134,G2_mg_molar_grade,MG Positive Molar Grade,8,346,746.0,0
shap_feature_selection_extratrees_p1_20260529_183134,G2_mg_molar_grade,MG Positive Molar Grade,8,347,747.0,0
shap_feature_selection_extratrees_p1_20260529_183134,G2_mg_molar_grade,MG Positive Molar Grade,8,348,748.0,0
shap_feature_selection_extratrees_p1_20260529_183134,G2_mg_molar_grade,MG Positive Molar Grade,8,349,749.0,0
shap_feature_selection_extratrees_p1_20260529_183134,G2_mg_molar_grade,MG Positive Molar Grade,8,350,750.0,0
shap_feature_selection_extratrees_p1_20260529_183134,G2_mg_molar_grade,MG Positive Molar Grade,8,351,751.0,0
shap_feature_selection_extratrees_p1_20260529_183134,G2_mg_molar_grade,MG Positive Molar Grade,8,352,752.0,0
shap_feature_selection_extratrees_p1_20260529_183134,G2_mg_molar_grade,MG Positive Molar Grade,8,353,753.0,0
shap_feature_selection_extratrees_p1_20260529_183134,G2_mg_molar_grade,MG Positive Molar Grade,8,354,754.0,0
shap_feature_selection_extratrees_p1_20260529_183134,G2_mg_molar_grade,MG Positive Molar Grade,8,355,755.0,0
shap_feature_selection_extratrees_p1_20260529_183134,G2_mg_molar_grade,MG Positive Molar Grade,8,356,756.0,0
shap_feature_selection_extratrees_p1_20260529_183134,G2_mg_molar_grade,MG Positive Molar Grade,8,357,757.0,0
shap_feature_selection_extratrees_p1_20260529_183134,G2_mg_molar_grade,MG Positive Molar Grade,8,358,758.0,0
shap_feature_selection_extratrees_p1_20260529_183134,G2_mg_molar_grade,MG Positive Molar Grade,8,359,759.0,0
shap_feature_selection_extratrees_p1_20260529_183134,G2_mg_molar_grade,MG Positive Molar Grade,8,360,760.0,0
shap_feature_selection_extratrees_p1_20260529_183134,G2_mg_molar_grade,MG Positive Molar Grade,8,361,761.0,0
shap_feature_selection_extratrees_p1_20260529_183134,G2_mg_molar_grade,MG Positive Molar Grade,8,362,762.0,0
shap_feature_selection_extratrees_p1_20260529_183134,G2_mg_molar_grade,MG Positive Molar Grade,8,363,763.0,0
shap_feature_selection_extratrees_p1_20260529_183134,G2_mg_molar_grade,MG Positive Molar Grade,8,364,764.0,0
shap_feature_selection_extratrees_p1_20260529_183134,G2_mg_molar_grade,MG Positive Molar Grade,8,365,765.0,0
shap_feature_selection_extratrees_p1_20260529_183134,G2_mg_molar_grade,MG Positive Molar Grade,8,366,766.0,0
shap_feature_selection_extratrees_p1_20260529_183134,G2_mg_molar_grade,MG Positive Molar Grade,8,367,767.0,0
shap_feature_selection_extratrees_p1_20260529_183134,G2_mg_molar_grade,MG Positive Molar Grade,8,368,768.0,0
shap_feature_selection_extratrees_p1_20260529_183134,G2_mg_molar_grade,MG Positive Molar Grade,8,369,769.0,0
shap_feature_selection_extratrees_p1_20260529_183134,G2_mg_molar_grade,MG Positive Molar Grade,8,370,770.0,0
shap_feature_selection_extratrees_p1_20260529_183134,G2_mg_molar_grade,MG Positive Molar Grade,8,371,771.0,0
shap_feature_selection_extratrees_p1_20260529_183134,G2_mg_molar_grade,MG Positive Molar Grade,8,372,772.0,0
shap_feature_selection_extratrees_p1_20260529_183134,G2_mg_molar_grade,MG Positive Molar Grade,8,373,773.0,0
shap_feature_selection_extratrees_p1_20260529_183134,G2_mg_molar_grade,MG Positive Molar Grade,8,374,774.0,0
shap_feature_selection_extratrees_p1_20260529_183134,G2_mg_molar_grade,MG Positive Molar Grade,8,375,775.0,0
shap_feature_selection_extratrees_p1_20260529_183134,G2_mg_molar_grade,MG Positive Molar Grade,8,376,776.0,0
shap_feature_selection_extratrees_p1_20260529_183134,G2_mg_molar_grade,MG Positive Molar Grade,8,377,777.0,0
shap_feature_selection_extratrees_p1_20260529_183134,G2_mg_molar_grade,MG Positive Molar Grade,8,378,778.0,0
shap_feature_selection_extratrees_p1_20260529_183134,G2_mg_molar_grade,MG Positive Molar Grade,8,379,779.0,0
shap_feature_selection_extratrees_p1_20260529_183134,G2_mg_molar_grade,MG Positive Molar Grade,8,380,780.0,0
shap_feature_selection_extratrees_p1_20260529_183134,G2_mg_molar_grade,MG Positive Molar Grade,8,381,781.0,0
shap_feature_selection_extratrees_p1_20260529_183134,G2_mg_molar_grade,MG Positive Molar Grade,8,382,782.0,0
shap_feature_selection_extratrees_p1_20260529_183134,G2_mg_molar_grade,MG Positive Molar Grade,8,383,783.0,0
shap_feature_selection_extratrees_p1_20260529_183134,G2_mg_molar_grade,MG Positive Molar Grade,8,384,784.0,0
shap_feature_selection_extratrees_p1_20260529_183134,G2_mg_molar_grade,MG Positive Molar Grade,8,385,785.0,0
shap_feature_selection_extratrees_p1_20260529_183134,G2_mg_molar_grade,MG Positive Molar Grade,8,386,786.0,0
shap_feature_selection_extratrees_p1_20260529_183134,G2_mg_molar_grade,MG Positive Molar Grade,8,387,787.0,0
shap_feature_selection_extratrees_p1_20260529_183134,G2_mg_molar_grade,MG Positive Molar Grade,8,388,788.0,0
shap_feature_selection_extratrees_p1_20260529_183134,G2_mg_molar_grade,MG Positive Molar Grade,8,389,789.0,0
shap_feature_selection_extratrees_p1_20260529_183134,G2_mg_molar_grade,MG Positive Molar Grade,8,390,790.0,0
shap_feature_selection_extratrees_p1_20260529_183134,G2_mg_molar_grade,MG Positive Molar Grade,8,391,791.0,0
shap_feature_selection_extratrees_p1_20260529_183134,G2_mg_molar_grade,MG Positive Molar Grade,8,392,792.0,0
shap_feature_selection_extratrees_p1_20260529_183134,G2_mg_molar_grade,MG Positive Molar Grade,8,393,793.0,0
shap_feature_selection_extratrees_p1_20260529_183134,G2_mg_molar_grade,MG Positive Molar Grade,8,394,794.0,0
shap_feature_selection_extratrees_p1_20260529_183134,G2_mg_molar_grade,MG Positive Molar Grade,8,395,795.0,0
shap_feature_selection_extratrees_p1_20260529_183134,G2_mg_molar_grade,MG Positive Molar Grade,8,396,796.0,0
shap_feature_selection_extratrees_p1_20260529_183134,G2_mg_molar_grade,MG Positive Molar Grade,8,397,797.0,0
shap_feature_selection_extratrees_p1_20260529_183134,G2_mg_molar_grade,MG Positive Molar Grade,8,398,798.0,0
shap_feature_selection_extratrees_p1_20260529_183134,G2_mg_molar_grade,MG Positive Molar Grade,8,399,799.0,0
shap_feature_selection_extratrees_p1_20260529_183134,G2_mg_molar_grade,MG Positive Molar Grade,8,400,800.0,0
shap_feature_selection_extratrees_p1_20260529_183134,G2_mg_molar_grade,MG Positive Molar Grade,8,401,801.0,0
shap_feature_selection_extratrees_p1_20260529_183134,G2_mg_molar_grade,MG Positive Molar Grade,8,402,802.0,0
shap_feature_selection_extratrees_p1_20260529_183134,G2_mg_molar_grade,MG Positive Molar Grade,8,403,803.0,0
shap_feature_selection_extratrees_p1_20260529_183134,G2_mg_molar_grade,MG Positive Molar Grade,8,404,804.0,0
shap_feature_selection_extratrees_p1_20260529_183134,G2_mg_molar_grade,MG Positive Molar Grade,8,405,805.0,0
shap_feature_selection_extratrees_p1_20260529_183134,G2_mg_molar_grade,MG Positive Molar Grade,8,406,806.0,0
shap_feature_selection_extratrees_p1_20260529_183134,G2_mg_molar_grade,MG Positive Molar Grade,8,407,807.0,0
shap_feature_selection_extratrees_p1_20260529_183134,G2_mg_molar_grade,MG Positive Molar Grade,8,408,808.0,0
shap_feature_selection_extratrees_p1_20260529_183134,G2_mg_molar_grade,MG Positive Molar Grade,8,409,809.0,0
shap_feature_selection_extratrees_p1_20260529_183134,G2_mg_molar_grade,MG Positive Molar Grade,8,410,810.0,0
shap_feature_selection_extratrees_p1_20260529_183134,G2_mg_molar_grade,MG Positive Molar Grade,8,411,811.0,0
shap_feature_selection_extratrees_p1_20260529_183134,G2_mg_molar_grade,MG Positive Molar Grade,8,412,812.0,0
shap_feature_selection_extratrees_p1_20260529_183134,G2_mg_molar_grade,MG Positive Molar Grade,8,413,813.0,0
shap_feature_selection_extratrees_p1_20260529_183134,G2_mg_molar_grade,MG Positive Molar Grade,8,414,814.0,0
shap_feature_selection_extratrees_p1_20260529_183134,G2_mg_molar_grade,MG Positive Molar Grade,8,415,815.0,0
shap_feature_selection_extratrees_p1_20260529_183134,G2_mg_molar_grade,MG Positive Molar Grade,8,416,816.0,0
shap_feature_selection_extratrees_p1_20260529_183134,G2_mg_molar_grade,MG Positive Molar Grade,8,417,817.0,0
shap_feature_selection_extratrees_p1_20260529_183134,G2_mg_molar_grade,MG Positive Molar Grade,8,418,818.0,0
shap_feature_selection_extratrees_p1_20260529_183134,G2_mg_molar_grade,MG Positive Molar Grade,8,419,819.0,0
shap_feature_selection_extratrees_p1_20260529_183134,G2_mg_molar_grade,MG Positive Molar Grade,8,420,820.0,0
shap_feature_selection_extratrees_p1_20260529_183134,G2_mg_molar_grade,MG Positive Molar Grade,8,421,821.0,0
shap_feature_selection_extratrees_p1_20260529_183134,G2_mg_molar_grade,MG Positive Molar Grade,8,422,822.0,0
shap_feature_selection_extratrees_p1_20260529_183134,G2_mg_molar_grade,MG Positive Molar Grade,8,423,823.0,0
shap_feature_selection_extratrees_p1_20260529_183134,G2_mg_molar_grade,MG Positive Molar Grade,8,424,824.0,0
shap_feature_selection_extratrees_p1_20260529_183134,G2_mg_molar_grade,MG Positive Molar Grade,8,425,825.0,0
shap_feature_selection_extratrees_p1_20260529_183134,G2_mg_molar_grade,MG Positive Molar Grade,8,426,826.0,0
shap_feature_selection_extratrees_p1_20260529_183134,G2_mg_molar_grade,MG Positive Molar Grade,8,427,827.0,0
shap_feature_selection_extratrees_p1_20260529_183134,G2_mg_molar_grade,MG Positive Molar Grade,8,428,828.0,0
shap_feature_selection_extratrees_p1_20260529_183134,G2_mg_molar_grade,MG Positive Molar Grade,8,429,829.0,0
shap_feature_selection_extratrees_p1_20260529_183134,G2_mg_molar_grade,MG Positive Molar Grade,8,430,830.0,0
shap_feature_selection_extratrees_p1_20260529_183134,G2_mg_molar_grade,MG Positive Molar Grade,8,431,831.0,0
shap_feature_selection_extratrees_p1_20260529_183134,G2_mg_molar_grade,MG Positive Molar Grade,8,432,832.0,0
shap_feature_selection_extratrees_p1_20260529_183134,G2_mg_molar_grade,MG Positive Molar Grade,8,433,833.0,0
shap_feature_selection_extratrees_p1_20260529_183134,G2_mg_molar_grade,MG Positive Molar Grade,8,434,834.0,0
shap_feature_selection_extratrees_p1_20260529_183134,G2_mg_molar_grade,MG Positive Molar Grade,8,435,835.0,0
shap_feature_selection_extratrees_p1_20260529_183134,G2_mg_molar_grade,MG Positive Molar Grade,8,436,836.0,0
shap_feature_selection_extratrees_p1_20260529_183134,G2_mg_molar_grade,MG Positive Molar Grade,8,437,837.0,0
shap_feature_selection_extratrees_p1_20260529_183134,G2_mg_molar_grade,MG Positive Molar Grade,8,438,838.0,0
shap_feature_selection_extratrees_p1_20260529_183134,G2_mg_molar_grade,MG Positive Molar Grade,8,439,839.0,0
shap_feature_selection_extratrees_p1_20260529_183134,G2_mg_molar_grade,MG Positive Molar Grade,8,440,840.0,0
shap_feature_selection_extratrees_p1_20260529_183134,G2_mg_molar_grade,MG Positive Molar Grade,8,441,841.0,0
shap_feature_selection_extratrees_p1_20260529_183134,G2_mg_molar_grade,MG Positive Molar Grade,8,442,842.0,0
shap_feature_selection_extratrees_p1_20260529_183134,G2_mg_molar_grade,MG Positive Molar Grade,8,443,843.0,0
shap_feature_selection_extratrees_p1_20260529_183134,G2_mg_molar_grade,MG Positive Molar Grade,8,444,844.0,1
shap_feature_selection_extratrees_p1_20260529_183134,G2_mg_molar_grade,MG Positive Molar Grade,8,445,845.0,1
shap_feature_selection_extratrees_p1_20260529_183134,G2_mg_molar_grade,MG Positive Molar Grade,8,446,846.0,1
shap_feature_selection_extratrees_p1_20260529_183134,G2_mg_molar_grade,MG Positive Molar Grade,8,447,847.0,1
shap_feature_selection_extratrees_p1_20260529_183134,G2_mg_molar_grade,MG Positive Molar Grade,8,448,848.0,1
shap_feature_selection_extratrees_p1_20260529_183134,G2_mg_molar_grade,MG Positive Molar Grade,8,449,849.0,0
shap_feature_selection_extratrees_p1_20260529_183134,G2_mg_molar_grade,MG Positive Molar Grade,8,450,850.0,0
shap_feature_selection_extratrees_p1_20260529_183134,G2_mg_molar_grade,MG Positive Molar Grade,8,451,851.0,0
shap_feature_selection_extratrees_p1_20260529_183134,G2_mg_molar_grade,MG Positive Molar Grade,8,452,852.0,1
shap_feature_selection_extratrees_p1_20260529_183134,G2_mg_molar_grade,MG Positive Molar Grade,8,453,853.0,1
shap_feature_selection_extratrees_p1_20260529_183134,G2_mg_molar_grade,MG Positive Molar Grade,8,454,854.0,1
shap_feature_selection_extratrees_p1_20260529_183134,G2_mg_molar_grade,MG Positive Molar Grade,8,455,855.0,0
shap_feature_selection_extratrees_p1_20260529_183134,G2_mg_molar_grade,MG Positive Molar Grade,8,456,856.0,1
shap_feature_selection_extratrees_p1_20260529_183134,G2_mg_molar_grade,MG Positive Molar Grade,8,457,857.0,1
shap_feature_selection_extratrees_p1_20260529_183134,G2_mg_molar_grade,MG Positive Molar Grade,8,458,858.0,0
shap_feature_selection_extratrees_p1_20260529_183134,G2_mg_molar_grade,MG Positive Molar Grade,8,459,859.0,1
shap_feature_selection_extratrees_p1_20260529_183134,G2_mg_molar_grade,MG Positive Molar Grade,8,460,860.0,1
shap_feature_selection_extratrees_p1_20260529_183134,G2_mg_molar_grade,MG Positive Molar Grade,8,461,861.0,0
shap_feature_selection_extratrees_p1_20260529_183134,G2_mg_molar_grade,MG Positive Molar Grade,8,462,862.0,1
shap_feature_selection_extratrees_p1_20260529_183134,G2_mg_molar_grade,MG Positive Molar Grade,8,463,863.0,1
shap_feature_selection_extratrees_p1_20260529_183134,G2_mg_molar_grade,MG Positive Molar Grade,8,464,864.0,1
shap_feature_selection_extratrees_p1_20260529_183134,G2_mg_molar_grade,MG Positive Molar Grade,8,465,865.0,1
shap_feature_selection_extratrees_p1_20260529_183134,G2_mg_molar_grade,MG Positive Molar Grade,8,466,866.0,1
shap_feature_selection_extratrees_p1_20260529_183134,G2_mg_molar_grade,MG Positive Molar Grade,8,467,867.0,1
shap_feature_selection_extratrees_p1_20260529_183134,G2_mg_molar_grade,MG Positive Molar Grade,8,468,868.0,1
shap_feature_selection_extratrees_p1_20260529_183134,G2_mg_molar_grade,MG Positive Molar Grade,8,469,869.0,1
shap_feature_selection_extratrees_p1_20260529_183134,G2_mg_molar_grade,MG Positive Molar Grade,8,470,870.0,0
shap_feature_selection_extratrees_p1_20260529_183134,G2_mg_molar_grade,MG Positive Molar Grade,8,471,871.0,1
shap_feature_selection_extratrees_p1_20260529_183134,G2_mg_molar_grade,MG Positive Molar Grade,8,472,872.0,1
shap_feature_selection_extratrees_p1_20260529_183134,G2_mg_molar_grade,MG Positive Molar Grade,8,473,873.0,1
shap_feature_selection_extratrees_p1_20260529_183134,G2_mg_molar_grade,MG Positive Molar Grade,8,474,874.0,0
shap_feature_selection_extratrees_p1_20260529_183134,G2_mg_molar_grade,MG Positive Molar Grade,8,475,875.0,0
shap_feature_selection_extratrees_p1_20260529_183134,G2_mg_molar_grade,MG Positive Molar Grade,8,476,876.0,1
shap_feature_selection_extratrees_p1_20260529_183134,G2_mg_molar_grade,MG Positive Molar Grade,8,477,877.0,0
shap_feature_selection_extratrees_p1_20260529_183134,G2_mg_molar_grade,MG Positive Molar Grade,8,478,878.0,0
shap_feature_selection_extratrees_p1_20260529_183134,G2_mg_molar_grade,MG Positive Molar Grade,8,479,879.0,0
shap_feature_selection_extratrees_p1_20260529_183134,G2_mg_molar_grade,MG Positive Molar Grade,8,480,880.0,0
shap_feature_selection_extratrees_p1_20260529_183134,G2_mg_molar_grade,MG Positive Molar Grade,8,481,881.0,0
shap_feature_selection_extratrees_p1_20260529_183134,G2_mg_molar_grade,MG Positive Molar Grade,8,482,882.0,0
shap_feature_selection_extratrees_p1_20260529_183134,G2_mg_molar_grade,MG Positive Molar Grade,8,483,883.0,0
shap_feature_selection_extratrees_p1_20260529_183134,G2_mg_molar_grade,MG Positive Molar Grade,8,484,884.0,0
shap_feature_selection_extratrees_p1_20260529_183134,G2_mg_molar_grade,MG Positive Molar Grade,8,485,885.0,0
shap_feature_selection_extratrees_p1_20260529_183134,G2_mg_molar_grade,MG Positive Molar Grade,8,486,886.0,0
shap_feature_selection_extratrees_p1_20260529_183134,G2_mg_molar_grade,MG Positive Molar Grade,8,487,887.0,0
shap_feature_selection_extratrees_p1_20260529_183134,G2_mg_molar_grade,MG Positive Molar Grade,8,488,888.0,0
shap_feature_selection_extratrees_p1_20260529_183134,G2_mg_molar_grade,MG Positive Molar Grade,8,489,889.0,0
shap_feature_selection_extratrees_p1_20260529_183134,G2_mg_molar_grade,MG Positive Molar Grade,8,490,890.0,0
shap_feature_selection_extratrees_p1_20260529_183134,G2_mg_molar_grade,MG Positive Molar Grade,8,491,891.0,0
shap_feature_selection_extratrees_p1_20260529_183134,G2_mg_molar_grade,MG Positive Molar Grade,8,492,892.0,0
shap_feature_selection_extratrees_p1_20260529_183134,G2_mg_molar_grade,MG Positive Molar Grade,8,493,893.0,0
shap_feature_selection_extratrees_p1_20260529_183134,G2_mg_molar_grade,MG Positive Molar Grade,8,494,894.0,0
shap_feature_selection_extratrees_p1_20260529_183134,G2_mg_molar_grade,MG Positive Molar Grade,8,495,895.0,0
shap_feature_selection_extratrees_p1_20260529_183134,G2_mg_molar_grade,MG Positive Molar Grade,8,496,896.0,0
shap_feature_selection_extratrees_p1_20260529_183134,G2_mg_molar_grade,MG Positive Molar Grade,8,497,897.0,0
shap_feature_selection_extratrees_p1_20260529_183134,G2_mg_molar_grade,MG Positive Molar Grade,8,498,898.0,0
shap_feature_selection_extratrees_p1_20260529_183134,G2_mg_molar_grade,MG Positive Molar Grade,8,499,899.0,0
shap_feature_selection_extratrees_p1_20260529_183134,G2_mg_molar_grade,MG Positive Molar Grade,8,500,900.0,0
shap_feature_selection_extratrees_p1_20260529_183134,G2_mg_molar_grade,MG Positive Molar Grade,8,501,901.0,0
shap_feature_selection_extratrees_p1_20260529_183134,G2_mg_molar_grade,MG Positive Molar Grade,8,502,902.0,0
shap_feature_selection_extratrees_p1_20260529_183134,G2_mg_molar_grade,MG Positive Molar Grade,8,503,903.0,1
shap_feature_selection_extratrees_p1_20260529_183134,G2_mg_molar_grade,MG Positive Molar Grade,8,504,904.0,0
shap_feature_selection_extratrees_p1_20260529_183134,G2_mg_molar_grade,MG Positive Molar Grade,8,505,905.0,1
shap_feature_selection_extratrees_p1_20260529_183134,G2_mg_molar_grade,MG Positive Molar Grade,8,506,906.0,1
shap_feature_selection_extratrees_p1_20260529_183134,G2_mg_molar_grade,MG Positive Molar Grade,8,507,907.0,1
shap_feature_selection_extratrees_p1_20260529_183134,G2_mg_molar_grade,MG Positive Molar Grade,8,508,908.0,0
shap_feature_selection_extratrees_p1_20260529_183134,G2_mg_molar_grade,MG Positive Molar Grade,8,509,909.0,0
shap_feature_selection_extratrees_p1_20260529_183134,G2_mg_molar_grade,MG Positive Molar Grade,8,510,910.0,0
shap_feature_selection_extratrees_p1_20260529_183134,G2_mg_molar_grade,MG Positive Molar Grade,8,511,911.0,0
shap_feature_selection_extratrees_p1_20260529_183134,G2_mg_molar_grade,MG Positive Molar Grade,8,512,912.0,0
shap_feature_selection_extratrees_p1_20260529_183134,G2_mg_molar_grade,MG Positive Molar Grade,8,513,913.0,0
shap_feature_selection_extratrees_p1_20260529_183134,G2_mg_molar_grade,MG Positive Molar Grade,8,514,914.0,0
shap_feature_selection_extratrees_p1_20260529_183134,G2_mg_molar_grade,MG Positive Molar Grade,8,515,915.0,0
shap_feature_selection_extratrees_p1_20260529_183134,G2_mg_molar_grade,MG Positive Molar Grade,8,516,916.0,0
shap_feature_selection_extratrees_p1_20260529_183134,G2_mg_molar_grade,MG Positive Molar Grade,8,517,917.0,0
shap_feature_selection_extratrees_p1_20260529_183134,G2_mg_molar_grade,MG Positive Molar Grade,8,518,918.0,0
shap_feature_selection_extratrees_p1_20260529_183134,G2_mg_molar_grade,MG Positive Molar Grade,8,519,919.0,0
shap_feature_selection_extratrees_p1_20260529_183134,G2_mg_molar_grade,MG Positive Molar Grade,8,520,920.0,0
shap_feature_selection_extratrees_p1_20260529_183134,G2_mg_molar_grade,MG Positive Molar Grade,8,521,921.0,0
shap_feature_selection_extratrees_p1_20260529_183134,G2_mg_molar_grade,MG Positive Molar Grade,8,522,922.0,0
shap_feature_selection_extratrees_p1_20260529_183134,G2_mg_molar_grade,MG Positive Molar Grade,8,523,923.0,0
shap_feature_selection_extratrees_p1_20260529_183134,G2_mg_molar_grade,MG Positive Molar Grade,8,524,924.0,0
shap_feature_selection_extratrees_p1_20260529_183134,G2_mg_molar_grade,MG Positive Molar Grade,8,525,925.0,0
shap_feature_selection_extratrees_p1_20260529_183134,G2_mg_molar_grade,MG Positive Molar Grade,8,526,926.0,0
shap_feature_selection_extratrees_p1_20260529_183134,G2_mg_molar_grade,MG Positive Molar Grade,8,527,927.0,0
shap_feature_selection_extratrees_p1_20260529_183134,G2_mg_molar_grade,MG Positive Molar Grade,8,528,928.0,0
shap_feature_selection_extratrees_p1_20260529_183134,G2_mg_molar_grade,MG Positive Molar Grade,8,529,929.0,0
shap_feature_selection_extratrees_p1_20260529_183134,G2_mg_molar_grade,MG Positive Molar Grade,8,530,930.0,0
shap_feature_selection_extratrees_p1_20260529_183134,G2_mg_molar_grade,MG Positive Molar Grade,8,531,931.0,0
shap_feature_selection_extratrees_p1_20260529_183134,G2_mg_molar_grade,MG Positive Molar Grade,8,532,932.0,0
shap_feature_selection_extratrees_p1_20260529_183134,G2_mg_molar_grade,MG Positive Molar Grade,8,533,933.0,0
shap_feature_selection_extratrees_p1_20260529_183134,G2_mg_molar_grade,MG Positive Molar Grade,8,534,934.0,0
shap_feature_selection_extratrees_p1_20260529_183134,G2_mg_molar_grade,MG Positive Molar Grade,8,535,935.0,0
shap_feature_selection_extratrees_p1_20260529_183134,G2_mg_molar_grade,MG Positive Molar Grade,8,536,936.0,0
shap_feature_selection_extratrees_p1_20260529_183134,G2_mg_molar_grade,MG Positive Molar Grade,8,537,937.0,0
shap_feature_selection_extratrees_p1_20260529_183134,G2_mg_molar_grade,MG Positive Molar Grade,8,538,938.0,0
shap_feature_selection_extratrees_p1_20260529_183134,G2_mg_molar_grade,MG Positive Molar Grade,8,539,939.0,0
shap_feature_selection_extratrees_p1_20260529_183134,G2_mg_molar_grade,MG Positive Molar Grade,8,540,940.0,0
shap_feature_selection_extratrees_p1_20260529_183134,G2_mg_molar_grade,MG Positive Molar Grade,8,541,941.0,0
shap_feature_selection_extratrees_p1_20260529_183134,G2_mg_molar_grade,MG Positive Molar Grade,8,542,942.0,0
shap_feature_selection_extratrees_p1_20260529_183134,G2_mg_molar_grade,MG Positive Molar Grade,8,543,943.0,0
shap_feature_selection_extratrees_p1_20260529_183134,G2_mg_molar_grade,MG Positive Molar Grade,8,544,944.0,0
shap_feature_selection_extratrees_p1_20260529_183134,G2_mg_molar_grade,MG Positive Molar Grade,8,545,945.0,0
shap_feature_selection_extratrees_p1_20260529_183134,G2_mg_molar_grade,MG Positive Molar Grade,8,546,946.0,0
shap_feature_selection_extratrees_p1_20260529_183134,G2_mg_molar_grade,MG Positive Molar Grade,8,547,947.0,0
shap_feature_selection_extratrees_p1_20260529_183134,G2_mg_molar_grade,MG Positive Molar Grade,8,548,948.0,0
shap_feature_selection_extratrees_p1_20260529_183134,G2_mg_molar_grade,MG Positive Molar Grade,8,549,949.0,0
shap_feature_selection_extratrees_p1_20260529_183134,G2_mg_molar_grade,MG Positive Molar Grade,8,550,950.0,0
shap_feature_selection_extratrees_p1_20260529_183134,G2_mg_molar_grade,MG Positive Molar Grade,8,551,951.0,0
shap_feature_selection_extratrees_p1_20260529_183134,G2_mg_molar_grade,MG Positive Molar Grade,8,552,952.0,0
shap_feature_selection_extratrees_p1_20260529_183134,G2_mg_molar_grade,MG Positive Molar Grade,8,553,953.0,0
shap_feature_selection_extratrees_p1_20260529_183134,G2_mg_molar_grade,MG Positive Molar Grade,8,554,954.0,0
shap_feature_selection_extratrees_p1_20260529_183134,G2_mg_molar_grade,MG Positive Molar Grade,8,555,955.0,0
shap_feature_selection_extratrees_p1_20260529_183134,G2_mg_molar_grade,MG Positive Molar Grade,8,556,956.0,0
shap_feature_selection_extratrees_p1_20260529_183134,G2_mg_molar_grade,MG Positive Molar Grade,8,557,957.0,0
shap_feature_selection_extratrees_p1_20260529_183134,G2_mg_molar_grade,MG Positive Molar Grade,8,558,958.0,0
shap_feature_selection_extratrees_p1_20260529_183134,G2_mg_molar_grade,MG Positive Molar Grade,8,559,959.0,0
shap_feature_selection_extratrees_p1_20260529_183134,G2_mg_molar_grade,MG Positive Molar Grade,8,560,960.0,0
shap_feature_selection_extratrees_p1_20260529_183134,G2_mg_molar_grade,MG Positive Molar Grade,8,561,961.0,0
shap_feature_selection_extratrees_p1_20260529_183134,G2_mg_molar_grade,MG Positive Molar Grade,8,562,962.0,0
shap_feature_selection_extratrees_p1_20260529_183134,G2_mg_molar_grade,MG Positive Molar Grade,8,563,963.0,0
shap_feature_selection_extratrees_p1_20260529_183134,G2_mg_molar_grade,MG Positive Molar Grade,8,564,964.0,0
shap_feature_selection_extratrees_p1_20260529_183134,G2_mg_molar_grade,MG Positive Molar Grade,8,565,965.0,0
shap_feature_selection_extratrees_p1_20260529_183134,G2_mg_molar_grade,MG Positive Molar Grade,8,566,966.0,0
shap_feature_selection_extratrees_p1_20260529_183134,G2_mg_molar_grade,MG Positive Molar Grade,8,567,967.0,0
shap_feature_selection_extratrees_p1_20260529_183134,G2_mg_molar_grade,MG Positive Molar Grade,8,568,968.0,0
shap_feature_selection_extratrees_p1_20260529_183134,G2_mg_molar_grade,MG Positive Molar Grade,8,569,969.0,0
shap_feature_selection_extratrees_p1_20260529_183134,G2_mg_molar_grade,MG Positive Molar Grade,8,570,970.0,0
shap_feature_selection_extratrees_p1_20260529_183134,G2_mg_molar_grade,MG Positive Molar Grade,8,571,971.0,0
shap_feature_selection_extratrees_p1_20260529_183134,G2_mg_molar_grade,MG Positive Molar Grade,8,572,972.0,0
shap_feature_selection_extratrees_p1_20260529_183134,G2_mg_molar_grade,MG Positive Molar Grade,8,573,973.0,0
shap_feature_selection_extratrees_p1_20260529_183134,G2_mg_molar_grade,MG Positive Molar Grade,8,574,974.0,0
shap_feature_selection_extratrees_p1_20260529_183134,G2_mg_molar_grade,MG Positive Molar Grade,8,575,975.0,0
shap_feature_selection_extratrees_p1_20260529_183134,G2_mg_molar_grade,MG Positive Molar Grade,8,576,976.0,1
shap_feature_selection_extratrees_p1_20260529_183134,G2_mg_molar_grade,MG Positive Molar Grade,8,577,977.0,0
shap_feature_selection_extratrees_p1_20260529_183134,G2_mg_molar_grade,MG Positive Molar Grade,8,578,978.0,0
shap_feature_selection_extratrees_p1_20260529_183134,G2_mg_molar_grade,MG Positive Molar Grade,8,579,979.0,0
shap_feature_selection_extratrees_p1_20260529_183134,G2_mg_molar_grade,MG Positive Molar Grade,8,580,980.0,0
shap_feature_selection_extratrees_p1_20260529_183134,G2_mg_molar_grade,MG Positive Molar Grade,8,581,981.0,0
shap_feature_selection_extratrees_p1_20260529_183134,G2_mg_molar_grade,MG Positive Molar Grade,8,582,982.0,0
shap_feature_selection_extratrees_p1_20260529_183134,G2_mg_molar_grade,MG Positive Molar Grade,8,583,983.0,0
shap_feature_selection_extratrees_p1_20260529_183134,G2_mg_molar_grade,MG Positive Molar Grade,8,584,984.0,0
shap_feature_selection_extratrees_p1_20260529_183134,G2_mg_molar_grade,MG Positive Molar Grade,8,585,985.0,0
shap_feature_selection_extratrees_p1_20260529_183134,G2_mg_molar_grade,MG Positive Molar Grade,8,586,986.0,0
shap_feature_selection_extratrees_p1_20260529_183134,G2_mg_molar_grade,MG Positive Molar Grade,8,587,987.0,0
shap_feature_selection_extratrees_p1_20260529_183134,G2_mg_molar_grade,MG Positive Molar Grade,8,588,988.0,0
shap_feature_selection_extratrees_p1_20260529_183134,G2_mg_molar_grade,MG Positive Molar Grade,8,589,989.0,0
shap_feature_selection_extratrees_p1_20260529_183134,G2_mg_molar_grade,MG Positive Molar Grade,8,590,990.0,0
shap_feature_selection_extratrees_p1_20260529_183134,G2_mg_molar_grade,MG Positive Molar Grade,8,591,991.0,0
shap_feature_selection_extratrees_p1_20260529_183134,G2_mg_molar_grade,MG Positive Molar Grade,8,592,992.0,0
shap_feature_selection_extratrees_p1_20260529_183134,G2_mg_molar_grade,MG Positive Molar Grade,8,593,993.0,0
shap_feature_selection_extratrees_p1_20260529_183134,G2_mg_molar_grade,MG Positive Molar Grade,8,594,994.0,0
shap_feature_selection_extratrees_p1_20260529_183134,G2_mg_molar_grade,MG Positive Molar Grade,8,595,995.0,0
shap_feature_selection_extratrees_p1_20260529_183134,G2_mg_molar_grade,MG Positive Molar Grade,8,596,996.0,0
shap_feature_selection_extratrees_p1_20260529_183134,G2_mg_molar_grade,MG Positive Molar Grade,8,597,997.0,0
shap_feature_selection_extratrees_p1_20260529_183134,G2_mg_molar_grade,MG Positive Molar Grade,8,598,998.0,0
shap_feature_selection_extratrees_p1_20260529_183134,G2_mg_molar_grade,MG Positive Molar Grade,8,599,999.0,0
shap_feature_selection_extratrees_p1_20260529_183134,G2_mg_molar_grade,MG Positive Molar Grade,8,600,1000.0,0
shap_feature_selection_extratrees_p1_20260529_183134,G2_mg_molar_grade,MG Positive Molar Grade,8,601,1001.0,0
shap_feature_selection_extratrees_p1_20260529_183134,G2_mg_molar_grade,MG Positive Molar Grade,8,602,1002.0,1
shap_feature_selection_extratrees_p1_20260529_183134,G2_mg_molar_grade,MG Positive Molar Grade,8,603,1003.0,0
shap_feature_selection_extratrees_p1_20260529_183134,G2_mg_molar_grade,MG Positive Molar Grade,8,604,1004.0,0
shap_feature_selection_extratrees_p1_20260529_183134,G2_mg_molar_grade,MG Positive Molar Grade,8,605,1005.0,0
shap_feature_selection_extratrees_p1_20260529_183134,G2_mg_molar_grade,MG Positive Molar Grade,8,606,1006.0,0
shap_feature_selection_extratrees_p1_20260529_183134,G2_mg_molar_grade,MG Positive Molar Grade,8,607,1007.0,0
shap_feature_selection_extratrees_p1_20260529_183134,G2_mg_molar_grade,MG Positive Molar Grade,8,608,1008.0,0
shap_feature_selection_extratrees_p1_20260529_183134,G2_mg_molar_grade,MG Positive Molar Grade,8,609,1009.0,0
shap_feature_selection_extratrees_p1_20260529_183134,G2_mg_molar_grade,MG Positive Molar Grade,8,610,1010.0,0
shap_feature_selection_extratrees_p1_20260529_183134,G2_mg_molar_grade,MG Positive Molar Grade,8,611,1011.0,0
shap_feature_selection_extratrees_p1_20260529_183134,G2_mg_molar_grade,MG Positive Molar Grade,8,612,1012.0,0
shap_feature_selection_extratrees_p1_20260529_183134,G2_mg_molar_grade,MG Positive Molar Grade,8,613,1013.0,0
shap_feature_selection_extratrees_p1_20260529_183134,G2_mg_molar_grade,MG Positive Molar Grade,8,614,1014.0,0
shap_feature_selection_extratrees_p1_20260529_183134,G2_mg_molar_grade,MG Positive Molar Grade,8,615,1015.0,0
shap_feature_selection_extratrees_p1_20260529_183134,G2_mg_molar_grade,MG Positive Molar Grade,8,616,1016.0,0
shap_feature_selection_extratrees_p1_20260529_183134,G2_mg_molar_grade,MG Positive Molar Grade,8,617,1017.0,0
shap_feature_selection_extratrees_p1_20260529_183134,G2_mg_molar_grade,MG Positive Molar Grade,8,618,1018.0,0
shap_feature_selection_extratrees_p1_20260529_183134,G2_mg_molar_grade,MG Positive Molar Grade,8,619,1019.0,0
shap_feature_selection_extratrees_p1_20260529_183134,G2_mg_molar_grade,MG Positive Molar Grade,8,620,1020.0,0
shap_feature_selection_extratrees_p1_20260529_183134,G2_mg_molar_grade,MG Positive Molar Grade,8,621,1021.0,0
shap_feature_selection_extratrees_p1_20260529_183134,G2_mg_molar_grade,MG Positive Molar Grade,8,622,1022.0,0
shap_feature_selection_extratrees_p1_20260529_183134,G2_mg_molar_grade,MG Positive Molar Grade,8,623,1023.0,1
shap_feature_selection_extratrees_p1_20260529_183134,G2_mg_molar_grade,MG Positive Molar Grade,8,624,1024.0,0
shap_feature_selection_extratrees_p1_20260529_183134,G2_mg_molar_grade,MG Positive Molar Grade,8,625,1025.0,0
shap_feature_selection_extratrees_p1_20260529_183134,G2_mg_molar_grade,MG Positive Molar Grade,8,626,1026.0,1
shap_feature_selection_extratrees_p1_20260529_183134,G2_mg_molar_grade,MG Positive Molar Grade,8,627,1027.0,0
shap_feature_selection_extratrees_p1_20260529_183134,G2_mg_molar_grade,MG Positive Molar Grade,8,628,1028.0,1
shap_feature_selection_extratrees_p1_20260529_183134,G2_mg_molar_grade,MG Positive Molar Grade,8,629,1029.0,1
shap_feature_selection_extratrees_p1_20260529_183134,G2_mg_molar_grade,MG Positive Molar Grade,8,630,1030.0,0
shap_feature_selection_extratrees_p1_20260529_183134,G2_mg_molar_grade,MG Positive Molar Grade,8,631,1031.0,1
shap_feature_selection_extratrees_p1_20260529_183134,G2_mg_molar_grade,MG Positive Molar Grade,8,632,1032.0,0
shap_feature_selection_extratrees_p1_20260529_183134,G2_mg_molar_grade,MG Positive Molar Grade,8,633,1033.0,1
shap_feature_selection_extratrees_p1_20260529_183134,G2_mg_molar_grade,MG Positive Molar Grade,8,634,1034.0,1
shap_feature_selection_extratrees_p1_20260529_183134,G2_mg_molar_grade,MG Positive Molar Grade,8,635,1035.0,1
shap_feature_selection_extratrees_p1_20260529_183134,G2_mg_molar_grade,MG Positive Molar Grade,8,636,1036.0,1
shap_feature_selection_extratrees_p1_20260529_183134,G2_mg_molar_grade,MG Positive Molar Grade,8,637,1037.0,1
shap_feature_selection_extratrees_p1_20260529_183134,G2_mg_molar_grade,MG Positive Molar Grade,8,638,1038.0,0
shap_feature_selection_extratrees_p1_20260529_183134,G2_mg_molar_grade,MG Positive Molar Grade,8,639,1039.0,1
shap_feature_selection_extratrees_p1_20260529_183134,G2_mg_molar_grade,MG Positive Molar Grade,8,640,1040.0,0
shap_feature_selection_extratrees_p1_20260529_183134,G2_mg_molar_grade,MG Positive Molar Grade,8,641,1041.0,1
shap_feature_selection_extratrees_p1_20260529_183134,G2_mg_molar_grade,MG Positive Molar Grade,8,642,1042.0,0
shap_feature_selection_extratrees_p1_20260529_183134,G2_mg_molar_grade,MG Positive Molar Grade,8,643,1043.0,0
shap_feature_selection_extratrees_p1_20260529_183134,G2_mg_molar_grade,MG Positive Molar Grade,8,644,1044.0,0
shap_feature_selection_extratrees_p1_20260529_183134,G2_mg_molar_grade,MG Positive Molar Grade,8,645,1045.0,0
shap_feature_selection_extratrees_p1_20260529_183134,G2_mg_molar_grade,MG Positive Molar Grade,8,646,1046.0,0
shap_feature_selection_extratrees_p1_20260529_183134,G2_mg_molar_grade,MG Positive Molar Grade,8,647,1047.0,0
shap_feature_selection_extratrees_p1_20260529_183134,G2_mg_molar_grade,MG Positive Molar Grade,8,648,1048.0,0
shap_feature_selection_extratrees_p1_20260529_183134,G2_mg_molar_grade,MG Positive Molar Grade,8,649,1049.0,0
shap_feature_selection_extratrees_p1_20260529_183134,G2_mg_molar_grade,MG Positive Molar Grade,8,650,1050.0,0
shap_feature_selection_extratrees_p1_20260529_183134,G2_mg_molar_grade,MG Positive Molar Grade,8,651,1051.0,0
shap_feature_selection_extratrees_p1_20260529_183134,G2_mg_molar_grade,MG Positive Molar Grade,8,652,1052.0,0
shap_feature_selection_extratrees_p1_20260529_183134,G2_mg_molar_grade,MG Positive Molar Grade,8,653,1053.0,0
shap_feature_selection_extratrees_p1_20260529_183134,G2_mg_molar_grade,MG Positive Molar Grade,8,654,1054.0,0
shap_feature_selection_extratrees_p1_20260529_183134,G2_mg_molar_grade,MG Positive Molar Grade,8,655,1055.0,0
shap_feature_selection_extratrees_p1_20260529_183134,G2_mg_molar_grade,MG Positive Molar Grade,8,656,1056.0,0
shap_feature_selection_extratrees_p1_20260529_183134,G2_mg_molar_grade,MG Positive Molar Grade,8,657,1057.0,0
shap_feature_selection_extratrees_p1_20260529_183134,G2_mg_molar_grade,MG Positive Molar Grade,8,658,1058.0,0
shap_feature_selection_extratrees_p1_20260529_183134,G2_mg_molar_grade,MG Positive Molar Grade,8,659,1059.0,0
shap_feature_selection_extratrees_p1_20260529_183134,G2_mg_molar_grade,MG Positive Molar Grade,8,660,1060.0,0
shap_feature_selection_extratrees_p1_20260529_183134,G2_mg_molar_grade,MG Positive Molar Grade,8,661,1061.0,0
shap_feature_selection_extratrees_p1_20260529_183134,G2_mg_molar_grade,MG Positive Molar Grade,8,662,1062.0,0
shap_feature_selection_extratrees_p1_20260529_183134,G2_mg_molar_grade,MG Positive Molar Grade,8,663,1063.0,0
shap_feature_selection_extratrees_p1_20260529_183134,G2_mg_molar_grade,MG Positive Molar Grade,8,664,1064.0,0
shap_feature_selection_extratrees_p1_20260529_183134,G2_mg_molar_grade,MG Positive Molar Grade,8,665,1065.0,0
shap_feature_selection_extratrees_p1_20260529_183134,G2_mg_molar_grade,MG Positive Molar Grade,8,666,1066.0,0
shap_feature_selection_extratrees_p1_20260529_183134,G2_mg_molar_grade,MG Positive Molar Grade,8,667,1067.0,0
shap_feature_selection_extratrees_p1_20260529_183134,G2_mg_molar_grade,MG Positive Molar Grade,8,668,1068.0,0
shap_feature_selection_extratrees_p1_20260529_183134,G2_mg_molar_grade,MG Positive Molar Grade,8,669,1069.0,0
shap_feature_selection_extratrees_p1_20260529_183134,G2_mg_molar_grade,MG Positive Molar Grade,8,670,1070.0,0
shap_feature_selection_extratrees_p1_20260529_183134,G2_mg_molar_grade,MG Positive Molar Grade,8,671,1071.0,0
shap_feature_selection_extratrees_p1_20260529_183134,G2_mg_molar_grade,MG Positive Molar Grade,8,672,1072.0,0
shap_feature_selection_extratrees_p1_20260529_183134,G2_mg_molar_grade,MG Positive Molar Grade,8,673,1073.0,0
shap_feature_selection_extratrees_p1_20260529_183134,G2_mg_molar_grade,MG Positive Molar Grade,8,674,1074.0,0
shap_feature_selection_extratrees_p1_20260529_183134,G2_mg_molar_grade,MG Positive Molar Grade,8,675,1075.0,0
shap_feature_selection_extratrees_p1_20260529_183134,G2_mg_molar_grade,MG Positive Molar Grade,8,676,1076.0,0
shap_feature_selection_extratrees_p1_20260529_183134,G2_mg_molar_grade,MG Positive Molar Grade,8,677,1077.0,0
shap_feature_selection_extratrees_p1_20260529_183134,G2_mg_molar_grade,MG Positive Molar Grade,8,678,1078.0,0
shap_feature_selection_extratrees_p1_20260529_183134,G2_mg_molar_grade,MG Positive Molar Grade,8,679,1079.0,0
shap_feature_selection_extratrees_p1_20260529_183134,G2_mg_molar_grade,MG Positive Molar Grade,8,680,1080.0,0
shap_feature_selection_extratrees_p1_20260529_183134,G2_mg_molar_grade,MG Positive Molar Grade,8,681,1081.0,0
shap_feature_selection_extratrees_p1_20260529_183134,G2_mg_molar_grade,MG Positive Molar Grade,8,682,1082.0,0
shap_feature_selection_extratrees_p1_20260529_183134,G2_mg_molar_grade,MG Positive Molar Grade,8,683,1083.0,0
shap_feature_selection_extratrees_p1_20260529_183134,G2_mg_molar_grade,MG Positive Molar Grade,8,684,1084.0,1
shap_feature_selection_extratrees_p1_20260529_183134,G2_mg_molar_grade,MG Positive Molar Grade,8,685,1085.0,1
shap_feature_selection_extratrees_p1_20260529_183134,G2_mg_molar_grade,MG Positive Molar Grade,8,686,1086.0,0
shap_feature_selection_extratrees_p1_20260529_183134,G2_mg_molar_grade,MG Positive Molar Grade,8,687,1087.0,0
shap_feature_selection_extratrees_p1_20260529_183134,G2_mg_molar_grade,MG Positive Molar Grade,8,688,1088.0,1
shap_feature_selection_extratrees_p1_20260529_183134,G2_mg_molar_grade,MG Positive Molar Grade,8,689,1089.0,0
shap_feature_selection_extratrees_p1_20260529_183134,G2_mg_molar_grade,MG Positive Molar Grade,8,690,1090.0,1
shap_feature_selection_extratrees_p1_20260529_183134,G2_mg_molar_grade,MG Positive Molar Grade,8,691,1091.0,1
shap_feature_selection_extratrees_p1_20260529_183134,G2_mg_molar_grade,MG Positive Molar Grade,8,692,1092.0,0
shap_feature_selection_extratrees_p1_20260529_183134,G2_mg_molar_grade,MG Positive Molar Grade,8,693,1093.0,0
shap_feature_selection_extratrees_p1_20260529_183134,G2_mg_molar_grade,MG Positive Molar Grade,8,694,1094.0,0
shap_feature_selection_extratrees_p1_20260529_183134,G2_mg_molar_grade,MG Positive Molar Grade,8,695,1095.0,0
shap_feature_selection_extratrees_p1_20260529_183134,G2_mg_molar_grade,MG Positive Molar Grade,8,696,1096.0,0
shap_feature_selection_extratrees_p1_20260529_183134,G2_mg_molar_grade,MG Positive Molar Grade,8,697,1097.0,0
shap_feature_selection_extratrees_p1_20260529_183134,G2_mg_molar_grade,MG Positive Molar Grade,8,698,1098.0,0
shap_feature_selection_extratrees_p1_20260529_183134,G2_mg_molar_grade,MG Positive Molar Grade,8,699,1099.0,0
shap_feature_selection_extratrees_p1_20260529_183134,G2_mg_molar_grade,MG Positive Molar Grade,8,700,1100.0,0
shap_feature_selection_extratrees_p1_20260529_183134,G2_mg_molar_grade,MG Positive Molar Grade,8,701,1101.0,0
shap_feature_selection_extratrees_p1_20260529_183134,G2_mg_molar_grade,MG Positive Molar Grade,8,702,1102.0,0
shap_feature_selection_extratrees_p1_20260529_183134,G2_mg_molar_grade,MG Positive Molar Grade,8,703,1103.0,0
shap_feature_selection_extratrees_p1_20260529_183134,G2_mg_molar_grade,MG Positive Molar Grade,8,704,1104.0,0
shap_feature_selection_extratrees_p1_20260529_183134,G2_mg_molar_grade,MG Positive Molar Grade,8,705,1105.0,0
shap_feature_selection_extratrees_p1_20260529_183134,G2_mg_molar_grade,MG Positive Molar Grade,8,706,1106.0,0
shap_feature_selection_extratrees_p1_20260529_183134,G2_mg_molar_grade,MG Positive Molar Grade,8,707,1107.0,0
shap_feature_selection_extratrees_p1_20260529_183134,G2_mg_molar_grade,MG Positive Molar Grade,8,708,1108.0,0
shap_feature_selection_extratrees_p1_20260529_183134,G2_mg_molar_grade,MG Positive Molar Grade,8,709,1109.0,0
shap_feature_selection_extratrees_p1_20260529_183134,G2_mg_molar_grade,MG Positive Molar Grade,8,710,1110.0,0
shap_feature_selection_extratrees_p1_20260529_183134,G2_mg_molar_grade,MG Positive Molar Grade,8,711,1111.0,0
shap_feature_selection_extratrees_p1_20260529_183134,G2_mg_molar_grade,MG Positive Molar Grade,8,712,1112.0,0
shap_feature_selection_extratrees_p1_20260529_183134,G2_mg_molar_grade,MG Positive Molar Grade,8,713,1113.0,0
shap_feature_selection_extratrees_p1_20260529_183134,G2_mg_molar_grade,MG Positive Molar Grade,8,714,1114.0,0
shap_feature_selection_extratrees_p1_20260529_183134,G2_mg_molar_grade,MG Positive Molar Grade,8,715,1115.0,0
shap_feature_selection_extratrees_p1_20260529_183134,G2_mg_molar_grade,MG Positive Molar Grade,8,716,1116.0,0
shap_feature_selection_extratrees_p1_20260529_183134,G2_mg_molar_grade,MG Positive Molar Grade,8,717,1117.0,0
shap_feature_selection_extratrees_p1_20260529_183134,G2_mg_molar_grade,MG Positive Molar Grade,8,718,1118.0,0
shap_feature_selection_extratrees_p1_20260529_183134,G2_mg_molar_grade,MG Positive Molar Grade,8,719,1119.0,0
shap_feature_selection_extratrees_p1_20260529_183134,G2_mg_molar_grade,MG Positive Molar Grade,8,720,1120.0,0
shap_feature_selection_extratrees_p1_20260529_183134,G2_mg_molar_grade,MG Positive Molar Grade,8,721,1121.0,0
shap_feature_selection_extratrees_p1_20260529_183134,G2_mg_molar_grade,MG Positive Molar Grade,8,722,1122.0,0
shap_feature_selection_extratrees_p1_20260529_183134,G2_mg_molar_grade,MG Positive Molar Grade,8,723,1123.0,0
shap_feature_selection_extratrees_p1_20260529_183134,G2_mg_molar_grade,MG Positive Molar Grade,8,724,1124.0,0
shap_feature_selection_extratrees_p1_20260529_183134,G2_mg_molar_grade,MG Positive Molar Grade,8,725,1125.0,0
shap_feature_selection_extratrees_p1_20260529_183134,G2_mg_molar_grade,MG Positive Molar Grade,8,726,1126.0,0
shap_feature_selection_extratrees_p1_20260529_183134,G2_mg_molar_grade,MG Positive Molar Grade,8,727,1127.0,0
shap_feature_selection_extratrees_p1_20260529_183134,G2_mg_molar_grade,MG Positive Molar Grade,8,728,1128.0,0
shap_feature_selection_extratrees_p1_20260529_183134,G2_mg_molar_grade,MG Positive Molar Grade,8,729,1129.0,0
shap_feature_selection_extratrees_p1_20260529_183134,G2_mg_molar_grade,MG Positive Molar Grade,8,730,1130.0,0
shap_feature_selection_extratrees_p1_20260529_183134,G2_mg_molar_grade,MG Positive Molar Grade,8,731,1131.0,0
shap_feature_selection_extratrees_p1_20260529_183134,G2_mg_molar_grade,MG Positive Molar Grade,8,732,1132.0,0
shap_feature_selection_extratrees_p1_20260529_183134,G2_mg_molar_grade,MG Positive Molar Grade,8,733,1133.0,0
shap_feature_selection_extratrees_p1_20260529_183134,G2_mg_molar_grade,MG Positive Molar Grade,8,734,1134.0,0
shap_feature_selection_extratrees_p1_20260529_183134,G2_mg_molar_grade,MG Positive Molar Grade,8,735,1135.0,0
shap_feature_selection_extratrees_p1_20260529_183134,G2_mg_molar_grade,MG Positive Molar Grade,8,736,1136.0,0
shap_feature_selection_extratrees_p1_20260529_183134,G2_mg_molar_grade,MG Positive Molar Grade,8,737,1137.0,0
shap_feature_selection_extratrees_p1_20260529_183134,G2_mg_molar_grade,MG Positive Molar Grade,8,738,1138.0,0
shap_feature_selection_extratrees_p1_20260529_183134,G2_mg_molar_grade,MG Positive Molar Grade,8,739,1139.0,0
shap_feature_selection_extratrees_p1_20260529_183134,G2_mg_molar_grade,MG Positive Molar Grade,8,740,1140.0,0
shap_feature_selection_extratrees_p1_20260529_183134,G2_mg_molar_grade,MG Positive Molar Grade,8,741,1141.0,0
shap_feature_selection_extratrees_p1_20260529_183134,G2_mg_molar_grade,MG Positive Molar Grade,8,742,1142.0,0
shap_feature_selection_extratrees_p1_20260529_183134,G2_mg_molar_grade,MG Positive Molar Grade,8,743,1143.0,0
shap_feature_selection_extratrees_p1_20260529_183134,G2_mg_molar_grade,MG Positive Molar Grade,8,744,1144.0,0
shap_feature_selection_extratrees_p1_20260529_183134,G2_mg_molar_grade,MG Positive Molar Grade,8,745,1145.0,0
shap_feature_selection_extratrees_p1_20260529_183134,G2_mg_molar_grade,MG Positive Molar Grade,8,746,1146.0,0
shap_feature_selection_extratrees_p1_20260529_183134,G2_mg_molar_grade,MG Positive Molar Grade,8,747,1147.0,0
shap_feature_selection_extratrees_p1_20260529_183134,G2_mg_molar_grade,MG Positive Molar Grade,8,748,1148.0,0
shap_feature_selection_extratrees_p1_20260529_183134,G2_mg_molar_grade,MG Positive Molar Grade,8,749,1149.0,0
shap_feature_selection_extratrees_p1_20260529_183134,G2_mg_molar_grade,MG Positive Molar Grade,8,750,1150.0,0
shap_feature_selection_extratrees_p1_20260529_183134,G2_mg_molar_grade,MG Positive Molar Grade,8,751,1151.0,0
shap_feature_selection_extratrees_p1_20260529_183134,G2_mg_molar_grade,MG Positive Molar Grade,8,752,1152.0,1
shap_feature_selection_extratrees_p1_20260529_183134,G2_mg_molar_grade,MG Positive Molar Grade,8,753,1153.0,1
shap_feature_selection_extratrees_p1_20260529_183134,G2_mg_molar_grade,MG Positive Molar Grade,8,754,1154.0,1
shap_feature_selection_extratrees_p1_20260529_183134,G2_mg_molar_grade,MG Positive Molar Grade,8,755,1155.0,0
shap_feature_selection_extratrees_p1_20260529_183134,G2_mg_molar_grade,MG Positive Molar Grade,8,756,1156.0,0
shap_feature_selection_extratrees_p1_20260529_183134,G2_mg_molar_grade,MG Positive Molar Grade,8,757,1157.0,1
shap_feature_selection_extratrees_p1_20260529_183134,G2_mg_molar_grade,MG Positive Molar Grade,8,758,1158.0,1
shap_feature_selection_extratrees_p1_20260529_183134,G2_mg_molar_grade,MG Positive Molar Grade,8,759,1159.0,1
shap_feature_selection_extratrees_p1_20260529_183134,G2_mg_molar_grade,MG Positive Molar Grade,8,760,1160.0,1
shap_feature_selection_extratrees_p1_20260529_183134,G2_mg_molar_grade,MG Positive Molar Grade,8,761,1161.0,1
shap_feature_selection_extratrees_p1_20260529_183134,G2_mg_molar_grade,MG Positive Molar Grade,8,762,1162.0,1
shap_feature_selection_extratrees_p1_20260529_183134,G2_mg_molar_grade,MG Positive Molar Grade,8,763,1163.0,0
shap_feature_selection_extratrees_p1_20260529_183134,G2_mg_molar_grade,MG Positive Molar Grade,8,764,1164.0,0
shap_feature_selection_extratrees_p1_20260529_183134,G2_mg_molar_grade,MG Positive Molar Grade,8,765,1165.0,0
shap_feature_selection_extratrees_p1_20260529_183134,G2_mg_molar_grade,MG Positive Molar Grade,8,766,1166.0,1
shap_feature_selection_extratrees_p1_20260529_183134,G2_mg_molar_grade,MG Positive Molar Grade,8,767,1167.0,0
shap_feature_selection_extratrees_p1_20260529_183134,G2_mg_molar_grade,MG Positive Molar Grade,8,768,1168.0,0
shap_feature_selection_extratrees_p1_20260529_183134,G2_mg_molar_grade,MG Positive Molar Grade,8,769,1169.0,1
shap_feature_selection_extratrees_p1_20260529_183134,G2_mg_molar_grade,MG Positive Molar Grade,8,770,1170.0,0
shap_feature_selection_extratrees_p1_20260529_183134,G2_mg_molar_grade,MG Positive Molar Grade,8,771,1171.0,1
shap_feature_selection_extratrees_p1_20260529_183134,G2_mg_molar_grade,MG Positive Molar Grade,8,772,1172.0,0
shap_feature_selection_extratrees_p1_20260529_183134,G2_mg_molar_grade,MG Positive Molar Grade,8,773,1173.0,1
shap_feature_selection_extratrees_p1_20260529_183134,G2_mg_molar_grade,MG Positive Molar Grade,8,774,1174.0,1
shap_feature_selection_extratrees_p1_20260529_183134,G2_mg_molar_grade,MG Positive Molar Grade,8,775,1175.0,1
shap_feature_selection_extratrees_p1_20260529_183134,G2_mg_molar_grade,MG Positive Molar Grade,8,776,1176.0,1
shap_feature_selection_extratrees_p1_20260529_183134,G2_mg_molar_grade,MG Positive Molar Grade,8,777,1177.0,0
shap_feature_selection_extratrees_p1_20260529_183134,G2_mg_molar_grade,MG Positive Molar Grade,8,778,1178.0,1
shap_feature_selection_extratrees_p1_20260529_183134,G2_mg_molar_grade,MG Positive Molar Grade,8,779,1179.0,0
shap_feature_selection_extratrees_p1_20260529_183134,G2_mg_molar_grade,MG Positive Molar Grade,8,780,1180.0,1
shap_feature_selection_extratrees_p1_20260529_183134,G2_mg_molar_grade,MG Positive Molar Grade,8,781,1181.0,1
shap_feature_selection_extratrees_p1_20260529_183134,G2_mg_molar_grade,MG Positive Molar Grade,8,782,1182.0,1
shap_feature_selection_extratrees_p1_20260529_183134,G2_mg_molar_grade,MG Positive Molar Grade,8,783,1183.0,1
shap_feature_selection_extratrees_p1_20260529_183134,G2_mg_molar_grade,MG Positive Molar Grade,8,784,1184.0,1
shap_feature_selection_extratrees_p1_20260529_183134,G2_mg_molar_grade,MG Positive Molar Grade,8,785,1185.0,1
shap_feature_selection_extratrees_p1_20260529_183134,G2_mg_molar_grade,MG Positive Molar Grade,8,786,1186.0,1
shap_feature_selection_extratrees_p1_20260529_183134,G2_mg_molar_grade,MG Positive Molar Grade,8,787,1187.0,1
shap_feature_selection_extratrees_p1_20260529_183134,G2_mg_molar_grade,MG Positive Molar Grade,8,788,1188.0,1
shap_feature_selection_extratrees_p1_20260529_183134,G2_mg_molar_grade,MG Positive Molar Grade,8,789,1189.0,0
shap_feature_selection_extratrees_p1_20260529_183134,G2_mg_molar_grade,MG Positive Molar Grade,8,790,1190.0,0
shap_feature_selection_extratrees_p1_20260529_183134,G2_mg_molar_grade,MG Positive Molar Grade,8,791,1191.0,0
shap_feature_selection_extratrees_p1_20260529_183134,G2_mg_molar_grade,MG Positive Molar Grade,8,792,1192.0,0
shap_feature_selection_extratrees_p1_20260529_183134,G2_mg_molar_grade,MG Positive Molar Grade,8,793,1193.0,0
shap_feature_selection_extratrees_p1_20260529_183134,G2_mg_molar_grade,MG Positive Molar Grade,8,794,1194.0,0
shap_feature_selection_extratrees_p1_20260529_183134,G2_mg_molar_grade,MG Positive Molar Grade,8,795,1195.0,0
shap_feature_selection_extratrees_p1_20260529_183134,G2_mg_molar_grade,MG Positive Molar Grade,8,796,1196.0,0
shap_feature_selection_extratrees_p1_20260529_183134,G2_mg_molar_grade,MG Positive Molar Grade,8,797,1197.0,0
shap_feature_selection_extratrees_p1_20260529_183134,G2_mg_molar_grade,MG Positive Molar Grade,8,798,1198.0,0
shap_feature_selection_extratrees_p1_20260529_183134,G2_mg_molar_grade,MG Positive Molar Grade,8,799,1199.0,0
shap_feature_selection_extratrees_p1_20260529_183134,G2_mg_molar_grade,MG Positive Molar Grade,8,800,1200.0,0
shap_feature_selection_extratrees_p1_20260529_183134,G2_mg_molar_grade,MG Positive Molar Grade,8,801,1201.0,0
shap_feature_selection_extratrees_p1_20260529_183134,G2_mg_molar_grade,MG Positive Molar Grade,8,802,1202.0,0
shap_feature_selection_extratrees_p1_20260529_183134,G2_mg_molar_grade,MG Positive Molar Grade,8,803,1203.0,0
shap_feature_selection_extratrees_p1_20260529_183134,G2_mg_molar_grade,MG Positive Molar Grade,8,804,1204.0,0
shap_feature_selection_extratrees_p1_20260529_183134,G2_mg_molar_grade,MG Positive Molar Grade,8,805,1205.0,1
shap_feature_selection_extratrees_p1_20260529_183134,G2_mg_molar_grade,MG Positive Molar Grade,8,806,1206.0,1
shap_feature_selection_extratrees_p1_20260529_183134,G2_mg_molar_grade,MG Positive Molar Grade,8,807,1207.0,1
shap_feature_selection_extratrees_p1_20260529_183134,G2_mg_molar_grade,MG Positive Molar Grade,8,808,1208.0,1
shap_feature_selection_extratrees_p1_20260529_183134,G2_mg_molar_grade,MG Positive Molar Grade,8,809,1209.0,1
shap_feature_selection_extratrees_p1_20260529_183134,G2_mg_molar_grade,MG Positive Molar Grade,8,810,1210.0,1
shap_feature_selection_extratrees_p1_20260529_183134,G2_mg_molar_grade,MG Positive Molar Grade,8,811,1211.0,1
shap_feature_selection_extratrees_p1_20260529_183134,G2_mg_molar_grade,MG Positive Molar Grade,8,812,1212.0,1
shap_feature_selection_extratrees_p1_20260529_183134,G2_mg_molar_grade,MG Positive Molar Grade,8,813,1213.0,1
shap_feature_selection_extratrees_p1_20260529_183134,G2_mg_molar_grade,MG Positive Molar Grade,8,814,1214.0,1
shap_feature_selection_extratrees_p1_20260529_183134,G2_mg_molar_grade,MG Positive Molar Grade,8,815,1215.0,1
shap_feature_selection_extratrees_p1_20260529_183134,G2_mg_molar_grade,MG Positive Molar Grade,8,816,1216.0,1
shap_feature_selection_extratrees_p1_20260529_183134,G2_mg_molar_grade,MG Positive Molar Grade,8,817,1217.0,0
shap_feature_selection_extratrees_p1_20260529_183134,G2_mg_molar_grade,MG Positive Molar Grade,8,818,1218.0,0
shap_feature_selection_extratrees_p1_20260529_183134,G2_mg_molar_grade,MG Positive Molar Grade,8,819,1219.0,1
shap_feature_selection_extratrees_p1_20260529_183134,G2_mg_molar_grade,MG Positive Molar Grade,8,820,1220.0,0
shap_feature_selection_extratrees_p1_20260529_183134,G2_mg_molar_grade,MG Positive Molar Grade,8,821,1221.0,0
shap_feature_selection_extratrees_p1_20260529_183134,G2_mg_molar_grade,MG Positive Molar Grade,8,822,1222.0,0
shap_feature_selection_extratrees_p1_20260529_183134,G2_mg_molar_grade,MG Positive Molar Grade,8,823,1223.0,0
shap_feature_selection_extratrees_p1_20260529_183134,G2_mg_molar_grade,MG Positive Molar Grade,8,824,1224.0,0
shap_feature_selection_extratrees_p1_20260529_183134,G2_mg_molar_grade,MG Positive Molar Grade,8,825,1225.0,0
shap_feature_selection_extratrees_p1_20260529_183134,G2_mg_molar_grade,MG Positive Molar Grade,8,826,1226.0,0
shap_feature_selection_extratrees_p1_20260529_183134,G2_mg_molar_grade,MG Positive Molar Grade,8,827,1227.0,0
shap_feature_selection_extratrees_p1_20260529_183134,G2_mg_molar_grade,MG Positive Molar Grade,8,828,1228.0,0
shap_feature_selection_extratrees_p1_20260529_183134,G2_mg_molar_grade,MG Positive Molar Grade,8,829,1229.0,0
shap_feature_selection_extratrees_p1_20260529_183134,G2_mg_molar_grade,MG Positive Molar Grade,8,830,1230.0,0
shap_feature_selection_extratrees_p1_20260529_183134,G2_mg_molar_grade,MG Positive Molar Grade,8,831,1231.0,0
shap_feature_selection_extratrees_p1_20260529_183134,G2_mg_molar_grade,MG Positive Molar Grade,8,832,1232.0,0
shap_feature_selection_extratrees_p1_20260529_183134,G2_mg_molar_grade,MG Positive Molar Grade,8,833,1233.0,0
shap_feature_selection_extratrees_p1_20260529_183134,G2_mg_molar_grade,MG Positive Molar Grade,8,834,1234.0,0
shap_feature_selection_extratrees_p1_20260529_183134,G2_mg_molar_grade,MG Positive Molar Grade,8,835,1235.0,0
shap_feature_selection_extratrees_p1_20260529_183134,G2_mg_molar_grade,MG Positive Molar Grade,8,836,1236.0,0
shap_feature_selection_extratrees_p1_20260529_183134,G2_mg_molar_grade,MG Positive Molar Grade,8,837,1237.0,0
shap_feature_selection_extratrees_p1_20260529_183134,G2_mg_molar_grade,MG Positive Molar Grade,8,838,1238.0,0
shap_feature_selection_extratrees_p1_20260529_183134,G2_mg_molar_grade,MG Positive Molar Grade,8,839,1239.0,0
shap_feature_selection_extratrees_p1_20260529_183134,G2_mg_molar_grade,MG Positive Molar Grade,8,840,1240.0,0
shap_feature_selection_extratrees_p1_20260529_183134,G2_mg_molar_grade,MG Positive Molar Grade,8,841,1241.0,0
shap_feature_selection_extratrees_p1_20260529_183134,G2_mg_molar_grade,MG Positive Molar Grade,8,842,1242.0,0
shap_feature_selection_extratrees_p1_20260529_183134,G2_mg_molar_grade,MG Positive Molar Grade,8,843,1243.0,0
shap_feature_selection_extratrees_p1_20260529_183134,G2_mg_molar_grade,MG Positive Molar Grade,8,844,1244.0,0
shap_feature_selection_extratrees_p1_20260529_183134,G2_mg_molar_grade,MG Positive Molar Grade,8,845,1245.0,0
shap_feature_selection_extratrees_p1_20260529_183134,G2_mg_molar_grade,MG Positive Molar Grade,8,846,1246.0,0
shap_feature_selection_extratrees_p1_20260529_183134,G2_mg_molar_grade,MG Positive Molar Grade,8,847,1247.0,0
shap_feature_selection_extratrees_p1_20260529_183134,G2_mg_molar_grade,MG Positive Molar Grade,8,848,1248.0,0
shap_feature_selection_extratrees_p1_20260529_183134,G2_mg_molar_grade,MG Positive Molar Grade,8,849,1249.0,0
shap_feature_selection_extratrees_p1_20260529_183134,G2_mg_molar_grade,MG Positive Molar Grade,8,850,1250.0,0
shap_feature_selection_extratrees_p1_20260529_183134,G2_mg_molar_grade,MG Positive Molar Grade,8,851,1251.0,0
shap_feature_selection_extratrees_p1_20260529_183134,G2_mg_molar_grade,MG Positive Molar Grade,8,852,1252.0,0
shap_feature_selection_extratrees_p1_20260529_183134,G2_mg_molar_grade,MG Positive Molar Grade,8,853,1253.0,0
shap_feature_selection_extratrees_p1_20260529_183134,G2_mg_molar_grade,MG Positive Molar Grade,8,854,1254.0,0
shap_feature_selection_extratrees_p1_20260529_183134,G2_mg_molar_grade,MG Positive Molar Grade,8,855,1255.0,0
shap_feature_selection_extratrees_p1_20260529_183134,G2_mg_molar_grade,MG Positive Molar Grade,8,856,1256.0,0
shap_feature_selection_extratrees_p1_20260529_183134,G2_mg_molar_grade,MG Positive Molar Grade,8,857,1257.0,0
shap_feature_selection_extratrees_p1_20260529_183134,G2_mg_molar_grade,MG Positive Molar Grade,8,858,1258.0,0
shap_feature_selection_extratrees_p1_20260529_183134,G2_mg_molar_grade,MG Positive Molar Grade,8,859,1259.0,0
shap_feature_selection_extratrees_p1_20260529_183134,G2_mg_molar_grade,MG Positive Molar Grade,8,860,1260.0,0
shap_feature_selection_extratrees_p1_20260529_183134,G2_mg_molar_grade,MG Positive Molar Grade,8,861,1261.0,0
shap_feature_selection_extratrees_p1_20260529_183134,G2_mg_molar_grade,MG Positive Molar Grade,8,862,1262.0,0
shap_feature_selection_extratrees_p1_20260529_183134,G2_mg_molar_grade,MG Positive Molar Grade,8,863,1263.0,0
shap_feature_selection_extratrees_p1_20260529_183134,G2_mg_molar_grade,MG Positive Molar Grade,8,864,1264.0,0
shap_feature_selection_extratrees_p1_20260529_183134,G2_mg_molar_grade,MG Positive Molar Grade,8,865,1265.0,0
shap_feature_selection_extratrees_p1_20260529_183134,G2_mg_molar_grade,MG Positive Molar Grade,8,866,1266.0,0
shap_feature_selection_extratrees_p1_20260529_183134,G2_mg_molar_grade,MG Positive Molar Grade,8,867,1267.0,0
shap_feature_selection_extratrees_p1_20260529_183134,G2_mg_molar_grade,MG Positive Molar Grade,8,868,1268.0,0
shap_feature_selection_extratrees_p1_20260529_183134,G2_mg_molar_grade,MG Positive Molar Grade,8,869,1269.0,0
shap_feature_selection_extratrees_p1_20260529_183134,G2_mg_molar_grade,MG Positive Molar Grade,8,870,1270.0,0
shap_feature_selection_extratrees_p1_20260529_183134,G2_mg_molar_grade,MG Positive Molar Grade,8,871,1271.0,0
shap_feature_selection_extratrees_p1_20260529_183134,G2_mg_molar_grade,MG Positive Molar Grade,8,872,1272.0,0
shap_feature_selection_extratrees_p1_20260529_183134,G2_mg_molar_grade,MG Positive Molar Grade,8,873,1273.0,0
shap_feature_selection_extratrees_p1_20260529_183134,G2_mg_molar_grade,MG Positive Molar Grade,8,874,1274.0,0
shap_feature_selection_extratrees_p1_20260529_183134,G2_mg_molar_grade,MG Positive Molar Grade,8,875,1275.0,0
shap_feature_selection_extratrees_p1_20260529_183134,G2_mg_molar_grade,MG Positive Molar Grade,8,876,1276.0,0
shap_feature_selection_extratrees_p1_20260529_183134,G2_mg_molar_grade,MG Positive Molar Grade,8,877,1277.0,0
shap_feature_selection_extratrees_p1_20260529_183134,G2_mg_molar_grade,MG Positive Molar Grade,8,878,1278.0,0
shap_feature_selection_extratrees_p1_20260529_183134,G2_mg_molar_grade,MG Positive Molar Grade,8,879,1279.0,0
shap_feature_selection_extratrees_p1_20260529_183134,G2_mg_molar_grade,MG Positive Molar Grade,8,880,1280.0,0
shap_feature_selection_extratrees_p1_20260529_183134,G2_mg_molar_grade,MG Positive Molar Grade,8,881,1281.0,0
shap_feature_selection_extratrees_p1_20260529_183134,G2_mg_molar_grade,MG Positive Molar Grade,8,882,1282.0,0
shap_feature_selection_extratrees_p1_20260529_183134,G2_mg_molar_grade,MG Positive Molar Grade,8,883,1283.0,0
shap_feature_selection_extratrees_p1_20260529_183134,G2_mg_molar_grade,MG Positive Molar Grade,8,884,1284.0,0
shap_feature_selection_extratrees_p1_20260529_183134,G2_mg_molar_grade,MG Positive Molar Grade,8,885,1285.0,0
shap_feature_selection_extratrees_p1_20260529_183134,G2_mg_molar_grade,MG Positive Molar Grade,8,886,1286.0,1
shap_feature_selection_extratrees_p1_20260529_183134,G2_mg_molar_grade,MG Positive Molar Grade,8,887,1287.0,0
shap_feature_selection_extratrees_p1_20260529_183134,G2_mg_molar_grade,MG Positive Molar Grade,8,888,1288.0,0
shap_feature_selection_extratrees_p1_20260529_183134,G2_mg_molar_grade,MG Positive Molar Grade,8,889,1289.0,0
shap_feature_selection_extratrees_p1_20260529_183134,G2_mg_molar_grade,MG Positive Molar Grade,8,890,1290.0,0
shap_feature_selection_extratrees_p1_20260529_183134,G2_mg_molar_grade,MG Positive Molar Grade,8,891,1291.0,0
shap_feature_selection_extratrees_p1_20260529_183134,G2_mg_molar_grade,MG Positive Molar Grade,8,892,1292.0,0
shap_feature_selection_extratrees_p1_20260529_183134,G2_mg_molar_grade,MG Positive Molar Grade,8,893,1293.0,0
shap_feature_selection_extratrees_p1_20260529_183134,G2_mg_molar_grade,MG Positive Molar Grade,8,894,1294.0,0
shap_feature_selection_extratrees_p1_20260529_183134,G2_mg_molar_grade,MG Positive Molar Grade,8,895,1295.0,0
shap_feature_selection_extratrees_p1_20260529_183134,G2_mg_molar_grade,MG Positive Molar Grade,8,896,1296.0,0
shap_feature_selection_extratrees_p1_20260529_183134,G2_mg_molar_grade,MG Positive Molar Grade,8,897,1297.0,0
shap_feature_selection_extratrees_p1_20260529_183134,G2_mg_molar_grade,MG Positive Molar Grade,8,898,1298.0,0
shap_feature_selection_extratrees_p1_20260529_183134,G2_mg_molar_grade,MG Positive Molar Grade,8,899,1299.0,0
shap_feature_selection_extratrees_p1_20260529_183134,G2_mg_molar_grade,MG Positive Molar Grade,8,900,1300.0,0
shap_feature_selection_extratrees_p1_20260529_183134,G2_mg_molar_grade,MG Positive Molar Grade,8,901,1301.0,0
shap_feature_selection_extratrees_p1_20260529_183134,G2_mg_molar_grade,MG Positive Molar Grade,8,902,1302.0,0
shap_feature_selection_extratrees_p1_20260529_183134,G2_mg_molar_grade,MG Positive Molar Grade,8,903,1303.0,0
shap_feature_selection_extratrees_p1_20260529_183134,G2_mg_molar_grade,MG Positive Molar Grade,8,904,1304.0,0
shap_feature_selection_extratrees_p1_20260529_183134,G2_mg_molar_grade,MG Positive Molar Grade,8,905,1305.0,0
shap_feature_selection_extratrees_p1_20260529_183134,G2_mg_molar_grade,MG Positive Molar Grade,8,906,1306.0,0
shap_feature_selection_extratrees_p1_20260529_183134,G2_mg_molar_grade,MG Positive Molar Grade,8,907,1307.0,0
shap_feature_selection_extratrees_p1_20260529_183134,G2_mg_molar_grade,MG Positive Molar Grade,8,908,1308.0,0
shap_feature_selection_extratrees_p1_20260529_183134,G2_mg_molar_grade,MG Positive Molar Grade,8,909,1309.0,0
shap_feature_selection_extratrees_p1_20260529_183134,G2_mg_molar_grade,MG Positive Molar Grade,8,910,1310.0,0
shap_feature_selection_extratrees_p1_20260529_183134,G2_mg_molar_grade,MG Positive Molar Grade,8,911,1311.0,0
shap_feature_selection_extratrees_p1_20260529_183134,G2_mg_molar_grade,MG Positive Molar Grade,8,912,1312.0,0
shap_feature_selection_extratrees_p1_20260529_183134,G2_mg_molar_grade,MG Positive Molar Grade,8,913,1313.0,0
shap_feature_selection_extratrees_p1_20260529_183134,G2_mg_molar_grade,MG Positive Molar Grade,8,914,1314.0,0
shap_feature_selection_extratrees_p1_20260529_183134,G2_mg_molar_grade,MG Positive Molar Grade,8,915,1315.0,0
shap_feature_selection_extratrees_p1_20260529_183134,G2_mg_molar_grade,MG Positive Molar Grade,8,916,1316.0,0
shap_feature_selection_extratrees_p1_20260529_183134,G2_mg_molar_grade,MG Positive Molar Grade,8,917,1317.0,1
shap_feature_selection_extratrees_p1_20260529_183134,G2_mg_molar_grade,MG Positive Molar Grade,8,918,1318.0,1
shap_feature_selection_extratrees_p1_20260529_183134,G2_mg_molar_grade,MG Positive Molar Grade,8,919,1319.0,0
shap_feature_selection_extratrees_p1_20260529_183134,G2_mg_molar_grade,MG Positive Molar Grade,8,920,1320.0,0
shap_feature_selection_extratrees_p1_20260529_183134,G2_mg_molar_grade,MG Positive Molar Grade,8,921,1321.0,0
shap_feature_selection_extratrees_p1_20260529_183134,G2_mg_molar_grade,MG Positive Molar Grade,8,922,1322.0,0
shap_feature_selection_extratrees_p1_20260529_183134,G2_mg_molar_grade,MG Positive Molar Grade,8,923,1323.0,0
shap_feature_selection_extratrees_p1_20260529_183134,G2_mg_molar_grade,MG Positive Molar Grade,8,924,1324.0,0
shap_feature_selection_extratrees_p1_20260529_183134,G2_mg_molar_grade,MG Positive Molar Grade,8,925,1325.0,0
shap_feature_selection_extratrees_p1_20260529_183134,G2_mg_molar_grade,MG Positive Molar Grade,8,926,1326.0,0
shap_feature_selection_extratrees_p1_20260529_183134,G2_mg_molar_grade,MG Positive Molar Grade,8,927,1327.0,0
shap_feature_selection_extratrees_p1_20260529_183134,G2_mg_molar_grade,MG Positive Molar Grade,8,928,1328.0,0
shap_feature_selection_extratrees_p1_20260529_183134,G2_mg_molar_grade,MG Positive Molar Grade,8,929,1329.0,0
shap_feature_selection_extratrees_p1_20260529_183134,G2_mg_molar_grade,MG Positive Molar Grade,8,930,1330.0,0
shap_feature_selection_extratrees_p1_20260529_183134,G2_mg_molar_grade,MG Positive Molar Grade,8,931,1331.0,0
shap_feature_selection_extratrees_p1_20260529_183134,G2_mg_molar_grade,MG Positive Molar Grade,8,932,1332.0,0
shap_feature_selection_extratrees_p1_20260529_183134,G2_mg_molar_grade,MG Positive Molar Grade,8,933,1333.0,0
shap_feature_selection_extratrees_p1_20260529_183134,G2_mg_molar_grade,MG Positive Molar Grade,8,934,1334.0,0
shap_feature_selection_extratrees_p1_20260529_183134,G2_mg_molar_grade,MG Positive Molar Grade,8,935,1335.0,0
shap_feature_selection_extratrees_p1_20260529_183134,G2_mg_molar_grade,MG Positive Molar Grade,8,936,1336.0,0
shap_feature_selection_extratrees_p1_20260529_183134,G2_mg_molar_grade,MG Positive Molar Grade,8,937,1337.0,0
shap_feature_selection_extratrees_p1_20260529_183134,G2_mg_molar_grade,MG Positive Molar Grade,8,938,1338.0,0
shap_feature_selection_extratrees_p1_20260529_183134,G2_mg_molar_grade,MG Positive Molar Grade,8,939,1339.0,0
shap_feature_selection_extratrees_p1_20260529_183134,G2_mg_molar_grade,MG Positive Molar Grade,8,940,1340.0,0
shap_feature_selection_extratrees_p1_20260529_183134,G2_mg_molar_grade,MG Positive Molar Grade,8,941,1341.0,0
shap_feature_selection_extratrees_p1_20260529_183134,G2_mg_molar_grade,MG Positive Molar Grade,8,942,1342.0,0
shap_feature_selection_extratrees_p1_20260529_183134,G2_mg_molar_grade,MG Positive Molar Grade,8,943,1343.0,0
shap_feature_selection_extratrees_p1_20260529_183134,G2_mg_molar_grade,MG Positive Molar Grade,8,944,1344.0,0
shap_feature_selection_extratrees_p1_20260529_183134,G2_mg_molar_grade,MG Positive Molar Grade,8,945,1345.0,0
shap_feature_selection_extratrees_p1_20260529_183134,G2_mg_molar_grade,MG Positive Molar Grade,8,946,1346.0,0
shap_feature_selection_extratrees_p1_20260529_183134,G2_mg_molar_grade,MG Positive Molar Grade,8,947,1347.0,0
shap_feature_selection_extratrees_p1_20260529_183134,G2_mg_molar_grade,MG Positive Molar Grade,8,948,1348.0,0
shap_feature_selection_extratrees_p1_20260529_183134,G2_mg_molar_grade,MG Positive Molar Grade,8,949,1349.0,0
shap_feature_selection_extratrees_p1_20260529_183134,G2_mg_molar_grade,MG Positive Molar Grade,8,950,1350.0,0
shap_feature_selection_extratrees_p1_20260529_183134,G2_mg_molar_grade,MG Positive Molar Grade,8,951,1351.0,0
shap_feature_selection_extratrees_p1_20260529_183134,G2_mg_molar_grade,MG Positive Molar Grade,8,952,1352.0,0
shap_feature_selection_extratrees_p1_20260529_183134,G2_mg_molar_grade,MG Positive Molar Grade,8,953,1353.0,0
shap_feature_selection_extratrees_p1_20260529_183134,G2_mg_molar_grade,MG Positive Molar Grade,8,954,1354.0,0
shap_feature_selection_extratrees_p1_20260529_183134,G2_mg_molar_grade,MG Positive Molar Grade,8,955,1355.0,0
shap_feature_selection_extratrees_p1_20260529_183134,G2_mg_molar_grade,MG Positive Molar Grade,8,956,1356.0,0
shap_feature_selection_extratrees_p1_20260529_183134,G2_mg_molar_grade,MG Positive Molar Grade,8,957,1357.0,0
shap_feature_selection_extratrees_p1_20260529_183134,G2_mg_molar_grade,MG Positive Molar Grade,8,958,1358.0,0
shap_feature_selection_extratrees_p1_20260529_183134,G2_mg_molar_grade,MG Positive Molar Grade,8,959,1359.0,0
shap_feature_selection_extratrees_p1_20260529_183134,G2_mg_molar_grade,MG Positive Molar Grade,8,960,1360.0,0
shap_feature_selection_extratrees_p1_20260529_183134,G2_mg_molar_grade,MG Positive Molar Grade,8,961,1361.0,0
shap_feature_selection_extratrees_p1_20260529_183134,G2_mg_molar_grade,MG Positive Molar Grade,8,962,1362.0,0
shap_feature_selection_extratrees_p1_20260529_183134,G2_mg_molar_grade,MG Positive Molar Grade,8,963,1363.0,0
shap_feature_selection_extratrees_p1_20260529_183134,G2_mg_molar_grade,MG Positive Molar Grade,8,964,1364.0,0
shap_feature_selection_extratrees_p1_20260529_183134,G2_mg_molar_grade,MG Positive Molar Grade,8,965,1365.0,0
shap_feature_selection_extratrees_p1_20260529_183134,G2_mg_molar_grade,MG Positive Molar Grade,8,966,1366.0,0
shap_feature_selection_extratrees_p1_20260529_183134,G2_mg_molar_grade,MG Positive Molar Grade,8,967,1367.0,0
shap_feature_selection_extratrees_p1_20260529_183134,G2_mg_molar_grade,MG Positive Molar Grade,8,968,1368.0,0
shap_feature_selection_extratrees_p1_20260529_183134,G2_mg_molar_grade,MG Positive Molar Grade,8,969,1369.0,0
shap_feature_selection_extratrees_p1_20260529_183134,G2_mg_molar_grade,MG Positive Molar Grade,8,970,1370.0,0
shap_feature_selection_extratrees_p1_20260529_183134,G2_mg_molar_grade,MG Positive Molar Grade,8,971,1371.0,0
shap_feature_selection_extratrees_p1_20260529_183134,G2_mg_molar_grade,MG Positive Molar Grade,8,972,1372.0,0
shap_feature_selection_extratrees_p1_20260529_183134,G2_mg_molar_grade,MG Positive Molar Grade,8,973,1373.0,0
shap_feature_selection_extratrees_p1_20260529_183134,G2_mg_molar_grade,MG Positive Molar Grade,8,974,1374.0,0
shap_feature_selection_extratrees_p1_20260529_183134,G2_mg_molar_grade,MG Positive Molar Grade,8,975,1375.0,0
shap_feature_selection_extratrees_p1_20260529_183134,G2_mg_molar_grade,MG Positive Molar Grade,8,976,1376.0,0
shap_feature_selection_extratrees_p1_20260529_183134,G2_mg_molar_grade,MG Positive Molar Grade,8,977,1377.0,0
shap_feature_selection_extratrees_p1_20260529_183134,G2_mg_molar_grade,MG Positive Molar Grade,8,978,1378.0,0
shap_feature_selection_extratrees_p1_20260529_183134,G2_mg_molar_grade,MG Positive Molar Grade,8,979,1379.0,0
shap_feature_selection_extratrees_p1_20260529_183134,G2_mg_molar_grade,MG Positive Molar Grade,8,980,1380.0,0
shap_feature_selection_extratrees_p1_20260529_183134,G2_mg_molar_grade,MG Positive Molar Grade,8,981,1381.0,0
shap_feature_selection_extratrees_p1_20260529_183134,G2_mg_molar_grade,MG Positive Molar Grade,8,982,1382.0,0
shap_feature_selection_extratrees_p1_20260529_183134,G2_mg_molar_grade,MG Positive Molar Grade,8,983,1383.0,0
shap_feature_selection_extratrees_p1_20260529_183134,G2_mg_molar_grade,MG Positive Molar Grade,8,984,1384.0,0
shap_feature_selection_extratrees_p1_20260529_183134,G2_mg_molar_grade,MG Positive Molar Grade,8,985,1385.0,0
shap_feature_selection_extratrees_p1_20260529_183134,G2_mg_molar_grade,MG Positive Molar Grade,8,986,1386.0,0
shap_feature_selection_extratrees_p1_20260529_183134,G2_mg_molar_grade,MG Positive Molar Grade,8,987,1387.0,0
shap_feature_selection_extratrees_p1_20260529_183134,G2_mg_molar_grade,MG Positive Molar Grade,8,988,1388.0,0
shap_feature_selection_extratrees_p1_20260529_183134,G2_mg_molar_grade,MG Positive Molar Grade,8,989,1389.0,0
shap_feature_selection_extratrees_p1_20260529_183134,G2_mg_molar_grade,MG Positive Molar Grade,8,990,1390.0,0
shap_feature_selection_extratrees_p1_20260529_183134,G2_mg_molar_grade,MG Positive Molar Grade,8,991,1391.0,0
shap_feature_selection_extratrees_p1_20260529_183134,G2_mg_molar_grade,MG Positive Molar Grade,8,992,1392.0,0
shap_feature_selection_extratrees_p1_20260529_183134,G2_mg_molar_grade,MG Positive Molar Grade,8,993,1393.0,0
shap_feature_selection_extratrees_p1_20260529_183134,G2_mg_molar_grade,MG Positive Molar Grade,8,994,1394.0,0
shap_feature_selection_extratrees_p1_20260529_183134,G2_mg_molar_grade,MG Positive Molar Grade,8,995,1395.0,0
shap_feature_selection_extratrees_p1_20260529_183134,G2_mg_molar_grade,MG Positive Molar Grade,8,996,1396.0,0
shap_feature_selection_extratrees_p1_20260529_183134,G2_mg_molar_grade,MG Positive Molar Grade,8,997,1397.0,0
shap_feature_selection_extratrees_p1_20260529_183134,G2_mg_molar_grade,MG Positive Molar Grade,8,998,1398.0,0
shap_feature_selection_extratrees_p1_20260529_183134,G2_mg_molar_grade,MG Positive Molar Grade,8,999,1399.0,0
shap_feature_selection_extratrees_p1_20260529_183134,G2_mg_molar_grade,MG Positive Molar Grade,8,1000,1400.0,0
shap_feature_selection_extratrees_p1_20260529_183134,G2_mg_molar_grade,MG Positive Molar Grade,8,1001,1401.0,0
shap_feature_selection_extratrees_p1_20260529_183134,G2_mg_molar_grade,MG Positive Molar Grade,8,1002,1402.0,0
shap_feature_selection_extratrees_p1_20260529_183134,G2_mg_molar_grade,MG Positive Molar Grade,8,1003,1403.0,0
shap_feature_selection_extratrees_p1_20260529_183134,G2_mg_molar_grade,MG Positive Molar Grade,8,1004,1404.0,0
shap_feature_selection_extratrees_p1_20260529_183134,G2_mg_molar_grade,MG Positive Molar Grade,8,1005,1405.0,0
shap_feature_selection_extratrees_p1_20260529_183134,G2_mg_molar_grade,MG Positive Molar Grade,8,1006,1406.0,0
shap_feature_selection_extratrees_p1_20260529_183134,G2_mg_molar_grade,MG Positive Molar Grade,8,1007,1407.0,0
shap_feature_selection_extratrees_p1_20260529_183134,G2_mg_molar_grade,MG Positive Molar Grade,8,1008,1408.0,0
shap_feature_selection_extratrees_p1_20260529_183134,G2_mg_molar_grade,MG Positive Molar Grade,8,1009,1409.0,0
shap_feature_selection_extratrees_p1_20260529_183134,G2_mg_molar_grade,MG Positive Molar Grade,8,1010,1410.0,0
shap_feature_selection_extratrees_p1_20260529_183134,G2_mg_molar_grade,MG Positive Molar Grade,8,1011,1411.0,0
shap_feature_selection_extratrees_p1_20260529_183134,G2_mg_molar_grade,MG Positive Molar Grade,8,1012,1412.0,0
shap_feature_selection_extratrees_p1_20260529_183134,G2_mg_molar_grade,MG Positive Molar Grade,8,1013,1413.0,0
shap_feature_selection_extratrees_p1_20260529_183134,G2_mg_molar_grade,MG Positive Molar Grade,8,1014,1414.0,0
shap_feature_selection_extratrees_p1_20260529_183134,G2_mg_molar_grade,MG Positive Molar Grade,8,1015,1415.0,0
shap_feature_selection_extratrees_p1_20260529_183134,G2_mg_molar_grade,MG Positive Molar Grade,8,1016,1416.0,0
shap_feature_selection_extratrees_p1_20260529_183134,G2_mg_molar_grade,MG Positive Molar Grade,8,1017,1417.0,1
shap_feature_selection_extratrees_p1_20260529_183134,G2_mg_molar_grade,MG Positive Molar Grade,8,1018,1418.0,0
shap_feature_selection_extratrees_p1_20260529_183134,G2_mg_molar_grade,MG Positive Molar Grade,8,1019,1419.0,1
shap_feature_selection_extratrees_p1_20260529_183134,G2_mg_molar_grade,MG Positive Molar Grade,8,1020,1420.0,0
shap_feature_selection_extratrees_p1_20260529_183134,G2_mg_molar_grade,MG Positive Molar Grade,8,1021,1421.0,0
shap_feature_selection_extratrees_p1_20260529_183134,G2_mg_molar_grade,MG Positive Molar Grade,8,1022,1422.0,1
shap_feature_selection_extratrees_p1_20260529_183134,G2_mg_molar_grade,MG Positive Molar Grade,8,1023,1423.0,1
shap_feature_selection_extratrees_p1_20260529_183134,G2_mg_molar_grade,MG Positive Molar Grade,8,1024,1424.0,0
shap_feature_selection_extratrees_p1_20260529_183134,G2_mg_molar_grade,MG Positive Molar Grade,8,1025,1425.0,1
shap_feature_selection_extratrees_p1_20260529_183134,G2_mg_molar_grade,MG Positive Molar Grade,8,1026,1426.0,1
shap_feature_selection_extratrees_p1_20260529_183134,G2_mg_molar_grade,MG Positive Molar Grade,8,1027,1427.0,0
shap_feature_selection_extratrees_p1_20260529_183134,G2_mg_molar_grade,MG Positive Molar Grade,8,1028,1428.0,0
shap_feature_selection_extratrees_p1_20260529_183134,G2_mg_molar_grade,MG Positive Molar Grade,8,1029,1429.0,0
shap_feature_selection_extratrees_p1_20260529_183134,G2_mg_molar_grade,MG Positive Molar Grade,8,1030,1430.0,0
shap_feature_selection_extratrees_p1_20260529_183134,G2_mg_molar_grade,MG Positive Molar Grade,8,1031,1431.0,0
shap_feature_selection_extratrees_p1_20260529_183134,G2_mg_molar_grade,MG Positive Molar Grade,8,1032,1432.0,0
shap_feature_selection_extratrees_p1_20260529_183134,G2_mg_molar_grade,MG Positive Molar Grade,8,1033,1433.0,0
shap_feature_selection_extratrees_p1_20260529_183134,G2_mg_molar_grade,MG Positive Molar Grade,8,1034,1434.0,0
shap_feature_selection_extratrees_p1_20260529_183134,G2_mg_molar_grade,MG Positive Molar Grade,8,1035,1435.0,0
shap_feature_selection_extratrees_p1_20260529_183134,G2_mg_molar_grade,MG Positive Molar Grade,8,1036,1436.0,0
shap_feature_selection_extratrees_p1_20260529_183134,G2_mg_molar_grade,MG Positive Molar Grade,8,1037,1437.0,0
shap_feature_selection_extratrees_p1_20260529_183134,G2_mg_molar_grade,MG Positive Molar Grade,8,1038,1438.0,0
shap_feature_selection_extratrees_p1_20260529_183134,G2_mg_molar_grade,MG Positive Molar Grade,8,1039,1439.0,0
shap_feature_selection_extratrees_p1_20260529_183134,G2_mg_molar_grade,MG Positive Molar Grade,8,1040,1440.0,0
shap_feature_selection_extratrees_p1_20260529_183134,G2_mg_molar_grade,MG Positive Molar Grade,8,1041,1441.0,0
shap_feature_selection_extratrees_p1_20260529_183134,G2_mg_molar_grade,MG Positive Molar Grade,8,1042,1442.0,0
shap_feature_selection_extratrees_p1_20260529_183134,G2_mg_molar_grade,MG Positive Molar Grade,8,1043,1443.0,0
shap_feature_selection_extratrees_p1_20260529_183134,G2_mg_molar_grade,MG Positive Molar Grade,8,1044,1444.0,0
shap_feature_selection_extratrees_p1_20260529_183134,G2_mg_molar_grade,MG Positive Molar Grade,8,1045,1445.0,0
shap_feature_selection_extratrees_p1_20260529_183134,G2_mg_molar_grade,MG Positive Molar Grade,8,1046,1446.0,0
shap_feature_selection_extratrees_p1_20260529_183134,G2_mg_molar_grade,MG Positive Molar Grade,8,1047,1447.0,0
shap_feature_selection_extratrees_p1_20260529_183134,G2_mg_molar_grade,MG Positive Molar Grade,8,1048,1448.0,0
shap_feature_selection_extratrees_p1_20260529_183134,G2_mg_molar_grade,MG Positive Molar Grade,8,1049,1449.0,0
shap_feature_selection_extratrees_p1_20260529_183134,G2_mg_molar_grade,MG Positive Molar Grade,8,1050,1450.0,0
shap_feature_selection_extratrees_p1_20260529_183134,G2_mg_molar_grade,MG Positive Molar Grade,8,1051,1451.0,0
shap_feature_selection_extratrees_p1_20260529_183134,G2_mg_molar_grade,MG Positive Molar Grade,8,1052,1452.0,0
shap_feature_selection_extratrees_p1_20260529_183134,G2_mg_molar_grade,MG Positive Molar Grade,8,1053,1453.0,0
shap_feature_selection_extratrees_p1_20260529_183134,G2_mg_molar_grade,MG Positive Molar Grade,8,1054,1454.0,0
shap_feature_selection_extratrees_p1_20260529_183134,G2_mg_molar_grade,MG Positive Molar Grade,8,1055,1455.0,0
shap_feature_selection_extratrees_p1_20260529_183134,G2_mg_molar_grade,MG Positive Molar Grade,8,1056,1456.0,0
shap_feature_selection_extratrees_p1_20260529_183134,G2_mg_molar_grade,MG Positive Molar Grade,8,1057,1457.0,0
shap_feature_selection_extratrees_p1_20260529_183134,G2_mg_molar_grade,MG Positive Molar Grade,8,1058,1458.0,0
shap_feature_selection_extratrees_p1_20260529_183134,G2_mg_molar_grade,MG Positive Molar Grade,8,1059,1459.0,0
shap_feature_selection_extratrees_p1_20260529_183134,G2_mg_molar_grade,MG Positive Molar Grade,8,1060,1460.0,0
shap_feature_selection_extratrees_p1_20260529_183134,G2_mg_molar_grade,MG Positive Molar Grade,8,1061,1461.0,0
shap_feature_selection_extratrees_p1_20260529_183134,G2_mg_molar_grade,MG Positive Molar Grade,8,1062,1462.0,0
shap_feature_selection_extratrees_p1_20260529_183134,G2_mg_molar_grade,MG Positive Molar Grade,8,1063,1463.0,0
shap_feature_selection_extratrees_p1_20260529_183134,G2_mg_molar_grade,MG Positive Molar Grade,8,1064,1464.0,0
shap_feature_selection_extratrees_p1_20260529_183134,G2_mg_molar_grade,MG Positive Molar Grade,8,1065,1465.0,0
shap_feature_selection_extratrees_p1_20260529_183134,G2_mg_molar_grade,MG Positive Molar Grade,8,1066,1466.0,0
shap_feature_selection_extratrees_p1_20260529_183134,G2_mg_molar_grade,MG Positive Molar Grade,8,1067,1467.0,0
shap_feature_selection_extratrees_p1_20260529_183134,G2_mg_molar_grade,MG Positive Molar Grade,8,1068,1468.0,0
shap_feature_selection_extratrees_p1_20260529_183134,G2_mg_molar_grade,MG Positive Molar Grade,8,1069,1469.0,0
shap_feature_selection_extratrees_p1_20260529_183134,G2_mg_molar_grade,MG Positive Molar Grade,8,1070,1470.0,0
shap_feature_selection_extratrees_p1_20260529_183134,G2_mg_molar_grade,MG Positive Molar Grade,8,1071,1471.0,0
shap_feature_selection_extratrees_p1_20260529_183134,G2_mg_molar_grade,MG Positive Molar Grade,8,1072,1472.0,0
shap_feature_selection_extratrees_p1_20260529_183134,G2_mg_molar_grade,MG Positive Molar Grade,8,1073,1473.0,0
shap_feature_selection_extratrees_p1_20260529_183134,G2_mg_molar_grade,MG Positive Molar Grade,8,1074,1474.0,0
shap_feature_selection_extratrees_p1_20260529_183134,G2_mg_molar_grade,MG Positive Molar Grade,8,1075,1475.0,0
shap_feature_selection_extratrees_p1_20260529_183134,G2_mg_molar_grade,MG Positive Molar Grade,8,1076,1476.0,0
shap_feature_selection_extratrees_p1_20260529_183134,G2_mg_molar_grade,MG Positive Molar Grade,8,1077,1477.0,0
shap_feature_selection_extratrees_p1_20260529_183134,G2_mg_molar_grade,MG Positive Molar Grade,8,1078,1478.0,0
shap_feature_selection_extratrees_p1_20260529_183134,G2_mg_molar_grade,MG Positive Molar Grade,8,1079,1479.0,1
shap_feature_selection_extratrees_p1_20260529_183134,G2_mg_molar_grade,MG Positive Molar Grade,8,1080,1480.0,0
shap_feature_selection_extratrees_p1_20260529_183134,G2_mg_molar_grade,MG Positive Molar Grade,8,1081,1481.0,0
shap_feature_selection_extratrees_p1_20260529_183134,G2_mg_molar_grade,MG Positive Molar Grade,8,1082,1482.0,0
shap_feature_selection_extratrees_p1_20260529_183134,G2_mg_molar_grade,MG Positive Molar Grade,8,1083,1483.0,0
shap_feature_selection_extratrees_p1_20260529_183134,G2_mg_molar_grade,MG Positive Molar Grade,8,1084,1484.0,0
shap_feature_selection_extratrees_p1_20260529_183134,G2_mg_molar_grade,MG Positive Molar Grade,8,1085,1485.0,0
shap_feature_selection_extratrees_p1_20260529_183134,G2_mg_molar_grade,MG Positive Molar Grade,8,1086,1486.0,0
shap_feature_selection_extratrees_p1_20260529_183134,G2_mg_molar_grade,MG Positive Molar Grade,8,1087,1487.0,0
shap_feature_selection_extratrees_p1_20260529_183134,G2_mg_molar_grade,MG Positive Molar Grade,8,1088,1488.0,0
shap_feature_selection_extratrees_p1_20260529_183134,G2_mg_molar_grade,MG Positive Molar Grade,8,1089,1489.0,0
shap_feature_selection_extratrees_p1_20260529_183134,G2_mg_molar_grade,MG Positive Molar Grade,8,1090,1490.0,0
shap_feature_selection_extratrees_p1_20260529_183134,G2_mg_molar_grade,MG Positive Molar Grade,8,1091,1491.0,0
shap_feature_selection_extratrees_p1_20260529_183134,G2_mg_molar_grade,MG Positive Molar Grade,8,1092,1492.0,0
shap_feature_selection_extratrees_p1_20260529_183134,G2_mg_molar_grade,MG Positive Molar Grade,8,1093,1493.0,0
shap_feature_selection_extratrees_p1_20260529_183134,G2_mg_molar_grade,MG Positive Molar Grade,8,1094,1494.0,0
shap_feature_selection_extratrees_p1_20260529_183134,G2_mg_molar_grade,MG Positive Molar Grade,8,1095,1495.0,0
shap_feature_selection_extratrees_p1_20260529_183134,G2_mg_molar_grade,MG Positive Molar Grade,8,1096,1496.0,0
shap_feature_selection_extratrees_p1_20260529_183134,G2_mg_molar_grade,MG Positive Molar Grade,8,1097,1497.0,0
shap_feature_selection_extratrees_p1_20260529_183134,G2_mg_molar_grade,MG Positive Molar Grade,8,1098,1498.0,0
shap_feature_selection_extratrees_p1_20260529_183134,G2_mg_molar_grade,MG Positive Molar Grade,8,1099,1499.0,0
shap_feature_selection_extratrees_p1_20260529_183134,G2_mg_molar_grade,MG Positive Molar Grade,8,1100,1500.0,0
shap_feature_selection_extratrees_p1_20260529_183134,G2_mg_molar_grade,MG Positive Molar Grade,8,1101,1501.0,0
shap_feature_selection_extratrees_p1_20260529_183134,G2_mg_molar_grade,MG Positive Molar Grade,8,1102,1502.0,0
shap_feature_selection_extratrees_p1_20260529_183134,G2_mg_molar_grade,MG Positive Molar Grade,8,1103,1503.0,0
shap_feature_selection_extratrees_p1_20260529_183134,G2_mg_molar_grade,MG Positive Molar Grade,8,1104,1504.0,0
shap_feature_selection_extratrees_p1_20260529_183134,G2_mg_molar_grade,MG Positive Molar Grade,8,1105,1505.0,0
shap_feature_selection_extratrees_p1_20260529_183134,G2_mg_molar_grade,MG Positive Molar Grade,8,1106,1506.0,0
shap_feature_selection_extratrees_p1_20260529_183134,G2_mg_molar_grade,MG Positive Molar Grade,8,1107,1507.0,0
shap_feature_selection_extratrees_p1_20260529_183134,G2_mg_molar_grade,MG Positive Molar Grade,8,1108,1508.0,0
shap_feature_selection_extratrees_p1_20260529_183134,G2_mg_molar_grade,MG Positive Molar Grade,8,1109,1509.0,0
shap_feature_selection_extratrees_p1_20260529_183134,G2_mg_molar_grade,MG Positive Molar Grade,8,1110,1510.0,0
shap_feature_selection_extratrees_p1_20260529_183134,G2_mg_molar_grade,MG Positive Molar Grade,8,1111,1511.0,0
shap_feature_selection_extratrees_p1_20260529_183134,G2_mg_molar_grade,MG Positive Molar Grade,8,1112,1512.0,0
shap_feature_selection_extratrees_p1_20260529_183134,G2_mg_molar_grade,MG Positive Molar Grade,8,1113,1513.0,0
shap_feature_selection_extratrees_p1_20260529_183134,G2_mg_molar_grade,MG Positive Molar Grade,8,1114,1514.0,0
shap_feature_selection_extratrees_p1_20260529_183134,G2_mg_molar_grade,MG Positive Molar Grade,8,1115,1515.0,0
shap_feature_selection_extratrees_p1_20260529_183134,G2_mg_molar_grade,MG Positive Molar Grade,8,1116,1516.0,0
shap_feature_selection_extratrees_p1_20260529_183134,G2_mg_molar_grade,MG Positive Molar Grade,8,1117,1517.0,0
shap_feature_selection_extratrees_p1_20260529_183134,G2_mg_molar_grade,MG Positive Molar Grade,8,1118,1518.0,0
shap_feature_selection_extratrees_p1_20260529_183134,G2_mg_molar_grade,MG Positive Molar Grade,8,1119,1519.0,0
shap_feature_selection_extratrees_p1_20260529_183134,G2_mg_molar_grade,MG Positive Molar Grade,8,1120,1520.0,0
shap_feature_selection_extratrees_p1_20260529_183134,G2_mg_molar_grade,MG Positive Molar Grade,8,1121,1521.0,0
shap_feature_selection_extratrees_p1_20260529_183134,G2_mg_molar_grade,MG Positive Molar Grade,8,1122,1522.0,0
shap_feature_selection_extratrees_p1_20260529_183134,G2_mg_molar_grade,MG Positive Molar Grade,8,1123,1523.0,0
shap_feature_selection_extratrees_p1_20260529_183134,G2_mg_molar_grade,MG Positive Molar Grade,8,1124,1524.0,0
shap_feature_selection_extratrees_p1_20260529_183134,G2_mg_molar_grade,MG Positive Molar Grade,8,1125,1525.0,0
shap_feature_selection_extratrees_p1_20260529_183134,G2_mg_molar_grade,MG Positive Molar Grade,8,1126,1526.0,0
shap_feature_selection_extratrees_p1_20260529_183134,G2_mg_molar_grade,MG Positive Molar Grade,8,1127,1527.0,0
shap_feature_selection_extratrees_p1_20260529_183134,G2_mg_molar_grade,MG Positive Molar Grade,8,1128,1528.0,0
shap_feature_selection_extratrees_p1_20260529_183134,G2_mg_molar_grade,MG Positive Molar Grade,8,1129,1529.0,0
shap_feature_selection_extratrees_p1_20260529_183134,G2_mg_molar_grade,MG Positive Molar Grade,8,1130,1530.0,0
shap_feature_selection_extratrees_p1_20260529_183134,G2_mg_molar_grade,MG Positive Molar Grade,8,1131,1531.0,0
shap_feature_selection_extratrees_p1_20260529_183134,G2_mg_molar_grade,MG Positive Molar Grade,8,1132,1532.0,0
shap_feature_selection_extratrees_p1_20260529_183134,G2_mg_molar_grade,MG Positive Molar Grade,8,1133,1533.0,0
shap_feature_selection_extratrees_p1_20260529_183134,G2_mg_molar_grade,MG Positive Molar Grade,8,1134,1534.0,0
shap_feature_selection_extratrees_p1_20260529_183134,G2_mg_molar_grade,MG Positive Molar Grade,8,1135,1535.0,0
shap_feature_selection_extratrees_p1_20260529_183134,G2_mg_molar_grade,MG Positive Molar Grade,8,1136,1536.0,0
shap_feature_selection_extratrees_p1_20260529_183134,G2_mg_molar_grade,MG Positive Molar Grade,8,1137,1537.0,0
shap_feature_selection_extratrees_p1_20260529_183134,G2_mg_molar_grade,MG Positive Molar Grade,8,1138,1538.0,0
shap_feature_selection_extratrees_p1_20260529_183134,G2_mg_molar_grade,MG Positive Molar Grade,8,1139,1539.0,0
shap_feature_selection_extratrees_p1_20260529_183134,G2_mg_molar_grade,MG Positive Molar Grade,8,1140,1540.0,0
shap_feature_selection_extratrees_p1_20260529_183134,G2_mg_molar_grade,MG Positive Molar Grade,8,1141,1541.0,0
shap_feature_selection_extratrees_p1_20260529_183134,G2_mg_molar_grade,MG Positive Molar Grade,8,1142,1542.0,0
shap_feature_selection_extratrees_p1_20260529_183134,G2_mg_molar_grade,MG Positive Molar Grade,8,1143,1543.0,0
shap_feature_selection_extratrees_p1_20260529_183134,G2_mg_molar_grade,MG Positive Molar Grade,8,1144,1544.0,0
shap_feature_selection_extratrees_p1_20260529_183134,G2_mg_molar_grade,MG Positive Molar Grade,8,1145,1545.0,0
shap_feature_selection_extratrees_p1_20260529_183134,G2_mg_molar_grade,MG Positive Molar Grade,8,1146,1546.0,0
shap_feature_selection_extratrees_p1_20260529_183134,G2_mg_molar_grade,MG Positive Molar Grade,8,1147,1547.0,0
shap_feature_selection_extratrees_p1_20260529_183134,G2_mg_molar_grade,MG Positive Molar Grade,8,1148,1548.0,0
shap_feature_selection_extratrees_p1_20260529_183134,G2_mg_molar_grade,MG Positive Molar Grade,8,1149,1549.0,0
shap_feature_selection_extratrees_p1_20260529_183134,G2_mg_molar_grade,MG Positive Molar Grade,8,1150,1550.0,0
shap_feature_selection_extratrees_p1_20260529_183134,G2_mg_molar_grade,MG Positive Molar Grade,8,1151,1551.0,0
shap_feature_selection_extratrees_p1_20260529_183134,G2_mg_molar_grade,MG Positive Molar Grade,8,1152,1552.0,0
shap_feature_selection_extratrees_p1_20260529_183134,G2_mg_molar_grade,MG Positive Molar Grade,8,1153,1553.0,0
shap_feature_selection_extratrees_p1_20260529_183134,G2_mg_molar_grade,MG Positive Molar Grade,8,1154,1554.0,0
shap_feature_selection_extratrees_p1_20260529_183134,G2_mg_molar_grade,MG Positive Molar Grade,8,1155,1555.0,0
shap_feature_selection_extratrees_p1_20260529_183134,G2_mg_molar_grade,MG Positive Molar Grade,8,1156,1556.0,0
shap_feature_selection_extratrees_p1_20260529_183134,G2_mg_molar_grade,MG Positive Molar Grade,8,1157,1557.0,0
shap_feature_selection_extratrees_p1_20260529_183134,G2_mg_molar_grade,MG Positive Molar Grade,8,1158,1558.0,0
shap_feature_selection_extratrees_p1_20260529_183134,G2_mg_molar_grade,MG Positive Molar Grade,8,1159,1559.0,0
shap_feature_selection_extratrees_p1_20260529_183134,G2_mg_molar_grade,MG Positive Molar Grade,8,1160,1560.0,0
shap_feature_selection_extratrees_p1_20260529_183134,G2_mg_molar_grade,MG Positive Molar Grade,8,1161,1561.0,0
shap_feature_selection_extratrees_p1_20260529_183134,G2_mg_molar_grade,MG Positive Molar Grade,8,1162,1562.0,0
shap_feature_selection_extratrees_p1_20260529_183134,G2_mg_molar_grade,MG Positive Molar Grade,8,1163,1563.0,0
shap_feature_selection_extratrees_p1_20260529_183134,G2_mg_molar_grade,MG Positive Molar Grade,8,1164,1564.0,0
shap_feature_selection_extratrees_p1_20260529_183134,G2_mg_molar_grade,MG Positive Molar Grade,8,1165,1565.0,0
shap_feature_selection_extratrees_p1_20260529_183134,G2_mg_molar_grade,MG Positive Molar Grade,8,1166,1566.0,0
shap_feature_selection_extratrees_p1_20260529_183134,G2_mg_molar_grade,MG Positive Molar Grade,8,1167,1567.0,0
shap_feature_selection_extratrees_p1_20260529_183134,G2_mg_molar_grade,MG Positive Molar Grade,8,1168,1568.0,0
shap_feature_selection_extratrees_p1_20260529_183134,G2_mg_molar_grade,MG Positive Molar Grade,8,1169,1569.0,0
shap_feature_selection_extratrees_p1_20260529_183134,G2_mg_molar_grade,MG Positive Molar Grade,8,1170,1570.0,0
shap_feature_selection_extratrees_p1_20260529_183134,G2_mg_molar_grade,MG Positive Molar Grade,8,1171,1571.0,0
shap_feature_selection_extratrees_p1_20260529_183134,G2_mg_molar_grade,MG Positive Molar Grade,8,1172,1572.0,0
shap_feature_selection_extratrees_p1_20260529_183134,G2_mg_molar_grade,MG Positive Molar Grade,8,1173,1573.0,0
shap_feature_selection_extratrees_p1_20260529_183134,G2_mg_molar_grade,MG Positive Molar Grade,8,1174,1574.0,0
shap_feature_selection_extratrees_p1_20260529_183134,G2_mg_molar_grade,MG Positive Molar Grade,8,1175,1575.0,0
shap_feature_selection_extratrees_p1_20260529_183134,G2_mg_molar_grade,MG Positive Molar Grade,8,1176,1576.0,0
shap_feature_selection_extratrees_p1_20260529_183134,G2_mg_molar_grade,MG Positive Molar Grade,8,1177,1577.0,0
shap_feature_selection_extratrees_p1_20260529_183134,G2_mg_molar_grade,MG Positive Molar Grade,8,1178,1578.0,0
shap_feature_selection_extratrees_p1_20260529_183134,G2_mg_molar_grade,MG Positive Molar Grade,8,1179,1579.0,0
shap_feature_selection_extratrees_p1_20260529_183134,G2_mg_molar_grade,MG Positive Molar Grade,8,1180,1580.0,0
shap_feature_selection_extratrees_p1_20260529_183134,G2_mg_molar_grade,MG Positive Molar Grade,8,1181,1581.0,0
shap_feature_selection_extratrees_p1_20260529_183134,G2_mg_molar_grade,MG Positive Molar Grade,8,1182,1582.0,0
shap_feature_selection_extratrees_p1_20260529_183134,G2_mg_molar_grade,MG Positive Molar Grade,8,1183,1583.0,0
shap_feature_selection_extratrees_p1_20260529_183134,G2_mg_molar_grade,MG Positive Molar Grade,8,1184,1584.0,0
shap_feature_selection_extratrees_p1_20260529_183134,G2_mg_molar_grade,MG Positive Molar Grade,8,1185,1585.0,0
shap_feature_selection_extratrees_p1_20260529_183134,G2_mg_molar_grade,MG Positive Molar Grade,8,1186,1586.0,0
shap_feature_selection_extratrees_p1_20260529_183134,G2_mg_molar_grade,MG Positive Molar Grade,8,1187,1587.0,0
shap_feature_selection_extratrees_p1_20260529_183134,G2_mg_molar_grade,MG Positive Molar Grade,8,1188,1588.0,0
shap_feature_selection_extratrees_p1_20260529_183134,G2_mg_molar_grade,MG Positive Molar Grade,8,1189,1589.0,0
shap_feature_selection_extratrees_p1_20260529_183134,G2_mg_molar_grade,MG Positive Molar Grade,8,1190,1590.0,0
shap_feature_selection_extratrees_p1_20260529_183134,G2_mg_molar_grade,MG Positive Molar Grade,8,1191,1591.0,0
shap_feature_selection_extratrees_p1_20260529_183134,G2_mg_molar_grade,MG Positive Molar Grade,8,1192,1592.0,0
shap_feature_selection_extratrees_p1_20260529_183134,G2_mg_molar_grade,MG Positive Molar Grade,8,1193,1593.0,0
shap_feature_selection_extratrees_p1_20260529_183134,G2_mg_molar_grade,MG Positive Molar Grade,8,1194,1594.0,0
shap_feature_selection_extratrees_p1_20260529_183134,G2_mg_molar_grade,MG Positive Molar Grade,8,1195,1595.0,0
shap_feature_selection_extratrees_p1_20260529_183134,G2_mg_molar_grade,MG Positive Molar Grade,8,1196,1596.0,0
shap_feature_selection_extratrees_p1_20260529_183134,G2_mg_molar_grade,MG Positive Molar Grade,8,1197,1597.0,0
shap_feature_selection_extratrees_p1_20260529_183134,G2_mg_molar_grade,MG Positive Molar Grade,8,1198,1598.0,0
shap_feature_selection_extratrees_p1_20260529_183134,G2_mg_molar_grade,MG Positive Molar Grade,8,1199,1599.0,0
shap_feature_selection_extratrees_p1_20260529_183134,G2_mg_molar_grade,MG Positive Molar Grade,8,1200,1600.0,0
shap_feature_selection_extratrees_p1_20260529_183134,G2_mg_molar_grade,MG Positive Molar Grade,8,1201,1601.0,0
shap_feature_selection_extratrees_p1_20260529_183134,G2_mg_molar_grade,MG Positive Molar Grade,8,1202,1602.0,0
shap_feature_selection_extratrees_p1_20260529_183134,G2_mg_molar_grade,MG Positive Molar Grade,8,1203,1603.0,0
shap_feature_selection_extratrees_p1_20260529_183134,G2_mg_molar_grade,MG Positive Molar Grade,8,1204,1604.0,1
shap_feature_selection_extratrees_p1_20260529_183134,G2_mg_molar_grade,MG Positive Molar Grade,8,1205,1605.0,1
shap_feature_selection_extratrees_p1_20260529_183134,G2_mg_molar_grade,MG Positive Molar Grade,8,1206,1606.0,1
shap_feature_selection_extratrees_p1_20260529_183134,G2_mg_molar_grade,MG Positive Molar Grade,8,1207,1607.0,1
shap_feature_selection_extratrees_p1_20260529_183134,G2_mg_molar_grade,MG Positive Molar Grade,8,1208,1608.0,1
shap_feature_selection_extratrees_p1_20260529_183134,G2_mg_molar_grade,MG Positive Molar Grade,8,1209,1609.0,0
shap_feature_selection_extratrees_p1_20260529_183134,G2_mg_molar_grade,MG Positive Molar Grade,8,1210,1610.0,0
shap_feature_selection_extratrees_p1_20260529_183134,G2_mg_molar_grade,MG Positive Molar Grade,8,1211,1611.0,0
shap_feature_selection_extratrees_p1_20260529_183134,G2_mg_molar_grade,MG Positive Molar Grade,8,1212,1612.0,0
shap_feature_selection_extratrees_p1_20260529_183134,G2_mg_molar_grade,MG Positive Molar Grade,8,1213,1613.0,0
shap_feature_selection_extratrees_p1_20260529_183134,G2_mg_molar_grade,MG Positive Molar Grade,8,1214,1614.0,0
shap_feature_selection_extratrees_p1_20260529_183134,G2_mg_molar_grade,MG Positive Molar Grade,8,1215,1615.0,0
shap_feature_selection_extratrees_p1_20260529_183134,G2_mg_molar_grade,MG Positive Molar Grade,8,1216,1616.0,0
shap_feature_selection_extratrees_p1_20260529_183134,G2_mg_molar_grade,MG Positive Molar Grade,8,1217,1617.0,0
shap_feature_selection_extratrees_p1_20260529_183134,G2_mg_molar_grade,MG Positive Molar Grade,8,1218,1618.0,0
shap_feature_selection_extratrees_p1_20260529_183134,G2_mg_molar_grade,MG Positive Molar Grade,8,1219,1619.0,0
shap_feature_selection_extratrees_p1_20260529_183134,G2_mg_molar_grade,MG Positive Molar Grade,8,1220,1620.0,0
shap_feature_selection_extratrees_p1_20260529_183134,G2_mg_molar_grade,MG Positive Molar Grade,8,1221,1621.0,0
shap_feature_selection_extratrees_p1_20260529_183134,G2_mg_molar_grade,MG Positive Molar Grade,8,1222,1622.0,0
shap_feature_selection_extratrees_p1_20260529_183134,G2_mg_molar_grade,MG Positive Molar Grade,8,1223,1623.0,0
shap_feature_selection_extratrees_p1_20260529_183134,G2_mg_molar_grade,MG Positive Molar Grade,8,1224,1624.0,0
shap_feature_selection_extratrees_p1_20260529_183134,G2_mg_molar_grade,MG Positive Molar Grade,8,1225,1625.0,0
shap_feature_selection_extratrees_p1_20260529_183134,G2_mg_molar_grade,MG Positive Molar Grade,8,1226,1626.0,0
shap_feature_selection_extratrees_p1_20260529_183134,G2_mg_molar_grade,MG Positive Molar Grade,8,1227,1627.0,0
shap_feature_selection_extratrees_p1_20260529_183134,G2_mg_molar_grade,MG Positive Molar Grade,8,1228,1628.0,0
shap_feature_selection_extratrees_p1_20260529_183134,G2_mg_molar_grade,MG Positive Molar Grade,8,1229,1629.0,0
shap_feature_selection_extratrees_p1_20260529_183134,G2_mg_molar_grade,MG Positive Molar Grade,8,1230,1630.0,0
shap_feature_selection_extratrees_p1_20260529_183134,G2_mg_molar_grade,MG Positive Molar Grade,8,1231,1631.0,0
shap_feature_selection_extratrees_p1_20260529_183134,G2_mg_molar_grade,MG Positive Molar Grade,8,1232,1632.0,0
shap_feature_selection_extratrees_p1_20260529_183134,G2_mg_molar_grade,MG Positive Molar Grade,8,1233,1633.0,0
shap_feature_selection_extratrees_p1_20260529_183134,G2_mg_molar_grade,MG Positive Molar Grade,8,1234,1634.0,0
shap_feature_selection_extratrees_p1_20260529_183134,G2_mg_molar_grade,MG Positive Molar Grade,8,1235,1635.0,0
shap_feature_selection_extratrees_p1_20260529_183134,G2_mg_molar_grade,MG Positive Molar Grade,8,1236,1636.0,0
shap_feature_selection_extratrees_p1_20260529_183134,G2_mg_molar_grade,MG Positive Molar Grade,8,1237,1637.0,0
shap_feature_selection_extratrees_p1_20260529_183134,G2_mg_molar_grade,MG Positive Molar Grade,8,1238,1638.0,0
shap_feature_selection_extratrees_p1_20260529_183134,G2_mg_molar_grade,MG Positive Molar Grade,8,1239,1639.0,0
shap_feature_selection_extratrees_p1_20260529_183134,G2_mg_molar_grade,MG Positive Molar Grade,8,1240,1640.0,0
shap_feature_selection_extratrees_p1_20260529_183134,G2_mg_molar_grade,MG Positive Molar Grade,8,1241,1641.0,0
shap_feature_selection_extratrees_p1_20260529_183134,G2_mg_molar_grade,MG Positive Molar Grade,8,1242,1642.0,1
shap_feature_selection_extratrees_p1_20260529_183134,G2_mg_molar_grade,MG Positive Molar Grade,8,1243,1643.0,0
shap_feature_selection_extratrees_p1_20260529_183134,G2_mg_molar_grade,MG Positive Molar Grade,8,1244,1644.0,0
shap_feature_selection_extratrees_p1_20260529_183134,G2_mg_molar_grade,MG Positive Molar Grade,8,1245,1645.0,0
shap_feature_selection_extratrees_p1_20260529_183134,G2_mg_molar_grade,MG Positive Molar Grade,8,1246,1646.0,0
shap_feature_selection_extratrees_p1_20260529_183134,G2_mg_molar_grade,MG Positive Molar Grade,8,1247,1647.0,0
shap_feature_selection_extratrees_p1_20260529_183134,G2_mg_molar_grade,MG Positive Molar Grade,8,1248,1648.0,0
shap_feature_selection_extratrees_p1_20260529_183134,G2_mg_molar_grade,MG Positive Molar Grade,8,1249,1649.0,0
shap_feature_selection_extratrees_p1_20260529_183134,G2_mg_molar_grade,MG Positive Molar Grade,8,1250,1650.0,0
shap_feature_selection_extratrees_p1_20260529_183134,G2_mg_molar_grade,MG Positive Molar Grade,8,1251,1651.0,0
shap_feature_selection_extratrees_p1_20260529_183134,G2_mg_molar_grade,MG Positive Molar Grade,8,1252,1652.0,0
shap_feature_selection_extratrees_p1_20260529_183134,G2_mg_molar_grade,MG Positive Molar Grade,8,1253,1653.0,0
shap_feature_selection_extratrees_p1_20260529_183134,G2_mg_molar_grade,MG Positive Molar Grade,8,1254,1654.0,0
shap_feature_selection_extratrees_p1_20260529_183134,G2_mg_molar_grade,MG Positive Molar Grade,8,1255,1655.0,0
shap_feature_selection_extratrees_p1_20260529_183134,G2_mg_molar_grade,MG Positive Molar Grade,8,1256,1656.0,1
shap_feature_selection_extratrees_p1_20260529_183134,G2_mg_molar_grade,MG Positive Molar Grade,8,1257,1657.0,1
shap_feature_selection_extratrees_p1_20260529_183134,G2_mg_molar_grade,MG Positive Molar Grade,8,1258,1658.0,0
shap_feature_selection_extratrees_p1_20260529_183134,G2_mg_molar_grade,MG Positive Molar Grade,8,1259,1659.0,0
shap_feature_selection_extratrees_p1_20260529_183134,G2_mg_molar_grade,MG Positive Molar Grade,8,1260,1660.0,0
shap_feature_selection_extratrees_p1_20260529_183134,G2_mg_molar_grade,MG Positive Molar Grade,8,1261,1661.0,0
shap_feature_selection_extratrees_p1_20260529_183134,G2_mg_molar_grade,MG Positive Molar Grade,8,1262,1662.0,0
shap_feature_selection_extratrees_p1_20260529_183134,G2_mg_molar_grade,MG Positive Molar Grade,8,1263,1663.0,0
shap_feature_selection_extratrees_p1_20260529_183134,G2_mg_molar_grade,MG Positive Molar Grade,8,1264,1664.0,0
shap_feature_selection_extratrees_p1_20260529_183134,G2_mg_molar_grade,MG Positive Molar Grade,8,1265,1665.0,0
shap_feature_selection_extratrees_p1_20260529_183134,G2_mg_molar_grade,MG Positive Molar Grade,8,1266,1666.0,0
shap_feature_selection_extratrees_p1_20260529_183134,G2_mg_molar_grade,MG Positive Molar Grade,8,1267,1667.0,0
shap_feature_selection_extratrees_p1_20260529_183134,G2_mg_molar_grade,MG Positive Molar Grade,8,1268,1668.0,0
shap_feature_selection_extratrees_p1_20260529_183134,G2_mg_molar_grade,MG Positive Molar Grade,8,1269,1669.0,0
shap_feature_selection_extratrees_p1_20260529_183134,G2_mg_molar_grade,MG Positive Molar Grade,8,1270,1670.0,0
shap_feature_selection_extratrees_p1_20260529_183134,G2_mg_molar_grade,MG Positive Molar Grade,8,1271,1671.0,0
shap_feature_selection_extratrees_p1_20260529_183134,G2_mg_molar_grade,MG Positive Molar Grade,8,1272,1672.0,0
shap_feature_selection_extratrees_p1_20260529_183134,G2_mg_molar_grade,MG Positive Molar Grade,8,1273,1673.0,0
shap_feature_selection_extratrees_p1_20260529_183134,G2_mg_molar_grade,MG Positive Molar Grade,8,1274,1674.0,0
shap_feature_selection_extratrees_p1_20260529_183134,G2_mg_molar_grade,MG Positive Molar Grade,8,1275,1675.0,0
shap_feature_selection_extratrees_p1_20260529_183134,G2_mg_molar_grade,MG Positive Molar Grade,8,1276,1676.0,0
shap_feature_selection_extratrees_p1_20260529_183134,G2_mg_molar_grade,MG Positive Molar Grade,8,1277,1677.0,0
shap_feature_selection_extratrees_p1_20260529_183134,G2_mg_molar_grade,MG Positive Molar Grade,8,1278,1678.0,0
shap_feature_selection_extratrees_p1_20260529_183134,G2_mg_molar_grade,MG Positive Molar Grade,8,1279,1679.0,0
shap_feature_selection_extratrees_p1_20260529_183134,G2_mg_molar_grade,MG Positive Molar Grade,8,1280,1680.0,0
shap_feature_selection_extratrees_p1_20260529_183134,G2_mg_molar_grade,MG Positive Molar Grade,8,1281,1681.0,0
shap_feature_selection_extratrees_p1_20260529_183134,G2_mg_molar_grade,MG Positive Molar Grade,8,1282,1682.0,0
shap_feature_selection_extratrees_p1_20260529_183134,G2_mg_molar_grade,MG Positive Molar Grade,8,1283,1683.0,0
shap_feature_selection_extratrees_p1_20260529_183134,G2_mg_molar_grade,MG Positive Molar Grade,8,1284,1684.0,0
shap_feature_selection_extratrees_p1_20260529_183134,G2_mg_molar_grade,MG Positive Molar Grade,8,1285,1685.0,0
shap_feature_selection_extratrees_p1_20260529_183134,G2_mg_molar_grade,MG Positive Molar Grade,8,1286,1686.0,0
shap_feature_selection_extratrees_p1_20260529_183134,G2_mg_molar_grade,MG Positive Molar Grade,8,1287,1687.0,0
shap_feature_selection_extratrees_p1_20260529_183134,G2_mg_molar_grade,MG Positive Molar Grade,8,1288,1688.0,0
shap_feature_selection_extratrees_p1_20260529_183134,G2_mg_molar_grade,MG Positive Molar Grade,8,1289,1689.0,0
shap_feature_selection_extratrees_p1_20260529_183134,G2_mg_molar_grade,MG Positive Molar Grade,8,1290,1690.0,0
shap_feature_selection_extratrees_p1_20260529_183134,G2_mg_molar_grade,MG Positive Molar Grade,8,1291,1691.0,0
shap_feature_selection_extratrees_p1_20260529_183134,G2_mg_molar_grade,MG Positive Molar Grade,8,1292,1692.0,0
shap_feature_selection_extratrees_p1_20260529_183134,G2_mg_molar_grade,MG Positive Molar Grade,8,1293,1693.0,0
shap_feature_selection_extratrees_p1_20260529_183134,G2_mg_molar_grade,MG Positive Molar Grade,8,1294,1694.0,0
shap_feature_selection_extratrees_p1_20260529_183134,G2_mg_molar_grade,MG Positive Molar Grade,8,1295,1695.0,0
shap_feature_selection_extratrees_p1_20260529_183134,G2_mg_molar_grade,MG Positive Molar Grade,8,1296,1696.0,0
shap_feature_selection_extratrees_p1_20260529_183134,G2_mg_molar_grade,MG Positive Molar Grade,8,1297,1697.0,0
shap_feature_selection_extratrees_p1_20260529_183134,G2_mg_molar_grade,MG Positive Molar Grade,8,1298,1698.0,0
shap_feature_selection_extratrees_p1_20260529_183134,G2_mg_molar_grade,MG Positive Molar Grade,8,1299,1699.0,0
shap_feature_selection_extratrees_p1_20260529_183134,G2_mg_molar_grade,MG Positive Molar Grade,8,1300,1700.0,0
shap_feature_selection_extratrees_p1_20260529_183134,G2_mg_molar_grade,MG Positive Molar Grade,8,1301,1701.0,0
shap_feature_selection_extratrees_p1_20260529_183134,G2_mg_molar_grade,MG Positive Molar Grade,8,1302,1702.0,0
shap_feature_selection_extratrees_p1_20260529_183134,G2_mg_molar_grade,MG Positive Molar Grade,8,1303,1703.0,0
shap_feature_selection_extratrees_p1_20260529_183134,G2_mg_molar_grade,MG Positive Molar Grade,8,1304,1704.0,0
shap_feature_selection_extratrees_p1_20260529_183134,G2_mg_molar_grade,MG Positive Molar Grade,8,1305,1705.0,0
shap_feature_selection_extratrees_p1_20260529_183134,G2_mg_molar_grade,MG Positive Molar Grade,8,1306,1706.0,0
shap_feature_selection_extratrees_p1_20260529_183134,G2_mg_molar_grade,MG Positive Molar Grade,8,1307,1707.0,0
shap_feature_selection_extratrees_p1_20260529_183134,G2_mg_molar_grade,MG Positive Molar Grade,8,1308,1708.0,0
shap_feature_selection_extratrees_p1_20260529_183134,G2_mg_molar_grade,MG Positive Molar Grade,8,1309,1709.0,0
shap_feature_selection_extratrees_p1_20260529_183134,G2_mg_molar_grade,MG Positive Molar Grade,8,1310,1710.0,0
shap_feature_selection_extratrees_p1_20260529_183134,G2_mg_molar_grade,MG Positive Molar Grade,8,1311,1711.0,0
shap_feature_selection_extratrees_p1_20260529_183134,G2_mg_molar_grade,MG Positive Molar Grade,8,1312,1712.0,0
shap_feature_selection_extratrees_p1_20260529_183134,G2_mg_molar_grade,MG Positive Molar Grade,8,1313,1713.0,0
shap_feature_selection_extratrees_p1_20260529_183134,G2_mg_molar_grade,MG Positive Molar Grade,8,1314,1714.0,0
shap_feature_selection_extratrees_p1_20260529_183134,G2_mg_molar_grade,MG Positive Molar Grade,8,1315,1715.0,0
shap_feature_selection_extratrees_p1_20260529_183134,G2_mg_molar_grade,MG Positive Molar Grade,8,1316,1716.0,0
shap_feature_selection_extratrees_p1_20260529_183134,G2_mg_molar_grade,MG Positive Molar Grade,8,1317,1717.0,0
shap_feature_selection_extratrees_p1_20260529_183134,G2_mg_molar_grade,MG Positive Molar Grade,8,1318,1718.0,0
shap_feature_selection_extratrees_p1_20260529_183134,G2_mg_molar_grade,MG Positive Molar Grade,8,1319,1719.0,0
shap_feature_selection_extratrees_p1_20260529_183134,G2_mg_molar_grade,MG Positive Molar Grade,8,1320,1720.0,0
shap_feature_selection_extratrees_p1_20260529_183134,G2_mg_molar_grade,MG Positive Molar Grade,8,1321,1721.0,0
shap_feature_selection_extratrees_p1_20260529_183134,G2_mg_molar_grade,MG Positive Molar Grade,8,1322,1722.0,0
shap_feature_selection_extratrees_p1_20260529_183134,G2_mg_molar_grade,MG Positive Molar Grade,8,1323,1723.0,0
shap_feature_selection_extratrees_p1_20260529_183134,G2_mg_molar_grade,MG Positive Molar Grade,8,1324,1724.0,0
shap_feature_selection_extratrees_p1_20260529_183134,G2_mg_molar_grade,MG Positive Molar Grade,8,1325,1725.0,0
shap_feature_selection_extratrees_p1_20260529_183134,G2_mg_molar_grade,MG Positive Molar Grade,8,1326,1726.0,0
shap_feature_selection_extratrees_p1_20260529_183134,G2_mg_molar_grade,MG Positive Molar Grade,8,1327,1727.0,0
shap_feature_selection_extratrees_p1_20260529_183134,G2_mg_molar_grade,MG Positive Molar Grade,8,1328,1728.0,0
shap_feature_selection_extratrees_p1_20260529_183134,G2_mg_molar_grade,MG Positive Molar Grade,8,1329,1729.0,0
shap_feature_selection_extratrees_p1_20260529_183134,G2_mg_molar_grade,MG Positive Molar Grade,8,1330,1730.0,0
shap_feature_selection_extratrees_p1_20260529_183134,G2_mg_molar_grade,MG Positive Molar Grade,8,1331,1731.0,0
shap_feature_selection_extratrees_p1_20260529_183134,G2_mg_molar_grade,MG Positive Molar Grade,8,1332,1732.0,0
shap_feature_selection_extratrees_p1_20260529_183134,G2_mg_molar_grade,MG Positive Molar Grade,8,1333,1733.0,0
shap_feature_selection_extratrees_p1_20260529_183134,G2_mg_molar_grade,MG Positive Molar Grade,8,1334,1734.0,0
shap_feature_selection_extratrees_p1_20260529_183134,G2_mg_molar_grade,MG Positive Molar Grade,8,1335,1735.0,0
shap_feature_selection_extratrees_p1_20260529_183134,G2_mg_molar_grade,MG Positive Molar Grade,8,1336,1736.0,0
shap_feature_selection_extratrees_p1_20260529_183134,G2_mg_molar_grade,MG Positive Molar Grade,8,1337,1737.0,0
shap_feature_selection_extratrees_p1_20260529_183134,G2_mg_molar_grade,MG Positive Molar Grade,8,1338,1738.0,0
shap_feature_selection_extratrees_p1_20260529_183134,G2_mg_molar_grade,MG Positive Molar Grade,8,1339,1739.0,0
shap_feature_selection_extratrees_p1_20260529_183134,G2_mg_molar_grade,MG Positive Molar Grade,8,1340,1740.0,0
shap_feature_selection_extratrees_p1_20260529_183134,G2_mg_molar_grade,MG Positive Molar Grade,8,1341,1741.0,0
shap_feature_selection_extratrees_p1_20260529_183134,G2_mg_molar_grade,MG Positive Molar Grade,8,1342,1742.0,0
shap_feature_selection_extratrees_p1_20260529_183134,G2_mg_molar_grade,MG Positive Molar Grade,8,1343,1743.0,0
shap_feature_selection_extratrees_p1_20260529_183134,G2_mg_molar_grade,MG Positive Molar Grade,8,1344,1744.0,0
shap_feature_selection_extratrees_p1_20260529_183134,G2_mg_molar_grade,MG Positive Molar Grade,8,1345,1745.0,0
shap_feature_selection_extratrees_p1_20260529_183134,G2_mg_molar_grade,MG Positive Molar Grade,8,1346,1746.0,0
shap_feature_selection_extratrees_p1_20260529_183134,G2_mg_molar_grade,MG Positive Molar Grade,8,1347,1747.0,0
shap_feature_selection_extratrees_p1_20260529_183134,G2_mg_molar_grade,MG Positive Molar Grade,8,1348,1748.0,0
shap_feature_selection_extratrees_p1_20260529_183134,G2_mg_molar_grade,MG Positive Molar Grade,8,1349,1749.0,0
shap_feature_selection_extratrees_p1_20260529_183134,G2_mg_molar_grade,MG Positive Molar Grade,8,1350,1750.0,0
shap_feature_selection_extratrees_p1_20260529_183134,G2_mg_molar_grade,MG Positive Molar Grade,8,1351,1751.0,0
shap_feature_selection_extratrees_p1_20260529_183134,G2_mg_molar_grade,MG Positive Molar Grade,8,1352,1752.0,0
shap_feature_selection_extratrees_p1_20260529_183134,G2_mg_molar_grade,MG Positive Molar Grade,8,1353,1753.0,0
shap_feature_selection_extratrees_p1_20260529_183134,G2_mg_molar_grade,MG Positive Molar Grade,8,1354,1754.0,0
shap_feature_selection_extratrees_p1_20260529_183134,G2_mg_molar_grade,MG Positive Molar Grade,8,1355,1755.0,0
shap_feature_selection_extratrees_p1_20260529_183134,G2_mg_molar_grade,MG Positive Molar Grade,8,1356,1756.0,0
shap_feature_selection_extratrees_p1_20260529_183134,G2_mg_molar_grade,MG Positive Molar Grade,8,1357,1757.0,0
shap_feature_selection_extratrees_p1_20260529_183134,G2_mg_molar_grade,MG Positive Molar Grade,8,1358,1758.0,0
shap_feature_selection_extratrees_p1_20260529_183134,G2_mg_molar_grade,MG Positive Molar Grade,8,1359,1759.0,0
shap_feature_selection_extratrees_p1_20260529_183134,G2_mg_molar_grade,MG Positive Molar Grade,8,1360,1760.0,0
shap_feature_selection_extratrees_p1_20260529_183134,G2_mg_molar_grade,MG Positive Molar Grade,8,1361,1761.0,0
shap_feature_selection_extratrees_p1_20260529_183134,G2_mg_molar_grade,MG Positive Molar Grade,8,1362,1762.0,0
shap_feature_selection_extratrees_p1_20260529_183134,G2_mg_molar_grade,MG Positive Molar Grade,8,1363,1763.0,0
shap_feature_selection_extratrees_p1_20260529_183134,G2_mg_molar_grade,MG Positive Molar Grade,8,1364,1764.0,0
shap_feature_selection_extratrees_p1_20260529_183134,G2_mg_molar_grade,MG Positive Molar Grade,8,1365,1765.0,0
shap_feature_selection_extratrees_p1_20260529_183134,G2_mg_molar_grade,MG Positive Molar Grade,8,1366,1766.0,0
shap_feature_selection_extratrees_p1_20260529_183134,G2_mg_molar_grade,MG Positive Molar Grade,8,1367,1767.0,0
shap_feature_selection_extratrees_p1_20260529_183134,G2_mg_molar_grade,MG Positive Molar Grade,8,1368,1768.0,0
shap_feature_selection_extratrees_p1_20260529_183134,G2_mg_molar_grade,MG Positive Molar Grade,8,1369,1769.0,0
shap_feature_selection_extratrees_p1_20260529_183134,G2_mg_molar_grade,MG Positive Molar Grade,8,1370,1770.0,0
shap_feature_selection_extratrees_p1_20260529_183134,G2_mg_molar_grade,MG Positive Molar Grade,8,1371,1771.0,0
shap_feature_selection_extratrees_p1_20260529_183134,G2_mg_molar_grade,MG Positive Molar Grade,8,1372,1772.0,0
shap_feature_selection_extratrees_p1_20260529_183134,G2_mg_molar_grade,MG Positive Molar Grade,8,1373,1773.0,0
shap_feature_selection_extratrees_p1_20260529_183134,G2_mg_molar_grade,MG Positive Molar Grade,8,1374,1774.0,0
shap_feature_selection_extratrees_p1_20260529_183134,G2_mg_molar_grade,MG Positive Molar Grade,8,1375,1775.0,0
shap_feature_selection_extratrees_p1_20260529_183134,G2_mg_molar_grade,MG Positive Molar Grade,8,1376,1776.0,0
shap_feature_selection_extratrees_p1_20260529_183134,G2_mg_molar_grade,MG Positive Molar Grade,8,1377,1777.0,0
shap_feature_selection_extratrees_p1_20260529_183134,G2_mg_molar_grade,MG Positive Molar Grade,8,1378,1778.0,0
shap_feature_selection_extratrees_p1_20260529_183134,G2_mg_molar_grade,MG Positive Molar Grade,8,1379,1779.0,0
shap_feature_selection_extratrees_p1_20260529_183134,G2_mg_molar_grade,MG Positive Molar Grade,8,1380,1780.0,0
shap_feature_selection_extratrees_p1_20260529_183134,G2_mg_molar_grade,MG Positive Molar Grade,8,1381,1781.0,0
shap_feature_selection_extratrees_p1_20260529_183134,G2_mg_molar_grade,MG Positive Molar Grade,8,1382,1782.0,0
shap_feature_selection_extratrees_p1_20260529_183134,G2_mg_molar_grade,MG Positive Molar Grade,8,1383,1783.0,0
shap_feature_selection_extratrees_p1_20260529_183134,G2_mg_molar_grade,MG Positive Molar Grade,8,1384,1784.0,0
shap_feature_selection_extratrees_p1_20260529_183134,G2_mg_molar_grade,MG Positive Molar Grade,8,1385,1785.0,0
shap_feature_selection_extratrees_p1_20260529_183134,G2_mg_molar_grade,MG Positive Molar Grade,8,1386,1786.0,0
shap_feature_selection_extratrees_p1_20260529_183134,G2_mg_molar_grade,MG Positive Molar Grade,8,1387,1787.0,0
shap_feature_selection_extratrees_p1_20260529_183134,G2_mg_molar_grade,MG Positive Molar Grade,8,1388,1788.0,0
shap_feature_selection_extratrees_p1_20260529_183134,G2_mg_molar_grade,MG Positive Molar Grade,8,1389,1789.0,0
shap_feature_selection_extratrees_p1_20260529_183134,G2_mg_molar_grade,MG Positive Molar Grade,8,1390,1790.0,0
shap_feature_selection_extratrees_p1_20260529_183134,G2_mg_molar_grade,MG Positive Molar Grade,8,1391,1791.0,0
shap_feature_selection_extratrees_p1_20260529_183134,G2_mg_molar_grade,MG Positive Molar Grade,8,1392,1792.0,0
shap_feature_selection_extratrees_p1_20260529_183134,G2_mg_molar_grade,MG Positive Molar Grade,8,1393,1793.0,0
shap_feature_selection_extratrees_p1_20260529_183134,G2_mg_molar_grade,MG Positive Molar Grade,8,1394,1794.0,0
shap_feature_selection_extratrees_p1_20260529_183134,G2_mg_molar_grade,MG Positive Molar Grade,8,1395,1795.0,0
shap_feature_selection_extratrees_p1_20260529_183134,G2_mg_molar_grade,MG Positive Molar Grade,8,1396,1796.0,0
shap_feature_selection_extratrees_p1_20260529_183134,G2_mg_molar_grade,MG Positive Molar Grade,8,1397,1797.0,0
shap_feature_selection_extratrees_p1_20260529_183134,G2_mg_molar_grade,MG Positive Molar Grade,8,1398,1798.0,0
shap_feature_selection_extratrees_p1_20260529_183134,G2_mg_molar_grade,MG Positive Molar Grade,8,1399,1799.0,0
shap_feature_selection_extratrees_p1_20260529_183134,G2_mg_molar_grade,MG Positive Molar Grade,8,1400,1800.0,0
shap_feature_selection_extratrees_p1_20260529_183134,G3_mba_molar_grade,MBA Positive Molar Grade,8,0,400.0,0
shap_feature_selection_extratrees_p1_20260529_183134,G3_mba_molar_grade,MBA Positive Molar Grade,8,1,401.0,0
shap_feature_selection_extratrees_p1_20260529_183134,G3_mba_molar_grade,MBA Positive Molar Grade,8,2,402.0,0
shap_feature_selection_extratrees_p1_20260529_183134,G3_mba_molar_grade,MBA Positive Molar Grade,8,3,403.0,0
shap_feature_selection_extratrees_p1_20260529_183134,G3_mba_molar_grade,MBA Positive Molar Grade,8,4,404.0,0
shap_feature_selection_extratrees_p1_20260529_183134,G3_mba_molar_grade,MBA Positive Molar Grade,8,5,405.0,0
shap_feature_selection_extratrees_p1_20260529_183134,G3_mba_molar_grade,MBA Positive Molar Grade,8,6,406.0,0
shap_feature_selection_extratrees_p1_20260529_183134,G3_mba_molar_grade,MBA Positive Molar Grade,8,7,407.0,0
shap_feature_selection_extratrees_p1_20260529_183134,G3_mba_molar_grade,MBA Positive Molar Grade,8,8,408.0,0
shap_feature_selection_extratrees_p1_20260529_183134,G3_mba_molar_grade,MBA Positive Molar Grade,8,9,409.0,0
shap_feature_selection_extratrees_p1_20260529_183134,G3_mba_molar_grade,MBA Positive Molar Grade,8,10,410.0,0
shap_feature_selection_extratrees_p1_20260529_183134,G3_mba_molar_grade,MBA Positive Molar Grade,8,11,411.0,0
shap_feature_selection_extratrees_p1_20260529_183134,G3_mba_molar_grade,MBA Positive Molar Grade,8,12,412.0,0
shap_feature_selection_extratrees_p1_20260529_183134,G3_mba_molar_grade,MBA Positive Molar Grade,8,13,413.0,0
shap_feature_selection_extratrees_p1_20260529_183134,G3_mba_molar_grade,MBA Positive Molar Grade,8,14,414.0,0
shap_feature_selection_extratrees_p1_20260529_183134,G3_mba_molar_grade,MBA Positive Molar Grade,8,15,415.0,0
shap_feature_selection_extratrees_p1_20260529_183134,G3_mba_molar_grade,MBA Positive Molar Grade,8,16,416.0,0
shap_feature_selection_extratrees_p1_20260529_183134,G3_mba_molar_grade,MBA Positive Molar Grade,8,17,417.0,0
shap_feature_selection_extratrees_p1_20260529_183134,G3_mba_molar_grade,MBA Positive Molar Grade,8,18,418.0,0
shap_feature_selection_extratrees_p1_20260529_183134,G3_mba_molar_grade,MBA Positive Molar Grade,8,19,419.0,0
shap_feature_selection_extratrees_p1_20260529_183134,G3_mba_molar_grade,MBA Positive Molar Grade,8,20,420.0,0
shap_feature_selection_extratrees_p1_20260529_183134,G3_mba_molar_grade,MBA Positive Molar Grade,8,21,421.0,0
shap_feature_selection_extratrees_p1_20260529_183134,G3_mba_molar_grade,MBA Positive Molar Grade,8,22,422.0,0
shap_feature_selection_extratrees_p1_20260529_183134,G3_mba_molar_grade,MBA Positive Molar Grade,8,23,423.0,0
shap_feature_selection_extratrees_p1_20260529_183134,G3_mba_molar_grade,MBA Positive Molar Grade,8,24,424.0,0
shap_feature_selection_extratrees_p1_20260529_183134,G3_mba_molar_grade,MBA Positive Molar Grade,8,25,425.0,0
shap_feature_selection_extratrees_p1_20260529_183134,G3_mba_molar_grade,MBA Positive Molar Grade,8,26,426.0,0
shap_feature_selection_extratrees_p1_20260529_183134,G3_mba_molar_grade,MBA Positive Molar Grade,8,27,427.0,0
shap_feature_selection_extratrees_p1_20260529_183134,G3_mba_molar_grade,MBA Positive Molar Grade,8,28,428.0,0
shap_feature_selection_extratrees_p1_20260529_183134,G3_mba_molar_grade,MBA Positive Molar Grade,8,29,429.0,0
shap_feature_selection_extratrees_p1_20260529_183134,G3_mba_molar_grade,MBA Positive Molar Grade,8,30,430.0,0
shap_feature_selection_extratrees_p1_20260529_183134,G3_mba_molar_grade,MBA Positive Molar Grade,8,31,431.0,0
shap_feature_selection_extratrees_p1_20260529_183134,G3_mba_molar_grade,MBA Positive Molar Grade,8,32,432.0,0
shap_feature_selection_extratrees_p1_20260529_183134,G3_mba_molar_grade,MBA Positive Molar Grade,8,33,433.0,0
shap_feature_selection_extratrees_p1_20260529_183134,G3_mba_molar_grade,MBA Positive Molar Grade,8,34,434.0,0
shap_feature_selection_extratrees_p1_20260529_183134,G3_mba_molar_grade,MBA Positive Molar Grade,8,35,435.0,0
shap_feature_selection_extratrees_p1_20260529_183134,G3_mba_molar_grade,MBA Positive Molar Grade,8,36,436.0,0
shap_feature_selection_extratrees_p1_20260529_183134,G3_mba_molar_grade,MBA Positive Molar Grade,8,37,437.0,0
shap_feature_selection_extratrees_p1_20260529_183134,G3_mba_molar_grade,MBA Positive Molar Grade,8,38,438.0,0
shap_feature_selection_extratrees_p1_20260529_183134,G3_mba_molar_grade,MBA Positive Molar Grade,8,39,439.0,0
shap_feature_selection_extratrees_p1_20260529_183134,G3_mba_molar_grade,MBA Positive Molar Grade,8,40,440.0,0
shap_feature_selection_extratrees_p1_20260529_183134,G3_mba_molar_grade,MBA Positive Molar Grade,8,41,441.0,0
shap_feature_selection_extratrees_p1_20260529_183134,G3_mba_molar_grade,MBA Positive Molar Grade,8,42,442.0,0
shap_feature_selection_extratrees_p1_20260529_183134,G3_mba_molar_grade,MBA Positive Molar Grade,8,43,443.0,0
shap_feature_selection_extratrees_p1_20260529_183134,G3_mba_molar_grade,MBA Positive Molar Grade,8,44,444.0,0
shap_feature_selection_extratrees_p1_20260529_183134,G3_mba_molar_grade,MBA Positive Molar Grade,8,45,445.0,0
shap_feature_selection_extratrees_p1_20260529_183134,G3_mba_molar_grade,MBA Positive Molar Grade,8,46,446.0,0
shap_feature_selection_extratrees_p1_20260529_183134,G3_mba_molar_grade,MBA Positive Molar Grade,8,47,447.0,0
shap_feature_selection_extratrees_p1_20260529_183134,G3_mba_molar_grade,MBA Positive Molar Grade,8,48,448.0,0
shap_feature_selection_extratrees_p1_20260529_183134,G3_mba_molar_grade,MBA Positive Molar Grade,8,49,449.0,0
shap_feature_selection_extratrees_p1_20260529_183134,G3_mba_molar_grade,MBA Positive Molar Grade,8,50,450.0,0
shap_feature_selection_extratrees_p1_20260529_183134,G3_mba_molar_grade,MBA Positive Molar Grade,8,51,451.0,0
shap_feature_selection_extratrees_p1_20260529_183134,G3_mba_molar_grade,MBA Positive Molar Grade,8,52,452.0,0
shap_feature_selection_extratrees_p1_20260529_183134,G3_mba_molar_grade,MBA Positive Molar Grade,8,53,453.0,0
shap_feature_selection_extratrees_p1_20260529_183134,G3_mba_molar_grade,MBA Positive Molar Grade,8,54,454.0,0
shap_feature_selection_extratrees_p1_20260529_183134,G3_mba_molar_grade,MBA Positive Molar Grade,8,55,455.0,0
shap_feature_selection_extratrees_p1_20260529_183134,G3_mba_molar_grade,MBA Positive Molar Grade,8,56,456.0,0
shap_feature_selection_extratrees_p1_20260529_183134,G3_mba_molar_grade,MBA Positive Molar Grade,8,57,457.0,0
shap_feature_selection_extratrees_p1_20260529_183134,G3_mba_molar_grade,MBA Positive Molar Grade,8,58,458.0,0
shap_feature_selection_extratrees_p1_20260529_183134,G3_mba_molar_grade,MBA Positive Molar Grade,8,59,459.0,0
shap_feature_selection_extratrees_p1_20260529_183134,G3_mba_molar_grade,MBA Positive Molar Grade,8,60,460.0,0
shap_feature_selection_extratrees_p1_20260529_183134,G3_mba_molar_grade,MBA Positive Molar Grade,8,61,461.0,0
shap_feature_selection_extratrees_p1_20260529_183134,G3_mba_molar_grade,MBA Positive Molar Grade,8,62,462.0,0
shap_feature_selection_extratrees_p1_20260529_183134,G3_mba_molar_grade,MBA Positive Molar Grade,8,63,463.0,0
shap_feature_selection_extratrees_p1_20260529_183134,G3_mba_molar_grade,MBA Positive Molar Grade,8,64,464.0,0
shap_feature_selection_extratrees_p1_20260529_183134,G3_mba_molar_grade,MBA Positive Molar Grade,8,65,465.0,0
shap_feature_selection_extratrees_p1_20260529_183134,G3_mba_molar_grade,MBA Positive Molar Grade,8,66,466.0,0
shap_feature_selection_extratrees_p1_20260529_183134,G3_mba_molar_grade,MBA Positive Molar Grade,8,67,467.0,0
shap_feature_selection_extratrees_p1_20260529_183134,G3_mba_molar_grade,MBA Positive Molar Grade,8,68,468.0,0
shap_feature_selection_extratrees_p1_20260529_183134,G3_mba_molar_grade,MBA Positive Molar Grade,8,69,469.0,0
shap_feature_selection_extratrees_p1_20260529_183134,G3_mba_molar_grade,MBA Positive Molar Grade,8,70,470.0,0
shap_feature_selection_extratrees_p1_20260529_183134,G3_mba_molar_grade,MBA Positive Molar Grade,8,71,471.0,0
shap_feature_selection_extratrees_p1_20260529_183134,G3_mba_molar_grade,MBA Positive Molar Grade,8,72,472.0,0
shap_feature_selection_extratrees_p1_20260529_183134,G3_mba_molar_grade,MBA Positive Molar Grade,8,73,473.0,0
shap_feature_selection_extratrees_p1_20260529_183134,G3_mba_molar_grade,MBA Positive Molar Grade,8,74,474.0,0
shap_feature_selection_extratrees_p1_20260529_183134,G3_mba_molar_grade,MBA Positive Molar Grade,8,75,475.0,0
shap_feature_selection_extratrees_p1_20260529_183134,G3_mba_molar_grade,MBA Positive Molar Grade,8,76,476.0,0
shap_feature_selection_extratrees_p1_20260529_183134,G3_mba_molar_grade,MBA Positive Molar Grade,8,77,477.0,0
shap_feature_selection_extratrees_p1_20260529_183134,G3_mba_molar_grade,MBA Positive Molar Grade,8,78,478.0,0
shap_feature_selection_extratrees_p1_20260529_183134,G3_mba_molar_grade,MBA Positive Molar Grade,8,79,479.0,0
shap_feature_selection_extratrees_p1_20260529_183134,G3_mba_molar_grade,MBA Positive Molar Grade,8,80,480.0,0
shap_feature_selection_extratrees_p1_20260529_183134,G3_mba_molar_grade,MBA Positive Molar Grade,8,81,481.0,0
shap_feature_selection_extratrees_p1_20260529_183134,G3_mba_molar_grade,MBA Positive Molar Grade,8,82,482.0,0
shap_feature_selection_extratrees_p1_20260529_183134,G3_mba_molar_grade,MBA Positive Molar Grade,8,83,483.0,0
shap_feature_selection_extratrees_p1_20260529_183134,G3_mba_molar_grade,MBA Positive Molar Grade,8,84,484.0,0
shap_feature_selection_extratrees_p1_20260529_183134,G3_mba_molar_grade,MBA Positive Molar Grade,8,85,485.0,0
shap_feature_selection_extratrees_p1_20260529_183134,G3_mba_molar_grade,MBA Positive Molar Grade,8,86,486.0,0
shap_feature_selection_extratrees_p1_20260529_183134,G3_mba_molar_grade,MBA Positive Molar Grade,8,87,487.0,0
shap_feature_selection_extratrees_p1_20260529_183134,G3_mba_molar_grade,MBA Positive Molar Grade,8,88,488.0,0
shap_feature_selection_extratrees_p1_20260529_183134,G3_mba_molar_grade,MBA Positive Molar Grade,8,89,489.0,0
shap_feature_selection_extratrees_p1_20260529_183134,G3_mba_molar_grade,MBA Positive Molar Grade,8,90,490.0,0
shap_feature_selection_extratrees_p1_20260529_183134,G3_mba_molar_grade,MBA Positive Molar Grade,8,91,491.0,0
shap_feature_selection_extratrees_p1_20260529_183134,G3_mba_molar_grade,MBA Positive Molar Grade,8,92,492.0,0
shap_feature_selection_extratrees_p1_20260529_183134,G3_mba_molar_grade,MBA Positive Molar Grade,8,93,493.0,0
shap_feature_selection_extratrees_p1_20260529_183134,G3_mba_molar_grade,MBA Positive Molar Grade,8,94,494.0,0
shap_feature_selection_extratrees_p1_20260529_183134,G3_mba_molar_grade,MBA Positive Molar Grade,8,95,495.0,0
shap_feature_selection_extratrees_p1_20260529_183134,G3_mba_molar_grade,MBA Positive Molar Grade,8,96,496.0,0
shap_feature_selection_extratrees_p1_20260529_183134,G3_mba_molar_grade,MBA Positive Molar Grade,8,97,497.0,0
shap_feature_selection_extratrees_p1_20260529_183134,G3_mba_molar_grade,MBA Positive Molar Grade,8,98,498.0,0
shap_feature_selection_extratrees_p1_20260529_183134,G3_mba_molar_grade,MBA Positive Molar Grade,8,99,499.0,0
shap_feature_selection_extratrees_p1_20260529_183134,G3_mba_molar_grade,MBA Positive Molar Grade,8,100,500.0,0
shap_feature_selection_extratrees_p1_20260529_183134,G3_mba_molar_grade,MBA Positive Molar Grade,8,101,501.0,0
shap_feature_selection_extratrees_p1_20260529_183134,G3_mba_molar_grade,MBA Positive Molar Grade,8,102,502.0,0
shap_feature_selection_extratrees_p1_20260529_183134,G3_mba_molar_grade,MBA Positive Molar Grade,8,103,503.0,0
shap_feature_selection_extratrees_p1_20260529_183134,G3_mba_molar_grade,MBA Positive Molar Grade,8,104,504.0,0
shap_feature_selection_extratrees_p1_20260529_183134,G3_mba_molar_grade,MBA Positive Molar Grade,8,105,505.0,0
shap_feature_selection_extratrees_p1_20260529_183134,G3_mba_molar_grade,MBA Positive Molar Grade,8,106,506.0,0
shap_feature_selection_extratrees_p1_20260529_183134,G3_mba_molar_grade,MBA Positive Molar Grade,8,107,507.0,0
shap_feature_selection_extratrees_p1_20260529_183134,G3_mba_molar_grade,MBA Positive Molar Grade,8,108,508.0,0
shap_feature_selection_extratrees_p1_20260529_183134,G3_mba_molar_grade,MBA Positive Molar Grade,8,109,509.0,0
shap_feature_selection_extratrees_p1_20260529_183134,G3_mba_molar_grade,MBA Positive Molar Grade,8,110,510.0,0
shap_feature_selection_extratrees_p1_20260529_183134,G3_mba_molar_grade,MBA Positive Molar Grade,8,111,511.0,0
shap_feature_selection_extratrees_p1_20260529_183134,G3_mba_molar_grade,MBA Positive Molar Grade,8,112,512.0,0
shap_feature_selection_extratrees_p1_20260529_183134,G3_mba_molar_grade,MBA Positive Molar Grade,8,113,513.0,0
shap_feature_selection_extratrees_p1_20260529_183134,G3_mba_molar_grade,MBA Positive Molar Grade,8,114,514.0,1
shap_feature_selection_extratrees_p1_20260529_183134,G3_mba_molar_grade,MBA Positive Molar Grade,8,115,515.0,0
shap_feature_selection_extratrees_p1_20260529_183134,G3_mba_molar_grade,MBA Positive Molar Grade,8,116,516.0,0
shap_feature_selection_extratrees_p1_20260529_183134,G3_mba_molar_grade,MBA Positive Molar Grade,8,117,517.0,0
shap_feature_selection_extratrees_p1_20260529_183134,G3_mba_molar_grade,MBA Positive Molar Grade,8,118,518.0,0
shap_feature_selection_extratrees_p1_20260529_183134,G3_mba_molar_grade,MBA Positive Molar Grade,8,119,519.0,0
shap_feature_selection_extratrees_p1_20260529_183134,G3_mba_molar_grade,MBA Positive Molar Grade,8,120,520.0,0
shap_feature_selection_extratrees_p1_20260529_183134,G3_mba_molar_grade,MBA Positive Molar Grade,8,121,521.0,0
shap_feature_selection_extratrees_p1_20260529_183134,G3_mba_molar_grade,MBA Positive Molar Grade,8,122,522.0,0
shap_feature_selection_extratrees_p1_20260529_183134,G3_mba_molar_grade,MBA Positive Molar Grade,8,123,523.0,0
shap_feature_selection_extratrees_p1_20260529_183134,G3_mba_molar_grade,MBA Positive Molar Grade,8,124,524.0,0
shap_feature_selection_extratrees_p1_20260529_183134,G3_mba_molar_grade,MBA Positive Molar Grade,8,125,525.0,0
shap_feature_selection_extratrees_p1_20260529_183134,G3_mba_molar_grade,MBA Positive Molar Grade,8,126,526.0,0
shap_feature_selection_extratrees_p1_20260529_183134,G3_mba_molar_grade,MBA Positive Molar Grade,8,127,527.0,0
shap_feature_selection_extratrees_p1_20260529_183134,G3_mba_molar_grade,MBA Positive Molar Grade,8,128,528.0,1
shap_feature_selection_extratrees_p1_20260529_183134,G3_mba_molar_grade,MBA Positive Molar Grade,8,129,529.0,0
shap_feature_selection_extratrees_p1_20260529_183134,G3_mba_molar_grade,MBA Positive Molar Grade,8,130,530.0,0
shap_feature_selection_extratrees_p1_20260529_183134,G3_mba_molar_grade,MBA Positive Molar Grade,8,131,531.0,0
shap_feature_selection_extratrees_p1_20260529_183134,G3_mba_molar_grade,MBA Positive Molar Grade,8,132,532.0,0
shap_feature_selection_extratrees_p1_20260529_183134,G3_mba_molar_grade,MBA Positive Molar Grade,8,133,533.0,1
shap_feature_selection_extratrees_p1_20260529_183134,G3_mba_molar_grade,MBA Positive Molar Grade,8,134,534.0,0
shap_feature_selection_extratrees_p1_20260529_183134,G3_mba_molar_grade,MBA Positive Molar Grade,8,135,535.0,0
shap_feature_selection_extratrees_p1_20260529_183134,G3_mba_molar_grade,MBA Positive Molar Grade,8,136,536.0,0
shap_feature_selection_extratrees_p1_20260529_183134,G3_mba_molar_grade,MBA Positive Molar Grade,8,137,537.0,0
shap_feature_selection_extratrees_p1_20260529_183134,G3_mba_molar_grade,MBA Positive Molar Grade,8,138,538.0,0
shap_feature_selection_extratrees_p1_20260529_183134,G3_mba_molar_grade,MBA Positive Molar Grade,8,139,539.0,0
shap_feature_selection_extratrees_p1_20260529_183134,G3_mba_molar_grade,MBA Positive Molar Grade,8,140,540.0,0
shap_feature_selection_extratrees_p1_20260529_183134,G3_mba_molar_grade,MBA Positive Molar Grade,8,141,541.0,0
shap_feature_selection_extratrees_p1_20260529_183134,G3_mba_molar_grade,MBA Positive Molar Grade,8,142,542.0,0
shap_feature_selection_extratrees_p1_20260529_183134,G3_mba_molar_grade,MBA Positive Molar Grade,8,143,543.0,0
shap_feature_selection_extratrees_p1_20260529_183134,G3_mba_molar_grade,MBA Positive Molar Grade,8,144,544.0,0
shap_feature_selection_extratrees_p1_20260529_183134,G3_mba_molar_grade,MBA Positive Molar Grade,8,145,545.0,0
shap_feature_selection_extratrees_p1_20260529_183134,G3_mba_molar_grade,MBA Positive Molar Grade,8,146,546.0,0
shap_feature_selection_extratrees_p1_20260529_183134,G3_mba_molar_grade,MBA Positive Molar Grade,8,147,547.0,0
shap_feature_selection_extratrees_p1_20260529_183134,G3_mba_molar_grade,MBA Positive Molar Grade,8,148,548.0,0
shap_feature_selection_extratrees_p1_20260529_183134,G3_mba_molar_grade,MBA Positive Molar Grade,8,149,549.0,0
shap_feature_selection_extratrees_p1_20260529_183134,G3_mba_molar_grade,MBA Positive Molar Grade,8,150,550.0,0
shap_feature_selection_extratrees_p1_20260529_183134,G3_mba_molar_grade,MBA Positive Molar Grade,8,151,551.0,0
shap_feature_selection_extratrees_p1_20260529_183134,G3_mba_molar_grade,MBA Positive Molar Grade,8,152,552.0,0
shap_feature_selection_extratrees_p1_20260529_183134,G3_mba_molar_grade,MBA Positive Molar Grade,8,153,553.0,0
shap_feature_selection_extratrees_p1_20260529_183134,G3_mba_molar_grade,MBA Positive Molar Grade,8,154,554.0,0
shap_feature_selection_extratrees_p1_20260529_183134,G3_mba_molar_grade,MBA Positive Molar Grade,8,155,555.0,0
shap_feature_selection_extratrees_p1_20260529_183134,G3_mba_molar_grade,MBA Positive Molar Grade,8,156,556.0,0
shap_feature_selection_extratrees_p1_20260529_183134,G3_mba_molar_grade,MBA Positive Molar Grade,8,157,557.0,0
shap_feature_selection_extratrees_p1_20260529_183134,G3_mba_molar_grade,MBA Positive Molar Grade,8,158,558.0,0
shap_feature_selection_extratrees_p1_20260529_183134,G3_mba_molar_grade,MBA Positive Molar Grade,8,159,559.0,0
shap_feature_selection_extratrees_p1_20260529_183134,G3_mba_molar_grade,MBA Positive Molar Grade,8,160,560.0,0
shap_feature_selection_extratrees_p1_20260529_183134,G3_mba_molar_grade,MBA Positive Molar Grade,8,161,561.0,0
shap_feature_selection_extratrees_p1_20260529_183134,G3_mba_molar_grade,MBA Positive Molar Grade,8,162,562.0,0
shap_feature_selection_extratrees_p1_20260529_183134,G3_mba_molar_grade,MBA Positive Molar Grade,8,163,563.0,0
shap_feature_selection_extratrees_p1_20260529_183134,G3_mba_molar_grade,MBA Positive Molar Grade,8,164,564.0,0
shap_feature_selection_extratrees_p1_20260529_183134,G3_mba_molar_grade,MBA Positive Molar Grade,8,165,565.0,0
shap_feature_selection_extratrees_p1_20260529_183134,G3_mba_molar_grade,MBA Positive Molar Grade,8,166,566.0,0
shap_feature_selection_extratrees_p1_20260529_183134,G3_mba_molar_grade,MBA Positive Molar Grade,8,167,567.0,0
shap_feature_selection_extratrees_p1_20260529_183134,G3_mba_molar_grade,MBA Positive Molar Grade,8,168,568.0,0
shap_feature_selection_extratrees_p1_20260529_183134,G3_mba_molar_grade,MBA Positive Molar Grade,8,169,569.0,0
shap_feature_selection_extratrees_p1_20260529_183134,G3_mba_molar_grade,MBA Positive Molar Grade,8,170,570.0,0
shap_feature_selection_extratrees_p1_20260529_183134,G3_mba_molar_grade,MBA Positive Molar Grade,8,171,571.0,0
shap_feature_selection_extratrees_p1_20260529_183134,G3_mba_molar_grade,MBA Positive Molar Grade,8,172,572.0,0
shap_feature_selection_extratrees_p1_20260529_183134,G3_mba_molar_grade,MBA Positive Molar Grade,8,173,573.0,0
shap_feature_selection_extratrees_p1_20260529_183134,G3_mba_molar_grade,MBA Positive Molar Grade,8,174,574.0,0
shap_feature_selection_extratrees_p1_20260529_183134,G3_mba_molar_grade,MBA Positive Molar Grade,8,175,575.0,0
shap_feature_selection_extratrees_p1_20260529_183134,G3_mba_molar_grade,MBA Positive Molar Grade,8,176,576.0,0
shap_feature_selection_extratrees_p1_20260529_183134,G3_mba_molar_grade,MBA Positive Molar Grade,8,177,577.0,0
shap_feature_selection_extratrees_p1_20260529_183134,G3_mba_molar_grade,MBA Positive Molar Grade,8,178,578.0,0
shap_feature_selection_extratrees_p1_20260529_183134,G3_mba_molar_grade,MBA Positive Molar Grade,8,179,579.0,0
shap_feature_selection_extratrees_p1_20260529_183134,G3_mba_molar_grade,MBA Positive Molar Grade,8,180,580.0,0
shap_feature_selection_extratrees_p1_20260529_183134,G3_mba_molar_grade,MBA Positive Molar Grade,8,181,581.0,0
shap_feature_selection_extratrees_p1_20260529_183134,G3_mba_molar_grade,MBA Positive Molar Grade,8,182,582.0,0
shap_feature_selection_extratrees_p1_20260529_183134,G3_mba_molar_grade,MBA Positive Molar Grade,8,183,583.0,0
shap_feature_selection_extratrees_p1_20260529_183134,G3_mba_molar_grade,MBA Positive Molar Grade,8,184,584.0,0
shap_feature_selection_extratrees_p1_20260529_183134,G3_mba_molar_grade,MBA Positive Molar Grade,8,185,585.0,0
shap_feature_selection_extratrees_p1_20260529_183134,G3_mba_molar_grade,MBA Positive Molar Grade,8,186,586.0,0
shap_feature_selection_extratrees_p1_20260529_183134,G3_mba_molar_grade,MBA Positive Molar Grade,8,187,587.0,0
shap_feature_selection_extratrees_p1_20260529_183134,G3_mba_molar_grade,MBA Positive Molar Grade,8,188,588.0,0
shap_feature_selection_extratrees_p1_20260529_183134,G3_mba_molar_grade,MBA Positive Molar Grade,8,189,589.0,0
shap_feature_selection_extratrees_p1_20260529_183134,G3_mba_molar_grade,MBA Positive Molar Grade,8,190,590.0,0
shap_feature_selection_extratrees_p1_20260529_183134,G3_mba_molar_grade,MBA Positive Molar Grade,8,191,591.0,0
shap_feature_selection_extratrees_p1_20260529_183134,G3_mba_molar_grade,MBA Positive Molar Grade,8,192,592.0,0
shap_feature_selection_extratrees_p1_20260529_183134,G3_mba_molar_grade,MBA Positive Molar Grade,8,193,593.0,0
shap_feature_selection_extratrees_p1_20260529_183134,G3_mba_molar_grade,MBA Positive Molar Grade,8,194,594.0,0
shap_feature_selection_extratrees_p1_20260529_183134,G3_mba_molar_grade,MBA Positive Molar Grade,8,195,595.0,0
shap_feature_selection_extratrees_p1_20260529_183134,G3_mba_molar_grade,MBA Positive Molar Grade,8,196,596.0,0
shap_feature_selection_extratrees_p1_20260529_183134,G3_mba_molar_grade,MBA Positive Molar Grade,8,197,597.0,0
shap_feature_selection_extratrees_p1_20260529_183134,G3_mba_molar_grade,MBA Positive Molar Grade,8,198,598.0,0
shap_feature_selection_extratrees_p1_20260529_183134,G3_mba_molar_grade,MBA Positive Molar Grade,8,199,599.0,0
shap_feature_selection_extratrees_p1_20260529_183134,G3_mba_molar_grade,MBA Positive Molar Grade,8,200,600.0,0
shap_feature_selection_extratrees_p1_20260529_183134,G3_mba_molar_grade,MBA Positive Molar Grade,8,201,601.0,0
shap_feature_selection_extratrees_p1_20260529_183134,G3_mba_molar_grade,MBA Positive Molar Grade,8,202,602.0,0
shap_feature_selection_extratrees_p1_20260529_183134,G3_mba_molar_grade,MBA Positive Molar Grade,8,203,603.0,0
shap_feature_selection_extratrees_p1_20260529_183134,G3_mba_molar_grade,MBA Positive Molar Grade,8,204,604.0,0
shap_feature_selection_extratrees_p1_20260529_183134,G3_mba_molar_grade,MBA Positive Molar Grade,8,205,605.0,0
shap_feature_selection_extratrees_p1_20260529_183134,G3_mba_molar_grade,MBA Positive Molar Grade,8,206,606.0,0
shap_feature_selection_extratrees_p1_20260529_183134,G3_mba_molar_grade,MBA Positive Molar Grade,8,207,607.0,0
shap_feature_selection_extratrees_p1_20260529_183134,G3_mba_molar_grade,MBA Positive Molar Grade,8,208,608.0,0
shap_feature_selection_extratrees_p1_20260529_183134,G3_mba_molar_grade,MBA Positive Molar Grade,8,209,609.0,0
shap_feature_selection_extratrees_p1_20260529_183134,G3_mba_molar_grade,MBA Positive Molar Grade,8,210,610.0,0
shap_feature_selection_extratrees_p1_20260529_183134,G3_mba_molar_grade,MBA Positive Molar Grade,8,211,611.0,0
shap_feature_selection_extratrees_p1_20260529_183134,G3_mba_molar_grade,MBA Positive Molar Grade,8,212,612.0,0
shap_feature_selection_extratrees_p1_20260529_183134,G3_mba_molar_grade,MBA Positive Molar Grade,8,213,613.0,0
shap_feature_selection_extratrees_p1_20260529_183134,G3_mba_molar_grade,MBA Positive Molar Grade,8,214,614.0,0
shap_feature_selection_extratrees_p1_20260529_183134,G3_mba_molar_grade,MBA Positive Molar Grade,8,215,615.0,0
shap_feature_selection_extratrees_p1_20260529_183134,G3_mba_molar_grade,MBA Positive Molar Grade,8,216,616.0,0
shap_feature_selection_extratrees_p1_20260529_183134,G3_mba_molar_grade,MBA Positive Molar Grade,8,217,617.0,0
shap_feature_selection_extratrees_p1_20260529_183134,G3_mba_molar_grade,MBA Positive Molar Grade,8,218,618.0,0
shap_feature_selection_extratrees_p1_20260529_183134,G3_mba_molar_grade,MBA Positive Molar Grade,8,219,619.0,0
shap_feature_selection_extratrees_p1_20260529_183134,G3_mba_molar_grade,MBA Positive Molar Grade,8,220,620.0,0
shap_feature_selection_extratrees_p1_20260529_183134,G3_mba_molar_grade,MBA Positive Molar Grade,8,221,621.0,0
shap_feature_selection_extratrees_p1_20260529_183134,G3_mba_molar_grade,MBA Positive Molar Grade,8,222,622.0,0
shap_feature_selection_extratrees_p1_20260529_183134,G3_mba_molar_grade,MBA Positive Molar Grade,8,223,623.0,0
shap_feature_selection_extratrees_p1_20260529_183134,G3_mba_molar_grade,MBA Positive Molar Grade,8,224,624.0,0
shap_feature_selection_extratrees_p1_20260529_183134,G3_mba_molar_grade,MBA Positive Molar Grade,8,225,625.0,0
shap_feature_selection_extratrees_p1_20260529_183134,G3_mba_molar_grade,MBA Positive Molar Grade,8,226,626.0,0
shap_feature_selection_extratrees_p1_20260529_183134,G3_mba_molar_grade,MBA Positive Molar Grade,8,227,627.0,0
shap_feature_selection_extratrees_p1_20260529_183134,G3_mba_molar_grade,MBA Positive Molar Grade,8,228,628.0,0
shap_feature_selection_extratrees_p1_20260529_183134,G3_mba_molar_grade,MBA Positive Molar Grade,8,229,629.0,0
shap_feature_selection_extratrees_p1_20260529_183134,G3_mba_molar_grade,MBA Positive Molar Grade,8,230,630.0,0
shap_feature_selection_extratrees_p1_20260529_183134,G3_mba_molar_grade,MBA Positive Molar Grade,8,231,631.0,0
shap_feature_selection_extratrees_p1_20260529_183134,G3_mba_molar_grade,MBA Positive Molar Grade,8,232,632.0,0
shap_feature_selection_extratrees_p1_20260529_183134,G3_mba_molar_grade,MBA Positive Molar Grade,8,233,633.0,0
shap_feature_selection_extratrees_p1_20260529_183134,G3_mba_molar_grade,MBA Positive Molar Grade,8,234,634.0,0
shap_feature_selection_extratrees_p1_20260529_183134,G3_mba_molar_grade,MBA Positive Molar Grade,8,235,635.0,0
shap_feature_selection_extratrees_p1_20260529_183134,G3_mba_molar_grade,MBA Positive Molar Grade,8,236,636.0,0
shap_feature_selection_extratrees_p1_20260529_183134,G3_mba_molar_grade,MBA Positive Molar Grade,8,237,637.0,0
shap_feature_selection_extratrees_p1_20260529_183134,G3_mba_molar_grade,MBA Positive Molar Grade,8,238,638.0,0
shap_feature_selection_extratrees_p1_20260529_183134,G3_mba_molar_grade,MBA Positive Molar Grade,8,239,639.0,0
shap_feature_selection_extratrees_p1_20260529_183134,G3_mba_molar_grade,MBA Positive Molar Grade,8,240,640.0,0
shap_feature_selection_extratrees_p1_20260529_183134,G3_mba_molar_grade,MBA Positive Molar Grade,8,241,641.0,0
shap_feature_selection_extratrees_p1_20260529_183134,G3_mba_molar_grade,MBA Positive Molar Grade,8,242,642.0,0
shap_feature_selection_extratrees_p1_20260529_183134,G3_mba_molar_grade,MBA Positive Molar Grade,8,243,643.0,0
shap_feature_selection_extratrees_p1_20260529_183134,G3_mba_molar_grade,MBA Positive Molar Grade,8,244,644.0,0
shap_feature_selection_extratrees_p1_20260529_183134,G3_mba_molar_grade,MBA Positive Molar Grade,8,245,645.0,0
shap_feature_selection_extratrees_p1_20260529_183134,G3_mba_molar_grade,MBA Positive Molar Grade,8,246,646.0,0
shap_feature_selection_extratrees_p1_20260529_183134,G3_mba_molar_grade,MBA Positive Molar Grade,8,247,647.0,0
shap_feature_selection_extratrees_p1_20260529_183134,G3_mba_molar_grade,MBA Positive Molar Grade,8,248,648.0,0
shap_feature_selection_extratrees_p1_20260529_183134,G3_mba_molar_grade,MBA Positive Molar Grade,8,249,649.0,0
shap_feature_selection_extratrees_p1_20260529_183134,G3_mba_molar_grade,MBA Positive Molar Grade,8,250,650.0,0
shap_feature_selection_extratrees_p1_20260529_183134,G3_mba_molar_grade,MBA Positive Molar Grade,8,251,651.0,0
shap_feature_selection_extratrees_p1_20260529_183134,G3_mba_molar_grade,MBA Positive Molar Grade,8,252,652.0,0
shap_feature_selection_extratrees_p1_20260529_183134,G3_mba_molar_grade,MBA Positive Molar Grade,8,253,653.0,0
shap_feature_selection_extratrees_p1_20260529_183134,G3_mba_molar_grade,MBA Positive Molar Grade,8,254,654.0,0
shap_feature_selection_extratrees_p1_20260529_183134,G3_mba_molar_grade,MBA Positive Molar Grade,8,255,655.0,0
shap_feature_selection_extratrees_p1_20260529_183134,G3_mba_molar_grade,MBA Positive Molar Grade,8,256,656.0,0
shap_feature_selection_extratrees_p1_20260529_183134,G3_mba_molar_grade,MBA Positive Molar Grade,8,257,657.0,0
shap_feature_selection_extratrees_p1_20260529_183134,G3_mba_molar_grade,MBA Positive Molar Grade,8,258,658.0,0
shap_feature_selection_extratrees_p1_20260529_183134,G3_mba_molar_grade,MBA Positive Molar Grade,8,259,659.0,0
shap_feature_selection_extratrees_p1_20260529_183134,G3_mba_molar_grade,MBA Positive Molar Grade,8,260,660.0,0
shap_feature_selection_extratrees_p1_20260529_183134,G3_mba_molar_grade,MBA Positive Molar Grade,8,261,661.0,0
shap_feature_selection_extratrees_p1_20260529_183134,G3_mba_molar_grade,MBA Positive Molar Grade,8,262,662.0,0
shap_feature_selection_extratrees_p1_20260529_183134,G3_mba_molar_grade,MBA Positive Molar Grade,8,263,663.0,0
shap_feature_selection_extratrees_p1_20260529_183134,G3_mba_molar_grade,MBA Positive Molar Grade,8,264,664.0,0
shap_feature_selection_extratrees_p1_20260529_183134,G3_mba_molar_grade,MBA Positive Molar Grade,8,265,665.0,0
shap_feature_selection_extratrees_p1_20260529_183134,G3_mba_molar_grade,MBA Positive Molar Grade,8,266,666.0,0
shap_feature_selection_extratrees_p1_20260529_183134,G3_mba_molar_grade,MBA Positive Molar Grade,8,267,667.0,0
shap_feature_selection_extratrees_p1_20260529_183134,G3_mba_molar_grade,MBA Positive Molar Grade,8,268,668.0,0
shap_feature_selection_extratrees_p1_20260529_183134,G3_mba_molar_grade,MBA Positive Molar Grade,8,269,669.0,0
shap_feature_selection_extratrees_p1_20260529_183134,G3_mba_molar_grade,MBA Positive Molar Grade,8,270,670.0,0
shap_feature_selection_extratrees_p1_20260529_183134,G3_mba_molar_grade,MBA Positive Molar Grade,8,271,671.0,0
shap_feature_selection_extratrees_p1_20260529_183134,G3_mba_molar_grade,MBA Positive Molar Grade,8,272,672.0,0
shap_feature_selection_extratrees_p1_20260529_183134,G3_mba_molar_grade,MBA Positive Molar Grade,8,273,673.0,0
shap_feature_selection_extratrees_p1_20260529_183134,G3_mba_molar_grade,MBA Positive Molar Grade,8,274,674.0,0
shap_feature_selection_extratrees_p1_20260529_183134,G3_mba_molar_grade,MBA Positive Molar Grade,8,275,675.0,0
shap_feature_selection_extratrees_p1_20260529_183134,G3_mba_molar_grade,MBA Positive Molar Grade,8,276,676.0,0
shap_feature_selection_extratrees_p1_20260529_183134,G3_mba_molar_grade,MBA Positive Molar Grade,8,277,677.0,0
shap_feature_selection_extratrees_p1_20260529_183134,G3_mba_molar_grade,MBA Positive Molar Grade,8,278,678.0,0
shap_feature_selection_extratrees_p1_20260529_183134,G3_mba_molar_grade,MBA Positive Molar Grade,8,279,679.0,0
shap_feature_selection_extratrees_p1_20260529_183134,G3_mba_molar_grade,MBA Positive Molar Grade,8,280,680.0,0
shap_feature_selection_extratrees_p1_20260529_183134,G3_mba_molar_grade,MBA Positive Molar Grade,8,281,681.0,0
shap_feature_selection_extratrees_p1_20260529_183134,G3_mba_molar_grade,MBA Positive Molar Grade,8,282,682.0,0
shap_feature_selection_extratrees_p1_20260529_183134,G3_mba_molar_grade,MBA Positive Molar Grade,8,283,683.0,0
shap_feature_selection_extratrees_p1_20260529_183134,G3_mba_molar_grade,MBA Positive Molar Grade,8,284,684.0,0
shap_feature_selection_extratrees_p1_20260529_183134,G3_mba_molar_grade,MBA Positive Molar Grade,8,285,685.0,0
shap_feature_selection_extratrees_p1_20260529_183134,G3_mba_molar_grade,MBA Positive Molar Grade,8,286,686.0,0
shap_feature_selection_extratrees_p1_20260529_183134,G3_mba_molar_grade,MBA Positive Molar Grade,8,287,687.0,0
shap_feature_selection_extratrees_p1_20260529_183134,G3_mba_molar_grade,MBA Positive Molar Grade,8,288,688.0,0
shap_feature_selection_extratrees_p1_20260529_183134,G3_mba_molar_grade,MBA Positive Molar Grade,8,289,689.0,0
shap_feature_selection_extratrees_p1_20260529_183134,G3_mba_molar_grade,MBA Positive Molar Grade,8,290,690.0,0
shap_feature_selection_extratrees_p1_20260529_183134,G3_mba_molar_grade,MBA Positive Molar Grade,8,291,691.0,0
shap_feature_selection_extratrees_p1_20260529_183134,G3_mba_molar_grade,MBA Positive Molar Grade,8,292,692.0,0
shap_feature_selection_extratrees_p1_20260529_183134,G3_mba_molar_grade,MBA Positive Molar Grade,8,293,693.0,0
shap_feature_selection_extratrees_p1_20260529_183134,G3_mba_molar_grade,MBA Positive Molar Grade,8,294,694.0,0
shap_feature_selection_extratrees_p1_20260529_183134,G3_mba_molar_grade,MBA Positive Molar Grade,8,295,695.0,0
shap_feature_selection_extratrees_p1_20260529_183134,G3_mba_molar_grade,MBA Positive Molar Grade,8,296,696.0,0
shap_feature_selection_extratrees_p1_20260529_183134,G3_mba_molar_grade,MBA Positive Molar Grade,8,297,697.0,0
shap_feature_selection_extratrees_p1_20260529_183134,G3_mba_molar_grade,MBA Positive Molar Grade,8,298,698.0,0
shap_feature_selection_extratrees_p1_20260529_183134,G3_mba_molar_grade,MBA Positive Molar Grade,8,299,699.0,0
shap_feature_selection_extratrees_p1_20260529_183134,G3_mba_molar_grade,MBA Positive Molar Grade,8,300,700.0,0
shap_feature_selection_extratrees_p1_20260529_183134,G3_mba_molar_grade,MBA Positive Molar Grade,8,301,701.0,0
shap_feature_selection_extratrees_p1_20260529_183134,G3_mba_molar_grade,MBA Positive Molar Grade,8,302,702.0,0
shap_feature_selection_extratrees_p1_20260529_183134,G3_mba_molar_grade,MBA Positive Molar Grade,8,303,703.0,0
shap_feature_selection_extratrees_p1_20260529_183134,G3_mba_molar_grade,MBA Positive Molar Grade,8,304,704.0,1
shap_feature_selection_extratrees_p1_20260529_183134,G3_mba_molar_grade,MBA Positive Molar Grade,8,305,705.0,0
shap_feature_selection_extratrees_p1_20260529_183134,G3_mba_molar_grade,MBA Positive Molar Grade,8,306,706.0,1
shap_feature_selection_extratrees_p1_20260529_183134,G3_mba_molar_grade,MBA Positive Molar Grade,8,307,707.0,0
shap_feature_selection_extratrees_p1_20260529_183134,G3_mba_molar_grade,MBA Positive Molar Grade,8,308,708.0,0
shap_feature_selection_extratrees_p1_20260529_183134,G3_mba_molar_grade,MBA Positive Molar Grade,8,309,709.0,1
shap_feature_selection_extratrees_p1_20260529_183134,G3_mba_molar_grade,MBA Positive Molar Grade,8,310,710.0,1
shap_feature_selection_extratrees_p1_20260529_183134,G3_mba_molar_grade,MBA Positive Molar Grade,8,311,711.0,0
shap_feature_selection_extratrees_p1_20260529_183134,G3_mba_molar_grade,MBA Positive Molar Grade,8,312,712.0,0
shap_feature_selection_extratrees_p1_20260529_183134,G3_mba_molar_grade,MBA Positive Molar Grade,8,313,713.0,0
shap_feature_selection_extratrees_p1_20260529_183134,G3_mba_molar_grade,MBA Positive Molar Grade,8,314,714.0,0
shap_feature_selection_extratrees_p1_20260529_183134,G3_mba_molar_grade,MBA Positive Molar Grade,8,315,715.0,0
shap_feature_selection_extratrees_p1_20260529_183134,G3_mba_molar_grade,MBA Positive Molar Grade,8,316,716.0,0
shap_feature_selection_extratrees_p1_20260529_183134,G3_mba_molar_grade,MBA Positive Molar Grade,8,317,717.0,0
shap_feature_selection_extratrees_p1_20260529_183134,G3_mba_molar_grade,MBA Positive Molar Grade,8,318,718.0,0
shap_feature_selection_extratrees_p1_20260529_183134,G3_mba_molar_grade,MBA Positive Molar Grade,8,319,719.0,0
shap_feature_selection_extratrees_p1_20260529_183134,G3_mba_molar_grade,MBA Positive Molar Grade,8,320,720.0,0
shap_feature_selection_extratrees_p1_20260529_183134,G3_mba_molar_grade,MBA Positive Molar Grade,8,321,721.0,0
shap_feature_selection_extratrees_p1_20260529_183134,G3_mba_molar_grade,MBA Positive Molar Grade,8,322,722.0,0
shap_feature_selection_extratrees_p1_20260529_183134,G3_mba_molar_grade,MBA Positive Molar Grade,8,323,723.0,0
shap_feature_selection_extratrees_p1_20260529_183134,G3_mba_molar_grade,MBA Positive Molar Grade,8,324,724.0,0
shap_feature_selection_extratrees_p1_20260529_183134,G3_mba_molar_grade,MBA Positive Molar Grade,8,325,725.0,0
shap_feature_selection_extratrees_p1_20260529_183134,G3_mba_molar_grade,MBA Positive Molar Grade,8,326,726.0,0
shap_feature_selection_extratrees_p1_20260529_183134,G3_mba_molar_grade,MBA Positive Molar Grade,8,327,727.0,0
shap_feature_selection_extratrees_p1_20260529_183134,G3_mba_molar_grade,MBA Positive Molar Grade,8,328,728.0,0
shap_feature_selection_extratrees_p1_20260529_183134,G3_mba_molar_grade,MBA Positive Molar Grade,8,329,729.0,0
shap_feature_selection_extratrees_p1_20260529_183134,G3_mba_molar_grade,MBA Positive Molar Grade,8,330,730.0,0
shap_feature_selection_extratrees_p1_20260529_183134,G3_mba_molar_grade,MBA Positive Molar Grade,8,331,731.0,0
shap_feature_selection_extratrees_p1_20260529_183134,G3_mba_molar_grade,MBA Positive Molar Grade,8,332,732.0,0
shap_feature_selection_extratrees_p1_20260529_183134,G3_mba_molar_grade,MBA Positive Molar Grade,8,333,733.0,0
shap_feature_selection_extratrees_p1_20260529_183134,G3_mba_molar_grade,MBA Positive Molar Grade,8,334,734.0,0
shap_feature_selection_extratrees_p1_20260529_183134,G3_mba_molar_grade,MBA Positive Molar Grade,8,335,735.0,0
shap_feature_selection_extratrees_p1_20260529_183134,G3_mba_molar_grade,MBA Positive Molar Grade,8,336,736.0,0
shap_feature_selection_extratrees_p1_20260529_183134,G3_mba_molar_grade,MBA Positive Molar Grade,8,337,737.0,0
shap_feature_selection_extratrees_p1_20260529_183134,G3_mba_molar_grade,MBA Positive Molar Grade,8,338,738.0,0
shap_feature_selection_extratrees_p1_20260529_183134,G3_mba_molar_grade,MBA Positive Molar Grade,8,339,739.0,0
shap_feature_selection_extratrees_p1_20260529_183134,G3_mba_molar_grade,MBA Positive Molar Grade,8,340,740.0,0
shap_feature_selection_extratrees_p1_20260529_183134,G3_mba_molar_grade,MBA Positive Molar Grade,8,341,741.0,0
shap_feature_selection_extratrees_p1_20260529_183134,G3_mba_molar_grade,MBA Positive Molar Grade,8,342,742.0,0
shap_feature_selection_extratrees_p1_20260529_183134,G3_mba_molar_grade,MBA Positive Molar Grade,8,343,743.0,0
shap_feature_selection_extratrees_p1_20260529_183134,G3_mba_molar_grade,MBA Positive Molar Grade,8,344,744.0,0
shap_feature_selection_extratrees_p1_20260529_183134,G3_mba_molar_grade,MBA Positive Molar Grade,8,345,745.0,0
shap_feature_selection_extratrees_p1_20260529_183134,G3_mba_molar_grade,MBA Positive Molar Grade,8,346,746.0,0
shap_feature_selection_extratrees_p1_20260529_183134,G3_mba_molar_grade,MBA Positive Molar Grade,8,347,747.0,0
shap_feature_selection_extratrees_p1_20260529_183134,G3_mba_molar_grade,MBA Positive Molar Grade,8,348,748.0,0
shap_feature_selection_extratrees_p1_20260529_183134,G3_mba_molar_grade,MBA Positive Molar Grade,8,349,749.0,0
shap_feature_selection_extratrees_p1_20260529_183134,G3_mba_molar_grade,MBA Positive Molar Grade,8,350,750.0,0
shap_feature_selection_extratrees_p1_20260529_183134,G3_mba_molar_grade,MBA Positive Molar Grade,8,351,751.0,0
shap_feature_selection_extratrees_p1_20260529_183134,G3_mba_molar_grade,MBA Positive Molar Grade,8,352,752.0,0
shap_feature_selection_extratrees_p1_20260529_183134,G3_mba_molar_grade,MBA Positive Molar Grade,8,353,753.0,0
shap_feature_selection_extratrees_p1_20260529_183134,G3_mba_molar_grade,MBA Positive Molar Grade,8,354,754.0,0
shap_feature_selection_extratrees_p1_20260529_183134,G3_mba_molar_grade,MBA Positive Molar Grade,8,355,755.0,0
shap_feature_selection_extratrees_p1_20260529_183134,G3_mba_molar_grade,MBA Positive Molar Grade,8,356,756.0,0
shap_feature_selection_extratrees_p1_20260529_183134,G3_mba_molar_grade,MBA Positive Molar Grade,8,357,757.0,0
shap_feature_selection_extratrees_p1_20260529_183134,G3_mba_molar_grade,MBA Positive Molar Grade,8,358,758.0,0
shap_feature_selection_extratrees_p1_20260529_183134,G3_mba_molar_grade,MBA Positive Molar Grade,8,359,759.0,0
shap_feature_selection_extratrees_p1_20260529_183134,G3_mba_molar_grade,MBA Positive Molar Grade,8,360,760.0,0
shap_feature_selection_extratrees_p1_20260529_183134,G3_mba_molar_grade,MBA Positive Molar Grade,8,361,761.0,0
shap_feature_selection_extratrees_p1_20260529_183134,G3_mba_molar_grade,MBA Positive Molar Grade,8,362,762.0,0
shap_feature_selection_extratrees_p1_20260529_183134,G3_mba_molar_grade,MBA Positive Molar Grade,8,363,763.0,0
shap_feature_selection_extratrees_p1_20260529_183134,G3_mba_molar_grade,MBA Positive Molar Grade,8,364,764.0,0
shap_feature_selection_extratrees_p1_20260529_183134,G3_mba_molar_grade,MBA Positive Molar Grade,8,365,765.0,0
shap_feature_selection_extratrees_p1_20260529_183134,G3_mba_molar_grade,MBA Positive Molar Grade,8,366,766.0,0
shap_feature_selection_extratrees_p1_20260529_183134,G3_mba_molar_grade,MBA Positive Molar Grade,8,367,767.0,0
shap_feature_selection_extratrees_p1_20260529_183134,G3_mba_molar_grade,MBA Positive Molar Grade,8,368,768.0,0
shap_feature_selection_extratrees_p1_20260529_183134,G3_mba_molar_grade,MBA Positive Molar Grade,8,369,769.0,0
shap_feature_selection_extratrees_p1_20260529_183134,G3_mba_molar_grade,MBA Positive Molar Grade,8,370,770.0,0
shap_feature_selection_extratrees_p1_20260529_183134,G3_mba_molar_grade,MBA Positive Molar Grade,8,371,771.0,0
shap_feature_selection_extratrees_p1_20260529_183134,G3_mba_molar_grade,MBA Positive Molar Grade,8,372,772.0,0
shap_feature_selection_extratrees_p1_20260529_183134,G3_mba_molar_grade,MBA Positive Molar Grade,8,373,773.0,0
shap_feature_selection_extratrees_p1_20260529_183134,G3_mba_molar_grade,MBA Positive Molar Grade,8,374,774.0,0
shap_feature_selection_extratrees_p1_20260529_183134,G3_mba_molar_grade,MBA Positive Molar Grade,8,375,775.0,0
shap_feature_selection_extratrees_p1_20260529_183134,G3_mba_molar_grade,MBA Positive Molar Grade,8,376,776.0,0
shap_feature_selection_extratrees_p1_20260529_183134,G3_mba_molar_grade,MBA Positive Molar Grade,8,377,777.0,0
shap_feature_selection_extratrees_p1_20260529_183134,G3_mba_molar_grade,MBA Positive Molar Grade,8,378,778.0,0
shap_feature_selection_extratrees_p1_20260529_183134,G3_mba_molar_grade,MBA Positive Molar Grade,8,379,779.0,0
shap_feature_selection_extratrees_p1_20260529_183134,G3_mba_molar_grade,MBA Positive Molar Grade,8,380,780.0,0
shap_feature_selection_extratrees_p1_20260529_183134,G3_mba_molar_grade,MBA Positive Molar Grade,8,381,781.0,0
shap_feature_selection_extratrees_p1_20260529_183134,G3_mba_molar_grade,MBA Positive Molar Grade,8,382,782.0,0
shap_feature_selection_extratrees_p1_20260529_183134,G3_mba_molar_grade,MBA Positive Molar Grade,8,383,783.0,0
shap_feature_selection_extratrees_p1_20260529_183134,G3_mba_molar_grade,MBA Positive Molar Grade,8,384,784.0,0
shap_feature_selection_extratrees_p1_20260529_183134,G3_mba_molar_grade,MBA Positive Molar Grade,8,385,785.0,0
shap_feature_selection_extratrees_p1_20260529_183134,G3_mba_molar_grade,MBA Positive Molar Grade,8,386,786.0,0
shap_feature_selection_extratrees_p1_20260529_183134,G3_mba_molar_grade,MBA Positive Molar Grade,8,387,787.0,0
shap_feature_selection_extratrees_p1_20260529_183134,G3_mba_molar_grade,MBA Positive Molar Grade,8,388,788.0,0
shap_feature_selection_extratrees_p1_20260529_183134,G3_mba_molar_grade,MBA Positive Molar Grade,8,389,789.0,0
shap_feature_selection_extratrees_p1_20260529_183134,G3_mba_molar_grade,MBA Positive Molar Grade,8,390,790.0,0
shap_feature_selection_extratrees_p1_20260529_183134,G3_mba_molar_grade,MBA Positive Molar Grade,8,391,791.0,0
shap_feature_selection_extratrees_p1_20260529_183134,G3_mba_molar_grade,MBA Positive Molar Grade,8,392,792.0,0
shap_feature_selection_extratrees_p1_20260529_183134,G3_mba_molar_grade,MBA Positive Molar Grade,8,393,793.0,0
shap_feature_selection_extratrees_p1_20260529_183134,G3_mba_molar_grade,MBA Positive Molar Grade,8,394,794.0,0
shap_feature_selection_extratrees_p1_20260529_183134,G3_mba_molar_grade,MBA Positive Molar Grade,8,395,795.0,0
shap_feature_selection_extratrees_p1_20260529_183134,G3_mba_molar_grade,MBA Positive Molar Grade,8,396,796.0,0
shap_feature_selection_extratrees_p1_20260529_183134,G3_mba_molar_grade,MBA Positive Molar Grade,8,397,797.0,0
shap_feature_selection_extratrees_p1_20260529_183134,G3_mba_molar_grade,MBA Positive Molar Grade,8,398,798.0,0
shap_feature_selection_extratrees_p1_20260529_183134,G3_mba_molar_grade,MBA Positive Molar Grade,8,399,799.0,0
shap_feature_selection_extratrees_p1_20260529_183134,G3_mba_molar_grade,MBA Positive Molar Grade,8,400,800.0,0
shap_feature_selection_extratrees_p1_20260529_183134,G3_mba_molar_grade,MBA Positive Molar Grade,8,401,801.0,0
shap_feature_selection_extratrees_p1_20260529_183134,G3_mba_molar_grade,MBA Positive Molar Grade,8,402,802.0,0
shap_feature_selection_extratrees_p1_20260529_183134,G3_mba_molar_grade,MBA Positive Molar Grade,8,403,803.0,0
shap_feature_selection_extratrees_p1_20260529_183134,G3_mba_molar_grade,MBA Positive Molar Grade,8,404,804.0,0
shap_feature_selection_extratrees_p1_20260529_183134,G3_mba_molar_grade,MBA Positive Molar Grade,8,405,805.0,0
shap_feature_selection_extratrees_p1_20260529_183134,G3_mba_molar_grade,MBA Positive Molar Grade,8,406,806.0,0
shap_feature_selection_extratrees_p1_20260529_183134,G3_mba_molar_grade,MBA Positive Molar Grade,8,407,807.0,0
shap_feature_selection_extratrees_p1_20260529_183134,G3_mba_molar_grade,MBA Positive Molar Grade,8,408,808.0,0
shap_feature_selection_extratrees_p1_20260529_183134,G3_mba_molar_grade,MBA Positive Molar Grade,8,409,809.0,0
shap_feature_selection_extratrees_p1_20260529_183134,G3_mba_molar_grade,MBA Positive Molar Grade,8,410,810.0,0
shap_feature_selection_extratrees_p1_20260529_183134,G3_mba_molar_grade,MBA Positive Molar Grade,8,411,811.0,0
shap_feature_selection_extratrees_p1_20260529_183134,G3_mba_molar_grade,MBA Positive Molar Grade,8,412,812.0,0
shap_feature_selection_extratrees_p1_20260529_183134,G3_mba_molar_grade,MBA Positive Molar Grade,8,413,813.0,0
shap_feature_selection_extratrees_p1_20260529_183134,G3_mba_molar_grade,MBA Positive Molar Grade,8,414,814.0,0
shap_feature_selection_extratrees_p1_20260529_183134,G3_mba_molar_grade,MBA Positive Molar Grade,8,415,815.0,0
shap_feature_selection_extratrees_p1_20260529_183134,G3_mba_molar_grade,MBA Positive Molar Grade,8,416,816.0,0
shap_feature_selection_extratrees_p1_20260529_183134,G3_mba_molar_grade,MBA Positive Molar Grade,8,417,817.0,0
shap_feature_selection_extratrees_p1_20260529_183134,G3_mba_molar_grade,MBA Positive Molar Grade,8,418,818.0,0
shap_feature_selection_extratrees_p1_20260529_183134,G3_mba_molar_grade,MBA Positive Molar Grade,8,419,819.0,0
shap_feature_selection_extratrees_p1_20260529_183134,G3_mba_molar_grade,MBA Positive Molar Grade,8,420,820.0,0
shap_feature_selection_extratrees_p1_20260529_183134,G3_mba_molar_grade,MBA Positive Molar Grade,8,421,821.0,0
shap_feature_selection_extratrees_p1_20260529_183134,G3_mba_molar_grade,MBA Positive Molar Grade,8,422,822.0,0
shap_feature_selection_extratrees_p1_20260529_183134,G3_mba_molar_grade,MBA Positive Molar Grade,8,423,823.0,0
shap_feature_selection_extratrees_p1_20260529_183134,G3_mba_molar_grade,MBA Positive Molar Grade,8,424,824.0,0
shap_feature_selection_extratrees_p1_20260529_183134,G3_mba_molar_grade,MBA Positive Molar Grade,8,425,825.0,0
shap_feature_selection_extratrees_p1_20260529_183134,G3_mba_molar_grade,MBA Positive Molar Grade,8,426,826.0,0
shap_feature_selection_extratrees_p1_20260529_183134,G3_mba_molar_grade,MBA Positive Molar Grade,8,427,827.0,0
shap_feature_selection_extratrees_p1_20260529_183134,G3_mba_molar_grade,MBA Positive Molar Grade,8,428,828.0,0
shap_feature_selection_extratrees_p1_20260529_183134,G3_mba_molar_grade,MBA Positive Molar Grade,8,429,829.0,0
shap_feature_selection_extratrees_p1_20260529_183134,G3_mba_molar_grade,MBA Positive Molar Grade,8,430,830.0,0
shap_feature_selection_extratrees_p1_20260529_183134,G3_mba_molar_grade,MBA Positive Molar Grade,8,431,831.0,0
shap_feature_selection_extratrees_p1_20260529_183134,G3_mba_molar_grade,MBA Positive Molar Grade,8,432,832.0,0
shap_feature_selection_extratrees_p1_20260529_183134,G3_mba_molar_grade,MBA Positive Molar Grade,8,433,833.0,0
shap_feature_selection_extratrees_p1_20260529_183134,G3_mba_molar_grade,MBA Positive Molar Grade,8,434,834.0,0
shap_feature_selection_extratrees_p1_20260529_183134,G3_mba_molar_grade,MBA Positive Molar Grade,8,435,835.0,0
shap_feature_selection_extratrees_p1_20260529_183134,G3_mba_molar_grade,MBA Positive Molar Grade,8,436,836.0,0
shap_feature_selection_extratrees_p1_20260529_183134,G3_mba_molar_grade,MBA Positive Molar Grade,8,437,837.0,0
shap_feature_selection_extratrees_p1_20260529_183134,G3_mba_molar_grade,MBA Positive Molar Grade,8,438,838.0,0
shap_feature_selection_extratrees_p1_20260529_183134,G3_mba_molar_grade,MBA Positive Molar Grade,8,439,839.0,0
shap_feature_selection_extratrees_p1_20260529_183134,G3_mba_molar_grade,MBA Positive Molar Grade,8,440,840.0,0
shap_feature_selection_extratrees_p1_20260529_183134,G3_mba_molar_grade,MBA Positive Molar Grade,8,441,841.0,0
shap_feature_selection_extratrees_p1_20260529_183134,G3_mba_molar_grade,MBA Positive Molar Grade,8,442,842.0,0
shap_feature_selection_extratrees_p1_20260529_183134,G3_mba_molar_grade,MBA Positive Molar Grade,8,443,843.0,0
shap_feature_selection_extratrees_p1_20260529_183134,G3_mba_molar_grade,MBA Positive Molar Grade,8,444,844.0,0
shap_feature_selection_extratrees_p1_20260529_183134,G3_mba_molar_grade,MBA Positive Molar Grade,8,445,845.0,0
shap_feature_selection_extratrees_p1_20260529_183134,G3_mba_molar_grade,MBA Positive Molar Grade,8,446,846.0,0
shap_feature_selection_extratrees_p1_20260529_183134,G3_mba_molar_grade,MBA Positive Molar Grade,8,447,847.0,0
shap_feature_selection_extratrees_p1_20260529_183134,G3_mba_molar_grade,MBA Positive Molar Grade,8,448,848.0,0
shap_feature_selection_extratrees_p1_20260529_183134,G3_mba_molar_grade,MBA Positive Molar Grade,8,449,849.0,0
shap_feature_selection_extratrees_p1_20260529_183134,G3_mba_molar_grade,MBA Positive Molar Grade,8,450,850.0,0
shap_feature_selection_extratrees_p1_20260529_183134,G3_mba_molar_grade,MBA Positive Molar Grade,8,451,851.0,0
shap_feature_selection_extratrees_p1_20260529_183134,G3_mba_molar_grade,MBA Positive Molar Grade,8,452,852.0,1
shap_feature_selection_extratrees_p1_20260529_183134,G3_mba_molar_grade,MBA Positive Molar Grade,8,453,853.0,0
shap_feature_selection_extratrees_p1_20260529_183134,G3_mba_molar_grade,MBA Positive Molar Grade,8,454,854.0,0
shap_feature_selection_extratrees_p1_20260529_183134,G3_mba_molar_grade,MBA Positive Molar Grade,8,455,855.0,0
shap_feature_selection_extratrees_p1_20260529_183134,G3_mba_molar_grade,MBA Positive Molar Grade,8,456,856.0,0
shap_feature_selection_extratrees_p1_20260529_183134,G3_mba_molar_grade,MBA Positive Molar Grade,8,457,857.0,1
shap_feature_selection_extratrees_p1_20260529_183134,G3_mba_molar_grade,MBA Positive Molar Grade,8,458,858.0,0
shap_feature_selection_extratrees_p1_20260529_183134,G3_mba_molar_grade,MBA Positive Molar Grade,8,459,859.0,1
shap_feature_selection_extratrees_p1_20260529_183134,G3_mba_molar_grade,MBA Positive Molar Grade,8,460,860.0,0
shap_feature_selection_extratrees_p1_20260529_183134,G3_mba_molar_grade,MBA Positive Molar Grade,8,461,861.0,0
shap_feature_selection_extratrees_p1_20260529_183134,G3_mba_molar_grade,MBA Positive Molar Grade,8,462,862.0,0
shap_feature_selection_extratrees_p1_20260529_183134,G3_mba_molar_grade,MBA Positive Molar Grade,8,463,863.0,1
shap_feature_selection_extratrees_p1_20260529_183134,G3_mba_molar_grade,MBA Positive Molar Grade,8,464,864.0,0
shap_feature_selection_extratrees_p1_20260529_183134,G3_mba_molar_grade,MBA Positive Molar Grade,8,465,865.0,1
shap_feature_selection_extratrees_p1_20260529_183134,G3_mba_molar_grade,MBA Positive Molar Grade,8,466,866.0,0
shap_feature_selection_extratrees_p1_20260529_183134,G3_mba_molar_grade,MBA Positive Molar Grade,8,467,867.0,0
shap_feature_selection_extratrees_p1_20260529_183134,G3_mba_molar_grade,MBA Positive Molar Grade,8,468,868.0,0
shap_feature_selection_extratrees_p1_20260529_183134,G3_mba_molar_grade,MBA Positive Molar Grade,8,469,869.0,0
shap_feature_selection_extratrees_p1_20260529_183134,G3_mba_molar_grade,MBA Positive Molar Grade,8,470,870.0,0
shap_feature_selection_extratrees_p1_20260529_183134,G3_mba_molar_grade,MBA Positive Molar Grade,8,471,871.0,0
shap_feature_selection_extratrees_p1_20260529_183134,G3_mba_molar_grade,MBA Positive Molar Grade,8,472,872.0,0
shap_feature_selection_extratrees_p1_20260529_183134,G3_mba_molar_grade,MBA Positive Molar Grade,8,473,873.0,0
shap_feature_selection_extratrees_p1_20260529_183134,G3_mba_molar_grade,MBA Positive Molar Grade,8,474,874.0,0
shap_feature_selection_extratrees_p1_20260529_183134,G3_mba_molar_grade,MBA Positive Molar Grade,8,475,875.0,0
shap_feature_selection_extratrees_p1_20260529_183134,G3_mba_molar_grade,MBA Positive Molar Grade,8,476,876.0,0
shap_feature_selection_extratrees_p1_20260529_183134,G3_mba_molar_grade,MBA Positive Molar Grade,8,477,877.0,0
shap_feature_selection_extratrees_p1_20260529_183134,G3_mba_molar_grade,MBA Positive Molar Grade,8,478,878.0,0
shap_feature_selection_extratrees_p1_20260529_183134,G3_mba_molar_grade,MBA Positive Molar Grade,8,479,879.0,0
shap_feature_selection_extratrees_p1_20260529_183134,G3_mba_molar_grade,MBA Positive Molar Grade,8,480,880.0,0
shap_feature_selection_extratrees_p1_20260529_183134,G3_mba_molar_grade,MBA Positive Molar Grade,8,481,881.0,0
shap_feature_selection_extratrees_p1_20260529_183134,G3_mba_molar_grade,MBA Positive Molar Grade,8,482,882.0,0
shap_feature_selection_extratrees_p1_20260529_183134,G3_mba_molar_grade,MBA Positive Molar Grade,8,483,883.0,0
shap_feature_selection_extratrees_p1_20260529_183134,G3_mba_molar_grade,MBA Positive Molar Grade,8,484,884.0,0
shap_feature_selection_extratrees_p1_20260529_183134,G3_mba_molar_grade,MBA Positive Molar Grade,8,485,885.0,0
shap_feature_selection_extratrees_p1_20260529_183134,G3_mba_molar_grade,MBA Positive Molar Grade,8,486,886.0,0
shap_feature_selection_extratrees_p1_20260529_183134,G3_mba_molar_grade,MBA Positive Molar Grade,8,487,887.0,0
shap_feature_selection_extratrees_p1_20260529_183134,G3_mba_molar_grade,MBA Positive Molar Grade,8,488,888.0,0
shap_feature_selection_extratrees_p1_20260529_183134,G3_mba_molar_grade,MBA Positive Molar Grade,8,489,889.0,0
shap_feature_selection_extratrees_p1_20260529_183134,G3_mba_molar_grade,MBA Positive Molar Grade,8,490,890.0,0
shap_feature_selection_extratrees_p1_20260529_183134,G3_mba_molar_grade,MBA Positive Molar Grade,8,491,891.0,0
shap_feature_selection_extratrees_p1_20260529_183134,G3_mba_molar_grade,MBA Positive Molar Grade,8,492,892.0,0
shap_feature_selection_extratrees_p1_20260529_183134,G3_mba_molar_grade,MBA Positive Molar Grade,8,493,893.0,0
shap_feature_selection_extratrees_p1_20260529_183134,G3_mba_molar_grade,MBA Positive Molar Grade,8,494,894.0,0
shap_feature_selection_extratrees_p1_20260529_183134,G3_mba_molar_grade,MBA Positive Molar Grade,8,495,895.0,0
shap_feature_selection_extratrees_p1_20260529_183134,G3_mba_molar_grade,MBA Positive Molar Grade,8,496,896.0,0
shap_feature_selection_extratrees_p1_20260529_183134,G3_mba_molar_grade,MBA Positive Molar Grade,8,497,897.0,0
shap_feature_selection_extratrees_p1_20260529_183134,G3_mba_molar_grade,MBA Positive Molar Grade,8,498,898.0,0
shap_feature_selection_extratrees_p1_20260529_183134,G3_mba_molar_grade,MBA Positive Molar Grade,8,499,899.0,0
shap_feature_selection_extratrees_p1_20260529_183134,G3_mba_molar_grade,MBA Positive Molar Grade,8,500,900.0,0
shap_feature_selection_extratrees_p1_20260529_183134,G3_mba_molar_grade,MBA Positive Molar Grade,8,501,901.0,0
shap_feature_selection_extratrees_p1_20260529_183134,G3_mba_molar_grade,MBA Positive Molar Grade,8,502,902.0,0
shap_feature_selection_extratrees_p1_20260529_183134,G3_mba_molar_grade,MBA Positive Molar Grade,8,503,903.0,0
shap_feature_selection_extratrees_p1_20260529_183134,G3_mba_molar_grade,MBA Positive Molar Grade,8,504,904.0,0
shap_feature_selection_extratrees_p1_20260529_183134,G3_mba_molar_grade,MBA Positive Molar Grade,8,505,905.0,0
shap_feature_selection_extratrees_p1_20260529_183134,G3_mba_molar_grade,MBA Positive Molar Grade,8,506,906.0,0
shap_feature_selection_extratrees_p1_20260529_183134,G3_mba_molar_grade,MBA Positive Molar Grade,8,507,907.0,0
shap_feature_selection_extratrees_p1_20260529_183134,G3_mba_molar_grade,MBA Positive Molar Grade,8,508,908.0,0
shap_feature_selection_extratrees_p1_20260529_183134,G3_mba_molar_grade,MBA Positive Molar Grade,8,509,909.0,0
shap_feature_selection_extratrees_p1_20260529_183134,G3_mba_molar_grade,MBA Positive Molar Grade,8,510,910.0,0
shap_feature_selection_extratrees_p1_20260529_183134,G3_mba_molar_grade,MBA Positive Molar Grade,8,511,911.0,0
shap_feature_selection_extratrees_p1_20260529_183134,G3_mba_molar_grade,MBA Positive Molar Grade,8,512,912.0,0
shap_feature_selection_extratrees_p1_20260529_183134,G3_mba_molar_grade,MBA Positive Molar Grade,8,513,913.0,0
shap_feature_selection_extratrees_p1_20260529_183134,G3_mba_molar_grade,MBA Positive Molar Grade,8,514,914.0,0
shap_feature_selection_extratrees_p1_20260529_183134,G3_mba_molar_grade,MBA Positive Molar Grade,8,515,915.0,0
shap_feature_selection_extratrees_p1_20260529_183134,G3_mba_molar_grade,MBA Positive Molar Grade,8,516,916.0,0
shap_feature_selection_extratrees_p1_20260529_183134,G3_mba_molar_grade,MBA Positive Molar Grade,8,517,917.0,0
shap_feature_selection_extratrees_p1_20260529_183134,G3_mba_molar_grade,MBA Positive Molar Grade,8,518,918.0,0
shap_feature_selection_extratrees_p1_20260529_183134,G3_mba_molar_grade,MBA Positive Molar Grade,8,519,919.0,0
shap_feature_selection_extratrees_p1_20260529_183134,G3_mba_molar_grade,MBA Positive Molar Grade,8,520,920.0,0
shap_feature_selection_extratrees_p1_20260529_183134,G3_mba_molar_grade,MBA Positive Molar Grade,8,521,921.0,0
shap_feature_selection_extratrees_p1_20260529_183134,G3_mba_molar_grade,MBA Positive Molar Grade,8,522,922.0,0
shap_feature_selection_extratrees_p1_20260529_183134,G3_mba_molar_grade,MBA Positive Molar Grade,8,523,923.0,0
shap_feature_selection_extratrees_p1_20260529_183134,G3_mba_molar_grade,MBA Positive Molar Grade,8,524,924.0,0
shap_feature_selection_extratrees_p1_20260529_183134,G3_mba_molar_grade,MBA Positive Molar Grade,8,525,925.0,0
shap_feature_selection_extratrees_p1_20260529_183134,G3_mba_molar_grade,MBA Positive Molar Grade,8,526,926.0,0
shap_feature_selection_extratrees_p1_20260529_183134,G3_mba_molar_grade,MBA Positive Molar Grade,8,527,927.0,0
shap_feature_selection_extratrees_p1_20260529_183134,G3_mba_molar_grade,MBA Positive Molar Grade,8,528,928.0,0
shap_feature_selection_extratrees_p1_20260529_183134,G3_mba_molar_grade,MBA Positive Molar Grade,8,529,929.0,0
shap_feature_selection_extratrees_p1_20260529_183134,G3_mba_molar_grade,MBA Positive Molar Grade,8,530,930.0,0
shap_feature_selection_extratrees_p1_20260529_183134,G3_mba_molar_grade,MBA Positive Molar Grade,8,531,931.0,0
shap_feature_selection_extratrees_p1_20260529_183134,G3_mba_molar_grade,MBA Positive Molar Grade,8,532,932.0,0
shap_feature_selection_extratrees_p1_20260529_183134,G3_mba_molar_grade,MBA Positive Molar Grade,8,533,933.0,0
shap_feature_selection_extratrees_p1_20260529_183134,G3_mba_molar_grade,MBA Positive Molar Grade,8,534,934.0,0
shap_feature_selection_extratrees_p1_20260529_183134,G3_mba_molar_grade,MBA Positive Molar Grade,8,535,935.0,0
shap_feature_selection_extratrees_p1_20260529_183134,G3_mba_molar_grade,MBA Positive Molar Grade,8,536,936.0,0
shap_feature_selection_extratrees_p1_20260529_183134,G3_mba_molar_grade,MBA Positive Molar Grade,8,537,937.0,1
shap_feature_selection_extratrees_p1_20260529_183134,G3_mba_molar_grade,MBA Positive Molar Grade,8,538,938.0,0
shap_feature_selection_extratrees_p1_20260529_183134,G3_mba_molar_grade,MBA Positive Molar Grade,8,539,939.0,1
shap_feature_selection_extratrees_p1_20260529_183134,G3_mba_molar_grade,MBA Positive Molar Grade,8,540,940.0,1
shap_feature_selection_extratrees_p1_20260529_183134,G3_mba_molar_grade,MBA Positive Molar Grade,8,541,941.0,1
shap_feature_selection_extratrees_p1_20260529_183134,G3_mba_molar_grade,MBA Positive Molar Grade,8,542,942.0,1
shap_feature_selection_extratrees_p1_20260529_183134,G3_mba_molar_grade,MBA Positive Molar Grade,8,543,943.0,0
shap_feature_selection_extratrees_p1_20260529_183134,G3_mba_molar_grade,MBA Positive Molar Grade,8,544,944.0,0
shap_feature_selection_extratrees_p1_20260529_183134,G3_mba_molar_grade,MBA Positive Molar Grade,8,545,945.0,0
shap_feature_selection_extratrees_p1_20260529_183134,G3_mba_molar_grade,MBA Positive Molar Grade,8,546,946.0,0
shap_feature_selection_extratrees_p1_20260529_183134,G3_mba_molar_grade,MBA Positive Molar Grade,8,547,947.0,0
shap_feature_selection_extratrees_p1_20260529_183134,G3_mba_molar_grade,MBA Positive Molar Grade,8,548,948.0,0
shap_feature_selection_extratrees_p1_20260529_183134,G3_mba_molar_grade,MBA Positive Molar Grade,8,549,949.0,0
shap_feature_selection_extratrees_p1_20260529_183134,G3_mba_molar_grade,MBA Positive Molar Grade,8,550,950.0,0
shap_feature_selection_extratrees_p1_20260529_183134,G3_mba_molar_grade,MBA Positive Molar Grade,8,551,951.0,0
shap_feature_selection_extratrees_p1_20260529_183134,G3_mba_molar_grade,MBA Positive Molar Grade,8,552,952.0,0
shap_feature_selection_extratrees_p1_20260529_183134,G3_mba_molar_grade,MBA Positive Molar Grade,8,553,953.0,0
shap_feature_selection_extratrees_p1_20260529_183134,G3_mba_molar_grade,MBA Positive Molar Grade,8,554,954.0,0
shap_feature_selection_extratrees_p1_20260529_183134,G3_mba_molar_grade,MBA Positive Molar Grade,8,555,955.0,0
shap_feature_selection_extratrees_p1_20260529_183134,G3_mba_molar_grade,MBA Positive Molar Grade,8,556,956.0,0
shap_feature_selection_extratrees_p1_20260529_183134,G3_mba_molar_grade,MBA Positive Molar Grade,8,557,957.0,0
shap_feature_selection_extratrees_p1_20260529_183134,G3_mba_molar_grade,MBA Positive Molar Grade,8,558,958.0,0
shap_feature_selection_extratrees_p1_20260529_183134,G3_mba_molar_grade,MBA Positive Molar Grade,8,559,959.0,0
shap_feature_selection_extratrees_p1_20260529_183134,G3_mba_molar_grade,MBA Positive Molar Grade,8,560,960.0,0
shap_feature_selection_extratrees_p1_20260529_183134,G3_mba_molar_grade,MBA Positive Molar Grade,8,561,961.0,0
shap_feature_selection_extratrees_p1_20260529_183134,G3_mba_molar_grade,MBA Positive Molar Grade,8,562,962.0,0
shap_feature_selection_extratrees_p1_20260529_183134,G3_mba_molar_grade,MBA Positive Molar Grade,8,563,963.0,0
shap_feature_selection_extratrees_p1_20260529_183134,G3_mba_molar_grade,MBA Positive Molar Grade,8,564,964.0,0
shap_feature_selection_extratrees_p1_20260529_183134,G3_mba_molar_grade,MBA Positive Molar Grade,8,565,965.0,0
shap_feature_selection_extratrees_p1_20260529_183134,G3_mba_molar_grade,MBA Positive Molar Grade,8,566,966.0,0
shap_feature_selection_extratrees_p1_20260529_183134,G3_mba_molar_grade,MBA Positive Molar Grade,8,567,967.0,0
shap_feature_selection_extratrees_p1_20260529_183134,G3_mba_molar_grade,MBA Positive Molar Grade,8,568,968.0,0
shap_feature_selection_extratrees_p1_20260529_183134,G3_mba_molar_grade,MBA Positive Molar Grade,8,569,969.0,0
shap_feature_selection_extratrees_p1_20260529_183134,G3_mba_molar_grade,MBA Positive Molar Grade,8,570,970.0,0
shap_feature_selection_extratrees_p1_20260529_183134,G3_mba_molar_grade,MBA Positive Molar Grade,8,571,971.0,0
shap_feature_selection_extratrees_p1_20260529_183134,G3_mba_molar_grade,MBA Positive Molar Grade,8,572,972.0,0
shap_feature_selection_extratrees_p1_20260529_183134,G3_mba_molar_grade,MBA Positive Molar Grade,8,573,973.0,0
shap_feature_selection_extratrees_p1_20260529_183134,G3_mba_molar_grade,MBA Positive Molar Grade,8,574,974.0,0
shap_feature_selection_extratrees_p1_20260529_183134,G3_mba_molar_grade,MBA Positive Molar Grade,8,575,975.0,0
shap_feature_selection_extratrees_p1_20260529_183134,G3_mba_molar_grade,MBA Positive Molar Grade,8,576,976.0,0
shap_feature_selection_extratrees_p1_20260529_183134,G3_mba_molar_grade,MBA Positive Molar Grade,8,577,977.0,0
shap_feature_selection_extratrees_p1_20260529_183134,G3_mba_molar_grade,MBA Positive Molar Grade,8,578,978.0,0
shap_feature_selection_extratrees_p1_20260529_183134,G3_mba_molar_grade,MBA Positive Molar Grade,8,579,979.0,0
shap_feature_selection_extratrees_p1_20260529_183134,G3_mba_molar_grade,MBA Positive Molar Grade,8,580,980.0,0
shap_feature_selection_extratrees_p1_20260529_183134,G3_mba_molar_grade,MBA Positive Molar Grade,8,581,981.0,0
shap_feature_selection_extratrees_p1_20260529_183134,G3_mba_molar_grade,MBA Positive Molar Grade,8,582,982.0,0
shap_feature_selection_extratrees_p1_20260529_183134,G3_mba_molar_grade,MBA Positive Molar Grade,8,583,983.0,0
shap_feature_selection_extratrees_p1_20260529_183134,G3_mba_molar_grade,MBA Positive Molar Grade,8,584,984.0,0
shap_feature_selection_extratrees_p1_20260529_183134,G3_mba_molar_grade,MBA Positive Molar Grade,8,585,985.0,0
shap_feature_selection_extratrees_p1_20260529_183134,G3_mba_molar_grade,MBA Positive Molar Grade,8,586,986.0,0
shap_feature_selection_extratrees_p1_20260529_183134,G3_mba_molar_grade,MBA Positive Molar Grade,8,587,987.0,0
shap_feature_selection_extratrees_p1_20260529_183134,G3_mba_molar_grade,MBA Positive Molar Grade,8,588,988.0,0
shap_feature_selection_extratrees_p1_20260529_183134,G3_mba_molar_grade,MBA Positive Molar Grade,8,589,989.0,0
shap_feature_selection_extratrees_p1_20260529_183134,G3_mba_molar_grade,MBA Positive Molar Grade,8,590,990.0,0
shap_feature_selection_extratrees_p1_20260529_183134,G3_mba_molar_grade,MBA Positive Molar Grade,8,591,991.0,0
shap_feature_selection_extratrees_p1_20260529_183134,G3_mba_molar_grade,MBA Positive Molar Grade,8,592,992.0,0
shap_feature_selection_extratrees_p1_20260529_183134,G3_mba_molar_grade,MBA Positive Molar Grade,8,593,993.0,0
shap_feature_selection_extratrees_p1_20260529_183134,G3_mba_molar_grade,MBA Positive Molar Grade,8,594,994.0,0
shap_feature_selection_extratrees_p1_20260529_183134,G3_mba_molar_grade,MBA Positive Molar Grade,8,595,995.0,0
shap_feature_selection_extratrees_p1_20260529_183134,G3_mba_molar_grade,MBA Positive Molar Grade,8,596,996.0,0
shap_feature_selection_extratrees_p1_20260529_183134,G3_mba_molar_grade,MBA Positive Molar Grade,8,597,997.0,0
shap_feature_selection_extratrees_p1_20260529_183134,G3_mba_molar_grade,MBA Positive Molar Grade,8,598,998.0,0
shap_feature_selection_extratrees_p1_20260529_183134,G3_mba_molar_grade,MBA Positive Molar Grade,8,599,999.0,0
shap_feature_selection_extratrees_p1_20260529_183134,G3_mba_molar_grade,MBA Positive Molar Grade,8,600,1000.0,0
shap_feature_selection_extratrees_p1_20260529_183134,G3_mba_molar_grade,MBA Positive Molar Grade,8,601,1001.0,0
shap_feature_selection_extratrees_p1_20260529_183134,G3_mba_molar_grade,MBA Positive Molar Grade,8,602,1002.0,0
shap_feature_selection_extratrees_p1_20260529_183134,G3_mba_molar_grade,MBA Positive Molar Grade,8,603,1003.0,0
shap_feature_selection_extratrees_p1_20260529_183134,G3_mba_molar_grade,MBA Positive Molar Grade,8,604,1004.0,0
shap_feature_selection_extratrees_p1_20260529_183134,G3_mba_molar_grade,MBA Positive Molar Grade,8,605,1005.0,0
shap_feature_selection_extratrees_p1_20260529_183134,G3_mba_molar_grade,MBA Positive Molar Grade,8,606,1006.0,1
shap_feature_selection_extratrees_p1_20260529_183134,G3_mba_molar_grade,MBA Positive Molar Grade,8,607,1007.0,0
shap_feature_selection_extratrees_p1_20260529_183134,G3_mba_molar_grade,MBA Positive Molar Grade,8,608,1008.0,1
shap_feature_selection_extratrees_p1_20260529_183134,G3_mba_molar_grade,MBA Positive Molar Grade,8,609,1009.0,0
shap_feature_selection_extratrees_p1_20260529_183134,G3_mba_molar_grade,MBA Positive Molar Grade,8,610,1010.0,0
shap_feature_selection_extratrees_p1_20260529_183134,G3_mba_molar_grade,MBA Positive Molar Grade,8,611,1011.0,1
shap_feature_selection_extratrees_p1_20260529_183134,G3_mba_molar_grade,MBA Positive Molar Grade,8,612,1012.0,0
shap_feature_selection_extratrees_p1_20260529_183134,G3_mba_molar_grade,MBA Positive Molar Grade,8,613,1013.0,0
shap_feature_selection_extratrees_p1_20260529_183134,G3_mba_molar_grade,MBA Positive Molar Grade,8,614,1014.0,0
shap_feature_selection_extratrees_p1_20260529_183134,G3_mba_molar_grade,MBA Positive Molar Grade,8,615,1015.0,0
shap_feature_selection_extratrees_p1_20260529_183134,G3_mba_molar_grade,MBA Positive Molar Grade,8,616,1016.0,0
shap_feature_selection_extratrees_p1_20260529_183134,G3_mba_molar_grade,MBA Positive Molar Grade,8,617,1017.0,0
shap_feature_selection_extratrees_p1_20260529_183134,G3_mba_molar_grade,MBA Positive Molar Grade,8,618,1018.0,0
shap_feature_selection_extratrees_p1_20260529_183134,G3_mba_molar_grade,MBA Positive Molar Grade,8,619,1019.0,0
shap_feature_selection_extratrees_p1_20260529_183134,G3_mba_molar_grade,MBA Positive Molar Grade,8,620,1020.0,0
shap_feature_selection_extratrees_p1_20260529_183134,G3_mba_molar_grade,MBA Positive Molar Grade,8,621,1021.0,0
shap_feature_selection_extratrees_p1_20260529_183134,G3_mba_molar_grade,MBA Positive Molar Grade,8,622,1022.0,0
shap_feature_selection_extratrees_p1_20260529_183134,G3_mba_molar_grade,MBA Positive Molar Grade,8,623,1023.0,0
shap_feature_selection_extratrees_p1_20260529_183134,G3_mba_molar_grade,MBA Positive Molar Grade,8,624,1024.0,0
shap_feature_selection_extratrees_p1_20260529_183134,G3_mba_molar_grade,MBA Positive Molar Grade,8,625,1025.0,0
shap_feature_selection_extratrees_p1_20260529_183134,G3_mba_molar_grade,MBA Positive Molar Grade,8,626,1026.0,0
shap_feature_selection_extratrees_p1_20260529_183134,G3_mba_molar_grade,MBA Positive Molar Grade,8,627,1027.0,0
shap_feature_selection_extratrees_p1_20260529_183134,G3_mba_molar_grade,MBA Positive Molar Grade,8,628,1028.0,0
shap_feature_selection_extratrees_p1_20260529_183134,G3_mba_molar_grade,MBA Positive Molar Grade,8,629,1029.0,0
shap_feature_selection_extratrees_p1_20260529_183134,G3_mba_molar_grade,MBA Positive Molar Grade,8,630,1030.0,0
shap_feature_selection_extratrees_p1_20260529_183134,G3_mba_molar_grade,MBA Positive Molar Grade,8,631,1031.0,0
shap_feature_selection_extratrees_p1_20260529_183134,G3_mba_molar_grade,MBA Positive Molar Grade,8,632,1032.0,0
shap_feature_selection_extratrees_p1_20260529_183134,G3_mba_molar_grade,MBA Positive Molar Grade,8,633,1033.0,0
shap_feature_selection_extratrees_p1_20260529_183134,G3_mba_molar_grade,MBA Positive Molar Grade,8,634,1034.0,0
shap_feature_selection_extratrees_p1_20260529_183134,G3_mba_molar_grade,MBA Positive Molar Grade,8,635,1035.0,0
shap_feature_selection_extratrees_p1_20260529_183134,G3_mba_molar_grade,MBA Positive Molar Grade,8,636,1036.0,0
shap_feature_selection_extratrees_p1_20260529_183134,G3_mba_molar_grade,MBA Positive Molar Grade,8,637,1037.0,0
shap_feature_selection_extratrees_p1_20260529_183134,G3_mba_molar_grade,MBA Positive Molar Grade,8,638,1038.0,0
shap_feature_selection_extratrees_p1_20260529_183134,G3_mba_molar_grade,MBA Positive Molar Grade,8,639,1039.0,0
shap_feature_selection_extratrees_p1_20260529_183134,G3_mba_molar_grade,MBA Positive Molar Grade,8,640,1040.0,0
shap_feature_selection_extratrees_p1_20260529_183134,G3_mba_molar_grade,MBA Positive Molar Grade,8,641,1041.0,0
shap_feature_selection_extratrees_p1_20260529_183134,G3_mba_molar_grade,MBA Positive Molar Grade,8,642,1042.0,0
shap_feature_selection_extratrees_p1_20260529_183134,G3_mba_molar_grade,MBA Positive Molar Grade,8,643,1043.0,0
shap_feature_selection_extratrees_p1_20260529_183134,G3_mba_molar_grade,MBA Positive Molar Grade,8,644,1044.0,0
shap_feature_selection_extratrees_p1_20260529_183134,G3_mba_molar_grade,MBA Positive Molar Grade,8,645,1045.0,0
shap_feature_selection_extratrees_p1_20260529_183134,G3_mba_molar_grade,MBA Positive Molar Grade,8,646,1046.0,0
shap_feature_selection_extratrees_p1_20260529_183134,G3_mba_molar_grade,MBA Positive Molar Grade,8,647,1047.0,0
shap_feature_selection_extratrees_p1_20260529_183134,G3_mba_molar_grade,MBA Positive Molar Grade,8,648,1048.0,0
shap_feature_selection_extratrees_p1_20260529_183134,G3_mba_molar_grade,MBA Positive Molar Grade,8,649,1049.0,1
shap_feature_selection_extratrees_p1_20260529_183134,G3_mba_molar_grade,MBA Positive Molar Grade,8,650,1050.0,0
shap_feature_selection_extratrees_p1_20260529_183134,G3_mba_molar_grade,MBA Positive Molar Grade,8,651,1051.0,0
shap_feature_selection_extratrees_p1_20260529_183134,G3_mba_molar_grade,MBA Positive Molar Grade,8,652,1052.0,1
shap_feature_selection_extratrees_p1_20260529_183134,G3_mba_molar_grade,MBA Positive Molar Grade,8,653,1053.0,1
shap_feature_selection_extratrees_p1_20260529_183134,G3_mba_molar_grade,MBA Positive Molar Grade,8,654,1054.0,1
shap_feature_selection_extratrees_p1_20260529_183134,G3_mba_molar_grade,MBA Positive Molar Grade,8,655,1055.0,1
shap_feature_selection_extratrees_p1_20260529_183134,G3_mba_molar_grade,MBA Positive Molar Grade,8,656,1056.0,1
shap_feature_selection_extratrees_p1_20260529_183134,G3_mba_molar_grade,MBA Positive Molar Grade,8,657,1057.0,1
shap_feature_selection_extratrees_p1_20260529_183134,G3_mba_molar_grade,MBA Positive Molar Grade,8,658,1058.0,1
shap_feature_selection_extratrees_p1_20260529_183134,G3_mba_molar_grade,MBA Positive Molar Grade,8,659,1059.0,1
shap_feature_selection_extratrees_p1_20260529_183134,G3_mba_molar_grade,MBA Positive Molar Grade,8,660,1060.0,1
shap_feature_selection_extratrees_p1_20260529_183134,G3_mba_molar_grade,MBA Positive Molar Grade,8,661,1061.0,1
shap_feature_selection_extratrees_p1_20260529_183134,G3_mba_molar_grade,MBA Positive Molar Grade,8,662,1062.0,1
shap_feature_selection_extratrees_p1_20260529_183134,G3_mba_molar_grade,MBA Positive Molar Grade,8,663,1063.0,1
shap_feature_selection_extratrees_p1_20260529_183134,G3_mba_molar_grade,MBA Positive Molar Grade,8,664,1064.0,1
shap_feature_selection_extratrees_p1_20260529_183134,G3_mba_molar_grade,MBA Positive Molar Grade,8,665,1065.0,1
shap_feature_selection_extratrees_p1_20260529_183134,G3_mba_molar_grade,MBA Positive Molar Grade,8,666,1066.0,1
shap_feature_selection_extratrees_p1_20260529_183134,G3_mba_molar_grade,MBA Positive Molar Grade,8,667,1067.0,1
shap_feature_selection_extratrees_p1_20260529_183134,G3_mba_molar_grade,MBA Positive Molar Grade,8,668,1068.0,1
shap_feature_selection_extratrees_p1_20260529_183134,G3_mba_molar_grade,MBA Positive Molar Grade,8,669,1069.0,1
shap_feature_selection_extratrees_p1_20260529_183134,G3_mba_molar_grade,MBA Positive Molar Grade,8,670,1070.0,1
shap_feature_selection_extratrees_p1_20260529_183134,G3_mba_molar_grade,MBA Positive Molar Grade,8,671,1071.0,1
shap_feature_selection_extratrees_p1_20260529_183134,G3_mba_molar_grade,MBA Positive Molar Grade,8,672,1072.0,1
shap_feature_selection_extratrees_p1_20260529_183134,G3_mba_molar_grade,MBA Positive Molar Grade,8,673,1073.0,1
shap_feature_selection_extratrees_p1_20260529_183134,G3_mba_molar_grade,MBA Positive Molar Grade,8,674,1074.0,1
shap_feature_selection_extratrees_p1_20260529_183134,G3_mba_molar_grade,MBA Positive Molar Grade,8,675,1075.0,0
shap_feature_selection_extratrees_p1_20260529_183134,G3_mba_molar_grade,MBA Positive Molar Grade,8,676,1076.0,1
shap_feature_selection_extratrees_p1_20260529_183134,G3_mba_molar_grade,MBA Positive Molar Grade,8,677,1077.0,0
shap_feature_selection_extratrees_p1_20260529_183134,G3_mba_molar_grade,MBA Positive Molar Grade,8,678,1078.0,0
shap_feature_selection_extratrees_p1_20260529_183134,G3_mba_molar_grade,MBA Positive Molar Grade,8,679,1079.0,0
shap_feature_selection_extratrees_p1_20260529_183134,G3_mba_molar_grade,MBA Positive Molar Grade,8,680,1080.0,0
shap_feature_selection_extratrees_p1_20260529_183134,G3_mba_molar_grade,MBA Positive Molar Grade,8,681,1081.0,0
shap_feature_selection_extratrees_p1_20260529_183134,G3_mba_molar_grade,MBA Positive Molar Grade,8,682,1082.0,0
shap_feature_selection_extratrees_p1_20260529_183134,G3_mba_molar_grade,MBA Positive Molar Grade,8,683,1083.0,0
shap_feature_selection_extratrees_p1_20260529_183134,G3_mba_molar_grade,MBA Positive Molar Grade,8,684,1084.0,0
shap_feature_selection_extratrees_p1_20260529_183134,G3_mba_molar_grade,MBA Positive Molar Grade,8,685,1085.0,0
shap_feature_selection_extratrees_p1_20260529_183134,G3_mba_molar_grade,MBA Positive Molar Grade,8,686,1086.0,0
shap_feature_selection_extratrees_p1_20260529_183134,G3_mba_molar_grade,MBA Positive Molar Grade,8,687,1087.0,0
shap_feature_selection_extratrees_p1_20260529_183134,G3_mba_molar_grade,MBA Positive Molar Grade,8,688,1088.0,0
shap_feature_selection_extratrees_p1_20260529_183134,G3_mba_molar_grade,MBA Positive Molar Grade,8,689,1089.0,0
shap_feature_selection_extratrees_p1_20260529_183134,G3_mba_molar_grade,MBA Positive Molar Grade,8,690,1090.0,0
shap_feature_selection_extratrees_p1_20260529_183134,G3_mba_molar_grade,MBA Positive Molar Grade,8,691,1091.0,0
shap_feature_selection_extratrees_p1_20260529_183134,G3_mba_molar_grade,MBA Positive Molar Grade,8,692,1092.0,0
shap_feature_selection_extratrees_p1_20260529_183134,G3_mba_molar_grade,MBA Positive Molar Grade,8,693,1093.0,0
shap_feature_selection_extratrees_p1_20260529_183134,G3_mba_molar_grade,MBA Positive Molar Grade,8,694,1094.0,0
shap_feature_selection_extratrees_p1_20260529_183134,G3_mba_molar_grade,MBA Positive Molar Grade,8,695,1095.0,0
shap_feature_selection_extratrees_p1_20260529_183134,G3_mba_molar_grade,MBA Positive Molar Grade,8,696,1096.0,0
shap_feature_selection_extratrees_p1_20260529_183134,G3_mba_molar_grade,MBA Positive Molar Grade,8,697,1097.0,0
shap_feature_selection_extratrees_p1_20260529_183134,G3_mba_molar_grade,MBA Positive Molar Grade,8,698,1098.0,0
shap_feature_selection_extratrees_p1_20260529_183134,G3_mba_molar_grade,MBA Positive Molar Grade,8,699,1099.0,0
shap_feature_selection_extratrees_p1_20260529_183134,G3_mba_molar_grade,MBA Positive Molar Grade,8,700,1100.0,0
shap_feature_selection_extratrees_p1_20260529_183134,G3_mba_molar_grade,MBA Positive Molar Grade,8,701,1101.0,0
shap_feature_selection_extratrees_p1_20260529_183134,G3_mba_molar_grade,MBA Positive Molar Grade,8,702,1102.0,0
shap_feature_selection_extratrees_p1_20260529_183134,G3_mba_molar_grade,MBA Positive Molar Grade,8,703,1103.0,0
shap_feature_selection_extratrees_p1_20260529_183134,G3_mba_molar_grade,MBA Positive Molar Grade,8,704,1104.0,0
shap_feature_selection_extratrees_p1_20260529_183134,G3_mba_molar_grade,MBA Positive Molar Grade,8,705,1105.0,0
shap_feature_selection_extratrees_p1_20260529_183134,G3_mba_molar_grade,MBA Positive Molar Grade,8,706,1106.0,0
shap_feature_selection_extratrees_p1_20260529_183134,G3_mba_molar_grade,MBA Positive Molar Grade,8,707,1107.0,0
shap_feature_selection_extratrees_p1_20260529_183134,G3_mba_molar_grade,MBA Positive Molar Grade,8,708,1108.0,0
shap_feature_selection_extratrees_p1_20260529_183134,G3_mba_molar_grade,MBA Positive Molar Grade,8,709,1109.0,0
shap_feature_selection_extratrees_p1_20260529_183134,G3_mba_molar_grade,MBA Positive Molar Grade,8,710,1110.0,0
shap_feature_selection_extratrees_p1_20260529_183134,G3_mba_molar_grade,MBA Positive Molar Grade,8,711,1111.0,0
shap_feature_selection_extratrees_p1_20260529_183134,G3_mba_molar_grade,MBA Positive Molar Grade,8,712,1112.0,0
shap_feature_selection_extratrees_p1_20260529_183134,G3_mba_molar_grade,MBA Positive Molar Grade,8,713,1113.0,0
shap_feature_selection_extratrees_p1_20260529_183134,G3_mba_molar_grade,MBA Positive Molar Grade,8,714,1114.0,0
shap_feature_selection_extratrees_p1_20260529_183134,G3_mba_molar_grade,MBA Positive Molar Grade,8,715,1115.0,0
shap_feature_selection_extratrees_p1_20260529_183134,G3_mba_molar_grade,MBA Positive Molar Grade,8,716,1116.0,0
shap_feature_selection_extratrees_p1_20260529_183134,G3_mba_molar_grade,MBA Positive Molar Grade,8,717,1117.0,0
shap_feature_selection_extratrees_p1_20260529_183134,G3_mba_molar_grade,MBA Positive Molar Grade,8,718,1118.0,0
shap_feature_selection_extratrees_p1_20260529_183134,G3_mba_molar_grade,MBA Positive Molar Grade,8,719,1119.0,0
shap_feature_selection_extratrees_p1_20260529_183134,G3_mba_molar_grade,MBA Positive Molar Grade,8,720,1120.0,0
shap_feature_selection_extratrees_p1_20260529_183134,G3_mba_molar_grade,MBA Positive Molar Grade,8,721,1121.0,0
shap_feature_selection_extratrees_p1_20260529_183134,G3_mba_molar_grade,MBA Positive Molar Grade,8,722,1122.0,0
shap_feature_selection_extratrees_p1_20260529_183134,G3_mba_molar_grade,MBA Positive Molar Grade,8,723,1123.0,0
shap_feature_selection_extratrees_p1_20260529_183134,G3_mba_molar_grade,MBA Positive Molar Grade,8,724,1124.0,0
shap_feature_selection_extratrees_p1_20260529_183134,G3_mba_molar_grade,MBA Positive Molar Grade,8,725,1125.0,0
shap_feature_selection_extratrees_p1_20260529_183134,G3_mba_molar_grade,MBA Positive Molar Grade,8,726,1126.0,0
shap_feature_selection_extratrees_p1_20260529_183134,G3_mba_molar_grade,MBA Positive Molar Grade,8,727,1127.0,0
shap_feature_selection_extratrees_p1_20260529_183134,G3_mba_molar_grade,MBA Positive Molar Grade,8,728,1128.0,0
shap_feature_selection_extratrees_p1_20260529_183134,G3_mba_molar_grade,MBA Positive Molar Grade,8,729,1129.0,0
shap_feature_selection_extratrees_p1_20260529_183134,G3_mba_molar_grade,MBA Positive Molar Grade,8,730,1130.0,0
shap_feature_selection_extratrees_p1_20260529_183134,G3_mba_molar_grade,MBA Positive Molar Grade,8,731,1131.0,0
shap_feature_selection_extratrees_p1_20260529_183134,G3_mba_molar_grade,MBA Positive Molar Grade,8,732,1132.0,0
shap_feature_selection_extratrees_p1_20260529_183134,G3_mba_molar_grade,MBA Positive Molar Grade,8,733,1133.0,0
shap_feature_selection_extratrees_p1_20260529_183134,G3_mba_molar_grade,MBA Positive Molar Grade,8,734,1134.0,0
shap_feature_selection_extratrees_p1_20260529_183134,G3_mba_molar_grade,MBA Positive Molar Grade,8,735,1135.0,0
shap_feature_selection_extratrees_p1_20260529_183134,G3_mba_molar_grade,MBA Positive Molar Grade,8,736,1136.0,0
shap_feature_selection_extratrees_p1_20260529_183134,G3_mba_molar_grade,MBA Positive Molar Grade,8,737,1137.0,0
shap_feature_selection_extratrees_p1_20260529_183134,G3_mba_molar_grade,MBA Positive Molar Grade,8,738,1138.0,0
shap_feature_selection_extratrees_p1_20260529_183134,G3_mba_molar_grade,MBA Positive Molar Grade,8,739,1139.0,0
shap_feature_selection_extratrees_p1_20260529_183134,G3_mba_molar_grade,MBA Positive Molar Grade,8,740,1140.0,0
shap_feature_selection_extratrees_p1_20260529_183134,G3_mba_molar_grade,MBA Positive Molar Grade,8,741,1141.0,0
shap_feature_selection_extratrees_p1_20260529_183134,G3_mba_molar_grade,MBA Positive Molar Grade,8,742,1142.0,0
shap_feature_selection_extratrees_p1_20260529_183134,G3_mba_molar_grade,MBA Positive Molar Grade,8,743,1143.0,0
shap_feature_selection_extratrees_p1_20260529_183134,G3_mba_molar_grade,MBA Positive Molar Grade,8,744,1144.0,0
shap_feature_selection_extratrees_p1_20260529_183134,G3_mba_molar_grade,MBA Positive Molar Grade,8,745,1145.0,0
shap_feature_selection_extratrees_p1_20260529_183134,G3_mba_molar_grade,MBA Positive Molar Grade,8,746,1146.0,0
shap_feature_selection_extratrees_p1_20260529_183134,G3_mba_molar_grade,MBA Positive Molar Grade,8,747,1147.0,0
shap_feature_selection_extratrees_p1_20260529_183134,G3_mba_molar_grade,MBA Positive Molar Grade,8,748,1148.0,0
shap_feature_selection_extratrees_p1_20260529_183134,G3_mba_molar_grade,MBA Positive Molar Grade,8,749,1149.0,0
shap_feature_selection_extratrees_p1_20260529_183134,G3_mba_molar_grade,MBA Positive Molar Grade,8,750,1150.0,0
shap_feature_selection_extratrees_p1_20260529_183134,G3_mba_molar_grade,MBA Positive Molar Grade,8,751,1151.0,0
shap_feature_selection_extratrees_p1_20260529_183134,G3_mba_molar_grade,MBA Positive Molar Grade,8,752,1152.0,0
shap_feature_selection_extratrees_p1_20260529_183134,G3_mba_molar_grade,MBA Positive Molar Grade,8,753,1153.0,0
shap_feature_selection_extratrees_p1_20260529_183134,G3_mba_molar_grade,MBA Positive Molar Grade,8,754,1154.0,0
shap_feature_selection_extratrees_p1_20260529_183134,G3_mba_molar_grade,MBA Positive Molar Grade,8,755,1155.0,0
shap_feature_selection_extratrees_p1_20260529_183134,G3_mba_molar_grade,MBA Positive Molar Grade,8,756,1156.0,0
shap_feature_selection_extratrees_p1_20260529_183134,G3_mba_molar_grade,MBA Positive Molar Grade,8,757,1157.0,0
shap_feature_selection_extratrees_p1_20260529_183134,G3_mba_molar_grade,MBA Positive Molar Grade,8,758,1158.0,0
shap_feature_selection_extratrees_p1_20260529_183134,G3_mba_molar_grade,MBA Positive Molar Grade,8,759,1159.0,0
shap_feature_selection_extratrees_p1_20260529_183134,G3_mba_molar_grade,MBA Positive Molar Grade,8,760,1160.0,0
shap_feature_selection_extratrees_p1_20260529_183134,G3_mba_molar_grade,MBA Positive Molar Grade,8,761,1161.0,0
shap_feature_selection_extratrees_p1_20260529_183134,G3_mba_molar_grade,MBA Positive Molar Grade,8,762,1162.0,0
shap_feature_selection_extratrees_p1_20260529_183134,G3_mba_molar_grade,MBA Positive Molar Grade,8,763,1163.0,0
shap_feature_selection_extratrees_p1_20260529_183134,G3_mba_molar_grade,MBA Positive Molar Grade,8,764,1164.0,0
shap_feature_selection_extratrees_p1_20260529_183134,G3_mba_molar_grade,MBA Positive Molar Grade,8,765,1165.0,0
shap_feature_selection_extratrees_p1_20260529_183134,G3_mba_molar_grade,MBA Positive Molar Grade,8,766,1166.0,0
shap_feature_selection_extratrees_p1_20260529_183134,G3_mba_molar_grade,MBA Positive Molar Grade,8,767,1167.0,0
shap_feature_selection_extratrees_p1_20260529_183134,G3_mba_molar_grade,MBA Positive Molar Grade,8,768,1168.0,0
shap_feature_selection_extratrees_p1_20260529_183134,G3_mba_molar_grade,MBA Positive Molar Grade,8,769,1169.0,0
shap_feature_selection_extratrees_p1_20260529_183134,G3_mba_molar_grade,MBA Positive Molar Grade,8,770,1170.0,0
shap_feature_selection_extratrees_p1_20260529_183134,G3_mba_molar_grade,MBA Positive Molar Grade,8,771,1171.0,0
shap_feature_selection_extratrees_p1_20260529_183134,G3_mba_molar_grade,MBA Positive Molar Grade,8,772,1172.0,0
shap_feature_selection_extratrees_p1_20260529_183134,G3_mba_molar_grade,MBA Positive Molar Grade,8,773,1173.0,0
shap_feature_selection_extratrees_p1_20260529_183134,G3_mba_molar_grade,MBA Positive Molar Grade,8,774,1174.0,0
shap_feature_selection_extratrees_p1_20260529_183134,G3_mba_molar_grade,MBA Positive Molar Grade,8,775,1175.0,0
shap_feature_selection_extratrees_p1_20260529_183134,G3_mba_molar_grade,MBA Positive Molar Grade,8,776,1176.0,0
shap_feature_selection_extratrees_p1_20260529_183134,G3_mba_molar_grade,MBA Positive Molar Grade,8,777,1177.0,0
shap_feature_selection_extratrees_p1_20260529_183134,G3_mba_molar_grade,MBA Positive Molar Grade,8,778,1178.0,0
shap_feature_selection_extratrees_p1_20260529_183134,G3_mba_molar_grade,MBA Positive Molar Grade,8,779,1179.0,0
shap_feature_selection_extratrees_p1_20260529_183134,G3_mba_molar_grade,MBA Positive Molar Grade,8,780,1180.0,0
shap_feature_selection_extratrees_p1_20260529_183134,G3_mba_molar_grade,MBA Positive Molar Grade,8,781,1181.0,0
shap_feature_selection_extratrees_p1_20260529_183134,G3_mba_molar_grade,MBA Positive Molar Grade,8,782,1182.0,0
shap_feature_selection_extratrees_p1_20260529_183134,G3_mba_molar_grade,MBA Positive Molar Grade,8,783,1183.0,0
shap_feature_selection_extratrees_p1_20260529_183134,G3_mba_molar_grade,MBA Positive Molar Grade,8,784,1184.0,0
shap_feature_selection_extratrees_p1_20260529_183134,G3_mba_molar_grade,MBA Positive Molar Grade,8,785,1185.0,0
shap_feature_selection_extratrees_p1_20260529_183134,G3_mba_molar_grade,MBA Positive Molar Grade,8,786,1186.0,0
shap_feature_selection_extratrees_p1_20260529_183134,G3_mba_molar_grade,MBA Positive Molar Grade,8,787,1187.0,0
shap_feature_selection_extratrees_p1_20260529_183134,G3_mba_molar_grade,MBA Positive Molar Grade,8,788,1188.0,0
shap_feature_selection_extratrees_p1_20260529_183134,G3_mba_molar_grade,MBA Positive Molar Grade,8,789,1189.0,0
shap_feature_selection_extratrees_p1_20260529_183134,G3_mba_molar_grade,MBA Positive Molar Grade,8,790,1190.0,0
shap_feature_selection_extratrees_p1_20260529_183134,G3_mba_molar_grade,MBA Positive Molar Grade,8,791,1191.0,0
shap_feature_selection_extratrees_p1_20260529_183134,G3_mba_molar_grade,MBA Positive Molar Grade,8,792,1192.0,0
shap_feature_selection_extratrees_p1_20260529_183134,G3_mba_molar_grade,MBA Positive Molar Grade,8,793,1193.0,0
shap_feature_selection_extratrees_p1_20260529_183134,G3_mba_molar_grade,MBA Positive Molar Grade,8,794,1194.0,0
shap_feature_selection_extratrees_p1_20260529_183134,G3_mba_molar_grade,MBA Positive Molar Grade,8,795,1195.0,0
shap_feature_selection_extratrees_p1_20260529_183134,G3_mba_molar_grade,MBA Positive Molar Grade,8,796,1196.0,0
shap_feature_selection_extratrees_p1_20260529_183134,G3_mba_molar_grade,MBA Positive Molar Grade,8,797,1197.0,0
shap_feature_selection_extratrees_p1_20260529_183134,G3_mba_molar_grade,MBA Positive Molar Grade,8,798,1198.0,0
shap_feature_selection_extratrees_p1_20260529_183134,G3_mba_molar_grade,MBA Positive Molar Grade,8,799,1199.0,0
shap_feature_selection_extratrees_p1_20260529_183134,G3_mba_molar_grade,MBA Positive Molar Grade,8,800,1200.0,0
shap_feature_selection_extratrees_p1_20260529_183134,G3_mba_molar_grade,MBA Positive Molar Grade,8,801,1201.0,0
shap_feature_selection_extratrees_p1_20260529_183134,G3_mba_molar_grade,MBA Positive Molar Grade,8,802,1202.0,0
shap_feature_selection_extratrees_p1_20260529_183134,G3_mba_molar_grade,MBA Positive Molar Grade,8,803,1203.0,0
shap_feature_selection_extratrees_p1_20260529_183134,G3_mba_molar_grade,MBA Positive Molar Grade,8,804,1204.0,0
shap_feature_selection_extratrees_p1_20260529_183134,G3_mba_molar_grade,MBA Positive Molar Grade,8,805,1205.0,0
shap_feature_selection_extratrees_p1_20260529_183134,G3_mba_molar_grade,MBA Positive Molar Grade,8,806,1206.0,0
shap_feature_selection_extratrees_p1_20260529_183134,G3_mba_molar_grade,MBA Positive Molar Grade,8,807,1207.0,0
shap_feature_selection_extratrees_p1_20260529_183134,G3_mba_molar_grade,MBA Positive Molar Grade,8,808,1208.0,0
shap_feature_selection_extratrees_p1_20260529_183134,G3_mba_molar_grade,MBA Positive Molar Grade,8,809,1209.0,0
shap_feature_selection_extratrees_p1_20260529_183134,G3_mba_molar_grade,MBA Positive Molar Grade,8,810,1210.0,0
shap_feature_selection_extratrees_p1_20260529_183134,G3_mba_molar_grade,MBA Positive Molar Grade,8,811,1211.0,0
shap_feature_selection_extratrees_p1_20260529_183134,G3_mba_molar_grade,MBA Positive Molar Grade,8,812,1212.0,0
shap_feature_selection_extratrees_p1_20260529_183134,G3_mba_molar_grade,MBA Positive Molar Grade,8,813,1213.0,0
shap_feature_selection_extratrees_p1_20260529_183134,G3_mba_molar_grade,MBA Positive Molar Grade,8,814,1214.0,0
shap_feature_selection_extratrees_p1_20260529_183134,G3_mba_molar_grade,MBA Positive Molar Grade,8,815,1215.0,0
shap_feature_selection_extratrees_p1_20260529_183134,G3_mba_molar_grade,MBA Positive Molar Grade,8,816,1216.0,0
shap_feature_selection_extratrees_p1_20260529_183134,G3_mba_molar_grade,MBA Positive Molar Grade,8,817,1217.0,0
shap_feature_selection_extratrees_p1_20260529_183134,G3_mba_molar_grade,MBA Positive Molar Grade,8,818,1218.0,0
shap_feature_selection_extratrees_p1_20260529_183134,G3_mba_molar_grade,MBA Positive Molar Grade,8,819,1219.0,0
shap_feature_selection_extratrees_p1_20260529_183134,G3_mba_molar_grade,MBA Positive Molar Grade,8,820,1220.0,0
shap_feature_selection_extratrees_p1_20260529_183134,G3_mba_molar_grade,MBA Positive Molar Grade,8,821,1221.0,0
shap_feature_selection_extratrees_p1_20260529_183134,G3_mba_molar_grade,MBA Positive Molar Grade,8,822,1222.0,0
shap_feature_selection_extratrees_p1_20260529_183134,G3_mba_molar_grade,MBA Positive Molar Grade,8,823,1223.0,0
shap_feature_selection_extratrees_p1_20260529_183134,G3_mba_molar_grade,MBA Positive Molar Grade,8,824,1224.0,0
shap_feature_selection_extratrees_p1_20260529_183134,G3_mba_molar_grade,MBA Positive Molar Grade,8,825,1225.0,0
shap_feature_selection_extratrees_p1_20260529_183134,G3_mba_molar_grade,MBA Positive Molar Grade,8,826,1226.0,0
shap_feature_selection_extratrees_p1_20260529_183134,G3_mba_molar_grade,MBA Positive Molar Grade,8,827,1227.0,0
shap_feature_selection_extratrees_p1_20260529_183134,G3_mba_molar_grade,MBA Positive Molar Grade,8,828,1228.0,0
shap_feature_selection_extratrees_p1_20260529_183134,G3_mba_molar_grade,MBA Positive Molar Grade,8,829,1229.0,0
shap_feature_selection_extratrees_p1_20260529_183134,G3_mba_molar_grade,MBA Positive Molar Grade,8,830,1230.0,0
shap_feature_selection_extratrees_p1_20260529_183134,G3_mba_molar_grade,MBA Positive Molar Grade,8,831,1231.0,0
shap_feature_selection_extratrees_p1_20260529_183134,G3_mba_molar_grade,MBA Positive Molar Grade,8,832,1232.0,0
shap_feature_selection_extratrees_p1_20260529_183134,G3_mba_molar_grade,MBA Positive Molar Grade,8,833,1233.0,0
shap_feature_selection_extratrees_p1_20260529_183134,G3_mba_molar_grade,MBA Positive Molar Grade,8,834,1234.0,0
shap_feature_selection_extratrees_p1_20260529_183134,G3_mba_molar_grade,MBA Positive Molar Grade,8,835,1235.0,0
shap_feature_selection_extratrees_p1_20260529_183134,G3_mba_molar_grade,MBA Positive Molar Grade,8,836,1236.0,0
shap_feature_selection_extratrees_p1_20260529_183134,G3_mba_molar_grade,MBA Positive Molar Grade,8,837,1237.0,0
shap_feature_selection_extratrees_p1_20260529_183134,G3_mba_molar_grade,MBA Positive Molar Grade,8,838,1238.0,0
shap_feature_selection_extratrees_p1_20260529_183134,G3_mba_molar_grade,MBA Positive Molar Grade,8,839,1239.0,0
shap_feature_selection_extratrees_p1_20260529_183134,G3_mba_molar_grade,MBA Positive Molar Grade,8,840,1240.0,0
shap_feature_selection_extratrees_p1_20260529_183134,G3_mba_molar_grade,MBA Positive Molar Grade,8,841,1241.0,0
shap_feature_selection_extratrees_p1_20260529_183134,G3_mba_molar_grade,MBA Positive Molar Grade,8,842,1242.0,0
shap_feature_selection_extratrees_p1_20260529_183134,G3_mba_molar_grade,MBA Positive Molar Grade,8,843,1243.0,0
shap_feature_selection_extratrees_p1_20260529_183134,G3_mba_molar_grade,MBA Positive Molar Grade,8,844,1244.0,0
shap_feature_selection_extratrees_p1_20260529_183134,G3_mba_molar_grade,MBA Positive Molar Grade,8,845,1245.0,0
shap_feature_selection_extratrees_p1_20260529_183134,G3_mba_molar_grade,MBA Positive Molar Grade,8,846,1246.0,0
shap_feature_selection_extratrees_p1_20260529_183134,G3_mba_molar_grade,MBA Positive Molar Grade,8,847,1247.0,0
shap_feature_selection_extratrees_p1_20260529_183134,G3_mba_molar_grade,MBA Positive Molar Grade,8,848,1248.0,0
shap_feature_selection_extratrees_p1_20260529_183134,G3_mba_molar_grade,MBA Positive Molar Grade,8,849,1249.0,0
shap_feature_selection_extratrees_p1_20260529_183134,G3_mba_molar_grade,MBA Positive Molar Grade,8,850,1250.0,0
shap_feature_selection_extratrees_p1_20260529_183134,G3_mba_molar_grade,MBA Positive Molar Grade,8,851,1251.0,0
shap_feature_selection_extratrees_p1_20260529_183134,G3_mba_molar_grade,MBA Positive Molar Grade,8,852,1252.0,0
shap_feature_selection_extratrees_p1_20260529_183134,G3_mba_molar_grade,MBA Positive Molar Grade,8,853,1253.0,0
shap_feature_selection_extratrees_p1_20260529_183134,G3_mba_molar_grade,MBA Positive Molar Grade,8,854,1254.0,0
shap_feature_selection_extratrees_p1_20260529_183134,G3_mba_molar_grade,MBA Positive Molar Grade,8,855,1255.0,0
shap_feature_selection_extratrees_p1_20260529_183134,G3_mba_molar_grade,MBA Positive Molar Grade,8,856,1256.0,0
shap_feature_selection_extratrees_p1_20260529_183134,G3_mba_molar_grade,MBA Positive Molar Grade,8,857,1257.0,0
shap_feature_selection_extratrees_p1_20260529_183134,G3_mba_molar_grade,MBA Positive Molar Grade,8,858,1258.0,0
shap_feature_selection_extratrees_p1_20260529_183134,G3_mba_molar_grade,MBA Positive Molar Grade,8,859,1259.0,0
shap_feature_selection_extratrees_p1_20260529_183134,G3_mba_molar_grade,MBA Positive Molar Grade,8,860,1260.0,0
shap_feature_selection_extratrees_p1_20260529_183134,G3_mba_molar_grade,MBA Positive Molar Grade,8,861,1261.0,0
shap_feature_selection_extratrees_p1_20260529_183134,G3_mba_molar_grade,MBA Positive Molar Grade,8,862,1262.0,0
shap_feature_selection_extratrees_p1_20260529_183134,G3_mba_molar_grade,MBA Positive Molar Grade,8,863,1263.0,0
shap_feature_selection_extratrees_p1_20260529_183134,G3_mba_molar_grade,MBA Positive Molar Grade,8,864,1264.0,0
shap_feature_selection_extratrees_p1_20260529_183134,G3_mba_molar_grade,MBA Positive Molar Grade,8,865,1265.0,0
shap_feature_selection_extratrees_p1_20260529_183134,G3_mba_molar_grade,MBA Positive Molar Grade,8,866,1266.0,0
shap_feature_selection_extratrees_p1_20260529_183134,G3_mba_molar_grade,MBA Positive Molar Grade,8,867,1267.0,0
shap_feature_selection_extratrees_p1_20260529_183134,G3_mba_molar_grade,MBA Positive Molar Grade,8,868,1268.0,0
shap_feature_selection_extratrees_p1_20260529_183134,G3_mba_molar_grade,MBA Positive Molar Grade,8,869,1269.0,0
shap_feature_selection_extratrees_p1_20260529_183134,G3_mba_molar_grade,MBA Positive Molar Grade,8,870,1270.0,0
shap_feature_selection_extratrees_p1_20260529_183134,G3_mba_molar_grade,MBA Positive Molar Grade,8,871,1271.0,0
shap_feature_selection_extratrees_p1_20260529_183134,G3_mba_molar_grade,MBA Positive Molar Grade,8,872,1272.0,0
shap_feature_selection_extratrees_p1_20260529_183134,G3_mba_molar_grade,MBA Positive Molar Grade,8,873,1273.0,0
shap_feature_selection_extratrees_p1_20260529_183134,G3_mba_molar_grade,MBA Positive Molar Grade,8,874,1274.0,0
shap_feature_selection_extratrees_p1_20260529_183134,G3_mba_molar_grade,MBA Positive Molar Grade,8,875,1275.0,0
shap_feature_selection_extratrees_p1_20260529_183134,G3_mba_molar_grade,MBA Positive Molar Grade,8,876,1276.0,0
shap_feature_selection_extratrees_p1_20260529_183134,G3_mba_molar_grade,MBA Positive Molar Grade,8,877,1277.0,0
shap_feature_selection_extratrees_p1_20260529_183134,G3_mba_molar_grade,MBA Positive Molar Grade,8,878,1278.0,0
shap_feature_selection_extratrees_p1_20260529_183134,G3_mba_molar_grade,MBA Positive Molar Grade,8,879,1279.0,0
shap_feature_selection_extratrees_p1_20260529_183134,G3_mba_molar_grade,MBA Positive Molar Grade,8,880,1280.0,0
shap_feature_selection_extratrees_p1_20260529_183134,G3_mba_molar_grade,MBA Positive Molar Grade,8,881,1281.0,0
shap_feature_selection_extratrees_p1_20260529_183134,G3_mba_molar_grade,MBA Positive Molar Grade,8,882,1282.0,0
shap_feature_selection_extratrees_p1_20260529_183134,G3_mba_molar_grade,MBA Positive Molar Grade,8,883,1283.0,0
shap_feature_selection_extratrees_p1_20260529_183134,G3_mba_molar_grade,MBA Positive Molar Grade,8,884,1284.0,0
shap_feature_selection_extratrees_p1_20260529_183134,G3_mba_molar_grade,MBA Positive Molar Grade,8,885,1285.0,0
shap_feature_selection_extratrees_p1_20260529_183134,G3_mba_molar_grade,MBA Positive Molar Grade,8,886,1286.0,0
shap_feature_selection_extratrees_p1_20260529_183134,G3_mba_molar_grade,MBA Positive Molar Grade,8,887,1287.0,0
shap_feature_selection_extratrees_p1_20260529_183134,G3_mba_molar_grade,MBA Positive Molar Grade,8,888,1288.0,0
shap_feature_selection_extratrees_p1_20260529_183134,G3_mba_molar_grade,MBA Positive Molar Grade,8,889,1289.0,0
shap_feature_selection_extratrees_p1_20260529_183134,G3_mba_molar_grade,MBA Positive Molar Grade,8,890,1290.0,0
shap_feature_selection_extratrees_p1_20260529_183134,G3_mba_molar_grade,MBA Positive Molar Grade,8,891,1291.0,0
shap_feature_selection_extratrees_p1_20260529_183134,G3_mba_molar_grade,MBA Positive Molar Grade,8,892,1292.0,0
shap_feature_selection_extratrees_p1_20260529_183134,G3_mba_molar_grade,MBA Positive Molar Grade,8,893,1293.0,0
shap_feature_selection_extratrees_p1_20260529_183134,G3_mba_molar_grade,MBA Positive Molar Grade,8,894,1294.0,0
shap_feature_selection_extratrees_p1_20260529_183134,G3_mba_molar_grade,MBA Positive Molar Grade,8,895,1295.0,0
shap_feature_selection_extratrees_p1_20260529_183134,G3_mba_molar_grade,MBA Positive Molar Grade,8,896,1296.0,0
shap_feature_selection_extratrees_p1_20260529_183134,G3_mba_molar_grade,MBA Positive Molar Grade,8,897,1297.0,0
shap_feature_selection_extratrees_p1_20260529_183134,G3_mba_molar_grade,MBA Positive Molar Grade,8,898,1298.0,0
shap_feature_selection_extratrees_p1_20260529_183134,G3_mba_molar_grade,MBA Positive Molar Grade,8,899,1299.0,0
shap_feature_selection_extratrees_p1_20260529_183134,G3_mba_molar_grade,MBA Positive Molar Grade,8,900,1300.0,0
shap_feature_selection_extratrees_p1_20260529_183134,G3_mba_molar_grade,MBA Positive Molar Grade,8,901,1301.0,0
shap_feature_selection_extratrees_p1_20260529_183134,G3_mba_molar_grade,MBA Positive Molar Grade,8,902,1302.0,0
shap_feature_selection_extratrees_p1_20260529_183134,G3_mba_molar_grade,MBA Positive Molar Grade,8,903,1303.0,0
shap_feature_selection_extratrees_p1_20260529_183134,G3_mba_molar_grade,MBA Positive Molar Grade,8,904,1304.0,0
shap_feature_selection_extratrees_p1_20260529_183134,G3_mba_molar_grade,MBA Positive Molar Grade,8,905,1305.0,0
shap_feature_selection_extratrees_p1_20260529_183134,G3_mba_molar_grade,MBA Positive Molar Grade,8,906,1306.0,0
shap_feature_selection_extratrees_p1_20260529_183134,G3_mba_molar_grade,MBA Positive Molar Grade,8,907,1307.0,0
shap_feature_selection_extratrees_p1_20260529_183134,G3_mba_molar_grade,MBA Positive Molar Grade,8,908,1308.0,0
shap_feature_selection_extratrees_p1_20260529_183134,G3_mba_molar_grade,MBA Positive Molar Grade,8,909,1309.0,0
shap_feature_selection_extratrees_p1_20260529_183134,G3_mba_molar_grade,MBA Positive Molar Grade,8,910,1310.0,0
shap_feature_selection_extratrees_p1_20260529_183134,G3_mba_molar_grade,MBA Positive Molar Grade,8,911,1311.0,0
shap_feature_selection_extratrees_p1_20260529_183134,G3_mba_molar_grade,MBA Positive Molar Grade,8,912,1312.0,0
shap_feature_selection_extratrees_p1_20260529_183134,G3_mba_molar_grade,MBA Positive Molar Grade,8,913,1313.0,0
shap_feature_selection_extratrees_p1_20260529_183134,G3_mba_molar_grade,MBA Positive Molar Grade,8,914,1314.0,0
shap_feature_selection_extratrees_p1_20260529_183134,G3_mba_molar_grade,MBA Positive Molar Grade,8,915,1315.0,0
shap_feature_selection_extratrees_p1_20260529_183134,G3_mba_molar_grade,MBA Positive Molar Grade,8,916,1316.0,0
shap_feature_selection_extratrees_p1_20260529_183134,G3_mba_molar_grade,MBA Positive Molar Grade,8,917,1317.0,0
shap_feature_selection_extratrees_p1_20260529_183134,G3_mba_molar_grade,MBA Positive Molar Grade,8,918,1318.0,0
shap_feature_selection_extratrees_p1_20260529_183134,G3_mba_molar_grade,MBA Positive Molar Grade,8,919,1319.0,0
shap_feature_selection_extratrees_p1_20260529_183134,G3_mba_molar_grade,MBA Positive Molar Grade,8,920,1320.0,0
shap_feature_selection_extratrees_p1_20260529_183134,G3_mba_molar_grade,MBA Positive Molar Grade,8,921,1321.0,0
shap_feature_selection_extratrees_p1_20260529_183134,G3_mba_molar_grade,MBA Positive Molar Grade,8,922,1322.0,0
shap_feature_selection_extratrees_p1_20260529_183134,G3_mba_molar_grade,MBA Positive Molar Grade,8,923,1323.0,0
shap_feature_selection_extratrees_p1_20260529_183134,G3_mba_molar_grade,MBA Positive Molar Grade,8,924,1324.0,0
shap_feature_selection_extratrees_p1_20260529_183134,G3_mba_molar_grade,MBA Positive Molar Grade,8,925,1325.0,0
shap_feature_selection_extratrees_p1_20260529_183134,G3_mba_molar_grade,MBA Positive Molar Grade,8,926,1326.0,0
shap_feature_selection_extratrees_p1_20260529_183134,G3_mba_molar_grade,MBA Positive Molar Grade,8,927,1327.0,0
shap_feature_selection_extratrees_p1_20260529_183134,G3_mba_molar_grade,MBA Positive Molar Grade,8,928,1328.0,0
shap_feature_selection_extratrees_p1_20260529_183134,G3_mba_molar_grade,MBA Positive Molar Grade,8,929,1329.0,0
shap_feature_selection_extratrees_p1_20260529_183134,G3_mba_molar_grade,MBA Positive Molar Grade,8,930,1330.0,0
shap_feature_selection_extratrees_p1_20260529_183134,G3_mba_molar_grade,MBA Positive Molar Grade,8,931,1331.0,0
shap_feature_selection_extratrees_p1_20260529_183134,G3_mba_molar_grade,MBA Positive Molar Grade,8,932,1332.0,0
shap_feature_selection_extratrees_p1_20260529_183134,G3_mba_molar_grade,MBA Positive Molar Grade,8,933,1333.0,0
shap_feature_selection_extratrees_p1_20260529_183134,G3_mba_molar_grade,MBA Positive Molar Grade,8,934,1334.0,0
shap_feature_selection_extratrees_p1_20260529_183134,G3_mba_molar_grade,MBA Positive Molar Grade,8,935,1335.0,0
shap_feature_selection_extratrees_p1_20260529_183134,G3_mba_molar_grade,MBA Positive Molar Grade,8,936,1336.0,0
shap_feature_selection_extratrees_p1_20260529_183134,G3_mba_molar_grade,MBA Positive Molar Grade,8,937,1337.0,0
shap_feature_selection_extratrees_p1_20260529_183134,G3_mba_molar_grade,MBA Positive Molar Grade,8,938,1338.0,0
shap_feature_selection_extratrees_p1_20260529_183134,G3_mba_molar_grade,MBA Positive Molar Grade,8,939,1339.0,0
shap_feature_selection_extratrees_p1_20260529_183134,G3_mba_molar_grade,MBA Positive Molar Grade,8,940,1340.0,0
shap_feature_selection_extratrees_p1_20260529_183134,G3_mba_molar_grade,MBA Positive Molar Grade,8,941,1341.0,0
shap_feature_selection_extratrees_p1_20260529_183134,G3_mba_molar_grade,MBA Positive Molar Grade,8,942,1342.0,0
shap_feature_selection_extratrees_p1_20260529_183134,G3_mba_molar_grade,MBA Positive Molar Grade,8,943,1343.0,0
shap_feature_selection_extratrees_p1_20260529_183134,G3_mba_molar_grade,MBA Positive Molar Grade,8,944,1344.0,0
shap_feature_selection_extratrees_p1_20260529_183134,G3_mba_molar_grade,MBA Positive Molar Grade,8,945,1345.0,0
shap_feature_selection_extratrees_p1_20260529_183134,G3_mba_molar_grade,MBA Positive Molar Grade,8,946,1346.0,0
shap_feature_selection_extratrees_p1_20260529_183134,G3_mba_molar_grade,MBA Positive Molar Grade,8,947,1347.0,0
shap_feature_selection_extratrees_p1_20260529_183134,G3_mba_molar_grade,MBA Positive Molar Grade,8,948,1348.0,0
shap_feature_selection_extratrees_p1_20260529_183134,G3_mba_molar_grade,MBA Positive Molar Grade,8,949,1349.0,0
shap_feature_selection_extratrees_p1_20260529_183134,G3_mba_molar_grade,MBA Positive Molar Grade,8,950,1350.0,0
shap_feature_selection_extratrees_p1_20260529_183134,G3_mba_molar_grade,MBA Positive Molar Grade,8,951,1351.0,0
shap_feature_selection_extratrees_p1_20260529_183134,G3_mba_molar_grade,MBA Positive Molar Grade,8,952,1352.0,0
shap_feature_selection_extratrees_p1_20260529_183134,G3_mba_molar_grade,MBA Positive Molar Grade,8,953,1353.0,0
shap_feature_selection_extratrees_p1_20260529_183134,G3_mba_molar_grade,MBA Positive Molar Grade,8,954,1354.0,0
shap_feature_selection_extratrees_p1_20260529_183134,G3_mba_molar_grade,MBA Positive Molar Grade,8,955,1355.0,0
shap_feature_selection_extratrees_p1_20260529_183134,G3_mba_molar_grade,MBA Positive Molar Grade,8,956,1356.0,0
shap_feature_selection_extratrees_p1_20260529_183134,G3_mba_molar_grade,MBA Positive Molar Grade,8,957,1357.0,0
shap_feature_selection_extratrees_p1_20260529_183134,G3_mba_molar_grade,MBA Positive Molar Grade,8,958,1358.0,0
shap_feature_selection_extratrees_p1_20260529_183134,G3_mba_molar_grade,MBA Positive Molar Grade,8,959,1359.0,0
shap_feature_selection_extratrees_p1_20260529_183134,G3_mba_molar_grade,MBA Positive Molar Grade,8,960,1360.0,0
shap_feature_selection_extratrees_p1_20260529_183134,G3_mba_molar_grade,MBA Positive Molar Grade,8,961,1361.0,0
shap_feature_selection_extratrees_p1_20260529_183134,G3_mba_molar_grade,MBA Positive Molar Grade,8,962,1362.0,0
shap_feature_selection_extratrees_p1_20260529_183134,G3_mba_molar_grade,MBA Positive Molar Grade,8,963,1363.0,1
shap_feature_selection_extratrees_p1_20260529_183134,G3_mba_molar_grade,MBA Positive Molar Grade,8,964,1364.0,0
shap_feature_selection_extratrees_p1_20260529_183134,G3_mba_molar_grade,MBA Positive Molar Grade,8,965,1365.0,0
shap_feature_selection_extratrees_p1_20260529_183134,G3_mba_molar_grade,MBA Positive Molar Grade,8,966,1366.0,0
shap_feature_selection_extratrees_p1_20260529_183134,G3_mba_molar_grade,MBA Positive Molar Grade,8,967,1367.0,0
shap_feature_selection_extratrees_p1_20260529_183134,G3_mba_molar_grade,MBA Positive Molar Grade,8,968,1368.0,0
shap_feature_selection_extratrees_p1_20260529_183134,G3_mba_molar_grade,MBA Positive Molar Grade,8,969,1369.0,0
shap_feature_selection_extratrees_p1_20260529_183134,G3_mba_molar_grade,MBA Positive Molar Grade,8,970,1370.0,0
shap_feature_selection_extratrees_p1_20260529_183134,G3_mba_molar_grade,MBA Positive Molar Grade,8,971,1371.0,0
shap_feature_selection_extratrees_p1_20260529_183134,G3_mba_molar_grade,MBA Positive Molar Grade,8,972,1372.0,0
shap_feature_selection_extratrees_p1_20260529_183134,G3_mba_molar_grade,MBA Positive Molar Grade,8,973,1373.0,0
shap_feature_selection_extratrees_p1_20260529_183134,G3_mba_molar_grade,MBA Positive Molar Grade,8,974,1374.0,0
shap_feature_selection_extratrees_p1_20260529_183134,G3_mba_molar_grade,MBA Positive Molar Grade,8,975,1375.0,1
shap_feature_selection_extratrees_p1_20260529_183134,G3_mba_molar_grade,MBA Positive Molar Grade,8,976,1376.0,0
shap_feature_selection_extratrees_p1_20260529_183134,G3_mba_molar_grade,MBA Positive Molar Grade,8,977,1377.0,1
shap_feature_selection_extratrees_p1_20260529_183134,G3_mba_molar_grade,MBA Positive Molar Grade,8,978,1378.0,1
shap_feature_selection_extratrees_p1_20260529_183134,G3_mba_molar_grade,MBA Positive Molar Grade,8,979,1379.0,0
shap_feature_selection_extratrees_p1_20260529_183134,G3_mba_molar_grade,MBA Positive Molar Grade,8,980,1380.0,0
shap_feature_selection_extratrees_p1_20260529_183134,G3_mba_molar_grade,MBA Positive Molar Grade,8,981,1381.0,1
shap_feature_selection_extratrees_p1_20260529_183134,G3_mba_molar_grade,MBA Positive Molar Grade,8,982,1382.0,1
shap_feature_selection_extratrees_p1_20260529_183134,G3_mba_molar_grade,MBA Positive Molar Grade,8,983,1383.0,1
shap_feature_selection_extratrees_p1_20260529_183134,G3_mba_molar_grade,MBA Positive Molar Grade,8,984,1384.0,1
shap_feature_selection_extratrees_p1_20260529_183134,G3_mba_molar_grade,MBA Positive Molar Grade,8,985,1385.0,1
shap_feature_selection_extratrees_p1_20260529_183134,G3_mba_molar_grade,MBA Positive Molar Grade,8,986,1386.0,1
shap_feature_selection_extratrees_p1_20260529_183134,G3_mba_molar_grade,MBA Positive Molar Grade,8,987,1387.0,1
shap_feature_selection_extratrees_p1_20260529_183134,G3_mba_molar_grade,MBA Positive Molar Grade,8,988,1388.0,1
shap_feature_selection_extratrees_p1_20260529_183134,G3_mba_molar_grade,MBA Positive Molar Grade,8,989,1389.0,1
shap_feature_selection_extratrees_p1_20260529_183134,G3_mba_molar_grade,MBA Positive Molar Grade,8,990,1390.0,1
shap_feature_selection_extratrees_p1_20260529_183134,G3_mba_molar_grade,MBA Positive Molar Grade,8,991,1391.0,1
shap_feature_selection_extratrees_p1_20260529_183134,G3_mba_molar_grade,MBA Positive Molar Grade,8,992,1392.0,1
shap_feature_selection_extratrees_p1_20260529_183134,G3_mba_molar_grade,MBA Positive Molar Grade,8,993,1393.0,0
shap_feature_selection_extratrees_p1_20260529_183134,G3_mba_molar_grade,MBA Positive Molar Grade,8,994,1394.0,1
shap_feature_selection_extratrees_p1_20260529_183134,G3_mba_molar_grade,MBA Positive Molar Grade,8,995,1395.0,0
shap_feature_selection_extratrees_p1_20260529_183134,G3_mba_molar_grade,MBA Positive Molar Grade,8,996,1396.0,1
shap_feature_selection_extratrees_p1_20260529_183134,G3_mba_molar_grade,MBA Positive Molar Grade,8,997,1397.0,0
shap_feature_selection_extratrees_p1_20260529_183134,G3_mba_molar_grade,MBA Positive Molar Grade,8,998,1398.0,0
shap_feature_selection_extratrees_p1_20260529_183134,G3_mba_molar_grade,MBA Positive Molar Grade,8,999,1399.0,0
shap_feature_selection_extratrees_p1_20260529_183134,G3_mba_molar_grade,MBA Positive Molar Grade,8,1000,1400.0,1
shap_feature_selection_extratrees_p1_20260529_183134,G3_mba_molar_grade,MBA Positive Molar Grade,8,1001,1401.0,1
shap_feature_selection_extratrees_p1_20260529_183134,G3_mba_molar_grade,MBA Positive Molar Grade,8,1002,1402.0,1
shap_feature_selection_extratrees_p1_20260529_183134,G3_mba_molar_grade,MBA Positive Molar Grade,8,1003,1403.0,0
shap_feature_selection_extratrees_p1_20260529_183134,G3_mba_molar_grade,MBA Positive Molar Grade,8,1004,1404.0,1
shap_feature_selection_extratrees_p1_20260529_183134,G3_mba_molar_grade,MBA Positive Molar Grade,8,1005,1405.0,0
shap_feature_selection_extratrees_p1_20260529_183134,G3_mba_molar_grade,MBA Positive Molar Grade,8,1006,1406.0,0
shap_feature_selection_extratrees_p1_20260529_183134,G3_mba_molar_grade,MBA Positive Molar Grade,8,1007,1407.0,0
shap_feature_selection_extratrees_p1_20260529_183134,G3_mba_molar_grade,MBA Positive Molar Grade,8,1008,1408.0,0
shap_feature_selection_extratrees_p1_20260529_183134,G3_mba_molar_grade,MBA Positive Molar Grade,8,1009,1409.0,0
shap_feature_selection_extratrees_p1_20260529_183134,G3_mba_molar_grade,MBA Positive Molar Grade,8,1010,1410.0,0
shap_feature_selection_extratrees_p1_20260529_183134,G3_mba_molar_grade,MBA Positive Molar Grade,8,1011,1411.0,0
shap_feature_selection_extratrees_p1_20260529_183134,G3_mba_molar_grade,MBA Positive Molar Grade,8,1012,1412.0,0
shap_feature_selection_extratrees_p1_20260529_183134,G3_mba_molar_grade,MBA Positive Molar Grade,8,1013,1413.0,1
shap_feature_selection_extratrees_p1_20260529_183134,G3_mba_molar_grade,MBA Positive Molar Grade,8,1014,1414.0,0
shap_feature_selection_extratrees_p1_20260529_183134,G3_mba_molar_grade,MBA Positive Molar Grade,8,1015,1415.0,0
shap_feature_selection_extratrees_p1_20260529_183134,G3_mba_molar_grade,MBA Positive Molar Grade,8,1016,1416.0,0
shap_feature_selection_extratrees_p1_20260529_183134,G3_mba_molar_grade,MBA Positive Molar Grade,8,1017,1417.0,0
shap_feature_selection_extratrees_p1_20260529_183134,G3_mba_molar_grade,MBA Positive Molar Grade,8,1018,1418.0,1
shap_feature_selection_extratrees_p1_20260529_183134,G3_mba_molar_grade,MBA Positive Molar Grade,8,1019,1419.0,0
shap_feature_selection_extratrees_p1_20260529_183134,G3_mba_molar_grade,MBA Positive Molar Grade,8,1020,1420.0,0
shap_feature_selection_extratrees_p1_20260529_183134,G3_mba_molar_grade,MBA Positive Molar Grade,8,1021,1421.0,0
shap_feature_selection_extratrees_p1_20260529_183134,G3_mba_molar_grade,MBA Positive Molar Grade,8,1022,1422.0,0
shap_feature_selection_extratrees_p1_20260529_183134,G3_mba_molar_grade,MBA Positive Molar Grade,8,1023,1423.0,0
shap_feature_selection_extratrees_p1_20260529_183134,G3_mba_molar_grade,MBA Positive Molar Grade,8,1024,1424.0,0
shap_feature_selection_extratrees_p1_20260529_183134,G3_mba_molar_grade,MBA Positive Molar Grade,8,1025,1425.0,0
shap_feature_selection_extratrees_p1_20260529_183134,G3_mba_molar_grade,MBA Positive Molar Grade,8,1026,1426.0,0
shap_feature_selection_extratrees_p1_20260529_183134,G3_mba_molar_grade,MBA Positive Molar Grade,8,1027,1427.0,0
shap_feature_selection_extratrees_p1_20260529_183134,G3_mba_molar_grade,MBA Positive Molar Grade,8,1028,1428.0,0
shap_feature_selection_extratrees_p1_20260529_183134,G3_mba_molar_grade,MBA Positive Molar Grade,8,1029,1429.0,0
shap_feature_selection_extratrees_p1_20260529_183134,G3_mba_molar_grade,MBA Positive Molar Grade,8,1030,1430.0,1
shap_feature_selection_extratrees_p1_20260529_183134,G3_mba_molar_grade,MBA Positive Molar Grade,8,1031,1431.0,1
shap_feature_selection_extratrees_p1_20260529_183134,G3_mba_molar_grade,MBA Positive Molar Grade,8,1032,1432.0,0
shap_feature_selection_extratrees_p1_20260529_183134,G3_mba_molar_grade,MBA Positive Molar Grade,8,1033,1433.0,1
shap_feature_selection_extratrees_p1_20260529_183134,G3_mba_molar_grade,MBA Positive Molar Grade,8,1034,1434.0,1
shap_feature_selection_extratrees_p1_20260529_183134,G3_mba_molar_grade,MBA Positive Molar Grade,8,1035,1435.0,1
shap_feature_selection_extratrees_p1_20260529_183134,G3_mba_molar_grade,MBA Positive Molar Grade,8,1036,1436.0,1
shap_feature_selection_extratrees_p1_20260529_183134,G3_mba_molar_grade,MBA Positive Molar Grade,8,1037,1437.0,1
shap_feature_selection_extratrees_p1_20260529_183134,G3_mba_molar_grade,MBA Positive Molar Grade,8,1038,1438.0,1
shap_feature_selection_extratrees_p1_20260529_183134,G3_mba_molar_grade,MBA Positive Molar Grade,8,1039,1439.0,1
shap_feature_selection_extratrees_p1_20260529_183134,G3_mba_molar_grade,MBA Positive Molar Grade,8,1040,1440.0,1
shap_feature_selection_extratrees_p1_20260529_183134,G3_mba_molar_grade,MBA Positive Molar Grade,8,1041,1441.0,1
shap_feature_selection_extratrees_p1_20260529_183134,G3_mba_molar_grade,MBA Positive Molar Grade,8,1042,1442.0,1
shap_feature_selection_extratrees_p1_20260529_183134,G3_mba_molar_grade,MBA Positive Molar Grade,8,1043,1443.0,1
shap_feature_selection_extratrees_p1_20260529_183134,G3_mba_molar_grade,MBA Positive Molar Grade,8,1044,1444.0,1
shap_feature_selection_extratrees_p1_20260529_183134,G3_mba_molar_grade,MBA Positive Molar Grade,8,1045,1445.0,1
shap_feature_selection_extratrees_p1_20260529_183134,G3_mba_molar_grade,MBA Positive Molar Grade,8,1046,1446.0,1
shap_feature_selection_extratrees_p1_20260529_183134,G3_mba_molar_grade,MBA Positive Molar Grade,8,1047,1447.0,1
shap_feature_selection_extratrees_p1_20260529_183134,G3_mba_molar_grade,MBA Positive Molar Grade,8,1048,1448.0,0
shap_feature_selection_extratrees_p1_20260529_183134,G3_mba_molar_grade,MBA Positive Molar Grade,8,1049,1449.0,1
shap_feature_selection_extratrees_p1_20260529_183134,G3_mba_molar_grade,MBA Positive Molar Grade,8,1050,1450.0,1
shap_feature_selection_extratrees_p1_20260529_183134,G3_mba_molar_grade,MBA Positive Molar Grade,8,1051,1451.0,0
shap_feature_selection_extratrees_p1_20260529_183134,G3_mba_molar_grade,MBA Positive Molar Grade,8,1052,1452.0,0
shap_feature_selection_extratrees_p1_20260529_183134,G3_mba_molar_grade,MBA Positive Molar Grade,8,1053,1453.0,0
shap_feature_selection_extratrees_p1_20260529_183134,G3_mba_molar_grade,MBA Positive Molar Grade,8,1054,1454.0,0
shap_feature_selection_extratrees_p1_20260529_183134,G3_mba_molar_grade,MBA Positive Molar Grade,8,1055,1455.0,0
shap_feature_selection_extratrees_p1_20260529_183134,G3_mba_molar_grade,MBA Positive Molar Grade,8,1056,1456.0,0
shap_feature_selection_extratrees_p1_20260529_183134,G3_mba_molar_grade,MBA Positive Molar Grade,8,1057,1457.0,0
shap_feature_selection_extratrees_p1_20260529_183134,G3_mba_molar_grade,MBA Positive Molar Grade,8,1058,1458.0,0
shap_feature_selection_extratrees_p1_20260529_183134,G3_mba_molar_grade,MBA Positive Molar Grade,8,1059,1459.0,0
shap_feature_selection_extratrees_p1_20260529_183134,G3_mba_molar_grade,MBA Positive Molar Grade,8,1060,1460.0,0
shap_feature_selection_extratrees_p1_20260529_183134,G3_mba_molar_grade,MBA Positive Molar Grade,8,1061,1461.0,0
shap_feature_selection_extratrees_p1_20260529_183134,G3_mba_molar_grade,MBA Positive Molar Grade,8,1062,1462.0,0
shap_feature_selection_extratrees_p1_20260529_183134,G3_mba_molar_grade,MBA Positive Molar Grade,8,1063,1463.0,0
shap_feature_selection_extratrees_p1_20260529_183134,G3_mba_molar_grade,MBA Positive Molar Grade,8,1064,1464.0,0
shap_feature_selection_extratrees_p1_20260529_183134,G3_mba_molar_grade,MBA Positive Molar Grade,8,1065,1465.0,0
shap_feature_selection_extratrees_p1_20260529_183134,G3_mba_molar_grade,MBA Positive Molar Grade,8,1066,1466.0,0
shap_feature_selection_extratrees_p1_20260529_183134,G3_mba_molar_grade,MBA Positive Molar Grade,8,1067,1467.0,0
shap_feature_selection_extratrees_p1_20260529_183134,G3_mba_molar_grade,MBA Positive Molar Grade,8,1068,1468.0,0
shap_feature_selection_extratrees_p1_20260529_183134,G3_mba_molar_grade,MBA Positive Molar Grade,8,1069,1469.0,0
shap_feature_selection_extratrees_p1_20260529_183134,G3_mba_molar_grade,MBA Positive Molar Grade,8,1070,1470.0,1
shap_feature_selection_extratrees_p1_20260529_183134,G3_mba_molar_grade,MBA Positive Molar Grade,8,1071,1471.0,1
shap_feature_selection_extratrees_p1_20260529_183134,G3_mba_molar_grade,MBA Positive Molar Grade,8,1072,1472.0,0
shap_feature_selection_extratrees_p1_20260529_183134,G3_mba_molar_grade,MBA Positive Molar Grade,8,1073,1473.0,1
shap_feature_selection_extratrees_p1_20260529_183134,G3_mba_molar_grade,MBA Positive Molar Grade,8,1074,1474.0,0
shap_feature_selection_extratrees_p1_20260529_183134,G3_mba_molar_grade,MBA Positive Molar Grade,8,1075,1475.0,1
shap_feature_selection_extratrees_p1_20260529_183134,G3_mba_molar_grade,MBA Positive Molar Grade,8,1076,1476.0,0
shap_feature_selection_extratrees_p1_20260529_183134,G3_mba_molar_grade,MBA Positive Molar Grade,8,1077,1477.0,0
shap_feature_selection_extratrees_p1_20260529_183134,G3_mba_molar_grade,MBA Positive Molar Grade,8,1078,1478.0,0
shap_feature_selection_extratrees_p1_20260529_183134,G3_mba_molar_grade,MBA Positive Molar Grade,8,1079,1479.0,0
shap_feature_selection_extratrees_p1_20260529_183134,G3_mba_molar_grade,MBA Positive Molar Grade,8,1080,1480.0,0
shap_feature_selection_extratrees_p1_20260529_183134,G3_mba_molar_grade,MBA Positive Molar Grade,8,1081,1481.0,0
shap_feature_selection_extratrees_p1_20260529_183134,G3_mba_molar_grade,MBA Positive Molar Grade,8,1082,1482.0,0
shap_feature_selection_extratrees_p1_20260529_183134,G3_mba_molar_grade,MBA Positive Molar Grade,8,1083,1483.0,0
shap_feature_selection_extratrees_p1_20260529_183134,G3_mba_molar_grade,MBA Positive Molar Grade,8,1084,1484.0,0
shap_feature_selection_extratrees_p1_20260529_183134,G3_mba_molar_grade,MBA Positive Molar Grade,8,1085,1485.0,0
shap_feature_selection_extratrees_p1_20260529_183134,G3_mba_molar_grade,MBA Positive Molar Grade,8,1086,1486.0,0
shap_feature_selection_extratrees_p1_20260529_183134,G3_mba_molar_grade,MBA Positive Molar Grade,8,1087,1487.0,0
shap_feature_selection_extratrees_p1_20260529_183134,G3_mba_molar_grade,MBA Positive Molar Grade,8,1088,1488.0,0
shap_feature_selection_extratrees_p1_20260529_183134,G3_mba_molar_grade,MBA Positive Molar Grade,8,1089,1489.0,0
shap_feature_selection_extratrees_p1_20260529_183134,G3_mba_molar_grade,MBA Positive Molar Grade,8,1090,1490.0,0
shap_feature_selection_extratrees_p1_20260529_183134,G3_mba_molar_grade,MBA Positive Molar Grade,8,1091,1491.0,0
shap_feature_selection_extratrees_p1_20260529_183134,G3_mba_molar_grade,MBA Positive Molar Grade,8,1092,1492.0,0
shap_feature_selection_extratrees_p1_20260529_183134,G3_mba_molar_grade,MBA Positive Molar Grade,8,1093,1493.0,0
shap_feature_selection_extratrees_p1_20260529_183134,G3_mba_molar_grade,MBA Positive Molar Grade,8,1094,1494.0,0
shap_feature_selection_extratrees_p1_20260529_183134,G3_mba_molar_grade,MBA Positive Molar Grade,8,1095,1495.0,0
shap_feature_selection_extratrees_p1_20260529_183134,G3_mba_molar_grade,MBA Positive Molar Grade,8,1096,1496.0,0
shap_feature_selection_extratrees_p1_20260529_183134,G3_mba_molar_grade,MBA Positive Molar Grade,8,1097,1497.0,0
shap_feature_selection_extratrees_p1_20260529_183134,G3_mba_molar_grade,MBA Positive Molar Grade,8,1098,1498.0,0
shap_feature_selection_extratrees_p1_20260529_183134,G3_mba_molar_grade,MBA Positive Molar Grade,8,1099,1499.0,0
shap_feature_selection_extratrees_p1_20260529_183134,G3_mba_molar_grade,MBA Positive Molar Grade,8,1100,1500.0,0
shap_feature_selection_extratrees_p1_20260529_183134,G3_mba_molar_grade,MBA Positive Molar Grade,8,1101,1501.0,0
shap_feature_selection_extratrees_p1_20260529_183134,G3_mba_molar_grade,MBA Positive Molar Grade,8,1102,1502.0,0
shap_feature_selection_extratrees_p1_20260529_183134,G3_mba_molar_grade,MBA Positive Molar Grade,8,1103,1503.0,0
shap_feature_selection_extratrees_p1_20260529_183134,G3_mba_molar_grade,MBA Positive Molar Grade,8,1104,1504.0,0
shap_feature_selection_extratrees_p1_20260529_183134,G3_mba_molar_grade,MBA Positive Molar Grade,8,1105,1505.0,0
shap_feature_selection_extratrees_p1_20260529_183134,G3_mba_molar_grade,MBA Positive Molar Grade,8,1106,1506.0,0
shap_feature_selection_extratrees_p1_20260529_183134,G3_mba_molar_grade,MBA Positive Molar Grade,8,1107,1507.0,0
shap_feature_selection_extratrees_p1_20260529_183134,G3_mba_molar_grade,MBA Positive Molar Grade,8,1108,1508.0,0
shap_feature_selection_extratrees_p1_20260529_183134,G3_mba_molar_grade,MBA Positive Molar Grade,8,1109,1509.0,0
shap_feature_selection_extratrees_p1_20260529_183134,G3_mba_molar_grade,MBA Positive Molar Grade,8,1110,1510.0,0
shap_feature_selection_extratrees_p1_20260529_183134,G3_mba_molar_grade,MBA Positive Molar Grade,8,1111,1511.0,0
shap_feature_selection_extratrees_p1_20260529_183134,G3_mba_molar_grade,MBA Positive Molar Grade,8,1112,1512.0,0
shap_feature_selection_extratrees_p1_20260529_183134,G3_mba_molar_grade,MBA Positive Molar Grade,8,1113,1513.0,0
shap_feature_selection_extratrees_p1_20260529_183134,G3_mba_molar_grade,MBA Positive Molar Grade,8,1114,1514.0,0
shap_feature_selection_extratrees_p1_20260529_183134,G3_mba_molar_grade,MBA Positive Molar Grade,8,1115,1515.0,0
shap_feature_selection_extratrees_p1_20260529_183134,G3_mba_molar_grade,MBA Positive Molar Grade,8,1116,1516.0,0
shap_feature_selection_extratrees_p1_20260529_183134,G3_mba_molar_grade,MBA Positive Molar Grade,8,1117,1517.0,0
shap_feature_selection_extratrees_p1_20260529_183134,G3_mba_molar_grade,MBA Positive Molar Grade,8,1118,1518.0,0
shap_feature_selection_extratrees_p1_20260529_183134,G3_mba_molar_grade,MBA Positive Molar Grade,8,1119,1519.0,0
shap_feature_selection_extratrees_p1_20260529_183134,G3_mba_molar_grade,MBA Positive Molar Grade,8,1120,1520.0,0
shap_feature_selection_extratrees_p1_20260529_183134,G3_mba_molar_grade,MBA Positive Molar Grade,8,1121,1521.0,0
shap_feature_selection_extratrees_p1_20260529_183134,G3_mba_molar_grade,MBA Positive Molar Grade,8,1122,1522.0,0
shap_feature_selection_extratrees_p1_20260529_183134,G3_mba_molar_grade,MBA Positive Molar Grade,8,1123,1523.0,0
shap_feature_selection_extratrees_p1_20260529_183134,G3_mba_molar_grade,MBA Positive Molar Grade,8,1124,1524.0,0
shap_feature_selection_extratrees_p1_20260529_183134,G3_mba_molar_grade,MBA Positive Molar Grade,8,1125,1525.0,0
shap_feature_selection_extratrees_p1_20260529_183134,G3_mba_molar_grade,MBA Positive Molar Grade,8,1126,1526.0,0
shap_feature_selection_extratrees_p1_20260529_183134,G3_mba_molar_grade,MBA Positive Molar Grade,8,1127,1527.0,0
shap_feature_selection_extratrees_p1_20260529_183134,G3_mba_molar_grade,MBA Positive Molar Grade,8,1128,1528.0,0
shap_feature_selection_extratrees_p1_20260529_183134,G3_mba_molar_grade,MBA Positive Molar Grade,8,1129,1529.0,0
shap_feature_selection_extratrees_p1_20260529_183134,G3_mba_molar_grade,MBA Positive Molar Grade,8,1130,1530.0,0
shap_feature_selection_extratrees_p1_20260529_183134,G3_mba_molar_grade,MBA Positive Molar Grade,8,1131,1531.0,0
shap_feature_selection_extratrees_p1_20260529_183134,G3_mba_molar_grade,MBA Positive Molar Grade,8,1132,1532.0,0
shap_feature_selection_extratrees_p1_20260529_183134,G3_mba_molar_grade,MBA Positive Molar Grade,8,1133,1533.0,0
shap_feature_selection_extratrees_p1_20260529_183134,G3_mba_molar_grade,MBA Positive Molar Grade,8,1134,1534.0,0
shap_feature_selection_extratrees_p1_20260529_183134,G3_mba_molar_grade,MBA Positive Molar Grade,8,1135,1535.0,0
shap_feature_selection_extratrees_p1_20260529_183134,G3_mba_molar_grade,MBA Positive Molar Grade,8,1136,1536.0,0
shap_feature_selection_extratrees_p1_20260529_183134,G3_mba_molar_grade,MBA Positive Molar Grade,8,1137,1537.0,0
shap_feature_selection_extratrees_p1_20260529_183134,G3_mba_molar_grade,MBA Positive Molar Grade,8,1138,1538.0,0
shap_feature_selection_extratrees_p1_20260529_183134,G3_mba_molar_grade,MBA Positive Molar Grade,8,1139,1539.0,0
shap_feature_selection_extratrees_p1_20260529_183134,G3_mba_molar_grade,MBA Positive Molar Grade,8,1140,1540.0,0
shap_feature_selection_extratrees_p1_20260529_183134,G3_mba_molar_grade,MBA Positive Molar Grade,8,1141,1541.0,0
shap_feature_selection_extratrees_p1_20260529_183134,G3_mba_molar_grade,MBA Positive Molar Grade,8,1142,1542.0,0
shap_feature_selection_extratrees_p1_20260529_183134,G3_mba_molar_grade,MBA Positive Molar Grade,8,1143,1543.0,0
shap_feature_selection_extratrees_p1_20260529_183134,G3_mba_molar_grade,MBA Positive Molar Grade,8,1144,1544.0,0
shap_feature_selection_extratrees_p1_20260529_183134,G3_mba_molar_grade,MBA Positive Molar Grade,8,1145,1545.0,0
shap_feature_selection_extratrees_p1_20260529_183134,G3_mba_molar_grade,MBA Positive Molar Grade,8,1146,1546.0,0
shap_feature_selection_extratrees_p1_20260529_183134,G3_mba_molar_grade,MBA Positive Molar Grade,8,1147,1547.0,0
shap_feature_selection_extratrees_p1_20260529_183134,G3_mba_molar_grade,MBA Positive Molar Grade,8,1148,1548.0,0
shap_feature_selection_extratrees_p1_20260529_183134,G3_mba_molar_grade,MBA Positive Molar Grade,8,1149,1549.0,0
shap_feature_selection_extratrees_p1_20260529_183134,G3_mba_molar_grade,MBA Positive Molar Grade,8,1150,1550.0,0
shap_feature_selection_extratrees_p1_20260529_183134,G3_mba_molar_grade,MBA Positive Molar Grade,8,1151,1551.0,0
shap_feature_selection_extratrees_p1_20260529_183134,G3_mba_molar_grade,MBA Positive Molar Grade,8,1152,1552.0,0
shap_feature_selection_extratrees_p1_20260529_183134,G3_mba_molar_grade,MBA Positive Molar Grade,8,1153,1553.0,0
shap_feature_selection_extratrees_p1_20260529_183134,G3_mba_molar_grade,MBA Positive Molar Grade,8,1154,1554.0,0
shap_feature_selection_extratrees_p1_20260529_183134,G3_mba_molar_grade,MBA Positive Molar Grade,8,1155,1555.0,0
shap_feature_selection_extratrees_p1_20260529_183134,G3_mba_molar_grade,MBA Positive Molar Grade,8,1156,1556.0,0
shap_feature_selection_extratrees_p1_20260529_183134,G3_mba_molar_grade,MBA Positive Molar Grade,8,1157,1557.0,1
shap_feature_selection_extratrees_p1_20260529_183134,G3_mba_molar_grade,MBA Positive Molar Grade,8,1158,1558.0,0
shap_feature_selection_extratrees_p1_20260529_183134,G3_mba_molar_grade,MBA Positive Molar Grade,8,1159,1559.0,1
shap_feature_selection_extratrees_p1_20260529_183134,G3_mba_molar_grade,MBA Positive Molar Grade,8,1160,1560.0,1
shap_feature_selection_extratrees_p1_20260529_183134,G3_mba_molar_grade,MBA Positive Molar Grade,8,1161,1561.0,0
shap_feature_selection_extratrees_p1_20260529_183134,G3_mba_molar_grade,MBA Positive Molar Grade,8,1162,1562.0,0
shap_feature_selection_extratrees_p1_20260529_183134,G3_mba_molar_grade,MBA Positive Molar Grade,8,1163,1563.0,0
shap_feature_selection_extratrees_p1_20260529_183134,G3_mba_molar_grade,MBA Positive Molar Grade,8,1164,1564.0,0
shap_feature_selection_extratrees_p1_20260529_183134,G3_mba_molar_grade,MBA Positive Molar Grade,8,1165,1565.0,0
shap_feature_selection_extratrees_p1_20260529_183134,G3_mba_molar_grade,MBA Positive Molar Grade,8,1166,1566.0,0
shap_feature_selection_extratrees_p1_20260529_183134,G3_mba_molar_grade,MBA Positive Molar Grade,8,1167,1567.0,1
shap_feature_selection_extratrees_p1_20260529_183134,G3_mba_molar_grade,MBA Positive Molar Grade,8,1168,1568.0,1
shap_feature_selection_extratrees_p1_20260529_183134,G3_mba_molar_grade,MBA Positive Molar Grade,8,1169,1569.0,1
shap_feature_selection_extratrees_p1_20260529_183134,G3_mba_molar_grade,MBA Positive Molar Grade,8,1170,1570.0,1
shap_feature_selection_extratrees_p1_20260529_183134,G3_mba_molar_grade,MBA Positive Molar Grade,8,1171,1571.0,1
shap_feature_selection_extratrees_p1_20260529_183134,G3_mba_molar_grade,MBA Positive Molar Grade,8,1172,1572.0,1
shap_feature_selection_extratrees_p1_20260529_183134,G3_mba_molar_grade,MBA Positive Molar Grade,8,1173,1573.0,1
shap_feature_selection_extratrees_p1_20260529_183134,G3_mba_molar_grade,MBA Positive Molar Grade,8,1174,1574.0,1
shap_feature_selection_extratrees_p1_20260529_183134,G3_mba_molar_grade,MBA Positive Molar Grade,8,1175,1575.0,1
shap_feature_selection_extratrees_p1_20260529_183134,G3_mba_molar_grade,MBA Positive Molar Grade,8,1176,1576.0,1
shap_feature_selection_extratrees_p1_20260529_183134,G3_mba_molar_grade,MBA Positive Molar Grade,8,1177,1577.0,1
shap_feature_selection_extratrees_p1_20260529_183134,G3_mba_molar_grade,MBA Positive Molar Grade,8,1178,1578.0,1
shap_feature_selection_extratrees_p1_20260529_183134,G3_mba_molar_grade,MBA Positive Molar Grade,8,1179,1579.0,1
shap_feature_selection_extratrees_p1_20260529_183134,G3_mba_molar_grade,MBA Positive Molar Grade,8,1180,1580.0,1
shap_feature_selection_extratrees_p1_20260529_183134,G3_mba_molar_grade,MBA Positive Molar Grade,8,1181,1581.0,1
shap_feature_selection_extratrees_p1_20260529_183134,G3_mba_molar_grade,MBA Positive Molar Grade,8,1182,1582.0,1
shap_feature_selection_extratrees_p1_20260529_183134,G3_mba_molar_grade,MBA Positive Molar Grade,8,1183,1583.0,1
shap_feature_selection_extratrees_p1_20260529_183134,G3_mba_molar_grade,MBA Positive Molar Grade,8,1184,1584.0,0
shap_feature_selection_extratrees_p1_20260529_183134,G3_mba_molar_grade,MBA Positive Molar Grade,8,1185,1585.0,0
shap_feature_selection_extratrees_p1_20260529_183134,G3_mba_molar_grade,MBA Positive Molar Grade,8,1186,1586.0,0
shap_feature_selection_extratrees_p1_20260529_183134,G3_mba_molar_grade,MBA Positive Molar Grade,8,1187,1587.0,0
shap_feature_selection_extratrees_p1_20260529_183134,G3_mba_molar_grade,MBA Positive Molar Grade,8,1188,1588.0,0
shap_feature_selection_extratrees_p1_20260529_183134,G3_mba_molar_grade,MBA Positive Molar Grade,8,1189,1589.0,0
shap_feature_selection_extratrees_p1_20260529_183134,G3_mba_molar_grade,MBA Positive Molar Grade,8,1190,1590.0,0
shap_feature_selection_extratrees_p1_20260529_183134,G3_mba_molar_grade,MBA Positive Molar Grade,8,1191,1591.0,0
shap_feature_selection_extratrees_p1_20260529_183134,G3_mba_molar_grade,MBA Positive Molar Grade,8,1192,1592.0,0
shap_feature_selection_extratrees_p1_20260529_183134,G3_mba_molar_grade,MBA Positive Molar Grade,8,1193,1593.0,0
shap_feature_selection_extratrees_p1_20260529_183134,G3_mba_molar_grade,MBA Positive Molar Grade,8,1194,1594.0,0
shap_feature_selection_extratrees_p1_20260529_183134,G3_mba_molar_grade,MBA Positive Molar Grade,8,1195,1595.0,0
shap_feature_selection_extratrees_p1_20260529_183134,G3_mba_molar_grade,MBA Positive Molar Grade,8,1196,1596.0,0
shap_feature_selection_extratrees_p1_20260529_183134,G3_mba_molar_grade,MBA Positive Molar Grade,8,1197,1597.0,0
shap_feature_selection_extratrees_p1_20260529_183134,G3_mba_molar_grade,MBA Positive Molar Grade,8,1198,1598.0,0
shap_feature_selection_extratrees_p1_20260529_183134,G3_mba_molar_grade,MBA Positive Molar Grade,8,1199,1599.0,0
shap_feature_selection_extratrees_p1_20260529_183134,G3_mba_molar_grade,MBA Positive Molar Grade,8,1200,1600.0,0
shap_feature_selection_extratrees_p1_20260529_183134,G3_mba_molar_grade,MBA Positive Molar Grade,8,1201,1601.0,0
shap_feature_selection_extratrees_p1_20260529_183134,G3_mba_molar_grade,MBA Positive Molar Grade,8,1202,1602.0,1
shap_feature_selection_extratrees_p1_20260529_183134,G3_mba_molar_grade,MBA Positive Molar Grade,8,1203,1603.0,0
shap_feature_selection_extratrees_p1_20260529_183134,G3_mba_molar_grade,MBA Positive Molar Grade,8,1204,1604.0,0
shap_feature_selection_extratrees_p1_20260529_183134,G3_mba_molar_grade,MBA Positive Molar Grade,8,1205,1605.0,0
shap_feature_selection_extratrees_p1_20260529_183134,G3_mba_molar_grade,MBA Positive Molar Grade,8,1206,1606.0,0
shap_feature_selection_extratrees_p1_20260529_183134,G3_mba_molar_grade,MBA Positive Molar Grade,8,1207,1607.0,0
shap_feature_selection_extratrees_p1_20260529_183134,G3_mba_molar_grade,MBA Positive Molar Grade,8,1208,1608.0,0
shap_feature_selection_extratrees_p1_20260529_183134,G3_mba_molar_grade,MBA Positive Molar Grade,8,1209,1609.0,0
shap_feature_selection_extratrees_p1_20260529_183134,G3_mba_molar_grade,MBA Positive Molar Grade,8,1210,1610.0,0
shap_feature_selection_extratrees_p1_20260529_183134,G3_mba_molar_grade,MBA Positive Molar Grade,8,1211,1611.0,0
shap_feature_selection_extratrees_p1_20260529_183134,G3_mba_molar_grade,MBA Positive Molar Grade,8,1212,1612.0,0
shap_feature_selection_extratrees_p1_20260529_183134,G3_mba_molar_grade,MBA Positive Molar Grade,8,1213,1613.0,0
shap_feature_selection_extratrees_p1_20260529_183134,G3_mba_molar_grade,MBA Positive Molar Grade,8,1214,1614.0,0
shap_feature_selection_extratrees_p1_20260529_183134,G3_mba_molar_grade,MBA Positive Molar Grade,8,1215,1615.0,0
shap_feature_selection_extratrees_p1_20260529_183134,G3_mba_molar_grade,MBA Positive Molar Grade,8,1216,1616.0,0
shap_feature_selection_extratrees_p1_20260529_183134,G3_mba_molar_grade,MBA Positive Molar Grade,8,1217,1617.0,0
shap_feature_selection_extratrees_p1_20260529_183134,G3_mba_molar_grade,MBA Positive Molar Grade,8,1218,1618.0,0
shap_feature_selection_extratrees_p1_20260529_183134,G3_mba_molar_grade,MBA Positive Molar Grade,8,1219,1619.0,0
shap_feature_selection_extratrees_p1_20260529_183134,G3_mba_molar_grade,MBA Positive Molar Grade,8,1220,1620.0,0
shap_feature_selection_extratrees_p1_20260529_183134,G3_mba_molar_grade,MBA Positive Molar Grade,8,1221,1621.0,0
shap_feature_selection_extratrees_p1_20260529_183134,G3_mba_molar_grade,MBA Positive Molar Grade,8,1222,1622.0,0
shap_feature_selection_extratrees_p1_20260529_183134,G3_mba_molar_grade,MBA Positive Molar Grade,8,1223,1623.0,0
shap_feature_selection_extratrees_p1_20260529_183134,G3_mba_molar_grade,MBA Positive Molar Grade,8,1224,1624.0,0
shap_feature_selection_extratrees_p1_20260529_183134,G3_mba_molar_grade,MBA Positive Molar Grade,8,1225,1625.0,0
shap_feature_selection_extratrees_p1_20260529_183134,G3_mba_molar_grade,MBA Positive Molar Grade,8,1226,1626.0,0
shap_feature_selection_extratrees_p1_20260529_183134,G3_mba_molar_grade,MBA Positive Molar Grade,8,1227,1627.0,0
shap_feature_selection_extratrees_p1_20260529_183134,G3_mba_molar_grade,MBA Positive Molar Grade,8,1228,1628.0,0
shap_feature_selection_extratrees_p1_20260529_183134,G3_mba_molar_grade,MBA Positive Molar Grade,8,1229,1629.0,0
shap_feature_selection_extratrees_p1_20260529_183134,G3_mba_molar_grade,MBA Positive Molar Grade,8,1230,1630.0,0
shap_feature_selection_extratrees_p1_20260529_183134,G3_mba_molar_grade,MBA Positive Molar Grade,8,1231,1631.0,0
shap_feature_selection_extratrees_p1_20260529_183134,G3_mba_molar_grade,MBA Positive Molar Grade,8,1232,1632.0,0
shap_feature_selection_extratrees_p1_20260529_183134,G3_mba_molar_grade,MBA Positive Molar Grade,8,1233,1633.0,0
shap_feature_selection_extratrees_p1_20260529_183134,G3_mba_molar_grade,MBA Positive Molar Grade,8,1234,1634.0,0
shap_feature_selection_extratrees_p1_20260529_183134,G3_mba_molar_grade,MBA Positive Molar Grade,8,1235,1635.0,0
shap_feature_selection_extratrees_p1_20260529_183134,G3_mba_molar_grade,MBA Positive Molar Grade,8,1236,1636.0,0
shap_feature_selection_extratrees_p1_20260529_183134,G3_mba_molar_grade,MBA Positive Molar Grade,8,1237,1637.0,0
shap_feature_selection_extratrees_p1_20260529_183134,G3_mba_molar_grade,MBA Positive Molar Grade,8,1238,1638.0,0
shap_feature_selection_extratrees_p1_20260529_183134,G3_mba_molar_grade,MBA Positive Molar Grade,8,1239,1639.0,0
shap_feature_selection_extratrees_p1_20260529_183134,G3_mba_molar_grade,MBA Positive Molar Grade,8,1240,1640.0,0
shap_feature_selection_extratrees_p1_20260529_183134,G3_mba_molar_grade,MBA Positive Molar Grade,8,1241,1641.0,0
shap_feature_selection_extratrees_p1_20260529_183134,G3_mba_molar_grade,MBA Positive Molar Grade,8,1242,1642.0,0
shap_feature_selection_extratrees_p1_20260529_183134,G3_mba_molar_grade,MBA Positive Molar Grade,8,1243,1643.0,0
shap_feature_selection_extratrees_p1_20260529_183134,G3_mba_molar_grade,MBA Positive Molar Grade,8,1244,1644.0,0
shap_feature_selection_extratrees_p1_20260529_183134,G3_mba_molar_grade,MBA Positive Molar Grade,8,1245,1645.0,0
shap_feature_selection_extratrees_p1_20260529_183134,G3_mba_molar_grade,MBA Positive Molar Grade,8,1246,1646.0,0
shap_feature_selection_extratrees_p1_20260529_183134,G3_mba_molar_grade,MBA Positive Molar Grade,8,1247,1647.0,0
shap_feature_selection_extratrees_p1_20260529_183134,G3_mba_molar_grade,MBA Positive Molar Grade,8,1248,1648.0,0
shap_feature_selection_extratrees_p1_20260529_183134,G3_mba_molar_grade,MBA Positive Molar Grade,8,1249,1649.0,0
shap_feature_selection_extratrees_p1_20260529_183134,G3_mba_molar_grade,MBA Positive Molar Grade,8,1250,1650.0,0
shap_feature_selection_extratrees_p1_20260529_183134,G3_mba_molar_grade,MBA Positive Molar Grade,8,1251,1651.0,0
shap_feature_selection_extratrees_p1_20260529_183134,G3_mba_molar_grade,MBA Positive Molar Grade,8,1252,1652.0,0
shap_feature_selection_extratrees_p1_20260529_183134,G3_mba_molar_grade,MBA Positive Molar Grade,8,1253,1653.0,0
shap_feature_selection_extratrees_p1_20260529_183134,G3_mba_molar_grade,MBA Positive Molar Grade,8,1254,1654.0,0
shap_feature_selection_extratrees_p1_20260529_183134,G3_mba_molar_grade,MBA Positive Molar Grade,8,1255,1655.0,0
shap_feature_selection_extratrees_p1_20260529_183134,G3_mba_molar_grade,MBA Positive Molar Grade,8,1256,1656.0,0
shap_feature_selection_extratrees_p1_20260529_183134,G3_mba_molar_grade,MBA Positive Molar Grade,8,1257,1657.0,0
shap_feature_selection_extratrees_p1_20260529_183134,G3_mba_molar_grade,MBA Positive Molar Grade,8,1258,1658.0,0
shap_feature_selection_extratrees_p1_20260529_183134,G3_mba_molar_grade,MBA Positive Molar Grade,8,1259,1659.0,0
shap_feature_selection_extratrees_p1_20260529_183134,G3_mba_molar_grade,MBA Positive Molar Grade,8,1260,1660.0,0
shap_feature_selection_extratrees_p1_20260529_183134,G3_mba_molar_grade,MBA Positive Molar Grade,8,1261,1661.0,0
shap_feature_selection_extratrees_p1_20260529_183134,G3_mba_molar_grade,MBA Positive Molar Grade,8,1262,1662.0,0
shap_feature_selection_extratrees_p1_20260529_183134,G3_mba_molar_grade,MBA Positive Molar Grade,8,1263,1663.0,0
shap_feature_selection_extratrees_p1_20260529_183134,G3_mba_molar_grade,MBA Positive Molar Grade,8,1264,1664.0,0
shap_feature_selection_extratrees_p1_20260529_183134,G3_mba_molar_grade,MBA Positive Molar Grade,8,1265,1665.0,0
shap_feature_selection_extratrees_p1_20260529_183134,G3_mba_molar_grade,MBA Positive Molar Grade,8,1266,1666.0,0
shap_feature_selection_extratrees_p1_20260529_183134,G3_mba_molar_grade,MBA Positive Molar Grade,8,1267,1667.0,0
shap_feature_selection_extratrees_p1_20260529_183134,G3_mba_molar_grade,MBA Positive Molar Grade,8,1268,1668.0,0
shap_feature_selection_extratrees_p1_20260529_183134,G3_mba_molar_grade,MBA Positive Molar Grade,8,1269,1669.0,0
shap_feature_selection_extratrees_p1_20260529_183134,G3_mba_molar_grade,MBA Positive Molar Grade,8,1270,1670.0,0
shap_feature_selection_extratrees_p1_20260529_183134,G3_mba_molar_grade,MBA Positive Molar Grade,8,1271,1671.0,0
shap_feature_selection_extratrees_p1_20260529_183134,G3_mba_molar_grade,MBA Positive Molar Grade,8,1272,1672.0,0
shap_feature_selection_extratrees_p1_20260529_183134,G3_mba_molar_grade,MBA Positive Molar Grade,8,1273,1673.0,0
shap_feature_selection_extratrees_p1_20260529_183134,G3_mba_molar_grade,MBA Positive Molar Grade,8,1274,1674.0,0
shap_feature_selection_extratrees_p1_20260529_183134,G3_mba_molar_grade,MBA Positive Molar Grade,8,1275,1675.0,0
shap_feature_selection_extratrees_p1_20260529_183134,G3_mba_molar_grade,MBA Positive Molar Grade,8,1276,1676.0,0
shap_feature_selection_extratrees_p1_20260529_183134,G3_mba_molar_grade,MBA Positive Molar Grade,8,1277,1677.0,0
shap_feature_selection_extratrees_p1_20260529_183134,G3_mba_molar_grade,MBA Positive Molar Grade,8,1278,1678.0,0
shap_feature_selection_extratrees_p1_20260529_183134,G3_mba_molar_grade,MBA Positive Molar Grade,8,1279,1679.0,0
shap_feature_selection_extratrees_p1_20260529_183134,G3_mba_molar_grade,MBA Positive Molar Grade,8,1280,1680.0,0
shap_feature_selection_extratrees_p1_20260529_183134,G3_mba_molar_grade,MBA Positive Molar Grade,8,1281,1681.0,0
shap_feature_selection_extratrees_p1_20260529_183134,G3_mba_molar_grade,MBA Positive Molar Grade,8,1282,1682.0,0
shap_feature_selection_extratrees_p1_20260529_183134,G3_mba_molar_grade,MBA Positive Molar Grade,8,1283,1683.0,0
shap_feature_selection_extratrees_p1_20260529_183134,G3_mba_molar_grade,MBA Positive Molar Grade,8,1284,1684.0,0
shap_feature_selection_extratrees_p1_20260529_183134,G3_mba_molar_grade,MBA Positive Molar Grade,8,1285,1685.0,0
shap_feature_selection_extratrees_p1_20260529_183134,G3_mba_molar_grade,MBA Positive Molar Grade,8,1286,1686.0,0
shap_feature_selection_extratrees_p1_20260529_183134,G3_mba_molar_grade,MBA Positive Molar Grade,8,1287,1687.0,0
shap_feature_selection_extratrees_p1_20260529_183134,G3_mba_molar_grade,MBA Positive Molar Grade,8,1288,1688.0,0
shap_feature_selection_extratrees_p1_20260529_183134,G3_mba_molar_grade,MBA Positive Molar Grade,8,1289,1689.0,0
shap_feature_selection_extratrees_p1_20260529_183134,G3_mba_molar_grade,MBA Positive Molar Grade,8,1290,1690.0,0
shap_feature_selection_extratrees_p1_20260529_183134,G3_mba_molar_grade,MBA Positive Molar Grade,8,1291,1691.0,0
shap_feature_selection_extratrees_p1_20260529_183134,G3_mba_molar_grade,MBA Positive Molar Grade,8,1292,1692.0,0
shap_feature_selection_extratrees_p1_20260529_183134,G3_mba_molar_grade,MBA Positive Molar Grade,8,1293,1693.0,0
shap_feature_selection_extratrees_p1_20260529_183134,G3_mba_molar_grade,MBA Positive Molar Grade,8,1294,1694.0,0
shap_feature_selection_extratrees_p1_20260529_183134,G3_mba_molar_grade,MBA Positive Molar Grade,8,1295,1695.0,0
shap_feature_selection_extratrees_p1_20260529_183134,G3_mba_molar_grade,MBA Positive Molar Grade,8,1296,1696.0,0
shap_feature_selection_extratrees_p1_20260529_183134,G3_mba_molar_grade,MBA Positive Molar Grade,8,1297,1697.0,0
shap_feature_selection_extratrees_p1_20260529_183134,G3_mba_molar_grade,MBA Positive Molar Grade,8,1298,1698.0,0
shap_feature_selection_extratrees_p1_20260529_183134,G3_mba_molar_grade,MBA Positive Molar Grade,8,1299,1699.0,0
shap_feature_selection_extratrees_p1_20260529_183134,G3_mba_molar_grade,MBA Positive Molar Grade,8,1300,1700.0,0
shap_feature_selection_extratrees_p1_20260529_183134,G3_mba_molar_grade,MBA Positive Molar Grade,8,1301,1701.0,0
shap_feature_selection_extratrees_p1_20260529_183134,G3_mba_molar_grade,MBA Positive Molar Grade,8,1302,1702.0,0
shap_feature_selection_extratrees_p1_20260529_183134,G3_mba_molar_grade,MBA Positive Molar Grade,8,1303,1703.0,0
shap_feature_selection_extratrees_p1_20260529_183134,G3_mba_molar_grade,MBA Positive Molar Grade,8,1304,1704.0,0
shap_feature_selection_extratrees_p1_20260529_183134,G3_mba_molar_grade,MBA Positive Molar Grade,8,1305,1705.0,0
shap_feature_selection_extratrees_p1_20260529_183134,G3_mba_molar_grade,MBA Positive Molar Grade,8,1306,1706.0,0
shap_feature_selection_extratrees_p1_20260529_183134,G3_mba_molar_grade,MBA Positive Molar Grade,8,1307,1707.0,0
shap_feature_selection_extratrees_p1_20260529_183134,G3_mba_molar_grade,MBA Positive Molar Grade,8,1308,1708.0,0
shap_feature_selection_extratrees_p1_20260529_183134,G3_mba_molar_grade,MBA Positive Molar Grade,8,1309,1709.0,0
shap_feature_selection_extratrees_p1_20260529_183134,G3_mba_molar_grade,MBA Positive Molar Grade,8,1310,1710.0,0
shap_feature_selection_extratrees_p1_20260529_183134,G3_mba_molar_grade,MBA Positive Molar Grade,8,1311,1711.0,0
shap_feature_selection_extratrees_p1_20260529_183134,G3_mba_molar_grade,MBA Positive Molar Grade,8,1312,1712.0,0
shap_feature_selection_extratrees_p1_20260529_183134,G3_mba_molar_grade,MBA Positive Molar Grade,8,1313,1713.0,0
shap_feature_selection_extratrees_p1_20260529_183134,G3_mba_molar_grade,MBA Positive Molar Grade,8,1314,1714.0,0
shap_feature_selection_extratrees_p1_20260529_183134,G3_mba_molar_grade,MBA Positive Molar Grade,8,1315,1715.0,0
shap_feature_selection_extratrees_p1_20260529_183134,G3_mba_molar_grade,MBA Positive Molar Grade,8,1316,1716.0,0
shap_feature_selection_extratrees_p1_20260529_183134,G3_mba_molar_grade,MBA Positive Molar Grade,8,1317,1717.0,0
shap_feature_selection_extratrees_p1_20260529_183134,G3_mba_molar_grade,MBA Positive Molar Grade,8,1318,1718.0,0
shap_feature_selection_extratrees_p1_20260529_183134,G3_mba_molar_grade,MBA Positive Molar Grade,8,1319,1719.0,0
shap_feature_selection_extratrees_p1_20260529_183134,G3_mba_molar_grade,MBA Positive Molar Grade,8,1320,1720.0,0
shap_feature_selection_extratrees_p1_20260529_183134,G3_mba_molar_grade,MBA Positive Molar Grade,8,1321,1721.0,0
shap_feature_selection_extratrees_p1_20260529_183134,G3_mba_molar_grade,MBA Positive Molar Grade,8,1322,1722.0,0
shap_feature_selection_extratrees_p1_20260529_183134,G3_mba_molar_grade,MBA Positive Molar Grade,8,1323,1723.0,0
shap_feature_selection_extratrees_p1_20260529_183134,G3_mba_molar_grade,MBA Positive Molar Grade,8,1324,1724.0,0
shap_feature_selection_extratrees_p1_20260529_183134,G3_mba_molar_grade,MBA Positive Molar Grade,8,1325,1725.0,0
shap_feature_selection_extratrees_p1_20260529_183134,G3_mba_molar_grade,MBA Positive Molar Grade,8,1326,1726.0,0
shap_feature_selection_extratrees_p1_20260529_183134,G3_mba_molar_grade,MBA Positive Molar Grade,8,1327,1727.0,0
shap_feature_selection_extratrees_p1_20260529_183134,G3_mba_molar_grade,MBA Positive Molar Grade,8,1328,1728.0,0
shap_feature_selection_extratrees_p1_20260529_183134,G3_mba_molar_grade,MBA Positive Molar Grade,8,1329,1729.0,0
shap_feature_selection_extratrees_p1_20260529_183134,G3_mba_molar_grade,MBA Positive Molar Grade,8,1330,1730.0,0
shap_feature_selection_extratrees_p1_20260529_183134,G3_mba_molar_grade,MBA Positive Molar Grade,8,1331,1731.0,0
shap_feature_selection_extratrees_p1_20260529_183134,G3_mba_molar_grade,MBA Positive Molar Grade,8,1332,1732.0,0
shap_feature_selection_extratrees_p1_20260529_183134,G3_mba_molar_grade,MBA Positive Molar Grade,8,1333,1733.0,0
shap_feature_selection_extratrees_p1_20260529_183134,G3_mba_molar_grade,MBA Positive Molar Grade,8,1334,1734.0,0
shap_feature_selection_extratrees_p1_20260529_183134,G3_mba_molar_grade,MBA Positive Molar Grade,8,1335,1735.0,0
shap_feature_selection_extratrees_p1_20260529_183134,G3_mba_molar_grade,MBA Positive Molar Grade,8,1336,1736.0,0
shap_feature_selection_extratrees_p1_20260529_183134,G3_mba_molar_grade,MBA Positive Molar Grade,8,1337,1737.0,0
shap_feature_selection_extratrees_p1_20260529_183134,G3_mba_molar_grade,MBA Positive Molar Grade,8,1338,1738.0,0
shap_feature_selection_extratrees_p1_20260529_183134,G3_mba_molar_grade,MBA Positive Molar Grade,8,1339,1739.0,0
shap_feature_selection_extratrees_p1_20260529_183134,G3_mba_molar_grade,MBA Positive Molar Grade,8,1340,1740.0,0
shap_feature_selection_extratrees_p1_20260529_183134,G3_mba_molar_grade,MBA Positive Molar Grade,8,1341,1741.0,0
shap_feature_selection_extratrees_p1_20260529_183134,G3_mba_molar_grade,MBA Positive Molar Grade,8,1342,1742.0,0
shap_feature_selection_extratrees_p1_20260529_183134,G3_mba_molar_grade,MBA Positive Molar Grade,8,1343,1743.0,0
shap_feature_selection_extratrees_p1_20260529_183134,G3_mba_molar_grade,MBA Positive Molar Grade,8,1344,1744.0,0
shap_feature_selection_extratrees_p1_20260529_183134,G3_mba_molar_grade,MBA Positive Molar Grade,8,1345,1745.0,0
shap_feature_selection_extratrees_p1_20260529_183134,G3_mba_molar_grade,MBA Positive Molar Grade,8,1346,1746.0,0
shap_feature_selection_extratrees_p1_20260529_183134,G3_mba_molar_grade,MBA Positive Molar Grade,8,1347,1747.0,0
shap_feature_selection_extratrees_p1_20260529_183134,G3_mba_molar_grade,MBA Positive Molar Grade,8,1348,1748.0,0
shap_feature_selection_extratrees_p1_20260529_183134,G3_mba_molar_grade,MBA Positive Molar Grade,8,1349,1749.0,0
shap_feature_selection_extratrees_p1_20260529_183134,G3_mba_molar_grade,MBA Positive Molar Grade,8,1350,1750.0,0
shap_feature_selection_extratrees_p1_20260529_183134,G3_mba_molar_grade,MBA Positive Molar Grade,8,1351,1751.0,0
shap_feature_selection_extratrees_p1_20260529_183134,G3_mba_molar_grade,MBA Positive Molar Grade,8,1352,1752.0,0
shap_feature_selection_extratrees_p1_20260529_183134,G3_mba_molar_grade,MBA Positive Molar Grade,8,1353,1753.0,0
shap_feature_selection_extratrees_p1_20260529_183134,G3_mba_molar_grade,MBA Positive Molar Grade,8,1354,1754.0,0
shap_feature_selection_extratrees_p1_20260529_183134,G3_mba_molar_grade,MBA Positive Molar Grade,8,1355,1755.0,0
shap_feature_selection_extratrees_p1_20260529_183134,G3_mba_molar_grade,MBA Positive Molar Grade,8,1356,1756.0,0
shap_feature_selection_extratrees_p1_20260529_183134,G3_mba_molar_grade,MBA Positive Molar Grade,8,1357,1757.0,0
shap_feature_selection_extratrees_p1_20260529_183134,G3_mba_molar_grade,MBA Positive Molar Grade,8,1358,1758.0,0
shap_feature_selection_extratrees_p1_20260529_183134,G3_mba_molar_grade,MBA Positive Molar Grade,8,1359,1759.0,0
shap_feature_selection_extratrees_p1_20260529_183134,G3_mba_molar_grade,MBA Positive Molar Grade,8,1360,1760.0,0
shap_feature_selection_extratrees_p1_20260529_183134,G3_mba_molar_grade,MBA Positive Molar Grade,8,1361,1761.0,0
shap_feature_selection_extratrees_p1_20260529_183134,G3_mba_molar_grade,MBA Positive Molar Grade,8,1362,1762.0,0
shap_feature_selection_extratrees_p1_20260529_183134,G3_mba_molar_grade,MBA Positive Molar Grade,8,1363,1763.0,0
shap_feature_selection_extratrees_p1_20260529_183134,G3_mba_molar_grade,MBA Positive Molar Grade,8,1364,1764.0,0
shap_feature_selection_extratrees_p1_20260529_183134,G3_mba_molar_grade,MBA Positive Molar Grade,8,1365,1765.0,0
shap_feature_selection_extratrees_p1_20260529_183134,G3_mba_molar_grade,MBA Positive Molar Grade,8,1366,1766.0,0
shap_feature_selection_extratrees_p1_20260529_183134,G3_mba_molar_grade,MBA Positive Molar Grade,8,1367,1767.0,0
shap_feature_selection_extratrees_p1_20260529_183134,G3_mba_molar_grade,MBA Positive Molar Grade,8,1368,1768.0,0
shap_feature_selection_extratrees_p1_20260529_183134,G3_mba_molar_grade,MBA Positive Molar Grade,8,1369,1769.0,0
shap_feature_selection_extratrees_p1_20260529_183134,G3_mba_molar_grade,MBA Positive Molar Grade,8,1370,1770.0,0
shap_feature_selection_extratrees_p1_20260529_183134,G3_mba_molar_grade,MBA Positive Molar Grade,8,1371,1771.0,0
shap_feature_selection_extratrees_p1_20260529_183134,G3_mba_molar_grade,MBA Positive Molar Grade,8,1372,1772.0,0
shap_feature_selection_extratrees_p1_20260529_183134,G3_mba_molar_grade,MBA Positive Molar Grade,8,1373,1773.0,0
shap_feature_selection_extratrees_p1_20260529_183134,G3_mba_molar_grade,MBA Positive Molar Grade,8,1374,1774.0,0
shap_feature_selection_extratrees_p1_20260529_183134,G3_mba_molar_grade,MBA Positive Molar Grade,8,1375,1775.0,0
shap_feature_selection_extratrees_p1_20260529_183134,G3_mba_molar_grade,MBA Positive Molar Grade,8,1376,1776.0,0
shap_feature_selection_extratrees_p1_20260529_183134,G3_mba_molar_grade,MBA Positive Molar Grade,8,1377,1777.0,0
shap_feature_selection_extratrees_p1_20260529_183134,G3_mba_molar_grade,MBA Positive Molar Grade,8,1378,1778.0,0
shap_feature_selection_extratrees_p1_20260529_183134,G3_mba_molar_grade,MBA Positive Molar Grade,8,1379,1779.0,0
shap_feature_selection_extratrees_p1_20260529_183134,G3_mba_molar_grade,MBA Positive Molar Grade,8,1380,1780.0,0
shap_feature_selection_extratrees_p1_20260529_183134,G3_mba_molar_grade,MBA Positive Molar Grade,8,1381,1781.0,0
shap_feature_selection_extratrees_p1_20260529_183134,G3_mba_molar_grade,MBA Positive Molar Grade,8,1382,1782.0,0
shap_feature_selection_extratrees_p1_20260529_183134,G3_mba_molar_grade,MBA Positive Molar Grade,8,1383,1783.0,0
shap_feature_selection_extratrees_p1_20260529_183134,G3_mba_molar_grade,MBA Positive Molar Grade,8,1384,1784.0,0
shap_feature_selection_extratrees_p1_20260529_183134,G3_mba_molar_grade,MBA Positive Molar Grade,8,1385,1785.0,0
shap_feature_selection_extratrees_p1_20260529_183134,G3_mba_molar_grade,MBA Positive Molar Grade,8,1386,1786.0,0
shap_feature_selection_extratrees_p1_20260529_183134,G3_mba_molar_grade,MBA Positive Molar Grade,8,1387,1787.0,0
shap_feature_selection_extratrees_p1_20260529_183134,G3_mba_molar_grade,MBA Positive Molar Grade,8,1388,1788.0,0
shap_feature_selection_extratrees_p1_20260529_183134,G3_mba_molar_grade,MBA Positive Molar Grade,8,1389,1789.0,0
shap_feature_selection_extratrees_p1_20260529_183134,G3_mba_molar_grade,MBA Positive Molar Grade,8,1390,1790.0,0
shap_feature_selection_extratrees_p1_20260529_183134,G3_mba_molar_grade,MBA Positive Molar Grade,8,1391,1791.0,0
shap_feature_selection_extratrees_p1_20260529_183134,G3_mba_molar_grade,MBA Positive Molar Grade,8,1392,1792.0,0
shap_feature_selection_extratrees_p1_20260529_183134,G3_mba_molar_grade,MBA Positive Molar Grade,8,1393,1793.0,0
shap_feature_selection_extratrees_p1_20260529_183134,G3_mba_molar_grade,MBA Positive Molar Grade,8,1394,1794.0,0
shap_feature_selection_extratrees_p1_20260529_183134,G3_mba_molar_grade,MBA Positive Molar Grade,8,1395,1795.0,0
shap_feature_selection_extratrees_p1_20260529_183134,G3_mba_molar_grade,MBA Positive Molar Grade,8,1396,1796.0,0
shap_feature_selection_extratrees_p1_20260529_183134,G3_mba_molar_grade,MBA Positive Molar Grade,8,1397,1797.0,0
shap_feature_selection_extratrees_p1_20260529_183134,G3_mba_molar_grade,MBA Positive Molar Grade,8,1398,1798.0,0
shap_feature_selection_extratrees_p1_20260529_183134,G3_mba_molar_grade,MBA Positive Molar Grade,8,1399,1799.0,0
shap_feature_selection_extratrees_p1_20260529_183134,G3_mba_molar_grade,MBA Positive Molar Grade,8,1400,1800.0,0
