task,task_name,feature_index,wavenumber,mean_abs_shap
G1_thiram_molar_grade,Thiram Positive Molar Grade,741,1141.0,0.004623837417107768
G1_thiram_molar_grade,Thiram Positive Molar Grade,742,1142.0,0.004264695102947669
G1_thiram_molar_grade,Thiram Positive Molar Grade,736,1136.0,0.004123622849848446
G1_thiram_molar_grade,Thiram Positive Molar Grade,735,1135.0,0.0038472080270999733
G1_thiram_molar_grade,Thiram Positive Molar Grade,1108,1508.0,0.0034456906325778373
G1_thiram_molar_grade,Thiram Positive Molar Grade,740,1140.0,0.0033006235602940004
G1_thiram_molar_grade,Thiram Positive Molar Grade,977,1377.0,0.0032372866554706446
G1_thiram_molar_grade,Thiram Positive Molar Grade,1099,1499.0,0.0032358312478663197
G1_thiram_molar_grade,Thiram Positive Molar Grade,1102,1502.0,0.003205144833641133
G1_thiram_molar_grade,Thiram Positive Molar Grade,1107,1507.0,0.003004542776850076
G1_thiram_molar_grade,Thiram Positive Molar Grade,1103,1503.0,0.003002535090455122
G1_thiram_molar_grade,Thiram Positive Molar Grade,1095,1495.0,0.0029782090331856408
G1_thiram_molar_grade,Thiram Positive Molar Grade,66,466.0,0.002951276207609528
G1_thiram_molar_grade,Thiram Positive Molar Grade,64,464.0,0.0029297207244071395
G1_thiram_molar_grade,Thiram Positive Molar Grade,738,1138.0,0.0029154565756251798
G1_thiram_molar_grade,Thiram Positive Molar Grade,318,718.0,0.0028963325250143195
G1_thiram_molar_grade,Thiram Positive Molar Grade,1100,1500.0,0.002803156298635938
G1_thiram_molar_grade,Thiram Positive Molar Grade,745,1145.0,0.0026608149089115784
G1_thiram_molar_grade,Thiram Positive Molar Grade,1098,1498.0,0.002543227555212433
G1_thiram_molar_grade,Thiram Positive Molar Grade,734,1134.0,0.00248227901184141
G1_thiram_molar_grade,Thiram Positive Molar Grade,1115,1515.0,0.0024579881180786397
G1_thiram_molar_grade,Thiram Positive Molar Grade,1110,1510.0,0.0024500981511885174
G1_thiram_molar_grade,Thiram Positive Molar Grade,1097,1497.0,0.0023786853141001384
G1_thiram_molar_grade,Thiram Positive Molar Grade,319,719.0,0.0023596938105438408
G1_thiram_molar_grade,Thiram Positive Molar Grade,744,1144.0,0.0023522312032003214
G1_thiram_molar_grade,Thiram Positive Molar Grade,1106,1506.0,0.0023509534617666616
G1_thiram_molar_grade,Thiram Positive Molar Grade,1114,1514.0,0.002327453960709372
G1_thiram_molar_grade,Thiram Positive Molar Grade,477,877.0,0.00229536082836094
G1_thiram_molar_grade,Thiram Positive Molar Grade,737,1137.0,0.0022712568880834455
G1_thiram_molar_grade,Thiram Positive Molar Grade,731,1131.0,0.002258556597622397
G1_thiram_molar_grade,Thiram Positive Molar Grade,77,477.0,0.002188482337698585
G1_thiram_molar_grade,Thiram Positive Molar Grade,974,1374.0,0.002185462717468322
G1_thiram_molar_grade,Thiram Positive Molar Grade,743,1143.0,0.002122527431798366
G1_thiram_molar_grade,Thiram Positive Molar Grade,1094,1494.0,0.0021047776282110335
G1_thiram_molar_grade,Thiram Positive Molar Grade,729,1129.0,0.002102650380444105
G1_thiram_molar_grade,Thiram Positive Molar Grade,971,1371.0,0.0020323185592350107
G1_thiram_molar_grade,Thiram Positive Molar Grade,1104,1504.0,0.0019706602911880203
G1_thiram_molar_grade,Thiram Positive Molar Grade,82,482.0,0.0019310778492681072
G1_thiram_molar_grade,Thiram Positive Molar Grade,67,467.0,0.0018980701167709902
G1_thiram_molar_grade,Thiram Positive Molar Grade,474,874.0,0.0018964321608540757
G1_thiram_molar_grade,Thiram Positive Molar Grade,1096,1496.0,0.0018952418425276887
G1_thiram_molar_grade,Thiram Positive Molar Grade,1122,1522.0,0.0018585976764014564
G1_thiram_molar_grade,Thiram Positive Molar Grade,1113,1513.0,0.0018438953762727676
G1_thiram_molar_grade,Thiram Positive Molar Grade,1105,1505.0,0.001840265998213756
G1_thiram_molar_grade,Thiram Positive Molar Grade,1111,1511.0,0.0018032223117189984
G1_thiram_molar_grade,Thiram Positive Molar Grade,747,1147.0,0.00178179164218635
G1_thiram_molar_grade,Thiram Positive Molar Grade,750,1150.0,0.0017792237639292024
G1_thiram_molar_grade,Thiram Positive Molar Grade,1109,1509.0,0.0017743481143429158
G1_thiram_molar_grade,Thiram Positive Molar Grade,1117,1517.0,0.0017741742101472296
G1_thiram_molar_grade,Thiram Positive Molar Grade,295,695.0,0.0017552667983985468
G1_thiram_molar_grade,Thiram Positive Molar Grade,65,465.0,0.001746516532925121
G1_thiram_molar_grade,Thiram Positive Molar Grade,63,463.0,0.0017435427534106711
G1_thiram_molar_grade,Thiram Positive Molar Grade,728,1128.0,0.0016992883505411677
G1_thiram_molar_grade,Thiram Positive Molar Grade,294,694.0,0.0016984801769181267
G1_thiram_molar_grade,Thiram Positive Molar Grade,739,1139.0,0.0016525940735251932
G1_thiram_molar_grade,Thiram Positive Molar Grade,1116,1516.0,0.0016514063774680377
G1_thiram_molar_grade,Thiram Positive Molar Grade,62,462.0,0.0016500606210571066
G1_thiram_molar_grade,Thiram Positive Molar Grade,970,1370.0,0.0016209704205040747
G1_thiram_molar_grade,Thiram Positive Molar Grade,746,1146.0,0.001610980273005487
G1_thiram_molar_grade,Thiram Positive Molar Grade,83,483.0,0.0015862097734059138
G1_thiram_molar_grade,Thiram Positive Molar Grade,972,1372.0,0.0015693567039704534
G1_thiram_molar_grade,Thiram Positive Molar Grade,969,1369.0,0.0015636954323234292
G1_thiram_molar_grade,Thiram Positive Molar Grade,297,697.0,0.00155843986408446
G1_thiram_molar_grade,Thiram Positive Molar Grade,81,481.0,0.0015418809156247607
G1_thiram_molar_grade,Thiram Positive Molar Grade,478,878.0,0.0015217673773012873
G1_thiram_molar_grade,Thiram Positive Molar Grade,473,873.0,0.001497224187660858
G1_thiram_molar_grade,Thiram Positive Molar Grade,975,1375.0,0.0013640054371243876
G1_thiram_molar_grade,Thiram Positive Molar Grade,1120,1520.0,0.0013560284329831671
G1_thiram_molar_grade,Thiram Positive Molar Grade,475,875.0,0.0013360565113746394
G1_thiram_molar_grade,Thiram Positive Molar Grade,751,1151.0,0.0013113446891406622
G1_thiram_molar_grade,Thiram Positive Molar Grade,726,1126.0,0.0012895927403460974
G1_thiram_molar_grade,Thiram Positive Molar Grade,298,698.0,0.0012890861964015422
G1_thiram_molar_grade,Thiram Positive Molar Grade,80,480.0,0.0012623039512770667
G1_thiram_molar_grade,Thiram Positive Molar Grade,400,800.0,0.001250689982587305
G1_thiram_molar_grade,Thiram Positive Molar Grade,973,1373.0,0.0012295328206254935
G1_thiram_molar_grade,Thiram Positive Molar Grade,75,475.0,0.0012036297970220758
G1_thiram_molar_grade,Thiram Positive Molar Grade,74,474.0,0.0011975052026929646
G1_thiram_molar_grade,Thiram Positive Molar Grade,76,476.0,0.0011767946784646812
G1_thiram_molar_grade,Thiram Positive Molar Grade,979,1379.0,0.0011748460614397337
G1_thiram_molar_grade,Thiram Positive Molar Grade,73,473.0,0.0011551486641062584
G1_thiram_molar_grade,Thiram Positive Molar Grade,476,876.0,0.0011535123149859553
G1_thiram_molar_grade,Thiram Positive Molar Grade,164,564.0,0.0011527427467838188
G1_thiram_molar_grade,Thiram Positive Molar Grade,1400,1800.0,0.0011464565456191656
G1_thiram_molar_grade,Thiram Positive Molar Grade,725,1125.0,0.001136548510542166
G1_thiram_molar_grade,Thiram Positive Molar Grade,401,801.0,0.0011325383334711745
G1_thiram_molar_grade,Thiram Positive Molar Grade,153,553.0,0.0011192220016584384
G1_thiram_molar_grade,Thiram Positive Molar Grade,978,1378.0,0.0011165787021786
G1_thiram_molar_grade,Thiram Positive Molar Grade,317,717.0,0.001111984282753803
G1_thiram_molar_grade,Thiram Positive Molar Grade,522,922.0,0.0010957946911970338
G1_thiram_molar_grade,Thiram Positive Molar Grade,299,699.0,0.0010906078174302272
G1_thiram_molar_grade,Thiram Positive Molar Grade,832,1232.0,0.0010841796450483188
G1_thiram_molar_grade,Thiram Positive Molar Grade,470,870.0,0.0010788716929000623
G1_thiram_molar_grade,Thiram Positive Molar Grade,1124,1524.0,0.0010735690017755757
G1_thiram_molar_grade,Thiram Positive Molar Grade,472,872.0,0.0010680197476730482
G1_thiram_molar_grade,Thiram Positive Molar Grade,1379,1779.0,0.0010625634379731797
G1_thiram_molar_grade,Thiram Positive Molar Grade,1205,1605.0,0.0010595260891841187
G1_thiram_molar_grade,Thiram Positive Molar Grade,1093,1493.0,0.0010576689036545291
G1_thiram_molar_grade,Thiram Positive Molar Grade,1170,1570.0,0.0010541762485774004
G1_thiram_molar_grade,Thiram Positive Molar Grade,471,871.0,0.001053380085372007
G1_thiram_molar_grade,Thiram Positive Molar Grade,831,1231.0,0.0010527660677814479
G1_thiram_molar_grade,Thiram Positive Molar Grade,157,557.0,0.0010402110459289341
G1_thiram_molar_grade,Thiram Positive Molar Grade,399,799.0,0.0010139905750401997
G1_thiram_molar_grade,Thiram Positive Molar Grade,723,1123.0,0.0010124742509002263
G1_thiram_molar_grade,Thiram Positive Molar Grade,42,442.0,0.0010110750328127345
G1_thiram_molar_grade,Thiram Positive Molar Grade,1090,1490.0,0.0010097932183143993
G1_thiram_molar_grade,Thiram Positive Molar Grade,484,884.0,0.0010069513987917564
G1_thiram_molar_grade,Thiram Positive Molar Grade,1128,1528.0,0.0009979331611370055
G1_thiram_molar_grade,Thiram Positive Molar Grade,79,479.0,0.000996709695619635
G1_thiram_molar_grade,Thiram Positive Molar Grade,1092,1492.0,0.0009912556134577541
G1_thiram_molar_grade,Thiram Positive Molar Grade,1378,1778.0,0.0009867159496569277
G1_thiram_molar_grade,Thiram Positive Molar Grade,480,880.0,0.0009752337441367459
G1_thiram_molar_grade,Thiram Positive Molar Grade,36,436.0,0.0009720831554613716
G1_thiram_molar_grade,Thiram Positive Molar Grade,313,713.0,0.0009705842923896023
G1_thiram_molar_grade,Thiram Positive Molar Grade,1030,1430.0,0.000965962254618952
G1_thiram_molar_grade,Thiram Positive Molar Grade,930,1330.0,0.0009621203523285485
G1_thiram_molar_grade,Thiram Positive Molar Grade,37,437.0,0.0009510410448600224
G1_thiram_molar_grade,Thiram Positive Molar Grade,397,797.0,0.0009465211801657548
G1_thiram_molar_grade,Thiram Positive Molar Grade,154,554.0,0.0009446056842735018
G1_thiram_molar_grade,Thiram Positive Molar Grade,287,687.0,0.0009379548511193508
G1_thiram_molar_grade,Thiram Positive Molar Grade,159,559.0,0.0009315279408862121
G1_thiram_molar_grade,Thiram Positive Molar Grade,968,1368.0,0.0009263053087687736
G1_thiram_molar_grade,Thiram Positive Molar Grade,39,439.0,0.0009247039401468049
G1_thiram_molar_grade,Thiram Positive Molar Grade,402,802.0,0.0009177828727582345
G1_thiram_molar_grade,Thiram Positive Molar Grade,40,440.0,0.0009152470525485711
G1_thiram_molar_grade,Thiram Positive Molar Grade,833,1233.0,0.0009148885683575583
G1_thiram_molar_grade,Thiram Positive Molar Grade,727,1127.0,0.0009140115055963128
G1_thiram_molar_grade,Thiram Positive Molar Grade,688,1088.0,0.0009121159455468265
G1_thiram_molar_grade,Thiram Positive Molar Grade,1273,1673.0,0.0009063355403768748
G1_thiram_molar_grade,Thiram Positive Molar Grade,1026,1426.0,0.000903811208272793
G1_thiram_molar_grade,Thiram Positive Molar Grade,1142,1542.0,0.0008904637806898621
G1_thiram_molar_grade,Thiram Positive Molar Grade,293,693.0,0.0008877514221871149
G1_thiram_molar_grade,Thiram Positive Molar Grade,1031,1431.0,0.0008848030703926404
G1_thiram_molar_grade,Thiram Positive Molar Grade,321,721.0,0.0008750098501520569
G1_thiram_molar_grade,Thiram Positive Molar Grade,946,1346.0,0.0008737833972444476
G1_thiram_molar_grade,Thiram Positive Molar Grade,403,803.0,0.0008639458105523032
G1_thiram_molar_grade,Thiram Positive Molar Grade,123,523.0,0.0008619461379004135
G1_thiram_molar_grade,Thiram Positive Molar Grade,976,1376.0,0.0008609766996858867
G1_thiram_molar_grade,Thiram Positive Molar Grade,315,715.0,0.0008503409675861281
G1_thiram_molar_grade,Thiram Positive Molar Grade,1172,1572.0,0.0008447296846428949
G1_thiram_molar_grade,Thiram Positive Molar Grade,296,696.0,0.000839052235052173
G1_thiram_molar_grade,Thiram Positive Molar Grade,72,472.0,0.0008374843436317164
G1_thiram_molar_grade,Thiram Positive Molar Grade,1377,1777.0,0.0008352888401478076
G1_thiram_molar_grade,Thiram Positive Molar Grade,927,1327.0,0.0008279174317920545
G1_thiram_molar_grade,Thiram Positive Molar Grade,642,1042.0,0.0008268174043540535
G1_thiram_molar_grade,Thiram Positive Molar Grade,1028,1428.0,0.0008265665320753667
G1_thiram_molar_grade,Thiram Positive Molar Grade,485,885.0,0.00082544723385557
G1_thiram_molar_grade,Thiram Positive Molar Grade,794,1194.0,0.0008069662551988882
G1_thiram_molar_grade,Thiram Positive Molar Grade,44,444.0,0.0008036983891253326
G1_thiram_molar_grade,Thiram Positive Molar Grade,1008,1408.0,0.0008030118680621847
G1_thiram_molar_grade,Thiram Positive Molar Grade,125,525.0,0.000798657441999932
G1_thiram_molar_grade,Thiram Positive Molar Grade,1089,1489.0,0.0007953736202727335
G1_thiram_molar_grade,Thiram Positive Molar Grade,1035,1435.0,0.000787808922914184
G1_thiram_molar_grade,Thiram Positive Molar Grade,483,883.0,0.0007809601930287525
G1_thiram_molar_grade,Thiram Positive Molar Grade,890,1290.0,0.0007803096656267151
G1_thiram_molar_grade,Thiram Positive Molar Grade,1123,1523.0,0.0007801360990742207
G1_thiram_molar_grade,Thiram Positive Molar Grade,163,563.0,0.0007794134148153174
G1_thiram_molar_grade,Thiram Positive Molar Grade,34,434.0,0.0007790432931999152
G1_thiram_molar_grade,Thiram Positive Molar Grade,793,1193.0,0.0007786542782954416
G1_thiram_molar_grade,Thiram Positive Molar Grade,1038,1438.0,0.0007772422950159576
G1_thiram_molar_grade,Thiram Positive Molar Grade,1037,1437.0,0.0007745059752203674
G1_thiram_molar_grade,Thiram Positive Molar Grade,721,1121.0,0.0007721701411867002
G1_thiram_molar_grade,Thiram Positive Molar Grade,928,1328.0,0.0007632686248470205
G1_thiram_molar_grade,Thiram Positive Molar Grade,1272,1672.0,0.0007616776171149518
G1_thiram_molar_grade,Thiram Positive Molar Grade,1321,1721.0,0.0007580678738997442
G1_thiram_molar_grade,Thiram Positive Molar Grade,722,1122.0,0.0007565814338894883
G1_thiram_molar_grade,Thiram Positive Molar Grade,396,796.0,0.0007497288105574522
G1_thiram_molar_grade,Thiram Positive Molar Grade,1380,1780.0,0.0007477853908860467
G1_thiram_molar_grade,Thiram Positive Molar Grade,1049,1449.0,0.0007400889865192001
G1_thiram_molar_grade,Thiram Positive Molar Grade,669,1069.0,0.000738916118617398
G1_thiram_molar_grade,Thiram Positive Molar Grade,31,431.0,0.0007385915386085955
G1_thiram_molar_grade,Thiram Positive Molar Grade,1126,1526.0,0.0007357576839396241
G1_thiram_molar_grade,Thiram Positive Molar Grade,1118,1518.0,0.0007351337568939259
G1_thiram_molar_grade,Thiram Positive Molar Grade,1231,1631.0,0.000733951720029706
G1_thiram_molar_grade,Thiram Positive Molar Grade,931,1331.0,0.0007318822954804298
G1_thiram_molar_grade,Thiram Positive Molar Grade,834,1234.0,0.0007308395062635584
G1_thiram_molar_grade,Thiram Positive Molar Grade,924,1324.0,0.0007243227383334986
G1_thiram_molar_grade,Thiram Positive Molar Grade,945,1345.0,0.0007235240296182069
G1_thiram_molar_grade,Thiram Positive Molar Grade,1361,1761.0,0.0007137238442151811
G1_thiram_molar_grade,Thiram Positive Molar Grade,126,526.0,0.0007126377231338211
G1_thiram_molar_grade,Thiram Positive Molar Grade,1381,1781.0,0.000709130671546218
G1_thiram_molar_grade,Thiram Positive Molar Grade,1101,1501.0,0.0007085570568579614
G1_thiram_molar_grade,Thiram Positive Molar Grade,186,586.0,0.0007075277042763047
G1_thiram_molar_grade,Thiram Positive Molar Grade,320,720.0,0.00070613526802446
G1_thiram_molar_grade,Thiram Positive Molar Grade,984,1384.0,0.0007051727457628593
G1_thiram_molar_grade,Thiram Positive Molar Grade,469,869.0,0.0007049375750159468
G1_thiram_molar_grade,Thiram Positive Molar Grade,122,522.0,0.0007017370299326438
G1_thiram_molar_grade,Thiram Positive Molar Grade,526,926.0,0.0006999410378752788
G1_thiram_molar_grade,Thiram Positive Molar Grade,650,1050.0,0.0006952385524239173
G1_thiram_molar_grade,Thiram Positive Molar Grade,1317,1717.0,0.0006925737232563157
G1_thiram_molar_grade,Thiram Positive Molar Grade,980,1380.0,0.0006915875753213881
G1_thiram_molar_grade,Thiram Positive Molar Grade,35,435.0,0.0006888078667020339
G1_thiram_molar_grade,Thiram Positive Molar Grade,447,847.0,0.0006878912868223359
G1_thiram_molar_grade,Thiram Positive Molar Grade,982,1382.0,0.0006876343029248611
G1_thiram_molar_grade,Thiram Positive Molar Grade,724,1124.0,0.000687547992030364
G1_thiram_molar_grade,Thiram Positive Molar Grade,940,1340.0,0.0006855774129624346
G1_thiram_molar_grade,Thiram Positive Molar Grade,1086,1486.0,0.0006826071285623272
G1_thiram_molar_grade,Thiram Positive Molar Grade,148,548.0,0.0006820605814498964
G1_thiram_molar_grade,Thiram Positive Molar Grade,1300,1700.0,0.0006814407275046438
G1_thiram_molar_grade,Thiram Positive Molar Grade,312,712.0,0.0006812942887871842
G1_thiram_molar_grade,Thiram Positive Molar Grade,1376,1776.0,0.0006811375916043928
G1_thiram_molar_grade,Thiram Positive Molar Grade,115,515.0,0.0006788585655726829
G1_thiram_molar_grade,Thiram Positive Molar Grade,151,551.0,0.0006788297444467403
G1_thiram_molar_grade,Thiram Positive Molar Grade,944,1344.0,0.00067695257593366
G1_thiram_molar_grade,Thiram Positive Molar Grade,521,921.0,0.0006738090241071454
G1_thiram_molar_grade,Thiram Positive Molar Grade,1360,1760.0,0.0006679777505315881
G1_thiram_molar_grade,Thiram Positive Molar Grade,45,445.0,0.0006679505457778119
G1_thiram_molar_grade,Thiram Positive Molar Grade,1052,1452.0,0.0006647917876715992
G1_thiram_molar_grade,Thiram Positive Molar Grade,1047,1447.0,0.0006627780447514591
G1_thiram_molar_grade,Thiram Positive Molar Grade,69,469.0,0.000659437264562585
G1_thiram_molar_grade,Thiram Positive Molar Grade,1018,1418.0,0.0006587830692053556
G1_thiram_molar_grade,Thiram Positive Molar Grade,524,924.0,0.0006559953826661775
G1_thiram_molar_grade,Thiram Positive Molar Grade,679,1079.0,0.0006546130004390579
G1_thiram_molar_grade,Thiram Positive Molar Grade,162,562.0,0.0006523675313796904
G1_thiram_molar_grade,Thiram Positive Molar Grade,479,879.0,0.0006522533773488604
G1_thiram_molar_grade,Thiram Positive Molar Grade,556,956.0,0.0006521625670527858
G1_thiram_molar_grade,Thiram Positive Molar Grade,150,550.0,0.0006510579237644545
G1_thiram_molar_grade,Thiram Positive Molar Grade,47,447.0,0.0006474242972706678
G1_thiram_molar_grade,Thiram Positive Molar Grade,553,953.0,0.0006395548535872459
G1_thiram_molar_grade,Thiram Positive Molar Grade,1330,1730.0,0.0006384428488426362
G1_thiram_molar_grade,Thiram Positive Molar Grade,84,484.0,0.0006382212773247619
G1_thiram_molar_grade,Thiram Positive Molar Grade,966,1366.0,0.0006378284561124426
G1_thiram_molar_grade,Thiram Positive Molar Grade,1144,1544.0,0.0006375402894141929
G1_thiram_molar_grade,Thiram Positive Molar Grade,1329,1729.0,0.0006358917786474836
G1_thiram_molar_grade,Thiram Positive Molar Grade,335,735.0,0.0006345319383585844
G1_thiram_molar_grade,Thiram Positive Molar Grade,1363,1763.0,0.0006339520275091755
G1_thiram_molar_grade,Thiram Positive Molar Grade,1127,1527.0,0.0006307367519980284
G1_thiram_molar_grade,Thiram Positive Molar Grade,1145,1545.0,0.0006301278360172839
G1_thiram_molar_grade,Thiram Positive Molar Grade,1318,1718.0,0.0006299325061600765
G1_thiram_molar_grade,Thiram Positive Molar Grade,668,1068.0,0.0006298263989492889
G1_thiram_molar_grade,Thiram Positive Molar Grade,156,556.0,0.000629738851772214
G1_thiram_molar_grade,Thiram Positive Molar Grade,1171,1571.0,0.0006293454709893474
G1_thiram_molar_grade,Thiram Positive Molar Grade,121,521.0,0.0006285228536802371
G1_thiram_molar_grade,Thiram Positive Molar Grade,900,1300.0,0.0006277929459739761
G1_thiram_molar_grade,Thiram Positive Molar Grade,693,1093.0,0.0006267995366863009
G1_thiram_molar_grade,Thiram Positive Molar Grade,482,882.0,0.000626387438864419
G1_thiram_molar_grade,Thiram Positive Molar Grade,145,545.0,0.0006244440785128042
G1_thiram_molar_grade,Thiram Positive Molar Grade,395,795.0,0.0006238637004546816
G1_thiram_molar_grade,Thiram Positive Molar Grade,915,1315.0,0.0006235988663921942
G1_thiram_molar_grade,Thiram Positive Molar Grade,457,857.0,0.0006232948656508665
G1_thiram_molar_grade,Thiram Positive Molar Grade,687,1087.0,0.0006231137611725319
G1_thiram_molar_grade,Thiram Positive Molar Grade,120,520.0,0.0006222751372828566
G1_thiram_molar_grade,Thiram Positive Molar Grade,943,1343.0,0.0006217322713030385
G1_thiram_molar_grade,Thiram Positive Molar Grade,1194,1594.0,0.0006215924856020352
G1_thiram_molar_grade,Thiram Positive Molar Grade,692,1092.0,0.0006212245312576042
G1_thiram_molar_grade,Thiram Positive Molar Grade,1313,1713.0,0.0006201008623103268
G1_thiram_molar_grade,Thiram Positive Molar Grade,942,1342.0,0.0006198910173406574
G1_thiram_molar_grade,Thiram Positive Molar Grade,981,1381.0,0.0006197713933068991
G1_thiram_molar_grade,Thiram Positive Molar Grade,912,1312.0,0.0006190867748541843
G1_thiram_molar_grade,Thiram Positive Molar Grade,836,1236.0,0.0006156730081915329
G1_thiram_molar_grade,Thiram Positive Molar Grade,557,957.0,0.0006148199098878688
G1_thiram_molar_grade,Thiram Positive Molar Grade,1040,1440.0,0.0006144440466399878
G1_thiram_molar_grade,Thiram Positive Molar Grade,690,1090.0,0.0006144101697932095
G1_thiram_molar_grade,Thiram Positive Molar Grade,139,539.0,0.0006136978734436447
G1_thiram_molar_grade,Thiram Positive Molar Grade,1365,1765.0,0.0006088412584094565
G1_thiram_molar_grade,Thiram Positive Molar Grade,117,517.0,0.0006074718529662596
G1_thiram_molar_grade,Thiram Positive Molar Grade,517,917.0,0.0006050980671749529
G1_thiram_molar_grade,Thiram Positive Molar Grade,1036,1436.0,0.0006026685459222849
G1_thiram_molar_grade,Thiram Positive Molar Grade,901,1301.0,0.0006021651009148133
G1_thiram_molar_grade,Thiram Positive Molar Grade,916,1316.0,0.0006020171439381585
G1_thiram_molar_grade,Thiram Positive Molar Grade,78,478.0,0.0005981954928707446
G1_thiram_molar_grade,Thiram Positive Molar Grade,641,1041.0,0.0005958179849906088
G1_thiram_molar_grade,Thiram Positive Molar Grade,449,849.0,0.0005927278284594519
G1_thiram_molar_grade,Thiram Positive Molar Grade,114,514.0,0.0005924514120258269
G1_thiram_molar_grade,Thiram Positive Molar Grade,1192,1592.0,0.0005919209054185867
G1_thiram_molar_grade,Thiram Positive Molar Grade,914,1314.0,0.0005908424417471655
G1_thiram_molar_grade,Thiram Positive Molar Grade,1112,1512.0,0.0005901071257299678
G1_thiram_molar_grade,Thiram Positive Molar Grade,146,546.0,0.0005897592532739904
G1_thiram_molar_grade,Thiram Positive Molar Grade,1352,1752.0,0.0005890159924465285
G1_thiram_molar_grade,Thiram Positive Molar Grade,520,920.0,0.0005876838174247248
G1_thiram_molar_grade,Thiram Positive Molar Grade,166,566.0,0.0005876504174683389
G1_thiram_molar_grade,Thiram Positive Molar Grade,878,1278.0,0.0005858341844181413
G1_thiram_molar_grade,Thiram Positive Molar Grade,1215,1615.0,0.0005856120261330826
G1_thiram_molar_grade,Thiram Positive Molar Grade,444,844.0,0.000578312966736877
G1_thiram_molar_grade,Thiram Positive Molar Grade,1355,1755.0,0.000578211521378634
G1_thiram_molar_grade,Thiram Positive Molar Grade,1275,1675.0,0.0005772784559571253
G1_thiram_molar_grade,Thiram Positive Molar Grade,379,779.0,0.0005751621862406681
G1_thiram_molar_grade,Thiram Positive Molar Grade,108,508.0,0.0005736069706496327
G1_thiram_molar_grade,Thiram Positive Molar Grade,732,1132.0,0.0005731136149724551
G1_thiram_molar_grade,Thiram Positive Molar Grade,446,846.0,0.00056923725437465
G1_thiram_molar_grade,Thiram Positive Molar Grade,1177,1577.0,0.0005688863626227171
G1_thiram_molar_grade,Thiram Positive Molar Grade,41,441.0,0.0005667510311411876
G1_thiram_molar_grade,Thiram Positive Molar Grade,276,676.0,0.0005656344090699353
G1_thiram_molar_grade,Thiram Positive Molar Grade,957,1357.0,0.0005638066016553164
G1_thiram_molar_grade,Thiram Positive Molar Grade,161,561.0,0.0005624993913542858
G1_thiram_molar_grade,Thiram Positive Molar Grade,433,833.0,0.0005616412285823389
G1_thiram_molar_grade,Thiram Positive Molar Grade,1019,1419.0,0.0005613117855772812
G1_thiram_molar_grade,Thiram Positive Molar Grade,911,1311.0,0.0005587199382045184
G1_thiram_molar_grade,Thiram Positive Molar Grade,394,794.0,0.0005549252331234166
G1_thiram_molar_grade,Thiram Positive Molar Grade,1087,1487.0,0.0005545252455466039
G1_thiram_molar_grade,Thiram Positive Molar Grade,1175,1575.0,0.0005543257057040929
G1_thiram_molar_grade,Thiram Positive Molar Grade,58,458.0,0.000552613181818967
G1_thiram_molar_grade,Thiram Positive Molar Grade,523,923.0,0.0005524656742141705
G1_thiram_molar_grade,Thiram Positive Molar Grade,561,961.0,0.000550652060184468
G1_thiram_molar_grade,Thiram Positive Molar Grade,947,1347.0,0.0005495746018612859
G1_thiram_molar_grade,Thiram Positive Molar Grade,891,1291.0,0.0005494038266788266
G1_thiram_molar_grade,Thiram Positive Molar Grade,1339,1739.0,0.000548274790227354
G1_thiram_molar_grade,Thiram Positive Molar Grade,61,461.0,0.0005473757116194498
G1_thiram_molar_grade,Thiram Positive Molar Grade,158,558.0,0.0005465222906327539
G1_thiram_molar_grade,Thiram Positive Molar Grade,334,734.0,0.000543218028553585
G1_thiram_molar_grade,Thiram Positive Molar Grade,921,1321.0,0.0005432053074205015
G1_thiram_molar_grade,Thiram Positive Molar Grade,879,1279.0,0.0005423122461624705
G1_thiram_molar_grade,Thiram Positive Molar Grade,59,459.0,0.0005416576019675444
G1_thiram_molar_grade,Thiram Positive Molar Grade,1359,1759.0,0.0005402349879006848
G1_thiram_molar_grade,Thiram Positive Molar Grade,559,959.0,0.000537222449091084
G1_thiram_molar_grade,Thiram Positive Molar Grade,38,438.0,0.0005367493003771398
G1_thiram_molar_grade,Thiram Positive Molar Grade,398,798.0,0.000535021934343716
G1_thiram_molar_grade,Thiram Positive Molar Grade,1027,1427.0,0.0005349496733507251
G1_thiram_molar_grade,Thiram Positive Molar Grade,51,451.0,0.0005346975612044274
G1_thiram_molar_grade,Thiram Positive Molar Grade,967,1367.0,0.000533316247860014
G1_thiram_molar_grade,Thiram Positive Molar Grade,1309,1709.0,0.0005331575157459176
G1_thiram_molar_grade,Thiram Positive Molar Grade,525,925.0,0.0005314699060538323
G1_thiram_molar_grade,Thiram Positive Molar Grade,1014,1414.0,0.0005286600038830016
G1_thiram_molar_grade,Thiram Positive Molar Grade,1044,1444.0,0.000526209951667629
G1_thiram_molar_grade,Thiram Positive Molar Grade,637,1037.0,0.0005256726920298346
G1_thiram_molar_grade,Thiram Positive Molar Grade,1041,1441.0,0.0005255957502278304
G1_thiram_molar_grade,Thiram Positive Molar Grade,983,1383.0,0.0005212241467436362
G1_thiram_molar_grade,Thiram Positive Molar Grade,155,555.0,0.0005200756853089956
G1_thiram_molar_grade,Thiram Positive Molar Grade,948,1348.0,0.0005180623531759974
G1_thiram_molar_grade,Thiram Positive Molar Grade,1315,1715.0,0.0005171680704778792
G1_thiram_molar_grade,Thiram Positive Molar Grade,289,689.0,0.0005171270572051886
G1_thiram_molar_grade,Thiram Positive Molar Grade,666,1066.0,0.0005166461097655153
G1_thiram_molar_grade,Thiram Positive Molar Grade,670,1070.0,0.000515944148985508
G1_thiram_molar_grade,Thiram Positive Molar Grade,1021,1421.0,0.0005159196543059892
G1_thiram_molar_grade,Thiram Positive Molar Grade,1333,1733.0,0.0005156488303489372
G1_thiram_molar_grade,Thiram Positive Molar Grade,917,1317.0,0.0005126633841975554
G1_thiram_molar_grade,Thiram Positive Molar Grade,1185,1585.0,0.0005119261892187048
G1_thiram_molar_grade,Thiram Positive Molar Grade,860,1260.0,0.0005111286112918598
G1_thiram_molar_grade,Thiram Positive Molar Grade,552,952.0,0.000510430537181325
G1_thiram_molar_grade,Thiram Positive Molar Grade,468,868.0,0.0005102205231584246
G1_thiram_molar_grade,Thiram Positive Molar Grade,88,488.0,0.0005057932477477088
G1_thiram_molar_grade,Thiram Positive Molar Grade,1003,1403.0,0.0005051615534494725
G1_thiram_molar_grade,Thiram Positive Molar Grade,33,433.0,0.0005030015187087089
G1_thiram_molar_grade,Thiram Positive Molar Grade,1230,1630.0,0.0005028979350822814
G1_thiram_molar_grade,Thiram Positive Molar Grade,68,468.0,0.0005006064898254399
G1_thiram_molar_grade,Thiram Positive Molar Grade,1295,1695.0,0.0004973384718272982
G1_thiram_molar_grade,Thiram Positive Molar Grade,1174,1574.0,0.0004965603533731408
G1_thiram_molar_grade,Thiram Positive Molar Grade,640,1040.0,0.0004955097158099856
G1_thiram_molar_grade,Thiram Positive Molar Grade,333,733.0,0.0004944593469809924
G1_thiram_molar_grade,Thiram Positive Molar Grade,1053,1453.0,0.0004895138185539278
G1_thiram_molar_grade,Thiram Positive Molar Grade,1140,1540.0,0.0004893132101480427
G1_thiram_molar_grade,Thiram Positive Molar Grade,899,1299.0,0.0004884575245787126
G1_thiram_molar_grade,Thiram Positive Molar Grade,290,690.0,0.0004864231161595733
G1_thiram_molar_grade,Thiram Positive Molar Grade,405,805.0,0.0004848784672962851
G1_thiram_molar_grade,Thiram Positive Molar Grade,1322,1722.0,0.0004833086160968472
G1_thiram_molar_grade,Thiram Positive Molar Grade,30,430.0,0.0004828932058986594
G1_thiram_molar_grade,Thiram Positive Molar Grade,1382,1782.0,0.000482745434095064
G1_thiram_molar_grade,Thiram Positive Molar Grade,1305,1705.0,0.00048106151746934864
G1_thiram_molar_grade,Thiram Positive Molar Grade,404,804.0,0.00047897731255710325
G1_thiram_molar_grade,Thiram Positive Molar Grade,1059,1459.0,0.0004779817989944539
G1_thiram_molar_grade,Thiram Positive Molar Grade,1088,1488.0,0.00047717932819641703
G1_thiram_molar_grade,Thiram Positive Molar Grade,1129,1529.0,0.00047594692196668034
G1_thiram_molar_grade,Thiram Positive Molar Grade,1217,1617.0,0.00047519043898219164
G1_thiram_molar_grade,Thiram Positive Molar Grade,314,714.0,0.00047487171216303723
G1_thiram_molar_grade,Thiram Positive Molar Grade,1316,1716.0,0.0004743592488753384
G1_thiram_molar_grade,Thiram Positive Molar Grade,1331,1731.0,0.00047405076279300097
G1_thiram_molar_grade,Thiram Positive Molar Grade,754,1154.0,0.0004721292243499916
G1_thiram_molar_grade,Thiram Positive Molar Grade,160,560.0,0.0004703589808919334
G1_thiram_molar_grade,Thiram Positive Molar Grade,1301,1701.0,0.0004702896277877362
G1_thiram_molar_grade,Thiram Positive Molar Grade,685,1085.0,0.0004699225714573368
G1_thiram_molar_grade,Thiram Positive Molar Grade,651,1051.0,0.000469481330290185
G1_thiram_molar_grade,Thiram Positive Molar Grade,569,969.0,0.0004633658794481173
G1_thiram_molar_grade,Thiram Positive Molar Grade,941,1341.0,0.00046307859609708794
G1_thiram_molar_grade,Thiram Positive Molar Grade,2,402.0,0.00045982009894948137
G1_thiram_molar_grade,Thiram Positive Molar Grade,697,1097.0,0.0004590249728329358
G1_thiram_molar_grade,Thiram Positive Molar Grade,1033,1433.0,0.0004586518222468827
G1_thiram_molar_grade,Thiram Positive Molar Grade,283,683.0,0.00045798945522721173
G1_thiram_molar_grade,Thiram Positive Molar Grade,1051,1451.0,0.0004570001386007861
G1_thiram_molar_grade,Thiram Positive Molar Grade,527,927.0,0.000455784700963373
G1_thiram_molar_grade,Thiram Positive Molar Grade,699,1099.0,0.0004551804316546412
G1_thiram_molar_grade,Thiram Positive Molar Grade,1143,1543.0,0.000453689768042782
G1_thiram_molar_grade,Thiram Positive Molar Grade,431,831.0,0.00045154880834263205
G1_thiram_molar_grade,Thiram Positive Molar Grade,935,1335.0,0.0004515221938781823
G1_thiram_molar_grade,Thiram Positive Molar Grade,1048,1448.0,0.0004508325465727955
G1_thiram_molar_grade,Thiram Positive Molar Grade,438,838.0,0.0004502631018578841
G1_thiram_molar_grade,Thiram Positive Molar Grade,986,1386.0,0.0004492833905381887
G1_thiram_molar_grade,Thiram Positive Molar Grade,1032,1432.0,0.0004489552081190647
G1_thiram_molar_grade,Thiram Positive Molar Grade,1368,1768.0,0.0004487954430897879
G1_thiram_molar_grade,Thiram Positive Molar Grade,549,949.0,0.0004484974123819298
G1_thiram_molar_grade,Thiram Positive Molar Grade,1119,1519.0,0.00044818026114601704
G1_thiram_molar_grade,Thiram Positive Molar Grade,674,1074.0,0.00044664889100388375
G1_thiram_molar_grade,Thiram Positive Molar Grade,50,450.0,0.0004458552660096057
G1_thiram_molar_grade,Thiram Positive Molar Grade,1013,1413.0,0.00044416710194550735
G1_thiram_molar_grade,Thiram Positive Molar Grade,300,700.0,0.00044366902509388725
G1_thiram_molar_grade,Thiram Positive Molar Grade,1034,1434.0,0.00044211773460757123
G1_thiram_molar_grade,Thiram Positive Molar Grade,682,1082.0,0.0004416170908669033
G1_thiram_molar_grade,Thiram Positive Molar Grade,450,850.0,0.00044117998452502844
G1_thiram_molar_grade,Thiram Positive Molar Grade,733,1133.0,0.00044011554910558477
G1_thiram_molar_grade,Thiram Positive Molar Grade,672,1072.0,0.000439865132090403
G1_thiram_molar_grade,Thiram Positive Molar Grade,949,1349.0,0.0004397743246970757
G1_thiram_molar_grade,Thiram Positive Molar Grade,749,1149.0,0.0004393662685465057
G1_thiram_molar_grade,Thiram Positive Molar Grade,119,519.0,0.0004390483521994211
G1_thiram_molar_grade,Thiram Positive Molar Grade,348,748.0,0.0004384863707123266
G1_thiram_molar_grade,Thiram Positive Molar Grade,632,1032.0,0.0004384484068426239
G1_thiram_molar_grade,Thiram Positive Molar Grade,671,1071.0,0.0004375348107764164
G1_thiram_molar_grade,Thiram Positive Molar Grade,554,954.0,0.0004370648360217091
G1_thiram_molar_grade,Thiram Positive Molar Grade,32,432.0,0.00043639869070033146
G1_thiram_molar_grade,Thiram Positive Molar Grade,487,887.0,0.0004348393458153552
G1_thiram_molar_grade,Thiram Positive Molar Grade,929,1329.0,0.0004323702530403412
G1_thiram_molar_grade,Thiram Positive Molar Grade,441,841.0,0.00043163347248126565
G1_thiram_molar_grade,Thiram Positive Molar Grade,350,750.0,0.0004311641778928918
G1_thiram_molar_grade,Thiram Positive Molar Grade,676,1076.0,0.00043046515600599663
G1_thiram_molar_grade,Thiram Positive Molar Grade,1200,1600.0,0.0004298500180603073
G1_thiram_molar_grade,Thiram Positive Molar Grade,1340,1740.0,0.0004297176661896293
G1_thiram_molar_grade,Thiram Positive Molar Grade,455,855.0,0.0004274856929215624
G1_thiram_molar_grade,Thiram Positive Molar Grade,1056,1456.0,0.000426178975676292
G1_thiram_molar_grade,Thiram Positive Molar Grade,383,783.0,0.00042603882313543064
G1_thiram_molar_grade,Thiram Positive Molar Grade,1055,1455.0,0.0004256754024271694
G1_thiram_molar_grade,Thiram Positive Molar Grade,695,1095.0,0.00042502018135939004
G1_thiram_molar_grade,Thiram Positive Molar Grade,1320,1720.0,0.00042500401345152086
G1_thiram_molar_grade,Thiram Positive Molar Grade,389,789.0,0.00042459881045943463
G1_thiram_molar_grade,Thiram Positive Molar Grade,435,835.0,0.00042378326240595824
G1_thiram_molar_grade,Thiram Positive Molar Grade,926,1326.0,0.00042305399633313297
G1_thiram_molar_grade,Thiram Positive Molar Grade,825,1225.0,0.0004225289638245593
G1_thiram_molar_grade,Thiram Positive Molar Grade,877,1277.0,0.0004219529683725654
G1_thiram_molar_grade,Thiram Positive Molar Grade,658,1058.0,0.0004217978514262092
G1_thiram_molar_grade,Thiram Positive Molar Grade,113,513.0,0.00042151288244114156
G1_thiram_molar_grade,Thiram Positive Molar Grade,310,710.0,0.00042115085834856493
G1_thiram_molar_grade,Thiram Positive Molar Grade,518,918.0,0.0004210034534818023
G1_thiram_molar_grade,Thiram Positive Molar Grade,343,743.0,0.00042011659335725347
G1_thiram_molar_grade,Thiram Positive Molar Grade,1267,1667.0,0.0004193606154192292
G1_thiram_molar_grade,Thiram Positive Molar Grade,218,618.0,0.0004173641517533456
G1_thiram_molar_grade,Thiram Positive Molar Grade,903,1303.0,0.0004173409254916779
G1_thiram_molar_grade,Thiram Positive Molar Grade,56,456.0,0.000415623865674212
G1_thiram_molar_grade,Thiram Positive Molar Grade,568,968.0,0.00041546174857367267
G1_thiram_molar_grade,Thiram Positive Molar Grade,454,854.0,0.0004150224412960768
G1_thiram_molar_grade,Thiram Positive Molar Grade,639,1039.0,0.00041463678915864134
G1_thiram_molar_grade,Thiram Positive Molar Grade,963,1363.0,0.00041343880976153595
G1_thiram_molar_grade,Thiram Positive Molar Grade,466,866.0,0.0004122058846944277
G1_thiram_molar_grade,Thiram Positive Molar Grade,1011,1411.0,0.00041074341667869614
G1_thiram_molar_grade,Thiram Positive Molar Grade,111,511.0,0.000409307440325871
G1_thiram_molar_grade,Thiram Positive Molar Grade,1015,1415.0,0.0004091897329004432
G1_thiram_molar_grade,Thiram Positive Molar Grade,282,682.0,0.00040883534947587204
G1_thiram_molar_grade,Thiram Positive Molar Grade,678,1078.0,0.00040883467314365053
G1_thiram_molar_grade,Thiram Positive Molar Grade,436,836.0,0.00040511283409448153
G1_thiram_molar_grade,Thiram Positive Molar Grade,951,1351.0,0.00040429177572815303
G1_thiram_molar_grade,Thiram Positive Molar Grade,918,1318.0,0.00040370377821609106
G1_thiram_molar_grade,Thiram Positive Molar Grade,53,453.0,0.0004030400734339194
G1_thiram_molar_grade,Thiram Positive Molar Grade,1341,1741.0,0.0004028747644588506
G1_thiram_molar_grade,Thiram Positive Molar Grade,316,716.0,0.00040245465108708
G1_thiram_molar_grade,Thiram Positive Molar Grade,934,1334.0,0.0004017656156097059
G1_thiram_molar_grade,Thiram Positive Molar Grade,897,1297.0,0.00040164401896679693
G1_thiram_molar_grade,Thiram Positive Molar Grade,858,1258.0,0.0004007349304421173
G1_thiram_molar_grade,Thiram Positive Molar Grade,1006,1406.0,0.00040012839900210683
G1_thiram_molar_grade,Thiram Positive Molar Grade,1399,1799.0,0.0003994792340207982
G1_thiram_molar_grade,Thiram Positive Molar Grade,767,1167.0,0.0003994158372098887
G1_thiram_molar_grade,Thiram Positive Molar Grade,660,1060.0,0.0003990531861711499
G1_thiram_molar_grade,Thiram Positive Molar Grade,416,816.0,0.0003989492496447916
G1_thiram_molar_grade,Thiram Positive Molar Grade,1042,1442.0,0.000398758055445297
G1_thiram_molar_grade,Thiram Positive Molar Grade,1178,1578.0,0.00039803576961338835
G1_thiram_molar_grade,Thiram Positive Molar Grade,1367,1767.0,0.00039723440951269117
G1_thiram_molar_grade,Thiram Positive Molar Grade,384,784.0,0.0003949097966486525
G1_thiram_molar_grade,Thiram Positive Molar Grade,823,1223.0,0.00039366612618223245
G1_thiram_molar_grade,Thiram Positive Molar Grade,1206,1606.0,0.0003934434897244521
G1_thiram_molar_grade,Thiram Positive Molar Grade,662,1062.0,0.00039280707959355956
G1_thiram_molar_grade,Thiram Positive Molar Grade,933,1333.0,0.00039270510706630973
G1_thiram_molar_grade,Thiram Positive Molar Grade,1024,1424.0,0.00039256047960772937
G1_thiram_molar_grade,Thiram Positive Molar Grade,1307,1707.0,0.000391726194847496
G1_thiram_molar_grade,Thiram Positive Molar Grade,1314,1714.0,0.00039019702488496573
G1_thiram_molar_grade,Thiram Positive Molar Grade,987,1387.0,0.0003887753839194802
G1_thiram_molar_grade,Thiram Positive Molar Grade,46,446.0,0.0003883276593600509
G1_thiram_molar_grade,Thiram Positive Molar Grade,322,722.0,0.0003876387864432262
G1_thiram_molar_grade,Thiram Positive Molar Grade,805,1205.0,0.0003872218284606043
G1_thiram_molar_grade,Thiram Positive Molar Grade,1354,1754.0,0.0003870618139086353
G1_thiram_molar_grade,Thiram Positive Molar Grade,985,1385.0,0.0003840148874153663
G1_thiram_molar_grade,Thiram Positive Molar Grade,3,403.0,0.0003839209782906052
G1_thiram_molar_grade,Thiram Positive Molar Grade,680,1080.0,0.00038309888836097746
G1_thiram_molar_grade,Thiram Positive Molar Grade,1150,1550.0,0.000382682046155497
G1_thiram_molar_grade,Thiram Positive Molar Grade,349,749.0,0.00038263901274172385
G1_thiram_molar_grade,Thiram Positive Molar Grade,920,1320.0,0.00038261012494202425
G1_thiram_molar_grade,Thiram Positive Molar Grade,1025,1425.0,0.0003823424446247082
G1_thiram_molar_grade,Thiram Positive Molar Grade,277,677.0,0.0003820117868852595
G1_thiram_molar_grade,Thiram Positive Molar Grade,102,502.0,0.0003817216182199081
G1_thiram_molar_grade,Thiram Positive Molar Grade,1016,1416.0,0.000380889978181205
G1_thiram_molar_grade,Thiram Positive Molar Grade,347,747.0,0.00038056982245585996
G1_thiram_molar_grade,Thiram Positive Molar Grade,98,498.0,0.0003802789620970314
G1_thiram_molar_grade,Thiram Positive Molar Grade,165,565.0,0.00038023377825480625
G1_thiram_molar_grade,Thiram Positive Molar Grade,958,1358.0,0.00038014935615728404
G1_thiram_molar_grade,Thiram Positive Molar Grade,808,1208.0,0.0003794211434416069
G1_thiram_molar_grade,Thiram Positive Molar Grade,1039,1439.0,0.0003785259418995153
G1_thiram_molar_grade,Thiram Positive Molar Grade,85,485.0,0.00037817002141568774
G1_thiram_molar_grade,Thiram Positive Molar Grade,698,1098.0,0.0003774210741788992
G1_thiram_molar_grade,Thiram Positive Molar Grade,550,950.0,0.00037641431811489596
G1_thiram_molar_grade,Thiram Positive Molar Grade,694,1094.0,0.0003763815744725622
G1_thiram_molar_grade,Thiram Positive Molar Grade,423,823.0,0.0003719412663202735
G1_thiram_molar_grade,Thiram Positive Molar Grade,806,1206.0,0.00037122384745970637
G1_thiram_molar_grade,Thiram Positive Molar Grade,336,736.0,0.0003710668328682335
G1_thiram_molar_grade,Thiram Positive Molar Grade,486,886.0,0.00037086558469836883
G1_thiram_molar_grade,Thiram Positive Molar Grade,451,851.0,0.0003693557246538657
G1_thiram_molar_grade,Thiram Positive Molar Grade,1274,1674.0,0.0003691225494074055
G1_thiram_molar_grade,Thiram Positive Molar Grade,1146,1546.0,0.00036895265286984486
G1_thiram_molar_grade,Thiram Positive Molar Grade,96,496.0,0.00036856350346640764
G1_thiram_molar_grade,Thiram Positive Molar Grade,1,401.0,0.00036724632060724193
G1_thiram_molar_grade,Thiram Positive Molar Grade,140,540.0,0.00036682722597042576
G1_thiram_molar_grade,Thiram Positive Molar Grade,1005,1405.0,0.00036614155764046495
G1_thiram_molar_grade,Thiram Positive Molar Grade,691,1091.0,0.0003661406073179878
G1_thiram_molar_grade,Thiram Positive Molar Grade,1169,1569.0,0.00036583880936968364
G1_thiram_molar_grade,Thiram Positive Molar Grade,1304,1704.0,0.00036515614370789525
G1_thiram_molar_grade,Thiram Positive Molar Grade,1232,1632.0,0.00036431952813511815
G1_thiram_molar_grade,Thiram Positive Molar Grade,1002,1402.0,0.0003639707378245532
G1_thiram_molar_grade,Thiram Positive Molar Grade,392,792.0,0.0003626667970460958
G1_thiram_molar_grade,Thiram Positive Molar Grade,341,741.0,0.0003615606885811815
G1_thiram_molar_grade,Thiram Positive Molar Grade,1147,1547.0,0.0003595591053200057
G1_thiram_molar_grade,Thiram Positive Molar Grade,124,524.0,0.0003594046752785402
G1_thiram_molar_grade,Thiram Positive Molar Grade,875,1275.0,0.00035867856679164587
G1_thiram_molar_grade,Thiram Positive Molar Grade,393,793.0,0.00035862097301852597
G1_thiram_molar_grade,Thiram Positive Molar Grade,386,786.0,0.00035691218260305163
G1_thiram_molar_grade,Thiram Positive Molar Grade,1289,1689.0,0.0003567415851823018
G1_thiram_molar_grade,Thiram Positive Molar Grade,1213,1613.0,0.0003566422431392869
G1_thiram_molar_grade,Thiram Positive Molar Grade,1045,1445.0,0.00035594118327040425
G1_thiram_molar_grade,Thiram Positive Molar Grade,4,404.0,0.0003548518097044601
G1_thiram_molar_grade,Thiram Positive Molar Grade,689,1089.0,0.0003547625592830174
G1_thiram_molar_grade,Thiram Positive Molar Grade,1226,1626.0,0.00035437160055290225
G1_thiram_molar_grade,Thiram Positive Molar Grade,932,1332.0,0.0003543379031401441
G1_thiram_molar_grade,Thiram Positive Molar Grade,730,1130.0,0.0003540187011364162
G1_thiram_molar_grade,Thiram Positive Molar Grade,112,512.0,0.00035383093416288845
G1_thiram_molar_grade,Thiram Positive Molar Grade,555,955.0,0.0003537645987271823
G1_thiram_molar_grade,Thiram Positive Molar Grade,797,1197.0,0.0003534706425266798
G1_thiram_molar_grade,Thiram Positive Molar Grade,10,410.0,0.00035245880043411335
G1_thiram_molar_grade,Thiram Positive Molar Grade,558,958.0,0.0003516829799847954
G1_thiram_molar_grade,Thiram Positive Molar Grade,627,1027.0,0.00035141419138404005
G1_thiram_molar_grade,Thiram Positive Molar Grade,173,573.0,0.0003510163502116846
G1_thiram_molar_grade,Thiram Positive Molar Grade,1141,1541.0,0.0003508500646117962
G1_thiram_molar_grade,Thiram Positive Molar Grade,420,820.0,0.00035019589517631505
G1_thiram_molar_grade,Thiram Positive Molar Grade,675,1075.0,0.00034935852981938533
G1_thiram_molar_grade,Thiram Positive Molar Grade,1060,1460.0,0.000348991596355573
G1_thiram_molar_grade,Thiram Positive Molar Grade,107,507.0,0.00034717233258879963
G1_thiram_molar_grade,Thiram Positive Molar Grade,998,1398.0,0.0003467771564759375
G1_thiram_molar_grade,Thiram Positive Molar Grade,458,858.0,0.000346022966072958
G1_thiram_molar_grade,Thiram Positive Molar Grade,445,845.0,0.0003459673634023894
G1_thiram_molar_grade,Thiram Positive Molar Grade,801,1201.0,0.00034594871700746214
G1_thiram_molar_grade,Thiram Positive Molar Grade,106,506.0,0.0003448547890782765
G1_thiram_molar_grade,Thiram Positive Molar Grade,753,1153.0,0.0003448444074112666
G1_thiram_molar_grade,Thiram Positive Molar Grade,862,1262.0,0.00034451346223373947
G1_thiram_molar_grade,Thiram Positive Molar Grade,275,675.0,0.0003438104228182303
G1_thiram_molar_grade,Thiram Positive Molar Grade,1046,1446.0,0.0003417071268289751
G1_thiram_molar_grade,Thiram Positive Molar Grade,1190,1590.0,0.00034146116433477034
G1_thiram_molar_grade,Thiram Positive Molar Grade,358,758.0,0.00034120109915832257
G1_thiram_molar_grade,Thiram Positive Molar Grade,1229,1629.0,0.00033672016668791964
G1_thiram_molar_grade,Thiram Positive Molar Grade,370,770.0,0.0003365371710452065
G1_thiram_molar_grade,Thiram Positive Molar Grade,90,490.0,0.00033588087610001593
G1_thiram_molar_grade,Thiram Positive Molar Grade,835,1235.0,0.000335817285726679
G1_thiram_molar_grade,Thiram Positive Molar Grade,1091,1491.0,0.0003352053080111598
G1_thiram_molar_grade,Thiram Positive Molar Grade,1007,1407.0,0.00033417084302498766
G1_thiram_molar_grade,Thiram Positive Molar Grade,459,859.0,0.00033397129847370714
G1_thiram_molar_grade,Thiram Positive Molar Grade,374,774.0,0.00033371830475860214
G1_thiram_molar_grade,Thiram Positive Molar Grade,913,1313.0,0.0003318595974096653
G1_thiram_molar_grade,Thiram Positive Molar Grade,346,746.0,0.0003317488768516547
G1_thiram_molar_grade,Thiram Positive Molar Grade,673,1073.0,0.00033050490056957737
G1_thiram_molar_grade,Thiram Positive Molar Grade,1328,1728.0,0.0003302719017558197
G1_thiram_molar_grade,Thiram Positive Molar Grade,52,452.0,0.0003297814664891685
G1_thiram_molar_grade,Thiram Positive Molar Grade,1219,1619.0,0.00032976854850632785
G1_thiram_molar_grade,Thiram Positive Molar Grade,513,913.0,0.00032973278866940626
G1_thiram_molar_grade,Thiram Positive Molar Grade,1017,1417.0,0.0003296896306279692
G1_thiram_molar_grade,Thiram Positive Molar Grade,1155,1555.0,0.0003285989770703896
G1_thiram_molar_grade,Thiram Positive Molar Grade,1186,1586.0,0.0003281232228391005
G1_thiram_molar_grade,Thiram Positive Molar Grade,1203,1603.0,0.0003268223894532126
G1_thiram_molar_grade,Thiram Positive Molar Grade,116,516.0,0.0003268046266185772
G1_thiram_molar_grade,Thiram Positive Molar Grade,1264,1664.0,0.0003263125544706535
G1_thiram_molar_grade,Thiram Positive Molar Grade,880,1280.0,0.0003250056123021161
G1_thiram_molar_grade,Thiram Positive Molar Grade,821,1221.0,0.000324656310512076
G1_thiram_molar_grade,Thiram Positive Molar Grade,1353,1753.0,0.0003227414290116161
G1_thiram_molar_grade,Thiram Positive Molar Grade,961,1361.0,0.00032256288826814625
G1_thiram_molar_grade,Thiram Positive Molar Grade,566,966.0,0.00032253247350817526
G1_thiram_molar_grade,Thiram Positive Molar Grade,118,518.0,0.00032160644997980136
G1_thiram_molar_grade,Thiram Positive Molar Grade,1297,1697.0,0.000321547461090777
G1_thiram_molar_grade,Thiram Positive Molar Grade,959,1359.0,0.0003214691750361247
G1_thiram_molar_grade,Thiram Positive Molar Grade,1262,1662.0,0.0003194529201050146
G1_thiram_molar_grade,Thiram Positive Molar Grade,1181,1581.0,0.00031924807657202303
G1_thiram_molar_grade,Thiram Positive Molar Grade,528,928.0,0.0003189160618453285
G1_thiram_molar_grade,Thiram Positive Molar Grade,1342,1742.0,0.0003187284789992674
G1_thiram_molar_grade,Thiram Positive Molar Grade,1168,1568.0,0.00031810593907724365
G1_thiram_molar_grade,Thiram Positive Molar Grade,560,960.0,0.0003177498779519762
G1_thiram_molar_grade,Thiram Positive Molar Grade,1012,1412.0,0.00031773199693629526
G1_thiram_molar_grade,Thiram Positive Molar Grade,664,1064.0,0.0003174819509312851
G1_thiram_molar_grade,Thiram Positive Molar Grade,29,429.0,0.0003174130656491154
G1_thiram_molar_grade,Thiram Positive Molar Grade,1167,1567.0,0.00031738220281913286
G1_thiram_molar_grade,Thiram Positive Molar Grade,266,666.0,0.0003171261220302203
G1_thiram_molar_grade,Thiram Positive Molar Grade,1022,1422.0,0.00031662171577400214
G1_thiram_molar_grade,Thiram Positive Molar Grade,1319,1719.0,0.00031563559458413614
G1_thiram_molar_grade,Thiram Positive Molar Grade,1299,1699.0,0.00031516601329120914
G1_thiram_molar_grade,Thiram Positive Molar Grade,892,1292.0,0.00031488255321972697
G1_thiram_molar_grade,Thiram Positive Molar Grade,952,1352.0,0.00031487650778581054
G1_thiram_molar_grade,Thiram Positive Molar Grade,382,782.0,0.000314371640605462
G1_thiram_molar_grade,Thiram Positive Molar Grade,708,1108.0,0.0003142993124553438
G1_thiram_molar_grade,Thiram Positive Molar Grade,988,1388.0,0.0003140650566298295
G1_thiram_molar_grade,Thiram Positive Molar Grade,616,1016.0,0.0003138013594159988
G1_thiram_molar_grade,Thiram Positive Molar Grade,443,843.0,0.0003134959896269599
G1_thiram_molar_grade,Thiram Positive Molar Grade,1010,1410.0,0.0003131340497276376
G1_thiram_molar_grade,Thiram Positive Molar Grade,866,1266.0,0.0003127606338333066
G1_thiram_molar_grade,Thiram Positive Molar Grade,1287,1687.0,0.00031216768854444446
G1_thiram_molar_grade,Thiram Positive Molar Grade,308,708.0,0.00031150813151831875
G1_thiram_molar_grade,Thiram Positive Molar Grade,152,552.0,0.0003114103649576752
G1_thiram_molar_grade,Thiram Positive Molar Grade,1228,1628.0,0.0003106984620237643
G1_thiram_molar_grade,Thiram Positive Molar Grade,1214,1614.0,0.00031049077821908506
G1_thiram_molar_grade,Thiram Positive Molar Grade,1337,1737.0,0.0003100007912881385
G1_thiram_molar_grade,Thiram Positive Molar Grade,377,777.0,0.0003097581571934014
G1_thiram_molar_grade,Thiram Positive Molar Grade,284,684.0,0.0003088346306062831
G1_thiram_molar_grade,Thiram Positive Molar Grade,1351,1751.0,0.0003075872310244344
G1_thiram_molar_grade,Thiram Positive Molar Grade,344,744.0,0.00030570699969587777
G1_thiram_molar_grade,Thiram Positive Molar Grade,301,701.0,0.0003041391536501926
G1_thiram_molar_grade,Thiram Positive Molar Grade,170,570.0,0.0003033484102825007
G1_thiram_molar_grade,Thiram Positive Molar Grade,127,527.0,0.00030256312302370765
G1_thiram_molar_grade,Thiram Positive Molar Grade,686,1086.0,0.0003016575277499998
G1_thiram_molar_grade,Thiram Positive Molar Grade,919,1319.0,0.00030162242628948183
G1_thiram_molar_grade,Thiram Positive Molar Grade,1139,1539.0,0.0003016109182043521
G1_thiram_molar_grade,Thiram Positive Molar Grade,615,1015.0,0.00030128580580789175
G1_thiram_molar_grade,Thiram Positive Molar Grade,481,881.0,0.00030103584974292024
G1_thiram_molar_grade,Thiram Positive Molar Grade,602,1002.0,0.00030102592275557883
G1_thiram_molar_grade,Thiram Positive Molar Grade,1176,1576.0,0.000301016153162485
G1_thiram_molar_grade,Thiram Positive Molar Grade,178,578.0,0.0003007725484571787
G1_thiram_molar_grade,Thiram Positive Molar Grade,245,645.0,0.0003003239998406201
G1_thiram_molar_grade,Thiram Positive Molar Grade,345,745.0,0.00029902253973997724
G1_thiram_molar_grade,Thiram Positive Molar Grade,303,703.0,0.0002989987347645997
G1_thiram_molar_grade,Thiram Positive Molar Grade,1023,1423.0,0.00029898069139332217
G1_thiram_molar_grade,Thiram Positive Molar Grade,1065,1465.0,0.0002987176337593293
G1_thiram_molar_grade,Thiram Positive Molar Grade,765,1165.0,0.00029859091503724514
G1_thiram_molar_grade,Thiram Positive Molar Grade,375,775.0,0.0002982197753331259
G1_thiram_molar_grade,Thiram Positive Molar Grade,376,776.0,0.00029782491137604253
G1_thiram_molar_grade,Thiram Positive Molar Grade,1332,1732.0,0.00029768293307462225
G1_thiram_molar_grade,Thiram Positive Molar Grade,859,1259.0,0.00029747569359900246
G1_thiram_molar_grade,Thiram Positive Molar Grade,1288,1688.0,0.00029728220246772434
G1_thiram_molar_grade,Thiram Positive Molar Grade,286,686.0,0.00029639595484676803
G1_thiram_molar_grade,Thiram Positive Molar Grade,888,1288.0,0.0002963550681590003
G1_thiram_molar_grade,Thiram Positive Molar Grade,748,1148.0,0.00029595433174650317
G1_thiram_molar_grade,Thiram Positive Molar Grade,1043,1443.0,0.00029582922237357084
G1_thiram_molar_grade,Thiram Positive Molar Grade,1294,1694.0,0.00029470100430985886
G1_thiram_molar_grade,Thiram Positive Molar Grade,1151,1551.0,0.00029456967544075986
G1_thiram_molar_grade,Thiram Positive Molar Grade,1069,1469.0,0.00029376057707408796
G1_thiram_molar_grade,Thiram Positive Molar Grade,861,1261.0,0.0002931306773559939
G1_thiram_molar_grade,Thiram Positive Molar Grade,380,780.0,0.000291865579672252
G1_thiram_molar_grade,Thiram Positive Molar Grade,1156,1556.0,0.0002918404168276506
G1_thiram_molar_grade,Thiram Positive Molar Grade,910,1310.0,0.00029127222916537865
G1_thiram_molar_grade,Thiram Positive Molar Grade,216,616.0,0.00029038181903531617
G1_thiram_molar_grade,Thiram Positive Molar Grade,644,1044.0,0.00029037535592312935
G1_thiram_molar_grade,Thiram Positive Molar Grade,288,688.0,0.00029022385055055115
G1_thiram_molar_grade,Thiram Positive Molar Grade,415,815.0,0.0002901647997754641
G1_thiram_molar_grade,Thiram Positive Molar Grade,657,1057.0,0.00028972237107880057
G1_thiram_molar_grade,Thiram Positive Molar Grade,1160,1560.0,0.0002891378138587929
G1_thiram_molar_grade,Thiram Positive Molar Grade,1348,1748.0,0.0002890834578507582
G1_thiram_molar_grade,Thiram Positive Molar Grade,1201,1601.0,0.00028867201085906524
G1_thiram_molar_grade,Thiram Positive Molar Grade,1159,1559.0,0.0002885239612367122
G1_thiram_molar_grade,Thiram Positive Molar Grade,720,1120.0,0.00028765901200201186
G1_thiram_molar_grade,Thiram Positive Molar Grade,1265,1665.0,0.0002876486304776772
G1_thiram_molar_grade,Thiram Positive Molar Grade,1312,1712.0,0.00028712473034481076
G1_thiram_molar_grade,Thiram Positive Molar Grade,1180,1580.0,0.0002862114421430062
G1_thiram_molar_grade,Thiram Positive Molar Grade,215,615.0,0.00028589176997277573
G1_thiram_molar_grade,Thiram Positive Molar Grade,1212,1612.0,0.0002856609738132016
G1_thiram_molar_grade,Thiram Positive Molar Grade,774,1174.0,0.00028505008335290576
G1_thiram_molar_grade,Thiram Positive Molar Grade,768,1168.0,0.00028487645898937373
G1_thiram_molar_grade,Thiram Positive Molar Grade,461,861.0,0.00028439862714937523
G1_thiram_molar_grade,Thiram Positive Molar Grade,583,983.0,0.00028356838447726144
G1_thiram_molar_grade,Thiram Positive Molar Grade,955,1355.0,0.0002827039236807585
G1_thiram_molar_grade,Thiram Positive Molar Grade,1068,1468.0,0.0002823230699892604
G1_thiram_molar_grade,Thiram Positive Molar Grade,228,628.0,0.00028227449133620843
G1_thiram_molar_grade,Thiram Positive Molar Grade,950,1350.0,0.00028213407634902646
G1_thiram_molar_grade,Thiram Positive Molar Grade,904,1304.0,0.00028200595460556267
G1_thiram_molar_grade,Thiram Positive Molar Grade,285,685.0,0.0002809895208407723
G1_thiram_molar_grade,Thiram Positive Molar Grade,1303,1703.0,0.0002809557898862376
G1_thiram_molar_grade,Thiram Positive Molar Grade,956,1356.0,0.00028093635546897226
G1_thiram_molar_grade,Thiram Positive Molar Grade,1362,1762.0,0.0002807942280918366
G1_thiram_molar_grade,Thiram Positive Molar Grade,267,667.0,0.00028025138140419937
G1_thiram_molar_grade,Thiram Positive Molar Grade,265,665.0,0.000280096487521977
G1_thiram_molar_grade,Thiram Positive Molar Grade,371,771.0,0.00027910610338113134
G1_thiram_molar_grade,Thiram Positive Molar Grade,656,1056.0,0.0002774233325927287
G1_thiram_molar_grade,Thiram Positive Molar Grade,359,759.0,0.0002763230292474875
G1_thiram_molar_grade,Thiram Positive Molar Grade,905,1305.0,0.0002760302059316567
G1_thiram_molar_grade,Thiram Positive Molar Grade,131,531.0,0.0002757960712896776
G1_thiram_molar_grade,Thiram Positive Molar Grade,510,910.0,0.00027553409698869986
G1_thiram_molar_grade,Thiram Positive Molar Grade,311,711.0,0.0002749865271604022
G1_thiram_molar_grade,Thiram Positive Molar Grade,876,1276.0,0.0002746784006045462
G1_thiram_molar_grade,Thiram Positive Molar Grade,149,549.0,0.00027427749592422016
G1_thiram_molar_grade,Thiram Positive Molar Grade,655,1055.0,0.00027396950946153713
G1_thiram_molar_grade,Thiram Positive Molar Grade,681,1081.0,0.0002736130628628757
G1_thiram_molar_grade,Thiram Positive Molar Grade,1000,1400.0,0.0002734077205297756
G1_thiram_molar_grade,Thiram Positive Molar Grade,1324,1724.0,0.0002732760854000386
G1_thiram_molar_grade,Thiram Positive Molar Grade,990,1390.0,0.0002729914518112487
G1_thiram_molar_grade,Thiram Positive Molar Grade,422,822.0,0.00027269078614211394
G1_thiram_molar_grade,Thiram Positive Molar Grade,1148,1548.0,0.0002723654273280659
G1_thiram_molar_grade,Thiram Positive Molar Grade,133,533.0,0.00027187913822622484
G1_thiram_molar_grade,Thiram Positive Molar Grade,1196,1596.0,0.00027118387389520455
G1_thiram_molar_grade,Thiram Positive Molar Grade,962,1362.0,0.0002711540183826208
G1_thiram_molar_grade,Thiram Positive Molar Grade,613,1013.0,0.0002711170623410006
G1_thiram_molar_grade,Thiram Positive Molar Grade,291,691.0,0.00027038067329113587
G1_thiram_molar_grade,Thiram Positive Molar Grade,1268,1668.0,0.0002694171734135738
G1_thiram_molar_grade,Thiram Positive Molar Grade,684,1084.0,0.0002686305795644229
G1_thiram_molar_grade,Thiram Positive Molar Grade,804,1204.0,0.0002684116757945203
G1_thiram_molar_grade,Thiram Positive Molar Grade,649,1049.0,0.00026827705601942394
G1_thiram_molar_grade,Thiram Positive Molar Grade,1067,1467.0,0.00026707641355313866
G1_thiram_molar_grade,Thiram Positive Molar Grade,1279,1679.0,0.0002666347178177765
G1_thiram_molar_grade,Thiram Positive Molar Grade,1054,1454.0,0.000266470113674241
G1_thiram_molar_grade,Thiram Positive Molar Grade,1020,1420.0,0.0002662139503300414
G1_thiram_molar_grade,Thiram Positive Molar Grade,437,837.0,0.0002659991742850426
G1_thiram_molar_grade,Thiram Positive Molar Grade,882,1282.0,0.0002658457877324125
G1_thiram_molar_grade,Thiram Positive Molar Grade,1121,1521.0,0.00026580858589125546
G1_thiram_molar_grade,Thiram Positive Molar Grade,130,530.0,0.0002654701474259871
G1_thiram_molar_grade,Thiram Positive Molar Grade,989,1389.0,0.0002645279984210616
G1_thiram_molar_grade,Thiram Positive Molar Grade,70,470.0,0.0002632598177607064
G1_thiram_molar_grade,Thiram Positive Molar Grade,886,1286.0,0.0002629422982419429
G1_thiram_molar_grade,Thiram Positive Molar Grade,925,1325.0,0.00026243415606164085
G1_thiram_molar_grade,Thiram Positive Molar Grade,643,1043.0,0.0002623137377671507
G1_thiram_molar_grade,Thiram Positive Molar Grade,634,1034.0,0.0002621543693939139
G1_thiram_molar_grade,Thiram Positive Molar Grade,511,911.0,0.0002617476694424451
G1_thiram_molar_grade,Thiram Positive Molar Grade,545,945.0,0.00026142100629625634
G1_thiram_molar_grade,Thiram Positive Molar Grade,867,1267.0,0.0002599759591798556
G1_thiram_molar_grade,Thiram Positive Molar Grade,795,1195.0,0.0002598888566532609
G1_thiram_molar_grade,Thiram Positive Molar Grade,704,1104.0,0.0002585642597588259
G1_thiram_molar_grade,Thiram Positive Molar Grade,367,767.0,0.00025785109838070226
G1_thiram_molar_grade,Thiram Positive Molar Grade,141,541.0,0.00025757418326465556
G1_thiram_molar_grade,Thiram Positive Molar Grade,1050,1450.0,0.00025619896883582874
G1_thiram_molar_grade,Thiram Positive Molar Grade,1216,1616.0,0.00025571329157020686
G1_thiram_molar_grade,Thiram Positive Molar Grade,665,1065.0,0.0002556447758577127
G1_thiram_molar_grade,Thiram Positive Molar Grade,700,1100.0,0.00025564038011350584
G1_thiram_molar_grade,Thiram Positive Molar Grade,939,1339.0,0.00025563260300757497
G1_thiram_molar_grade,Thiram Positive Molar Grade,800,1200.0,0.00025553426731602925
G1_thiram_molar_grade,Thiram Positive Molar Grade,109,509.0,0.00025428810939709097
G1_thiram_molar_grade,Thiram Positive Molar Grade,908,1308.0,0.00025418195920972903
G1_thiram_molar_grade,Thiram Positive Molar Grade,863,1263.0,0.00025378763334145865
G1_thiram_molar_grade,Thiram Positive Molar Grade,337,737.0,0.0002533698784136346
G1_thiram_molar_grade,Thiram Positive Molar Grade,782,1182.0,0.00025334071212792603
G1_thiram_molar_grade,Thiram Positive Molar Grade,1357,1757.0,0.00025316101472332896
G1_thiram_molar_grade,Thiram Positive Molar Grade,938,1338.0,0.00025243009922648575
G1_thiram_molar_grade,Thiram Positive Molar Grade,439,839.0,0.0002523099459335071
G1_thiram_molar_grade,Thiram Positive Molar Grade,453,853.0,0.0002522784924637917
G1_thiram_molar_grade,Thiram Positive Molar Grade,430,830.0,0.0002521104035494984
G1_thiram_molar_grade,Thiram Positive Molar Grade,1058,1458.0,0.0002519575598364287
G1_thiram_molar_grade,Thiram Positive Molar Grade,752,1152.0,0.0002512904228278417
G1_thiram_molar_grade,Thiram Positive Molar Grade,614,1014.0,0.0002497623778062548
G1_thiram_molar_grade,Thiram Positive Molar Grade,147,547.0,0.0002480131589278848
G1_thiram_molar_grade,Thiram Positive Molar Grade,761,1161.0,0.00024785194029505064
G1_thiram_molar_grade,Thiram Positive Molar Grade,19,419.0,0.00024734919989516006
G1_thiram_molar_grade,Thiram Positive Molar Grade,442,842.0,0.00024595901835832156
G1_thiram_molar_grade,Thiram Positive Molar Grade,551,951.0,0.00024589597568728806
G1_thiram_molar_grade,Thiram Positive Molar Grade,95,495.0,0.000245638965938332
G1_thiram_molar_grade,Thiram Positive Molar Grade,902,1302.0,0.0002452958363216194
G1_thiram_molar_grade,Thiram Positive Molar Grade,105,505.0,0.00024496370562805735
G1_thiram_molar_grade,Thiram Positive Molar Grade,1199,1599.0,0.0002447501620951071
G1_thiram_molar_grade,Thiram Positive Molar Grade,1158,1558.0,0.0002432214474452903
G1_thiram_molar_grade,Thiram Positive Molar Grade,1195,1595.0,0.00024302513370218592
G1_thiram_molar_grade,Thiram Positive Molar Grade,1242,1642.0,0.00024248668847956674
G1_thiram_molar_grade,Thiram Positive Molar Grade,1270,1670.0,0.0002424234873205226
G1_thiram_molar_grade,Thiram Positive Molar Grade,97,497.0,0.00024206510570260134
G1_thiram_molar_grade,Thiram Positive Molar Grade,1282,1682.0,0.0002415047769671496
G1_thiram_molar_grade,Thiram Positive Molar Grade,717,1117.0,0.0002412767716925659
G1_thiram_molar_grade,Thiram Positive Molar Grade,128,528.0,0.0002406388852279565
G1_thiram_molar_grade,Thiram Positive Molar Grade,1029,1429.0,0.00023972758878750344
G1_thiram_molar_grade,Thiram Positive Molar Grade,429,829.0,0.00023959361395596736
G1_thiram_molar_grade,Thiram Positive Molar Grade,898,1298.0,0.0002394764546222415
G1_thiram_molar_grade,Thiram Positive Molar Grade,253,653.0,0.00023896738899628386
G1_thiram_molar_grade,Thiram Positive Molar Grade,1250,1650.0,0.00023879266180730564
G1_thiram_molar_grade,Thiram Positive Molar Grade,43,443.0,0.0002387764086320395
G1_thiram_molar_grade,Thiram Positive Molar Grade,1396,1796.0,0.00023809000750817848
G1_thiram_molar_grade,Thiram Positive Molar Grade,1356,1756.0,0.00023787101117774353
G1_thiram_molar_grade,Thiram Positive Molar Grade,331,731.0,0.00023778976954288986
G1_thiram_molar_grade,Thiram Positive Molar Grade,881,1281.0,0.0002372544732249681
G1_thiram_molar_grade,Thiram Positive Molar Grade,493,893.0,0.00023710684635629592
G1_thiram_molar_grade,Thiram Positive Molar Grade,18,418.0,0.00023702431636058686
G1_thiram_molar_grade,Thiram Positive Molar Grade,1298,1698.0,0.00023662915355654527
G1_thiram_molar_grade,Thiram Positive Molar Grade,169,569.0,0.0002364899865226913
G1_thiram_molar_grade,Thiram Positive Molar Grade,1239,1639.0,0.00023617439288211824
G1_thiram_molar_grade,Thiram Positive Molar Grade,645,1045.0,0.00023601853797453995
G1_thiram_molar_grade,Thiram Positive Molar Grade,1077,1477.0,0.00023574551971163713
G1_thiram_molar_grade,Thiram Positive Molar Grade,719,1119.0,0.0002348117637389819
G1_thiram_molar_grade,Thiram Positive Molar Grade,20,420.0,0.00023404562002535931
G1_thiram_molar_grade,Thiram Positive Molar Grade,815,1215.0,0.0002336680916806206
G1_thiram_molar_grade,Thiram Positive Molar Grade,1184,1584.0,0.0002330429400182208
G1_thiram_molar_grade,Thiram Positive Molar Grade,168,568.0,0.0002329289279883516
G1_thiram_molar_grade,Thiram Positive Molar Grade,6,406.0,0.0002326844898673402
G1_thiram_molar_grade,Thiram Positive Molar Grade,1310,1710.0,0.00023267540216266434
G1_thiram_molar_grade,Thiram Positive Molar Grade,612,1012.0,0.00023247410988722905
G1_thiram_molar_grade,Thiram Positive Molar Grade,1385,1785.0,0.00023217965052091546
G1_thiram_molar_grade,Thiram Positive Molar Grade,368,768.0,0.00023216917328287048
G1_thiram_molar_grade,Thiram Positive Molar Grade,492,892.0,0.0002315487736668186
G1_thiram_molar_grade,Thiram Positive Molar Grade,1209,1609.0,0.0002308982320107382
G1_thiram_molar_grade,Thiram Positive Molar Grade,884,1284.0,0.00023086063309627012
G1_thiram_molar_grade,Thiram Positive Molar Grade,787,1187.0,0.00023052430380075375
G1_thiram_molar_grade,Thiram Positive Molar Grade,1179,1579.0,0.0002293134645935006
G1_thiram_molar_grade,Thiram Positive Molar Grade,87,487.0,0.00022906457742238152
G1_thiram_molar_grade,Thiram Positive Molar Grade,188,588.0,0.00022905190574541845
G1_thiram_molar_grade,Thiram Positive Molar Grade,464,864.0,0.00022855614058599154
G1_thiram_molar_grade,Thiram Positive Molar Grade,907,1307.0,0.00022852157870507526
G1_thiram_molar_grade,Thiram Positive Molar Grade,448,848.0,0.00022847050779308271
G1_thiram_molar_grade,Thiram Positive Molar Grade,305,705.0,0.00022814287029207874
G1_thiram_molar_grade,Thiram Positive Molar Grade,630,1030.0,0.00022813679608194498
G1_thiram_molar_grade,Thiram Positive Molar Grade,378,778.0,0.00022781037004045602
G1_thiram_molar_grade,Thiram Positive Molar Grade,217,617.0,0.00022766234391578642
G1_thiram_molar_grade,Thiram Positive Molar Grade,824,1224.0,0.0002269619885846027
G1_thiram_molar_grade,Thiram Positive Molar Grade,872,1272.0,0.00022637893303933802
G1_thiram_molar_grade,Thiram Positive Molar Grade,636,1036.0,0.00022637870142718327
G1_thiram_molar_grade,Thiram Positive Molar Grade,184,584.0,0.000226113801744722
G1_thiram_molar_grade,Thiram Positive Molar Grade,249,649.0,0.0002260941040667065
G1_thiram_molar_grade,Thiram Positive Molar Grade,586,986.0,0.0002259751488829623
G1_thiram_molar_grade,Thiram Positive Molar Grade,1366,1766.0,0.00022544906166165036
G1_thiram_molar_grade,Thiram Positive Molar Grade,1066,1466.0,0.0002251965217516699
G1_thiram_molar_grade,Thiram Positive Molar Grade,185,585.0,0.00022503145224763305
G1_thiram_molar_grade,Thiram Positive Molar Grade,663,1063.0,0.00022494587634045915
G1_thiram_molar_grade,Thiram Positive Molar Grade,1383,1783.0,0.00022208368927883722
G1_thiram_molar_grade,Thiram Positive Molar Grade,997,1397.0,0.00022088536381636322
G1_thiram_molar_grade,Thiram Positive Molar Grade,134,534.0,0.00022049709214399084
G1_thiram_molar_grade,Thiram Positive Molar Grade,432,832.0,0.00022024491763775428
G1_thiram_molar_grade,Thiram Positive Molar Grade,0,400.0,0.00022002382925086168
G1_thiram_molar_grade,Thiram Positive Molar Grade,874,1274.0,0.00021954605979822132
G1_thiram_molar_grade,Thiram Positive Molar Grade,1154,1554.0,0.00021949809077173916
G1_thiram_molar_grade,Thiram Positive Molar Grade,1075,1475.0,0.0002193963984190163
G1_thiram_molar_grade,Thiram Positive Molar Grade,339,739.0,0.0002192094806252551
G1_thiram_molar_grade,Thiram Positive Molar Grade,7,407.0,0.00021840158217108053
G1_thiram_molar_grade,Thiram Positive Molar Grade,1259,1659.0,0.00021829358377845295
G1_thiram_molar_grade,Thiram Positive Molar Grade,716,1116.0,0.00021805502759140405
G1_thiram_molar_grade,Thiram Positive Molar Grade,360,760.0,0.00021786515593647334
G1_thiram_molar_grade,Thiram Positive Molar Grade,822,1222.0,0.00021772641201171366
G1_thiram_molar_grade,Thiram Positive Molar Grade,766,1166.0,0.00021736309950910236
G1_thiram_molar_grade,Thiram Positive Molar Grade,677,1077.0,0.0002172131101922677
G1_thiram_molar_grade,Thiram Positive Molar Grade,5,405.0,0.00021657024623893665
G1_thiram_molar_grade,Thiram Positive Molar Grade,1260,1660.0,0.00021586391917526246
G1_thiram_molar_grade,Thiram Positive Molar Grade,608,1008.0,0.0002158044527278648
G1_thiram_molar_grade,Thiram Positive Molar Grade,356,756.0,0.00021561551410246823
G1_thiram_molar_grade,Thiram Positive Molar Grade,244,644.0,0.00021496979129096935
G1_thiram_molar_grade,Thiram Positive Molar Grade,923,1323.0,0.00021485865809555446
G1_thiram_molar_grade,Thiram Positive Molar Grade,1222,1622.0,0.00021458578354890717
G1_thiram_molar_grade,Thiram Positive Molar Grade,1285,1685.0,0.00021434255482819897
G1_thiram_molar_grade,Thiram Positive Molar Grade,842,1242.0,0.00021423715841970708
G1_thiram_molar_grade,Thiram Positive Molar Grade,1009,1409.0,0.0002140339098725862
G1_thiram_molar_grade,Thiram Positive Molar Grade,667,1067.0,0.00021376588507511965
G1_thiram_molar_grade,Thiram Positive Molar Grade,596,996.0,0.0002131131446821201
G1_thiram_molar_grade,Thiram Positive Molar Grade,1327,1727.0,0.00021300809926792804
G1_thiram_molar_grade,Thiram Positive Molar Grade,55,455.0,0.00021288924717358977
G1_thiram_molar_grade,Thiram Positive Molar Grade,896,1296.0,0.0002123937787574185
G1_thiram_molar_grade,Thiram Positive Molar Grade,462,862.0,0.00021212440049937336
G1_thiram_molar_grade,Thiram Positive Molar Grade,99,499.0,0.00021192445568730302
G1_thiram_molar_grade,Thiram Positive Molar Grade,1237,1637.0,0.00021177966271211676
G1_thiram_molar_grade,Thiram Positive Molar Grade,465,865.0,0.00021175522419342578
G1_thiram_molar_grade,Thiram Positive Molar Grade,516,916.0,0.0002111936787969494
G1_thiram_molar_grade,Thiram Positive Molar Grade,91,491.0,0.00021114390262254757
G1_thiram_molar_grade,Thiram Positive Molar Grade,885,1285.0,0.0002109250419740333
G1_thiram_molar_grade,Thiram Positive Molar Grade,683,1083.0,0.0002106870434790928
G1_thiram_molar_grade,Thiram Positive Molar Grade,595,995.0,0.00021035847337075046
G1_thiram_molar_grade,Thiram Positive Molar Grade,600,1000.0,0.00020983921294514767
G1_thiram_molar_grade,Thiram Positive Molar Grade,1183,1583.0,0.00020926312811975602
G1_thiram_molar_grade,Thiram Positive Molar Grade,706,1106.0,0.00020926183396541422
G1_thiram_molar_grade,Thiram Positive Molar Grade,86,486.0,0.0002086055686747145
G1_thiram_molar_grade,Thiram Positive Molar Grade,1358,1758.0,0.00020843371835783408
G1_thiram_molar_grade,Thiram Positive Molar Grade,571,971.0,0.00020827477280624333
G1_thiram_molar_grade,Thiram Positive Molar Grade,1193,1593.0,0.000207937827835636
G1_thiram_molar_grade,Thiram Positive Molar Grade,1323,1723.0,0.00020785940675441259
G1_thiram_molar_grade,Thiram Positive Molar Grade,633,1033.0,0.00020763468176124994
G1_thiram_molar_grade,Thiram Positive Molar Grade,509,909.0,0.000207137007044122
G1_thiram_molar_grade,Thiram Positive Molar Grade,818,1218.0,0.000206700769808745
G1_thiram_molar_grade,Thiram Positive Molar Grade,1372,1772.0,0.00020628979457499018
G1_thiram_molar_grade,Thiram Positive Molar Grade,268,668.0,0.00020617890908677713
G1_thiram_molar_grade,Thiram Positive Molar Grade,652,1052.0,0.00020602919644128998
G1_thiram_molar_grade,Thiram Positive Molar Grade,307,707.0,0.00020590736460024566
G1_thiram_molar_grade,Thiram Positive Molar Grade,1157,1557.0,0.00020460509472945533
G1_thiram_molar_grade,Thiram Positive Molar Grade,789,1189.0,0.00020459947175276318
G1_thiram_molar_grade,Thiram Positive Molar Grade,328,728.0,0.00020353664614322772
G1_thiram_molar_grade,Thiram Positive Molar Grade,143,543.0,0.0002034061888526446
G1_thiram_molar_grade,Thiram Positive Molar Grade,701,1101.0,0.00020321079461865435
G1_thiram_molar_grade,Thiram Positive Molar Grade,167,567.0,0.00020310577134669238
G1_thiram_molar_grade,Thiram Positive Molar Grade,854,1254.0,0.00020300150627763122
G1_thiram_molar_grade,Thiram Positive Molar Grade,893,1293.0,0.00020286047256057535
G1_thiram_molar_grade,Thiram Positive Molar Grade,771,1171.0,0.00020273588745535964
G1_thiram_molar_grade,Thiram Positive Molar Grade,219,619.0,0.0002025003650216077
G1_thiram_molar_grade,Thiram Positive Molar Grade,1078,1478.0,0.00020215995706060087
G1_thiram_molar_grade,Thiram Positive Molar Grade,1395,1795.0,0.00020177650195930575
G1_thiram_molar_grade,Thiram Positive Molar Grade,229,629.0,0.00020161883218374166
G1_thiram_molar_grade,Thiram Positive Molar Grade,212,612.0,0.00020131154363827377
G1_thiram_molar_grade,Thiram Positive Molar Grade,171,571.0,0.00020107203996196066
G1_thiram_molar_grade,Thiram Positive Molar Grade,199,599.0,0.00020091350549877998
G1_thiram_molar_grade,Thiram Positive Molar Grade,1290,1690.0,0.00020027879744013413
G1_thiram_molar_grade,Thiram Positive Molar Grade,514,914.0,0.00020026464214728355
G1_thiram_molar_grade,Thiram Positive Molar Grade,1240,1640.0,0.00019985456622548554
G1_thiram_molar_grade,Thiram Positive Molar Grade,964,1364.0,0.00019936111111096538
G1_thiram_molar_grade,Thiram Positive Molar Grade,387,787.0,0.0001989634561859144
G1_thiram_molar_grade,Thiram Positive Molar Grade,425,825.0,0.00019895616137972992
G1_thiram_molar_grade,Thiram Positive Molar Grade,604,1004.0,0.00019844692986104755
G1_thiram_molar_grade,Thiram Positive Molar Grade,1393,1793.0,0.0001979310821410014
G1_thiram_molar_grade,Thiram Positive Molar Grade,799,1199.0,0.00019762387597186394
G1_thiram_molar_grade,Thiram Positive Molar Grade,129,529.0,0.00019760339279886583
G1_thiram_molar_grade,Thiram Positive Molar Grade,104,504.0,0.0001972567481437809
G1_thiram_molar_grade,Thiram Positive Molar Grade,1208,1608.0,0.0001972457349004747
G1_thiram_molar_grade,Thiram Positive Molar Grade,850,1250.0,0.00019685668702699985
G1_thiram_molar_grade,Thiram Positive Molar Grade,659,1059.0,0.00019643782732502982
G1_thiram_molar_grade,Thiram Positive Molar Grade,1057,1457.0,0.000196340713968405
G1_thiram_molar_grade,Thiram Positive Molar Grade,434,834.0,0.00019603302894592522
G1_thiram_molar_grade,Thiram Positive Molar Grade,883,1283.0,0.0001950130123782167
G1_thiram_molar_grade,Thiram Positive Molar Grade,1166,1566.0,0.00019411615898370216
G1_thiram_molar_grade,Thiram Positive Molar Grade,922,1322.0,0.00019394391394282056
G1_thiram_molar_grade,Thiram Positive Molar Grade,497,897.0,0.00019391298004922469
G1_thiram_molar_grade,Thiram Positive Molar Grade,460,860.0,0.00019351560658481534
G1_thiram_molar_grade,Thiram Positive Molar Grade,1152,1552.0,0.00019290236828586803
G1_thiram_molar_grade,Thiram Positive Molar Grade,207,607.0,0.00019227869849812205
G1_thiram_molar_grade,Thiram Positive Molar Grade,361,761.0,0.00019163366902286486
G1_thiram_molar_grade,Thiram Positive Molar Grade,781,1181.0,0.00019151443023227412
G1_thiram_molar_grade,Thiram Positive Molar Grade,388,788.0,0.00019131548103445314
G1_thiram_molar_grade,Thiram Positive Molar Grade,1302,1702.0,0.00019119108277291532
G1_thiram_molar_grade,Thiram Positive Molar Grade,419,819.0,0.00019034154871405234
G1_thiram_molar_grade,Thiram Positive Molar Grade,1375,1775.0,0.00018988998946770062
G1_thiram_molar_grade,Thiram Positive Molar Grade,22,422.0,0.0001895057788114955
G1_thiram_molar_grade,Thiram Positive Molar Grade,565,965.0,0.00018927094137040948
G1_thiram_molar_grade,Thiram Positive Molar Grade,1392,1792.0,0.00018918071437658797
G1_thiram_molar_grade,Thiram Positive Molar Grade,235,635.0,0.00018917804929772624
G1_thiram_molar_grade,Thiram Positive Molar Grade,342,742.0,0.00018890243978191262
G1_thiram_molar_grade,Thiram Positive Molar Grade,937,1337.0,0.00018857318617712974
G1_thiram_molar_grade,Thiram Positive Molar Grade,424,824.0,0.00018841574976173988
G1_thiram_molar_grade,Thiram Positive Molar Grade,653,1053.0,0.00018809861298865028
G1_thiram_molar_grade,Thiram Positive Molar Grade,519,919.0,0.0001876699475075095
G1_thiram_molar_grade,Thiram Positive Molar Grade,548,948.0,0.00018747887400941636
G1_thiram_molar_grade,Thiram Positive Molar Grade,1397,1797.0,0.00018731546435799267
G1_thiram_molar_grade,Thiram Positive Molar Grade,798,1198.0,0.00018676963547896664
G1_thiram_molar_grade,Thiram Positive Molar Grade,1311,1711.0,0.000186591562359562
G1_thiram_molar_grade,Thiram Positive Molar Grade,357,757.0,0.00018614380503709693
G1_thiram_molar_grade,Thiram Positive Molar Grade,440,840.0,0.00018600149817369477
G1_thiram_molar_grade,Thiram Positive Molar Grade,544,944.0,0.00018588465675472093
G1_thiram_molar_grade,Thiram Positive Molar Grade,421,821.0,0.00018516751619145622
G1_thiram_molar_grade,Thiram Positive Molar Grade,563,963.0,0.00018501296150940852
G1_thiram_molar_grade,Thiram Positive Molar Grade,996,1396.0,0.00018430205785724722
G1_thiram_molar_grade,Thiram Positive Molar Grade,1325,1725.0,0.00018409890307708525
G1_thiram_molar_grade,Thiram Positive Molar Grade,17,417.0,0.00018357874469649023
G1_thiram_molar_grade,Thiram Positive Molar Grade,452,852.0,0.00018352991930374902
G1_thiram_molar_grade,Thiram Positive Molar Grade,786,1186.0,0.00018338307998697016
G1_thiram_molar_grade,Thiram Positive Molar Grade,1149,1549.0,0.0001833097383897583
G1_thiram_molar_grade,Thiram Positive Molar Grade,1277,1677.0,0.00018314924593057372
G1_thiram_molar_grade,Thiram Positive Molar Grade,954,1354.0,0.00018279301923503796
G1_thiram_molar_grade,Thiram Positive Molar Grade,1283,1683.0,0.00018257455028595734
G1_thiram_molar_grade,Thiram Positive Molar Grade,506,906.0,0.00018255527879051074
G1_thiram_molar_grade,Thiram Positive Molar Grade,865,1265.0,0.00018251334816271026
G1_thiram_molar_grade,Thiram Positive Molar Grade,488,888.0,0.00018187374439487697
G1_thiram_molar_grade,Thiram Positive Molar Grade,809,1209.0,0.00018184597005294601
G1_thiram_molar_grade,Thiram Positive Molar Grade,206,606.0,0.00018127518014289973
G1_thiram_molar_grade,Thiram Positive Molar Grade,820,1220.0,0.00018065902512944213
G1_thiram_molar_grade,Thiram Positive Molar Grade,278,678.0,0.0001799417160298201
G1_thiram_molar_grade,Thiram Positive Molar Grade,1173,1573.0,0.00017992467703539135
G1_thiram_molar_grade,Thiram Positive Molar Grade,597,997.0,0.0001798675606455754
G1_thiram_molar_grade,Thiram Positive Molar Grade,103,503.0,0.00017960923789920422
G1_thiram_molar_grade,Thiram Positive Molar Grade,790,1190.0,0.00017958339091717036
G1_thiram_molar_grade,Thiram Positive Molar Grade,1198,1598.0,0.00017867486524072654
G1_thiram_molar_grade,Thiram Positive Molar Grade,332,732.0,0.00017842191937638403
G1_thiram_molar_grade,Thiram Positive Molar Grade,16,416.0,0.00017831713684378936
G1_thiram_molar_grade,Thiram Positive Molar Grade,1227,1627.0,0.00017764892881578872
G1_thiram_molar_grade,Thiram Positive Molar Grade,647,1047.0,0.0001774532795072541
G1_thiram_molar_grade,Thiram Positive Molar Grade,1373,1773.0,0.00017704809778421626
G1_thiram_molar_grade,Thiram Positive Molar Grade,773,1173.0,0.00017686155311648038
G1_thiram_molar_grade,Thiram Positive Molar Grade,792,1192.0,0.00017674827604036722
G1_thiram_molar_grade,Thiram Positive Molar Grade,427,827.0,0.0001762454801861888
G1_thiram_molar_grade,Thiram Positive Molar Grade,57,457.0,0.00017546155548393236
G1_thiram_molar_grade,Thiram Positive Molar Grade,1347,1747.0,0.00017541356149824763
G1_thiram_molar_grade,Thiram Positive Molar Grade,562,962.0,0.00017516523768362988
G1_thiram_molar_grade,Thiram Positive Molar Grade,302,702.0,0.00017493566028418784
G1_thiram_molar_grade,Thiram Positive Molar Grade,763,1163.0,0.00017484216464178843
G1_thiram_molar_grade,Thiram Positive Molar Grade,775,1175.0,0.0001744704649353934
G1_thiram_molar_grade,Thiram Positive Molar Grade,960,1360.0,0.0001742544447629145
G1_thiram_molar_grade,Thiram Positive Molar Grade,189,589.0,0.0001741556098263431
G1_thiram_molar_grade,Thiram Positive Molar Grade,48,448.0,0.00017388197653379068
G1_thiram_molar_grade,Thiram Positive Molar Grade,1133,1533.0,0.00017384761527050943
G1_thiram_molar_grade,Thiram Positive Molar Grade,868,1268.0,0.00017329956624524817
G1_thiram_molar_grade,Thiram Positive Molar Grade,1135,1535.0,0.0001731969322718825
G1_thiram_molar_grade,Thiram Positive Molar Grade,1191,1591.0,0.00017312857920302946
G1_thiram_molar_grade,Thiram Positive Molar Grade,802,1202.0,0.00017304774160769643
G1_thiram_molar_grade,Thiram Positive Molar Grade,329,729.0,0.000172834592440854
G1_thiram_molar_grade,Thiram Positive Molar Grade,564,964.0,0.00017261691959896645
G1_thiram_molar_grade,Thiram Positive Molar Grade,252,652.0,0.00017251102989297875
G1_thiram_molar_grade,Thiram Positive Molar Grade,1079,1479.0,0.00017185204039177682
G1_thiram_molar_grade,Thiram Positive Molar Grade,381,781.0,0.00017152667231810792
G1_thiram_molar_grade,Thiram Positive Molar Grade,269,669.0,0.00017143557062190493
G1_thiram_molar_grade,Thiram Positive Molar Grade,1197,1597.0,0.00017129301861988286
G1_thiram_molar_grade,Thiram Positive Molar Grade,1263,1663.0,0.00017124035608624254
G1_thiram_molar_grade,Thiram Positive Molar Grade,309,709.0,0.00017007999707678684
G1_thiram_molar_grade,Thiram Positive Molar Grade,137,537.0,0.00016997009696714148
G1_thiram_molar_grade,Thiram Positive Molar Grade,418,818.0,0.0001698345662024225
G1_thiram_molar_grade,Thiram Positive Molar Grade,999,1399.0,0.00016975092878140582
G1_thiram_molar_grade,Thiram Positive Molar Grade,490,890.0,0.00016960548141123244
G1_thiram_molar_grade,Thiram Positive Molar Grade,617,1017.0,0.00016953536826813198
G1_thiram_molar_grade,Thiram Positive Molar Grade,1202,1602.0,0.00016931571361343878
G1_thiram_molar_grade,Thiram Positive Molar Grade,887,1287.0,0.0001687518324358342
G1_thiram_molar_grade,Thiram Positive Molar Grade,587,987.0,0.00016786137421316317
G1_thiram_molar_grade,Thiram Positive Molar Grade,776,1176.0,0.00016767626391724647
G1_thiram_molar_grade,Thiram Positive Molar Grade,661,1061.0,0.00016754379351390446
G1_thiram_molar_grade,Thiram Positive Molar Grade,1223,1623.0,0.00016731970421249225
G1_thiram_molar_grade,Thiram Positive Molar Grade,783,1183.0,0.0001672701573349126
G1_thiram_molar_grade,Thiram Positive Molar Grade,598,998.0,0.00016707743552802563
G1_thiram_molar_grade,Thiram Positive Molar Grade,1364,1764.0,0.00016679948729267686
G1_thiram_molar_grade,Thiram Positive Molar Grade,1394,1794.0,0.00016627185277713537
G1_thiram_molar_grade,Thiram Positive Molar Grade,1269,1669.0,0.00016591022967585062
G1_thiram_molar_grade,Thiram Positive Molar Grade,796,1196.0,0.00016576394907591584
G1_thiram_molar_grade,Thiram Positive Molar Grade,248,648.0,0.0001650026139785567
G1_thiram_molar_grade,Thiram Positive Molar Grade,1072,1472.0,0.0001647653215450378
G1_thiram_molar_grade,Thiram Positive Molar Grade,610,1010.0,0.000164597443486881
G1_thiram_molar_grade,Thiram Positive Molar Grade,508,908.0,0.00016437878530332358
G1_thiram_molar_grade,Thiram Positive Molar Grade,100,500.0,0.00016389855773089814
G1_thiram_molar_grade,Thiram Positive Molar Grade,542,942.0,0.00016350524106622304
G1_thiram_molar_grade,Thiram Positive Molar Grade,841,1241.0,0.00016294977113661218
G1_thiram_molar_grade,Thiram Positive Molar Grade,535,935.0,0.0001627006583009337
G1_thiram_molar_grade,Thiram Positive Molar Grade,992,1392.0,0.00016254765037285803
G1_thiram_molar_grade,Thiram Positive Molar Grade,871,1271.0,0.0001624155284479786
G1_thiram_molar_grade,Thiram Positive Molar Grade,756,1156.0,0.00016197693176820402
G1_thiram_molar_grade,Thiram Positive Molar Grade,1296,1696.0,0.00016179512928133776
G1_thiram_molar_grade,Thiram Positive Molar Grade,965,1365.0,0.00016167766510125748
G1_thiram_molar_grade,Thiram Positive Molar Grade,1165,1565.0,0.00016163951776916033
G1_thiram_molar_grade,Thiram Positive Molar Grade,136,536.0,0.00016157128352425998
G1_thiram_molar_grade,Thiram Positive Molar Grade,1211,1611.0,0.0001614959948549224
G1_thiram_molar_grade,Thiram Positive Molar Grade,1281,1681.0,0.00016143499039018698
G1_thiram_molar_grade,Thiram Positive Molar Grade,702,1102.0,0.00016121953644106582
G1_thiram_molar_grade,Thiram Positive Molar Grade,851,1251.0,0.00016090487402177346
G1_thiram_molar_grade,Thiram Positive Molar Grade,592,992.0,0.00016076250772070454
G1_thiram_molar_grade,Thiram Positive Molar Grade,306,706.0,0.00016069738425210638
G1_thiram_molar_grade,Thiram Positive Molar Grade,494,894.0,0.00016068336844304957
G1_thiram_molar_grade,Thiram Positive Molar Grade,828,1228.0,0.0001604900314333973
G1_thiram_molar_grade,Thiram Positive Molar Grade,826,1226.0,0.00016006911557117233
G1_thiram_molar_grade,Thiram Positive Molar Grade,369,769.0,0.00015879859642110774
G1_thiram_molar_grade,Thiram Positive Molar Grade,406,806.0,0.00015862827727613707
G1_thiram_molar_grade,Thiram Positive Molar Grade,873,1273.0,0.00015846354724057915
G1_thiram_molar_grade,Thiram Positive Molar Grade,696,1096.0,0.00015835740167250353
G1_thiram_molar_grade,Thiram Positive Molar Grade,1125,1525.0,0.00015821696089323578
G1_thiram_molar_grade,Thiram Positive Molar Grade,110,510.0,0.00015791732408736473
G1_thiram_molar_grade,Thiram Positive Molar Grade,547,947.0,0.00015778072702808644
G1_thiram_molar_grade,Thiram Positive Molar Grade,197,597.0,0.00015777157595740936
G1_thiram_molar_grade,Thiram Positive Molar Grade,625,1025.0,0.0001576685219122908
G1_thiram_molar_grade,Thiram Positive Molar Grade,1308,1708.0,0.00015759455442899558
G1_thiram_molar_grade,Thiram Positive Molar Grade,853,1253.0,0.00015738226041629312
G1_thiram_molar_grade,Thiram Positive Molar Grade,14,414.0,0.0001572857521182186
G1_thiram_molar_grade,Thiram Positive Molar Grade,623,1023.0,0.00015648931702510997
G1_thiram_molar_grade,Thiram Positive Molar Grade,629,1029.0,0.00015598344341628898
G1_thiram_molar_grade,Thiram Positive Molar Grade,1249,1649.0,0.00015573182109453144
G1_thiram_molar_grade,Thiram Positive Molar Grade,573,973.0,0.00015572399021774837
G1_thiram_molar_grade,Thiram Positive Molar Grade,1286,1686.0,0.00015526204020176027
G1_thiram_molar_grade,Thiram Positive Molar Grade,1247,1647.0,0.00015513722306810732
G1_thiram_molar_grade,Thiram Positive Molar Grade,1343,1743.0,0.00015511017620126102
G1_thiram_molar_grade,Thiram Positive Molar Grade,611,1011.0,0.00015445569822733905
G1_thiram_molar_grade,Thiram Positive Molar Grade,813,1213.0,0.00015416678457706612
G1_thiram_molar_grade,Thiram Positive Molar Grade,1071,1471.0,0.00015416518639718813
G1_thiram_molar_grade,Thiram Positive Molar Grade,499,899.0,0.00015350195450339321
G1_thiram_molar_grade,Thiram Positive Molar Grade,807,1207.0,0.00015347870972956738
G1_thiram_molar_grade,Thiram Positive Molar Grade,889,1289.0,0.00015330012224706847
G1_thiram_molar_grade,Thiram Positive Molar Grade,1346,1746.0,0.00015300755917153281
G1_thiram_molar_grade,Thiram Positive Molar Grade,1244,1644.0,0.00015259305816373985
G1_thiram_molar_grade,Thiram Positive Molar Grade,769,1169.0,0.00015253791000377902
G1_thiram_molar_grade,Thiram Positive Molar Grade,856,1256.0,0.00015200625470675807
G1_thiram_molar_grade,Thiram Positive Molar Grade,857,1257.0,0.0001519397573160722
G1_thiram_molar_grade,Thiram Positive Molar Grade,1336,1736.0,0.0001519153326896803
G1_thiram_molar_grade,Thiram Positive Molar Grade,221,621.0,0.00015178913843712254
G1_thiram_molar_grade,Thiram Positive Molar Grade,1241,1641.0,0.00015152419009718552
G1_thiram_molar_grade,Thiram Positive Molar Grade,340,740.0,0.00015149410286829123
G1_thiram_molar_grade,Thiram Positive Molar Grade,417,817.0,0.00015092552859718354
G1_thiram_molar_grade,Thiram Positive Molar Grade,864,1264.0,0.00015086103593245186
G1_thiram_molar_grade,Thiram Positive Molar Grade,60,460.0,0.00015038902584988185
G1_thiram_molar_grade,Thiram Positive Molar Grade,705,1105.0,0.00015035978263199095
G1_thiram_molar_grade,Thiram Positive Molar Grade,936,1336.0,0.00015004823108898276
G1_thiram_molar_grade,Thiram Positive Molar Grade,574,974.0,0.00014997436797565096
G1_thiram_molar_grade,Thiram Positive Molar Grade,1218,1618.0,0.0001498354865852257
G1_thiram_molar_grade,Thiram Positive Molar Grade,1252,1652.0,0.000149480959907143
G1_thiram_molar_grade,Thiram Positive Molar Grade,654,1054.0,0.00014905979548219197
G1_thiram_molar_grade,Thiram Positive Molar Grade,390,790.0,0.00014892675189131003
G1_thiram_molar_grade,Thiram Positive Molar Grade,413,813.0,0.00014883440861122613
G1_thiram_molar_grade,Thiram Positive Molar Grade,1338,1738.0,0.0001486272353312759
G1_thiram_molar_grade,Thiram Positive Molar Grade,224,624.0,0.0001480311382440713
G1_thiram_molar_grade,Thiram Positive Molar Grade,251,651.0,0.0001471321822711046
G1_thiram_molar_grade,Thiram Positive Molar Grade,1153,1553.0,0.00014694162273134055
G1_thiram_molar_grade,Thiram Positive Molar Grade,1130,1530.0,0.00014694062649767015
G1_thiram_molar_grade,Thiram Positive Molar Grade,1246,1646.0,0.00014671315421207196
G1_thiram_molar_grade,Thiram Positive Molar Grade,28,428.0,0.00014645291541866542
G1_thiram_molar_grade,Thiram Positive Molar Grade,777,1177.0,0.00014635097657622305
G1_thiram_molar_grade,Thiram Positive Molar Grade,1085,1485.0,0.00014629644905927463
G1_thiram_molar_grade,Thiram Positive Molar Grade,1070,1470.0,0.00014629067873455175
G1_thiram_molar_grade,Thiram Positive Molar Grade,89,489.0,0.00014597811387921398
G1_thiram_molar_grade,Thiram Positive Molar Grade,142,542.0,0.00014584162404710302
G1_thiram_molar_grade,Thiram Positive Molar Grade,194,594.0,0.0001457204541760505
G1_thiram_molar_grade,Thiram Positive Molar Grade,242,642.0,0.00014556825934987488
G1_thiram_molar_grade,Thiram Positive Molar Grade,407,807.0,0.0001454925199719613
G1_thiram_molar_grade,Thiram Positive Molar Grade,175,575.0,0.00014546854090285828
G1_thiram_molar_grade,Thiram Positive Molar Grade,819,1219.0,0.00014540621471932687
G1_thiram_molar_grade,Thiram Positive Molar Grade,1004,1404.0,0.00014510865071214004
G1_thiram_molar_grade,Thiram Positive Molar Grade,788,1188.0,0.0001449662693389078
G1_thiram_molar_grade,Thiram Positive Molar Grade,810,1210.0,0.00014474670042293413
G1_thiram_molar_grade,Thiram Positive Molar Grade,1292,1692.0,0.0001435473644466095
G1_thiram_molar_grade,Thiram Positive Molar Grade,412,812.0,0.0001435309667972354
G1_thiram_molar_grade,Thiram Positive Molar Grade,1161,1561.0,0.00014291100159326397
G1_thiram_molar_grade,Thiram Positive Molar Grade,364,764.0,0.0001425509387282577
G1_thiram_molar_grade,Thiram Positive Molar Grade,1291,1691.0,0.00014244318818972177
G1_thiram_molar_grade,Thiram Positive Molar Grade,1132,1532.0,0.00014117219374366137
G1_thiram_molar_grade,Thiram Positive Molar Grade,201,601.0,0.0001411015722610274
G1_thiram_molar_grade,Thiram Positive Molar Grade,21,421.0,0.00014042137384238335
G1_thiram_molar_grade,Thiram Positive Molar Grade,816,1216.0,0.00013993027912353285
G1_thiram_molar_grade,Thiram Positive Molar Grade,755,1155.0,0.00013975405075424352
G1_thiram_molar_grade,Thiram Positive Molar Grade,264,664.0,0.00013936596753651306
G1_thiram_molar_grade,Thiram Positive Molar Grade,1238,1638.0,0.00013935571831938785
G1_thiram_molar_grade,Thiram Positive Molar Grade,540,940.0,0.00013865303043369352
G1_thiram_molar_grade,Thiram Positive Molar Grade,292,692.0,0.00013844153438941428
G1_thiram_molar_grade,Thiram Positive Molar Grade,1136,1536.0,0.00013834586456114555
G1_thiram_molar_grade,Thiram Positive Molar Grade,803,1203.0,0.0001383359997159801
G1_thiram_molar_grade,Thiram Positive Molar Grade,606,1006.0,0.0001382246442257304
G1_thiram_molar_grade,Thiram Positive Molar Grade,1080,1480.0,0.00013801537460552914
G1_thiram_molar_grade,Thiram Positive Molar Grade,991,1391.0,0.00013798496820164926
G1_thiram_molar_grade,Thiram Positive Molar Grade,241,641.0,0.00013786891122658055
G1_thiram_molar_grade,Thiram Positive Molar Grade,870,1270.0,0.00013776436487319244
G1_thiram_molar_grade,Thiram Positive Molar Grade,812,1212.0,0.0001375962019371733
G1_thiram_molar_grade,Thiram Positive Molar Grade,1344,1744.0,0.0001371055980021795
G1_thiram_molar_grade,Thiram Positive Molar Grade,1163,1563.0,0.00013562764916974593
G1_thiram_molar_grade,Thiram Positive Molar Grade,1131,1531.0,0.00013520334138488133
G1_thiram_molar_grade,Thiram Positive Molar Grade,239,639.0,0.00013492498600865292
G1_thiram_molar_grade,Thiram Positive Molar Grade,589,989.0,0.00013476692103798379
G1_thiram_molar_grade,Thiram Positive Molar Grade,791,1191.0,0.00013444903587452774
G1_thiram_molar_grade,Thiram Positive Molar Grade,624,1024.0,0.00013422043712681898
G1_thiram_molar_grade,Thiram Positive Molar Grade,191,591.0,0.0001339856019788549
G1_thiram_molar_grade,Thiram Positive Molar Grade,9,409.0,0.00013374208561439988
G1_thiram_molar_grade,Thiram Positive Molar Grade,281,681.0,0.00013320848982575475
G1_thiram_molar_grade,Thiram Positive Molar Grade,1271,1671.0,0.00013313207005983011
G1_thiram_molar_grade,Thiram Positive Molar Grade,1182,1582.0,0.0001324538754697176
G1_thiram_molar_grade,Thiram Positive Molar Grade,1138,1538.0,0.0001324113073890919
G1_thiram_molar_grade,Thiram Positive Molar Grade,193,593.0,0.00013120787880900752
G1_thiram_molar_grade,Thiram Positive Molar Grade,144,544.0,0.00013104222559884546
G1_thiram_molar_grade,Thiram Positive Molar Grade,585,985.0,0.0001308777020734356
G1_thiram_molar_grade,Thiram Positive Molar Grade,192,592.0,0.0001308035105719199
G1_thiram_molar_grade,Thiram Positive Molar Grade,635,1035.0,0.00013006401931369335
G1_thiram_molar_grade,Thiram Positive Molar Grade,827,1227.0,0.00012995466780129242
G1_thiram_molar_grade,Thiram Positive Molar Grade,1388,1788.0,0.00012972810034891653
G1_thiram_molar_grade,Thiram Positive Molar Grade,222,622.0,0.00012971783985612408
G1_thiram_molar_grade,Thiram Positive Molar Grade,628,1028.0,0.0001296303824250465
G1_thiram_molar_grade,Thiram Positive Molar Grade,638,1038.0,0.00012931368225972586
G1_thiram_molar_grade,Thiram Positive Molar Grade,855,1255.0,0.00012847725344895396
G1_thiram_molar_grade,Thiram Positive Molar Grade,515,915.0,0.000128456450984706
G1_thiram_molar_grade,Thiram Positive Molar Grade,575,975.0,0.00012835337969264136
G1_thiram_molar_grade,Thiram Positive Molar Grade,618,1018.0,0.00012774069609856087
G1_thiram_molar_grade,Thiram Positive Molar Grade,572,972.0,0.0001266657866575174
G1_thiram_molar_grade,Thiram Positive Molar Grade,198,598.0,0.00012657352589304948
G1_thiram_molar_grade,Thiram Positive Molar Grade,814,1214.0,0.0001265643814494538
G1_thiram_molar_grade,Thiram Positive Molar Grade,1258,1658.0,0.0001263094066177953
G1_thiram_molar_grade,Thiram Positive Molar Grade,1236,1636.0,0.00012593400209279592
G1_thiram_molar_grade,Thiram Positive Molar Grade,1210,1610.0,0.00012592861001395228
G1_thiram_molar_grade,Thiram Positive Molar Grade,11,411.0,0.00012515795725019524
G1_thiram_molar_grade,Thiram Positive Molar Grade,830,1230.0,0.0001249186028585899
G1_thiram_molar_grade,Thiram Positive Molar Grade,852,1252.0,0.00012488636127885657
G1_thiram_molar_grade,Thiram Positive Molar Grade,909,1309.0,0.00012486031446417903
G1_thiram_molar_grade,Thiram Positive Molar Grade,327,727.0,0.0001247890910740177
G1_thiram_molar_grade,Thiram Positive Molar Grade,352,752.0,0.00012471714099470237
G1_thiram_molar_grade,Thiram Positive Molar Grade,351,751.0,0.0001247109403431446
G1_thiram_molar_grade,Thiram Positive Molar Grade,354,754.0,0.00012423101049341444
G1_thiram_molar_grade,Thiram Positive Molar Grade,1204,1604.0,0.00012422214078452263
G1_thiram_molar_grade,Thiram Positive Molar Grade,491,891.0,0.00012408946483948835
G1_thiram_molar_grade,Thiram Positive Molar Grade,531,931.0,0.00012401357587650473
G1_thiram_molar_grade,Thiram Positive Molar Grade,780,1180.0,0.0001236906545461625
G1_thiram_molar_grade,Thiram Positive Molar Grade,626,1026.0,0.00012307920274166225
G1_thiram_molar_grade,Thiram Positive Molar Grade,1189,1589.0,0.00012305722302765747
G1_thiram_molar_grade,Thiram Positive Molar Grade,1245,1645.0,0.0001230311929218142
G1_thiram_molar_grade,Thiram Positive Molar Grade,237,637.0,0.00012293565941220273
G1_thiram_molar_grade,Thiram Positive Molar Grade,1251,1651.0,0.00012293188867561146
G1_thiram_molar_grade,Thiram Positive Molar Grade,1225,1625.0,0.00012290467304286486
G1_thiram_molar_grade,Thiram Positive Molar Grade,567,967.0,0.00012243470954973232
G1_thiram_molar_grade,Thiram Positive Molar Grade,498,898.0,0.00012218778469682756
G1_thiram_molar_grade,Thiram Positive Molar Grade,620,1020.0,0.00012209823704111255
G1_thiram_molar_grade,Thiram Positive Molar Grade,1224,1624.0,0.00012127625098753509
G1_thiram_molar_grade,Thiram Positive Molar Grade,323,723.0,0.0001211489330129373
G1_thiram_molar_grade,Thiram Positive Molar Grade,1073,1473.0,0.00012080251606619785
G1_thiram_molar_grade,Thiram Positive Molar Grade,467,867.0,0.00011954645205954981
G1_thiram_molar_grade,Thiram Positive Molar Grade,500,900.0,0.00011937974528309949
G1_thiram_molar_grade,Thiram Positive Molar Grade,1254,1654.0,0.00011880322635698099
G1_thiram_molar_grade,Thiram Positive Molar Grade,1306,1706.0,0.0001186431384644382
G1_thiram_molar_grade,Thiram Positive Molar Grade,507,907.0,0.00011843616568685307
G1_thiram_molar_grade,Thiram Positive Molar Grade,1389,1789.0,0.0001183415313247775
G1_thiram_molar_grade,Thiram Positive Molar Grade,607,1007.0,0.00011822442720719158
G1_thiram_molar_grade,Thiram Positive Molar Grade,848,1248.0,0.0001179218488256756
G1_thiram_molar_grade,Thiram Positive Molar Grade,534,934.0,0.0001173670515425682
G1_thiram_molar_grade,Thiram Positive Molar Grade,1398,1798.0,0.00011716837537279117
G1_thiram_molar_grade,Thiram Positive Molar Grade,274,674.0,0.00011658001758694862
G1_thiram_molar_grade,Thiram Positive Molar Grade,71,471.0,0.00011605281155226812
G1_thiram_molar_grade,Thiram Positive Molar Grade,456,856.0,0.00011571881551395677
G1_thiram_molar_grade,Thiram Positive Molar Grade,495,895.0,0.0001152501344856816
G1_thiram_molar_grade,Thiram Positive Molar Grade,304,704.0,0.00011507061988610249
G1_thiram_molar_grade,Thiram Positive Molar Grade,489,889.0,0.00011495126414806536
G1_thiram_molar_grade,Thiram Positive Molar Grade,869,1269.0,0.00011442338831935798
G1_thiram_molar_grade,Thiram Positive Molar Grade,209,609.0,0.00011423182408116229
G1_thiram_molar_grade,Thiram Positive Molar Grade,529,929.0,0.00011391085181190152
G1_thiram_molar_grade,Thiram Positive Molar Grade,1137,1537.0,0.00011356147921858816
G1_thiram_molar_grade,Thiram Positive Molar Grade,546,946.0,0.0001130946117249496
G1_thiram_molar_grade,Thiram Positive Molar Grade,829,1229.0,0.00011266862934307043
G1_thiram_molar_grade,Thiram Positive Molar Grade,27,427.0,0.00011265422942135786
G1_thiram_molar_grade,Thiram Positive Molar Grade,232,632.0,0.00011264364841278292
G1_thiram_molar_grade,Thiram Positive Molar Grade,953,1353.0,0.00011239472493559134
G1_thiram_molar_grade,Thiram Positive Molar Grade,817,1217.0,0.00011233006879764486
G1_thiram_molar_grade,Thiram Positive Molar Grade,363,763.0,0.00011073882787159686
G1_thiram_molar_grade,Thiram Positive Molar Grade,179,579.0,0.00011069931684250365
G1_thiram_molar_grade,Thiram Positive Molar Grade,894,1294.0,0.00011065282532247009
G1_thiram_molar_grade,Thiram Positive Molar Grade,906,1306.0,0.00011037951249325245
G1_thiram_molar_grade,Thiram Positive Molar Grade,428,828.0,0.0001100071295022868
G1_thiram_molar_grade,Thiram Positive Molar Grade,714,1114.0,0.0001099206889555273
G1_thiram_molar_grade,Thiram Positive Molar Grade,715,1115.0,0.00010966014960325649
G1_thiram_molar_grade,Thiram Positive Molar Grade,15,415.0,0.0001096376501475424
G1_thiram_molar_grade,Thiram Positive Molar Grade,1082,1482.0,0.00010932054554504483
G1_thiram_molar_grade,Thiram Positive Molar Grade,92,492.0,0.00010930757090524093
G1_thiram_molar_grade,Thiram Positive Molar Grade,605,1005.0,0.00010901609588786808
G1_thiram_molar_grade,Thiram Positive Molar Grade,994,1394.0,0.00010886501963135943
G1_thiram_molar_grade,Thiram Positive Molar Grade,1278,1678.0,0.00010820369776878848
G1_thiram_molar_grade,Thiram Positive Molar Grade,1162,1562.0,0.00010781936887848047
G1_thiram_molar_grade,Thiram Positive Molar Grade,995,1395.0,0.00010775174601553066
G1_thiram_molar_grade,Thiram Positive Molar Grade,183,583.0,0.00010754626905960179
G1_thiram_molar_grade,Thiram Positive Molar Grade,324,724.0,0.00010731268284818188
G1_thiram_molar_grade,Thiram Positive Molar Grade,414,814.0,0.0001071152548112818
G1_thiram_molar_grade,Thiram Positive Molar Grade,1266,1666.0,0.00010700112873371614
G1_thiram_molar_grade,Thiram Positive Molar Grade,1083,1483.0,0.00010690784298324778
G1_thiram_molar_grade,Thiram Positive Molar Grade,757,1157.0,0.00010578922974026968
G1_thiram_molar_grade,Thiram Positive Molar Grade,181,581.0,0.00010545455674811298
G1_thiram_molar_grade,Thiram Positive Molar Grade,621,1021.0,0.00010521167581122453
G1_thiram_molar_grade,Thiram Positive Molar Grade,588,988.0,0.00010498899233603778
G1_thiram_molar_grade,Thiram Positive Molar Grade,24,424.0,0.00010490806397961161
G1_thiram_molar_grade,Thiram Positive Molar Grade,1187,1587.0,0.00010484138918106591
G1_thiram_molar_grade,Thiram Positive Molar Grade,1284,1684.0,0.00010417428652474162
G1_thiram_molar_grade,Thiram Positive Molar Grade,609,1009.0,0.00010412491539387953
G1_thiram_molar_grade,Thiram Positive Molar Grade,272,672.0,0.00010325614694832596
G1_thiram_molar_grade,Thiram Positive Molar Grade,1326,1726.0,0.00010268215932345938
G1_thiram_molar_grade,Thiram Positive Molar Grade,1374,1774.0,0.00010267887701602654
G1_thiram_molar_grade,Thiram Positive Molar Grade,426,826.0,0.00010249419477478899
G1_thiram_molar_grade,Thiram Positive Molar Grade,273,673.0,0.00010249304809231401
G1_thiram_molar_grade,Thiram Positive Molar Grade,543,943.0,0.0001023589681619847
G1_thiram_molar_grade,Thiram Positive Molar Grade,993,1393.0,0.00010151947000529571
G1_thiram_molar_grade,Thiram Positive Molar Grade,631,1031.0,0.00010150644263030256
G1_thiram_molar_grade,Thiram Positive Molar Grade,23,423.0,0.00010098191038675754
G1_thiram_molar_grade,Thiram Positive Molar Grade,712,1112.0,0.00010080952564810973
G1_thiram_molar_grade,Thiram Positive Molar Grade,204,604.0,0.00010075180613800196
G1_thiram_molar_grade,Thiram Positive Molar Grade,1074,1474.0,0.00010051035979490917
G1_thiram_molar_grade,Thiram Positive Molar Grade,13,413.0,0.00010021827255068568
G1_thiram_molar_grade,Thiram Positive Molar Grade,190,590.0,0.00010019576943287725
G1_thiram_molar_grade,Thiram Positive Molar Grade,25,425.0,0.00010006338144172729
G1_thiram_molar_grade,Thiram Positive Molar Grade,12,412.0,9.984210140461598e-05
G1_thiram_molar_grade,Thiram Positive Molar Grade,1062,1462.0,9.977884374350451e-05
G1_thiram_molar_grade,Thiram Positive Molar Grade,8,408.0,9.97366844236644e-05
G1_thiram_molar_grade,Thiram Positive Molar Grade,603,1003.0,9.944804691115846e-05
G1_thiram_molar_grade,Thiram Positive Molar Grade,536,936.0,9.914787188556249e-05
G1_thiram_molar_grade,Thiram Positive Molar Grade,1233,1633.0,9.894936188299622e-05
G1_thiram_molar_grade,Thiram Positive Molar Grade,512,912.0,9.810044334725687e-05
G1_thiram_molar_grade,Thiram Positive Molar Grade,1001,1401.0,9.780135731098719e-05
G1_thiram_molar_grade,Thiram Positive Molar Grade,838,1238.0,9.771750397376131e-05
G1_thiram_molar_grade,Thiram Positive Molar Grade,101,501.0,9.718818150293641e-05
G1_thiram_molar_grade,Thiram Positive Molar Grade,718,1118.0,9.697159487757145e-05
G1_thiram_molar_grade,Thiram Positive Molar Grade,49,449.0,9.674152882197895e-05
G1_thiram_molar_grade,Thiram Positive Molar Grade,250,650.0,9.667629523069549e-05
G1_thiram_molar_grade,Thiram Positive Molar Grade,246,646.0,9.636775007952655e-05
G1_thiram_molar_grade,Thiram Positive Molar Grade,355,755.0,9.635847784673458e-05
G1_thiram_molar_grade,Thiram Positive Molar Grade,1081,1481.0,9.573234340409647e-05
G1_thiram_molar_grade,Thiram Positive Molar Grade,132,532.0,9.531968180544893e-05
G1_thiram_molar_grade,Thiram Positive Molar Grade,840,1240.0,9.491607883235183e-05
G1_thiram_molar_grade,Thiram Positive Molar Grade,1390,1790.0,9.47332131282884e-05
G1_thiram_molar_grade,Thiram Positive Molar Grade,622,1022.0,9.46789294865921e-05
G1_thiram_molar_grade,Thiram Positive Molar Grade,220,620.0,9.441893770149783e-05
G1_thiram_molar_grade,Thiram Positive Molar Grade,1391,1791.0,9.374541255953501e-05
G1_thiram_molar_grade,Thiram Positive Molar Grade,255,655.0,9.371315340661916e-05
G1_thiram_molar_grade,Thiram Positive Molar Grade,847,1247.0,9.32760239228584e-05
G1_thiram_molar_grade,Thiram Positive Molar Grade,1384,1784.0,9.309425577922132e-05
G1_thiram_molar_grade,Thiram Positive Molar Grade,707,1107.0,9.236896165680598e-05
G1_thiram_molar_grade,Thiram Positive Molar Grade,849,1249.0,9.236581526947687e-05
G1_thiram_molar_grade,Thiram Positive Molar Grade,778,1178.0,9.222102398718078e-05
G1_thiram_molar_grade,Thiram Positive Molar Grade,195,595.0,9.214974035768166e-05
G1_thiram_molar_grade,Thiram Positive Molar Grade,703,1103.0,9.196084192328012e-05
G1_thiram_molar_grade,Thiram Positive Molar Grade,138,538.0,9.19080774879195e-05
G1_thiram_molar_grade,Thiram Positive Molar Grade,1061,1461.0,9.150963568931692e-05
G1_thiram_molar_grade,Thiram Positive Molar Grade,182,582.0,9.131347907071529e-05
G1_thiram_molar_grade,Thiram Positive Molar Grade,758,1158.0,8.998670109579153e-05
G1_thiram_molar_grade,Thiram Positive Molar Grade,94,494.0,8.930931297923985e-05
G1_thiram_molar_grade,Thiram Positive Molar Grade,223,623.0,8.913123068792731e-05
G1_thiram_molar_grade,Thiram Positive Molar Grade,260,660.0,8.906219754955733e-05
G1_thiram_molar_grade,Thiram Positive Molar Grade,619,1019.0,8.888919165433437e-05
G1_thiram_molar_grade,Thiram Positive Molar Grade,1280,1680.0,8.883835259177168e-05
G1_thiram_molar_grade,Thiram Positive Molar Grade,541,941.0,8.880384559272404e-05
G1_thiram_molar_grade,Thiram Positive Molar Grade,895,1295.0,8.783168240241805e-05
G1_thiram_molar_grade,Thiram Positive Molar Grade,646,1046.0,8.782896516645442e-05
G1_thiram_molar_grade,Thiram Positive Molar Grade,785,1185.0,8.754495103378605e-05
G1_thiram_molar_grade,Thiram Positive Molar Grade,837,1237.0,8.754081329641088e-05
G1_thiram_molar_grade,Thiram Positive Molar Grade,1235,1635.0,8.745316772904209e-05
G1_thiram_molar_grade,Thiram Positive Molar Grade,1350,1750.0,8.60763521822545e-05
G1_thiram_molar_grade,Thiram Positive Molar Grade,770,1170.0,8.491996159514537e-05
G1_thiram_molar_grade,Thiram Positive Molar Grade,539,939.0,8.445009889376025e-05
G1_thiram_molar_grade,Thiram Positive Molar Grade,713,1113.0,8.430699885767027e-05
G1_thiram_molar_grade,Thiram Positive Molar Grade,1164,1564.0,8.408327419179538e-05
G1_thiram_molar_grade,Thiram Positive Molar Grade,760,1160.0,8.39314636909033e-05
G1_thiram_molar_grade,Thiram Positive Molar Grade,772,1172.0,8.374692073015589e-05
G1_thiram_molar_grade,Thiram Positive Molar Grade,779,1179.0,8.337738203955459e-05
G1_thiram_molar_grade,Thiram Positive Molar Grade,262,662.0,8.320765094093938e-05
G1_thiram_molar_grade,Thiram Positive Molar Grade,537,937.0,8.310086187314329e-05
G1_thiram_molar_grade,Thiram Positive Molar Grade,263,663.0,8.259515317554674e-05
G1_thiram_molar_grade,Thiram Positive Molar Grade,1257,1657.0,8.230066528056021e-05
G1_thiram_molar_grade,Thiram Positive Molar Grade,257,657.0,8.216309007922658e-05
G1_thiram_molar_grade,Thiram Positive Molar Grade,590,990.0,8.200720577707713e-05
G1_thiram_molar_grade,Thiram Positive Molar Grade,505,905.0,8.170811497133766e-05
G1_thiram_molar_grade,Thiram Positive Molar Grade,1387,1787.0,8.143039203298558e-05
G1_thiram_molar_grade,Thiram Positive Molar Grade,593,993.0,8.122640215054526e-05
G1_thiram_molar_grade,Thiram Positive Molar Grade,1261,1661.0,8.022053125452192e-05
G1_thiram_molar_grade,Thiram Positive Molar Grade,1349,1749.0,8.016233435501813e-05
G1_thiram_molar_grade,Thiram Positive Molar Grade,325,725.0,7.958400127818969e-05
G1_thiram_molar_grade,Thiram Positive Molar Grade,1276,1676.0,7.951655689338059e-05
G1_thiram_molar_grade,Thiram Positive Molar Grade,176,576.0,7.929606376284595e-05
G1_thiram_molar_grade,Thiram Positive Molar Grade,496,896.0,7.911155831101302e-05
G1_thiram_molar_grade,Thiram Positive Molar Grade,261,661.0,7.902326079380032e-05
G1_thiram_molar_grade,Thiram Positive Molar Grade,26,426.0,7.897344522588222e-05
G1_thiram_molar_grade,Thiram Positive Molar Grade,538,938.0,7.876712426607586e-05
G1_thiram_molar_grade,Thiram Positive Molar Grade,579,979.0,7.835391143778511e-05
G1_thiram_molar_grade,Thiram Positive Molar Grade,214,614.0,7.831847191317422e-05
G1_thiram_molar_grade,Thiram Positive Molar Grade,578,978.0,7.815844849204991e-05
G1_thiram_molar_grade,Thiram Positive Molar Grade,1220,1620.0,7.799813349648601e-05
G1_thiram_molar_grade,Thiram Positive Molar Grade,231,631.0,7.76324363974759e-05
G1_thiram_molar_grade,Thiram Positive Molar Grade,504,904.0,7.761352096320556e-05
G1_thiram_molar_grade,Thiram Positive Molar Grade,230,630.0,7.737569530749277e-05
G1_thiram_molar_grade,Thiram Positive Molar Grade,1207,1607.0,7.729041806445442e-05
G1_thiram_molar_grade,Thiram Positive Molar Grade,338,738.0,7.720512616485121e-05
G1_thiram_molar_grade,Thiram Positive Molar Grade,135,535.0,7.71949198108238e-05
G1_thiram_molar_grade,Thiram Positive Molar Grade,582,982.0,7.703951293473102e-05
G1_thiram_molar_grade,Thiram Positive Molar Grade,1084,1484.0,7.660163650317774e-05
G1_thiram_molar_grade,Thiram Positive Molar Grade,196,596.0,7.649525352346393e-05
G1_thiram_molar_grade,Thiram Positive Molar Grade,187,587.0,7.609439893474703e-05
G1_thiram_molar_grade,Thiram Positive Molar Grade,846,1246.0,7.549020172221731e-05
G1_thiram_molar_grade,Thiram Positive Molar Grade,200,600.0,7.496659561620971e-05
G1_thiram_molar_grade,Thiram Positive Molar Grade,362,762.0,7.399533297567356e-05
G1_thiram_molar_grade,Thiram Positive Molar Grade,259,659.0,7.377612828725999e-05
G1_thiram_molar_grade,Thiram Positive Molar Grade,233,633.0,7.33989306607657e-05
G1_thiram_molar_grade,Thiram Positive Molar Grade,843,1243.0,7.332497590538778e-05
G1_thiram_molar_grade,Thiram Positive Molar Grade,247,647.0,7.315436390605146e-05
G1_thiram_molar_grade,Thiram Positive Molar Grade,326,726.0,7.182128258468456e-05
G1_thiram_molar_grade,Thiram Positive Molar Grade,180,580.0,7.16987445871245e-05
G1_thiram_molar_grade,Thiram Positive Molar Grade,254,654.0,7.166317748067983e-05
G1_thiram_molar_grade,Thiram Positive Molar Grade,330,730.0,7.114216092773666e-05
G1_thiram_molar_grade,Thiram Positive Molar Grade,1134,1534.0,7.070668202489568e-05
G1_thiram_molar_grade,Thiram Positive Molar Grade,391,791.0,7.064600077103725e-05
G1_thiram_molar_grade,Thiram Positive Molar Grade,174,574.0,7.058635904848759e-05
G1_thiram_molar_grade,Thiram Positive Molar Grade,576,976.0,6.980162865093485e-05
G1_thiram_molar_grade,Thiram Positive Molar Grade,1063,1463.0,6.945012741186588e-05
G1_thiram_molar_grade,Thiram Positive Molar Grade,599,999.0,6.939445573866765e-05
G1_thiram_molar_grade,Thiram Positive Molar Grade,234,634.0,6.883423726980494e-05
G1_thiram_molar_grade,Thiram Positive Molar Grade,385,785.0,6.804253572721015e-05
G1_thiram_molar_grade,Thiram Positive Molar Grade,570,970.0,6.78562383134634e-05
G1_thiram_molar_grade,Thiram Positive Molar Grade,366,766.0,6.657906065003084e-05
G1_thiram_molar_grade,Thiram Positive Molar Grade,1253,1653.0,6.58442423642809e-05
G1_thiram_molar_grade,Thiram Positive Molar Grade,577,977.0,6.557868734638822e-05
G1_thiram_molar_grade,Thiram Positive Molar Grade,54,454.0,6.553143416828899e-05
G1_thiram_molar_grade,Thiram Positive Molar Grade,280,680.0,6.472741414526881e-05
G1_thiram_molar_grade,Thiram Positive Molar Grade,501,901.0,6.468994841314727e-05
G1_thiram_molar_grade,Thiram Positive Molar Grade,1371,1771.0,6.451166626233784e-05
G1_thiram_molar_grade,Thiram Positive Molar Grade,225,625.0,6.428249526066117e-05
G1_thiram_molar_grade,Thiram Positive Molar Grade,532,932.0,6.413673957589114e-05
G1_thiram_molar_grade,Thiram Positive Molar Grade,211,611.0,6.383780110356946e-05
G1_thiram_molar_grade,Thiram Positive Molar Grade,844,1244.0,6.334100388198705e-05
G1_thiram_molar_grade,Thiram Positive Molar Grade,258,658.0,6.302301330642266e-05
G1_thiram_molar_grade,Thiram Positive Molar Grade,1188,1588.0,6.274405387803923e-05
G1_thiram_molar_grade,Thiram Positive Molar Grade,177,577.0,6.268038278375137e-05
G1_thiram_molar_grade,Thiram Positive Molar Grade,205,605.0,6.240641563707331e-05
G1_thiram_molar_grade,Thiram Positive Molar Grade,584,984.0,6.184321344037298e-05
G1_thiram_molar_grade,Thiram Positive Molar Grade,227,627.0,6.129625179388361e-05
G1_thiram_molar_grade,Thiram Positive Molar Grade,463,863.0,6.121446122171147e-05
G1_thiram_molar_grade,Thiram Positive Molar Grade,762,1162.0,6.115320358149482e-05
G1_thiram_molar_grade,Thiram Positive Molar Grade,93,493.0,6.0792583982609324e-05
G1_thiram_molar_grade,Thiram Positive Molar Grade,1369,1769.0,6.041733931707894e-05
G1_thiram_molar_grade,Thiram Positive Molar Grade,208,608.0,6.02821942966754e-05
G1_thiram_molar_grade,Thiram Positive Molar Grade,238,638.0,5.961896452150322e-05
G1_thiram_molar_grade,Thiram Positive Molar Grade,1255,1655.0,5.894704780898891e-05
G1_thiram_molar_grade,Thiram Positive Molar Grade,411,811.0,5.892574279282042e-05
G1_thiram_molar_grade,Thiram Positive Molar Grade,1234,1634.0,5.856128753706395e-05
G1_thiram_molar_grade,Thiram Positive Molar Grade,270,670.0,5.8455834837809365e-05
G1_thiram_molar_grade,Thiram Positive Molar Grade,271,671.0,5.8094718180425045e-05
G1_thiram_molar_grade,Thiram Positive Molar Grade,256,656.0,5.693226714937352e-05
G1_thiram_molar_grade,Thiram Positive Molar Grade,1076,1476.0,5.6663001481075106e-05
G1_thiram_molar_grade,Thiram Positive Molar Grade,1221,1621.0,5.6646112805738986e-05
G1_thiram_molar_grade,Thiram Positive Molar Grade,243,643.0,5.663905491893847e-05
G1_thiram_molar_grade,Thiram Positive Molar Grade,784,1184.0,5.653218395558255e-05
G1_thiram_molar_grade,Thiram Positive Molar Grade,409,809.0,5.6374873715681245e-05
G1_thiram_molar_grade,Thiram Positive Molar Grade,1335,1735.0,5.637108391701362e-05
G1_thiram_molar_grade,Thiram Positive Molar Grade,1243,1643.0,5.576868133953453e-05
G1_thiram_molar_grade,Thiram Positive Molar Grade,764,1164.0,5.553957938086312e-05
G1_thiram_molar_grade,Thiram Positive Molar Grade,1248,1648.0,5.48018228315307e-05
G1_thiram_molar_grade,Thiram Positive Molar Grade,533,933.0,5.479633996005024e-05
G1_thiram_molar_grade,Thiram Positive Molar Grade,759,1159.0,5.427356395775556e-05
G1_thiram_molar_grade,Thiram Positive Molar Grade,811,1211.0,5.4012808926569735e-05
G1_thiram_molar_grade,Thiram Positive Molar Grade,373,773.0,5.2814582181899165e-05
G1_thiram_molar_grade,Thiram Positive Molar Grade,1345,1745.0,5.243789595983523e-05
G1_thiram_molar_grade,Thiram Positive Molar Grade,503,903.0,5.213783756194427e-05
G1_thiram_molar_grade,Thiram Positive Molar Grade,410,810.0,5.090310059037033e-05
G1_thiram_molar_grade,Thiram Positive Molar Grade,236,636.0,5.0201711812434126e-05
G1_thiram_molar_grade,Thiram Positive Molar Grade,601,1001.0,4.904976405252281e-05
G1_thiram_molar_grade,Thiram Positive Molar Grade,581,981.0,4.835645715104672e-05
G1_thiram_molar_grade,Thiram Positive Molar Grade,591,991.0,4.7895540696909576e-05
G1_thiram_molar_grade,Thiram Positive Molar Grade,594,994.0,4.7752136989851835e-05
G1_thiram_molar_grade,Thiram Positive Molar Grade,203,603.0,4.6544915620293e-05
G1_thiram_molar_grade,Thiram Positive Molar Grade,710,1110.0,4.645242754650969e-05
G1_thiram_molar_grade,Thiram Positive Molar Grade,839,1239.0,4.586640657955132e-05
G1_thiram_molar_grade,Thiram Positive Molar Grade,365,765.0,4.550621480112813e-05
G1_thiram_molar_grade,Thiram Positive Molar Grade,202,602.0,4.43200078095869e-05
G1_thiram_molar_grade,Thiram Positive Molar Grade,711,1111.0,4.19231272538052e-05
G1_thiram_molar_grade,Thiram Positive Molar Grade,1064,1464.0,4.166902110952469e-05
G1_thiram_molar_grade,Thiram Positive Molar Grade,408,808.0,4.065665986037552e-05
G1_thiram_molar_grade,Thiram Positive Molar Grade,1334,1734.0,3.9967530647364244e-05
G1_thiram_molar_grade,Thiram Positive Molar Grade,353,753.0,3.975152414812138e-05
G1_thiram_molar_grade,Thiram Positive Molar Grade,372,772.0,3.886135709325354e-05
G1_thiram_molar_grade,Thiram Positive Molar Grade,1293,1693.0,3.7858133398265825e-05
G1_thiram_molar_grade,Thiram Positive Molar Grade,709,1109.0,3.687940076009885e-05
G1_thiram_molar_grade,Thiram Positive Molar Grade,226,626.0,3.369061997164772e-05
G1_thiram_molar_grade,Thiram Positive Molar Grade,502,902.0,3.266540999887836e-05
G1_thiram_molar_grade,Thiram Positive Molar Grade,845,1245.0,3.238717854520589e-05
G1_thiram_molar_grade,Thiram Positive Molar Grade,1386,1786.0,3.2249515087820225e-05
G1_thiram_molar_grade,Thiram Positive Molar Grade,210,610.0,2.984677369097565e-05
G1_thiram_molar_grade,Thiram Positive Molar Grade,1256,1656.0,2.751003025293949e-05
G1_thiram_molar_grade,Thiram Positive Molar Grade,648,1048.0,2.680499814577146e-05
G1_thiram_molar_grade,Thiram Positive Molar Grade,1370,1770.0,2.4266905681387804e-05
G1_thiram_molar_grade,Thiram Positive Molar Grade,580,980.0,1.830442846207874e-05
G1_thiram_molar_grade,Thiram Positive Molar Grade,530,930.0,1.6738111444680664e-05
G1_thiram_molar_grade,Thiram Positive Molar Grade,172,572.0,6.430171528800649e-06
G1_thiram_molar_grade,Thiram Positive Molar Grade,213,613.0,6.012563566412537e-06
G1_thiram_molar_grade,Thiram Positive Molar Grade,240,640.0,3.7069189678336e-06
G1_thiram_molar_grade,Thiram Positive Molar Grade,279,679.0,2.4008388732149965e-20
G2_mg_molar_grade,MG Positive Molar Grade,460,860.0,0.0032243883291439806
G2_mg_molar_grade,MG Positive Molar Grade,808,1208.0,0.002989254332022741
G2_mg_molar_grade,MG Positive Molar Grade,814,1214.0,0.002865855263543881
G2_mg_molar_grade,MG Positive Molar Grade,466,866.0,0.002623729827229157
G2_mg_molar_grade,MG Positive Molar Grade,761,1161.0,0.00261089311287725
G2_mg_molar_grade,MG Positive Molar Grade,809,1209.0,0.002530461250271024
G2_mg_molar_grade,MG Positive Molar Grade,759,1159.0,0.002424176595143354
G2_mg_molar_grade,MG Positive Molar Grade,1023,1423.0,0.0022686304949126553
G2_mg_molar_grade,MG Positive Molar Grade,760,1160.0,0.0022535264847807347
G2_mg_molar_grade,MG Positive Molar Grade,811,1211.0,0.0022387867067898363
G2_mg_molar_grade,MG Positive Molar Grade,807,1207.0,0.00222035334958573
G2_mg_molar_grade,MG Positive Molar Grade,1207,1607.0,0.00218275961253007
G2_mg_molar_grade,MG Positive Molar Grade,635,1035.0,0.002088940237184076
G2_mg_molar_grade,MG Positive Molar Grade,465,865.0,0.0020394267132014337
G2_mg_molar_grade,MG Positive Molar Grade,816,1216.0,0.002004086952855538
G2_mg_molar_grade,MG Positive Molar Grade,813,1213.0,0.001980119348777752
G2_mg_molar_grade,MG Positive Molar Grade,784,1184.0,0.0019733361469018947
G2_mg_molar_grade,MG Positive Molar Grade,786,1186.0,0.0019678179736639994
G2_mg_molar_grade,MG Positive Molar Grade,780,1180.0,0.001929578510702289
G2_mg_molar_grade,MG Positive Molar Grade,787,1187.0,0.0018637482311164362
G2_mg_molar_grade,MG Positive Molar Grade,812,1212.0,0.0018047899009578086
G2_mg_molar_grade,MG Positive Molar Grade,810,1210.0,0.0017906174415062669
G2_mg_molar_grade,MG Positive Molar Grade,634,1034.0,0.00173377735631763
G2_mg_molar_grade,MG Positive Molar Grade,467,867.0,0.0017129502949172265
G2_mg_molar_grade,MG Positive Molar Grade,1206,1606.0,0.001705535275011277
G2_mg_molar_grade,MG Positive Molar Grade,637,1037.0,0.0016479444404942898
G2_mg_molar_grade,MG Positive Molar Grade,771,1171.0,0.0016383972151986217
G2_mg_molar_grade,MG Positive Molar Grade,806,1206.0,0.0016002940698720861
G2_mg_molar_grade,MG Positive Molar Grade,1019,1419.0,0.0015853519372470263
G2_mg_molar_grade,MG Positive Molar Grade,633,1033.0,0.0015835635016116655
G2_mg_molar_grade,MG Positive Molar Grade,468,868.0,0.001551778369977761
G2_mg_molar_grade,MG Positive Molar Grade,762,1162.0,0.0015442840385330166
G2_mg_molar_grade,MG Positive Molar Grade,815,1215.0,0.001543232135412272
G2_mg_molar_grade,MG Positive Molar Grade,472,872.0,0.0015236865776689593
G2_mg_molar_grade,MG Positive Molar Grade,781,1181.0,0.0015011476264642596
G2_mg_molar_grade,MG Positive Molar Grade,788,1188.0,0.0014824173904987577
G2_mg_molar_grade,MG Positive Molar Grade,444,844.0,0.0014806923709382992
G2_mg_molar_grade,MG Positive Molar Grade,454,854.0,0.0014785346495369933
G2_mg_molar_grade,MG Positive Molar Grade,628,1028.0,0.0014691720965577756
G2_mg_molar_grade,MG Positive Molar Grade,506,906.0,0.0014544037620718858
G2_mg_molar_grade,MG Positive Molar Grade,1256,1656.0,0.0014470215404253015
G2_mg_molar_grade,MG Positive Molar Grade,641,1041.0,0.0014176667422086716
G2_mg_molar_grade,MG Positive Molar Grade,639,1039.0,0.001407640191663872
G2_mg_molar_grade,MG Positive Molar Grade,758,1158.0,0.0013609771575721868
G2_mg_molar_grade,MG Positive Molar Grade,691,1091.0,0.0013547809435799276
G2_mg_molar_grade,MG Positive Molar Grade,684,1084.0,0.001340147218509432
G2_mg_molar_grade,MG Positive Molar Grade,685,1085.0,0.0013280279176787918
G2_mg_molar_grade,MG Positive Molar Grade,631,1031.0,0.0013048239075578601
G2_mg_molar_grade,MG Positive Molar Grade,774,1174.0,0.0012929710718020695
G2_mg_molar_grade,MG Positive Molar Grade,447,847.0,0.0012811745845998273
G2_mg_molar_grade,MG Positive Molar Grade,636,1036.0,0.001274738485368881
G2_mg_molar_grade,MG Positive Molar Grade,778,1178.0,0.0012743541277201666
G2_mg_molar_grade,MG Positive Molar Grade,1022,1422.0,0.001274179121613906
G2_mg_molar_grade,MG Positive Molar Grade,452,852.0,0.0012734960295194622
G2_mg_molar_grade,MG Positive Molar Grade,81,481.0,0.0012726239871686889
G2_mg_molar_grade,MG Positive Molar Grade,623,1023.0,0.0012585440871475187
G2_mg_molar_grade,MG Positive Molar Grade,785,1185.0,0.0012273857783709102
G2_mg_molar_grade,MG Positive Molar Grade,469,869.0,0.0012218229446981927
G2_mg_molar_grade,MG Positive Molar Grade,1025,1425.0,0.0012196594803691055
G2_mg_molar_grade,MG Positive Molar Grade,1208,1608.0,0.0012184229494698621
G2_mg_molar_grade,MG Positive Molar Grade,690,1090.0,0.0012174223897266933
G2_mg_molar_grade,MG Positive Molar Grade,87,487.0,0.00119094177879369
G2_mg_molar_grade,MG Positive Molar Grade,279,679.0,0.00118141939247746
G2_mg_molar_grade,MG Positive Molar Grade,752,1152.0,0.0011488911125342098
G2_mg_molar_grade,MG Positive Molar Grade,457,857.0,0.0011477967734035434
G2_mg_molar_grade,MG Positive Molar Grade,819,1219.0,0.0011469264363172403
G2_mg_molar_grade,MG Positive Molar Grade,783,1183.0,0.0011442897861826437
G2_mg_molar_grade,MG Positive Molar Grade,323,723.0,0.0011423357502596974
G2_mg_molar_grade,MG Positive Molar Grade,505,905.0,0.001137036984563852
G2_mg_molar_grade,MG Positive Molar Grade,757,1157.0,0.0011358210913425628
G2_mg_molar_grade,MG Positive Molar Grade,886,1286.0,0.001131410867526951
G2_mg_molar_grade,MG Positive Molar Grade,1204,1604.0,0.0011267263439303505
G2_mg_molar_grade,MG Positive Molar Grade,1242,1642.0,0.0011256465309947366
G2_mg_molar_grade,MG Positive Molar Grade,688,1088.0,0.0011216855312663923
G2_mg_molar_grade,MG Positive Molar Grade,805,1205.0,0.0011173274453994565
G2_mg_molar_grade,MG Positive Molar Grade,602,1002.0,0.0011102755968577602
G2_mg_molar_grade,MG Positive Molar Grade,462,862.0,0.0011091531738543626
G2_mg_molar_grade,MG Positive Molar Grade,446,846.0,0.0011088886421043113
G2_mg_molar_grade,MG Positive Molar Grade,775,1175.0,0.001100796502775895
G2_mg_molar_grade,MG Positive Molar Grade,1205,1605.0,0.0010906753499239496
G2_mg_molar_grade,MG Positive Molar Grade,754,1154.0,0.001086308811590456
G2_mg_molar_grade,MG Positive Molar Grade,463,863.0,0.0010757031009215898
G2_mg_molar_grade,MG Positive Molar Grade,448,848.0,0.0010746062592705892
G2_mg_molar_grade,MG Positive Molar Grade,325,725.0,0.0010669324435335248
G2_mg_molar_grade,MG Positive Molar Grade,782,1182.0,0.0010621258160917293
G2_mg_molar_grade,MG Positive Molar Grade,445,845.0,0.0010612291890472907
G2_mg_molar_grade,MG Positive Molar Grade,507,907.0,0.001053622576462221
G2_mg_molar_grade,MG Positive Molar Grade,88,488.0,0.001050813397948401
G2_mg_molar_grade,MG Positive Molar Grade,769,1169.0,0.0010498267952338738
G2_mg_molar_grade,MG Positive Molar Grade,476,876.0,0.0010449342364473896
G2_mg_molar_grade,MG Positive Molar Grade,281,681.0,0.00104344446788215
G2_mg_molar_grade,MG Positive Molar Grade,459,859.0,0.0010364903523609732
G2_mg_molar_grade,MG Positive Molar Grade,464,864.0,0.001028188494393454
G2_mg_molar_grade,MG Positive Molar Grade,327,727.0,0.0010229908445326215
G2_mg_molar_grade,MG Positive Molar Grade,473,873.0,0.0010215927100827677
G2_mg_molar_grade,MG Positive Molar Grade,453,853.0,0.0010168913603521258
G2_mg_molar_grade,MG Positive Molar Grade,1026,1426.0,0.0010091235823313832
G2_mg_molar_grade,MG Positive Molar Grade,629,1029.0,0.0009978644346177025
G2_mg_molar_grade,MG Positive Molar Grade,576,976.0,0.0009970635306651907
G2_mg_molar_grade,MG Positive Molar Grade,456,856.0,0.0009959090757132312
G2_mg_molar_grade,MG Positive Molar Grade,503,903.0,0.0009952087813460148
G2_mg_molar_grade,MG Positive Molar Grade,1017,1417.0,0.0009931622587859318
G2_mg_molar_grade,MG Positive Molar Grade,753,1153.0,0.00099036201764708
G2_mg_molar_grade,MG Positive Molar Grade,773,1173.0,0.0009878008097331003
G2_mg_molar_grade,MG Positive Molar Grade,471,871.0,0.0009774256681153776
G2_mg_molar_grade,MG Positive Molar Grade,917,1317.0,0.0009753192922653928
G2_mg_molar_grade,MG Positive Molar Grade,1257,1657.0,0.0009704655640185787
G2_mg_molar_grade,MG Positive Molar Grade,1079,1479.0,0.0009679482924001987
G2_mg_molar_grade,MG Positive Molar Grade,626,1026.0,0.0009592583699668091
G2_mg_molar_grade,MG Positive Molar Grade,19,419.0,0.000958774418358657
G2_mg_molar_grade,MG Positive Molar Grade,766,1166.0,0.0009582100499817397
G2_mg_molar_grade,MG Positive Molar Grade,776,1176.0,0.0009565773544395605
G2_mg_molar_grade,MG Positive Molar Grade,918,1318.0,0.000956161016157008
G2_mg_molar_grade,MG Positive Molar Grade,659,1059.0,0.0009527516094867827
G2_mg_molar_grade,MG Positive Molar Grade,756,1156.0,0.0009407629858621192
G2_mg_molar_grade,MG Positive Molar Grade,777,1177.0,0.0009373132024642626
G2_mg_molar_grade,MG Positive Molar Grade,347,747.0,0.000937011579335662
G2_mg_molar_grade,MG Positive Molar Grade,1246,1646.0,0.0009363156255930956
G2_mg_molar_grade,MG Positive Molar Grade,449,849.0,0.0009317057153869019
G2_mg_molar_grade,MG Positive Molar Grade,14,414.0,0.0009269213248828108
G2_mg_molar_grade,MG Positive Molar Grade,772,1172.0,0.0009268496783028491
G2_mg_molar_grade,MG Positive Molar Grade,638,1038.0,0.0009170668056195929
G2_mg_molar_grade,MG Positive Molar Grade,450,850.0,0.0009074358243294257
G2_mg_molar_grade,MG Positive Molar Grade,1027,1427.0,0.0009048326666289979
G2_mg_molar_grade,MG Positive Molar Grade,1259,1659.0,0.0009010687174370662
G2_mg_molar_grade,MG Positive Molar Grade,817,1217.0,0.0008996386161866271
G2_mg_molar_grade,MG Positive Molar Grade,1209,1609.0,0.0008937319208695049
G2_mg_molar_grade,MG Positive Molar Grade,1264,1664.0,0.0008901858263542324
G2_mg_molar_grade,MG Positive Molar Grade,1254,1654.0,0.0008893243496874792
G2_mg_molar_grade,MG Positive Molar Grade,620,1020.0,0.0008807691574652293
G2_mg_molar_grade,MG Positive Molar Grade,621,1021.0,0.0008796403288167783
G2_mg_molar_grade,MG Positive Molar Grade,1069,1469.0,0.0008648221702025317
G2_mg_molar_grade,MG Positive Molar Grade,86,486.0,0.0008627608979980986
G2_mg_molar_grade,MG Positive Molar Grade,586,986.0,0.000860844693968227
G2_mg_molar_grade,MG Positive Molar Grade,990,1390.0,0.0008593821785734802
G2_mg_molar_grade,MG Positive Molar Grade,509,909.0,0.0008578208345996516
G2_mg_molar_grade,MG Positive Molar Grade,1245,1645.0,0.0008562032777194513
G2_mg_molar_grade,MG Positive Molar Grade,804,1204.0,0.0008561677819338246
G2_mg_molar_grade,MG Positive Molar Grade,624,1024.0,0.0008561027487357387
G2_mg_molar_grade,MG Positive Molar Grade,396,796.0,0.0008544173175296421
G2_mg_molar_grade,MG Positive Molar Grade,1247,1647.0,0.0008535750569069834
G2_mg_molar_grade,MG Positive Molar Grade,270,670.0,0.0008510435958469807
G2_mg_molar_grade,MG Positive Molar Grade,438,838.0,0.0008448270803358038
G2_mg_molar_grade,MG Positive Molar Grade,751,1151.0,0.0008445082946230008
G2_mg_molar_grade,MG Positive Molar Grade,1244,1644.0,0.0008275289099757073
G2_mg_molar_grade,MG Positive Molar Grade,16,416.0,0.0008268395463438363
G2_mg_molar_grade,MG Positive Molar Grade,625,1025.0,0.000826249049606704
G2_mg_molar_grade,MG Positive Molar Grade,1263,1663.0,0.0008234414093743046
G2_mg_molar_grade,MG Positive Molar Grade,439,839.0,0.0008225817596810854
G2_mg_molar_grade,MG Positive Molar Grade,1015,1415.0,0.0008217971398513939
G2_mg_molar_grade,MG Positive Molar Grade,801,1201.0,0.0008209672886757907
G2_mg_molar_grade,MG Positive Molar Grade,818,1218.0,0.0008106840943036287
G2_mg_molar_grade,MG Positive Molar Grade,451,851.0,0.0008098509602409071
G2_mg_molar_grade,MG Positive Molar Grade,1067,1467.0,0.00080829224462061
G2_mg_molar_grade,MG Positive Molar Grade,398,798.0,0.0008030772343484982
G2_mg_molar_grade,MG Positive Molar Grade,436,836.0,0.0008003798113510801
G2_mg_molar_grade,MG Positive Molar Grade,630,1030.0,0.0007966046123913359
G2_mg_molar_grade,MG Positive Molar Grade,640,1040.0,0.0007935898694430329
G2_mg_molar_grade,MG Positive Molar Grade,91,491.0,0.0007924505529989194
G2_mg_molar_grade,MG Positive Molar Grade,789,1189.0,0.0007893445640664246
G2_mg_molar_grade,MG Positive Molar Grade,441,841.0,0.0007814021416490613
G2_mg_molar_grade,MG Positive Molar Grade,779,1179.0,0.0007807232874548655
G2_mg_molar_grade,MG Positive Molar Grade,326,726.0,0.0007790644774437091
G2_mg_molar_grade,MG Positive Molar Grade,485,885.0,0.0007768445307527076
G2_mg_molar_grade,MG Positive Molar Grade,689,1089.0,0.0007759933785711491
G2_mg_molar_grade,MG Positive Molar Grade,479,879.0,0.0007688747170580342
G2_mg_molar_grade,MG Positive Molar Grade,999,1399.0,0.0007684970819072767
G2_mg_molar_grade,MG Positive Molar Grade,1253,1653.0,0.0007679841065508798
G2_mg_molar_grade,MG Positive Molar Grade,765,1165.0,0.0007661382848012864
G2_mg_molar_grade,MG Positive Molar Grade,658,1058.0,0.0007549267191866147
G2_mg_molar_grade,MG Positive Molar Grade,1020,1420.0,0.0007515104156594933
G2_mg_molar_grade,MG Positive Molar Grade,661,1061.0,0.0007514280644880882
G2_mg_molar_grade,MG Positive Molar Grade,322,722.0,0.0007502115445899224
G2_mg_molar_grade,MG Positive Molar Grade,527,927.0,0.0007488705071990638
G2_mg_molar_grade,MG Positive Molar Grade,388,788.0,0.000745039160344566
G2_mg_molar_grade,MG Positive Molar Grade,1018,1418.0,0.0007445060152473842
G2_mg_molar_grade,MG Positive Molar Grade,920,1320.0,0.0007433538099231039
G2_mg_molar_grade,MG Positive Molar Grade,764,1164.0,0.0007430165003426222
G2_mg_molar_grade,MG Positive Molar Grade,348,748.0,0.0007403598737379097
G2_mg_molar_grade,MG Positive Molar Grade,644,1044.0,0.0007393078475147509
G2_mg_molar_grade,MG Positive Molar Grade,82,482.0,0.0007392069103306007
G2_mg_molar_grade,MG Positive Molar Grade,1063,1463.0,0.0007381926341904825
G2_mg_molar_grade,MG Positive Molar Grade,425,825.0,0.0007369518806344368
G2_mg_molar_grade,MG Positive Molar Grade,1276,1676.0,0.0007349286548509014
G2_mg_molar_grade,MG Positive Molar Grade,482,882.0,0.0007319527476885628
G2_mg_molar_grade,MG Positive Molar Grade,1081,1481.0,0.0007318022142714086
G2_mg_molar_grade,MG Positive Molar Grade,683,1083.0,0.0007313938252276336
G2_mg_molar_grade,MG Positive Molar Grade,508,908.0,0.0007302782763175692
G2_mg_molar_grade,MG Positive Molar Grade,44,444.0,0.0007262278966836006
G2_mg_molar_grade,MG Positive Molar Grade,770,1170.0,0.000716858126463468
G2_mg_molar_grade,MG Positive Molar Grade,802,1202.0,0.0007118381264948256
G2_mg_molar_grade,MG Positive Molar Grade,310,710.0,0.0007104979668494263
G2_mg_molar_grade,MG Positive Molar Grade,1240,1640.0,0.0007055702850933814
G2_mg_molar_grade,MG Positive Molar Grade,606,1006.0,0.000703684244860871
G2_mg_molar_grade,MG Positive Molar Grade,1255,1655.0,0.0007032679339943721
G2_mg_molar_grade,MG Positive Molar Grade,1258,1658.0,0.00070270376248395
G2_mg_molar_grade,MG Positive Molar Grade,726,1126.0,0.0007009927269908568
G2_mg_molar_grade,MG Positive Molar Grade,1068,1468.0,0.0006996324644857117
G2_mg_molar_grade,MG Positive Molar Grade,526,926.0,0.0006990019190260973
G2_mg_molar_grade,MG Positive Molar Grade,285,685.0,0.0006988221774167679
G2_mg_molar_grade,MG Positive Molar Grade,692,1092.0,0.0006971723456896181
G2_mg_molar_grade,MG Positive Molar Grade,83,483.0,0.000694137267144858
G2_mg_molar_grade,MG Positive Molar Grade,470,870.0,0.0006910648761871703
G2_mg_molar_grade,MG Positive Molar Grade,750,1150.0,0.0006878060533754616
G2_mg_molar_grade,MG Positive Molar Grade,632,1032.0,0.0006874533752298802
G2_mg_molar_grade,MG Positive Molar Grade,648,1048.0,0.0006780665236276623
G2_mg_molar_grade,MG Positive Molar Grade,380,780.0,0.0006780273585349298
G2_mg_molar_grade,MG Positive Molar Grade,79,479.0,0.0006773685065407123
G2_mg_molar_grade,MG Positive Molar Grade,31,431.0,0.0006764772897960729
G2_mg_molar_grade,MG Positive Molar Grade,880,1280.0,0.0006762684543623631
G2_mg_molar_grade,MG Positive Molar Grade,882,1282.0,0.0006759994099665657
G2_mg_molar_grade,MG Positive Molar Grade,344,744.0,0.0006756002631245993
G2_mg_molar_grade,MG Positive Molar Grade,495,895.0,0.0006753946307382072
G2_mg_molar_grade,MG Positive Molar Grade,328,728.0,0.0006733975374201022
G2_mg_molar_grade,MG Positive Molar Grade,280,680.0,0.0006729063935013383
G2_mg_molar_grade,MG Positive Molar Grade,278,678.0,0.0006710990165455793
G2_mg_molar_grade,MG Positive Molar Grade,1070,1470.0,0.0006696031178974938
G2_mg_molar_grade,MG Positive Molar Grade,652,1052.0,0.000666523596367558
G2_mg_molar_grade,MG Positive Molar Grade,475,875.0,0.0006647664406846955
G2_mg_molar_grade,MG Positive Molar Grade,1251,1651.0,0.0006624577214101923
G2_mg_molar_grade,MG Positive Molar Grade,1031,1431.0,0.0006622803636616481
G2_mg_molar_grade,MG Positive Molar Grade,273,673.0,0.0006611741121486228
G2_mg_molar_grade,MG Positive Molar Grade,1238,1638.0,0.000659317136606955
G2_mg_molar_grade,MG Positive Molar Grade,431,831.0,0.0006587641956585162
G2_mg_molar_grade,MG Positive Molar Grade,107,507.0,0.0006566886203408606
G2_mg_molar_grade,MG Positive Molar Grade,75,475.0,0.0006553535406573117
G2_mg_molar_grade,MG Positive Molar Grade,1000,1400.0,0.00065431567618622
G2_mg_molar_grade,MG Positive Molar Grade,96,496.0,0.000652842700523952
G2_mg_molar_grade,MG Positive Molar Grade,282,682.0,0.0006520865225088335
G2_mg_molar_grade,MG Positive Molar Grade,724,1124.0,0.0006518399630782522
G2_mg_molar_grade,MG Positive Molar Grade,820,1220.0,0.0006505675923668191
G2_mg_molar_grade,MG Positive Molar Grade,90,490.0,0.000646432951650324
G2_mg_molar_grade,MG Positive Molar Grade,919,1319.0,0.0006457251263236279
G2_mg_molar_grade,MG Positive Molar Grade,1212,1612.0,0.0006452589403209845
G2_mg_molar_grade,MG Positive Molar Grade,663,1063.0,0.0006450301171443294
G2_mg_molar_grade,MG Positive Molar Grade,1314,1714.0,0.0006435818157410507
G2_mg_molar_grade,MG Positive Molar Grade,9,409.0,0.0006424425510057688
G2_mg_molar_grade,MG Positive Molar Grade,867,1267.0,0.0006424102460562261
G2_mg_molar_grade,MG Positive Molar Grade,76,476.0,0.0006402314770106522
G2_mg_molar_grade,MG Positive Molar Grade,324,724.0,0.0006387229968515943
G2_mg_molar_grade,MG Positive Molar Grade,885,1285.0,0.0006364827603855754
G2_mg_molar_grade,MG Positive Molar Grade,478,878.0,0.0006348793457459284
G2_mg_molar_grade,MG Positive Molar Grade,1168,1568.0,0.0006342501007580408
G2_mg_molar_grade,MG Positive Molar Grade,283,683.0,0.0006323462308554533
G2_mg_molar_grade,MG Positive Molar Grade,474,874.0,0.0006308895824183289
G2_mg_molar_grade,MG Positive Molar Grade,483,883.0,0.0006293438548686758
G2_mg_molar_grade,MG Positive Molar Grade,965,1365.0,0.000629031127144437
G2_mg_molar_grade,MG Positive Molar Grade,18,418.0,0.0006264877460041354
G2_mg_molar_grade,MG Positive Molar Grade,768,1168.0,0.0006198615040434299
G2_mg_molar_grade,MG Positive Molar Grade,852,1252.0,0.0006184414639492626
G2_mg_molar_grade,MG Positive Molar Grade,24,424.0,0.000618111489364301
G2_mg_molar_grade,MG Positive Molar Grade,1024,1424.0,0.0006170800157538546
G2_mg_molar_grade,MG Positive Molar Grade,73,473.0,0.0006151306712827077
G2_mg_molar_grade,MG Positive Molar Grade,1080,1480.0,0.0006050107918046226
G2_mg_molar_grade,MG Positive Molar Grade,655,1055.0,0.0006045343567665757
G2_mg_molar_grade,MG Positive Molar Grade,1248,1648.0,0.0006043602306536932
G2_mg_molar_grade,MG Positive Molar Grade,1088,1488.0,0.0006040812718752965
G2_mg_molar_grade,MG Positive Molar Grade,763,1163.0,0.0006028138296811299
G2_mg_molar_grade,MG Positive Molar Grade,1292,1692.0,0.0006019502983233266
G2_mg_molar_grade,MG Positive Molar Grade,275,675.0,0.0006004023603664619
G2_mg_molar_grade,MG Positive Molar Grade,671,1071.0,0.0005993362141535839
G2_mg_molar_grade,MG Positive Molar Grade,749,1149.0,0.0005966130864035617
G2_mg_molar_grade,MG Positive Molar Grade,329,729.0,0.0005941884996034294
G2_mg_molar_grade,MG Positive Molar Grade,730,1130.0,0.0005912677043741011
G2_mg_molar_grade,MG Positive Molar Grade,767,1167.0,0.0005902220225783199
G2_mg_molar_grade,MG Positive Molar Grade,853,1253.0,0.0005877215163350911
G2_mg_molar_grade,MG Positive Molar Grade,874,1274.0,0.0005814300492732358
G2_mg_molar_grade,MG Positive Molar Grade,562,962.0,0.0005807467902268746
G2_mg_molar_grade,MG Positive Molar Grade,186,586.0,0.0005787655889965723
G2_mg_molar_grade,MG Positive Molar Grade,510,910.0,0.0005758208621728011
G2_mg_molar_grade,MG Positive Molar Grade,43,443.0,0.0005745712097954208
G2_mg_molar_grade,MG Positive Molar Grade,1076,1476.0,0.0005725584646308822
G2_mg_molar_grade,MG Positive Molar Grade,455,855.0,0.0005699035940286847
G2_mg_molar_grade,MG Positive Molar Grade,311,711.0,0.0005697655618839428
G2_mg_molar_grade,MG Positive Molar Grade,45,445.0,0.0005671540220568055
G2_mg_molar_grade,MG Positive Molar Grade,646,1046.0,0.0005630785523239588
G2_mg_molar_grade,MG Positive Molar Grade,21,421.0,0.0005617157774067518
G2_mg_molar_grade,MG Positive Molar Grade,461,861.0,0.0005616373719292326
G2_mg_molar_grade,MG Positive Molar Grade,982,1382.0,0.0005608659372652925
G2_mg_molar_grade,MG Positive Molar Grade,458,858.0,0.000558055335828884
G2_mg_molar_grade,MG Positive Molar Grade,496,896.0,0.0005579656202963848
G2_mg_molar_grade,MG Positive Molar Grade,424,824.0,0.0005529985075283516
G2_mg_molar_grade,MG Positive Molar Grade,1071,1471.0,0.0005524606254711811
G2_mg_molar_grade,MG Positive Molar Grade,333,733.0,0.0005518853518292717
G2_mg_molar_grade,MG Positive Molar Grade,512,912.0,0.0005507093714108825
G2_mg_molar_grade,MG Positive Molar Grade,13,413.0,0.0005505285144631071
G2_mg_molar_grade,MG Positive Molar Grade,1220,1620.0,0.0005502870411994975
G2_mg_molar_grade,MG Positive Molar Grade,800,1200.0,0.0005462274248366637
G2_mg_molar_grade,MG Positive Molar Grade,72,472.0,0.0005452669596351308
G2_mg_molar_grade,MG Positive Molar Grade,736,1136.0,0.0005432401171772465
G2_mg_molar_grade,MG Positive Molar Grade,881,1281.0,0.0005415393696569885
G2_mg_molar_grade,MG Positive Molar Grade,33,433.0,0.0005403819032533325
G2_mg_molar_grade,MG Positive Molar Grade,585,985.0,0.0005401683208335737
G2_mg_molar_grade,MG Positive Molar Grade,798,1198.0,0.000539337141464568
G2_mg_molar_grade,MG Positive Molar Grade,342,742.0,0.000538952295540701
G2_mg_molar_grade,MG Positive Molar Grade,1213,1613.0,0.0005377098531335276
G2_mg_molar_grade,MG Positive Molar Grade,997,1397.0,0.0005358396353049477
G2_mg_molar_grade,MG Positive Molar Grade,955,1355.0,0.0005357355452405159
G2_mg_molar_grade,MG Positive Molar Grade,578,978.0,0.0005352644121827052
G2_mg_molar_grade,MG Positive Molar Grade,89,489.0,0.000534864791615738
G2_mg_molar_grade,MG Positive Molar Grade,343,743.0,0.0005346911899883797
G2_mg_molar_grade,MG Positive Molar Grade,307,707.0,0.0005317183130929716
G2_mg_molar_grade,MG Positive Molar Grade,1221,1621.0,0.0005308459780887923
G2_mg_molar_grade,MG Positive Molar Grade,423,823.0,0.0005298967343589935
G2_mg_molar_grade,MG Positive Molar Grade,1203,1603.0,0.0005298733231000254
G2_mg_molar_grade,MG Positive Molar Grade,643,1043.0,0.0005291268947936567
G2_mg_molar_grade,MG Positive Molar Grade,1273,1673.0,0.0005285230246049018
G2_mg_molar_grade,MG Positive Molar Grade,976,1376.0,0.0005285059537305951
G2_mg_molar_grade,MG Positive Molar Grade,697,1097.0,0.0005284438419601891
G2_mg_molar_grade,MG Positive Molar Grade,1183,1583.0,0.0005251089021499077
G2_mg_molar_grade,MG Positive Molar Grade,284,684.0,0.0005250862084957351
G2_mg_molar_grade,MG Positive Molar Grade,17,417.0,0.0005247386948425536
G2_mg_molar_grade,MG Positive Molar Grade,710,1110.0,0.00052382121125474
G2_mg_molar_grade,MG Positive Molar Grade,71,471.0,0.0005235257247606167
G2_mg_molar_grade,MG Positive Molar Grade,1073,1473.0,0.0005222427059777512
G2_mg_molar_grade,MG Positive Molar Grade,1028,1428.0,0.0005221463625997866
G2_mg_molar_grade,MG Positive Molar Grade,1265,1665.0,0.0005217428816845392
G2_mg_molar_grade,MG Positive Molar Grade,745,1145.0,0.0005216480593965256
G2_mg_molar_grade,MG Positive Molar Grade,274,674.0,0.0005215142726843073
G2_mg_molar_grade,MG Positive Molar Grade,430,830.0,0.0005213240239542797
G2_mg_molar_grade,MG Positive Molar Grade,345,745.0,0.000519730623117232
G2_mg_molar_grade,MG Positive Molar Grade,674,1074.0,0.0005193840099759381
G2_mg_molar_grade,MG Positive Molar Grade,865,1265.0,0.0005186552932069497
G2_mg_molar_grade,MG Positive Molar Grade,1087,1487.0,0.0005185844210184734
G2_mg_molar_grade,MG Positive Molar Grade,97,497.0,0.0005180028456824352
G2_mg_molar_grade,MG Positive Molar Grade,584,984.0,0.0005138354447707387
G2_mg_molar_grade,MG Positive Molar Grade,428,828.0,0.0005116285219433751
G2_mg_molar_grade,MG Positive Molar Grade,1036,1436.0,0.000509835830989553
G2_mg_molar_grade,MG Positive Molar Grade,27,427.0,0.0005090352779695407
G2_mg_molar_grade,MG Positive Molar Grade,821,1221.0,0.000508601551081536
G2_mg_molar_grade,MG Positive Molar Grade,395,795.0,0.0005073016894848741
G2_mg_molar_grade,MG Positive Molar Grade,991,1391.0,0.0005062348076752714
G2_mg_molar_grade,MG Positive Molar Grade,397,797.0,0.0005056242729598103
G2_mg_molar_grade,MG Positive Molar Grade,360,760.0,0.0005041349799378238
G2_mg_molar_grade,MG Positive Molar Grade,504,904.0,0.0005029396639335737
G2_mg_molar_grade,MG Positive Molar Grade,481,881.0,0.0005012097465696483
G2_mg_molar_grade,MG Positive Molar Grade,1250,1650.0,0.0004996062398741668
G2_mg_molar_grade,MG Positive Molar Grade,427,827.0,0.0004996043539024622
G2_mg_molar_grade,MG Positive Molar Grade,686,1086.0,0.0004964893709045935
G2_mg_molar_grade,MG Positive Molar Grade,682,1082.0,0.0004961630170488643
G2_mg_molar_grade,MG Positive Molar Grade,108,508.0,0.0004954600758806648
G2_mg_molar_grade,MG Positive Molar Grade,1066,1466.0,0.00049410417459896
G2_mg_molar_grade,MG Positive Molar Grade,401,801.0,0.0004932114753464039
G2_mg_molar_grade,MG Positive Molar Grade,1002,1402.0,0.0004924814112861973
G2_mg_molar_grade,MG Positive Molar Grade,15,415.0,0.0004919609407740371
G2_mg_molar_grade,MG Positive Molar Grade,22,422.0,0.0004906008587332657
G2_mg_molar_grade,MG Positive Molar Grade,12,412.0,0.0004894077642058355
G2_mg_molar_grade,MG Positive Molar Grade,613,1013.0,0.0004893195918258097
G2_mg_molar_grade,MG Positive Molar Grade,85,485.0,0.0004890441776526598
G2_mg_molar_grade,MG Positive Molar Grade,109,509.0,0.00048557210696980116
G2_mg_molar_grade,MG Positive Molar Grade,1064,1464.0,0.0004853032565215479
G2_mg_molar_grade,MG Positive Molar Grade,797,1197.0,0.0004835219494621916
G2_mg_molar_grade,MG Positive Molar Grade,514,914.0,0.000482320428063898
G2_mg_molar_grade,MG Positive Molar Grade,1252,1652.0,0.0004803346595010124
G2_mg_molar_grade,MG Positive Molar Grade,1217,1617.0,0.00048029246183903013
G2_mg_molar_grade,MG Positive Molar Grade,922,1322.0,0.00047985814453217355
G2_mg_molar_grade,MG Positive Molar Grade,887,1287.0,0.00047880714671164065
G2_mg_molar_grade,MG Positive Molar Grade,1089,1489.0,0.00047841455961018814
G2_mg_molar_grade,MG Positive Molar Grade,888,1288.0,0.0004769382697513864
G2_mg_molar_grade,MG Positive Molar Grade,381,781.0,0.00047642124447602226
G2_mg_molar_grade,MG Positive Molar Grade,188,588.0,0.00047635500077253024
G2_mg_molar_grade,MG Positive Molar Grade,600,1000.0,0.0004763106139487966
G2_mg_molar_grade,MG Positive Molar Grade,352,752.0,0.00047325612082644696
G2_mg_molar_grade,MG Positive Molar Grade,645,1045.0,0.0004729630199246416
G2_mg_molar_grade,MG Positive Molar Grade,921,1321.0,0.00047028794199081674
G2_mg_molar_grade,MG Positive Molar Grade,725,1125.0,0.00046992887967783426
G2_mg_molar_grade,MG Positive Molar Grade,980,1380.0,0.0004661059086505506
G2_mg_molar_grade,MG Positive Molar Grade,627,1027.0,0.0004657080677449192
G2_mg_molar_grade,MG Positive Molar Grade,998,1398.0,0.00046426372917041813
G2_mg_molar_grade,MG Positive Molar Grade,74,474.0,0.0004635386932596682
G2_mg_molar_grade,MG Positive Molar Grade,1012,1412.0,0.0004634097022630246
G2_mg_molar_grade,MG Positive Molar Grade,84,484.0,0.000462639376148018
G2_mg_molar_grade,MG Positive Molar Grade,40,440.0,0.00046231307790674426
G2_mg_molar_grade,MG Positive Molar Grade,790,1190.0,0.00046228914483830227
G2_mg_molar_grade,MG Positive Molar Grade,313,713.0,0.00046123660976097605
G2_mg_molar_grade,MG Positive Molar Grade,390,790.0,0.00046004536127965936
G2_mg_molar_grade,MG Positive Molar Grade,985,1385.0,0.0004585446303264221
G2_mg_molar_grade,MG Positive Molar Grade,924,1324.0,0.0004577507666523493
G2_mg_molar_grade,MG Positive Molar Grade,1140,1540.0,0.00045715978372496357
G2_mg_molar_grade,MG Positive Molar Grade,988,1388.0,0.0004570614192821313
G2_mg_molar_grade,MG Positive Molar Grade,378,778.0,0.0004570169971753839
G2_mg_molar_grade,MG Positive Molar Grade,77,477.0,0.0004568998185298848
G2_mg_molar_grade,MG Positive Molar Grade,1293,1693.0,0.0004562721095629144
G2_mg_molar_grade,MG Positive Molar Grade,39,439.0,0.0004553720300302836
G2_mg_molar_grade,MG Positive Molar Grade,650,1050.0,0.0004524636262728557
G2_mg_molar_grade,MG Positive Molar Grade,1053,1453.0,0.0004514491817213892
G2_mg_molar_grade,MG Positive Molar Grade,320,720.0,0.000451060437166165
G2_mg_molar_grade,MG Positive Molar Grade,651,1051.0,0.00044954443507480313
G2_mg_molar_grade,MG Positive Molar Grade,1365,1765.0,0.0004483331321181103
G2_mg_molar_grade,MG Positive Molar Grade,739,1139.0,0.000446077216211101
G2_mg_molar_grade,MG Positive Molar Grade,582,982.0,0.00044581050034273826
G2_mg_molar_grade,MG Positive Molar Grade,93,493.0,0.0004451770181104232
G2_mg_molar_grade,MG Positive Molar Grade,1142,1542.0,0.0004443659451623255
G2_mg_molar_grade,MG Positive Molar Grade,1038,1438.0,0.0004441087668894065
G2_mg_molar_grade,MG Positive Molar Grade,992,1392.0,0.0004437033478403542
G2_mg_molar_grade,MG Positive Molar Grade,687,1087.0,0.00044369484578319116
G2_mg_molar_grade,MG Positive Molar Grade,477,877.0,0.00044326045172843136
G2_mg_molar_grade,MG Positive Molar Grade,856,1256.0,0.00044324264729755805
G2_mg_molar_grade,MG Positive Molar Grade,443,843.0,0.0004431351254265558
G2_mg_molar_grade,MG Positive Molar Grade,581,981.0,0.00044289363328305444
G2_mg_molar_grade,MG Positive Molar Grade,967,1367.0,0.00044267392522441405
G2_mg_molar_grade,MG Positive Molar Grade,297,697.0,0.00044257570112707427
G2_mg_molar_grade,MG Positive Molar Grade,834,1234.0,0.00044200559379919946
G2_mg_molar_grade,MG Positive Molar Grade,986,1386.0,0.00044157852538302157
G2_mg_molar_grade,MG Positive Molar Grade,341,741.0,0.00044084351132556236
G2_mg_molar_grade,MG Positive Molar Grade,996,1396.0,0.000439932167641572
G2_mg_molar_grade,MG Positive Molar Grade,399,799.0,0.0004398783625078485
G2_mg_molar_grade,MG Positive Molar Grade,673,1073.0,0.0004376574830848958
G2_mg_molar_grade,MG Positive Molar Grade,296,696.0,0.00043680090482935683
G2_mg_molar_grade,MG Positive Molar Grade,647,1047.0,0.00043575636761405197
G2_mg_molar_grade,MG Positive Molar Grade,670,1070.0,0.0004354595029424562
G2_mg_molar_grade,MG Positive Molar Grade,1171,1571.0,0.0004346343735654914
G2_mg_molar_grade,MG Positive Molar Grade,1303,1703.0,0.00043388634280028027
G2_mg_molar_grade,MG Positive Molar Grade,702,1102.0,0.0004334414837788708
G2_mg_molar_grade,MG Positive Molar Grade,80,480.0,0.00043296103506661334
G2_mg_molar_grade,MG Positive Molar Grade,319,719.0,0.000432697167747338
G2_mg_molar_grade,MG Positive Molar Grade,681,1081.0,0.00043221837169983037
G2_mg_molar_grade,MG Positive Molar Grade,394,794.0,0.0004305625528038288
G2_mg_molar_grade,MG Positive Molar Grade,707,1107.0,0.0004304185629462994
G2_mg_molar_grade,MG Positive Molar Grade,959,1359.0,0.0004293290065299911
G2_mg_molar_grade,MG Positive Molar Grade,642,1042.0,0.00042834651707963917
G2_mg_molar_grade,MG Positive Molar Grade,331,731.0,0.0004273454598612395
G2_mg_molar_grade,MG Positive Molar Grade,277,677.0,0.0004250158885315412
G2_mg_molar_grade,MG Positive Molar Grade,803,1203.0,0.00042400895654111083
G2_mg_molar_grade,MG Positive Molar Grade,1215,1615.0,0.00042255529951011167
G2_mg_molar_grade,MG Positive Molar Grade,1101,1501.0,0.0004214601383148046
G2_mg_molar_grade,MG Positive Molar Grade,1021,1421.0,0.00042138121794436554
G2_mg_molar_grade,MG Positive Molar Grade,1262,1662.0,0.000420852618410969
G2_mg_molar_grade,MG Positive Molar Grade,116,516.0,0.00041991374317732274
G2_mg_molar_grade,MG Positive Molar Grade,493,893.0,0.00041747208816752895
G2_mg_molar_grade,MG Positive Molar Grade,979,1379.0,0.000417166926379375
G2_mg_molar_grade,MG Positive Molar Grade,851,1251.0,0.000417121344858819
G2_mg_molar_grade,MG Positive Molar Grade,916,1316.0,0.00041560123108860244
G2_mg_molar_grade,MG Positive Molar Grade,1243,1643.0,0.0004154045280140024
G2_mg_molar_grade,MG Positive Molar Grade,1277,1677.0,0.00041525066648855476
G2_mg_molar_grade,MG Positive Molar Grade,437,837.0,0.00041328315522084954
G2_mg_molar_grade,MG Positive Molar Grade,25,425.0,0.0004127292214348766
G2_mg_molar_grade,MG Positive Molar Grade,665,1065.0,0.00041165341841366623
G2_mg_molar_grade,MG Positive Molar Grade,294,694.0,0.0004115857104398553
G2_mg_molar_grade,MG Positive Molar Grade,1013,1413.0,0.0004113407028747456
G2_mg_molar_grade,MG Positive Molar Grade,346,746.0,0.00041104264884207184
G2_mg_molar_grade,MG Positive Molar Grade,400,800.0,0.00040970176670695335
G2_mg_molar_grade,MG Positive Molar Grade,1249,1649.0,0.0004090030186032095
G2_mg_molar_grade,MG Positive Molar Grade,603,1003.0,0.00040825267248522273
G2_mg_molar_grade,MG Positive Molar Grade,336,736.0,0.0004075325799138704
G2_mg_molar_grade,MG Positive Molar Grade,1261,1661.0,0.0004067356514428816
G2_mg_molar_grade,MG Positive Molar Grade,272,672.0,0.0004062479319092751
G2_mg_molar_grade,MG Positive Molar Grade,662,1062.0,0.00040622056969505784
G2_mg_molar_grade,MG Positive Molar Grade,836,1236.0,0.0004061722237902
G2_mg_molar_grade,MG Positive Molar Grade,737,1137.0,0.00040613041586827763
G2_mg_molar_grade,MG Positive Molar Grade,484,884.0,0.0004060599070688564
G2_mg_molar_grade,MG Positive Molar Grade,92,492.0,0.00040542177665046046
G2_mg_molar_grade,MG Positive Molar Grade,989,1389.0,0.00040526109182804394
G2_mg_molar_grade,MG Positive Molar Grade,231,631.0,0.00040443208123168
G2_mg_molar_grade,MG Positive Molar Grade,966,1366.0,0.0004035478658915492
G2_mg_molar_grade,MG Positive Molar Grade,573,973.0,0.0004023207352223768
G2_mg_molar_grade,MG Positive Molar Grade,1006,1406.0,0.000401465302588047
G2_mg_molar_grade,MG Positive Molar Grade,98,498.0,0.00040144194104195713
G2_mg_molar_grade,MG Positive Molar Grade,694,1094.0,0.000400745833627411
G2_mg_molar_grade,MG Positive Molar Grade,695,1095.0,0.00040035417719591225
G2_mg_molar_grade,MG Positive Molar Grade,622,1022.0,0.0003999227239939991
G2_mg_molar_grade,MG Positive Molar Grade,32,432.0,0.00039960527860500797
G2_mg_molar_grade,MG Positive Molar Grade,340,740.0,0.00039925768575161736
G2_mg_molar_grade,MG Positive Molar Grade,746,1146.0,0.0003968478078921113
G2_mg_molar_grade,MG Positive Molar Grade,1181,1581.0,0.0003967620286236297
G2_mg_molar_grade,MG Positive Molar Grade,987,1387.0,0.0003965751592152832
G2_mg_molar_grade,MG Positive Molar Grade,1004,1404.0,0.0003961606906746799
G2_mg_molar_grade,MG Positive Molar Grade,442,842.0,0.0003957890025067758
G2_mg_molar_grade,MG Positive Molar Grade,672,1072.0,0.00039478577947488225
G2_mg_molar_grade,MG Positive Molar Grade,570,970.0,0.00039468528416346547
G2_mg_molar_grade,MG Positive Molar Grade,35,435.0,0.00039449176839822126
G2_mg_molar_grade,MG Positive Molar Grade,500,900.0,0.0003943351076711886
G2_mg_molar_grade,MG Positive Molar Grade,1182,1582.0,0.00039327038074433806
G2_mg_molar_grade,MG Positive Molar Grade,271,671.0,0.00039326222461393207
G2_mg_molar_grade,MG Positive Molar Grade,799,1199.0,0.00039321219920521026
G2_mg_molar_grade,MG Positive Molar Grade,528,928.0,0.0003926343542914914
G2_mg_molar_grade,MG Positive Molar Grade,1367,1767.0,0.0003915438874872302
G2_mg_molar_grade,MG Positive Molar Grade,878,1278.0,0.0003913896563959812
G2_mg_molar_grade,MG Positive Molar Grade,308,708.0,0.00039123095954941487
G2_mg_molar_grade,MG Positive Molar Grade,1290,1690.0,0.00038911115650590175
G2_mg_molar_grade,MG Positive Molar Grade,392,792.0,0.0003867300141977348
G2_mg_molar_grade,MG Positive Molar Grade,1166,1566.0,0.0003864422704839808
G2_mg_molar_grade,MG Positive Molar Grade,434,834.0,0.0003857543404597289
G2_mg_molar_grade,MG Positive Molar Grade,1364,1764.0,0.0003853819546261987
G2_mg_molar_grade,MG Positive Molar Grade,1362,1762.0,0.0003851429875657117
G2_mg_molar_grade,MG Positive Molar Grade,1043,1443.0,0.0003849462641028179
G2_mg_molar_grade,MG Positive Molar Grade,276,676.0,0.00038456252572964436
G2_mg_molar_grade,MG Positive Molar Grade,41,441.0,0.0003844450177609778
G2_mg_molar_grade,MG Positive Molar Grade,51,451.0,0.00038418043916781813
G2_mg_molar_grade,MG Positive Molar Grade,717,1117.0,0.00038376654598543374
G2_mg_molar_grade,MG Positive Molar Grade,1049,1449.0,0.0003837453207600849
G2_mg_molar_grade,MG Positive Molar Grade,105,505.0,0.00038327930913497547
G2_mg_molar_grade,MG Positive Molar Grade,1167,1567.0,0.00038251801818322775
G2_mg_molar_grade,MG Positive Molar Grade,130,530.0,0.0003824219230899523
G2_mg_molar_grade,MG Positive Molar Grade,589,989.0,0.00038229516627539953
G2_mg_molar_grade,MG Positive Molar Grade,911,1311.0,0.00038200720414796456
G2_mg_molar_grade,MG Positive Molar Grade,1366,1766.0,0.00038080681187999555
G2_mg_molar_grade,MG Positive Molar Grade,61,461.0,0.0003800729695056629
G2_mg_molar_grade,MG Positive Molar Grade,983,1383.0,0.0003800539826916445
G2_mg_molar_grade,MG Positive Molar Grade,731,1131.0,0.0003789734298549066
G2_mg_molar_grade,MG Positive Molar Grade,660,1060.0,0.0003753510596706412
G2_mg_molar_grade,MG Positive Molar Grade,1078,1478.0,0.00037370342104829966
G2_mg_molar_grade,MG Positive Molar Grade,1222,1622.0,0.00037218003455757816
G2_mg_molar_grade,MG Positive Molar Grade,1179,1579.0,0.0003718813443103895
G2_mg_molar_grade,MG Positive Molar Grade,113,513.0,0.0003717220695945041
G2_mg_molar_grade,MG Positive Molar Grade,1074,1474.0,0.0003716222154953787
G2_mg_molar_grade,MG Positive Molar Grade,60,460.0,0.0003702224635794816
G2_mg_molar_grade,MG Positive Molar Grade,58,458.0,0.00037015542929403874
G2_mg_molar_grade,MG Positive Molar Grade,38,438.0,0.00036945217621532135
G2_mg_molar_grade,MG Positive Molar Grade,523,923.0,0.0003686845716166088
G2_mg_molar_grade,MG Positive Molar Grade,975,1375.0,0.00036858944896929604
G2_mg_molar_grade,MG Positive Molar Grade,480,880.0,0.0003670954009633198
G2_mg_molar_grade,MG Positive Molar Grade,1195,1595.0,0.0003668081200162668
G2_mg_molar_grade,MG Positive Molar Grade,0,400.0,0.00036619535660008316
G2_mg_molar_grade,MG Positive Molar Grade,366,766.0,0.0003661891322828044
G2_mg_molar_grade,MG Positive Molar Grade,42,442.0,0.00036478622461829865
G2_mg_molar_grade,MG Positive Molar Grade,723,1123.0,0.0003646985735074511
G2_mg_molar_grade,MG Positive Molar Grade,377,777.0,0.0003639296263206896
G2_mg_molar_grade,MG Positive Molar Grade,964,1364.0,0.0003637754904781375
G2_mg_molar_grade,MG Positive Molar Grade,1099,1499.0,0.0003631723191467075
G2_mg_molar_grade,MG Positive Molar Grade,705,1105.0,0.0003627453181104141
G2_mg_molar_grade,MG Positive Molar Grade,1218,1618.0,0.00036251996423586965
G2_mg_molar_grade,MG Positive Molar Grade,246,646.0,0.000362462072176198
G2_mg_molar_grade,MG Positive Molar Grade,368,768.0,0.0003614604039257373
G2_mg_molar_grade,MG Positive Molar Grade,664,1064.0,0.0003608837284139553
G2_mg_molar_grade,MG Positive Molar Grade,349,749.0,0.0003601606560121701
G2_mg_molar_grade,MG Positive Molar Grade,1090,1490.0,0.00035987689609727263
G2_mg_molar_grade,MG Positive Molar Grade,875,1275.0,0.0003596692516668856
G2_mg_molar_grade,MG Positive Molar Grade,569,969.0,0.00035947378604766133
G2_mg_molar_grade,MG Positive Molar Grade,181,581.0,0.0003594650302371398
G2_mg_molar_grade,MG Positive Molar Grade,95,495.0,0.00035945776430461687
G2_mg_molar_grade,MG Positive Molar Grade,604,1004.0,0.0003592320899754972
G2_mg_molar_grade,MG Positive Molar Grade,312,712.0,0.0003588267281442299
G2_mg_molar_grade,MG Positive Molar Grade,1374,1774.0,0.0003586805944351562
G2_mg_molar_grade,MG Positive Molar Grade,94,494.0,0.000358225336949578
G2_mg_molar_grade,MG Positive Molar Grade,950,1350.0,0.0003579439162665096
G2_mg_molar_grade,MG Positive Molar Grade,1100,1500.0,0.00035739057381549704
G2_mg_molar_grade,MG Positive Molar Grade,1197,1597.0,0.0003556529932703917
G2_mg_molar_grade,MG Positive Molar Grade,1169,1569.0,0.00035508333988786765
G2_mg_molar_grade,MG Positive Molar Grade,1361,1761.0,0.00035475206307958854
G2_mg_molar_grade,MG Positive Molar Grade,831,1231.0,0.0003546540001162723
G2_mg_molar_grade,MG Positive Molar Grade,191,591.0,0.0003533399220920613
G2_mg_molar_grade,MG Positive Molar Grade,106,506.0,0.00035172391612040715
G2_mg_molar_grade,MG Positive Molar Grade,489,889.0,0.0003512618667388078
G2_mg_molar_grade,MG Positive Molar Grade,680,1080.0,0.0003511179319543618
G2_mg_molar_grade,MG Positive Molar Grade,502,902.0,0.0003510191836350943
G2_mg_molar_grade,MG Positive Molar Grade,721,1121.0,0.0003505172679985275
G2_mg_molar_grade,MG Positive Molar Grade,1268,1668.0,0.0003501605757937758
G2_mg_molar_grade,MG Positive Molar Grade,379,779.0,0.00034911883489151507
G2_mg_molar_grade,MG Positive Molar Grade,34,434.0,0.00034908325022937436
G2_mg_molar_grade,MG Positive Molar Grade,47,447.0,0.0003490291502321415
G2_mg_molar_grade,MG Positive Molar Grade,112,512.0,0.00034892840093834034
G2_mg_molar_grade,MG Positive Molar Grade,994,1394.0,0.00034872413519005264
G2_mg_molar_grade,MG Positive Molar Grade,52,452.0,0.00034867669881997245
G2_mg_molar_grade,MG Positive Molar Grade,339,739.0,0.00034815138467057024
G2_mg_molar_grade,MG Positive Molar Grade,729,1129.0,0.000348073014176711
G2_mg_molar_grade,MG Positive Molar Grade,1198,1598.0,0.00034713603283495525
G2_mg_molar_grade,MG Positive Molar Grade,605,1005.0,0.000347045684129712
G2_mg_molar_grade,MG Positive Molar Grade,28,428.0,0.0003467597341533066
G2_mg_molar_grade,MG Positive Molar Grade,257,657.0,0.00034659578708357344
G2_mg_molar_grade,MG Positive Molar Grade,657,1057.0,0.00034630102270260464
G2_mg_molar_grade,MG Positive Molar Grade,309,709.0,0.0003457605046983406
G2_mg_molar_grade,MG Positive Molar Grade,111,511.0,0.00034546606342766276
G2_mg_molar_grade,MG Positive Molar Grade,879,1279.0,0.0003453073540015493
G2_mg_molar_grade,MG Positive Molar Grade,656,1056.0,0.00034379660139250204
G2_mg_molar_grade,MG Positive Molar Grade,1219,1619.0,0.00034348271946649093
G2_mg_molar_grade,MG Positive Molar Grade,433,833.0,0.00034278780923159243
G2_mg_molar_grade,MG Positive Molar Grade,156,556.0,0.00034269982381639565
G2_mg_molar_grade,MG Positive Molar Grade,1084,1484.0,0.0003408662645904136
G2_mg_molar_grade,MG Positive Molar Grade,1065,1465.0,0.0003403106870601697
G2_mg_molar_grade,MG Positive Molar Grade,893,1293.0,0.00034023319949222803
G2_mg_molar_grade,MG Positive Molar Grade,363,763.0,0.0003396675801520421
G2_mg_molar_grade,MG Positive Molar Grade,1121,1521.0,0.0003380927002462648
G2_mg_molar_grade,MG Positive Molar Grade,1360,1760.0,0.000337687254127151
G2_mg_molar_grade,MG Positive Molar Grade,46,446.0,0.0003369343834247022
G2_mg_molar_grade,MG Positive Molar Grade,235,635.0,0.0003366619585907911
G2_mg_molar_grade,MG Positive Molar Grade,115,515.0,0.0003365076928845058
G2_mg_molar_grade,MG Positive Molar Grade,978,1378.0,0.0003351211307930379
G2_mg_molar_grade,MG Positive Molar Grade,287,687.0,0.00033461978282157625
G2_mg_molar_grade,MG Positive Molar Grade,1042,1442.0,0.0003343715096069837
G2_mg_molar_grade,MG Positive Molar Grade,1318,1718.0,0.0003342488658857077
G2_mg_molar_grade,MG Positive Molar Grade,1211,1611.0,0.00033387777006972137
G2_mg_molar_grade,MG Positive Molar Grade,1086,1486.0,0.00033374064193491697
G2_mg_molar_grade,MG Positive Molar Grade,956,1356.0,0.00033367344732327856
G2_mg_molar_grade,MG Positive Molar Grade,891,1291.0,0.00033253356177294255
G2_mg_molar_grade,MG Positive Molar Grade,110,510.0,0.00033253343756132743
G2_mg_molar_grade,MG Positive Molar Grade,316,716.0,0.00033147794495029916
G2_mg_molar_grade,MG Positive Molar Grade,118,518.0,0.0003314479616298274
G2_mg_molar_grade,MG Positive Molar Grade,20,420.0,0.0003305511465267098
G2_mg_molar_grade,MG Positive Molar Grade,1114,1514.0,0.0003304770873357795
G2_mg_molar_grade,MG Positive Molar Grade,1266,1666.0,0.00033032873367337955
G2_mg_molar_grade,MG Positive Molar Grade,883,1283.0,0.00033010179151392164
G2_mg_molar_grade,MG Positive Molar Grade,1094,1494.0,0.0003290497505973513
G2_mg_molar_grade,MG Positive Molar Grade,747,1147.0,0.0003284562555793991
G2_mg_molar_grade,MG Positive Molar Grade,957,1357.0,0.00032816809756724535
G2_mg_molar_grade,MG Positive Molar Grade,525,925.0,0.00032781825359149254
G2_mg_molar_grade,MG Positive Molar Grade,29,429.0,0.00032732473766392277
G2_mg_molar_grade,MG Positive Molar Grade,1040,1440.0,0.0003270468873707155
G2_mg_molar_grade,MG Positive Molar Grade,973,1373.0,0.00032695203598474316
G2_mg_molar_grade,MG Positive Molar Grade,693,1093.0,0.0003266625233029983
G2_mg_molar_grade,MG Positive Molar Grade,1324,1724.0,0.00032638548882202057
G2_mg_molar_grade,MG Positive Molar Grade,666,1066.0,0.00032391677215118836
G2_mg_molar_grade,MG Positive Molar Grade,1210,1610.0,0.00032312073416572044
G2_mg_molar_grade,MG Positive Molar Grade,1294,1694.0,0.0003229757486249038
G2_mg_molar_grade,MG Positive Molar Grade,160,560.0,0.00032265102784956464
G2_mg_molar_grade,MG Positive Molar Grade,575,975.0,0.00032203143403178335
G2_mg_molar_grade,MG Positive Molar Grade,678,1078.0,0.00032182738948851274
G2_mg_molar_grade,MG Positive Molar Grade,675,1075.0,0.0003216883687547658
G2_mg_molar_grade,MG Positive Molar Grade,50,450.0,0.0003206591210174792
G2_mg_molar_grade,MG Positive Molar Grade,833,1233.0,0.0003198918000768953
G2_mg_molar_grade,MG Positive Molar Grade,961,1361.0,0.00031972158134193165
G2_mg_molar_grade,MG Positive Molar Grade,1376,1776.0,0.00031943703140845954
G2_mg_molar_grade,MG Positive Molar Grade,714,1114.0,0.0003191003605881212
G2_mg_molar_grade,MG Positive Molar Grade,962,1362.0,0.0003189125457442451
G2_mg_molar_grade,MG Positive Molar Grade,389,789.0,0.0003184614670546933
G2_mg_molar_grade,MG Positive Molar Grade,337,737.0,0.00031770113683966806
G2_mg_molar_grade,MG Positive Molar Grade,1237,1637.0,0.0003175744091107391
G2_mg_molar_grade,MG Positive Molar Grade,524,924.0,0.0003173359757405927
G2_mg_molar_grade,MG Positive Molar Grade,351,751.0,0.0003173307545775312
G2_mg_molar_grade,MG Positive Molar Grade,984,1384.0,0.0003172470962126589
G2_mg_molar_grade,MG Positive Molar Grade,48,448.0,0.00031691987552042507
G2_mg_molar_grade,MG Positive Molar Grade,1062,1462.0,0.0003166489552315367
G2_mg_molar_grade,MG Positive Molar Grade,599,999.0,0.0003163751910503597
G2_mg_molar_grade,MG Positive Molar Grade,1039,1439.0,0.00031632721366037675
G2_mg_molar_grade,MG Positive Molar Grade,1111,1511.0,0.0003161085946205073
G2_mg_molar_grade,MG Positive Molar Grade,1348,1748.0,0.00031608183601040414
G2_mg_molar_grade,MG Positive Molar Grade,1093,1493.0,0.0003149943167714933
G2_mg_molar_grade,MG Positive Molar Grade,722,1122.0,0.0003142222502655282
G2_mg_molar_grade,MG Positive Molar Grade,350,750.0,0.0003139142532262374
G2_mg_molar_grade,MG Positive Molar Grade,314,714.0,0.0003138471931103772
G2_mg_molar_grade,MG Positive Molar Grade,1075,1475.0,0.00031335699754086804
G2_mg_molar_grade,MG Positive Molar Grade,1319,1719.0,0.0003131714451776785
G2_mg_molar_grade,MG Positive Molar Grade,744,1144.0,0.0003126274797032303
G2_mg_molar_grade,MG Positive Molar Grade,65,465.0,0.0003111693591365248
G2_mg_molar_grade,MG Positive Molar Grade,703,1103.0,0.0003106641967495921
G2_mg_molar_grade,MG Positive Molar Grade,1072,1472.0,0.0003104870721304991
G2_mg_molar_grade,MG Positive Molar Grade,1016,1416.0,0.0003098970460250376
G2_mg_molar_grade,MG Positive Molar Grade,335,735.0,0.00030915699645595474
G2_mg_molar_grade,MG Positive Molar Grade,1085,1485.0,0.0003085332957396066
G2_mg_molar_grade,MG Positive Molar Grade,356,756.0,0.00030840241396419056
G2_mg_molar_grade,MG Positive Molar Grade,1299,1699.0,0.0003083411964370552
G2_mg_molar_grade,MG Positive Molar Grade,230,630.0,0.0003080915811502341
G2_mg_molar_grade,MG Positive Molar Grade,1260,1660.0,0.00030770243053621023
G2_mg_molar_grade,MG Positive Molar Grade,1301,1701.0,0.00030702984582368995
G2_mg_molar_grade,MG Positive Molar Grade,946,1346.0,0.00030676165189774646
G2_mg_molar_grade,MG Positive Molar Grade,62,462.0,0.00030660820659182876
G2_mg_molar_grade,MG Positive Molar Grade,1014,1414.0,0.00030651498006592975
G2_mg_molar_grade,MG Positive Molar Grade,619,1019.0,0.00030607541934791685
G2_mg_molar_grade,MG Positive Molar Grade,338,738.0,0.00030601968971717144
G2_mg_molar_grade,MG Positive Molar Grade,842,1242.0,0.0003057282699694689
G2_mg_molar_grade,MG Positive Molar Grade,971,1371.0,0.00030563916891459755
G2_mg_molar_grade,MG Positive Molar Grade,1032,1432.0,0.00030559474421797405
G2_mg_molar_grade,MG Positive Molar Grade,1332,1732.0,0.0003047939372630786
G2_mg_molar_grade,MG Positive Molar Grade,960,1360.0,0.00030433365435715017
G2_mg_molar_grade,MG Positive Molar Grade,993,1393.0,0.000303900126583433
G2_mg_molar_grade,MG Positive Molar Grade,565,965.0,0.00030314823521681943
G2_mg_molar_grade,MG Positive Molar Grade,530,930.0,0.00030163469762303915
G2_mg_molar_grade,MG Positive Molar Grade,1353,1753.0,0.0003011293081107934
G2_mg_molar_grade,MG Positive Molar Grade,708,1108.0,0.00030101064876246833
G2_mg_molar_grade,MG Positive Molar Grade,1,401.0,0.00030081227300173793
G2_mg_molar_grade,MG Positive Molar Grade,218,618.0,0.00030031137646639895
G2_mg_molar_grade,MG Positive Molar Grade,1229,1629.0,0.00030024647026446246
G2_mg_molar_grade,MG Positive Molar Grade,841,1241.0,0.00029949092318883367
G2_mg_molar_grade,MG Positive Molar Grade,1082,1482.0,0.0002992215949896484
G2_mg_molar_grade,MG Positive Molar Grade,977,1377.0,0.0002989648636962331
G2_mg_molar_grade,MG Positive Molar Grade,732,1132.0,0.00029814639470075553
G2_mg_molar_grade,MG Positive Molar Grade,941,1341.0,0.0002980180692174651
G2_mg_molar_grade,MG Positive Molar Grade,1280,1680.0,0.00029794898651645444
G2_mg_molar_grade,MG Positive Molar Grade,372,772.0,0.00029759229089917845
G2_mg_molar_grade,MG Positive Molar Grade,219,619.0,0.00029691855416653283
G2_mg_molar_grade,MG Positive Molar Grade,716,1116.0,0.00029679775485875787
G2_mg_molar_grade,MG Positive Molar Grade,432,832.0,0.0002957097606606978
G2_mg_molar_grade,MG Positive Molar Grade,1214,1614.0,0.0002954874671277475
G2_mg_molar_grade,MG Positive Molar Grade,217,617.0,0.0002940885331486406
G2_mg_molar_grade,MG Positive Molar Grade,608,1008.0,0.00029331868437510356
G2_mg_molar_grade,MG Positive Molar Grade,364,764.0,0.00029227451794979956
G2_mg_molar_grade,MG Positive Molar Grade,225,625.0,0.00029177223954449127
G2_mg_molar_grade,MG Positive Molar Grade,574,974.0,0.0002917653211041146
G2_mg_molar_grade,MG Positive Molar Grade,357,757.0,0.00029175726120792564
G2_mg_molar_grade,MG Positive Molar Grade,1109,1509.0,0.0002904148528969068
G2_mg_molar_grade,MG Positive Molar Grade,1379,1779.0,0.0002900795561465828
G2_mg_molar_grade,MG Positive Molar Grade,104,504.0,0.00028939271307751855
G2_mg_molar_grade,MG Positive Molar Grade,1184,1584.0,0.0002892278310734777
G2_mg_molar_grade,MG Positive Molar Grade,144,544.0,0.0002888820101477222
G2_mg_molar_grade,MG Positive Molar Grade,1196,1596.0,0.0002887786846286166
G2_mg_molar_grade,MG Positive Molar Grade,1274,1674.0,0.0002881083577059635
G2_mg_molar_grade,MG Positive Molar Grade,36,436.0,0.00028809771377664013
G2_mg_molar_grade,MG Positive Molar Grade,53,453.0,0.000287987354679852
G2_mg_molar_grade,MG Positive Molar Grade,558,958.0,0.00028798028360788226
G2_mg_molar_grade,MG Positive Molar Grade,1083,1483.0,0.0002877984216394868
G2_mg_molar_grade,MG Positive Molar Grade,855,1255.0,0.00028750392214232803
G2_mg_molar_grade,MG Positive Molar Grade,679,1079.0,0.00028712668162789146
G2_mg_molar_grade,MG Positive Molar Grade,403,803.0,0.00028702927048527204
G2_mg_molar_grade,MG Positive Molar Grade,598,998.0,0.00028668536297778163
G2_mg_molar_grade,MG Positive Molar Grade,728,1128.0,0.0002865264524399205
G2_mg_molar_grade,MG Positive Molar Grade,910,1310.0,0.0002863311970679013
G2_mg_molar_grade,MG Positive Molar Grade,518,918.0,0.0002860679266120282
G2_mg_molar_grade,MG Positive Molar Grade,402,802.0,0.0002858154454313641
G2_mg_molar_grade,MG Positive Molar Grade,958,1358.0,0.00028553844860241753
G2_mg_molar_grade,MG Positive Molar Grade,614,1014.0,0.0002855312639773104
G2_mg_molar_grade,MG Positive Molar Grade,792,1192.0,0.00028514730802764004
G2_mg_molar_grade,MG Positive Molar Grade,947,1347.0,0.0002847244856015331
G2_mg_molar_grade,MG Positive Molar Grade,11,411.0,0.0002841894239681074
G2_mg_molar_grade,MG Positive Molar Grade,332,732.0,0.0002835403676650208
G2_mg_molar_grade,MG Positive Molar Grade,927,1327.0,0.00028332148644399024
G2_mg_molar_grade,MG Positive Molar Grade,832,1232.0,0.0002824345934409103
G2_mg_molar_grade,MG Positive Molar Grade,63,463.0,0.0002817319192582587
G2_mg_molar_grade,MG Positive Molar Grade,1189,1589.0,0.0002815135595296207
G2_mg_molar_grade,MG Positive Molar Grade,561,961.0,0.0002812230570390692
G2_mg_molar_grade,MG Positive Molar Grade,1340,1740.0,0.00028108585837859263
G2_mg_molar_grade,MG Positive Molar Grade,944,1344.0,0.0002803703247838414
G2_mg_molar_grade,MG Positive Molar Grade,321,721.0,0.0002796494522741612
G2_mg_molar_grade,MG Positive Molar Grade,387,787.0,0.000279558652814289
G2_mg_molar_grade,MG Positive Molar Grade,539,939.0,0.0002794865256822901
G2_mg_molar_grade,MG Positive Molar Grade,369,769.0,0.0002790898298468074
G2_mg_molar_grade,MG Positive Molar Grade,1199,1599.0,0.00027826312193110286
G2_mg_molar_grade,MG Positive Molar Grade,497,897.0,0.0002774451865328893
G2_mg_molar_grade,MG Positive Molar Grade,894,1294.0,0.0002770317460826002
G2_mg_molar_grade,MG Positive Molar Grade,10,410.0,0.0002765527817816505
G2_mg_molar_grade,MG Positive Molar Grade,295,695.0,0.00027608877169001567
G2_mg_molar_grade,MG Positive Molar Grade,182,582.0,0.00027584082393125587
G2_mg_molar_grade,MG Positive Molar Grade,1281,1681.0,0.00027548190934561893
G2_mg_molar_grade,MG Positive Molar Grade,1035,1435.0,0.0002752311390560793
G2_mg_molar_grade,MG Positive Molar Grade,1173,1573.0,0.00027502486946328285
G2_mg_molar_grade,MG Positive Molar Grade,1334,1734.0,0.00027497582613436806
G2_mg_molar_grade,MG Positive Molar Grade,426,826.0,0.00027489906352677363
G2_mg_molar_grade,MG Positive Molar Grade,1291,1691.0,0.0002743710473781791
G2_mg_molar_grade,MG Positive Molar Grade,1216,1616.0,0.0002738346400041731
G2_mg_molar_grade,MG Positive Molar Grade,848,1248.0,0.0002734360167500405
G2_mg_molar_grade,MG Positive Molar Grade,1350,1750.0,0.0002729265118380691
G2_mg_molar_grade,MG Positive Molar Grade,654,1054.0,0.00027240435996641216
G2_mg_molar_grade,MG Positive Molar Grade,330,730.0,0.00027191107278892246
G2_mg_molar_grade,MG Positive Molar Grade,5,405.0,0.0002719085967699359
G2_mg_molar_grade,MG Positive Molar Grade,668,1068.0,0.0002715394916585849
G2_mg_molar_grade,MG Positive Molar Grade,1138,1538.0,0.0002714175111380666
G2_mg_molar_grade,MG Positive Molar Grade,923,1323.0,0.0002714118985364536
G2_mg_molar_grade,MG Positive Molar Grade,552,952.0,0.00027114441291130516
G2_mg_molar_grade,MG Positive Molar Grade,286,686.0,0.0002710864975848444
G2_mg_molar_grade,MG Positive Molar Grade,669,1069.0,0.00026998624683586533
G2_mg_molar_grade,MG Positive Molar Grade,556,956.0,0.00026985101373577623
G2_mg_molar_grade,MG Positive Molar Grade,972,1372.0,0.0002696751637278244
G2_mg_molar_grade,MG Positive Molar Grade,517,917.0,0.000269620627179232
G2_mg_molar_grade,MG Positive Molar Grade,359,759.0,0.0002693373570301638
G2_mg_molar_grade,MG Positive Molar Grade,1106,1506.0,0.0002682090411259265
G2_mg_molar_grade,MG Positive Molar Grade,30,430.0,0.000268204631541887
G2_mg_molar_grade,MG Positive Molar Grade,7,407.0,0.000267898578101197
G2_mg_molar_grade,MG Positive Molar Grade,120,520.0,0.0002675004239743091
G2_mg_molar_grade,MG Positive Molar Grade,545,945.0,0.0002674080504566664
G2_mg_molar_grade,MG Positive Molar Grade,592,992.0,0.0002671384513671784
G2_mg_molar_grade,MG Positive Molar Grade,440,840.0,0.00026663137104499977
G2_mg_molar_grade,MG Positive Molar Grade,1050,1450.0,0.0002664371160807955
G2_mg_molar_grade,MG Positive Molar Grade,520,920.0,0.0002662082754164991
G2_mg_molar_grade,MG Positive Molar Grade,99,499.0,0.00026599857987703396
G2_mg_molar_grade,MG Positive Molar Grade,1302,1702.0,0.0002652781313739483
G2_mg_molar_grade,MG Positive Molar Grade,521,921.0,0.00026522127370721575
G2_mg_molar_grade,MG Positive Molar Grade,1177,1577.0,0.00026442871318483046
G2_mg_molar_grade,MG Positive Molar Grade,513,913.0,0.00026431041205068645
G2_mg_molar_grade,MG Positive Molar Grade,715,1115.0,0.0002633052084773105
G2_mg_molar_grade,MG Positive Molar Grade,1009,1409.0,0.0002630574764072401
G2_mg_molar_grade,MG Positive Molar Grade,187,587.0,0.00026222705187475126
G2_mg_molar_grade,MG Positive Molar Grade,733,1133.0,0.000261763896930247
G2_mg_molar_grade,MG Positive Molar Grade,970,1370.0,0.00026155402218375716
G2_mg_molar_grade,MG Positive Molar Grade,393,793.0,0.00026140316451865944
G2_mg_molar_grade,MG Positive Molar Grade,54,454.0,0.0002609805932026611
G2_mg_molar_grade,MG Positive Molar Grade,837,1237.0,0.00026036545679725674
G2_mg_molar_grade,MG Positive Molar Grade,391,791.0,0.0002603000328456775
G2_mg_molar_grade,MG Positive Molar Grade,748,1148.0,0.0002601593106362294
G2_mg_molar_grade,MG Positive Molar Grade,1098,1498.0,0.00026009945719684437
G2_mg_molar_grade,MG Positive Molar Grade,247,647.0,0.00025993736763201285
G2_mg_molar_grade,MG Positive Molar Grade,1278,1678.0,0.0002597697439928778
G2_mg_molar_grade,MG Positive Molar Grade,318,718.0,0.0002597432733224784
G2_mg_molar_grade,MG Positive Molar Grade,69,469.0,0.000259655167130363
G2_mg_molar_grade,MG Positive Molar Grade,1326,1726.0,0.00025952768026600044
G2_mg_molar_grade,MG Positive Molar Grade,791,1191.0,0.0002586999305440194
G2_mg_molar_grade,MG Positive Molar Grade,873,1273.0,0.00025820451251093375
G2_mg_molar_grade,MG Positive Molar Grade,1239,1639.0,0.00025816063750854667
G2_mg_molar_grade,MG Positive Molar Grade,55,455.0,0.00025803173670588497
G2_mg_molar_grade,MG Positive Molar Grade,704,1104.0,0.00025722229078130424
G2_mg_molar_grade,MG Positive Molar Grade,1187,1587.0,0.00025663181437205786
G2_mg_molar_grade,MG Positive Molar Grade,1359,1759.0,0.00025662841166466146
G2_mg_molar_grade,MG Positive Molar Grade,1030,1430.0,0.0002562822520688135
G2_mg_molar_grade,MG Positive Molar Grade,365,765.0,0.0002552848742071549
G2_mg_molar_grade,MG Positive Molar Grade,1003,1403.0,0.00025526710973120675
G2_mg_molar_grade,MG Positive Molar Grade,1286,1686.0,0.00025441112504777147
G2_mg_molar_grade,MG Positive Molar Grade,1033,1433.0,0.00025382556800781657
G2_mg_molar_grade,MG Positive Molar Grade,189,589.0,0.00025359399569243446
G2_mg_molar_grade,MG Positive Molar Grade,1108,1508.0,0.0002534423975448065
G2_mg_molar_grade,MG Positive Molar Grade,699,1099.0,0.00025282429222621563
G2_mg_molar_grade,MG Positive Molar Grade,709,1109.0,0.000252732860600128
G2_mg_molar_grade,MG Positive Molar Grade,615,1015.0,0.00025231757824039773
G2_mg_molar_grade,MG Positive Molar Grade,617,1017.0,0.0002522393934253279
G2_mg_molar_grade,MG Positive Molar Grade,422,822.0,0.0002516473103388728
G2_mg_molar_grade,MG Positive Molar Grade,490,890.0,0.0002515672731205098
G2_mg_molar_grade,MG Positive Molar Grade,547,947.0,0.00025128237456504166
G2_mg_molar_grade,MG Positive Molar Grade,190,590.0,0.0002511035890020711
G2_mg_molar_grade,MG Positive Molar Grade,835,1235.0,0.0002507888931482623
G2_mg_molar_grade,MG Positive Molar Grade,1110,1510.0,0.0002500753695197611
G2_mg_molar_grade,MG Positive Molar Grade,963,1363.0,0.0002497852959349359
G2_mg_molar_grade,MG Positive Molar Grade,289,689.0,0.00024963437080830717
G2_mg_molar_grade,MG Positive Molar Grade,872,1272.0,0.00024937718653392384
G2_mg_molar_grade,MG Positive Molar Grade,248,648.0,0.00024914038804627986
G2_mg_molar_grade,MG Positive Molar Grade,1160,1560.0,0.00024909521842723535
G2_mg_molar_grade,MG Positive Molar Grade,1381,1781.0,0.0002484678286577173
G2_mg_molar_grade,MG Positive Molar Grade,742,1142.0,0.0002483785915870455
G2_mg_molar_grade,MG Positive Molar Grade,173,573.0,0.00024814409501507713
G2_mg_molar_grade,MG Positive Molar Grade,1351,1751.0,0.0002480803905469143
G2_mg_molar_grade,MG Positive Molar Grade,68,468.0,0.00024801725005115974
G2_mg_molar_grade,MG Positive Molar Grade,1224,1624.0,0.00024725936636503857
G2_mg_molar_grade,MG Positive Molar Grade,184,584.0,0.00024671241833673136
G2_mg_molar_grade,MG Positive Molar Grade,26,426.0,0.00024635927082864866
G2_mg_molar_grade,MG Positive Molar Grade,376,776.0,0.0002457607628579441
G2_mg_molar_grade,MG Positive Molar Grade,1105,1505.0,0.0002452088096640901
G2_mg_molar_grade,MG Positive Molar Grade,362,762.0,0.00024475814901523535
G2_mg_molar_grade,MG Positive Molar Grade,49,449.0,0.00024464758734148005
G2_mg_molar_grade,MG Positive Molar Grade,1315,1715.0,0.00024441895459216144
G2_mg_molar_grade,MG Positive Molar Grade,1311,1711.0,0.00024428539377766457
G2_mg_molar_grade,MG Positive Molar Grade,1091,1491.0,0.0002442396353607773
G2_mg_molar_grade,MG Positive Molar Grade,146,546.0,0.0002442185804241368
G2_mg_molar_grade,MG Positive Molar Grade,1279,1679.0,0.00024364324250202065
G2_mg_molar_grade,MG Positive Molar Grade,268,668.0,0.0002430504982522767
G2_mg_molar_grade,MG Positive Molar Grade,667,1067.0,0.00024304343325145183
G2_mg_molar_grade,MG Positive Molar Grade,1271,1671.0,0.00024201520031891808
G2_mg_molar_grade,MG Positive Molar Grade,1176,1576.0,0.00024195740800550322
G2_mg_molar_grade,MG Positive Molar Grade,1275,1675.0,0.00024127536588163106
G2_mg_molar_grade,MG Positive Molar Grade,57,457.0,0.00024110814435476018
G2_mg_molar_grade,MG Positive Molar Grade,358,758.0,0.00024109667189657966
G2_mg_molar_grade,MG Positive Molar Grade,1269,1669.0,0.00024081540455956306
G2_mg_molar_grade,MG Positive Molar Grade,435,835.0,0.00024080386548267136
G2_mg_molar_grade,MG Positive Molar Grade,1289,1689.0,0.00024066243582456006
G2_mg_molar_grade,MG Positive Molar Grade,183,583.0,0.00023993815722182297
G2_mg_molar_grade,MG Positive Molar Grade,1047,1447.0,0.00023985189303623466
G2_mg_molar_grade,MG Positive Molar Grade,1010,1410.0,0.0002391506926836588
G2_mg_molar_grade,MG Positive Molar Grade,601,1001.0,0.00023893180252093196
G2_mg_molar_grade,MG Positive Molar Grade,612,1012.0,0.00023882820340016402
G2_mg_molar_grade,MG Positive Molar Grade,1157,1557.0,0.00023765050473748678
G2_mg_molar_grade,MG Positive Molar Grade,151,551.0,0.0002372603995076547
G2_mg_molar_grade,MG Positive Molar Grade,741,1141.0,0.00023671870040926907
G2_mg_molar_grade,MG Positive Molar Grade,114,514.0,0.0002359418708879992
G2_mg_molar_grade,MG Positive Molar Grade,1201,1601.0,0.00023590791252103418
G2_mg_molar_grade,MG Positive Molar Grade,1363,1763.0,0.00023584939773048908
G2_mg_molar_grade,MG Positive Molar Grade,995,1395.0,0.00023580639025252685
G2_mg_molar_grade,MG Positive Molar Grade,738,1138.0,0.00023569230744943068
G2_mg_molar_grade,MG Positive Molar Grade,176,576.0,0.0002350670857640859
G2_mg_molar_grade,MG Positive Molar Grade,208,608.0,0.00023476230659589205
G2_mg_molar_grade,MG Positive Molar Grade,849,1249.0,0.00023470433639817927
G2_mg_molar_grade,MG Positive Molar Grade,119,519.0,0.00023469296710650363
G2_mg_molar_grade,MG Positive Molar Grade,1377,1777.0,0.00023397759317063608
G2_mg_molar_grade,MG Positive Molar Grade,859,1259.0,0.00023395301715265935
G2_mg_molar_grade,MG Positive Molar Grade,220,620.0,0.00023391226180311233
G2_mg_molar_grade,MG Positive Molar Grade,1102,1502.0,0.00023355815140727187
G2_mg_molar_grade,MG Positive Molar Grade,954,1354.0,0.00023299311853450887
G2_mg_molar_grade,MG Positive Molar Grade,37,437.0,0.00023298293818319475
G2_mg_molar_grade,MG Positive Molar Grade,355,755.0,0.00023268663211335958
G2_mg_molar_grade,MG Positive Molar Grade,288,688.0,0.00023263260475781797
G2_mg_molar_grade,MG Positive Molar Grade,1037,1437.0,0.00023251121889374438
G2_mg_molar_grade,MG Positive Molar Grade,300,700.0,0.00023147509785711315
G2_mg_molar_grade,MG Positive Molar Grade,676,1076.0,0.00023138334543648353
G2_mg_molar_grade,MG Positive Molar Grade,498,898.0,0.00023100066220034087
G2_mg_molar_grade,MG Positive Molar Grade,535,935.0,0.00022869406515154157
G2_mg_molar_grade,MG Positive Molar Grade,1029,1429.0,0.0002285786805960209
G2_mg_molar_grade,MG Positive Molar Grade,940,1340.0,0.0002275793688192504
G2_mg_molar_grade,MG Positive Molar Grade,727,1127.0,0.00022747243966050897
G2_mg_molar_grade,MG Positive Molar Grade,590,990.0,0.00022695122324929872
G2_mg_molar_grade,MG Positive Molar Grade,1185,1585.0,0.00022658243368382992
G2_mg_molar_grade,MG Positive Molar Grade,23,423.0,0.00022649906782697246
G2_mg_molar_grade,MG Positive Molar Grade,974,1374.0,0.00022624249963022012
G2_mg_molar_grade,MG Positive Molar Grade,1104,1504.0,0.00022617877988494927
G2_mg_molar_grade,MG Positive Molar Grade,1368,1768.0,0.00022535101867618282
G2_mg_molar_grade,MG Positive Molar Grade,890,1290.0,0.00022423726138036043
G2_mg_molar_grade,MG Positive Molar Grade,494,894.0,0.00022406735590862106
G2_mg_molar_grade,MG Positive Molar Grade,488,888.0,0.00022386509416823732
G2_mg_molar_grade,MG Positive Molar Grade,1164,1564.0,0.00022285671558350246
G2_mg_molar_grade,MG Positive Molar Grade,949,1349.0,0.0002226534775488553
G2_mg_molar_grade,MG Positive Molar Grade,969,1369.0,0.00022250410215391472
G2_mg_molar_grade,MG Positive Molar Grade,1052,1452.0,0.0002222453495442836
G2_mg_molar_grade,MG Positive Molar Grade,913,1313.0,0.00022185357631524132
G2_mg_molar_grade,MG Positive Molar Grade,412,812.0,0.00022108623775403296
G2_mg_molar_grade,MG Positive Molar Grade,56,456.0,0.0002206589372748106
G2_mg_molar_grade,MG Positive Molar Grade,1144,1544.0,0.00021987035771587506
G2_mg_molar_grade,MG Positive Molar Grade,866,1266.0,0.00021984752046354974
G2_mg_molar_grade,MG Positive Molar Grade,1394,1794.0,0.00021975989329729622
G2_mg_molar_grade,MG Positive Molar Grade,121,521.0,0.00021902321699085637
G2_mg_molar_grade,MG Positive Molar Grade,864,1264.0,0.00021864231906539388
G2_mg_molar_grade,MG Positive Molar Grade,706,1106.0,0.0002183088901694779
G2_mg_molar_grade,MG Positive Molar Grade,123,523.0,0.00021813980542188346
G2_mg_molar_grade,MG Positive Molar Grade,136,536.0,0.0002179067008222146
G2_mg_molar_grade,MG Positive Molar Grade,943,1343.0,0.00021785604152056858
G2_mg_molar_grade,MG Positive Molar Grade,892,1292.0,0.00021782191007847454
G2_mg_molar_grade,MG Positive Molar Grade,64,464.0,0.00021779213621289087
G2_mg_molar_grade,MG Positive Molar Grade,563,963.0,0.00021767275825824317
G2_mg_molar_grade,MG Positive Molar Grade,416,816.0,0.00021687194051778677
G2_mg_molar_grade,MG Positive Molar Grade,1095,1495.0,0.0002165941974211368
G2_mg_molar_grade,MG Positive Molar Grade,214,614.0,0.00021648502176651273
G2_mg_molar_grade,MG Positive Molar Grade,711,1111.0,0.00021592285514288875
G2_mg_molar_grade,MG Positive Molar Grade,223,623.0,0.00021548089946760987
G2_mg_molar_grade,MG Positive Molar Grade,583,983.0,0.00021496955043435093
G2_mg_molar_grade,MG Positive Molar Grade,1141,1541.0,0.00021336566636148487
G2_mg_molar_grade,MG Positive Molar Grade,266,666.0,0.00021327153434506053
G2_mg_molar_grade,MG Positive Molar Grade,515,915.0,0.00021262581690113103
G2_mg_molar_grade,MG Positive Molar Grade,1056,1456.0,0.00021233193212777705
G2_mg_molar_grade,MG Positive Molar Grade,207,607.0,0.00021137378707164708
G2_mg_molar_grade,MG Positive Molar Grade,649,1049.0,0.00021115609932619435
G2_mg_molar_grade,MG Positive Molar Grade,713,1113.0,0.00021110395799548784
G2_mg_molar_grade,MG Positive Molar Grade,128,528.0,0.00021099326417085476
G2_mg_molar_grade,MG Positive Molar Grade,1158,1558.0,0.00021093125311460355
G2_mg_molar_grade,MG Positive Molar Grade,1191,1591.0,0.00021052558289155561
G2_mg_molar_grade,MG Positive Molar Grade,560,960.0,0.0002105103011486029
G2_mg_molar_grade,MG Positive Molar Grade,1331,1731.0,0.00021041669686296547
G2_mg_molar_grade,MG Positive Molar Grade,145,545.0,0.0002102204082001339
G2_mg_molar_grade,MG Positive Molar Grade,516,916.0,0.00020935184870069426
G2_mg_molar_grade,MG Positive Molar Grade,870,1270.0,0.00020889260522208547
G2_mg_molar_grade,MG Positive Molar Grade,499,899.0,0.00020871080895849006
G2_mg_molar_grade,MG Positive Molar Grade,127,527.0,0.00020834650167612085
G2_mg_molar_grade,MG Positive Molar Grade,1186,1586.0,0.0002081119821425371
G2_mg_molar_grade,MG Positive Molar Grade,129,529.0,0.00020777489142487113
G2_mg_molar_grade,MG Positive Molar Grade,863,1263.0,0.0002075236375021039
G2_mg_molar_grade,MG Positive Molar Grade,877,1277.0,0.00020704049190773178
G2_mg_molar_grade,MG Positive Molar Grade,303,703.0,0.00020694724560661417
G2_mg_molar_grade,MG Positive Molar Grade,557,957.0,0.00020659836632299863
G2_mg_molar_grade,MG Positive Molar Grade,103,503.0,0.00020644839106681166
G2_mg_molar_grade,MG Positive Molar Grade,734,1134.0,0.00020627375534067936
G2_mg_molar_grade,MG Positive Molar Grade,1342,1742.0,0.00020625362502554924
G2_mg_molar_grade,MG Positive Molar Grade,1330,1730.0,0.0002054735245685361
G2_mg_molar_grade,MG Positive Molar Grade,8,408.0,0.00020527136077013017
G2_mg_molar_grade,MG Positive Molar Grade,618,1018.0,0.00020524248893123286
G2_mg_molar_grade,MG Positive Molar Grade,1188,1588.0,0.0002043830963950605
G2_mg_molar_grade,MG Positive Molar Grade,1060,1460.0,0.00020428364754892958
G2_mg_molar_grade,MG Positive Molar Grade,1398,1798.0,0.00020398540140514388
G2_mg_molar_grade,MG Positive Molar Grade,1327,1727.0,0.0002037500654332478
G2_mg_molar_grade,MG Positive Molar Grade,593,993.0,0.00020331680947541537
G2_mg_molar_grade,MG Positive Molar Grade,374,774.0,0.0002031836373820659
G2_mg_molar_grade,MG Positive Molar Grade,185,585.0,0.0002025409329127641
G2_mg_molar_grade,MG Positive Molar Grade,1272,1672.0,0.00020216844307403096
G2_mg_molar_grade,MG Positive Molar Grade,67,467.0,0.00020196686637559123
G2_mg_molar_grade,MG Positive Molar Grade,486,886.0,0.00020157219381983837
G2_mg_molar_grade,MG Positive Molar Grade,511,911.0,0.00020110643714087522
G2_mg_molar_grade,MG Positive Molar Grade,701,1101.0,0.00020063541349448917
G2_mg_molar_grade,MG Positive Molar Grade,213,613.0,0.0002003689077776514
G2_mg_molar_grade,MG Positive Molar Grade,554,954.0,0.00020015182505568867
G2_mg_molar_grade,MG Positive Molar Grade,1300,1700.0,0.00019986073717092362
G2_mg_molar_grade,MG Positive Molar Grade,1200,1600.0,0.00019977689396623305
G2_mg_molar_grade,MG Positive Molar Grade,6,406.0,0.0001995786109849144
G2_mg_molar_grade,MG Positive Molar Grade,1165,1565.0,0.00019942286752363592
G2_mg_molar_grade,MG Positive Molar Grade,896,1296.0,0.00019912643878260852
G2_mg_molar_grade,MG Positive Molar Grade,1155,1555.0,0.0001985194022319728
G2_mg_molar_grade,MG Positive Molar Grade,264,664.0,0.00019843455940033141
G2_mg_molar_grade,MG Positive Molar Grade,367,767.0,0.0001984333801302311
G2_mg_molar_grade,MG Positive Molar Grade,1054,1454.0,0.00019826944912232887
G2_mg_molar_grade,MG Positive Molar Grade,1310,1710.0,0.0001981758885919761
G2_mg_molar_grade,MG Positive Molar Grade,1139,1539.0,0.00019787280232575993
G2_mg_molar_grade,MG Positive Molar Grade,555,955.0,0.00019763188206663396
G2_mg_molar_grade,MG Positive Molar Grade,429,829.0,0.00019759301166456087
G2_mg_molar_grade,MG Positive Molar Grade,1128,1528.0,0.00019753658689464657
G2_mg_molar_grade,MG Positive Molar Grade,532,932.0,0.00019736843086832213
G2_mg_molar_grade,MG Positive Molar Grade,531,931.0,0.00019717617230091352
G2_mg_molar_grade,MG Positive Molar Grade,1192,1592.0,0.00019704449827821562
G2_mg_molar_grade,MG Positive Molar Grade,101,501.0,0.00019681737920978042
G2_mg_molar_grade,MG Positive Molar Grade,1378,1778.0,0.0001967613308235474
G2_mg_molar_grade,MG Positive Molar Grade,541,941.0,0.00019669827536277694
G2_mg_molar_grade,MG Positive Molar Grade,1045,1445.0,0.00019632898348894418
G2_mg_molar_grade,MG Positive Molar Grade,735,1135.0,0.00019632160416174438
G2_mg_molar_grade,MG Positive Molar Grade,196,596.0,0.0001961126810682981
G2_mg_molar_grade,MG Positive Molar Grade,102,502.0,0.00019483673015991155
G2_mg_molar_grade,MG Positive Molar Grade,1008,1408.0,0.00019455282090415345
G2_mg_molar_grade,MG Positive Molar Grade,915,1315.0,0.00019354647219144722
G2_mg_molar_grade,MG Positive Molar Grade,1112,1512.0,0.00019352854174328057
G2_mg_molar_grade,MG Positive Molar Grade,383,783.0,0.00019322311033280224
G2_mg_molar_grade,MG Positive Molar Grade,1096,1496.0,0.00019248286716399917
G2_mg_molar_grade,MG Positive Molar Grade,868,1268.0,0.0001922203980140109
G2_mg_molar_grade,MG Positive Molar Grade,740,1140.0,0.0001922041735988123
G2_mg_molar_grade,MG Positive Molar Grade,305,705.0,0.00019174527797221429
G2_mg_molar_grade,MG Positive Molar Grade,968,1368.0,0.00019169738099974014
G2_mg_molar_grade,MG Positive Molar Grade,137,537.0,0.000191254209459791
G2_mg_molar_grade,MG Positive Molar Grade,258,658.0,0.000190813227144248
G2_mg_molar_grade,MG Positive Molar Grade,1180,1580.0,0.0001897931774541711
G2_mg_molar_grade,MG Positive Molar Grade,1329,1729.0,0.00018973203808911784
G2_mg_molar_grade,MG Positive Molar Grade,404,804.0,0.0001896731681841752
G2_mg_molar_grade,MG Positive Molar Grade,869,1269.0,0.00018962138881590713
G2_mg_molar_grade,MG Positive Molar Grade,126,526.0,0.00018961761887124025
G2_mg_molar_grade,MG Positive Molar Grade,122,522.0,0.000188691136349909
G2_mg_molar_grade,MG Positive Molar Grade,1097,1497.0,0.00018808925269848497
G2_mg_molar_grade,MG Positive Molar Grade,861,1261.0,0.00018808148842910317
G2_mg_molar_grade,MG Positive Molar Grade,1228,1628.0,0.0001876933949534074
G2_mg_molar_grade,MG Positive Molar Grade,1230,1630.0,0.00018745618342879718
G2_mg_molar_grade,MG Positive Molar Grade,823,1223.0,0.0001868266600495196
G2_mg_molar_grade,MG Positive Molar Grade,795,1195.0,0.0001864540063984756
G2_mg_molar_grade,MG Positive Molar Grade,914,1314.0,0.0001856849995771403
G2_mg_molar_grade,MG Positive Molar Grade,1202,1602.0,0.0001853809303928365
G2_mg_molar_grade,MG Positive Molar Grade,1352,1752.0,0.0001853012244698709
G2_mg_molar_grade,MG Positive Molar Grade,596,996.0,0.00018480864024118828
G2_mg_molar_grade,MG Positive Molar Grade,124,524.0,0.00018475180556425173
G2_mg_molar_grade,MG Positive Molar Grade,952,1352.0,0.00018468049492791836
G2_mg_molar_grade,MG Positive Molar Grade,843,1243.0,0.00018458221486850567
G2_mg_molar_grade,MG Positive Molar Grade,1317,1717.0,0.0001843568754987113
G2_mg_molar_grade,MG Positive Molar Grade,175,575.0,0.00018413799492921962
G2_mg_molar_grade,MG Positive Molar Grade,549,949.0,0.00018405335481988945
G2_mg_molar_grade,MG Positive Molar Grade,838,1238.0,0.0001836433641937631
G2_mg_molar_grade,MG Positive Molar Grade,232,632.0,0.00018321274419725084
G2_mg_molar_grade,MG Positive Molar Grade,594,994.0,0.00018306350066309512
G2_mg_molar_grade,MG Positive Molar Grade,1223,1623.0,0.00018305198912894237
G2_mg_molar_grade,MG Positive Molar Grade,930,1330.0,0.00018302316887128136
G2_mg_molar_grade,MG Positive Molar Grade,100,500.0,0.00018300658937773365
G2_mg_molar_grade,MG Positive Molar Grade,1113,1513.0,0.0001826713543594021
G2_mg_molar_grade,MG Positive Molar Grade,1001,1401.0,0.0001824741281683201
G2_mg_molar_grade,MG Positive Molar Grade,317,717.0,0.00018210620967913286
G2_mg_molar_grade,MG Positive Molar Grade,1178,1578.0,0.00018178495645715558
G2_mg_molar_grade,MG Positive Molar Grade,152,552.0,0.00018156585970255452
G2_mg_molar_grade,MG Positive Molar Grade,1297,1697.0,0.00018148956685377292
G2_mg_molar_grade,MG Positive Molar Grade,1356,1756.0,0.00018140055015347488
G2_mg_molar_grade,MG Positive Molar Grade,543,943.0,0.0001813818882479522
G2_mg_molar_grade,MG Positive Molar Grade,1175,1575.0,0.00018128139761975859
G2_mg_molar_grade,MG Positive Molar Grade,1124,1524.0,0.00018110869066373026
G2_mg_molar_grade,MG Positive Molar Grade,267,667.0,0.00018080407642564678
G2_mg_molar_grade,MG Positive Molar Grade,1120,1520.0,0.00018066984222357316
G2_mg_molar_grade,MG Positive Molar Grade,559,959.0,0.00018066484667076237
G2_mg_molar_grade,MG Positive Molar Grade,933,1333.0,0.00018054111419609615
G2_mg_molar_grade,MG Positive Molar Grade,1241,1641.0,0.00018037153135088386
G2_mg_molar_grade,MG Positive Molar Grade,571,971.0,0.00017993247494628515
G2_mg_molar_grade,MG Positive Molar Grade,572,972.0,0.00017971020874532685
G2_mg_molar_grade,MG Positive Molar Grade,537,937.0,0.00017968715675828378
G2_mg_molar_grade,MG Positive Molar Grade,793,1193.0,0.0001793243698428848
G2_mg_molar_grade,MG Positive Molar Grade,371,771.0,0.0001790403843732561
G2_mg_molar_grade,MG Positive Molar Grade,125,525.0,0.00017873786846339584
G2_mg_molar_grade,MG Positive Molar Grade,1143,1543.0,0.00017851446183952857
G2_mg_molar_grade,MG Positive Molar Grade,159,559.0,0.00017825426011105943
G2_mg_molar_grade,MG Positive Molar Grade,1287,1687.0,0.0001782199533521479
G2_mg_molar_grade,MG Positive Molar Grade,1225,1625.0,0.00017796305716310428
G2_mg_molar_grade,MG Positive Molar Grade,1146,1546.0,0.00017767987371472988
G2_mg_molar_grade,MG Positive Molar Grade,385,785.0,0.0001772599035160733
G2_mg_molar_grade,MG Positive Molar Grade,522,922.0,0.0001772218493904986
G2_mg_molar_grade,MG Positive Molar Grade,925,1325.0,0.00017649454993345643
G2_mg_molar_grade,MG Positive Molar Grade,550,950.0,0.0001763874190480528
G2_mg_molar_grade,MG Positive Molar Grade,858,1258.0,0.00017623082419537816
G2_mg_molar_grade,MG Positive Molar Grade,1312,1712.0,0.0001758919314653514
G2_mg_molar_grade,MG Positive Molar Grade,1161,1561.0,0.00017588432853569402
G2_mg_molar_grade,MG Positive Molar Grade,1152,1552.0,0.00017574131501483633
G2_mg_molar_grade,MG Positive Molar Grade,361,761.0,0.00017552262156702458
G2_mg_molar_grade,MG Positive Molar Grade,564,964.0,0.00017542062796642403
G2_mg_molar_grade,MG Positive Molar Grade,551,951.0,0.0001753716258242407
G2_mg_molar_grade,MG Positive Molar Grade,519,919.0,0.00017479467348952056
G2_mg_molar_grade,MG Positive Molar Grade,1007,1407.0,0.00017470013138754496
G2_mg_molar_grade,MG Positive Molar Grade,487,887.0,0.00017447506278911259
G2_mg_molar_grade,MG Positive Molar Grade,59,459.0,0.00017433483781177062
G2_mg_molar_grade,MG Positive Molar Grade,1400,1800.0,0.00017385167782064668
G2_mg_molar_grade,MG Positive Molar Grade,755,1155.0,0.00017343327557525412
G2_mg_molar_grade,MG Positive Molar Grade,1159,1559.0,0.0001733075965330904
G2_mg_molar_grade,MG Positive Molar Grade,221,621.0,0.00017324743468785558
G2_mg_molar_grade,MG Positive Molar Grade,1357,1757.0,0.00017231777650718197
G2_mg_molar_grade,MG Positive Molar Grade,292,692.0,0.00017225757423243348
G2_mg_molar_grade,MG Positive Molar Grade,1308,1708.0,0.0001722279675199116
G2_mg_molar_grade,MG Positive Molar Grade,162,562.0,0.00017197004108405347
G2_mg_molar_grade,MG Positive Molar Grade,78,478.0,0.0001713312629267643
G2_mg_molar_grade,MG Positive Molar Grade,540,940.0,0.00017083361379946325
G2_mg_molar_grade,MG Positive Molar Grade,568,968.0,0.00017058139224291306
G2_mg_molar_grade,MG Positive Molar Grade,193,593.0,0.0001705674119693466
G2_mg_molar_grade,MG Positive Molar Grade,698,1098.0,0.00017013700973533765
G2_mg_molar_grade,MG Positive Molar Grade,70,470.0,0.00017005181957141323
G2_mg_molar_grade,MG Positive Molar Grade,4,404.0,0.00016967668781004092
G2_mg_molar_grade,MG Positive Molar Grade,1048,1448.0,0.00016957375883418723
G2_mg_molar_grade,MG Positive Molar Grade,1234,1634.0,0.0001695686468497921
G2_mg_molar_grade,MG Positive Molar Grade,937,1337.0,0.00016913970446191259
G2_mg_molar_grade,MG Positive Molar Grade,945,1345.0,0.00016906727390862106
G2_mg_molar_grade,MG Positive Molar Grade,928,1328.0,0.0001690530526119573
G2_mg_molar_grade,MG Positive Molar Grade,252,652.0,0.00016897246502383233
G2_mg_molar_grade,MG Positive Molar Grade,131,531.0,0.00016865682790346805
G2_mg_molar_grade,MG Positive Molar Grade,1174,1574.0,0.0001686106450754053
G2_mg_molar_grade,MG Positive Molar Grade,306,706.0,0.00016857075187922812
G2_mg_molar_grade,MG Positive Molar Grade,548,948.0,0.0001683547048711348
G2_mg_molar_grade,MG Positive Molar Grade,373,773.0,0.00016782614339719507
G2_mg_molar_grade,MG Positive Molar Grade,1375,1775.0,0.00016767405079452956
G2_mg_molar_grade,MG Positive Molar Grade,844,1244.0,0.00016710837021608214
G2_mg_molar_grade,MG Positive Molar Grade,1172,1572.0,0.00016702259664101116
G2_mg_molar_grade,MG Positive Molar Grade,315,715.0,0.0001646143857257319
G2_mg_molar_grade,MG Positive Molar Grade,981,1381.0,0.0001642825357413236
G2_mg_molar_grade,MG Positive Molar Grade,1011,1411.0,0.00016416265922206426
G2_mg_molar_grade,MG Positive Molar Grade,1345,1745.0,0.00016391193851743647
G2_mg_molar_grade,MG Positive Molar Grade,720,1120.0,0.00016371361326016816
G2_mg_molar_grade,MG Positive Molar Grade,607,1007.0,0.0001633850319234871
G2_mg_molar_grade,MG Positive Molar Grade,597,997.0,0.00016298829929377429
G2_mg_molar_grade,MG Positive Molar Grade,226,626.0,0.00016287433919113037
G2_mg_molar_grade,MG Positive Molar Grade,206,606.0,0.00016279115888686582
G2_mg_molar_grade,MG Positive Molar Grade,850,1250.0,0.0001626595093778163
G2_mg_molar_grade,MG Positive Molar Grade,1044,1444.0,0.00016262593026622802
G2_mg_molar_grade,MG Positive Molar Grade,224,624.0,0.00016230538900751
G2_mg_molar_grade,MG Positive Molar Grade,929,1329.0,0.0001622151723483169
G2_mg_molar_grade,MG Positive Molar Grade,150,550.0,0.00016205344499033072
G2_mg_molar_grade,MG Positive Molar Grade,410,810.0,0.00016160493673688143
G2_mg_molar_grade,MG Positive Molar Grade,249,649.0,0.00016159966741752772
G2_mg_molar_grade,MG Positive Molar Grade,1055,1455.0,0.00016135702414531286
G2_mg_molar_grade,MG Positive Molar Grade,501,901.0,0.00016135031933688717
G2_mg_molar_grade,MG Positive Molar Grade,229,629.0,0.00016134267016322762
G2_mg_molar_grade,MG Positive Molar Grade,1103,1503.0,0.00016128679362447987
G2_mg_molar_grade,MG Positive Molar Grade,609,1009.0,0.00016120671579724022
G2_mg_molar_grade,MG Positive Molar Grade,117,517.0,0.00016105382259923594
G2_mg_molar_grade,MG Positive Molar Grade,1126,1526.0,0.00016081069389921023
G2_mg_molar_grade,MG Positive Molar Grade,876,1276.0,0.00016078039361306376
G2_mg_molar_grade,MG Positive Molar Grade,677,1077.0,0.000160520767451389
G2_mg_molar_grade,MG Positive Molar Grade,419,819.0,0.00016039090720864068
G2_mg_molar_grade,MG Positive Molar Grade,1267,1667.0,0.00016029731356680777
G2_mg_molar_grade,MG Positive Molar Grade,1343,1743.0,0.00016021190089191998
G2_mg_molar_grade,MG Positive Molar Grade,830,1230.0,0.00015985102264058
G2_mg_molar_grade,MG Positive Molar Grade,1170,1570.0,0.0001598240792739602
G2_mg_molar_grade,MG Positive Molar Grade,743,1143.0,0.0001595254931195407
G2_mg_molar_grade,MG Positive Molar Grade,1346,1746.0,0.00015930308856781442
G2_mg_molar_grade,MG Positive Molar Grade,1137,1537.0,0.00015916831045874091
G2_mg_molar_grade,MG Positive Molar Grade,1059,1459.0,0.00015904975419330498
G2_mg_molar_grade,MG Positive Molar Grade,1397,1797.0,0.0001587158990193391
G2_mg_molar_grade,MG Positive Molar Grade,718,1118.0,0.00015853175800080956
G2_mg_molar_grade,MG Positive Molar Grade,1288,1688.0,0.00015816118872562484
G2_mg_molar_grade,MG Positive Molar Grade,1051,1451.0,0.00015813473058855064
G2_mg_molar_grade,MG Positive Molar Grade,566,966.0,0.00015724003225835715
G2_mg_molar_grade,MG Positive Molar Grade,1005,1405.0,0.00015721319273681364
G2_mg_molar_grade,MG Positive Molar Grade,1395,1795.0,0.00015710674226472802
G2_mg_molar_grade,MG Positive Molar Grade,1149,1549.0,0.00015701225568902182
G2_mg_molar_grade,MG Positive Molar Grade,1046,1446.0,0.00015670442999576384
G2_mg_molar_grade,MG Positive Molar Grade,154,554.0,0.00015653900529330017
G2_mg_molar_grade,MG Positive Molar Grade,826,1226.0,0.00015634844271821357
G2_mg_molar_grade,MG Positive Molar Grade,587,987.0,0.0001562564508375993
G2_mg_molar_grade,MG Positive Molar Grade,161,561.0,0.00015624316255613297
G2_mg_molar_grade,MG Positive Molar Grade,298,698.0,0.00015583746480235853
G2_mg_molar_grade,MG Positive Molar Grade,616,1016.0,0.00015507981767812402
G2_mg_molar_grade,MG Positive Molar Grade,1304,1704.0,0.00015467723130377928
G2_mg_molar_grade,MG Positive Molar Grade,580,980.0,0.00015446420090745055
G2_mg_molar_grade,MG Positive Molar Grade,895,1295.0,0.00015426132366100424
G2_mg_molar_grade,MG Positive Molar Grade,164,564.0,0.0001538766158505399
G2_mg_molar_grade,MG Positive Molar Grade,155,555.0,0.00015374363999290372
G2_mg_molar_grade,MG Positive Molar Grade,553,953.0,0.00015367165133200352
G2_mg_molar_grade,MG Positive Molar Grade,1131,1531.0,0.00015335611440577923
G2_mg_molar_grade,MG Positive Molar Grade,216,616.0,0.00015281907382240243
G2_mg_molar_grade,MG Positive Molar Grade,794,1194.0,0.00015267124339926282
G2_mg_molar_grade,MG Positive Molar Grade,414,814.0,0.0001526467037637121
G2_mg_molar_grade,MG Positive Molar Grade,304,704.0,0.0001526060005753966
G2_mg_molar_grade,MG Positive Molar Grade,1156,1556.0,0.00015237584035599546
G2_mg_molar_grade,MG Positive Molar Grade,1147,1547.0,0.00015216003615951292
G2_mg_molar_grade,MG Positive Molar Grade,260,660.0,0.00015210354316753458
G2_mg_molar_grade,MG Positive Molar Grade,243,643.0,0.00015200737086063033
G2_mg_molar_grade,MG Positive Molar Grade,1092,1492.0,0.00015191440170861435
G2_mg_molar_grade,MG Positive Molar Grade,133,533.0,0.00015142402589795776
G2_mg_molar_grade,MG Positive Molar Grade,939,1339.0,0.0001512875733420113
G2_mg_molar_grade,MG Positive Molar Grade,149,549.0,0.00015104122046549108
G2_mg_molar_grade,MG Positive Molar Grade,829,1229.0,0.00015066890115807206
G2_mg_molar_grade,MG Positive Molar Grade,577,977.0,0.00015057440948944867
G2_mg_molar_grade,MG Positive Molar Grade,370,770.0,0.0001505043745244983
G2_mg_molar_grade,MG Positive Molar Grade,1133,1533.0,0.00015020573977929914
G2_mg_molar_grade,MG Positive Molar Grade,384,784.0,0.00015016297126507178
G2_mg_molar_grade,MG Positive Molar Grade,1145,1545.0,0.00015015074725945114
G2_mg_molar_grade,MG Positive Molar Grade,212,612.0,0.00014992999275566956
G2_mg_molar_grade,MG Positive Molar Grade,1333,1733.0,0.00014943283527682282
G2_mg_molar_grade,MG Positive Molar Grade,1154,1554.0,0.00014925534917459678
G2_mg_molar_grade,MG Positive Molar Grade,897,1297.0,0.0001491734335842146
G2_mg_molar_grade,MG Positive Molar Grade,931,1331.0,0.00014909149405682937
G2_mg_molar_grade,MG Positive Molar Grade,942,1342.0,0.00014897737269318727
G2_mg_molar_grade,MG Positive Molar Grade,1127,1527.0,0.0001482519198070781
G2_mg_molar_grade,MG Positive Molar Grade,1284,1684.0,0.00014806441179909122
G2_mg_molar_grade,MG Positive Molar Grade,406,806.0,0.00014766497322703682
G2_mg_molar_grade,MG Positive Molar Grade,825,1225.0,0.0001472979137370776
G2_mg_molar_grade,MG Positive Molar Grade,238,638.0,0.00014706617856798584
G2_mg_molar_grade,MG Positive Molar Grade,595,995.0,0.00014689312415852978
G2_mg_molar_grade,MG Positive Molar Grade,908,1308.0,0.0001468253644470058
G2_mg_molar_grade,MG Positive Molar Grade,1355,1755.0,0.00014642664309211196
G2_mg_molar_grade,MG Positive Molar Grade,1077,1477.0,0.00014575111636827941
G2_mg_molar_grade,MG Positive Molar Grade,1150,1550.0,0.00014546026043616762
G2_mg_molar_grade,MG Positive Molar Grade,142,542.0,0.0001453881515911415
G2_mg_molar_grade,MG Positive Molar Grade,1296,1696.0,0.0001446956327578029
G2_mg_molar_grade,MG Positive Molar Grade,889,1289.0,0.00014438913890005512
G2_mg_molar_grade,MG Positive Molar Grade,143,543.0,0.00014417113252976384
G2_mg_molar_grade,MG Positive Molar Grade,163,563.0,0.00014384345485026972
G2_mg_molar_grade,MG Positive Molar Grade,536,936.0,0.00014333829912489008
G2_mg_molar_grade,MG Positive Molar Grade,1163,1563.0,0.0001430732843283424
G2_mg_molar_grade,MG Positive Molar Grade,245,645.0,0.0001430058177104862
G2_mg_molar_grade,MG Positive Molar Grade,1231,1631.0,0.00014236963490524043
G2_mg_molar_grade,MG Positive Molar Grade,299,699.0,0.00014217666297022686
G2_mg_molar_grade,MG Positive Molar Grade,167,567.0,0.00014039289042069178
G2_mg_molar_grade,MG Positive Molar Grade,1058,1458.0,0.0001399915502676536
G2_mg_molar_grade,MG Positive Molar Grade,1328,1728.0,0.0001396809907841518
G2_mg_molar_grade,MG Positive Molar Grade,567,967.0,0.0001393175160091966
G2_mg_molar_grade,MG Positive Molar Grade,2,402.0,0.00013888905273551957
G2_mg_molar_grade,MG Positive Molar Grade,1384,1784.0,0.00013887827876370843
G2_mg_molar_grade,MG Positive Molar Grade,421,821.0,0.00013875248290448085
G2_mg_molar_grade,MG Positive Molar Grade,1323,1723.0,0.00013874957547827088
G2_mg_molar_grade,MG Positive Molar Grade,135,535.0,0.00013792368608773396
G2_mg_molar_grade,MG Positive Molar Grade,1282,1682.0,0.00013786711057687
G2_mg_molar_grade,MG Positive Molar Grade,1162,1562.0,0.00013753776545878544
G2_mg_molar_grade,MG Positive Molar Grade,420,820.0,0.000137396490832756
G2_mg_molar_grade,MG Positive Molar Grade,1193,1593.0,0.0001372518312689629
G2_mg_molar_grade,MG Positive Molar Grade,1344,1744.0,0.00013692686897418045
G2_mg_molar_grade,MG Positive Molar Grade,375,775.0,0.00013638882724103426
G2_mg_molar_grade,MG Positive Molar Grade,1227,1627.0,0.00013637521499957
G2_mg_molar_grade,MG Positive Molar Grade,796,1196.0,0.00013626043288969363
G2_mg_molar_grade,MG Positive Molar Grade,66,466.0,0.00013594448808705155
G2_mg_molar_grade,MG Positive Molar Grade,884,1284.0,0.00013567545300766852
G2_mg_molar_grade,MG Positive Molar Grade,492,892.0,0.00013565880200167152
G2_mg_molar_grade,MG Positive Molar Grade,529,929.0,0.00013549293247088672
G2_mg_molar_grade,MG Positive Molar Grade,180,580.0,0.00013547181151596848
G2_mg_molar_grade,MG Positive Molar Grade,653,1053.0,0.00013544732629432692
G2_mg_molar_grade,MG Positive Molar Grade,1123,1523.0,0.0001352866005372038
G2_mg_molar_grade,MG Positive Molar Grade,269,669.0,0.0001352543795831019
G2_mg_molar_grade,MG Positive Molar Grade,1041,1441.0,0.00013519218158490975
G2_mg_molar_grade,MG Positive Molar Grade,1305,1705.0,0.00013516887678361272
G2_mg_molar_grade,MG Positive Molar Grade,696,1096.0,0.0001348279844592944
G2_mg_molar_grade,MG Positive Molar Grade,194,594.0,0.00013454871113773208
G2_mg_molar_grade,MG Positive Molar Grade,354,754.0,0.00013451158675801213
G2_mg_molar_grade,MG Positive Molar Grade,141,541.0,0.00013432081758200373
G2_mg_molar_grade,MG Positive Molar Grade,1339,1739.0,0.00013417836832910418
G2_mg_molar_grade,MG Positive Molar Grade,1118,1518.0,0.0001341700083722659
G2_mg_molar_grade,MG Positive Molar Grade,1057,1457.0,0.00013412975337915182
G2_mg_molar_grade,MG Positive Molar Grade,153,553.0,0.00013395705090505657
G2_mg_molar_grade,MG Positive Molar Grade,533,933.0,0.00013380614792735487
G2_mg_molar_grade,MG Positive Molar Grade,898,1298.0,0.0001336246085971534
G2_mg_molar_grade,MG Positive Molar Grade,1115,1515.0,0.00013344555941590978
G2_mg_molar_grade,MG Positive Molar Grade,1321,1721.0,0.0001333723966059178
G2_mg_molar_grade,MG Positive Molar Grade,233,633.0,0.00013330884592293498
G2_mg_molar_grade,MG Positive Molar Grade,538,938.0,0.00013316469837906816
G2_mg_molar_grade,MG Positive Molar Grade,847,1247.0,0.00013294353933615552
G2_mg_molar_grade,MG Positive Molar Grade,1034,1434.0,0.0001326787846931961
G2_mg_molar_grade,MG Positive Molar Grade,1132,1532.0,0.00013227589837301718
G2_mg_molar_grade,MG Positive Molar Grade,926,1326.0,0.0001319210036303026
G2_mg_molar_grade,MG Positive Molar Grade,265,665.0,0.00013134098572708305
G2_mg_molar_grade,MG Positive Molar Grade,901,1301.0,0.00013115689706429937
G2_mg_molar_grade,MG Positive Molar Grade,1134,1534.0,0.00013097946209434828
G2_mg_molar_grade,MG Positive Molar Grade,906,1306.0,0.00013032796003245578
G2_mg_molar_grade,MG Positive Molar Grade,210,610.0,0.0001298396666308804
G2_mg_molar_grade,MG Positive Molar Grade,172,572.0,0.0001294756131634373
G2_mg_molar_grade,MG Positive Molar Grade,1107,1507.0,0.00012940480156987158
G2_mg_molar_grade,MG Positive Molar Grade,250,650.0,0.00012812083496075108
G2_mg_molar_grade,MG Positive Molar Grade,418,818.0,0.00012801551733530013
G2_mg_molar_grade,MG Positive Molar Grade,700,1100.0,0.00012744607037494
G2_mg_molar_grade,MG Positive Molar Grade,1136,1536.0,0.00012735668155508642
G2_mg_molar_grade,MG Positive Molar Grade,168,568.0,0.0001268056750472137
G2_mg_molar_grade,MG Positive Molar Grade,610,1010.0,0.00012668879311596146
G2_mg_molar_grade,MG Positive Molar Grade,948,1348.0,0.00012625717513194435
G2_mg_molar_grade,MG Positive Molar Grade,1316,1716.0,0.0001257333892412688
G2_mg_molar_grade,MG Positive Molar Grade,411,811.0,0.00012554918655099262
G2_mg_molar_grade,MG Positive Molar Grade,1151,1551.0,0.00012491303208273335
G2_mg_molar_grade,MG Positive Molar Grade,1393,1793.0,0.00012475509146553875
G2_mg_molar_grade,MG Positive Molar Grade,840,1240.0,0.00012468672857497297
G2_mg_molar_grade,MG Positive Molar Grade,211,611.0,0.00012466002755221652
G2_mg_molar_grade,MG Positive Molar Grade,205,605.0,0.00012414827760755403
G2_mg_molar_grade,MG Positive Molar Grade,860,1260.0,0.00012369822349084773
G2_mg_molar_grade,MG Positive Molar Grade,591,991.0,0.00012335104936769497
G2_mg_molar_grade,MG Positive Molar Grade,204,604.0,0.00012330485655841867
G2_mg_molar_grade,MG Positive Molar Grade,202,602.0,0.00012328517228398091
G2_mg_molar_grade,MG Positive Molar Grade,1122,1522.0,0.00012269461433922827
G2_mg_molar_grade,MG Positive Molar Grade,491,891.0,0.0001224818237167635
G2_mg_molar_grade,MG Positive Molar Grade,1298,1698.0,0.00012206797058936349
G2_mg_molar_grade,MG Positive Molar Grade,1135,1535.0,0.0001219832619959598
G2_mg_molar_grade,MG Positive Molar Grade,544,944.0,0.00012187594412983184
G2_mg_molar_grade,MG Positive Molar Grade,1116,1516.0,0.00012171244802170355
G2_mg_molar_grade,MG Positive Molar Grade,195,595.0,0.0001212750575287209
G2_mg_molar_grade,MG Positive Molar Grade,1119,1519.0,0.00012122230822041005
G2_mg_molar_grade,MG Positive Molar Grade,1190,1590.0,0.00012080318531632808
G2_mg_molar_grade,MG Positive Molar Grade,290,690.0,0.0001206036927265135
G2_mg_molar_grade,MG Positive Molar Grade,169,569.0,0.00012043160922800923
G2_mg_molar_grade,MG Positive Molar Grade,1325,1725.0,0.0001202158796581501
G2_mg_molar_grade,MG Positive Molar Grade,1061,1461.0,0.00011982623801702944
G2_mg_molar_grade,MG Positive Molar Grade,192,592.0,0.000119728269469443
G2_mg_molar_grade,MG Positive Molar Grade,1349,1749.0,0.00011971486850129543
G2_mg_molar_grade,MG Positive Molar Grade,1390,1790.0,0.00011908261484651285
G2_mg_molar_grade,MG Positive Molar Grade,174,574.0,0.00011903854032036502
G2_mg_molar_grade,MG Positive Molar Grade,1270,1670.0,0.00011849195615075128
G2_mg_molar_grade,MG Positive Molar Grade,1396,1796.0,0.00011832079656963048
G2_mg_molar_grade,MG Positive Molar Grade,938,1338.0,0.00011788092603680021
G2_mg_molar_grade,MG Positive Molar Grade,588,988.0,0.00011714382961938007
G2_mg_molar_grade,MG Positive Molar Grade,209,609.0,0.00011698658326582742
G2_mg_molar_grade,MG Positive Molar Grade,179,579.0,0.0001166284693391975
G2_mg_molar_grade,MG Positive Molar Grade,1285,1685.0,0.00011648660463862241
G2_mg_molar_grade,MG Positive Molar Grade,862,1262.0,0.00011641091769949367
G2_mg_molar_grade,MG Positive Molar Grade,251,651.0,0.00011558989570067183
G2_mg_molar_grade,MG Positive Molar Grade,1338,1738.0,0.00011536197913733479
G2_mg_molar_grade,MG Positive Molar Grade,408,808.0,0.00011524363129616391
G2_mg_molar_grade,MG Positive Molar Grade,857,1257.0,0.00011509657699365037
G2_mg_molar_grade,MG Positive Molar Grade,262,662.0,0.00011491982986312433
G2_mg_molar_grade,MG Positive Molar Grade,1232,1632.0,0.0001147467824332537
G2_mg_molar_grade,MG Positive Molar Grade,822,1222.0,0.00011408839954379151
G2_mg_molar_grade,MG Positive Molar Grade,1380,1780.0,0.00011403012979841317
G2_mg_molar_grade,MG Positive Molar Grade,1130,1530.0,0.00011364314792421772
G2_mg_molar_grade,MG Positive Molar Grade,902,1302.0,0.00011315594400675205
G2_mg_molar_grade,MG Positive Molar Grade,546,946.0,0.00011206913733614002
G2_mg_molar_grade,MG Positive Molar Grade,1383,1783.0,0.00011187270984893814
G2_mg_molar_grade,MG Positive Molar Grade,932,1332.0,0.00011163131094092108
G2_mg_molar_grade,MG Positive Molar Grade,407,807.0,0.00011144826173260398
G2_mg_molar_grade,MG Positive Molar Grade,409,809.0,0.00011135686145542802
G2_mg_molar_grade,MG Positive Molar Grade,203,603.0,0.00011080205584576921
G2_mg_molar_grade,MG Positive Molar Grade,1337,1737.0,0.000110616394019857
G2_mg_molar_grade,MG Positive Molar Grade,1194,1594.0,0.00010965984292325847
G2_mg_molar_grade,MG Positive Molar Grade,134,534.0,0.00010946771279613679
G2_mg_molar_grade,MG Positive Molar Grade,302,702.0,0.00010945881773139481
G2_mg_molar_grade,MG Positive Molar Grade,542,942.0,0.00010937797734220129
G2_mg_molar_grade,MG Positive Molar Grade,256,656.0,0.00010919929785713334
G2_mg_molar_grade,MG Positive Molar Grade,1347,1747.0,0.00010907687255735413
G2_mg_molar_grade,MG Positive Molar Grade,1148,1548.0,0.00010773972206416183
G2_mg_molar_grade,MG Positive Molar Grade,239,639.0,0.00010764213599862662
G2_mg_molar_grade,MG Positive Molar Grade,951,1351.0,0.0001070529693182852
G2_mg_molar_grade,MG Positive Molar Grade,1306,1706.0,0.00010562387398561615
G2_mg_molar_grade,MG Positive Molar Grade,291,691.0,0.00010542453769618018
G2_mg_molar_grade,MG Positive Molar Grade,534,934.0,0.00010479396031662273
G2_mg_molar_grade,MG Positive Molar Grade,132,532.0,0.00010466886481996447
G2_mg_molar_grade,MG Positive Molar Grade,712,1112.0,0.00010448217606231979
G2_mg_molar_grade,MG Positive Molar Grade,386,786.0,0.00010364496784015657
G2_mg_molar_grade,MG Positive Molar Grade,198,598.0,0.0001033805933499851
G2_mg_molar_grade,MG Positive Molar Grade,1370,1770.0,0.00010326266407860915
G2_mg_molar_grade,MG Positive Molar Grade,301,701.0,0.0001026076340460045
G2_mg_molar_grade,MG Positive Molar Grade,1307,1707.0,0.00010212968156499908
G2_mg_molar_grade,MG Positive Molar Grade,899,1299.0,0.00010099104713004945
G2_mg_molar_grade,MG Positive Molar Grade,1371,1771.0,0.00010070087515934194
G2_mg_molar_grade,MG Positive Molar Grade,158,558.0,9.997557416312625e-05
G2_mg_molar_grade,MG Positive Molar Grade,1125,1525.0,9.974897533419731e-05
G2_mg_molar_grade,MG Positive Molar Grade,1117,1517.0,9.920803174169168e-05
G2_mg_molar_grade,MG Positive Molar Grade,1389,1789.0,9.901183832595278e-05
G2_mg_molar_grade,MG Positive Molar Grade,234,634.0,9.899730202292997e-05
G2_mg_molar_grade,MG Positive Molar Grade,138,538.0,9.844941875437138e-05
G2_mg_molar_grade,MG Positive Molar Grade,824,1224.0,9.820430697647993e-05
G2_mg_molar_grade,MG Positive Molar Grade,228,628.0,9.81623852501273e-05
G2_mg_molar_grade,MG Positive Molar Grade,1236,1636.0,9.746399717912132e-05
G2_mg_molar_grade,MG Positive Molar Grade,719,1119.0,9.702053754698964e-05
G2_mg_molar_grade,MG Positive Molar Grade,222,622.0,9.699892387247511e-05
G2_mg_molar_grade,MG Positive Molar Grade,157,557.0,9.691206236870126e-05
G2_mg_molar_grade,MG Positive Molar Grade,1399,1799.0,9.677379481711083e-05
G2_mg_molar_grade,MG Positive Molar Grade,254,654.0,9.673122635162267e-05
G2_mg_molar_grade,MG Positive Molar Grade,139,539.0,9.650642141004544e-05
G2_mg_molar_grade,MG Positive Molar Grade,166,566.0,9.603809252730105e-05
G2_mg_molar_grade,MG Positive Molar Grade,263,663.0,9.573490567399803e-05
G2_mg_molar_grade,MG Positive Molar Grade,871,1271.0,9.571916767919697e-05
G2_mg_molar_grade,MG Positive Molar Grade,170,570.0,9.561665786439543e-05
G2_mg_molar_grade,MG Positive Molar Grade,178,578.0,9.480299240181012e-05
G2_mg_molar_grade,MG Positive Molar Grade,1320,1720.0,9.47960457523558e-05
G2_mg_molar_grade,MG Positive Molar Grade,1341,1741.0,9.432406744579277e-05
G2_mg_molar_grade,MG Positive Molar Grade,1392,1792.0,9.39539668123583e-05
G2_mg_molar_grade,MG Positive Molar Grade,215,615.0,9.324416285121994e-05
G2_mg_molar_grade,MG Positive Molar Grade,415,815.0,9.28081205119919e-05
G2_mg_molar_grade,MG Positive Molar Grade,140,540.0,9.26455752536521e-05
G2_mg_molar_grade,MG Positive Molar Grade,839,1239.0,9.211822122550954e-05
G2_mg_molar_grade,MG Positive Molar Grade,1233,1633.0,9.008774683641824e-05
G2_mg_molar_grade,MG Positive Molar Grade,1322,1722.0,8.977151947667556e-05
G2_mg_molar_grade,MG Positive Molar Grade,148,548.0,8.948634518916792e-05
G2_mg_molar_grade,MG Positive Molar Grade,240,640.0,8.899609219104122e-05
G2_mg_molar_grade,MG Positive Molar Grade,907,1307.0,8.887275212805326e-05
G2_mg_molar_grade,MG Positive Molar Grade,244,644.0,8.753037695621773e-05
G2_mg_molar_grade,MG Positive Molar Grade,1295,1695.0,8.720303294890651e-05
G2_mg_molar_grade,MG Positive Molar Grade,934,1334.0,8.660210056560266e-05
G2_mg_molar_grade,MG Positive Molar Grade,611,1011.0,8.620507656204896e-05
G2_mg_molar_grade,MG Positive Molar Grade,1283,1683.0,8.618065039495491e-05
G2_mg_molar_grade,MG Positive Molar Grade,353,753.0,8.571381248807405e-05
G2_mg_molar_grade,MG Positive Molar Grade,854,1254.0,8.535019980506313e-05
G2_mg_molar_grade,MG Positive Molar Grade,334,734.0,8.447944519851902e-05
G2_mg_molar_grade,MG Positive Molar Grade,1386,1786.0,8.367050426835859e-05
G2_mg_molar_grade,MG Positive Molar Grade,177,577.0,8.233494454050453e-05
G2_mg_molar_grade,MG Positive Molar Grade,1313,1713.0,8.200635904813945e-05
G2_mg_molar_grade,MG Positive Molar Grade,900,1300.0,7.959895384616455e-05
G2_mg_molar_grade,MG Positive Molar Grade,904,1304.0,7.943837275911271e-05
G2_mg_molar_grade,MG Positive Molar Grade,828,1228.0,7.74376471755017e-05
G2_mg_molar_grade,MG Positive Molar Grade,3,403.0,7.719841567506029e-05
G2_mg_molar_grade,MG Positive Molar Grade,237,637.0,7.57188041281028e-05
G2_mg_molar_grade,MG Positive Molar Grade,936,1336.0,7.547617810082214e-05
G2_mg_molar_grade,MG Positive Molar Grade,201,601.0,7.456835900583746e-05
G2_mg_molar_grade,MG Positive Molar Grade,953,1353.0,7.407771175200064e-05
G2_mg_molar_grade,MG Positive Molar Grade,935,1335.0,7.36449439869487e-05
G2_mg_molar_grade,MG Positive Molar Grade,1385,1785.0,7.351684062493523e-05
G2_mg_molar_grade,MG Positive Molar Grade,405,805.0,7.350909041002637e-05
G2_mg_molar_grade,MG Positive Molar Grade,382,782.0,7.33581209378385e-05
G2_mg_molar_grade,MG Positive Molar Grade,1153,1553.0,7.306014933974698e-05
G2_mg_molar_grade,MG Positive Molar Grade,905,1305.0,7.24681681751848e-05
G2_mg_molar_grade,MG Positive Molar Grade,241,641.0,7.153479568920262e-05
G2_mg_molar_grade,MG Positive Molar Grade,579,979.0,7.102643065922891e-05
G2_mg_molar_grade,MG Positive Molar Grade,197,597.0,6.99296162505312e-05
G2_mg_molar_grade,MG Positive Molar Grade,1387,1787.0,6.769387383407254e-05
G2_mg_molar_grade,MG Positive Molar Grade,171,571.0,6.759228999641574e-05
G2_mg_molar_grade,MG Positive Molar Grade,827,1227.0,6.54212338096006e-05
G2_mg_molar_grade,MG Positive Molar Grade,293,693.0,6.494052615347625e-05
G2_mg_molar_grade,MG Positive Molar Grade,1372,1772.0,6.414323963558964e-05
G2_mg_molar_grade,MG Positive Molar Grade,1129,1529.0,6.376850343296748e-05
G2_mg_molar_grade,MG Positive Molar Grade,1336,1736.0,6.252119751457602e-05
G2_mg_molar_grade,MG Positive Molar Grade,846,1246.0,6.246689477611761e-05
G2_mg_molar_grade,MG Positive Molar Grade,255,655.0,6.0961116994620556e-05
G2_mg_molar_grade,MG Positive Molar Grade,1226,1626.0,6.080983860484015e-05
G2_mg_molar_grade,MG Positive Molar Grade,253,653.0,5.9987412980982325e-05
G2_mg_molar_grade,MG Positive Molar Grade,1235,1635.0,5.982186031691393e-05
G2_mg_molar_grade,MG Positive Molar Grade,1388,1788.0,5.9536858685707724e-05
G2_mg_molar_grade,MG Positive Molar Grade,1369,1769.0,5.891964185597454e-05
G2_mg_molar_grade,MG Positive Molar Grade,1358,1758.0,5.811710277730054e-05
G2_mg_molar_grade,MG Positive Molar Grade,1354,1754.0,5.7934880617235e-05
G2_mg_molar_grade,MG Positive Molar Grade,417,817.0,5.7471830298851624e-05
G2_mg_molar_grade,MG Positive Molar Grade,147,547.0,5.7220755092912165e-05
G2_mg_molar_grade,MG Positive Molar Grade,236,636.0,5.670070194847947e-05
G2_mg_molar_grade,MG Positive Molar Grade,1382,1782.0,5.564882044972944e-05
G2_mg_molar_grade,MG Positive Molar Grade,200,600.0,5.4743929470051646e-05
G2_mg_molar_grade,MG Positive Molar Grade,909,1309.0,5.4608458406226115e-05
G2_mg_molar_grade,MG Positive Molar Grade,165,565.0,5.459176389207437e-05
G2_mg_molar_grade,MG Positive Molar Grade,242,642.0,5.408801008144367e-05
G2_mg_molar_grade,MG Positive Molar Grade,413,813.0,5.170328387110021e-05
G2_mg_molar_grade,MG Positive Molar Grade,1309,1709.0,5.1583994287356445e-05
G2_mg_molar_grade,MG Positive Molar Grade,259,659.0,5.048705372604308e-05
G2_mg_molar_grade,MG Positive Molar Grade,199,599.0,4.862738810272236e-05
G2_mg_molar_grade,MG Positive Molar Grade,261,661.0,4.803286762825083e-05
G2_mg_molar_grade,MG Positive Molar Grade,903,1303.0,4.6052749651759016e-05
G2_mg_molar_grade,MG Positive Molar Grade,912,1312.0,4.597181856609417e-05
G2_mg_molar_grade,MG Positive Molar Grade,227,627.0,4.276117873214011e-05
G2_mg_molar_grade,MG Positive Molar Grade,1373,1773.0,4.1822421899109047e-05
G2_mg_molar_grade,MG Positive Molar Grade,845,1245.0,4.083273104557888e-05
G2_mg_molar_grade,MG Positive Molar Grade,1391,1791.0,3.840928166243747e-05
G2_mg_molar_grade,MG Positive Molar Grade,1335,1735.0,3.707053560681457e-05
G3_mba_molar_grade,MBA Positive Molar Grade,1171,1571.0,0.00559472015114127
G3_mba_molar_grade,MBA Positive Molar Grade,1177,1577.0,0.004474412097298558
G3_mba_molar_grade,MBA Positive Molar Grade,665,1065.0,0.00429498598161256
G3_mba_molar_grade,MBA Positive Molar Grade,990,1390.0,0.004280768877717922
G3_mba_molar_grade,MBA Positive Molar Grade,664,1064.0,0.0038795802873691533
G3_mba_molar_grade,MBA Positive Molar Grade,663,1063.0,0.003684703439085189
G3_mba_molar_grade,MBA Positive Molar Grade,987,1387.0,0.0034393166055652047
G3_mba_molar_grade,MBA Positive Molar Grade,1042,1442.0,0.0033381315223805887
G3_mba_molar_grade,MBA Positive Molar Grade,1180,1580.0,0.0033055150908192898
G3_mba_molar_grade,MBA Positive Molar Grade,1175,1575.0,0.00325673101930834
G3_mba_molar_grade,MBA Positive Molar Grade,1173,1573.0,0.0032007141889311384
G3_mba_molar_grade,MBA Positive Molar Grade,1174,1574.0,0.0031918235239147665
G3_mba_molar_grade,MBA Positive Molar Grade,986,1386.0,0.003170908124466398
G3_mba_molar_grade,MBA Positive Molar Grade,983,1383.0,0.0031199336474110823
G3_mba_molar_grade,MBA Positive Molar Grade,1170,1570.0,0.0030451683689315537
G3_mba_molar_grade,MBA Positive Molar Grade,1176,1576.0,0.0030221131676254494
G3_mba_molar_grade,MBA Positive Molar Grade,1172,1572.0,0.002826258184549763
G3_mba_molar_grade,MBA Positive Molar Grade,655,1055.0,0.002821766569208454
G3_mba_molar_grade,MBA Positive Molar Grade,1037,1437.0,0.0027645713140065156
G3_mba_molar_grade,MBA Positive Molar Grade,1181,1581.0,0.002637502083941451
G3_mba_molar_grade,MBA Positive Molar Grade,984,1384.0,0.002628288059902293
G3_mba_molar_grade,MBA Positive Molar Grade,654,1054.0,0.0026067909996196474
G3_mba_molar_grade,MBA Positive Molar Grade,989,1389.0,0.00258978958269245
G3_mba_molar_grade,MBA Positive Molar Grade,666,1066.0,0.0025846221791402638
G3_mba_molar_grade,MBA Positive Molar Grade,672,1072.0,0.002566076092754382
G3_mba_molar_grade,MBA Positive Molar Grade,669,1069.0,0.0025016825059469244
G3_mba_molar_grade,MBA Positive Molar Grade,991,1391.0,0.002426258304803677
G3_mba_molar_grade,MBA Positive Molar Grade,992,1392.0,0.0024110419204518745
G3_mba_molar_grade,MBA Positive Molar Grade,1043,1443.0,0.0023641668316321924
G3_mba_molar_grade,MBA Positive Molar Grade,1183,1583.0,0.002293491386445423
G3_mba_molar_grade,MBA Positive Molar Grade,668,1068.0,0.0022471478512071045
G3_mba_molar_grade,MBA Positive Molar Grade,1178,1578.0,0.002215176936445826
G3_mba_molar_grade,MBA Positive Molar Grade,671,1071.0,0.002212709951875684
G3_mba_molar_grade,MBA Positive Molar Grade,1182,1582.0,0.0021432832970380658
G3_mba_molar_grade,MBA Positive Molar Grade,994,1394.0,0.0020968578218595805
G3_mba_molar_grade,MBA Positive Molar Grade,1004,1404.0,0.0020478716046601077
G3_mba_molar_grade,MBA Positive Molar Grade,1044,1444.0,0.0020169241286639287
G3_mba_molar_grade,MBA Positive Molar Grade,1179,1579.0,0.0020157034725971556
G3_mba_molar_grade,MBA Positive Molar Grade,657,1057.0,0.0019935348793672265
G3_mba_molar_grade,MBA Positive Molar Grade,1035,1435.0,0.0019595590224021795
G3_mba_molar_grade,MBA Positive Molar Grade,306,706.0,0.0019165353078224006
G3_mba_molar_grade,MBA Positive Molar Grade,1036,1436.0,0.0019017799508126423
G3_mba_molar_grade,MBA Positive Molar Grade,1001,1401.0,0.0018962343284415842
G3_mba_molar_grade,MBA Positive Molar Grade,1041,1441.0,0.0018947468569840056
G3_mba_molar_grade,MBA Positive Molar Grade,1040,1440.0,0.0018913236076117529
G3_mba_molar_grade,MBA Positive Molar Grade,1033,1433.0,0.0018857042385585089
G3_mba_molar_grade,MBA Positive Molar Grade,662,1062.0,0.0018832077547851355
G3_mba_molar_grade,MBA Positive Molar Grade,653,1053.0,0.0018473048615854477
G3_mba_molar_grade,MBA Positive Molar Grade,1046,1446.0,0.0018432436070666524
G3_mba_molar_grade,MBA Positive Molar Grade,1071,1471.0,0.0018174623273474592
G3_mba_molar_grade,MBA Positive Molar Grade,656,1056.0,0.0018164797957993966
G3_mba_molar_grade,MBA Positive Molar Grade,676,1076.0,0.001811385651439792
G3_mba_molar_grade,MBA Positive Molar Grade,1049,1449.0,0.0017768428299620408
G3_mba_molar_grade,MBA Positive Molar Grade,304,704.0,0.0017660528943488814
G3_mba_molar_grade,MBA Positive Molar Grade,1038,1438.0,0.001751540734196128
G3_mba_molar_grade,MBA Positive Molar Grade,1034,1434.0,0.001751481261999419
G3_mba_molar_grade,MBA Positive Molar Grade,996,1396.0,0.0016922298752409207
G3_mba_molar_grade,MBA Positive Molar Grade,1047,1447.0,0.001680000642203272
G3_mba_molar_grade,MBA Positive Molar Grade,660,1060.0,0.0016668626206284502
G3_mba_molar_grade,MBA Positive Molar Grade,1039,1439.0,0.0016356353053844916
G3_mba_molar_grade,MBA Positive Molar Grade,540,940.0,0.0015945923352491342
G3_mba_molar_grade,MBA Positive Molar Grade,661,1061.0,0.0015854631199597004
G3_mba_molar_grade,MBA Positive Molar Grade,1073,1473.0,0.0015650879418641324
G3_mba_molar_grade,MBA Positive Molar Grade,1000,1400.0,0.0015589984935639974
G3_mba_molar_grade,MBA Positive Molar Grade,459,859.0,0.0015572507329671432
G3_mba_molar_grade,MBA Positive Molar Grade,457,857.0,0.0015477921917655072
G3_mba_molar_grade,MBA Positive Molar Grade,1169,1569.0,0.001538106108160083
G3_mba_molar_grade,MBA Positive Molar Grade,1160,1560.0,0.0015305451999826475
G3_mba_molar_grade,MBA Positive Molar Grade,652,1052.0,0.001515293353406761
G3_mba_molar_grade,MBA Positive Molar Grade,670,1070.0,0.0015151475738858795
G3_mba_molar_grade,MBA Positive Molar Grade,977,1377.0,0.0015045246567891688
G3_mba_molar_grade,MBA Positive Molar Grade,1070,1470.0,0.0014976339893117275
G3_mba_molar_grade,MBA Positive Molar Grade,608,1008.0,0.0014965523300321045
G3_mba_molar_grade,MBA Positive Molar Grade,309,709.0,0.0014917738465684556
G3_mba_molar_grade,MBA Positive Molar Grade,1045,1445.0,0.0014890925143854357
G3_mba_molar_grade,MBA Positive Molar Grade,963,1363.0,0.001485374666140877
G3_mba_molar_grade,MBA Positive Molar Grade,1168,1568.0,0.0014591057538709668
G3_mba_molar_grade,MBA Positive Molar Grade,674,1074.0,0.001454786271570235
G3_mba_molar_grade,MBA Positive Molar Grade,982,1382.0,0.0014464056923907806
G3_mba_molar_grade,MBA Positive Molar Grade,310,710.0,0.0014312112412161197
G3_mba_molar_grade,MBA Positive Molar Grade,985,1385.0,0.0014195635454659797
G3_mba_molar_grade,MBA Positive Molar Grade,673,1073.0,0.0014117785413350712
G3_mba_molar_grade,MBA Positive Molar Grade,667,1067.0,0.0014056334258454194
G3_mba_molar_grade,MBA Positive Molar Grade,1013,1413.0,0.0013978708216108445
G3_mba_molar_grade,MBA Positive Molar Grade,539,939.0,0.0013900920962834856
G3_mba_molar_grade,MBA Positive Molar Grade,988,1388.0,0.0013811173692789831
G3_mba_molar_grade,MBA Positive Molar Grade,114,514.0,0.0013458258032819906
G3_mba_molar_grade,MBA Positive Molar Grade,978,1378.0,0.001336466268434126
G3_mba_molar_grade,MBA Positive Molar Grade,542,942.0,0.0013358208233629806
G3_mba_molar_grade,MBA Positive Molar Grade,606,1006.0,0.0013292344592471402
G3_mba_molar_grade,MBA Positive Molar Grade,975,1375.0,0.001326975527276124
G3_mba_molar_grade,MBA Positive Molar Grade,1031,1431.0,0.0013253178008113089
G3_mba_molar_grade,MBA Positive Molar Grade,463,863.0,0.0013248509153355992
G3_mba_molar_grade,MBA Positive Molar Grade,541,941.0,0.0013170695523881245
G3_mba_molar_grade,MBA Positive Molar Grade,128,528.0,0.0012864988280809504
G3_mba_molar_grade,MBA Positive Molar Grade,537,937.0,0.0012743685318776252
G3_mba_molar_grade,MBA Positive Molar Grade,981,1381.0,0.0012375384863408797
G3_mba_molar_grade,MBA Positive Molar Grade,1167,1567.0,0.0012174372520560822
G3_mba_molar_grade,MBA Positive Molar Grade,1050,1450.0,0.0011920746080111065
G3_mba_molar_grade,MBA Positive Molar Grade,465,865.0,0.0011792710867056853
G3_mba_molar_grade,MBA Positive Molar Grade,452,852.0,0.001168015597267528
G3_mba_molar_grade,MBA Positive Molar Grade,1002,1402.0,0.0011652355419001232
G3_mba_molar_grade,MBA Positive Molar Grade,1159,1559.0,0.001140222093349881
G3_mba_molar_grade,MBA Positive Molar Grade,611,1011.0,0.0011328939838764016
G3_mba_molar_grade,MBA Positive Molar Grade,658,1058.0,0.0011258926806290617
G3_mba_molar_grade,MBA Positive Molar Grade,133,533.0,0.0011258442774412876
G3_mba_molar_grade,MBA Positive Molar Grade,649,1049.0,0.0011186343144997995
G3_mba_molar_grade,MBA Positive Molar Grade,1157,1557.0,0.0011176566723823315
G3_mba_molar_grade,MBA Positive Molar Grade,1075,1475.0,0.0011098472669746544
G3_mba_molar_grade,MBA Positive Molar Grade,1030,1430.0,0.0011095072765280906
G3_mba_molar_grade,MBA Positive Molar Grade,1202,1602.0,0.0011031968640683697
G3_mba_molar_grade,MBA Positive Molar Grade,1018,1418.0,0.001092088433044942
G3_mba_molar_grade,MBA Positive Molar Grade,659,1059.0,0.0010864807119553889
G3_mba_molar_grade,MBA Positive Molar Grade,675,1075.0,0.0010860139456388403
G3_mba_molar_grade,MBA Positive Molar Grade,995,1395.0,0.0010811769648462167
G3_mba_molar_grade,MBA Positive Molar Grade,308,708.0,0.0010799348703709897
G3_mba_molar_grade,MBA Positive Molar Grade,1184,1584.0,0.001057992538002982
G3_mba_molar_grade,MBA Positive Molar Grade,993,1393.0,0.0010572268379556954
G3_mba_molar_grade,MBA Positive Molar Grade,1074,1474.0,0.0010501448325484467
G3_mba_molar_grade,MBA Positive Molar Grade,110,510.0,0.0010500222252389287
G3_mba_molar_grade,MBA Positive Molar Grade,1185,1585.0,0.0010493400268891048
G3_mba_molar_grade,MBA Positive Molar Grade,1048,1448.0,0.0010463275752493032
G3_mba_molar_grade,MBA Positive Molar Grade,220,620.0,0.0010404378977707464
G3_mba_molar_grade,MBA Positive Molar Grade,127,527.0,0.0010398125159238538
G3_mba_molar_grade,MBA Positive Molar Grade,132,532.0,0.0010396713484201719
G3_mba_molar_grade,MBA Positive Molar Grade,1072,1472.0,0.0010367191882370815
G3_mba_molar_grade,MBA Positive Molar Grade,1156,1556.0,0.0010338999418740824
G3_mba_molar_grade,MBA Positive Molar Grade,964,1364.0,0.0010309076124288454
G3_mba_molar_grade,MBA Positive Molar Grade,305,705.0,0.001028831671432301
G3_mba_molar_grade,MBA Positive Molar Grade,104,504.0,0.0010235644160216109
G3_mba_molar_grade,MBA Positive Molar Grade,113,513.0,0.0010215277799484068
G3_mba_molar_grade,MBA Positive Molar Grade,111,511.0,0.0010141133870449459
G3_mba_molar_grade,MBA Positive Molar Grade,119,519.0,0.0010110563297955667
G3_mba_molar_grade,MBA Positive Molar Grade,453,853.0,0.001007029792071969
G3_mba_molar_grade,MBA Positive Molar Grade,112,512.0,0.0010034653767481087
G3_mba_molar_grade,MBA Positive Molar Grade,120,520.0,0.000998954966399146
G3_mba_molar_grade,MBA Positive Molar Grade,1032,1432.0,0.0009981342751009536
G3_mba_molar_grade,MBA Positive Molar Grade,1077,1477.0,0.0009978301083646156
G3_mba_molar_grade,MBA Positive Molar Grade,533,933.0,0.0009859948438161346
G3_mba_molar_grade,MBA Positive Molar Grade,103,503.0,0.0009842672388194014
G3_mba_molar_grade,MBA Positive Molar Grade,603,1003.0,0.0009831754268134535
G3_mba_molar_grade,MBA Positive Molar Grade,979,1379.0,0.0009529028839671818
G3_mba_molar_grade,MBA Positive Molar Grade,1025,1425.0,0.000946711690108511
G3_mba_molar_grade,MBA Positive Molar Grade,455,855.0,0.000945348616438951
G3_mba_molar_grade,MBA Positive Molar Grade,1052,1452.0,0.0009422824096988317
G3_mba_molar_grade,MBA Positive Molar Grade,456,856.0,0.0009364541044231148
G3_mba_molar_grade,MBA Positive Molar Grade,303,703.0,0.0009327808614370393
G3_mba_molar_grade,MBA Positive Molar Grade,1162,1562.0,0.000930579259915551
G3_mba_molar_grade,MBA Positive Molar Grade,464,864.0,0.0009283867980455191
G3_mba_molar_grade,MBA Positive Molar Grade,126,526.0,0.0009273217010350726
G3_mba_molar_grade,MBA Positive Molar Grade,1158,1558.0,0.00092619716628584
G3_mba_molar_grade,MBA Positive Molar Grade,1022,1422.0,0.0009196389147610417
G3_mba_molar_grade,MBA Positive Molar Grade,609,1009.0,0.0009188307430908915
G3_mba_molar_grade,MBA Positive Molar Grade,1003,1403.0,0.0009127955194434807
G3_mba_molar_grade,MBA Positive Molar Grade,997,1397.0,0.0009102641873118618
G3_mba_molar_grade,MBA Positive Molar Grade,648,1048.0,0.0009080677048705434
G3_mba_molar_grade,MBA Positive Molar Grade,999,1399.0,0.0009078568142171433
G3_mba_molar_grade,MBA Positive Molar Grade,1064,1464.0,0.0009069385580143003
G3_mba_molar_grade,MBA Positive Molar Grade,607,1007.0,0.000904080630911144
G3_mba_molar_grade,MBA Positive Molar Grade,965,1365.0,0.0008926710191255968
G3_mba_molar_grade,MBA Positive Molar Grade,335,735.0,0.0008859978011636208
G3_mba_molar_grade,MBA Positive Molar Grade,1067,1467.0,0.0008742112583348311
G3_mba_molar_grade,MBA Positive Molar Grade,974,1374.0,0.0008718149447744724
G3_mba_molar_grade,MBA Positive Molar Grade,651,1051.0,0.0008538789032998786
G3_mba_molar_grade,MBA Positive Molar Grade,538,938.0,0.0008526530119972817
G3_mba_molar_grade,MBA Positive Molar Grade,1027,1427.0,0.0008472963915855668
G3_mba_molar_grade,MBA Positive Molar Grade,454,854.0,0.000843141794717344
G3_mba_molar_grade,MBA Positive Molar Grade,414,814.0,0.0008427714404975749
G3_mba_molar_grade,MBA Positive Molar Grade,1165,1565.0,0.0008369835489081673
G3_mba_molar_grade,MBA Positive Molar Grade,679,1079.0,0.0008350603459116784
G3_mba_molar_grade,MBA Positive Molar Grade,123,523.0,0.0008278664893309794
G3_mba_molar_grade,MBA Positive Molar Grade,115,515.0,0.0008213810686787448
G3_mba_molar_grade,MBA Positive Molar Grade,462,862.0,0.0008131194366489938
G3_mba_molar_grade,MBA Positive Molar Grade,1015,1415.0,0.0008031857576958105
G3_mba_molar_grade,MBA Positive Molar Grade,171,571.0,0.0007998845781530028
G3_mba_molar_grade,MBA Positive Molar Grade,650,1050.0,0.0007992634221886809
G3_mba_molar_grade,MBA Positive Molar Grade,1079,1479.0,0.0007946365959943625
G3_mba_molar_grade,MBA Positive Molar Grade,1078,1478.0,0.0007852847890522176
G3_mba_molar_grade,MBA Positive Molar Grade,1164,1564.0,0.0007785929916846935
G3_mba_molar_grade,MBA Positive Molar Grade,1026,1426.0,0.0007682286709212522
G3_mba_molar_grade,MBA Positive Molar Grade,102,502.0,0.0007642841646722708
G3_mba_molar_grade,MBA Positive Molar Grade,1068,1468.0,0.0007555438907649435
G3_mba_molar_grade,MBA Positive Molar Grade,460,860.0,0.0007538176689321889
G3_mba_molar_grade,MBA Positive Molar Grade,27,427.0,0.0007534957057699684
G3_mba_molar_grade,MBA Positive Molar Grade,1051,1451.0,0.0007534322322401571
G3_mba_molar_grade,MBA Positive Molar Grade,131,531.0,0.000751999492795359
G3_mba_molar_grade,MBA Positive Molar Grade,783,1183.0,0.00074537785860102
G3_mba_molar_grade,MBA Positive Molar Grade,605,1005.0,0.0007448037815472942
G3_mba_molar_grade,MBA Positive Molar Grade,623,1023.0,0.0007433495059553946
G3_mba_molar_grade,MBA Positive Molar Grade,302,702.0,0.0007339878146022931
G3_mba_molar_grade,MBA Positive Molar Grade,168,568.0,0.0007321182896288039
G3_mba_molar_grade,MBA Positive Molar Grade,1161,1561.0,0.0007296164827181102
G3_mba_molar_grade,MBA Positive Molar Grade,625,1025.0,0.000726104414263932
G3_mba_molar_grade,MBA Positive Molar Grade,1154,1554.0,0.000725900093487763
G3_mba_molar_grade,MBA Positive Molar Grade,1007,1407.0,0.0007225921426194139
G3_mba_molar_grade,MBA Positive Molar Grade,677,1077.0,0.0007188712117596653
G3_mba_molar_grade,MBA Positive Molar Grade,418,818.0,0.0007143227222970221
G3_mba_molar_grade,MBA Positive Molar Grade,332,732.0,0.0007122673432069682
G3_mba_molar_grade,MBA Positive Molar Grade,1203,1603.0,0.000708348710592627
G3_mba_molar_grade,MBA Positive Molar Grade,543,943.0,0.0007074536166225136
G3_mba_molar_grade,MBA Positive Molar Grade,450,850.0,0.0007020892894506624
G3_mba_molar_grade,MBA Positive Molar Grade,1204,1604.0,0.0006993266440136172
G3_mba_molar_grade,MBA Positive Molar Grade,313,713.0,0.0006947555934121586
G3_mba_molar_grade,MBA Positive Molar Grade,622,1022.0,0.0006946719162555335
G3_mba_molar_grade,MBA Positive Molar Grade,1017,1417.0,0.0006917756847362738
G3_mba_molar_grade,MBA Positive Molar Grade,35,435.0,0.0006812906812414734
G3_mba_molar_grade,MBA Positive Molar Grade,1081,1481.0,0.0006689093241508861
G3_mba_molar_grade,MBA Positive Molar Grade,630,1030.0,0.0006663744365314542
G3_mba_molar_grade,MBA Positive Molar Grade,1066,1466.0,0.0006658314924775551
G3_mba_molar_grade,MBA Positive Molar Grade,971,1371.0,0.0006625430165263942
G3_mba_molar_grade,MBA Positive Molar Grade,604,1004.0,0.0006619804061297535
G3_mba_molar_grade,MBA Positive Molar Grade,1309,1709.0,0.0006585821071902569
G3_mba_molar_grade,MBA Positive Molar Grade,458,858.0,0.0006579997699139691
G3_mba_molar_grade,MBA Positive Molar Grade,800,1200.0,0.0006575821024724575
G3_mba_molar_grade,MBA Positive Molar Grade,1028,1428.0,0.0006568609206586973
G3_mba_molar_grade,MBA Positive Molar Grade,1010,1410.0,0.0006563884011429625
G3_mba_molar_grade,MBA Positive Molar Grade,1009,1409.0,0.0006542962457257285
G3_mba_molar_grade,MBA Positive Molar Grade,710,1110.0,0.0006534213345588541
G3_mba_molar_grade,MBA Positive Molar Grade,477,877.0,0.0006514212845825862
G3_mba_molar_grade,MBA Positive Molar Grade,333,733.0,0.0006506029833029801
G3_mba_molar_grade,MBA Positive Molar Grade,627,1027.0,0.0006445264238817235
G3_mba_molar_grade,MBA Positive Molar Grade,124,524.0,0.0006417193596476053
G3_mba_molar_grade,MBA Positive Molar Grade,311,711.0,0.0006378059920022454
G3_mba_molar_grade,MBA Positive Molar Grade,25,425.0,0.0006352283211220405
G3_mba_molar_grade,MBA Positive Molar Grade,334,734.0,0.0006337151918598591
G3_mba_molar_grade,MBA Positive Molar Grade,1065,1465.0,0.0006321989506407778
G3_mba_molar_grade,MBA Positive Molar Grade,13,413.0,0.000619526045997394
G3_mba_molar_grade,MBA Positive Molar Grade,116,516.0,0.0006139853649421797
G3_mba_molar_grade,MBA Positive Molar Grade,976,1376.0,0.0006119133398151196
G3_mba_molar_grade,MBA Positive Molar Grade,612,1012.0,0.0006109717178944961
G3_mba_molar_grade,MBA Positive Molar Grade,1299,1699.0,0.0006098308976023153
G3_mba_molar_grade,MBA Positive Molar Grade,624,1024.0,0.0006094639789949751
G3_mba_molar_grade,MBA Positive Molar Grade,1166,1566.0,0.0006085695692824682
G3_mba_molar_grade,MBA Positive Molar Grade,478,878.0,0.0006068637139333077
G3_mba_molar_grade,MBA Positive Molar Grade,1331,1731.0,0.0006029333312602771
G3_mba_molar_grade,MBA Positive Molar Grade,170,570.0,0.0006028799664170051
G3_mba_molar_grade,MBA Positive Molar Grade,447,847.0,0.0005916285774306661
G3_mba_molar_grade,MBA Positive Molar Grade,117,517.0,0.0005904283383192524
G3_mba_molar_grade,MBA Positive Molar Grade,1092,1492.0,0.0005856901239926365
G3_mba_molar_grade,MBA Positive Molar Grade,250,650.0,0.000580659805463261
G3_mba_molar_grade,MBA Positive Molar Grade,1069,1469.0,0.000578733670039782
G3_mba_molar_grade,MBA Positive Molar Grade,118,518.0,0.0005787113226472415
G3_mba_molar_grade,MBA Positive Molar Grade,1153,1553.0,0.0005780703913805332
G3_mba_molar_grade,MBA Positive Molar Grade,1320,1720.0,0.0005765166929213206
G3_mba_molar_grade,MBA Positive Molar Grade,177,577.0,0.0005741146341518027
G3_mba_molar_grade,MBA Positive Molar Grade,1340,1740.0,0.000573264999472498
G3_mba_molar_grade,MBA Positive Molar Grade,417,817.0,0.0005726569575700658
G3_mba_molar_grade,MBA Positive Molar Grade,1096,1496.0,0.0005722640117131741
G3_mba_molar_grade,MBA Positive Molar Grade,1020,1420.0,0.0005658657338924294
G3_mba_molar_grade,MBA Positive Molar Grade,1012,1412.0,0.0005656000597821456
G3_mba_molar_grade,MBA Positive Molar Grade,129,529.0,0.0005642266871945387
G3_mba_molar_grade,MBA Positive Molar Grade,1076,1476.0,0.0005633326734921283
G3_mba_molar_grade,MBA Positive Molar Grade,778,1178.0,0.000561983318608385
G3_mba_molar_grade,MBA Positive Molar Grade,1008,1408.0,0.0005618121415517907
G3_mba_molar_grade,MBA Positive Molar Grade,970,1370.0,0.0005582023582522132
G3_mba_molar_grade,MBA Positive Molar Grade,709,1109.0,0.00055668041083876
G3_mba_molar_grade,MBA Positive Molar Grade,442,842.0,0.0005566288554309777
G3_mba_molar_grade,MBA Positive Molar Grade,1053,1453.0,0.000555683238531664
G3_mba_molar_grade,MBA Positive Molar Grade,969,1369.0,0.0005544001806524956
G3_mba_molar_grade,MBA Positive Molar Grade,531,931.0,0.0005531725369287526
G3_mba_molar_grade,MBA Positive Molar Grade,610,1010.0,0.0005522263816833792
G3_mba_molar_grade,MBA Positive Molar Grade,402,802.0,0.0005476092671511541
G3_mba_molar_grade,MBA Positive Molar Grade,467,867.0,0.0005461120448731334
G3_mba_molar_grade,MBA Positive Molar Grade,626,1026.0,0.0005444320095427982
G3_mba_molar_grade,MBA Positive Molar Grade,1023,1423.0,0.0005437303243291715
G3_mba_molar_grade,MBA Positive Molar Grade,479,879.0,0.0005436696736141544
G3_mba_molar_grade,MBA Positive Molar Grade,646,1046.0,0.0005425488935855958
G3_mba_molar_grade,MBA Positive Molar Grade,1021,1421.0,0.0005422556234680626
G3_mba_molar_grade,MBA Positive Molar Grade,645,1045.0,0.0005389847220482339
G3_mba_molar_grade,MBA Positive Molar Grade,1005,1405.0,0.0005323063221614225
G3_mba_molar_grade,MBA Positive Molar Grade,1054,1454.0,0.0005319292144120277
G3_mba_molar_grade,MBA Positive Molar Grade,532,932.0,0.0005219374820631824
G3_mba_molar_grade,MBA Positive Molar Grade,961,1361.0,0.0005218989754392993
G3_mba_molar_grade,MBA Positive Molar Grade,967,1367.0,0.0005179443920855668
G3_mba_molar_grade,MBA Positive Molar Grade,1014,1414.0,0.0005177715495130268
G3_mba_molar_grade,MBA Positive Molar Grade,1337,1737.0,0.0005162385509353514
G3_mba_molar_grade,MBA Positive Molar Grade,1024,1424.0,0.0005155688191717271
G3_mba_molar_grade,MBA Positive Molar Grade,1016,1416.0,0.0005141571322134616
G3_mba_molar_grade,MBA Positive Molar Grade,468,868.0,0.0005122921915348663
G3_mba_molar_grade,MBA Positive Molar Grade,802,1202.0,0.000512109687750645
G3_mba_molar_grade,MBA Positive Molar Grade,621,1021.0,0.0005120521080986313
G3_mba_molar_grade,MBA Positive Molar Grade,731,1131.0,0.0005103695841314547
G3_mba_molar_grade,MBA Positive Molar Grade,1342,1742.0,0.0005098190115277779
G3_mba_molar_grade,MBA Positive Molar Grade,628,1028.0,0.0005095826592892119
G3_mba_molar_grade,MBA Positive Molar Grade,693,1093.0,0.0005090544562330791
G3_mba_molar_grade,MBA Positive Molar Grade,506,906.0,0.000506864498839389
G3_mba_molar_grade,MBA Positive Molar Grade,39,439.0,0.0005046507769602292
G3_mba_molar_grade,MBA Positive Molar Grade,444,844.0,0.000503242745333851
G3_mba_molar_grade,MBA Positive Molar Grade,546,946.0,0.000503191575134341
G3_mba_molar_grade,MBA Positive Molar Grade,1150,1550.0,0.0005023240458621565
G3_mba_molar_grade,MBA Positive Molar Grade,620,1020.0,0.000501848975936788
G3_mba_molar_grade,MBA Positive Molar Grade,534,934.0,0.0005009146190083801
G3_mba_molar_grade,MBA Positive Molar Grade,469,869.0,0.0004977757664531144
G3_mba_molar_grade,MBA Positive Molar Grade,966,1366.0,0.0004976052322325403
G3_mba_molar_grade,MBA Positive Molar Grade,1082,1482.0,0.0004952923097619213
G3_mba_molar_grade,MBA Positive Molar Grade,336,736.0,0.0004942903237575685
G3_mba_molar_grade,MBA Positive Molar Grade,631,1031.0,0.0004925714250081384
G3_mba_molar_grade,MBA Positive Molar Grade,633,1033.0,0.0004916280614405641
G3_mba_molar_grade,MBA Positive Molar Grade,1019,1419.0,0.000489527220999986
G3_mba_molar_grade,MBA Positive Molar Grade,1094,1494.0,0.00048791343127416897
G3_mba_molar_grade,MBA Positive Molar Grade,446,846.0,0.00048646468140004206
G3_mba_molar_grade,MBA Positive Molar Grade,416,816.0,0.00048570468361158156
G3_mba_molar_grade,MBA Positive Molar Grade,715,1115.0,0.0004843423181105234
G3_mba_molar_grade,MBA Positive Molar Grade,105,505.0,0.00048279586232769585
G3_mba_molar_grade,MBA Positive Molar Grade,798,1198.0,0.0004811415949644993
G3_mba_molar_grade,MBA Positive Molar Grade,1080,1480.0,0.0004791753024921243
G3_mba_molar_grade,MBA Positive Molar Grade,1189,1589.0,0.0004719007087792
G3_mba_molar_grade,MBA Positive Molar Grade,544,944.0,0.0004713722274878299
G3_mba_molar_grade,MBA Positive Molar Grade,400,800.0,0.0004710860489349854
G3_mba_molar_grade,MBA Positive Molar Grade,1029,1429.0,0.0004682410731062069
G3_mba_molar_grade,MBA Positive Molar Grade,433,833.0,0.0004677715103598296
G3_mba_molar_grade,MBA Positive Molar Grade,253,653.0,0.0004665247390047264
G3_mba_molar_grade,MBA Positive Molar Grade,221,621.0,0.0004657415438473939
G3_mba_molar_grade,MBA Positive Molar Grade,461,861.0,0.0004607560013687492
G3_mba_molar_grade,MBA Positive Molar Grade,135,535.0,0.0004555680058802926
G3_mba_molar_grade,MBA Positive Molar Grade,1308,1708.0,0.00045527482054695306
G3_mba_molar_grade,MBA Positive Molar Grade,707,1107.0,0.0004551743858156104
G3_mba_molar_grade,MBA Positive Molar Grade,586,986.0,0.0004510243576153561
G3_mba_molar_grade,MBA Positive Molar Grade,1347,1747.0,0.00044936909992640187
G3_mba_molar_grade,MBA Positive Molar Grade,945,1345.0,0.0004469987367203774
G3_mba_molar_grade,MBA Positive Molar Grade,1361,1761.0,0.00044581505997208265
G3_mba_molar_grade,MBA Positive Molar Grade,1155,1555.0,0.00044534917162402195
G3_mba_molar_grade,MBA Positive Molar Grade,780,1180.0,0.0004437919474120107
G3_mba_molar_grade,MBA Positive Molar Grade,587,987.0,0.00044363036020448287
G3_mba_molar_grade,MBA Positive Molar Grade,632,1032.0,0.0004426925741936393
G3_mba_molar_grade,MBA Positive Molar Grade,440,840.0,0.00044162105648926965
G3_mba_molar_grade,MBA Positive Molar Grade,20,420.0,0.0004414522348758039
G3_mba_molar_grade,MBA Positive Molar Grade,1196,1596.0,0.00044119937916339114
G3_mba_molar_grade,MBA Positive Molar Grade,787,1187.0,0.0004401694932432556
G3_mba_molar_grade,MBA Positive Molar Grade,1239,1639.0,0.00043858708668839317
G3_mba_molar_grade,MBA Positive Molar Grade,38,438.0,0.00043728675502184496
G3_mba_molar_grade,MBA Positive Molar Grade,480,880.0,0.00043650804726340245
G3_mba_molar_grade,MBA Positive Molar Grade,474,874.0,0.0004363148487113264
G3_mba_molar_grade,MBA Positive Molar Grade,619,1019.0,0.0004357813822493865
G3_mba_molar_grade,MBA Positive Molar Grade,472,872.0,0.00043576261892833715
G3_mba_molar_grade,MBA Positive Molar Grade,713,1113.0,0.0004352117218683479
G3_mba_molar_grade,MBA Positive Molar Grade,998,1398.0,0.00043310578949887376
G3_mba_molar_grade,MBA Positive Molar Grade,125,525.0,0.0004326448677277933
G3_mba_molar_grade,MBA Positive Molar Grade,692,1092.0,0.000432343492987104
G3_mba_molar_grade,MBA Positive Molar Grade,445,845.0,0.0004311175993227962
G3_mba_molar_grade,MBA Positive Molar Grade,338,738.0,0.00042738705068137304
G3_mba_molar_grade,MBA Positive Molar Grade,108,508.0,0.00042617190040467956
G3_mba_molar_grade,MBA Positive Molar Grade,399,799.0,0.00042605911188857534
G3_mba_molar_grade,MBA Positive Molar Grade,473,873.0,0.0004256527736709906
G3_mba_molar_grade,MBA Positive Molar Grade,1098,1498.0,0.00042502289448607077
G3_mba_molar_grade,MBA Positive Molar Grade,405,805.0,0.0004243405469189999
G3_mba_molar_grade,MBA Positive Molar Grade,100,500.0,0.00042078290729220076
G3_mba_molar_grade,MBA Positive Molar Grade,340,740.0,0.0004174075287005856
G3_mba_molar_grade,MBA Positive Molar Grade,1063,1463.0,0.0004166461645795843
G3_mba_molar_grade,MBA Positive Molar Grade,535,935.0,0.00041450707610356013
G3_mba_molar_grade,MBA Positive Molar Grade,439,839.0,0.0004137803392179033
G3_mba_molar_grade,MBA Positive Molar Grade,186,586.0,0.0004125187691014714
G3_mba_molar_grade,MBA Positive Molar Grade,797,1197.0,0.00041197849913264675
G3_mba_molar_grade,MBA Positive Molar Grade,635,1035.0,0.00040984735673137623
G3_mba_molar_grade,MBA Positive Molar Grade,825,1225.0,0.00040854874134338106
G3_mba_molar_grade,MBA Positive Molar Grade,510,910.0,0.0004081266877893214
G3_mba_molar_grade,MBA Positive Molar Grade,1187,1587.0,0.0004071175208593508
G3_mba_molar_grade,MBA Positive Molar Grade,1307,1707.0,0.00040577846205201165
G3_mba_molar_grade,MBA Positive Molar Grade,466,866.0,0.0004048799091156487
G3_mba_molar_grade,MBA Positive Molar Grade,1006,1406.0,0.00040167928713413814
G3_mba_molar_grade,MBA Positive Molar Grade,436,836.0,0.0004004801266600475
G3_mba_molar_grade,MBA Positive Molar Grade,359,759.0,0.0003997036006527445
G3_mba_molar_grade,MBA Positive Molar Grade,1359,1759.0,0.00039935978807519897
G3_mba_molar_grade,MBA Positive Molar Grade,1197,1597.0,0.00039906874270282034
G3_mba_molar_grade,MBA Positive Molar Grade,222,622.0,0.000397532498783675
G3_mba_molar_grade,MBA Positive Molar Grade,801,1201.0,0.0003970956814172228
G3_mba_molar_grade,MBA Positive Molar Grade,505,905.0,0.00039682705151880245
G3_mba_molar_grade,MBA Positive Molar Grade,634,1034.0,0.0003965325549563162
G3_mba_molar_grade,MBA Positive Molar Grade,42,442.0,0.0003904772394289929
G3_mba_molar_grade,MBA Positive Molar Grade,968,1368.0,0.0003897996150580997
G3_mba_molar_grade,MBA Positive Molar Grade,307,707.0,0.00038799930648770927
G3_mba_molar_grade,MBA Positive Molar Grade,636,1036.0,0.0003868120827103508
G3_mba_molar_grade,MBA Positive Molar Grade,820,1220.0,0.0003858828119287631
G3_mba_molar_grade,MBA Positive Molar Grade,1097,1497.0,0.00038535958609608485
G3_mba_molar_grade,MBA Positive Molar Grade,174,574.0,0.00038531296152650356
G3_mba_molar_grade,MBA Positive Molar Grade,1088,1488.0,0.0003852623865174035
G3_mba_molar_grade,MBA Positive Molar Grade,1186,1586.0,0.0003831649044734555
G3_mba_molar_grade,MBA Positive Molar Grade,448,848.0,0.0003827582091400443
G3_mba_molar_grade,MBA Positive Molar Grade,401,801.0,0.00038163782586755966
G3_mba_molar_grade,MBA Positive Molar Grade,1217,1617.0,0.0003814920697579615
G3_mba_molar_grade,MBA Positive Molar Grade,955,1355.0,0.0003813638689967518
G3_mba_molar_grade,MBA Positive Molar Grade,470,870.0,0.0003813035292371685
G3_mba_molar_grade,MBA Positive Molar Grade,973,1373.0,0.00037979929577047403
G3_mba_molar_grade,MBA Positive Molar Grade,1304,1704.0,0.00037773905563823917
G3_mba_molar_grade,MBA Positive Molar Grade,1201,1601.0,0.0003765643553602556
G3_mba_molar_grade,MBA Positive Molar Grade,1247,1647.0,0.0003760463160256048
G3_mba_molar_grade,MBA Positive Molar Grade,814,1214.0,0.0003747892662895362
G3_mba_molar_grade,MBA Positive Molar Grade,471,871.0,0.0003740926239563309
G3_mba_molar_grade,MBA Positive Molar Grade,1310,1710.0,0.00037395216668054874
G3_mba_molar_grade,MBA Positive Molar Grade,557,957.0,0.00037355263126047155
G3_mba_molar_grade,MBA Positive Molar Grade,1133,1533.0,0.000371263435850788
G3_mba_molar_grade,MBA Positive Molar Grade,1400,1800.0,0.00037109992578336756
G3_mba_molar_grade,MBA Positive Molar Grade,134,534.0,0.0003699251950176022
G3_mba_molar_grade,MBA Positive Molar Grade,782,1182.0,0.00036787420455780437
G3_mba_molar_grade,MBA Positive Molar Grade,799,1199.0,0.00036771098232398354
G3_mba_molar_grade,MBA Positive Molar Grade,109,509.0,0.00036556981484107775
G3_mba_molar_grade,MBA Positive Molar Grade,959,1359.0,0.00036527307046111307
G3_mba_molar_grade,MBA Positive Molar Grade,821,1221.0,0.00036457432876541376
G3_mba_molar_grade,MBA Positive Molar Grade,1090,1490.0,0.0003633859327573586
G3_mba_molar_grade,MBA Positive Molar Grade,1083,1483.0,0.0003626685150824005
G3_mba_molar_grade,MBA Positive Molar Grade,1338,1738.0,0.00036154189927397966
G3_mba_molar_grade,MBA Positive Molar Grade,548,948.0,0.0003571083933825638
G3_mba_molar_grade,MBA Positive Molar Grade,1195,1595.0,0.00035693151309201
G3_mba_molar_grade,MBA Positive Molar Grade,77,477.0,0.00035636847253130697
G3_mba_molar_grade,MBA Positive Molar Grade,387,787.0,0.00035337082952069555
G3_mba_molar_grade,MBA Positive Molar Grade,1360,1760.0,0.000352265464621561
G3_mba_molar_grade,MBA Positive Molar Grade,252,652.0,0.00035213918004840144
G3_mba_molar_grade,MBA Positive Molar Grade,476,876.0,0.0003520424815574177
G3_mba_molar_grade,MBA Positive Molar Grade,82,482.0,0.0003518579279512611
G3_mba_molar_grade,MBA Positive Molar Grade,169,569.0,0.00035014886515617467
G3_mba_molar_grade,MBA Positive Molar Grade,449,849.0,0.00034941613007125473
G3_mba_molar_grade,MBA Positive Molar Grade,1227,1627.0,0.0003490560236445848
G3_mba_molar_grade,MBA Positive Molar Grade,728,1128.0,0.00034902531316293204
G3_mba_molar_grade,MBA Positive Molar Grade,33,433.0,0.0003482025139609036
G3_mba_molar_grade,MBA Positive Molar Grade,640,1040.0,0.0003479359712393638
G3_mba_molar_grade,MBA Positive Molar Grade,573,973.0,0.0003462237732425731
G3_mba_molar_grade,MBA Positive Molar Grade,1358,1758.0,0.00034606874261109636
G3_mba_molar_grade,MBA Positive Molar Grade,434,834.0,0.00034591903814887006
G3_mba_molar_grade,MBA Positive Molar Grade,441,841.0,0.0003455539951673402
G3_mba_molar_grade,MBA Positive Molar Grade,775,1175.0,0.00034536378041552854
G3_mba_molar_grade,MBA Positive Molar Grade,817,1217.0,0.0003451453391144359
G3_mba_molar_grade,MBA Positive Molar Grade,443,843.0,0.00034424308713681414
G3_mba_molar_grade,MBA Positive Molar Grade,735,1135.0,0.000343066539964118
G3_mba_molar_grade,MBA Positive Molar Grade,121,521.0,0.0003427782254417537
G3_mba_molar_grade,MBA Positive Molar Grade,536,936.0,0.00033892706886884107
G3_mba_molar_grade,MBA Positive Molar Grade,1093,1493.0,0.00033727965020309764
G3_mba_molar_grade,MBA Positive Molar Grade,804,1204.0,0.0003365496042876302
G3_mba_molar_grade,MBA Positive Molar Grade,101,501.0,0.000335485340896551
G3_mba_molar_grade,MBA Positive Molar Grade,824,1224.0,0.0003352157527603746
G3_mba_molar_grade,MBA Positive Molar Grade,737,1137.0,0.0003346516012737273
G3_mba_molar_grade,MBA Positive Molar Grade,1365,1765.0,0.0003311789037834464
G3_mba_molar_grade,MBA Positive Molar Grade,184,584.0,0.0003287282486366808
G3_mba_molar_grade,MBA Positive Molar Grade,1055,1455.0,0.0003271855248280616
G3_mba_molar_grade,MBA Positive Molar Grade,929,1329.0,0.0003260120115912894
G3_mba_molar_grade,MBA Positive Molar Grade,980,1380.0,0.000325980731281587
G3_mba_molar_grade,MBA Positive Molar Grade,1129,1529.0,0.00032553177275721054
G3_mba_molar_grade,MBA Positive Molar Grade,475,875.0,0.0003240836349775664
G3_mba_molar_grade,MBA Positive Molar Grade,1095,1495.0,0.0003240419307613635
G3_mba_molar_grade,MBA Positive Molar Grade,823,1223.0,0.0003225596459381787
G3_mba_molar_grade,MBA Positive Molar Grade,122,522.0,0.0003220564412894992
G3_mba_molar_grade,MBA Positive Molar Grade,509,909.0,0.0003201003759901189
G3_mba_molar_grade,MBA Positive Molar Grade,786,1186.0,0.00032002705242288354
G3_mba_molar_grade,MBA Positive Molar Grade,107,507.0,0.0003198112006063372
G3_mba_molar_grade,MBA Positive Molar Grade,420,820.0,0.0003195953070923649
G3_mba_molar_grade,MBA Positive Molar Grade,746,1146.0,0.00031889384977467565
G3_mba_molar_grade,MBA Positive Molar Grade,694,1094.0,0.00031838321423499665
G3_mba_molar_grade,MBA Positive Molar Grade,1056,1456.0,0.00031789454657476954
G3_mba_molar_grade,MBA Positive Molar Grade,1380,1780.0,0.0003166613118185257
G3_mba_molar_grade,MBA Positive Molar Grade,1353,1753.0,0.0003165919135459641
G3_mba_molar_grade,MBA Positive Molar Grade,1209,1609.0,0.00031658829410514337
G3_mba_molar_grade,MBA Positive Molar Grade,734,1134.0,0.0003164582753050118
G3_mba_molar_grade,MBA Positive Molar Grade,818,1218.0,0.0003162982582088656
G3_mba_molar_grade,MBA Positive Molar Grade,1085,1485.0,0.0003159309713447791
G3_mba_molar_grade,MBA Positive Molar Grade,1163,1563.0,0.00031546611769836714
G3_mba_molar_grade,MBA Positive Molar Grade,219,619.0,0.0003152575060606643
G3_mba_molar_grade,MBA Positive Molar Grade,816,1216.0,0.0003152224534633707
G3_mba_molar_grade,MBA Positive Molar Grade,1190,1590.0,0.000314928431445634
G3_mba_molar_grade,MBA Positive Molar Grade,284,684.0,0.0003140828698027808
G3_mba_molar_grade,MBA Positive Molar Grade,515,915.0,0.0003128321005346417
G3_mba_molar_grade,MBA Positive Molar Grade,437,837.0,0.00031078508215045864
G3_mba_molar_grade,MBA Positive Molar Grade,753,1153.0,0.0003104002121987758
G3_mba_molar_grade,MBA Positive Molar Grade,788,1188.0,0.00030968027997446684
G3_mba_molar_grade,MBA Positive Molar Grade,486,886.0,0.0003096014518382678
G3_mba_molar_grade,MBA Positive Molar Grade,19,419.0,0.0003091315513502938
G3_mba_molar_grade,MBA Positive Molar Grade,1229,1629.0,0.0003089899826521565
G3_mba_molar_grade,MBA Positive Molar Grade,516,916.0,0.00030882044096444157
G3_mba_molar_grade,MBA Positive Molar Grade,618,1018.0,0.0003080954481682994
G3_mba_molar_grade,MBA Positive Molar Grade,181,581.0,0.0003080724763569494
G3_mba_molar_grade,MBA Positive Molar Grade,1194,1594.0,0.00030650051633569016
G3_mba_molar_grade,MBA Positive Molar Grade,321,721.0,0.00030521554094264735
G3_mba_molar_grade,MBA Positive Molar Grade,708,1108.0,0.00030374536603256137
G3_mba_molar_grade,MBA Positive Molar Grade,1011,1411.0,0.0003037009708758128
G3_mba_molar_grade,MBA Positive Molar Grade,638,1038.0,0.00030347800083202573
G3_mba_molar_grade,MBA Positive Molar Grade,647,1047.0,0.00030320270787128993
G3_mba_molar_grade,MBA Positive Molar Grade,785,1185.0,0.0003027246365520385
G3_mba_molar_grade,MBA Positive Molar Grade,208,608.0,0.00030222395580908207
G3_mba_molar_grade,MBA Positive Molar Grade,1188,1588.0,0.0003020825199982541
G3_mba_molar_grade,MBA Positive Molar Grade,1062,1462.0,0.00030128862569944536
G3_mba_molar_grade,MBA Positive Molar Grade,629,1029.0,0.0003011073561892502
G3_mba_molar_grade,MBA Positive Molar Grade,502,902.0,0.00030062548506929257
G3_mba_molar_grade,MBA Positive Molar Grade,617,1017.0,0.00030057389766819954
G3_mba_molar_grade,MBA Positive Molar Grade,1198,1598.0,0.00030043627305128114
G3_mba_molar_grade,MBA Positive Molar Grade,415,815.0,0.00030020899201627256
G3_mba_molar_grade,MBA Positive Molar Grade,331,731.0,0.00029955856552250085
G3_mba_molar_grade,MBA Positive Molar Grade,1378,1778.0,0.0002987152558852142
G3_mba_molar_grade,MBA Positive Molar Grade,1220,1620.0,0.0002984548219877906
G3_mba_molar_grade,MBA Positive Molar Grade,774,1174.0,0.00029839824626639694
G3_mba_molar_grade,MBA Positive Molar Grade,703,1103.0,0.00029722972311518517
G3_mba_molar_grade,MBA Positive Molar Grade,438,838.0,0.00029713235728170197
G3_mba_molar_grade,MBA Positive Molar Grade,356,756.0,0.00029664875888774686
G3_mba_molar_grade,MBA Positive Molar Grade,182,582.0,0.00029632897029012553
G3_mba_molar_grade,MBA Positive Molar Grade,1330,1730.0,0.00029612209317593974
G3_mba_molar_grade,MBA Positive Molar Grade,339,739.0,0.00029567324410017555
G3_mba_molar_grade,MBA Positive Molar Grade,314,714.0,0.00029543509711560845
G3_mba_molar_grade,MBA Positive Molar Grade,175,575.0,0.00029445661765493774
G3_mba_molar_grade,MBA Positive Molar Grade,156,556.0,0.0002937620270524203
G3_mba_molar_grade,MBA Positive Molar Grade,1357,1757.0,0.0002932027795541939
G3_mba_molar_grade,MBA Positive Molar Grade,419,819.0,0.000293080787108909
G3_mba_molar_grade,MBA Positive Molar Grade,779,1179.0,0.00029281106676664427
G3_mba_molar_grade,MBA Positive Molar Grade,678,1078.0,0.00029159715223228195
G3_mba_molar_grade,MBA Positive Molar Grade,337,737.0,0.0002915865439602442
G3_mba_molar_grade,MBA Positive Molar Grade,683,1083.0,0.00029077047335878553
G3_mba_molar_grade,MBA Positive Molar Grade,130,530.0,0.0002900917381346871
G3_mba_molar_grade,MBA Positive Molar Grade,1205,1605.0,0.0002900572445343687
G3_mba_molar_grade,MBA Positive Molar Grade,185,585.0,0.0002893067738014519
G3_mba_molar_grade,MBA Positive Molar Grade,355,755.0,0.0002879335368837256
G3_mba_molar_grade,MBA Positive Molar Grade,808,1208.0,0.0002872626354168164
G3_mba_molar_grade,MBA Positive Molar Grade,172,572.0,0.0002871031316205294
G3_mba_molar_grade,MBA Positive Molar Grade,1228,1628.0,0.0002862247818041223
G3_mba_molar_grade,MBA Positive Molar Grade,435,835.0,0.00028533121064963716
G3_mba_molar_grade,MBA Positive Molar Grade,430,830.0,0.0002845370965736442
G3_mba_molar_grade,MBA Positive Molar Grade,614,1014.0,0.0002839540836811244
G3_mba_molar_grade,MBA Positive Molar Grade,926,1326.0,0.0002838851231973414
G3_mba_molar_grade,MBA Positive Molar Grade,602,1002.0,0.0002813752037817208
G3_mba_molar_grade,MBA Positive Molar Grade,1127,1527.0,0.00028054722038935647
G3_mba_molar_grade,MBA Positive Molar Grade,1263,1663.0,0.00028048654189051774
G3_mba_molar_grade,MBA Positive Molar Grade,1364,1764.0,0.00027990300007705297
G3_mba_molar_grade,MBA Positive Molar Grade,501,901.0,0.0002792449090711655
G3_mba_molar_grade,MBA Positive Molar Grade,726,1126.0,0.00027910388325123214
G3_mba_molar_grade,MBA Positive Molar Grade,1136,1536.0,0.0002788563789015804
G3_mba_molar_grade,MBA Positive Molar Grade,254,654.0,0.00027818165151383546
G3_mba_molar_grade,MBA Positive Molar Grade,1271,1671.0,0.0002767789597373831
G3_mba_molar_grade,MBA Positive Molar Grade,251,651.0,0.00027642426763279613
G3_mba_molar_grade,MBA Positive Molar Grade,643,1043.0,0.0002763832211806846
G3_mba_molar_grade,MBA Positive Molar Grade,427,827.0,0.0002756056246659505
G3_mba_molar_grade,MBA Positive Molar Grade,12,412.0,0.00027557740165274784
G3_mba_molar_grade,MBA Positive Molar Grade,736,1136.0,0.00027435955546248537
G3_mba_molar_grade,MBA Positive Molar Grade,547,947.0,0.0002739708324165614
G3_mba_molar_grade,MBA Positive Molar Grade,1084,1484.0,0.0002733173848668637
G3_mba_molar_grade,MBA Positive Molar Grade,762,1162.0,0.0002725002588304786
G3_mba_molar_grade,MBA Positive Molar Grade,1142,1542.0,0.0002722105474904876
G3_mba_molar_grade,MBA Positive Molar Grade,1321,1721.0,0.00027208465040087066
G3_mba_molar_grade,MBA Positive Molar Grade,794,1194.0,0.0002717786172859471
G3_mba_molar_grade,MBA Positive Molar Grade,512,912.0,0.0002713959734071467
G3_mba_molar_grade,MBA Positive Molar Grade,404,804.0,0.0002712538914611879
G3_mba_molar_grade,MBA Positive Molar Grade,484,884.0,0.00027125089900243815
G3_mba_molar_grade,MBA Positive Molar Grade,571,971.0,0.0002711670088959152
G3_mba_molar_grade,MBA Positive Molar Grade,885,1285.0,0.0002710099515175729
G3_mba_molar_grade,MBA Positive Molar Grade,1264,1664.0,0.0002705094652071509
G3_mba_molar_grade,MBA Positive Molar Grade,394,794.0,0.00027022995732484595
G3_mba_molar_grade,MBA Positive Molar Grade,777,1177.0,0.0002689885704153094
G3_mba_molar_grade,MBA Positive Molar Grade,428,828.0,0.0002688697201707799
G3_mba_molar_grade,MBA Positive Molar Grade,1099,1499.0,0.000268476983038264
G3_mba_molar_grade,MBA Positive Molar Grade,385,785.0,0.00026832016105607376
G3_mba_molar_grade,MBA Positive Molar Grade,1221,1621.0,0.00026791843706566005
G3_mba_molar_grade,MBA Positive Molar Grade,822,1222.0,0.00026786717184201667
G3_mba_molar_grade,MBA Positive Molar Grade,193,593.0,0.00026786187460167915
G3_mba_molar_grade,MBA Positive Molar Grade,942,1342.0,0.0002675808181465623
G3_mba_molar_grade,MBA Positive Molar Grade,832,1232.0,0.00026755089884064804
G3_mba_molar_grade,MBA Positive Molar Grade,301,701.0,0.0002672756056978516
G3_mba_molar_grade,MBA Positive Molar Grade,1379,1779.0,0.0002670965107888137
G3_mba_molar_grade,MBA Positive Molar Grade,234,634.0,0.0002670129588127327
G3_mba_molar_grade,MBA Positive Molar Grade,596,996.0,0.00026603709890556077
G3_mba_molar_grade,MBA Positive Molar Grade,764,1164.0,0.0002656217155863145
G3_mba_molar_grade,MBA Positive Molar Grade,819,1219.0,0.00026553400485078107
G3_mba_molar_grade,MBA Positive Molar Grade,912,1312.0,0.0002653132046585477
G3_mba_molar_grade,MBA Positive Molar Grade,597,997.0,0.0002651339602863101
G3_mba_molar_grade,MBA Positive Molar Grade,806,1206.0,0.0002648643679963309
G3_mba_molar_grade,MBA Positive Molar Grade,827,1227.0,0.00026471847249908944
G3_mba_molar_grade,MBA Positive Molar Grade,545,945.0,0.000264367228317764
G3_mba_molar_grade,MBA Positive Molar Grade,1089,1489.0,0.00026416222437875377
G3_mba_molar_grade,MBA Positive Molar Grade,1124,1524.0,0.0002622808736891171
G3_mba_molar_grade,MBA Positive Molar Grade,1274,1674.0,0.0002620452570254541
G3_mba_molar_grade,MBA Positive Molar Grade,569,969.0,0.0002613816663403595
G3_mba_molar_grade,MBA Positive Molar Grade,73,473.0,0.0002607354326328011
G3_mba_molar_grade,MBA Positive Molar Grade,1355,1755.0,0.0002603402689952947
G3_mba_molar_grade,MBA Positive Molar Grade,944,1344.0,0.0002602917926258808
G3_mba_molar_grade,MBA Positive Molar Grade,1086,1486.0,0.0002602132525359743
G3_mba_molar_grade,MBA Positive Molar Grade,1377,1777.0,0.0002592185863980532
G3_mba_molar_grade,MBA Positive Molar Grade,508,908.0,0.00025916650218896816
G3_mba_molar_grade,MBA Positive Molar Grade,1328,1728.0,0.00025833482830899966
G3_mba_molar_grade,MBA Positive Molar Grade,740,1140.0,0.0002583000551548416
G3_mba_molar_grade,MBA Positive Molar Grade,1212,1612.0,0.00025823045825295086
G3_mba_molar_grade,MBA Positive Molar Grade,754,1154.0,0.0002569230727831888
G3_mba_molar_grade,MBA Positive Molar Grade,517,917.0,0.00025585001505553723
G3_mba_molar_grade,MBA Positive Molar Grade,1393,1793.0,0.00025581411127200315
G3_mba_molar_grade,MBA Positive Molar Grade,1278,1678.0,0.0002557552173763193
G3_mba_molar_grade,MBA Positive Molar Grade,40,440.0,0.000255339798911932
G3_mba_molar_grade,MBA Positive Molar Grade,773,1173.0,0.00025529202802540855
G3_mba_molar_grade,MBA Positive Molar Grade,1267,1667.0,0.0002550479608954527
G3_mba_molar_grade,MBA Positive Molar Grade,813,1213.0,0.00025491150455514997
G3_mba_molar_grade,MBA Positive Molar Grade,776,1176.0,0.00025484910724840533
G3_mba_molar_grade,MBA Positive Molar Grade,187,587.0,0.00025483604473312577
G3_mba_molar_grade,MBA Positive Molar Grade,1280,1680.0,0.0002547394801059992
G3_mba_molar_grade,MBA Positive Molar Grade,688,1088.0,0.00025455417703180316
G3_mba_molar_grade,MBA Positive Molar Grade,803,1203.0,0.0002545441217743525
G3_mba_molar_grade,MBA Positive Molar Grade,551,951.0,0.0002543066646239552
G3_mba_molar_grade,MBA Positive Molar Grade,514,914.0,0.0002539901654730462
G3_mba_molar_grade,MBA Positive Molar Grade,550,950.0,0.00025385018485916624
G3_mba_molar_grade,MBA Positive Molar Grade,1114,1514.0,0.0002533944004311956
G3_mba_molar_grade,MBA Positive Molar Grade,687,1087.0,0.00025332230815167166
G3_mba_molar_grade,MBA Positive Molar Grade,960,1360.0,0.00025308980046579935
G3_mba_molar_grade,MBA Positive Molar Grade,15,415.0,0.00025282016514191713
G3_mba_molar_grade,MBA Positive Molar Grade,482,882.0,0.0002526817868425907
G3_mba_molar_grade,MBA Positive Molar Grade,1200,1600.0,0.0002523635228537938
G3_mba_molar_grade,MBA Positive Molar Grade,8,408.0,0.0002520230471421741
G3_mba_molar_grade,MBA Positive Molar Grade,397,797.0,0.0002508640929642451
G3_mba_molar_grade,MBA Positive Molar Grade,916,1316.0,0.0002508399079000028
G3_mba_molar_grade,MBA Positive Molar Grade,948,1348.0,0.0002498347293833933
G3_mba_molar_grade,MBA Positive Molar Grade,1375,1775.0,0.00024930756927277187
G3_mba_molar_grade,MBA Positive Molar Grade,1246,1646.0,0.0002485549820699042
G3_mba_molar_grade,MBA Positive Molar Grade,1087,1487.0,0.00024806719204419737
G3_mba_molar_grade,MBA Positive Molar Grade,217,617.0,0.00024710808302129167
G3_mba_molar_grade,MBA Positive Molar Grade,1317,1717.0,0.00024639036229357484
G3_mba_molar_grade,MBA Positive Molar Grade,766,1166.0,0.0002459267670006581
G3_mba_molar_grade,MBA Positive Molar Grade,644,1044.0,0.00024559107749706153
G3_mba_molar_grade,MBA Positive Molar Grade,594,994.0,0.00024533790859577103
G3_mba_molar_grade,MBA Positive Molar Grade,682,1082.0,0.00024417739832490213
G3_mba_molar_grade,MBA Positive Molar Grade,1352,1752.0,0.0002438221175967715
G3_mba_molar_grade,MBA Positive Molar Grade,17,417.0,0.00024336041539165217
G3_mba_molar_grade,MBA Positive Molar Grade,423,823.0,0.00024333104041484772
G3_mba_molar_grade,MBA Positive Molar Grade,1192,1592.0,0.0002423028990802955
G3_mba_molar_grade,MBA Positive Molar Grade,580,980.0,0.0002413564882109328
G3_mba_molar_grade,MBA Positive Molar Grade,1363,1763.0,0.000240939895449725
G3_mba_molar_grade,MBA Positive Molar Grade,572,972.0,0.00023933768762208024
G3_mba_molar_grade,MBA Positive Molar Grade,941,1341.0,0.00023892311822731104
G3_mba_molar_grade,MBA Positive Molar Grade,927,1327.0,0.00023865550939892067
G3_mba_molar_grade,MBA Positive Molar Grade,530,930.0,0.00023816647970537733
G3_mba_molar_grade,MBA Positive Molar Grade,720,1120.0,0.00023766670940133218
G3_mba_molar_grade,MBA Positive Molar Grade,1139,1539.0,0.00023762912333794025
G3_mba_molar_grade,MBA Positive Molar Grade,388,788.0,0.00023746354469911894
G3_mba_molar_grade,MBA Positive Molar Grade,729,1129.0,0.00023745419382848357
G3_mba_molar_grade,MBA Positive Molar Grade,1341,1741.0,0.00023666429672248378
G3_mba_molar_grade,MBA Positive Molar Grade,241,641.0,0.00023549610135856395
G3_mba_molar_grade,MBA Positive Molar Grade,61,461.0,0.0002346501517835842
G3_mba_molar_grade,MBA Positive Molar Grade,5,405.0,0.0002323146538713847
G3_mba_molar_grade,MBA Positive Molar Grade,861,1261.0,0.00023215004346317756
G3_mba_molar_grade,MBA Positive Molar Grade,892,1292.0,0.00023182864024966034
G3_mba_molar_grade,MBA Positive Molar Grade,706,1106.0,0.00023169317095793115
G3_mba_molar_grade,MBA Positive Molar Grade,952,1352.0,0.00023154979387389935
G3_mba_molar_grade,MBA Positive Molar Grade,1376,1776.0,0.00023111007245636833
G3_mba_molar_grade,MBA Positive Molar Grade,1140,1540.0,0.00023028740243976234
G3_mba_molar_grade,MBA Positive Molar Grade,684,1084.0,0.00023027788056544104
G3_mba_molar_grade,MBA Positive Molar Grade,451,851.0,0.00022918653964506045
G3_mba_molar_grade,MBA Positive Molar Grade,14,414.0,0.00022872303778999375
G3_mba_molar_grade,MBA Positive Molar Grade,357,757.0,0.0002276896393676525
G3_mba_molar_grade,MBA Positive Molar Grade,361,761.0,0.00022755368167861703
G3_mba_molar_grade,MBA Positive Molar Grade,742,1142.0,0.00022697867658818418
G3_mba_molar_grade,MBA Positive Molar Grade,1397,1797.0,0.0002260175634979293
G3_mba_molar_grade,MBA Positive Molar Grade,149,549.0,0.00022573375001874689
G3_mba_molar_grade,MBA Positive Molar Grade,1290,1690.0,0.00022570200294941162
G3_mba_molar_grade,MBA Positive Molar Grade,1100,1500.0,0.00022564378520164346
G3_mba_molar_grade,MBA Positive Molar Grade,1128,1528.0,0.00022536016614496218
G3_mba_molar_grade,MBA Positive Molar Grade,76,476.0,0.00022530753435778865
G3_mba_molar_grade,MBA Positive Molar Grade,946,1346.0,0.00022478517804397827
G3_mba_molar_grade,MBA Positive Molar Grade,575,975.0,0.00022414716061076737
G3_mba_molar_grade,MBA Positive Molar Grade,761,1161.0,0.00022364534492685514
G3_mba_molar_grade,MBA Positive Molar Grade,481,881.0,0.000223495488241052
G3_mba_molar_grade,MBA Positive Molar Grade,431,831.0,0.0002233963462530952
G3_mba_molar_grade,MBA Positive Molar Grade,598,998.0,0.0002233562881412648
G3_mba_molar_grade,MBA Positive Molar Grade,41,441.0,0.00022259258689240728
G3_mba_molar_grade,MBA Positive Molar Grade,702,1102.0,0.00022201083800334813
G3_mba_molar_grade,MBA Positive Molar Grade,1193,1593.0,0.00022179636794716795
G3_mba_molar_grade,MBA Positive Molar Grade,1335,1735.0,0.00022176126616371027
G3_mba_molar_grade,MBA Positive Molar Grade,395,795.0,0.00022091644204355384
G3_mba_molar_grade,MBA Positive Molar Grade,358,758.0,0.00022058069517177768
G3_mba_molar_grade,MBA Positive Molar Grade,1106,1506.0,0.00022046929129022018
G3_mba_molar_grade,MBA Positive Molar Grade,1110,1510.0,0.00022012722423587092
G3_mba_molar_grade,MBA Positive Molar Grade,88,488.0,0.00022009588367992168
G3_mba_molar_grade,MBA Positive Molar Grade,1216,1616.0,0.0002183567414956164
G3_mba_molar_grade,MBA Positive Molar Grade,884,1284.0,0.00021829354920569488
G3_mba_molar_grade,MBA Positive Molar Grade,1112,1512.0,0.0002178740521267791
G3_mba_molar_grade,MBA Positive Molar Grade,98,498.0,0.00021787264606537633
G3_mba_molar_grade,MBA Positive Molar Grade,106,506.0,0.00021700518454725745
G3_mba_molar_grade,MBA Positive Molar Grade,680,1080.0,0.0002168684735012988
G3_mba_molar_grade,MBA Positive Molar Grade,196,596.0,0.00021678948289717787
G3_mba_molar_grade,MBA Positive Molar Grade,576,976.0,0.00021622033428962215
G3_mba_molar_grade,MBA Positive Molar Grade,793,1193.0,0.00021618684537499602
G3_mba_molar_grade,MBA Positive Molar Grade,568,968.0,0.00021572843357958228
G3_mba_molar_grade,MBA Positive Molar Grade,681,1081.0,0.00021511047867750797
G3_mba_molar_grade,MBA Positive Molar Grade,1327,1727.0,0.0002146837938034944
G3_mba_molar_grade,MBA Positive Molar Grade,507,907.0,0.00021463323415534235
G3_mba_molar_grade,MBA Positive Molar Grade,1268,1668.0,0.0002145719380747864
G3_mba_molar_grade,MBA Positive Molar Grade,499,899.0,0.00021430545453234024
G3_mba_molar_grade,MBA Positive Molar Grade,1240,1640.0,0.00021426218260708023
G3_mba_molar_grade,MBA Positive Molar Grade,578,978.0,0.00021390592867968038
G3_mba_molar_grade,MBA Positive Molar Grade,1319,1719.0,0.00021378013012812724
G3_mba_molar_grade,MBA Positive Molar Grade,1300,1700.0,0.00021356944313682806
G3_mba_molar_grade,MBA Positive Molar Grade,747,1147.0,0.00021350699397714633
G3_mba_molar_grade,MBA Positive Molar Grade,224,624.0,0.00021349359553507976
G3_mba_molar_grade,MBA Positive Molar Grade,360,760.0,0.00021315237876888245
G3_mba_molar_grade,MBA Positive Molar Grade,828,1228.0,0.00021289895955302682
G3_mba_molar_grade,MBA Positive Molar Grade,179,579.0,0.00021281512259333497
G3_mba_molar_grade,MBA Positive Molar Grade,504,904.0,0.00021267605271483155
G3_mba_molar_grade,MBA Positive Molar Grade,207,607.0,0.00021213881392130043
G3_mba_molar_grade,MBA Positive Molar Grade,637,1037.0,0.000211876021708294
G3_mba_molar_grade,MBA Positive Molar Grade,933,1333.0,0.00021141048732402384
G3_mba_molar_grade,MBA Positive Molar Grade,1339,1739.0,0.00021122676941617244
G3_mba_molar_grade,MBA Positive Molar Grade,21,421.0,0.0002107317001735351
G3_mba_molar_grade,MBA Positive Molar Grade,947,1347.0,0.00020967730395453536
G3_mba_molar_grade,MBA Positive Molar Grade,552,952.0,0.00020937405235456485
G3_mba_molar_grade,MBA Positive Molar Grade,563,963.0,0.00020932948420893758
G3_mba_molar_grade,MBA Positive Molar Grade,1144,1544.0,0.0002092029574950701
G3_mba_molar_grade,MBA Positive Molar Grade,344,744.0,0.00020915055437044271
G3_mba_molar_grade,MBA Positive Molar Grade,1225,1625.0,0.0002087628349310628
G3_mba_molar_grade,MBA Positive Molar Grade,1392,1792.0,0.00020838217022349297
G3_mba_molar_grade,MBA Positive Molar Grade,949,1349.0,0.00020806130056751158
G3_mba_molar_grade,MBA Positive Molar Grade,805,1205.0,0.00020771297500400606
G3_mba_molar_grade,MBA Positive Molar Grade,972,1372.0,0.0002074289926183147
G3_mba_molar_grade,MBA Positive Molar Grade,850,1250.0,0.0002069705638979561
G3_mba_molar_grade,MBA Positive Molar Grade,830,1230.0,0.00020691601734336022
G3_mba_molar_grade,MBA Positive Molar Grade,264,664.0,0.00020638804590518032
G3_mba_molar_grade,MBA Positive Molar Grade,913,1313.0,0.0002061852960763975
G3_mba_molar_grade,MBA Positive Molar Grade,317,717.0,0.00020608684763921304
G3_mba_molar_grade,MBA Positive Molar Grade,519,919.0,0.00020602581205176232
G3_mba_molar_grade,MBA Positive Molar Grade,393,793.0,0.00020588604914494185
G3_mba_molar_grade,MBA Positive Molar Grade,409,809.0,0.00020540242869774647
G3_mba_molar_grade,MBA Positive Molar Grade,1214,1614.0,0.00020537465390052092
G3_mba_molar_grade,MBA Positive Molar Grade,247,647.0,0.00020453313434104037
G3_mba_molar_grade,MBA Positive Molar Grade,1091,1491.0,0.00020430219161300192
G3_mba_molar_grade,MBA Positive Molar Grade,564,964.0,0.0002039166619749516
G3_mba_molar_grade,MBA Positive Molar Grade,232,632.0,0.0002038322651775639
G3_mba_molar_grade,MBA Positive Molar Grade,354,754.0,0.00020364098106799458
G3_mba_molar_grade,MBA Positive Molar Grade,909,1309.0,0.00020257177497793227
G3_mba_molar_grade,MBA Positive Molar Grade,898,1298.0,0.00020256783157139447
G3_mba_molar_grade,MBA Positive Molar Grade,748,1148.0,0.00020235867375176204
G3_mba_molar_grade,MBA Positive Molar Grade,136,536.0,0.00020225150882578912
G3_mba_molar_grade,MBA Positive Molar Grade,1060,1460.0,0.0002020343407743202
G3_mba_molar_grade,MBA Positive Molar Grade,190,590.0,0.000201777587504233
G3_mba_molar_grade,MBA Positive Molar Grade,86,486.0,0.00020163656314568104
G3_mba_molar_grade,MBA Positive Molar Grade,46,446.0,0.00020147512430720334
G3_mba_molar_grade,MBA Positive Molar Grade,1325,1725.0,0.00020144324264665973
G3_mba_molar_grade,MBA Positive Molar Grade,717,1117.0,0.00020111895656254239
G3_mba_molar_grade,MBA Positive Molar Grade,579,979.0,0.00020089219350684815
G3_mba_molar_grade,MBA Positive Molar Grade,32,432.0,0.0002008404952291173
G3_mba_molar_grade,MBA Positive Molar Grade,1329,1729.0,0.00020075649587371317
G3_mba_molar_grade,MBA Positive Molar Grade,48,448.0,0.00020035589337773997
G3_mba_molar_grade,MBA Positive Molar Grade,855,1255.0,0.0002003265027851706
G3_mba_molar_grade,MBA Positive Molar Grade,369,769.0,0.0002002203621509008
G3_mba_molar_grade,MBA Positive Molar Grade,792,1192.0,0.00020001514762353943
G3_mba_molar_grade,MBA Positive Molar Grade,883,1283.0,0.00019995328429710016
G3_mba_molar_grade,MBA Positive Molar Grade,491,891.0,0.00019984047888062234
G3_mba_molar_grade,MBA Positive Molar Grade,239,639.0,0.0001996287753134972
G3_mba_molar_grade,MBA Positive Molar Grade,1333,1733.0,0.00019936660893937337
G3_mba_molar_grade,MBA Positive Molar Grade,389,789.0,0.00019896934946027
G3_mba_molar_grade,MBA Positive Molar Grade,890,1290.0,0.00019871240769555327
G3_mba_molar_grade,MBA Positive Molar Grade,1206,1606.0,0.0001985281050895064
G3_mba_molar_grade,MBA Positive Molar Grade,1191,1591.0,0.00019805772358327583
G3_mba_molar_grade,MBA Positive Molar Grade,1285,1685.0,0.00019800007738541835
G3_mba_molar_grade,MBA Positive Molar Grade,160,560.0,0.00019797102578933689
G3_mba_molar_grade,MBA Positive Molar Grade,745,1145.0,0.00019779323293919157
G3_mba_molar_grade,MBA Positive Molar Grade,316,716.0,0.0001977835287861253
G3_mba_molar_grade,MBA Positive Molar Grade,3,403.0,0.00019728621615474427
G3_mba_molar_grade,MBA Positive Molar Grade,259,659.0,0.0001972371226459816
G3_mba_molar_grade,MBA Positive Molar Grade,928,1328.0,0.00019698837366063083
G3_mba_molar_grade,MBA Positive Molar Grade,318,718.0,0.0001965337460970076
G3_mba_molar_grade,MBA Positive Molar Grade,1265,1665.0,0.00019581088072545186
G3_mba_molar_grade,MBA Positive Molar Grade,391,791.0,0.00019575980166546987
G3_mba_molar_grade,MBA Positive Molar Grade,489,889.0,0.00019559843386255526
G3_mba_molar_grade,MBA Positive Molar Grade,852,1252.0,0.00019477715961922415
G3_mba_molar_grade,MBA Positive Molar Grade,583,983.0,0.00019469207265850508
G3_mba_molar_grade,MBA Positive Molar Grade,37,437.0,0.00019468308502824822
G3_mba_molar_grade,MBA Positive Molar Grade,526,926.0,0.00019446590009278893
G3_mba_molar_grade,MBA Positive Molar Grade,1132,1532.0,0.0001936562281666752
G3_mba_molar_grade,MBA Positive Molar Grade,328,728.0,0.0001932962442585729
G3_mba_molar_grade,MBA Positive Molar Grade,80,480.0,0.00019314679149577422
G3_mba_molar_grade,MBA Positive Molar Grade,165,565.0,0.0001929864678830086
G3_mba_molar_grade,MBA Positive Molar Grade,1146,1546.0,0.00019275600024398388
G3_mba_molar_grade,MBA Positive Molar Grade,1224,1624.0,0.00019267789609139018
G3_mba_molar_grade,MBA Positive Molar Grade,732,1132.0,0.00019264087910482133
G3_mba_molar_grade,MBA Positive Molar Grade,1223,1623.0,0.00019216601785967865
G3_mba_molar_grade,MBA Positive Molar Grade,1272,1672.0,0.00019212386422866044
G3_mba_molar_grade,MBA Positive Molar Grade,1219,1619.0,0.00019187849263249554
G3_mba_molar_grade,MBA Positive Molar Grade,1356,1756.0,0.00019117254986937023
G3_mba_molar_grade,MBA Positive Molar Grade,796,1196.0,0.00019051514417095622
G3_mba_molar_grade,MBA Positive Molar Grade,11,411.0,0.0001904452341170016
G3_mba_molar_grade,MBA Positive Molar Grade,146,546.0,0.00019036082786640533
G3_mba_molar_grade,MBA Positive Molar Grade,1149,1549.0,0.00019029957321831678
G3_mba_molar_grade,MBA Positive Molar Grade,743,1143.0,0.0001899239586869859
G3_mba_molar_grade,MBA Positive Molar Grade,1245,1645.0,0.00018986159034895092
G3_mba_molar_grade,MBA Positive Molar Grade,566,966.0,0.00018963967695808612
G3_mba_molar_grade,MBA Positive Molar Grade,902,1302.0,0.00018944555290828502
G3_mba_molar_grade,MBA Positive Molar Grade,522,922.0,0.00018930809571660493
G3_mba_molar_grade,MBA Positive Molar Grade,584,984.0,0.00018892780637608621
G3_mba_molar_grade,MBA Positive Molar Grade,300,700.0,0.00018850005652536322
G3_mba_molar_grade,MBA Positive Molar Grade,1143,1543.0,0.00018770037787942654
G3_mba_molar_grade,MBA Positive Molar Grade,363,763.0,0.0001875740592337124
G3_mba_molar_grade,MBA Positive Molar Grade,315,715.0,0.00018746839165271632
G3_mba_molar_grade,MBA Positive Molar Grade,215,615.0,0.0001872245292558007
G3_mba_molar_grade,MBA Positive Molar Grade,1135,1535.0,0.0001871525772128737
G3_mba_molar_grade,MBA Positive Molar Grade,9,409.0,0.00018708943301290728
G3_mba_molar_grade,MBA Positive Molar Grade,1151,1551.0,0.00018703613602757762
G3_mba_molar_grade,MBA Positive Molar Grade,880,1280.0,0.00018692644720557186
G3_mba_molar_grade,MBA Positive Molar Grade,1345,1745.0,0.00018684951369811733
G3_mba_molar_grade,MBA Positive Molar Grade,381,781.0,0.00018663279819088215
G3_mba_molar_grade,MBA Positive Molar Grade,1230,1630.0,0.00018657131743190982
G3_mba_molar_grade,MBA Positive Molar Grade,689,1089.0,0.00018629371629743982
G3_mba_molar_grade,MBA Positive Molar Grade,767,1167.0,0.00018619145125592948
G3_mba_molar_grade,MBA Positive Molar Grade,4,404.0,0.0001860612429378024
G3_mba_molar_grade,MBA Positive Molar Grade,283,683.0,0.00018598225767336188
G3_mba_molar_grade,MBA Positive Molar Grade,353,753.0,0.0001859277589654015
G3_mba_molar_grade,MBA Positive Molar Grade,167,567.0,0.0001857232690324621
G3_mba_molar_grade,MBA Positive Molar Grade,275,675.0,0.00018517567255572546
G3_mba_molar_grade,MBA Positive Molar Grade,1236,1636.0,0.00018501356233694802
G3_mba_molar_grade,MBA Positive Molar Grade,143,543.0,0.0001847968426962365
G3_mba_molar_grade,MBA Positive Molar Grade,1134,1534.0,0.00018457503464170086
G3_mba_molar_grade,MBA Positive Molar Grade,917,1317.0,0.00018397387411605749
G3_mba_molar_grade,MBA Positive Molar Grade,1226,1626.0,0.00018361064418832618
G3_mba_molar_grade,MBA Positive Molar Grade,771,1171.0,0.00018357314296635636
G3_mba_molar_grade,MBA Positive Molar Grade,934,1334.0,0.00018334729256752876
G3_mba_molar_grade,MBA Positive Molar Grade,412,812.0,0.00018289707127356196
G3_mba_molar_grade,MBA Positive Molar Grade,765,1165.0,0.00018275207946561164
G3_mba_molar_grade,MBA Positive Molar Grade,1273,1673.0,0.00018264613872787854
G3_mba_molar_grade,MBA Positive Molar Grade,229,629.0,0.00018186488234532458
G3_mba_molar_grade,MBA Positive Molar Grade,81,481.0,0.0001814789750619545
G3_mba_molar_grade,MBA Positive Molar Grade,834,1234.0,0.00018135411491744792
G3_mba_molar_grade,MBA Positive Molar Grade,1362,1762.0,0.00018116674137310952
G3_mba_molar_grade,MBA Positive Molar Grade,1366,1766.0,0.0001809994453576408
G3_mba_molar_grade,MBA Positive Molar Grade,549,949.0,0.0001809218904406308
G3_mba_molar_grade,MBA Positive Molar Grade,615,1015.0,0.00018091658891819832
G3_mba_molar_grade,MBA Positive Molar Grade,490,890.0,0.0001808840142677396
G3_mba_molar_grade,MBA Positive Molar Grade,269,669.0,0.00018071301886492591
G3_mba_molar_grade,MBA Positive Molar Grade,1262,1662.0,0.00018031655896161603
G3_mba_molar_grade,MBA Positive Molar Grade,137,537.0,0.0001802791402256956
G3_mba_molar_grade,MBA Positive Molar Grade,1253,1653.0,0.00018024112826902974
G3_mba_molar_grade,MBA Positive Molar Grade,1257,1657.0,0.00017985827091028853
G3_mba_molar_grade,MBA Positive Molar Grade,194,594.0,0.00017931209835390086
G3_mba_molar_grade,MBA Positive Molar Grade,26,426.0,0.00017928651657419032
G3_mba_molar_grade,MBA Positive Molar Grade,396,796.0,0.00017911861078381364
G3_mba_molar_grade,MBA Positive Molar Grade,362,762.0,0.00017896614678011345
G3_mba_molar_grade,MBA Positive Molar Grade,712,1112.0,0.000178828715651317
G3_mba_molar_grade,MBA Positive Molar Grade,383,783.0,0.0001784750084975697
G3_mba_molar_grade,MBA Positive Molar Grade,716,1116.0,0.0001784489299991722
G3_mba_molar_grade,MBA Positive Molar Grade,1394,1794.0,0.00017843758334068274
G3_mba_molar_grade,MBA Positive Molar Grade,485,885.0,0.00017828224743734217
G3_mba_molar_grade,MBA Positive Molar Grade,930,1330.0,0.00017728431193953816
G3_mba_molar_grade,MBA Positive Molar Grade,202,602.0,0.0001771058090698754
G3_mba_molar_grade,MBA Positive Molar Grade,642,1042.0,0.00017634127086317425
G3_mba_molar_grade,MBA Positive Molar Grade,312,712.0,0.00017541224558962907
G3_mba_molar_grade,MBA Positive Molar Grade,330,730.0,0.00017540772182404407
G3_mba_molar_grade,MBA Positive Molar Grade,875,1275.0,0.00017538920666212467
G3_mba_molar_grade,MBA Positive Molar Grade,562,962.0,0.0001749780305414895
G3_mba_molar_grade,MBA Positive Molar Grade,838,1238.0,0.0001747991281530564
G3_mba_molar_grade,MBA Positive Molar Grade,1208,1608.0,0.0001744734088921434
G3_mba_molar_grade,MBA Positive Molar Grade,7,407.0,0.00017414429097270198
G3_mba_molar_grade,MBA Positive Molar Grade,161,561.0,0.00017340367992714782
G3_mba_molar_grade,MBA Positive Molar Grade,500,900.0,0.0001731569808153879
G3_mba_molar_grade,MBA Positive Molar Grade,882,1282.0,0.00017292018353618643
G3_mba_molar_grade,MBA Positive Molar Grade,1199,1599.0,0.0001728083628568771
G3_mba_molar_grade,MBA Positive Molar Grade,52,452.0,0.00017261645662910855
G3_mba_molar_grade,MBA Positive Molar Grade,382,782.0,0.00017258040944555955
G3_mba_molar_grade,MBA Positive Molar Grade,84,484.0,0.00017244222748110202
G3_mba_molar_grade,MBA Positive Molar Grade,763,1163.0,0.00017227069502845263
G3_mba_molar_grade,MBA Positive Molar Grade,1395,1795.0,0.00017178559037540932
G3_mba_molar_grade,MBA Positive Molar Grade,847,1247.0,0.00017128284999407155
G3_mba_molar_grade,MBA Positive Molar Grade,567,967.0,0.0001711124160996225
G3_mba_molar_grade,MBA Positive Molar Grade,28,428.0,0.00017109740134980261
G3_mba_molar_grade,MBA Positive Molar Grade,188,588.0,0.00017101382007608587
G3_mba_molar_grade,MBA Positive Molar Grade,342,742.0,0.00017078328763462235
G3_mba_molar_grade,MBA Positive Molar Grade,163,563.0,0.00017067636284459462
G3_mba_molar_grade,MBA Positive Molar Grade,34,434.0,0.00017065496164618267
G3_mba_molar_grade,MBA Positive Molar Grade,85,485.0,0.00017056223652172608
G3_mba_molar_grade,MBA Positive Molar Grade,429,829.0,0.00017032260515594154
G3_mba_molar_grade,MBA Positive Molar Grade,1213,1613.0,0.00017017375126852512
G3_mba_molar_grade,MBA Positive Molar Grade,398,798.0,0.00016970786300814493
G3_mba_molar_grade,MBA Positive Molar Grade,294,694.0,0.00016937668323398138
G3_mba_molar_grade,MBA Positive Molar Grade,1398,1798.0,0.00016930230454772287
G3_mba_molar_grade,MBA Positive Molar Grade,744,1144.0,0.0001689776837666769
G3_mba_molar_grade,MBA Positive Molar Grade,554,954.0,0.00016851610450668126
G3_mba_molar_grade,MBA Positive Molar Grade,722,1122.0,0.00016835109027070434
G3_mba_molar_grade,MBA Positive Molar Grade,831,1231.0,0.00016818947182929478
G3_mba_molar_grade,MBA Positive Molar Grade,1241,1641.0,0.0001681401633452329
G3_mba_molar_grade,MBA Positive Molar Grade,6,406.0,0.00016813818709673036
G3_mba_molar_grade,MBA Positive Molar Grade,905,1305.0,0.0001681229908109421
G3_mba_molar_grade,MBA Positive Molar Grade,879,1279.0,0.00016808528347192077
G3_mba_molar_grade,MBA Positive Molar Grade,932,1332.0,0.00016801271664983338
G3_mba_molar_grade,MBA Positive Molar Grade,78,478.0,0.0001673501945774138
G3_mba_molar_grade,MBA Positive Molar Grade,346,746.0,0.00016705125734504925
G3_mba_molar_grade,MBA Positive Molar Grade,276,676.0,0.00016683074092002892
G3_mba_molar_grade,MBA Positive Molar Grade,523,923.0,0.0001665147885782717
G3_mba_molar_grade,MBA Positive Molar Grade,520,920.0,0.00016623563488629687
G3_mba_molar_grade,MBA Positive Molar Grade,1384,1784.0,0.00016613057829373615
G3_mba_molar_grade,MBA Positive Molar Grade,245,645.0,0.00016601221124357992
G3_mba_molar_grade,MBA Positive Molar Grade,727,1127.0,0.00016589952101707508
G3_mba_molar_grade,MBA Positive Molar Grade,699,1099.0,0.00016576541965864134
G3_mba_molar_grade,MBA Positive Molar Grade,810,1210.0,0.00016566293645944448
G3_mba_molar_grade,MBA Positive Molar Grade,411,811.0,0.00016561581596032777
G3_mba_molar_grade,MBA Positive Molar Grade,386,786.0,0.00016559132971379623
G3_mba_molar_grade,MBA Positive Molar Grade,366,766.0,0.00016554933098223633
G3_mba_molar_grade,MBA Positive Molar Grade,577,977.0,0.00016546052673386383
G3_mba_molar_grade,MBA Positive Molar Grade,1259,1659.0,0.0001653881340411485
G3_mba_molar_grade,MBA Positive Molar Grade,372,772.0,0.00016533587313061085
G3_mba_molar_grade,MBA Positive Molar Grade,31,431.0,0.00016502801999643258
G3_mba_molar_grade,MBA Positive Molar Grade,256,656.0,0.00016501589461670178
G3_mba_molar_grade,MBA Positive Molar Grade,345,745.0,0.00016500674403839007
G3_mba_molar_grade,MBA Positive Molar Grade,1296,1696.0,0.00016397901667288017
G3_mba_molar_grade,MBA Positive Molar Grade,281,681.0,0.00016391277986718277
G3_mba_molar_grade,MBA Positive Molar Grade,1141,1541.0,0.00016351672306848743
G3_mba_molar_grade,MBA Positive Molar Grade,835,1235.0,0.00016322570705729764
G3_mba_molar_grade,MBA Positive Molar Grade,496,896.0,0.0001630242083900023
G3_mba_molar_grade,MBA Positive Molar Grade,1381,1781.0,0.00016294369258526017
G3_mba_molar_grade,MBA Positive Molar Grade,364,764.0,0.00016292007437591045
G3_mba_molar_grade,MBA Positive Molar Grade,1351,1751.0,0.00016262198719667385
G3_mba_molar_grade,MBA Positive Molar Grade,795,1195.0,0.00016253362900004026
G3_mba_molar_grade,MBA Positive Molar Grade,18,418.0,0.00016234324677341156
G3_mba_molar_grade,MBA Positive Molar Grade,1322,1722.0,0.00016216031226857553
G3_mba_molar_grade,MBA Positive Molar Grade,214,614.0,0.00016176141653997866
G3_mba_molar_grade,MBA Positive Molar Grade,772,1172.0,0.00016170980426808175
G3_mba_molar_grade,MBA Positive Molar Grade,144,544.0,0.0001617056335162094
G3_mba_molar_grade,MBA Positive Molar Grade,286,686.0,0.0001615248970342066
G3_mba_molar_grade,MBA Positive Molar Grade,376,776.0,0.00016150754585940937
G3_mba_molar_grade,MBA Positive Molar Grade,1270,1670.0,0.00016142505288735436
G3_mba_molar_grade,MBA Positive Molar Grade,769,1169.0,0.00016054748282688907
G3_mba_molar_grade,MBA Positive Molar Grade,274,674.0,0.00016053104391772202
G3_mba_molar_grade,MBA Positive Molar Grade,410,810.0,0.00016046471585938026
G3_mba_molar_grade,MBA Positive Molar Grade,588,988.0,0.00016039177107495705
G3_mba_molar_grade,MBA Positive Molar Grade,1101,1501.0,0.00016021704404039065
G3_mba_molar_grade,MBA Positive Molar Grade,320,720.0,0.000160065521199934
G3_mba_molar_grade,MBA Positive Molar Grade,1266,1666.0,0.0001599432222436109
G3_mba_molar_grade,MBA Positive Molar Grade,741,1141.0,0.00015970109254711835
G3_mba_molar_grade,MBA Positive Molar Grade,914,1314.0,0.00015962109988717642
G3_mba_molar_grade,MBA Positive Molar Grade,1346,1746.0,0.00015884705322343433
G3_mba_molar_grade,MBA Positive Molar Grade,204,604.0,0.00015882564381151901
G3_mba_molar_grade,MBA Positive Molar Grade,639,1039.0,0.00015878070594944758
G3_mba_molar_grade,MBA Positive Molar Grade,240,640.0,0.0001586041453719255
G3_mba_molar_grade,MBA Positive Molar Grade,858,1258.0,0.00015829596838124802
G3_mba_molar_grade,MBA Positive Molar Grade,488,888.0,0.00015810628967619442
G3_mba_molar_grade,MBA Positive Molar Grade,16,416.0,0.00015798997546800892
G3_mba_molar_grade,MBA Positive Molar Grade,770,1170.0,0.0001579483818436556
G3_mba_molar_grade,MBA Positive Molar Grade,498,898.0,0.00015788855413697675
G3_mba_molar_grade,MBA Positive Molar Grade,44,444.0,0.00015773337677707147
G3_mba_molar_grade,MBA Positive Molar Grade,749,1149.0,0.00015755183999242417
G3_mba_molar_grade,MBA Positive Molar Grade,695,1095.0,0.00015755037673897824
G3_mba_molar_grade,MBA Positive Molar Grade,1292,1692.0,0.00015748414878871632
G3_mba_molar_grade,MBA Positive Molar Grade,288,688.0,0.0001574753889342642
G3_mba_molar_grade,MBA Positive Molar Grade,378,778.0,0.000157468948716425
G3_mba_molar_grade,MBA Positive Molar Grade,426,826.0,0.0001573756975049023
G3_mba_molar_grade,MBA Positive Molar Grade,1103,1503.0,0.0001566801332637437
G3_mba_molar_grade,MBA Positive Molar Grade,373,773.0,0.00015661006109605745
G3_mba_molar_grade,MBA Positive Molar Grade,54,454.0,0.00015660549489129088
G3_mba_molar_grade,MBA Positive Molar Grade,582,982.0,0.0001562284044549914
G3_mba_molar_grade,MBA Positive Molar Grade,1251,1651.0,0.000155984988466584
G3_mba_molar_grade,MBA Positive Molar Grade,255,655.0,0.00015578398510377077
G3_mba_molar_grade,MBA Positive Molar Grade,907,1307.0,0.00015559206935229279
G3_mba_molar_grade,MBA Positive Molar Grade,904,1304.0,0.00015504957457734627
G3_mba_molar_grade,MBA Positive Molar Grade,24,424.0,0.00015447672836324316
G3_mba_molar_grade,MBA Positive Molar Grade,327,727.0,0.0001544057810753354
G3_mba_molar_grade,MBA Positive Molar Grade,1316,1716.0,0.00015396613780964394
G3_mba_molar_grade,MBA Positive Molar Grade,511,911.0,0.00015371274355595416
G3_mba_molar_grade,MBA Positive Molar Grade,350,750.0,0.00015367796624344738
G3_mba_molar_grade,MBA Positive Molar Grade,524,924.0,0.0001536747997982625
G3_mba_molar_grade,MBA Positive Molar Grade,45,445.0,0.00015346654233899722
G3_mba_molar_grade,MBA Positive Molar Grade,257,657.0,0.00015341021481585777
G3_mba_molar_grade,MBA Positive Molar Grade,1312,1712.0,0.00015316241543713183
G3_mba_molar_grade,MBA Positive Molar Grade,173,573.0,0.00015260388471488375
G3_mba_molar_grade,MBA Positive Molar Grade,951,1351.0,0.0001524320036897663
G3_mba_molar_grade,MBA Positive Molar Grade,341,741.0,0.0001523489842421432
G3_mba_molar_grade,MBA Positive Molar Grade,1130,1530.0,0.00015227617333568016
G3_mba_molar_grade,MBA Positive Molar Grade,1343,1743.0,0.00015192863361207637
G3_mba_molar_grade,MBA Positive Molar Grade,265,665.0,0.00015186886594800416
G3_mba_molar_grade,MBA Positive Molar Grade,1254,1654.0,0.00015148542098148104
G3_mba_molar_grade,MBA Positive Molar Grade,323,723.0,0.00015117807777932695
G3_mba_molar_grade,MBA Positive Molar Grade,1,401.0,0.00015079044933931653
G3_mba_molar_grade,MBA Positive Molar Grade,1295,1695.0,0.00015077617276625587
G3_mba_molar_grade,MBA Positive Molar Grade,751,1151.0,0.00015011591642900038
G3_mba_molar_grade,MBA Positive Molar Grade,840,1240.0,0.0001500751588845801
G3_mba_molar_grade,MBA Positive Molar Grade,348,748.0,0.00014947020846524934
G3_mba_molar_grade,MBA Positive Molar Grade,1388,1788.0,0.000149107135741589
G3_mba_molar_grade,MBA Positive Molar Grade,248,648.0,0.0001487880547324515
G3_mba_molar_grade,MBA Positive Molar Grade,950,1350.0,0.00014878368124244932
G3_mba_molar_grade,MBA Positive Molar Grade,23,423.0,0.00014866710287261245
G3_mba_molar_grade,MBA Positive Molar Grade,1211,1611.0,0.00014862075347590886
G3_mba_molar_grade,MBA Positive Molar Grade,581,981.0,0.00014839008133018522
G3_mba_molar_grade,MBA Positive Molar Grade,273,673.0,0.00014836743488853179
G3_mba_molar_grade,MBA Positive Molar Grade,1057,1457.0,0.00014811639778495287
G3_mba_molar_grade,MBA Positive Molar Grade,148,548.0,0.00014772337088773277
G3_mba_molar_grade,MBA Positive Molar Grade,809,1209.0,0.00014713210473392467
G3_mba_molar_grade,MBA Positive Molar Grade,1297,1697.0,0.0001469478684620131
G3_mba_molar_grade,MBA Positive Molar Grade,1303,1703.0,0.00014654846722262727
G3_mba_molar_grade,MBA Positive Molar Grade,939,1339.0,0.0001464703791740443
G3_mba_molar_grade,MBA Positive Molar Grade,1250,1650.0,0.00014616039277247443
G3_mba_molar_grade,MBA Positive Molar Grade,1125,1525.0,0.00014614393209204092
G3_mba_molar_grade,MBA Positive Molar Grade,790,1190.0,0.00014600023282038035
G3_mba_molar_grade,MBA Positive Molar Grade,244,644.0,0.00014578842326259454
G3_mba_molar_grade,MBA Positive Molar Grade,833,1233.0,0.0001453729327582058
G3_mba_molar_grade,MBA Positive Molar Grade,1215,1615.0,0.0001447854771359086
G3_mba_molar_grade,MBA Positive Molar Grade,870,1270.0,0.00014475468249202885
G3_mba_molar_grade,MBA Positive Molar Grade,425,825.0,0.00014470106999299166
G3_mba_molar_grade,MBA Positive Molar Grade,371,771.0,0.00014464186190389777
G3_mba_molar_grade,MBA Positive Molar Grade,1332,1732.0,0.00014463250959144162
G3_mba_molar_grade,MBA Positive Molar Grade,931,1331.0,0.00014461128478998606
G3_mba_molar_grade,MBA Positive Molar Grade,585,985.0,0.0001445771796480648
G3_mba_molar_grade,MBA Positive Molar Grade,1234,1634.0,0.000144381914945246
G3_mba_molar_grade,MBA Positive Molar Grade,51,451.0,0.00014398396519054268
G3_mba_molar_grade,MBA Positive Molar Grade,1294,1694.0,0.00014361342718054187
G3_mba_molar_grade,MBA Positive Molar Grade,370,770.0,0.00014327223266530866
G3_mba_molar_grade,MBA Positive Molar Grade,392,792.0,0.00014302912415654803
G3_mba_molar_grade,MBA Positive Molar Grade,424,824.0,0.0001428486711428915
G3_mba_molar_grade,MBA Positive Molar Grade,696,1096.0,0.0001421285093394474
G3_mba_molar_grade,MBA Positive Molar Grade,74,474.0,0.00014197264336050894
G3_mba_molar_grade,MBA Positive Molar Grade,1244,1644.0,0.00014176160139176884
G3_mba_molar_grade,MBA Positive Molar Grade,1108,1508.0,0.0001417610934460015
G3_mba_molar_grade,MBA Positive Molar Grade,878,1278.0,0.00014158237546200777
G3_mba_molar_grade,MBA Positive Molar Grade,166,566.0,0.0001415361832078274
G3_mba_molar_grade,MBA Positive Molar Grade,91,491.0,0.00014146164998158037
G3_mba_molar_grade,MBA Positive Molar Grade,1291,1691.0,0.00014143475375652742
G3_mba_molar_grade,MBA Positive Molar Grade,164,564.0,0.00014131773554193792
G3_mba_molar_grade,MBA Positive Molar Grade,685,1085.0,0.00014104251588480175
G3_mba_molar_grade,MBA Positive Molar Grade,886,1286.0,0.00014025376980636241
G3_mba_molar_grade,MBA Positive Molar Grade,30,430.0,0.00013997592811774948
G3_mba_molar_grade,MBA Positive Molar Grade,869,1269.0,0.00013979545203468468
G3_mba_molar_grade,MBA Positive Molar Grade,936,1336.0,0.00013962893666632318
G3_mba_molar_grade,MBA Positive Molar Grade,957,1357.0,0.00013955410271261975
G3_mba_molar_grade,MBA Positive Molar Grade,1119,1519.0,0.0001395367023537108
G3_mba_molar_grade,MBA Positive Molar Grade,422,822.0,0.0001394526690036859
G3_mba_molar_grade,MBA Positive Molar Grade,189,589.0,0.00013943382536079187
G3_mba_molar_grade,MBA Positive Molar Grade,791,1191.0,0.00013915361011463014
G3_mba_molar_grade,MBA Positive Molar Grade,1269,1669.0,0.00013908326111980996
G3_mba_molar_grade,MBA Positive Molar Grade,159,559.0,0.0001388170444759645
G3_mba_molar_grade,MBA Positive Molar Grade,1252,1652.0,0.0001387101398127287
G3_mba_molar_grade,MBA Positive Molar Grade,198,598.0,0.00013850534419353953
G3_mba_molar_grade,MBA Positive Molar Grade,815,1215.0,0.00013815311851495663
G3_mba_molar_grade,MBA Positive Molar Grade,1207,1607.0,0.00013782055699736924
G3_mba_molar_grade,MBA Positive Molar Grade,325,725.0,0.00013743889463502175
G3_mba_molar_grade,MBA Positive Molar Grade,1237,1637.0,0.00013738799265333585
G3_mba_molar_grade,MBA Positive Molar Grade,153,553.0,0.00013716326130300431
G3_mba_molar_grade,MBA Positive Molar Grade,592,992.0,0.0001367559654091393
G3_mba_molar_grade,MBA Positive Molar Grade,698,1098.0,0.00013664717114222278
G3_mba_molar_grade,MBA Positive Molar Grade,1238,1638.0,0.00013633944264126644
G3_mba_molar_grade,MBA Positive Molar Grade,1210,1610.0,0.00013619206205679816
G3_mba_molar_grade,MBA Positive Molar Grade,206,606.0,0.00013579785917182963
G3_mba_molar_grade,MBA Positive Molar Grade,1131,1531.0,0.00013572976533290698
G3_mba_molar_grade,MBA Positive Molar Grade,36,436.0,0.00013545024442907546
G3_mba_molar_grade,MBA Positive Molar Grade,690,1090.0,0.00013537338670674399
G3_mba_molar_grade,MBA Positive Molar Grade,856,1256.0,0.00013506421713501397
G3_mba_molar_grade,MBA Positive Molar Grade,1120,1520.0,0.00013488255054962324
G3_mba_molar_grade,MBA Positive Molar Grade,347,747.0,0.0001348231792284133
G3_mba_molar_grade,MBA Positive Molar Grade,368,768.0,0.00013473260597344686
G3_mba_molar_grade,MBA Positive Molar Grade,343,743.0,0.00013462252567655774
G3_mba_molar_grade,MBA Positive Molar Grade,1117,1517.0,0.00013460665431847606
G3_mba_molar_grade,MBA Positive Molar Grade,759,1159.0,0.0001342171231800576
G3_mba_molar_grade,MBA Positive Molar Grade,895,1295.0,0.00013417487102286628
G3_mba_molar_grade,MBA Positive Molar Grade,730,1130.0,0.00013406494404266816
G3_mba_molar_grade,MBA Positive Molar Grade,565,965.0,0.00013386744802133119
G3_mba_molar_grade,MBA Positive Molar Grade,1306,1706.0,0.000133814647177787
G3_mba_molar_grade,MBA Positive Molar Grade,261,661.0,0.0001336364360570821
G3_mba_molar_grade,MBA Positive Molar Grade,937,1337.0,0.00013358708111299832
G3_mba_molar_grade,MBA Positive Molar Grade,216,616.0,0.00013322281188952588
G3_mba_molar_grade,MBA Positive Molar Grade,1123,1523.0,0.00013316426070836043
G3_mba_molar_grade,MBA Positive Molar Grade,811,1211.0,0.00013297098354988379
G3_mba_molar_grade,MBA Positive Molar Grade,525,925.0,0.00013294127340575084
G3_mba_molar_grade,MBA Positive Molar Grade,616,1016.0,0.00013283754516310288
G3_mba_molar_grade,MBA Positive Molar Grade,1279,1679.0,0.0001328241725303831
G3_mba_molar_grade,MBA Positive Molar Grade,326,726.0,0.0001328071397188663
G3_mba_molar_grade,MBA Positive Molar Grade,789,1189.0,0.00013276143851927518
G3_mba_molar_grade,MBA Positive Molar Grade,56,456.0,0.00013270111545099475
G3_mba_molar_grade,MBA Positive Molar Grade,1111,1511.0,0.00013242037999938375
G3_mba_molar_grade,MBA Positive Molar Grade,47,447.0,0.00013178922969750266
G3_mba_molar_grade,MBA Positive Molar Grade,781,1181.0,0.00013148091585805
G3_mba_molar_grade,MBA Positive Molar Grade,593,993.0,0.0001314039585033019
G3_mba_molar_grade,MBA Positive Molar Grade,223,623.0,0.00013130336377013157
G3_mba_molar_grade,MBA Positive Molar Grade,352,752.0,0.00013110859609788468
G3_mba_molar_grade,MBA Positive Molar Grade,211,611.0,0.00013108738465808143
G3_mba_molar_grade,MBA Positive Molar Grade,561,961.0,0.000130529478044215
G3_mba_molar_grade,MBA Positive Molar Grade,403,803.0,0.00013046633253270675
G3_mba_molar_grade,MBA Positive Molar Grade,920,1320.0,0.00013031897587351872
G3_mba_molar_grade,MBA Positive Molar Grade,289,689.0,0.00012992990656388766
G3_mba_molar_grade,MBA Positive Molar Grade,92,492.0,0.00012966924389778257
G3_mba_molar_grade,MBA Positive Molar Grade,940,1340.0,0.0001293093879717853
G3_mba_molar_grade,MBA Positive Molar Grade,758,1158.0,0.00012929526961505787
G3_mba_molar_grade,MBA Positive Molar Grade,270,670.0,0.00012912876537460785
G3_mba_molar_grade,MBA Positive Molar Grade,271,671.0,0.0001290782786096082
G3_mba_molar_grade,MBA Positive Molar Grade,87,487.0,0.00012883112342270412
G3_mba_molar_grade,MBA Positive Molar Grade,1248,1648.0,0.00012879463518552134
G3_mba_molar_grade,MBA Positive Molar Grade,590,990.0,0.00012826088516526644
G3_mba_molar_grade,MBA Positive Molar Grade,1260,1660.0,0.0001280117874934552
G3_mba_molar_grade,MBA Positive Molar Grade,877,1277.0,0.0001278325363257131
G3_mba_molar_grade,MBA Positive Molar Grade,0,400.0,0.00012778512498119873
G3_mba_molar_grade,MBA Positive Molar Grade,705,1105.0,0.00012693289129918196
G3_mba_molar_grade,MBA Positive Molar Grade,145,545.0,0.00012677496600718222
G3_mba_molar_grade,MBA Positive Molar Grade,293,693.0,0.000126736384401924
G3_mba_molar_grade,MBA Positive Molar Grade,697,1097.0,0.0001266209437810362
G3_mba_molar_grade,MBA Positive Molar Grade,723,1123.0,0.00012660412622961625
G3_mba_molar_grade,MBA Positive Molar Grade,1058,1458.0,0.00012621468610250004
G3_mba_molar_grade,MBA Positive Molar Grade,176,576.0,0.0001260576669204887
G3_mba_molar_grade,MBA Positive Molar Grade,910,1310.0,0.00012580829317486252
G3_mba_molar_grade,MBA Positive Molar Grade,1256,1656.0,0.00012569855303646806
G3_mba_molar_grade,MBA Positive Molar Grade,686,1086.0,0.0001256883717268644
G3_mba_molar_grade,MBA Positive Molar Grade,494,894.0,0.00012552987554951642
G3_mba_molar_grade,MBA Positive Molar Grade,784,1184.0,0.00012548448748888472
G3_mba_molar_grade,MBA Positive Molar Grade,837,1237.0,0.0001253670634862327
G3_mba_molar_grade,MBA Positive Molar Grade,191,591.0,0.00012517041743725853
G3_mba_molar_grade,MBA Positive Molar Grade,1218,1618.0,0.00012496070318928742
G3_mba_molar_grade,MBA Positive Molar Grade,842,1242.0,0.00012488105102843208
G3_mba_molar_grade,MBA Positive Molar Grade,556,956.0,0.0001241854323029797
G3_mba_molar_grade,MBA Positive Molar Grade,349,749.0,0.000123872296475461
G3_mba_molar_grade,MBA Positive Molar Grade,242,642.0,0.0001236580048084404
G3_mba_molar_grade,MBA Positive Molar Grade,319,719.0,0.00012362647575901402
G3_mba_molar_grade,MBA Positive Molar Grade,1302,1702.0,0.00012331754050846786
G3_mba_molar_grade,MBA Positive Molar Grade,1118,1518.0,0.0001231523784706642
G3_mba_molar_grade,MBA Positive Molar Grade,1301,1701.0,0.00012279897164058778
G3_mba_molar_grade,MBA Positive Molar Grade,894,1294.0,0.0001221627422241385
G3_mba_molar_grade,MBA Positive Molar Grade,1389,1789.0,0.00012166698313395314
G3_mba_molar_grade,MBA Positive Molar Grade,298,698.0,0.00012158566720791784
G3_mba_molar_grade,MBA Positive Molar Grade,599,999.0,0.00012106470997392166
G3_mba_molar_grade,MBA Positive Molar Grade,29,429.0,0.00012104301319568439
G3_mba_molar_grade,MBA Positive Molar Grade,53,453.0,0.00012092048683257737
G3_mba_molar_grade,MBA Positive Molar Grade,408,808.0,0.00012084942148675231
G3_mba_molar_grade,MBA Positive Molar Grade,493,893.0,0.00012077591298661438
G3_mba_molar_grade,MBA Positive Molar Grade,60,460.0,0.00012041298743242272
G3_mba_molar_grade,MBA Positive Molar Grade,374,774.0,0.00012036074722485968
G3_mba_molar_grade,MBA Positive Molar Grade,380,780.0,0.00012029652364623443
G3_mba_molar_grade,MBA Positive Molar Grade,881,1281.0,0.00011989142140490353
G3_mba_molar_grade,MBA Positive Molar Grade,249,649.0,0.00011971120990580515
G3_mba_molar_grade,MBA Positive Molar Grade,1348,1748.0,0.00011968287633655096
G3_mba_molar_grade,MBA Positive Molar Grade,958,1358.0,0.00011965007409573505
G3_mba_molar_grade,MBA Positive Molar Grade,750,1150.0,0.000119639451592424
G3_mba_molar_grade,MBA Positive Molar Grade,258,658.0,0.00011949171738723243
G3_mba_molar_grade,MBA Positive Molar Grade,1311,1711.0,0.00011925673491154424
G3_mba_molar_grade,MBA Positive Molar Grade,287,687.0,0.00011903775196645616
G3_mba_molar_grade,MBA Positive Molar Grade,1293,1693.0,0.00011883559074471912
G3_mba_molar_grade,MBA Positive Molar Grade,379,779.0,0.00011866005416385578
G3_mba_molar_grade,MBA Positive Molar Grade,1059,1459.0,0.00011837729064176819
G3_mba_molar_grade,MBA Positive Molar Grade,888,1288.0,0.00011836231859722654
G3_mba_molar_grade,MBA Positive Molar Grade,384,784.0,0.00011794437089801649
G3_mba_molar_grade,MBA Positive Molar Grade,75,475.0,0.00011760231144027578
G3_mba_molar_grade,MBA Positive Molar Grade,99,499.0,0.00011755618904047587
G3_mba_molar_grade,MBA Positive Molar Grade,943,1343.0,0.00011715076708994459
G3_mba_molar_grade,MBA Positive Molar Grade,962,1362.0,0.00011709739177013739
G3_mba_molar_grade,MBA Positive Molar Grade,925,1325.0,0.00011687393936732234
G3_mba_molar_grade,MBA Positive Molar Grade,213,613.0,0.0001164982952461182
G3_mba_molar_grade,MBA Positive Molar Grade,292,692.0,0.00011610475778906143
G3_mba_molar_grade,MBA Positive Molar Grade,483,883.0,0.00011579275409709514
G3_mba_molar_grade,MBA Positive Molar Grade,527,927.0,0.00011563786558884564
G3_mba_molar_grade,MBA Positive Molar Grade,555,955.0,0.00011559666804568585
G3_mba_molar_grade,MBA Positive Molar Grade,228,628.0,0.0001154217985213012
G3_mba_molar_grade,MBA Positive Molar Grade,209,609.0,0.00011541223220051045
G3_mba_molar_grade,MBA Positive Molar Grade,272,672.0,0.00011515923453481396
G3_mba_molar_grade,MBA Positive Molar Grade,279,679.0,0.0001151290480213394
G3_mba_molar_grade,MBA Positive Molar Grade,1147,1547.0,0.00011502122144374715
G3_mba_molar_grade,MBA Positive Molar Grade,157,557.0,0.00011472820024096059
G3_mba_molar_grade,MBA Positive Molar Grade,871,1271.0,0.00011426910739882096
G3_mba_molar_grade,MBA Positive Molar Grade,558,958.0,0.00011421470371119244
G3_mba_molar_grade,MBA Positive Molar Grade,1298,1698.0,0.00011401778954319715
G3_mba_molar_grade,MBA Positive Molar Grade,268,668.0,0.00011352430323403016
G3_mba_molar_grade,MBA Positive Molar Grade,1284,1684.0,0.00011347686244827885
G3_mba_molar_grade,MBA Positive Molar Grade,155,555.0,0.00011338723006224497
G3_mba_molar_grade,MBA Positive Molar Grade,1258,1658.0,0.00011316256440871508
G3_mba_molar_grade,MBA Positive Molar Grade,953,1353.0,0.00011297838456386173
G3_mba_molar_grade,MBA Positive Molar Grade,322,722.0,0.00011292261831473366
G3_mba_molar_grade,MBA Positive Molar Grade,138,538.0,0.00011290057395797698
G3_mba_molar_grade,MBA Positive Molar Grade,513,913.0,0.00011258796834343693
G3_mba_molar_grade,MBA Positive Molar Grade,559,959.0,0.00011240876091186162
G3_mba_molar_grade,MBA Positive Molar Grade,407,807.0,0.00011233001032016523
G3_mba_molar_grade,MBA Positive Molar Grade,851,1251.0,0.00011231445015000808
G3_mba_molar_grade,MBA Positive Molar Grade,1385,1785.0,0.00011207286403891859
G3_mba_molar_grade,MBA Positive Molar Grade,1235,1635.0,0.00011188341908674252
G3_mba_molar_grade,MBA Positive Molar Grade,503,903.0,0.00011161570355188188
G3_mba_molar_grade,MBA Positive Molar Grade,432,832.0,0.0001114744560609524
G3_mba_molar_grade,MBA Positive Molar Grade,1283,1683.0,0.00011146768652157874
G3_mba_molar_grade,MBA Positive Molar Grade,1152,1552.0,0.00011113008199615219
G3_mba_molar_grade,MBA Positive Molar Grade,874,1274.0,0.00011099516982357354
G3_mba_molar_grade,MBA Positive Molar Grade,738,1138.0,0.0001109513669945161
G3_mba_molar_grade,MBA Positive Molar Grade,1275,1675.0,0.00011083536705129313
G3_mba_molar_grade,MBA Positive Molar Grade,1148,1548.0,0.00011065129065497694
G3_mba_molar_grade,MBA Positive Molar Grade,89,489.0,0.00011038633856808649
G3_mba_molar_grade,MBA Positive Molar Grade,55,455.0,0.00011035637437313306
G3_mba_molar_grade,MBA Positive Molar Grade,859,1259.0,0.00011031092315697215
G3_mba_molar_grade,MBA Positive Molar Grade,158,558.0,0.00011008549520154511
G3_mba_molar_grade,MBA Positive Molar Grade,1255,1655.0,0.00011003082029095453
G3_mba_molar_grade,MBA Positive Molar Grade,367,767.0,0.00010995031495320558
G3_mba_molar_grade,MBA Positive Molar Grade,1061,1461.0,0.00010984767068430019
G3_mba_molar_grade,MBA Positive Molar Grade,295,695.0,0.0001094122449612391
G3_mba_molar_grade,MBA Positive Molar Grade,230,630.0,0.00010935750275427876
G3_mba_molar_grade,MBA Positive Molar Grade,812,1212.0,0.0001090559689212681
G3_mba_molar_grade,MBA Positive Molar Grade,908,1308.0,0.00010850614763810811
G3_mba_molar_grade,MBA Positive Molar Grade,1104,1504.0,0.00010765748782701768
G3_mba_molar_grade,MBA Positive Molar Grade,704,1104.0,0.00010735387847679981
G3_mba_molar_grade,MBA Positive Molar Grade,154,554.0,0.00010722897617009647
G3_mba_molar_grade,MBA Positive Molar Grade,711,1111.0,0.00010672883848426927
G3_mba_molar_grade,MBA Positive Molar Grade,212,612.0,0.00010668147648078639
G3_mba_molar_grade,MBA Positive Molar Grade,1386,1786.0,0.00010659144189092947
G3_mba_molar_grade,MBA Positive Molar Grade,277,677.0,0.00010632606083112314
G3_mba_molar_grade,MBA Positive Molar Grade,351,751.0,0.00010609678688917193
G3_mba_molar_grade,MBA Positive Molar Grade,1318,1718.0,0.00010567180084388045
G3_mba_molar_grade,MBA Positive Molar Grade,733,1133.0,0.00010561265406474074
G3_mba_molar_grade,MBA Positive Molar Grade,238,638.0,0.00010540604608371021
G3_mba_molar_grade,MBA Positive Molar Grade,22,422.0,0.00010522121435479837
G3_mba_molar_grade,MBA Positive Molar Grade,141,541.0,0.00010507635705070086
G3_mba_molar_grade,MBA Positive Molar Grade,613,1013.0,0.00010507123237871867
G3_mba_molar_grade,MBA Positive Molar Grade,1382,1782.0,0.00010477375713482316
G3_mba_molar_grade,MBA Positive Molar Grade,1350,1750.0,0.00010470152679900573
G3_mba_molar_grade,MBA Positive Molar Grade,849,1249.0,0.00010461022541501681
G3_mba_molar_grade,MBA Positive Molar Grade,260,660.0,0.00010397140563383556
G3_mba_molar_grade,MBA Positive Molar Grade,1137,1537.0,0.00010396272286791322
G3_mba_molar_grade,MBA Positive Molar Grade,1354,1754.0,0.00010395888399459276
G3_mba_molar_grade,MBA Positive Molar Grade,492,892.0,0.00010293807407810515
G3_mba_molar_grade,MBA Positive Molar Grade,406,806.0,0.00010267877757599061
G3_mba_molar_grade,MBA Positive Molar Grade,574,974.0,0.0001024630254800268
G3_mba_molar_grade,MBA Positive Molar Grade,83,483.0,0.00010204307745979904
G3_mba_molar_grade,MBA Positive Molar Grade,836,1236.0,0.00010161431824907291
G3_mba_molar_grade,MBA Positive Molar Grade,700,1100.0,0.00010129832182551645
G3_mba_molar_grade,MBA Positive Molar Grade,724,1124.0,0.00010090779625585817
G3_mba_molar_grade,MBA Positive Molar Grade,263,663.0,0.00010070238332693455
G3_mba_molar_grade,MBA Positive Molar Grade,297,697.0,0.00010060815379742354
G3_mba_molar_grade,MBA Positive Molar Grade,1109,1509.0,0.00010056333842329185
G3_mba_molar_grade,MBA Positive Molar Grade,757,1157.0,0.00010036310799146785
G3_mba_molar_grade,MBA Positive Molar Grade,68,468.0,0.00010034107310298968
G3_mba_molar_grade,MBA Positive Molar Grade,1315,1715.0,0.0001002516731203321
G3_mba_molar_grade,MBA Positive Molar Grade,218,618.0,0.00010020355588967249
G3_mba_molar_grade,MBA Positive Molar Grade,199,599.0,9.960710077660392e-05
G3_mba_molar_grade,MBA Positive Molar Grade,262,662.0,9.897640258609671e-05
G3_mba_molar_grade,MBA Positive Molar Grade,1126,1526.0,9.89204254357153e-05
G3_mba_molar_grade,MBA Positive Molar Grade,860,1260.0,9.873246358256488e-05
G3_mba_molar_grade,MBA Positive Molar Grade,915,1315.0,9.870399769359378e-05
G3_mba_molar_grade,MBA Positive Molar Grade,826,1226.0,9.84444001175109e-05
G3_mba_molar_grade,MBA Positive Molar Grade,1243,1643.0,9.797316543056399e-05
G3_mba_molar_grade,MBA Positive Molar Grade,1314,1714.0,9.784177292698194e-05
G3_mba_molar_grade,MBA Positive Molar Grade,365,765.0,9.767916815739714e-05
G3_mba_molar_grade,MBA Positive Molar Grade,2,402.0,9.764910996210805e-05
G3_mba_molar_grade,MBA Positive Molar Grade,237,637.0,9.755194825088632e-05
G3_mba_molar_grade,MBA Positive Molar Grade,1233,1633.0,9.735431465670576e-05
G3_mba_molar_grade,MBA Positive Molar Grade,752,1152.0,9.719212846749538e-05
G3_mba_molar_grade,MBA Positive Molar Grade,889,1289.0,9.70202850513208e-05
G3_mba_molar_grade,MBA Positive Molar Grade,63,463.0,9.69129089770221e-05
G3_mba_molar_grade,MBA Positive Molar Grade,282,682.0,9.605710943161263e-05
G3_mba_molar_grade,MBA Positive Molar Grade,924,1324.0,9.593417375235265e-05
G3_mba_molar_grade,MBA Positive Molar Grade,1232,1632.0,9.550291390417344e-05
G3_mba_molar_grade,MBA Positive Molar Grade,756,1156.0,9.541423398486216e-05
G3_mba_molar_grade,MBA Positive Molar Grade,891,1291.0,9.539163988756711e-05
G3_mba_molar_grade,MBA Positive Molar Grade,918,1318.0,9.52723096728134e-05
G3_mba_molar_grade,MBA Positive Molar Grade,570,970.0,9.503006478828712e-05
G3_mba_molar_grade,MBA Positive Molar Grade,1344,1744.0,9.48555598454467e-05
G3_mba_molar_grade,MBA Positive Molar Grade,714,1114.0,9.459375486968799e-05
G3_mba_molar_grade,MBA Positive Molar Grade,1113,1513.0,9.432558020299408e-05
G3_mba_molar_grade,MBA Positive Molar Grade,59,459.0,9.416301901443854e-05
G3_mba_molar_grade,MBA Positive Molar Grade,1222,1622.0,9.396630008809396e-05
G3_mba_molar_grade,MBA Positive Molar Grade,595,995.0,9.393913915752064e-05
G3_mba_molar_grade,MBA Positive Molar Grade,518,918.0,9.392947405068112e-05
G3_mba_molar_grade,MBA Positive Molar Grade,246,646.0,9.345509048901224e-05
G3_mba_molar_grade,MBA Positive Molar Grade,152,552.0,9.263657452105413e-05
G3_mba_molar_grade,MBA Positive Molar Grade,768,1168.0,9.260538875081219e-05
G3_mba_molar_grade,MBA Positive Molar Grade,1102,1502.0,9.235109936146072e-05
G3_mba_molar_grade,MBA Positive Molar Grade,1249,1649.0,9.213178222599176e-05
G3_mba_molar_grade,MBA Positive Molar Grade,1368,1768.0,9.188895120600846e-05
G3_mba_molar_grade,MBA Positive Molar Grade,329,729.0,9.17919424133474e-05
G3_mba_molar_grade,MBA Positive Molar Grade,1390,1790.0,9.141243949461762e-05
G3_mba_molar_grade,MBA Positive Molar Grade,1287,1687.0,9.118271567779218e-05
G3_mba_molar_grade,MBA Positive Molar Grade,691,1091.0,9.110597059144234e-05
G3_mba_molar_grade,MBA Positive Molar Grade,236,636.0,9.065616643732194e-05
G3_mba_molar_grade,MBA Positive Molar Grade,1334,1734.0,9.043284199997253e-05
G3_mba_molar_grade,MBA Positive Molar Grade,876,1276.0,9.009663997155043e-05
G3_mba_molar_grade,MBA Positive Molar Grade,413,813.0,8.961439245973031e-05
G3_mba_molar_grade,MBA Positive Molar Grade,1231,1631.0,8.9540803205683e-05
G3_mba_molar_grade,MBA Positive Molar Grade,233,633.0,8.943617963667064e-05
G3_mba_molar_grade,MBA Positive Molar Grade,1387,1787.0,8.937943736199437e-05
G3_mba_molar_grade,MBA Positive Molar Grade,57,457.0,8.928035442968627e-05
G3_mba_molar_grade,MBA Positive Molar Grade,296,696.0,8.907703014939457e-05
G3_mba_molar_grade,MBA Positive Molar Grade,841,1241.0,8.900379099415435e-05
G3_mba_molar_grade,MBA Positive Molar Grade,829,1229.0,8.89546448544058e-05
G3_mba_molar_grade,MBA Positive Molar Grade,1305,1705.0,8.885206356707619e-05
G3_mba_molar_grade,MBA Positive Molar Grade,739,1139.0,8.8761012649677e-05
G3_mba_molar_grade,MBA Positive Molar Grade,1288,1688.0,8.873267795961639e-05
G3_mba_molar_grade,MBA Positive Molar Grade,591,991.0,8.843724316892784e-05
G3_mba_molar_grade,MBA Positive Molar Grade,1121,1521.0,8.817311713443781e-05
G3_mba_molar_grade,MBA Positive Molar Grade,324,724.0,8.814033872877057e-05
G3_mba_molar_grade,MBA Positive Molar Grade,278,678.0,8.813830783189461e-05
G3_mba_molar_grade,MBA Positive Molar Grade,495,895.0,8.813232012698712e-05
G3_mba_molar_grade,MBA Positive Molar Grade,97,497.0,8.768085458781576e-05
G3_mba_molar_grade,MBA Positive Molar Grade,1326,1726.0,8.741291331792913e-05
G3_mba_molar_grade,MBA Positive Molar Grade,1281,1681.0,8.706911392814008e-05
G3_mba_molar_grade,MBA Positive Molar Grade,1138,1538.0,8.55678992753113e-05
G3_mba_molar_grade,MBA Positive Molar Grade,866,1266.0,8.522452618513463e-05
G3_mba_molar_grade,MBA Positive Molar Grade,899,1299.0,8.512314232862698e-05
G3_mba_molar_grade,MBA Positive Molar Grade,280,680.0,8.503255822278941e-05
G3_mba_molar_grade,MBA Positive Molar Grade,807,1207.0,8.392759101667459e-05
G3_mba_molar_grade,MBA Positive Molar Grade,377,777.0,8.389288726415623e-05
G3_mba_molar_grade,MBA Positive Molar Grade,1289,1689.0,8.37434862370907e-05
G3_mba_molar_grade,MBA Positive Molar Grade,1367,1767.0,8.373135287736465e-05
G3_mba_molar_grade,MBA Positive Molar Grade,195,595.0,8.352665084390396e-05
G3_mba_molar_grade,MBA Positive Molar Grade,142,542.0,8.351003127186744e-05
G3_mba_molar_grade,MBA Positive Molar Grade,600,1000.0,8.321029113631567e-05
G3_mba_molar_grade,MBA Positive Molar Grade,227,627.0,8.31061112753062e-05
G3_mba_molar_grade,MBA Positive Molar Grade,291,691.0,8.306087227183161e-05
G3_mba_molar_grade,MBA Positive Molar Grade,521,921.0,8.287137359578669e-05
G3_mba_molar_grade,MBA Positive Molar Grade,1349,1749.0,8.250944836027795e-05
G3_mba_molar_grade,MBA Positive Molar Grade,760,1160.0,8.183301778891329e-05
G3_mba_molar_grade,MBA Positive Molar Grade,497,897.0,8.171112820067949e-05
G3_mba_molar_grade,MBA Positive Molar Grade,1336,1736.0,8.146010507238887e-05
G3_mba_molar_grade,MBA Positive Molar Grade,911,1311.0,8.141754286600048e-05
G3_mba_molar_grade,MBA Positive Molar Grade,10,410.0,8.13724047568143e-05
G3_mba_molar_grade,MBA Positive Molar Grade,601,1001.0,8.133536292769601e-05
G3_mba_molar_grade,MBA Positive Molar Grade,845,1245.0,8.086866250025845e-05
G3_mba_molar_grade,MBA Positive Molar Grade,755,1155.0,8.083420467500762e-05
G3_mba_molar_grade,MBA Positive Molar Grade,528,928.0,8.039074082345563e-05
G3_mba_molar_grade,MBA Positive Molar Grade,93,493.0,7.999573119307696e-05
G3_mba_molar_grade,MBA Positive Molar Grade,862,1262.0,7.989959383446876e-05
G3_mba_molar_grade,MBA Positive Molar Grade,893,1293.0,7.986917657226248e-05
G3_mba_molar_grade,MBA Positive Molar Grade,94,494.0,7.929025843778713e-05
G3_mba_molar_grade,MBA Positive Molar Grade,529,929.0,7.882465143643595e-05
G3_mba_molar_grade,MBA Positive Molar Grade,1324,1724.0,7.810208554174746e-05
G3_mba_molar_grade,MBA Positive Molar Grade,954,1354.0,7.762807339148605e-05
G3_mba_molar_grade,MBA Positive Molar Grade,843,1243.0,7.732262849973997e-05
G3_mba_molar_grade,MBA Positive Molar Grade,290,690.0,7.729991854739889e-05
G3_mba_molar_grade,MBA Positive Molar Grade,857,1257.0,7.700749110262466e-05
G3_mba_molar_grade,MBA Positive Molar Grade,872,1272.0,7.685510253084422e-05
G3_mba_molar_grade,MBA Positive Molar Grade,1323,1723.0,7.616485426895555e-05
G3_mba_molar_grade,MBA Positive Molar Grade,299,699.0,7.57981011019463e-05
G3_mba_molar_grade,MBA Positive Molar Grade,150,550.0,7.56813562383916e-05
G3_mba_molar_grade,MBA Positive Molar Grade,79,479.0,7.526221302184411e-05
G3_mba_molar_grade,MBA Positive Molar Grade,183,583.0,7.521119284091755e-05
G3_mba_molar_grade,MBA Positive Molar Grade,1242,1642.0,7.468781544299118e-05
G3_mba_molar_grade,MBA Positive Molar Grade,560,960.0,7.45709633890713e-05
G3_mba_molar_grade,MBA Positive Molar Grade,848,1248.0,7.421991363585102e-05
G3_mba_molar_grade,MBA Positive Molar Grade,1261,1661.0,7.398983823692882e-05
G3_mba_molar_grade,MBA Positive Molar Grade,589,989.0,7.380069047755497e-05
G3_mba_molar_grade,MBA Positive Molar Grade,1391,1791.0,7.377402360797983e-05
G3_mba_molar_grade,MBA Positive Molar Grade,375,775.0,7.355145523889922e-05
G3_mba_molar_grade,MBA Positive Molar Grade,64,464.0,7.328636376365664e-05
G3_mba_molar_grade,MBA Positive Molar Grade,921,1321.0,7.319940880964118e-05
G3_mba_molar_grade,MBA Positive Molar Grade,897,1297.0,7.318883240436984e-05
G3_mba_molar_grade,MBA Positive Molar Grade,919,1319.0,7.276271563073339e-05
G3_mba_molar_grade,MBA Positive Molar Grade,1277,1677.0,7.275228519144432e-05
G3_mba_molar_grade,MBA Positive Molar Grade,151,551.0,7.250487032260452e-05
G3_mba_molar_grade,MBA Positive Molar Grade,96,496.0,7.239300842075228e-05
G3_mba_molar_grade,MBA Positive Molar Grade,956,1356.0,7.228812220576304e-05
G3_mba_molar_grade,MBA Positive Molar Grade,147,547.0,7.218376817214693e-05
G3_mba_molar_grade,MBA Positive Molar Grade,285,685.0,7.214120232353398e-05
G3_mba_molar_grade,MBA Positive Molar Grade,868,1268.0,7.109057972570444e-05
G3_mba_molar_grade,MBA Positive Molar Grade,553,953.0,7.104150178487786e-05
G3_mba_molar_grade,MBA Positive Molar Grade,487,887.0,7.09576944941105e-05
G3_mba_molar_grade,MBA Positive Molar Grade,839,1239.0,7.081133578975665e-05
G3_mba_molar_grade,MBA Positive Molar Grade,901,1301.0,7.059809898626305e-05
G3_mba_molar_grade,MBA Positive Molar Grade,50,450.0,7.054041277266068e-05
G3_mba_molar_grade,MBA Positive Molar Grade,1373,1773.0,7.014437065091465e-05
G3_mba_molar_grade,MBA Positive Molar Grade,243,643.0,7.002077878674532e-05
G3_mba_molar_grade,MBA Positive Molar Grade,938,1338.0,6.909832553816647e-05
G3_mba_molar_grade,MBA Positive Molar Grade,203,603.0,6.846929642234065e-05
G3_mba_molar_grade,MBA Positive Molar Grade,62,462.0,6.793241427465638e-05
G3_mba_molar_grade,MBA Positive Molar Grade,140,540.0,6.763320676090775e-05
G3_mba_molar_grade,MBA Positive Molar Grade,162,562.0,6.73811300390866e-05
G3_mba_molar_grade,MBA Positive Molar Grade,180,580.0,6.698038054783273e-05
G3_mba_molar_grade,MBA Positive Molar Grade,923,1323.0,6.693080625596371e-05
G3_mba_molar_grade,MBA Positive Molar Grade,235,635.0,6.601232903771779e-05
G3_mba_molar_grade,MBA Positive Molar Grade,896,1296.0,6.583029234028146e-05
G3_mba_molar_grade,MBA Positive Molar Grade,1286,1686.0,6.562451901664931e-05
G3_mba_molar_grade,MBA Positive Molar Grade,69,469.0,6.553010879636568e-05
G3_mba_molar_grade,MBA Positive Molar Grade,139,539.0,6.510531804597574e-05
G3_mba_molar_grade,MBA Positive Molar Grade,935,1335.0,6.453966125975417e-05
G3_mba_molar_grade,MBA Positive Molar Grade,864,1264.0,6.419774469062107e-05
G3_mba_molar_grade,MBA Positive Molar Grade,718,1118.0,6.413134298541536e-05
G3_mba_molar_grade,MBA Positive Molar Grade,58,458.0,6.322862191193817e-05
G3_mba_molar_grade,MBA Positive Molar Grade,1107,1507.0,6.302383528250081e-05
G3_mba_molar_grade,MBA Positive Molar Grade,267,667.0,6.253902376115142e-05
G3_mba_molar_grade,MBA Positive Molar Grade,865,1265.0,6.250684936362613e-05
G3_mba_molar_grade,MBA Positive Molar Grade,1276,1676.0,6.232084001861356e-05
G3_mba_molar_grade,MBA Positive Molar Grade,1105,1505.0,6.188552506069053e-05
G3_mba_molar_grade,MBA Positive Molar Grade,1145,1545.0,6.0995042404732776e-05
G3_mba_molar_grade,MBA Positive Molar Grade,1374,1774.0,6.0308805758986727e-05
G3_mba_molar_grade,MBA Positive Molar Grade,72,472.0,5.871471315704366e-05
G3_mba_molar_grade,MBA Positive Molar Grade,226,626.0,5.835173662304468e-05
G3_mba_molar_grade,MBA Positive Molar Grade,867,1267.0,5.7619059704640156e-05
G3_mba_molar_grade,MBA Positive Molar Grade,1282,1682.0,5.756348138154421e-05
G3_mba_molar_grade,MBA Positive Molar Grade,903,1303.0,5.697126737402735e-05
G3_mba_molar_grade,MBA Positive Molar Grade,721,1121.0,5.6918706832757126e-05
G3_mba_molar_grade,MBA Positive Molar Grade,863,1263.0,5.633316016528022e-05
G3_mba_molar_grade,MBA Positive Molar Grade,1115,1515.0,5.6135409497798454e-05
G3_mba_molar_grade,MBA Positive Molar Grade,231,631.0,5.6099101860995515e-05
G3_mba_molar_grade,MBA Positive Molar Grade,43,443.0,5.430566695898075e-05
G3_mba_molar_grade,MBA Positive Molar Grade,900,1300.0,5.413835551808249e-05
G3_mba_molar_grade,MBA Positive Molar Grade,922,1322.0,5.3361301009799436e-05
G3_mba_molar_grade,MBA Positive Molar Grade,844,1244.0,5.289294761318306e-05
G3_mba_molar_grade,MBA Positive Molar Grade,95,495.0,5.12840642895048e-05
G3_mba_molar_grade,MBA Positive Molar Grade,725,1125.0,5.050360620746798e-05
G3_mba_molar_grade,MBA Positive Molar Grade,1313,1713.0,5.048007589423707e-05
G3_mba_molar_grade,MBA Positive Molar Grade,266,666.0,4.9997007919132936e-05
G3_mba_molar_grade,MBA Positive Molar Grade,854,1254.0,4.914395118428663e-05
G3_mba_molar_grade,MBA Positive Molar Grade,873,1273.0,4.896188772288115e-05
G3_mba_molar_grade,MBA Positive Molar Grade,421,821.0,4.827127670619359e-05
G3_mba_molar_grade,MBA Positive Molar Grade,1122,1522.0,4.80101193322374e-05
G3_mba_molar_grade,MBA Positive Molar Grade,197,597.0,4.701896764751672e-05
G3_mba_molar_grade,MBA Positive Molar Grade,71,471.0,4.701617878469369e-05
G3_mba_molar_grade,MBA Positive Molar Grade,49,449.0,4.6510397889126114e-05
G3_mba_molar_grade,MBA Positive Molar Grade,390,790.0,4.6087712516989855e-05
G3_mba_molar_grade,MBA Positive Molar Grade,65,465.0,4.5582521849077234e-05
G3_mba_molar_grade,MBA Positive Molar Grade,1383,1783.0,4.553554666053302e-05
G3_mba_molar_grade,MBA Positive Molar Grade,1372,1772.0,4.528545269500824e-05
G3_mba_molar_grade,MBA Positive Molar Grade,210,610.0,4.3687010049814215e-05
G3_mba_molar_grade,MBA Positive Molar Grade,1116,1516.0,4.306465488550247e-05
G3_mba_molar_grade,MBA Positive Molar Grade,1396,1796.0,4.295072372678746e-05
G3_mba_molar_grade,MBA Positive Molar Grade,1369,1769.0,4.25157306901801e-05
G3_mba_molar_grade,MBA Positive Molar Grade,1370,1770.0,4.21673055398067e-05
G3_mba_molar_grade,MBA Positive Molar Grade,178,578.0,4.1162998560803465e-05
G3_mba_molar_grade,MBA Positive Molar Grade,846,1246.0,4.094810094033529e-05
G3_mba_molar_grade,MBA Positive Molar Grade,205,605.0,4.088264182316449e-05
G3_mba_molar_grade,MBA Positive Molar Grade,66,466.0,4.058649741496597e-05
G3_mba_molar_grade,MBA Positive Molar Grade,701,1101.0,3.951042356036965e-05
G3_mba_molar_grade,MBA Positive Molar Grade,853,1253.0,3.873617651429707e-05
G3_mba_molar_grade,MBA Positive Molar Grade,1371,1771.0,3.860252108689287e-05
G3_mba_molar_grade,MBA Positive Molar Grade,70,470.0,3.477462040275135e-05
G3_mba_molar_grade,MBA Positive Molar Grade,887,1287.0,3.475740804675086e-05
G3_mba_molar_grade,MBA Positive Molar Grade,90,490.0,3.206964727732146e-05
G3_mba_molar_grade,MBA Positive Molar Grade,641,1041.0,3.084972717800453e-05
G3_mba_molar_grade,MBA Positive Molar Grade,719,1119.0,3.072026770967147e-05
G3_mba_molar_grade,MBA Positive Molar Grade,200,600.0,3.0466561651018187e-05
G3_mba_molar_grade,MBA Positive Molar Grade,906,1306.0,2.995872913763022e-05
G3_mba_molar_grade,MBA Positive Molar Grade,67,467.0,2.9712524923537606e-05
G3_mba_molar_grade,MBA Positive Molar Grade,225,625.0,2.7130885408411654e-05
G3_mba_molar_grade,MBA Positive Molar Grade,1399,1799.0,2.4458861233769513e-05
G3_mba_molar_grade,MBA Positive Molar Grade,201,601.0,2.161128055039807e-05
G3_mba_molar_grade,MBA Positive Molar Grade,192,592.0,1.64214664907454e-05
P1_thiram_presence,Thiram Presence,520,920.0,0.004700297730032687
P1_thiram_presence,Thiram Presence,372,772.0,0.0046726903195006934
P1_thiram_presence,Thiram Presence,365,765.0,0.004055991784990909
P1_thiram_presence,Thiram Presence,1148,1548.0,0.0036074389478967274
P1_thiram_presence,Thiram Presence,363,763.0,0.003297037132302282
P1_thiram_presence,Thiram Presence,519,919.0,0.0032049970749710123
P1_thiram_presence,Thiram Presence,364,764.0,0.0031210956790439642
P1_thiram_presence,Thiram Presence,371,771.0,0.0030102295331909676
P1_thiram_presence,Thiram Presence,523,923.0,0.0029275932008685107
P1_thiram_presence,Thiram Presence,373,773.0,0.0028950390776203597
P1_thiram_presence,Thiram Presence,1187,1587.0,0.002858115275931746
P1_thiram_presence,Thiram Presence,521,921.0,0.002830117544787251
P1_thiram_presence,Thiram Presence,975,1375.0,0.0028005393677081104
P1_thiram_presence,Thiram Presence,526,926.0,0.0027871139884045174
P1_thiram_presence,Thiram Presence,518,918.0,0.0027207565059157494
P1_thiram_presence,Thiram Presence,1110,1510.0,0.002678924769479402
P1_thiram_presence,Thiram Presence,1188,1588.0,0.0025947344069229337
P1_thiram_presence,Thiram Presence,525,925.0,0.0025180489512416577
P1_thiram_presence,Thiram Presence,289,689.0,0.0024859525774491038
P1_thiram_presence,Thiram Presence,524,924.0,0.002317689707472176
P1_thiram_presence,Thiram Presence,374,774.0,0.0023112257138869414
P1_thiram_presence,Thiram Presence,977,1377.0,0.0023001380603346346
P1_thiram_presence,Thiram Presence,1103,1503.0,0.00224870879981024
P1_thiram_presence,Thiram Presence,157,557.0,0.002245750097765446
P1_thiram_presence,Thiram Presence,974,1374.0,0.0022353003761277908
P1_thiram_presence,Thiram Presence,1108,1508.0,0.0021951394806909697
P1_thiram_presence,Thiram Presence,370,770.0,0.002193912169098232
P1_thiram_presence,Thiram Presence,1099,1499.0,0.002125928824746958
P1_thiram_presence,Thiram Presence,1109,1509.0,0.0021147563242160557
P1_thiram_presence,Thiram Presence,1107,1507.0,0.0020895779904198334
P1_thiram_presence,Thiram Presence,159,559.0,0.0020814851620902805
P1_thiram_presence,Thiram Presence,1115,1515.0,0.001996710919336813
P1_thiram_presence,Thiram Presence,1113,1513.0,0.0019420828457364918
P1_thiram_presence,Thiram Presence,1150,1550.0,0.0019383691009029406
P1_thiram_presence,Thiram Presence,1100,1500.0,0.001926957439993986
P1_thiram_presence,Thiram Presence,928,1328.0,0.0019213203225131323
P1_thiram_presence,Thiram Presence,931,1331.0,0.0019148496375759937
P1_thiram_presence,Thiram Presence,731,1131.0,0.0018955358207203349
P1_thiram_presence,Thiram Presence,354,754.0,0.001892219550742746
P1_thiram_presence,Thiram Presence,145,545.0,0.0018899603483991327
P1_thiram_presence,Thiram Presence,1007,1407.0,0.0018694811482438648
P1_thiram_presence,Thiram Presence,743,1143.0,0.0018692343179533616
P1_thiram_presence,Thiram Presence,1111,1511.0,0.0018647339317510796
P1_thiram_presence,Thiram Presence,375,775.0,0.001855798982238928
P1_thiram_presence,Thiram Presence,1116,1516.0,0.0018333746401892766
P1_thiram_presence,Thiram Presence,522,922.0,0.0018306718466218038
P1_thiram_presence,Thiram Presence,287,687.0,0.0018283182256988119
P1_thiram_presence,Thiram Presence,1026,1426.0,0.0018082292553855315
P1_thiram_presence,Thiram Presence,1147,1547.0,0.0018063154787143765
P1_thiram_presence,Thiram Presence,1112,1512.0,0.0017958886651314857
P1_thiram_presence,Thiram Presence,379,779.0,0.0017929532643940567
P1_thiram_presence,Thiram Presence,367,767.0,0.0017813180222943457
P1_thiram_presence,Thiram Presence,288,688.0,0.0017695163910421703
P1_thiram_presence,Thiram Presence,1117,1517.0,0.001758444149931592
P1_thiram_presence,Thiram Presence,891,1291.0,0.0017245203143726826
P1_thiram_presence,Thiram Presence,980,1380.0,0.0017210162413319856
P1_thiram_presence,Thiram Presence,1186,1586.0,0.0017054243289571275
P1_thiram_presence,Thiram Presence,517,917.0,0.0017038097240975835
P1_thiram_presence,Thiram Presence,369,769.0,0.001681820511843485
P1_thiram_presence,Thiram Presence,153,553.0,0.0016645754688465418
P1_thiram_presence,Thiram Presence,146,546.0,0.0016537350450247191
P1_thiram_presence,Thiram Presence,933,1333.0,0.0016086044777778052
P1_thiram_presence,Thiram Presence,934,1334.0,0.0016071362672210176
P1_thiram_presence,Thiram Presence,139,539.0,0.0016036817616945402
P1_thiram_presence,Thiram Presence,1120,1520.0,0.0015927465834506985
P1_thiram_presence,Thiram Presence,662,1062.0,0.0015833221139485189
P1_thiram_presence,Thiram Presence,1106,1506.0,0.0015808421824231166
P1_thiram_presence,Thiram Presence,516,916.0,0.0015758443899289273
P1_thiram_presence,Thiram Presence,725,1125.0,0.001567724522096416
P1_thiram_presence,Thiram Presence,976,1376.0,0.001559993818770944
P1_thiram_presence,Thiram Presence,727,1127.0,0.0015430832280741368
P1_thiram_presence,Thiram Presence,1149,1549.0,0.0015419570276845528
P1_thiram_presence,Thiram Presence,738,1138.0,0.0015318096990358787
P1_thiram_presence,Thiram Presence,156,556.0,0.0015039427692410629
P1_thiram_presence,Thiram Presence,160,560.0,0.0014982818920558218
P1_thiram_presence,Thiram Presence,1101,1501.0,0.0014968013530964003
P1_thiram_presence,Thiram Presence,366,766.0,0.0014914975573076773
P1_thiram_presence,Thiram Presence,730,1130.0,0.0014851227576254625
P1_thiram_presence,Thiram Presence,562,962.0,0.0014846914197812764
P1_thiram_presence,Thiram Presence,141,541.0,0.0014804310237313345
P1_thiram_presence,Thiram Presence,384,784.0,0.0014746941798869555
P1_thiram_presence,Thiram Presence,1012,1412.0,0.0014746133471663118
P1_thiram_presence,Thiram Presence,972,1372.0,0.001462244964934095
P1_thiram_presence,Thiram Presence,602,1002.0,0.0014511451299702176
P1_thiram_presence,Thiram Presence,183,583.0,0.0014293038045737644
P1_thiram_presence,Thiram Presence,578,978.0,0.0014288660663868346
P1_thiram_presence,Thiram Presence,147,547.0,0.0014189882197702523
P1_thiram_presence,Thiram Presence,729,1129.0,0.001417218202766175
P1_thiram_presence,Thiram Presence,528,928.0,0.0014107801337311888
P1_thiram_presence,Thiram Presence,785,1185.0,0.0014075465860207566
P1_thiram_presence,Thiram Presence,527,927.0,0.001396991054656298
P1_thiram_presence,Thiram Presence,151,551.0,0.0013927296142581722
P1_thiram_presence,Thiram Presence,377,777.0,0.0013899162163342747
P1_thiram_presence,Thiram Presence,380,780.0,0.0013827776301476252
P1_thiram_presence,Thiram Presence,1097,1497.0,0.0013783417549972576
P1_thiram_presence,Thiram Presence,930,1330.0,0.0013586672812382664
P1_thiram_presence,Thiram Presence,1185,1585.0,0.001342810652825969
P1_thiram_presence,Thiram Presence,362,762.0,0.0013418542255824134
P1_thiram_presence,Thiram Presence,1028,1428.0,0.001327098127841788
P1_thiram_presence,Thiram Presence,1027,1427.0,0.0013203721857880987
P1_thiram_presence,Thiram Presence,927,1327.0,0.0013125553819941173
P1_thiram_presence,Thiram Presence,726,1126.0,0.0013120670774731825
P1_thiram_presence,Thiram Presence,386,786.0,0.0013078143524979887
P1_thiram_presence,Thiram Presence,368,768.0,0.001302512932057344
P1_thiram_presence,Thiram Presence,1104,1504.0,0.0012955116389013345
P1_thiram_presence,Thiram Presence,742,1142.0,0.001293643333781118
P1_thiram_presence,Thiram Presence,267,667.0,0.0012822583463384099
P1_thiram_presence,Thiram Presence,1013,1413.0,0.0012768172340710468
P1_thiram_presence,Thiram Presence,982,1382.0,0.0012735857626757913
P1_thiram_presence,Thiram Presence,140,540.0,0.0012652282139420758
P1_thiram_presence,Thiram Presence,979,1379.0,0.0012579528417207013
P1_thiram_presence,Thiram Presence,1189,1589.0,0.0012520378771521212
P1_thiram_presence,Thiram Presence,142,542.0,0.001246741245457803
P1_thiram_presence,Thiram Presence,1183,1583.0,0.0012342835328720092
P1_thiram_presence,Thiram Presence,1098,1498.0,0.0012324606695934368
P1_thiram_presence,Thiram Presence,1190,1590.0,0.0012298460047477507
P1_thiram_presence,Thiram Presence,783,1183.0,0.001222654522788492
P1_thiram_presence,Thiram Presence,530,930.0,0.0012164645027890417
P1_thiram_presence,Thiram Presence,404,804.0,0.0012155778107488912
P1_thiram_presence,Thiram Presence,983,1383.0,0.0012131562638800092
P1_thiram_presence,Thiram Presence,1010,1410.0,0.0012121554134324002
P1_thiram_presence,Thiram Presence,1029,1429.0,0.0012116826590288952
P1_thiram_presence,Thiram Presence,603,1003.0,0.0012100695809116593
P1_thiram_presence,Thiram Presence,973,1373.0,0.0012046582111971094
P1_thiram_presence,Thiram Presence,1032,1432.0,0.0011992002650970711
P1_thiram_presence,Thiram Presence,290,690.0,0.0011951017151977258
P1_thiram_presence,Thiram Presence,265,665.0,0.0011868279206623427
P1_thiram_presence,Thiram Presence,529,929.0,0.0011798043479195569
P1_thiram_presence,Thiram Presence,589,989.0,0.001177660930120474
P1_thiram_presence,Thiram Presence,1151,1551.0,0.0011747311184649232
P1_thiram_presence,Thiram Presence,388,788.0,0.001167580456497424
P1_thiram_presence,Thiram Presence,144,544.0,0.0011608931896730497
P1_thiram_presence,Thiram Presence,1220,1620.0,0.0011435554095297626
P1_thiram_presence,Thiram Presence,1114,1514.0,0.001142123763938637
P1_thiram_presence,Thiram Presence,971,1371.0,0.0011358775589378359
P1_thiram_presence,Thiram Presence,978,1378.0,0.0011356549827569935
P1_thiram_presence,Thiram Presence,630,1030.0,0.0011349319903997033
P1_thiram_presence,Thiram Presence,1173,1573.0,0.0011296542641544627
P1_thiram_presence,Thiram Presence,390,790.0,0.001129468474305557
P1_thiram_presence,Thiram Presence,1102,1502.0,0.001128872928687199
P1_thiram_presence,Thiram Presence,163,563.0,0.0011227072630583508
P1_thiram_presence,Thiram Presence,740,1140.0,0.001099886745917292
P1_thiram_presence,Thiram Presence,1207,1607.0,0.001096086650095071
P1_thiram_presence,Thiram Presence,1121,1521.0,0.0010875437644269192
P1_thiram_presence,Thiram Presence,744,1144.0,0.001079466729872709
P1_thiram_presence,Thiram Presence,1011,1411.0,0.0010752666130054353
P1_thiram_presence,Thiram Presence,1176,1576.0,0.0010682729254108017
P1_thiram_presence,Thiram Presence,601,1001.0,0.0010682384015575767
P1_thiram_presence,Thiram Presence,1017,1417.0,0.0010654338616139915
P1_thiram_presence,Thiram Presence,600,1000.0,0.0010619648835706091
P1_thiram_presence,Thiram Presence,1025,1425.0,0.00105597209974679
P1_thiram_presence,Thiram Presence,1018,1418.0,0.0010557858067536756
P1_thiram_presence,Thiram Presence,586,986.0,0.0010535645729408537
P1_thiram_presence,Thiram Presence,155,555.0,0.0010509693389269602
P1_thiram_presence,Thiram Presence,385,785.0,0.001049236306327091
P1_thiram_presence,Thiram Presence,1105,1505.0,0.0010486052638299039
P1_thiram_presence,Thiram Presence,1155,1555.0,0.0010411337021432835
P1_thiram_presence,Thiram Presence,661,1061.0,0.0010402631710882963
P1_thiram_presence,Thiram Presence,560,960.0,0.001038752425537596
P1_thiram_presence,Thiram Presence,782,1182.0,0.0010386601863832143
P1_thiram_presence,Thiram Presence,1171,1571.0,0.0010358080470798724
P1_thiram_presence,Thiram Presence,1019,1419.0,0.0010338344890729228
P1_thiram_presence,Thiram Presence,728,1128.0,0.0010338169446497268
P1_thiram_presence,Thiram Presence,158,558.0,0.0010329260292878614
P1_thiram_presence,Thiram Presence,579,979.0,0.0010321754267132721
P1_thiram_presence,Thiram Presence,1009,1409.0,0.001027747301155837
P1_thiram_presence,Thiram Presence,679,1079.0,0.0010261015905417082
P1_thiram_presence,Thiram Presence,576,976.0,0.0010111578738567781
P1_thiram_presence,Thiram Presence,564,964.0,0.0010083487151705311
P1_thiram_presence,Thiram Presence,1184,1584.0,0.0010038238186102616
P1_thiram_presence,Thiram Presence,929,1329.0,0.0009882196740562752
P1_thiram_presence,Thiram Presence,577,977.0,0.0009833957733050532
P1_thiram_presence,Thiram Presence,724,1124.0,0.000982130059264489
P1_thiram_presence,Thiram Presence,1169,1569.0,0.0009681265966308272
P1_thiram_presence,Thiram Presence,1177,1577.0,0.0009638197186689054
P1_thiram_presence,Thiram Presence,575,975.0,0.000963283707570295
P1_thiram_presence,Thiram Presence,130,530.0,0.0009620041932459877
P1_thiram_presence,Thiram Presence,1,401.0,0.0009619676688649064
P1_thiram_presence,Thiram Presence,1365,1765.0,0.000957993879892202
P1_thiram_presence,Thiram Presence,1030,1430.0,0.0009544256640779417
P1_thiram_presence,Thiram Presence,1146,1546.0,0.0009537546940167668
P1_thiram_presence,Thiram Presence,383,783.0,0.0009531983047313801
P1_thiram_presence,Thiram Presence,150,550.0,0.0009482989806425257
P1_thiram_presence,Thiram Presence,632,1032.0,0.0009462507596954933
P1_thiram_presence,Thiram Presence,387,787.0,0.0009462244139614067
P1_thiram_presence,Thiram Presence,917,1317.0,0.0009460673419758259
P1_thiram_presence,Thiram Presence,376,776.0,0.0009438751549134063
P1_thiram_presence,Thiram Presence,655,1055.0,0.0009411990010853541
P1_thiram_presence,Thiram Presence,1217,1617.0,0.0009308359459783774
P1_thiram_presence,Thiram Presence,574,974.0,0.0009307746668845964
P1_thiram_presence,Thiram Presence,956,1356.0,0.0009301541928211699
P1_thiram_presence,Thiram Presence,1205,1605.0,0.0009243203106389213
P1_thiram_presence,Thiram Presence,628,1028.0,0.0009231809699154835
P1_thiram_presence,Thiram Presence,1195,1595.0,0.0009183366195121624
P1_thiram_presence,Thiram Presence,734,1134.0,0.0009162742786430855
P1_thiram_presence,Thiram Presence,1191,1591.0,0.0009156317062728241
P1_thiram_presence,Thiram Presence,1014,1414.0,0.0009143732548739705
P1_thiram_presence,Thiram Presence,794,1194.0,0.0009103754582554995
P1_thiram_presence,Thiram Presence,138,538.0,0.0009039850708036899
P1_thiram_presence,Thiram Presence,329,729.0,0.0009010988300041778
P1_thiram_presence,Thiram Presence,717,1117.0,0.0009007524589123814
P1_thiram_presence,Thiram Presence,1095,1495.0,0.000895759375662058
P1_thiram_presence,Thiram Presence,981,1381.0,0.0008949781119623802
P1_thiram_presence,Thiram Presence,932,1332.0,0.000893635095334629
P1_thiram_presence,Thiram Presence,186,586.0,0.0008934574358855796
P1_thiram_presence,Thiram Presence,1219,1619.0,0.0008921594381686515
P1_thiram_presence,Thiram Presence,381,781.0,0.000888642717125751
P1_thiram_presence,Thiram Presence,926,1326.0,0.000883112996058025
P1_thiram_presence,Thiram Presence,1024,1424.0,0.000877315780630204
P1_thiram_presence,Thiram Presence,1153,1553.0,0.0008706665497197459
P1_thiram_presence,Thiram Presence,741,1141.0,0.000865672443119627
P1_thiram_presence,Thiram Presence,389,789.0,0.0008639423758428166
P1_thiram_presence,Thiram Presence,626,1026.0,0.0008622788455129038
P1_thiram_presence,Thiram Presence,735,1135.0,0.0008616556540269612
P1_thiram_presence,Thiram Presence,1000,1400.0,0.0008606698045553089
P1_thiram_presence,Thiram Presence,1008,1408.0,0.0008591280842043754
P1_thiram_presence,Thiram Presence,571,971.0,0.0008590374511498838
P1_thiram_presence,Thiram Presence,418,818.0,0.0008561094551671105
P1_thiram_presence,Thiram Presence,286,686.0,0.0008551358617268985
P1_thiram_presence,Thiram Presence,1137,1537.0,0.00085390049342804
P1_thiram_presence,Thiram Presence,266,666.0,0.0008427372708875757
P1_thiram_presence,Thiram Presence,4,404.0,0.0008424903463245447
P1_thiram_presence,Thiram Presence,403,803.0,0.0008355645267559615
P1_thiram_presence,Thiram Presence,957,1357.0,0.0008353874192888605
P1_thiram_presence,Thiram Presence,582,982.0,0.0008339405687805135
P1_thiram_presence,Thiram Presence,1214,1614.0,0.0008338899832872377
P1_thiram_presence,Thiram Presence,1323,1723.0,0.0008264502564088834
P1_thiram_presence,Thiram Presence,1198,1598.0,0.0008258868823749958
P1_thiram_presence,Thiram Presence,185,585.0,0.0008223459252598502
P1_thiram_presence,Thiram Presence,361,761.0,0.0008108757517671113
P1_thiram_presence,Thiram Presence,1119,1519.0,0.0008087381860741994
P1_thiram_presence,Thiram Presence,154,554.0,0.0008074262745344382
P1_thiram_presence,Thiram Presence,629,1029.0,0.0008065848924737411
P1_thiram_presence,Thiram Presence,1358,1758.0,0.0008042252965821728
P1_thiram_presence,Thiram Presence,970,1370.0,0.0008037832563081498
P1_thiram_presence,Thiram Presence,423,823.0,0.0008002624095122087
P1_thiram_presence,Thiram Presence,264,664.0,0.0007998692503209566
P1_thiram_presence,Thiram Presence,737,1137.0,0.0007991325332025534
P1_thiram_presence,Thiram Presence,1222,1622.0,0.0007983548270233981
P1_thiram_presence,Thiram Presence,1118,1518.0,0.0007960638975948915
P1_thiram_presence,Thiram Presence,1196,1596.0,0.0007949027993411469
P1_thiram_presence,Thiram Presence,640,1040.0,0.0007938171496025256
P1_thiram_presence,Thiram Presence,634,1034.0,0.0007884142889466654
P1_thiram_presence,Thiram Presence,1256,1656.0,0.0007873844215256094
P1_thiram_presence,Thiram Presence,184,584.0,0.0007871783092414212
P1_thiram_presence,Thiram Presence,2,402.0,0.0007843144100596211
P1_thiram_presence,Thiram Presence,106,506.0,0.0007764012012089894
P1_thiram_presence,Thiram Presence,1182,1582.0,0.0007758160319942238
P1_thiram_presence,Thiram Presence,1215,1615.0,0.0007714746884000956
P1_thiram_presence,Thiram Presence,1202,1602.0,0.0007707445244274858
P1_thiram_presence,Thiram Presence,1170,1570.0,0.0007658637306621316
P1_thiram_presence,Thiram Presence,746,1146.0,0.0007610311552713672
P1_thiram_presence,Thiram Presence,1034,1434.0,0.0007605733542557355
P1_thiram_presence,Thiram Presence,393,793.0,0.0007600945268226494
P1_thiram_presence,Thiram Presence,563,963.0,0.0007597030550448117
P1_thiram_presence,Thiram Presence,663,1063.0,0.0007539300363952251
P1_thiram_presence,Thiram Presence,421,821.0,0.000753139248147775
P1_thiram_presence,Thiram Presence,1325,1725.0,0.0007511254275516733
P1_thiram_presence,Thiram Presence,358,758.0,0.0007510790919235059
P1_thiram_presence,Thiram Presence,412,812.0,0.000749521521709059
P1_thiram_presence,Thiram Presence,0,400.0,0.0007483763583051557
P1_thiram_presence,Thiram Presence,561,961.0,0.0007459584907643861
P1_thiram_presence,Thiram Presence,637,1037.0,0.000740607767755117
P1_thiram_presence,Thiram Presence,598,998.0,0.0007381671739921894
P1_thiram_presence,Thiram Presence,1322,1722.0,0.0007331742455153018
P1_thiram_presence,Thiram Presence,1152,1552.0,0.0007205019617933195
P1_thiram_presence,Thiram Presence,678,1078.0,0.0007164188190588716
P1_thiram_presence,Thiram Presence,397,797.0,0.0007148148468624108
P1_thiram_presence,Thiram Presence,211,611.0,0.000711703300648915
P1_thiram_presence,Thiram Presence,1022,1422.0,0.0007082974053363596
P1_thiram_presence,Thiram Presence,916,1316.0,0.0007061685937775646
P1_thiram_presence,Thiram Presence,420,820.0,0.0007049087413897465
P1_thiram_presence,Thiram Presence,1364,1764.0,0.00070243159080791
P1_thiram_presence,Thiram Presence,500,900.0,0.0006991534706308988
P1_thiram_presence,Thiram Presence,498,898.0,0.0006970246665341767
P1_thiram_presence,Thiram Presence,1302,1702.0,0.0006965266581851636
P1_thiram_presence,Thiram Presence,587,987.0,0.0006936051109467345
P1_thiram_presence,Thiram Presence,948,1348.0,0.0006898268867141428
P1_thiram_presence,Thiram Presence,654,1054.0,0.0006895506131876127
P1_thiram_presence,Thiram Presence,969,1369.0,0.000688338686995835
P1_thiram_presence,Thiram Presence,584,984.0,0.0006876035605569303
P1_thiram_presence,Thiram Presence,565,965.0,0.000687525610975096
P1_thiram_presence,Thiram Presence,1006,1406.0,0.0006873379537866535
P1_thiram_presence,Thiram Presence,295,695.0,0.000686376695322542
P1_thiram_presence,Thiram Presence,793,1193.0,0.0006841617445980813
P1_thiram_presence,Thiram Presence,531,931.0,0.0006834633995368797
P1_thiram_presence,Thiram Presence,1201,1601.0,0.0006831335780006976
P1_thiram_presence,Thiram Presence,792,1192.0,0.0006812178536774809
P1_thiram_presence,Thiram Presence,693,1093.0,0.0006807747415870778
P1_thiram_presence,Thiram Presence,1218,1618.0,0.0006800172435806794
P1_thiram_presence,Thiram Presence,309,709.0,0.0006779698845326507
P1_thiram_presence,Thiram Presence,422,822.0,0.0006771374037584724
P1_thiram_presence,Thiram Presence,401,801.0,0.0006755345560363565
P1_thiram_presence,Thiram Presence,1096,1496.0,0.0006731063398346737
P1_thiram_presence,Thiram Presence,533,933.0,0.0006672650419884215
P1_thiram_presence,Thiram Presence,1181,1581.0,0.0006657508771363056
P1_thiram_presence,Thiram Presence,1172,1572.0,0.0006600461457349144
P1_thiram_presence,Thiram Presence,1204,1604.0,0.000659066912015555
P1_thiram_presence,Thiram Presence,1016,1416.0,0.0006586560938990436
P1_thiram_presence,Thiram Presence,510,910.0,0.000656029820110361
P1_thiram_presence,Thiram Presence,953,1353.0,0.0006559545462237917
P1_thiram_presence,Thiram Presence,997,1397.0,0.0006547801919407382
P1_thiram_presence,Thiram Presence,105,505.0,0.0006534591942649329
P1_thiram_presence,Thiram Presence,331,731.0,0.0006526499050847479
P1_thiram_presence,Thiram Presence,382,782.0,0.0006499602565709318
P1_thiram_presence,Thiram Presence,573,973.0,0.000648922619140113
P1_thiram_presence,Thiram Presence,780,1180.0,0.0006472871601741851
P1_thiram_presence,Thiram Presence,391,791.0,0.0006470821857403486
P1_thiram_presence,Thiram Presence,1223,1623.0,0.0006466242508983024
P1_thiram_presence,Thiram Presence,514,914.0,0.0006463410246521252
P1_thiram_presence,Thiram Presence,680,1080.0,0.0006460775292979647
P1_thiram_presence,Thiram Presence,1005,1405.0,0.0006459106189559632
P1_thiram_presence,Thiram Presence,1001,1401.0,0.0006455720250306024
P1_thiram_presence,Thiram Presence,597,997.0,0.0006442869079435145
P1_thiram_presence,Thiram Presence,967,1367.0,0.0006442347118724511
P1_thiram_presence,Thiram Presence,918,1318.0,0.0006434724196668147
P1_thiram_presence,Thiram Presence,1033,1433.0,0.0006414421392380605
P1_thiram_presence,Thiram Presence,1023,1423.0,0.0006388720403015676
P1_thiram_presence,Thiram Presence,1224,1624.0,0.0006347756860937639
P1_thiram_presence,Thiram Presence,392,792.0,0.0006339122374327464
P1_thiram_presence,Thiram Presence,1002,1402.0,0.0006320968764627763
P1_thiram_presence,Thiram Presence,1312,1712.0,0.0006308598635295643
P1_thiram_presence,Thiram Presence,355,755.0,0.0006258554615989141
P1_thiram_presence,Thiram Presence,1356,1756.0,0.0006257267016087426
P1_thiram_presence,Thiram Presence,277,677.0,0.0006256750757770587
P1_thiram_presence,Thiram Presence,665,1065.0,0.0006240178169274745
P1_thiram_presence,Thiram Presence,995,1395.0,0.0006225206640408266
P1_thiram_presence,Thiram Presence,189,589.0,0.0006215632843259761
P1_thiram_presence,Thiram Presence,769,1169.0,0.0006201963085279975
P1_thiram_presence,Thiram Presence,1331,1731.0,0.0006194735177390192
P1_thiram_presence,Thiram Presence,583,983.0,0.0006181126309553014
P1_thiram_presence,Thiram Presence,631,1031.0,0.0006165811345595692
P1_thiram_presence,Thiram Presence,1136,1536.0,0.0006163893918910462
P1_thiram_presence,Thiram Presence,1270,1670.0,0.0006145350318406718
P1_thiram_presence,Thiram Presence,1122,1522.0,0.0006117447238387408
P1_thiram_presence,Thiram Presence,48,448.0,0.0006113228695030822
P1_thiram_presence,Thiram Presence,152,552.0,0.0006093343475853237
P1_thiram_presence,Thiram Presence,558,958.0,0.000608854940379304
P1_thiram_presence,Thiram Presence,378,778.0,0.0006079818507957656
P1_thiram_presence,Thiram Presence,1357,1757.0,0.0006059101962274187
P1_thiram_presence,Thiram Presence,268,668.0,0.0006045744058186281
P1_thiram_presence,Thiram Presence,572,972.0,0.0006028607358472395
P1_thiram_presence,Thiram Presence,892,1292.0,0.0006024244823628115
P1_thiram_presence,Thiram Presence,588,988.0,0.0006023102185748451
P1_thiram_presence,Thiram Presence,1296,1696.0,0.0006017774875092354
P1_thiram_presence,Thiram Presence,513,913.0,0.0006005958823743761
P1_thiram_presence,Thiram Presence,704,1104.0,0.0006000854854176985
P1_thiram_presence,Thiram Presence,590,990.0,0.00059559014224827
P1_thiram_presence,Thiram Presence,721,1121.0,0.0005935288135681387
P1_thiram_presence,Thiram Presence,332,732.0,0.0005927887136716165
P1_thiram_presence,Thiram Presence,443,843.0,0.0005872005482769725
P1_thiram_presence,Thiram Presence,1031,1431.0,0.000587147983744654
P1_thiram_presence,Thiram Presence,501,901.0,0.0005856763143140577
P1_thiram_presence,Thiram Presence,760,1160.0,0.0005805164585357725
P1_thiram_presence,Thiram Presence,112,512.0,0.0005789113035530862
P1_thiram_presence,Thiram Presence,77,477.0,0.0005783428120689912
P1_thiram_presence,Thiram Presence,409,809.0,0.0005775270742030514
P1_thiram_presence,Thiram Presence,1313,1713.0,0.0005775257092549525
P1_thiram_presence,Thiram Presence,301,701.0,0.0005774286383893587
P1_thiram_presence,Thiram Presence,653,1053.0,0.0005768521033218444
P1_thiram_presence,Thiram Presence,779,1179.0,0.0005765924473505135
P1_thiram_presence,Thiram Presence,133,533.0,0.0005748492193772941
P1_thiram_presence,Thiram Presence,955,1355.0,0.0005717155899870001
P1_thiram_presence,Thiram Presence,889,1289.0,0.0005696309962114919
P1_thiram_presence,Thiram Presence,747,1147.0,0.0005690496666505172
P1_thiram_presence,Thiram Presence,594,994.0,0.0005688393048715589
P1_thiram_presence,Thiram Presence,30,430.0,0.0005670899332627597
P1_thiram_presence,Thiram Presence,984,1384.0,0.0005670196643136375
P1_thiram_presence,Thiram Presence,723,1123.0,0.0005647084434292597
P1_thiram_presence,Thiram Presence,591,991.0,0.0005640654640743664
P1_thiram_presence,Thiram Presence,692,1092.0,0.0005625981156185922
P1_thiram_presence,Thiram Presence,1036,1436.0,0.0005617820315064619
P1_thiram_presence,Thiram Presence,339,739.0,0.0005606367362764363
P1_thiram_presence,Thiram Presence,1254,1654.0,0.0005589576434442149
P1_thiram_presence,Thiram Presence,307,707.0,0.0005587096978039892
P1_thiram_presence,Thiram Presence,808,1208.0,0.0005553908001095519
P1_thiram_presence,Thiram Presence,1339,1739.0,0.0005548234095417952
P1_thiram_presence,Thiram Presence,497,897.0,0.0005537605976745843
P1_thiram_presence,Thiram Presence,638,1038.0,0.0005536668021423808
P1_thiram_presence,Thiram Presence,134,534.0,0.000552631192174951
P1_thiram_presence,Thiram Presence,1200,1600.0,0.0005520072666425744
P1_thiram_presence,Thiram Presence,1294,1694.0,0.0005514779890823284
P1_thiram_presence,Thiram Presence,135,535.0,0.000549463074275095
P1_thiram_presence,Thiram Presence,1300,1700.0,0.0005487481741769678
P1_thiram_presence,Thiram Presence,1384,1784.0,0.000548519506376008
P1_thiram_presence,Thiram Presence,781,1181.0,0.0005473673870881821
P1_thiram_presence,Thiram Presence,182,582.0,0.0005454142794781647
P1_thiram_presence,Thiram Presence,569,969.0,0.000545391741760436
P1_thiram_presence,Thiram Presence,416,816.0,0.000544777223246957
P1_thiram_presence,Thiram Presence,581,981.0,0.0005446385901800756
P1_thiram_presence,Thiram Presence,398,798.0,0.0005427452714154466
P1_thiram_presence,Thiram Presence,796,1196.0,0.0005402435028090722
P1_thiram_presence,Thiram Presence,426,826.0,0.0005368281122157285
P1_thiram_presence,Thiram Presence,359,759.0,0.0005367521321565004
P1_thiram_presence,Thiram Presence,149,549.0,0.0005367251971747523
P1_thiram_presence,Thiram Presence,143,543.0,0.0005356253376856847
P1_thiram_presence,Thiram Presence,745,1145.0,0.0005355024832065772
P1_thiram_presence,Thiram Presence,1089,1489.0,0.0005351322778261282
P1_thiram_presence,Thiram Presence,402,802.0,0.0005344140154024506
P1_thiram_presence,Thiram Presence,1174,1574.0,0.0005342773376426108
P1_thiram_presence,Thiram Presence,263,663.0,0.0005325193116213961
P1_thiram_presence,Thiram Presence,1090,1490.0,0.0005317744411032796
P1_thiram_presence,Thiram Presence,212,612.0,0.0005293125719362707
P1_thiram_presence,Thiram Presence,323,723.0,0.0005278813687111009
P1_thiram_presence,Thiram Presence,399,799.0,0.0005263554058651755
P1_thiram_presence,Thiram Presence,875,1275.0,0.0005242057716483312
P1_thiram_presence,Thiram Presence,912,1312.0,0.0005233287497973758
P1_thiram_presence,Thiram Presence,949,1349.0,0.0005216722123263449
P1_thiram_presence,Thiram Presence,1271,1671.0,0.0005211810738862631
P1_thiram_presence,Thiram Presence,1047,1447.0,0.0005159789781636051
P1_thiram_presence,Thiram Presence,162,562.0,0.0005158192887602989
P1_thiram_presence,Thiram Presence,161,561.0,0.0005156632240862127
P1_thiram_presence,Thiram Presence,636,1036.0,0.0005134977502175398
P1_thiram_presence,Thiram Presence,410,810.0,0.0005128423167457728
P1_thiram_presence,Thiram Presence,998,1398.0,0.0005115755987787479
P1_thiram_presence,Thiram Presence,148,548.0,0.0005104178904014351
P1_thiram_presence,Thiram Presence,914,1314.0,0.0005101082873949152
P1_thiram_presence,Thiram Presence,79,479.0,0.0005095495668650401
P1_thiram_presence,Thiram Presence,433,833.0,0.0005078569807003742
P1_thiram_presence,Thiram Presence,1178,1578.0,0.0005062071800568946
P1_thiram_presence,Thiram Presence,107,507.0,0.0005057244262691631
P1_thiram_presence,Thiram Presence,1284,1684.0,0.0005050600429700786
P1_thiram_presence,Thiram Presence,314,714.0,0.000503331929790219
P1_thiram_presence,Thiram Presence,1194,1594.0,0.0005027115235907159
P1_thiram_presence,Thiram Presence,954,1354.0,0.000502137670003299
P1_thiram_presence,Thiram Presence,1272,1672.0,0.0005010967517306075
P1_thiram_presence,Thiram Presence,436,836.0,0.0005009012525381947
P1_thiram_presence,Thiram Presence,761,1161.0,0.0004994940999326122
P1_thiram_presence,Thiram Presence,968,1368.0,0.0004990438603089088
P1_thiram_presence,Thiram Presence,786,1186.0,0.0004968658442233739
P1_thiram_presence,Thiram Presence,131,531.0,0.000496727700903498
P1_thiram_presence,Thiram Presence,682,1082.0,0.000496378056892273
P1_thiram_presence,Thiram Presence,242,642.0,0.0004948239017855315
P1_thiram_presence,Thiram Presence,664,1064.0,0.0004942504742810342
P1_thiram_presence,Thiram Presence,1168,1568.0,0.0004924422235038813
P1_thiram_presence,Thiram Presence,1154,1554.0,0.000492430813487997
P1_thiram_presence,Thiram Presence,31,431.0,0.0004907900298189922
P1_thiram_presence,Thiram Presence,1281,1681.0,0.0004898551789668965
P1_thiram_presence,Thiram Presence,722,1122.0,0.000488057782677964
P1_thiram_presence,Thiram Presence,649,1049.0,0.00048641560241967846
P1_thiram_presence,Thiram Presence,1038,1438.0,0.00048492030221922915
P1_thiram_presence,Thiram Presence,1156,1556.0,0.0004840713862010812
P1_thiram_presence,Thiram Presence,701,1101.0,0.00048236544472575964
P1_thiram_presence,Thiram Presence,681,1081.0,0.00048197057658825454
P1_thiram_presence,Thiram Presence,129,529.0,0.0004816283769155773
P1_thiram_presence,Thiram Presence,1255,1655.0,0.0004815750897762347
P1_thiram_presence,Thiram Presence,1128,1528.0,0.00048133592990332047
P1_thiram_presence,Thiram Presence,515,915.0,0.00048105051990220485
P1_thiram_presence,Thiram Presence,791,1191.0,0.0004806907625853348
P1_thiram_presence,Thiram Presence,341,741.0,0.00047867728420431405
P1_thiram_presence,Thiram Presence,925,1325.0,0.00047797619062032353
P1_thiram_presence,Thiram Presence,736,1136.0,0.0004766666430926772
P1_thiram_presence,Thiram Presence,511,911.0,0.00047609680978746085
P1_thiram_presence,Thiram Presence,411,811.0,0.00047577878715096295
P1_thiram_presence,Thiram Presence,703,1103.0,0.0004723696800310987
P1_thiram_presence,Thiram Presence,132,532.0,0.0004710737952757596
P1_thiram_presence,Thiram Presence,356,756.0,0.00047077422135441736
P1_thiram_presence,Thiram Presence,276,676.0,0.00046817396249906944
P1_thiram_presence,Thiram Presence,360,760.0,0.0004677248937511485
P1_thiram_presence,Thiram Presence,1192,1592.0,0.00046594581700004937
P1_thiram_presence,Thiram Presence,187,587.0,0.00046504294993426735
P1_thiram_presence,Thiram Presence,432,832.0,0.0004648085052950841
P1_thiram_presence,Thiram Presence,987,1387.0,0.0004615109796979731
P1_thiram_presence,Thiram Presence,652,1052.0,0.0004597758206838987
P1_thiram_presence,Thiram Presence,275,675.0,0.00045805757688744205
P1_thiram_presence,Thiram Presence,1020,1420.0,0.0004565063008253219
P1_thiram_presence,Thiram Presence,428,828.0,0.00045641199918603295
P1_thiram_presence,Thiram Presence,893,1293.0,0.0004507030403538789
P1_thiram_presence,Thiram Presence,676,1076.0,0.0004461271251392475
P1_thiram_presence,Thiram Presence,1197,1597.0,0.0004459454442119203
P1_thiram_presence,Thiram Presence,535,935.0,0.0004445162487003565
P1_thiram_presence,Thiram Presence,1206,1606.0,0.00044404933957539294
P1_thiram_presence,Thiram Presence,1082,1482.0,0.00044169969772715935
P1_thiram_presence,Thiram Presence,1283,1683.0,0.0004396761596832614
P1_thiram_presence,Thiram Presence,512,912.0,0.00043753646977474605
P1_thiram_presence,Thiram Presence,427,827.0,0.00043714274498301875
P1_thiram_presence,Thiram Presence,570,970.0,0.0004356351832926809
P1_thiram_presence,Thiram Presence,328,728.0,0.00043380119657081593
P1_thiram_presence,Thiram Presence,136,536.0,0.0004328489123355368
P1_thiram_presence,Thiram Presence,959,1359.0,0.0004315007455055776
P1_thiram_presence,Thiram Presence,1324,1724.0,0.00043113669398833207
P1_thiram_presence,Thiram Presence,34,434.0,0.00043047670961237337
P1_thiram_presence,Thiram Presence,408,808.0,0.0004301493022632779
P1_thiram_presence,Thiram Presence,810,1210.0,0.0004299094612348192
P1_thiram_presence,Thiram Presence,1021,1421.0,0.00042955297156527564
P1_thiram_presence,Thiram Presence,1093,1493.0,0.00042915097381342215
P1_thiram_presence,Thiram Presence,775,1175.0,0.0004286207108331581
P1_thiram_presence,Thiram Presence,645,1045.0,0.0004258876892662125
P1_thiram_presence,Thiram Presence,32,432.0,0.00042544218436984757
P1_thiram_presence,Thiram Presence,1332,1732.0,0.00042531874351516637
P1_thiram_presence,Thiram Presence,787,1187.0,0.00042395625326790965
P1_thiram_presence,Thiram Presence,639,1039.0,0.0004232577336682943
P1_thiram_presence,Thiram Presence,625,1025.0,0.00042120101412808234
P1_thiram_presence,Thiram Presence,915,1315.0,0.0004210616003460537
P1_thiram_presence,Thiram Presence,180,580.0,0.00042011848171596435
P1_thiram_presence,Thiram Presence,624,1024.0,0.00042011130576926654
P1_thiram_presence,Thiram Presence,795,1195.0,0.0004196887609781276
P1_thiram_presence,Thiram Presence,29,429.0,0.0004191176127937701
P1_thiram_presence,Thiram Presence,124,524.0,0.0004160472748043573
P1_thiram_presence,Thiram Presence,702,1102.0,0.0004154846507811972
P1_thiram_presence,Thiram Presence,440,840.0,0.00041506723061073225
P1_thiram_presence,Thiram Presence,435,835.0,0.000414129434745115
P1_thiram_presence,Thiram Presence,885,1285.0,0.00041296328584571843
P1_thiram_presence,Thiram Presence,946,1346.0,0.0004129360786481508
P1_thiram_presence,Thiram Presence,706,1106.0,0.0004114994678833513
P1_thiram_presence,Thiram Presence,799,1199.0,0.00041128758810409286
P1_thiram_presence,Thiram Presence,326,726.0,0.00041089373537884567
P1_thiram_presence,Thiram Presence,1340,1740.0,0.00041056664951094314
P1_thiram_presence,Thiram Presence,1175,1575.0,0.0004101212852149092
P1_thiram_presence,Thiram Presence,986,1386.0,0.0004087673632356755
P1_thiram_presence,Thiram Presence,874,1274.0,0.00040562353979303804
P1_thiram_presence,Thiram Presence,960,1360.0,0.0004056044566803916
P1_thiram_presence,Thiram Presence,1363,1763.0,0.00040438163031660397
P1_thiram_presence,Thiram Presence,996,1396.0,0.0004035604657663931
P1_thiram_presence,Thiram Presence,1376,1776.0,0.000403540184652816
P1_thiram_presence,Thiram Presence,644,1044.0,0.00040349067528923783
P1_thiram_presence,Thiram Presence,673,1073.0,0.00040324475850635894
P1_thiram_presence,Thiram Presence,599,999.0,0.0004028904007925475
P1_thiram_presence,Thiram Presence,950,1350.0,0.00040228537425299605
P1_thiram_presence,Thiram Presence,945,1345.0,0.000399988340460045
P1_thiram_presence,Thiram Presence,708,1108.0,0.00039948461429154957
P1_thiram_presence,Thiram Presence,826,1226.0,0.00039803233779894256
P1_thiram_presence,Thiram Presence,580,980.0,0.0003979255160189397
P1_thiram_presence,Thiram Presence,695,1095.0,0.00039786653121242873
P1_thiram_presence,Thiram Presence,648,1048.0,0.0003958460576984332
P1_thiram_presence,Thiram Presence,1253,1653.0,0.00039365859367177886
P1_thiram_presence,Thiram Presence,698,1098.0,0.00039347909134689616
P1_thiram_presence,Thiram Presence,1094,1494.0,0.0003934407889917221
P1_thiram_presence,Thiram Presence,474,874.0,0.0003933291611231579
P1_thiram_presence,Thiram Presence,333,733.0,0.0003929153204489127
P1_thiram_presence,Thiram Presence,407,807.0,0.00039246035545907165
P1_thiram_presence,Thiram Presence,910,1310.0,0.0003913167110576979
P1_thiram_presence,Thiram Presence,1035,1435.0,0.00039107267731291806
P1_thiram_presence,Thiram Presence,951,1351.0,0.00039097714192005403
P1_thiram_presence,Thiram Presence,759,1159.0,0.0003899928760706688
P1_thiram_presence,Thiram Presence,405,805.0,0.00038851256688856884
P1_thiram_presence,Thiram Presence,1138,1538.0,0.00038735119433568526
P1_thiram_presence,Thiram Presence,658,1058.0,0.0003872214203853447
P1_thiram_presence,Thiram Presence,1015,1415.0,0.0003855108274921026
P1_thiram_presence,Thiram Presence,1304,1704.0,0.0003852022990303281
P1_thiram_presence,Thiram Presence,880,1280.0,0.000384384719927703
P1_thiram_presence,Thiram Presence,330,730.0,0.00038431418089951425
P1_thiram_presence,Thiram Presence,311,711.0,0.0003829469774648457
P1_thiram_presence,Thiram Presence,352,752.0,0.0003826008139965616
P1_thiram_presence,Thiram Presence,1252,1652.0,0.0003820947858814395
P1_thiram_presence,Thiram Presence,557,957.0,0.0003809887653307672
P1_thiram_presence,Thiram Presence,622,1022.0,0.0003802997424647856
P1_thiram_presence,Thiram Presence,1282,1682.0,0.0003801878071956946
P1_thiram_presence,Thiram Presence,125,525.0,0.00037933613246804123
P1_thiram_presence,Thiram Presence,269,669.0,0.00037798984524547
P1_thiram_presence,Thiram Presence,1037,1437.0,0.0003779323688960717
P1_thiram_presence,Thiram Presence,406,806.0,0.0003769529108337554
P1_thiram_presence,Thiram Presence,1057,1457.0,0.0003766075354088227
P1_thiram_presence,Thiram Presence,768,1168.0,0.0003763903084312185
P1_thiram_presence,Thiram Presence,496,896.0,0.00037486431167033926
P1_thiram_presence,Thiram Presence,1083,1483.0,0.000374239407674471
P1_thiram_presence,Thiram Presence,241,641.0,0.000372054571019148
P1_thiram_presence,Thiram Presence,1383,1783.0,0.0003712522524273219
P1_thiram_presence,Thiram Presence,748,1148.0,0.00037123178211344326
P1_thiram_presence,Thiram Presence,1088,1488.0,0.0003711151109568305
P1_thiram_presence,Thiram Presence,660,1060.0,0.00037046291043589167
P1_thiram_presence,Thiram Presence,1221,1621.0,0.0003700641402495732
P1_thiram_presence,Thiram Presence,757,1157.0,0.0003697227763590588
P1_thiram_presence,Thiram Presence,243,643.0,0.0003689707892621856
P1_thiram_presence,Thiram Presence,739,1139.0,0.00036715901738537204
P1_thiram_presence,Thiram Presence,536,936.0,0.0003642987675071991
P1_thiram_presence,Thiram Presence,534,934.0,0.0003642927215995472
P1_thiram_presence,Thiram Presence,633,1033.0,0.00036368054488907956
P1_thiram_presence,Thiram Presence,108,508.0,0.0003633405672076749
P1_thiram_presence,Thiram Presence,1342,1742.0,0.00036091160387517117
P1_thiram_presence,Thiram Presence,585,985.0,0.0003608864808388239
P1_thiram_presence,Thiram Presence,766,1166.0,0.00035965120291429117
P1_thiram_presence,Thiram Presence,1179,1579.0,0.0003592714313357869
P1_thiram_presence,Thiram Presence,993,1393.0,0.00035878647905192903
P1_thiram_presence,Thiram Presence,1385,1785.0,0.00035845568974948033
P1_thiram_presence,Thiram Presence,990,1390.0,0.0003580827266802536
P1_thiram_presence,Thiram Presence,441,841.0,0.0003574269209494389
P1_thiram_presence,Thiram Presence,7,407.0,0.00035717514764628094
P1_thiram_presence,Thiram Presence,303,703.0,0.0003567599570518945
P1_thiram_presence,Thiram Presence,876,1276.0,0.0003562852426820041
P1_thiram_presence,Thiram Presence,291,691.0,0.0003559935561356255
P1_thiram_presence,Thiram Presence,688,1088.0,0.00035507447702485894
P1_thiram_presence,Thiram Presence,1269,1669.0,0.00035501860557541953
P1_thiram_presence,Thiram Presence,240,640.0,0.00035438755265471995
P1_thiram_presence,Thiram Presence,429,829.0,0.00035311654640355906
P1_thiram_presence,Thiram Presence,475,875.0,0.00035293198167053215
P1_thiram_presence,Thiram Presence,1133,1533.0,0.0003527969069573674
P1_thiram_presence,Thiram Presence,91,491.0,0.00035167179593090974
P1_thiram_presence,Thiram Presence,109,509.0,0.00035099479244216753
P1_thiram_presence,Thiram Presence,33,433.0,0.00035051543844193063
P1_thiram_presence,Thiram Presence,705,1105.0,0.0003501310906805342
P1_thiram_presence,Thiram Presence,899,1299.0,0.0003496401268583295
P1_thiram_presence,Thiram Presence,884,1284.0,0.0003495290495344395
P1_thiram_presence,Thiram Presence,758,1158.0,0.00034764492515777
P1_thiram_presence,Thiram Presence,1160,1560.0,0.0003465178985071557
P1_thiram_presence,Thiram Presence,127,527.0,0.0003465147695534314
P1_thiram_presence,Thiram Presence,468,868.0,0.0003463189873648246
P1_thiram_presence,Thiram Presence,789,1189.0,0.00034608824227292675
P1_thiram_presence,Thiram Presence,697,1097.0,0.0003451241473521574
P1_thiram_presence,Thiram Presence,123,523.0,0.00034509143265900314
P1_thiram_presence,Thiram Presence,646,1046.0,0.00034399147364880847
P1_thiram_presence,Thiram Presence,15,415.0,0.00034275571819562096
P1_thiram_presence,Thiram Presence,5,405.0,0.0003425303791521604
P1_thiram_presence,Thiram Presence,958,1358.0,0.0003423898368574307
P1_thiram_presence,Thiram Presence,778,1178.0,0.0003394812968721142
P1_thiram_presence,Thiram Presence,285,685.0,0.00033885598674280893
P1_thiram_presence,Thiram Presence,437,837.0,0.0003375187924140128
P1_thiram_presence,Thiram Presence,1355,1755.0,0.0003362182228636234
P1_thiram_presence,Thiram Presence,137,537.0,0.00033503777705932834
P1_thiram_presence,Thiram Presence,36,436.0,0.0003326872703134203
P1_thiram_presence,Thiram Presence,623,1023.0,0.00033206568426616845
P1_thiram_presence,Thiram Presence,771,1171.0,0.00033185571308330447
P1_thiram_presence,Thiram Presence,1193,1593.0,0.0003314262225851104
P1_thiram_presence,Thiram Presence,35,435.0,0.00033138364510737554
P1_thiram_presence,Thiram Presence,718,1118.0,0.0003311453918529576
P1_thiram_presence,Thiram Presence,1303,1703.0,0.0003310823671608163
P1_thiram_presence,Thiram Presence,305,705.0,0.0003301721051686386
P1_thiram_presence,Thiram Presence,764,1164.0,0.0003301639479365237
P1_thiram_presence,Thiram Presence,400,800.0,0.00032906038472344884
P1_thiram_presence,Thiram Presence,3,403.0,0.00032856784464288427
P1_thiram_presence,Thiram Presence,308,708.0,0.000328301263742901
P1_thiram_presence,Thiram Presence,616,1016.0,0.00032810586109601906
P1_thiram_presence,Thiram Presence,894,1294.0,0.00032718846368122933
P1_thiram_presence,Thiram Presence,296,696.0,0.0003266905078886884
P1_thiram_presence,Thiram Presence,532,932.0,0.00032651070738265957
P1_thiram_presence,Thiram Presence,1314,1714.0,0.0003262013455605728
P1_thiram_presence,Thiram Presence,260,660.0,0.0003253093567291868
P1_thiram_presence,Thiram Presence,699,1099.0,0.0003247243756429438
P1_thiram_presence,Thiram Presence,6,406.0,0.0003245509232186649
P1_thiram_presence,Thiram Presence,1389,1789.0,0.00032379791817636563
P1_thiram_presence,Thiram Presence,165,565.0,0.00032164904143380725
P1_thiram_presence,Thiram Presence,302,702.0,0.00032143970734289565
P1_thiram_presence,Thiram Presence,478,878.0,0.0003211055087059425
P1_thiram_presence,Thiram Presence,1229,1629.0,0.00032055534065448415
P1_thiram_presence,Thiram Presence,472,872.0,0.00031954964595908085
P1_thiram_presence,Thiram Presence,414,814.0,0.00031636957963859444
P1_thiram_presence,Thiram Presence,353,753.0,0.00031472917424625986
P1_thiram_presence,Thiram Presence,164,564.0,0.00031470763161655627
P1_thiram_presence,Thiram Presence,244,644.0,0.0003136673341270299
P1_thiram_presence,Thiram Presence,499,899.0,0.00031340054039689995
P1_thiram_presence,Thiram Presence,994,1394.0,0.0003121460551683701
P1_thiram_presence,Thiram Presence,1003,1403.0,0.00031092171746336224
P1_thiram_presence,Thiram Presence,315,715.0,0.0003099899443133277
P1_thiram_presence,Thiram Presence,310,710.0,0.00030946910588309053
P1_thiram_presence,Thiram Presence,439,839.0,0.00030831710422711816
P1_thiram_presence,Thiram Presence,394,794.0,0.00030771248542897146
P1_thiram_presence,Thiram Presence,1311,1711.0,0.0003075585388710084
P1_thiram_presence,Thiram Presence,442,842.0,0.0003075345919856862
P1_thiram_presence,Thiram Presence,696,1096.0,0.00030752771286588116
P1_thiram_presence,Thiram Presence,1004,1404.0,0.0003055336201370795
P1_thiram_presence,Thiram Presence,261,661.0,0.00030538844071214367
P1_thiram_presence,Thiram Presence,1386,1786.0,0.00030515770511210604
P1_thiram_presence,Thiram Presence,111,511.0,0.00030464679633054843
P1_thiram_presence,Thiram Presence,762,1162.0,0.00030432026494840367
P1_thiram_presence,Thiram Presence,413,813.0,0.0003032466870278395
P1_thiram_presence,Thiram Presence,93,493.0,0.0003032114346340178
P1_thiram_presence,Thiram Presence,502,902.0,0.00030315055421219835
P1_thiram_presence,Thiram Presence,1315,1715.0,0.00030210831598600184
P1_thiram_presence,Thiram Presence,320,720.0,0.00030179728927239084
P1_thiram_presence,Thiram Presence,476,876.0,0.00029902108517031547
P1_thiram_presence,Thiram Presence,1275,1675.0,0.0002986868162070781
P1_thiram_presence,Thiram Presence,76,476.0,0.00029850386983097535
P1_thiram_presence,Thiram Presence,357,757.0,0.000297994801998057
P1_thiram_presence,Thiram Presence,694,1094.0,0.00029788820918076034
P1_thiram_presence,Thiram Presence,1326,1726.0,0.00029656209466200154
P1_thiram_presence,Thiram Presence,900,1300.0,0.00029612096695388185
P1_thiram_presence,Thiram Presence,175,575.0,0.000295298602383445
P1_thiram_presence,Thiram Presence,1330,1730.0,0.0002942702477704008
P1_thiram_presence,Thiram Presence,943,1343.0,0.0002936615247538914
P1_thiram_presence,Thiram Presence,635,1035.0,0.00029290279070499594
P1_thiram_presence,Thiram Presence,750,1150.0,0.000292037302100529
P1_thiram_presence,Thiram Presence,190,590.0,0.0002903688248368971
P1_thiram_presence,Thiram Presence,119,519.0,0.0002903346916630454
P1_thiram_presence,Thiram Presence,686,1086.0,0.00028965570036984913
P1_thiram_presence,Thiram Presence,218,618.0,0.00028886667345567483
P1_thiram_presence,Thiram Presence,425,825.0,0.00028886457062827765
P1_thiram_presence,Thiram Presence,911,1311.0,0.00028760514101530563
P1_thiram_presence,Thiram Presence,966,1366.0,0.00028751667402691797
P1_thiram_presence,Thiram Presence,700,1100.0,0.00028751614452982027
P1_thiram_presence,Thiram Presence,999,1399.0,0.0002874036133938947
P1_thiram_presence,Thiram Presence,944,1344.0,0.0002868141777919396
P1_thiram_presence,Thiram Presence,537,937.0,0.00028677980959801545
P1_thiram_presence,Thiram Presence,126,526.0,0.0002864483015735558
P1_thiram_presence,Thiram Presence,494,894.0,0.0002861355311600388
P1_thiram_presence,Thiram Presence,300,700.0,0.0002859739240624079
P1_thiram_presence,Thiram Presence,798,1198.0,0.00028532154425695347
P1_thiram_presence,Thiram Presence,16,416.0,0.0002850376272882503
P1_thiram_presence,Thiram Presence,612,1012.0,0.00028451935334508236
P1_thiram_presence,Thiram Presence,1285,1685.0,0.00028320520251591915
P1_thiram_presence,Thiram Presence,42,442.0,0.00028282449452135734
P1_thiram_presence,Thiram Presence,396,796.0,0.0002827752141410208
P1_thiram_presence,Thiram Presence,963,1363.0,0.0002821357880169787
P1_thiram_presence,Thiram Presence,1321,1721.0,0.0002817327282003308
P1_thiram_presence,Thiram Presence,17,417.0,0.00028159067455971784
P1_thiram_presence,Thiram Presence,752,1152.0,0.0002807530453839336
P1_thiram_presence,Thiram Presence,176,576.0,0.0002801234865538937
P1_thiram_presence,Thiram Presence,101,501.0,0.0002798846023104661
P1_thiram_presence,Thiram Presence,1135,1535.0,0.0002787740168985913
P1_thiram_presence,Thiram Presence,471,871.0,0.00027854218737527155
P1_thiram_presence,Thiram Presence,650,1050.0,0.00027824224839433976
P1_thiram_presence,Thiram Presence,942,1342.0,0.000278167972396903
P1_thiram_presence,Thiram Presence,50,450.0,0.00027791326368307973
P1_thiram_presence,Thiram Presence,991,1391.0,0.0002768299523144699
P1_thiram_presence,Thiram Presence,1045,1445.0,0.00027623271958635216
P1_thiram_presence,Thiram Presence,306,706.0,0.0002758510425389968
P1_thiram_presence,Thiram Presence,1341,1741.0,0.0002745615822377923
P1_thiram_presence,Thiram Presence,351,751.0,0.00027229243690114405
P1_thiram_presence,Thiram Presence,919,1319.0,0.0002715782186929062
P1_thiram_presence,Thiram Presence,985,1385.0,0.00027032750959387367
P1_thiram_presence,Thiram Presence,80,480.0,0.0002701640863569914
P1_thiram_presence,Thiram Presence,667,1067.0,0.0002695684132173925
P1_thiram_presence,Thiram Presence,52,452.0,0.0002692665803674051
P1_thiram_presence,Thiram Presence,214,614.0,0.00026902875894645905
P1_thiram_presence,Thiram Presence,473,873.0,0.00026805004898610693
P1_thiram_presence,Thiram Presence,192,592.0,0.00026766368816676507
P1_thiram_presence,Thiram Presence,675,1075.0,0.0002675004509279015
P1_thiram_presence,Thiram Presence,78,478.0,0.00026682133990375714
P1_thiram_presence,Thiram Presence,350,750.0,0.0002668073874755403
P1_thiram_presence,Thiram Presence,39,439.0,0.0002666972005906461
P1_thiram_presence,Thiram Presence,767,1167.0,0.0002657312101977282
P1_thiram_presence,Thiram Presence,913,1313.0,0.0002651333500211245
P1_thiram_presence,Thiram Presence,1280,1680.0,0.00026464773983670727
P1_thiram_presence,Thiram Presence,92,492.0,0.0002645288175830022
P1_thiram_presence,Thiram Presence,1329,1729.0,0.0002644239346390417
P1_thiram_presence,Thiram Presence,342,742.0,0.00026416122647871757
P1_thiram_presence,Thiram Presence,69,469.0,0.0002637599388855516
P1_thiram_presence,Thiram Presence,827,1227.0,0.00026370878933128336
P1_thiram_presence,Thiram Presence,592,992.0,0.0002621622778829989
P1_thiram_presence,Thiram Presence,1287,1687.0,0.0002618978687225173
P1_thiram_presence,Thiram Presence,1134,1534.0,0.00026169334099585733
P1_thiram_presence,Thiram Presence,273,673.0,0.0002611704457839858
P1_thiram_presence,Thiram Presence,965,1365.0,0.00026109712842054184
P1_thiram_presence,Thiram Presence,1377,1777.0,0.00026033078695814705
P1_thiram_presence,Thiram Presence,788,1188.0,0.0002601230824370017
P1_thiram_presence,Thiram Presence,322,722.0,0.00025993018906686374
P1_thiram_presence,Thiram Presence,669,1069.0,0.0002596708291330885
P1_thiram_presence,Thiram Presence,202,602.0,0.0002593693995876502
P1_thiram_presence,Thiram Presence,651,1051.0,0.00025906792138385
P1_thiram_presence,Thiram Presence,733,1133.0,0.0002587393723577614
P1_thiram_presence,Thiram Presence,947,1347.0,0.00025824941655813694
P1_thiram_presence,Thiram Presence,1046,1446.0,0.00025818553594403695
P1_thiram_presence,Thiram Presence,907,1307.0,0.00025813139954403743
P1_thiram_presence,Thiram Presence,448,848.0,0.0002578052860987661
P1_thiram_presence,Thiram Presence,668,1068.0,0.00025760806734063
P1_thiram_presence,Thiram Presence,1127,1527.0,0.0002572486951305803
P1_thiram_presence,Thiram Presence,90,490.0,0.0002570682371298158
P1_thiram_presence,Thiram Presence,567,967.0,0.00025662771665824034
P1_thiram_presence,Thiram Presence,509,909.0,0.00025608960301844657
P1_thiram_presence,Thiram Presence,313,713.0,0.0002559884597178826
P1_thiram_presence,Thiram Presence,457,857.0,0.0002551921799287398
P1_thiram_presence,Thiram Presence,1081,1481.0,0.0002550568994615228
P1_thiram_presence,Thiram Presence,44,444.0,0.0002548791738357023
P1_thiram_presence,Thiram Presence,46,446.0,0.0002546019417653608
P1_thiram_presence,Thiram Presence,41,441.0,0.0002541038832023943
P1_thiram_presence,Thiram Presence,1310,1710.0,0.0002540842188071276
P1_thiram_presence,Thiram Presence,51,451.0,0.00025394129325895725
P1_thiram_presence,Thiram Presence,1058,1458.0,0.00025335569921024854
P1_thiram_presence,Thiram Presence,543,943.0,0.0002532594660107541
P1_thiram_presence,Thiram Presence,1354,1754.0,0.0002529120855138535
P1_thiram_presence,Thiram Presence,1087,1487.0,0.0002524163363355044
P1_thiram_presence,Thiram Presence,713,1113.0,0.00025229652920009883
P1_thiram_presence,Thiram Presence,1391,1791.0,0.0002522620843449048
P1_thiram_presence,Thiram Presence,38,438.0,0.00025139495022747505
P1_thiram_presence,Thiram Presence,495,895.0,0.00025137513522609765
P1_thiram_presence,Thiram Presence,643,1043.0,0.00025097215943046283
P1_thiram_presence,Thiram Presence,710,1110.0,0.000250810190712899
P1_thiram_presence,Thiram Presence,1257,1657.0,0.00025046026915920706
P1_thiram_presence,Thiram Presence,256,656.0,0.00025036660594115697
P1_thiram_presence,Thiram Presence,627,1027.0,0.00025015529724856024
P1_thiram_presence,Thiram Presence,337,737.0,0.00024886002818755786
P1_thiram_presence,Thiram Presence,68,468.0,0.0002479814764961972
P1_thiram_presence,Thiram Presence,763,1163.0,0.0002477762467488413
P1_thiram_presence,Thiram Presence,568,968.0,0.0002477563739570588
P1_thiram_presence,Thiram Presence,656,1056.0,0.00024725848130521615
P1_thiram_presence,Thiram Presence,659,1059.0,0.00024604042365264427
P1_thiram_presence,Thiram Presence,881,1281.0,0.0002451769327266836
P1_thiram_presence,Thiram Presence,470,870.0,0.00024494779921221927
P1_thiram_presence,Thiram Presence,170,570.0,0.00024451156927166566
P1_thiram_presence,Thiram Presence,754,1154.0,0.0002442616886935847
P1_thiram_presence,Thiram Presence,181,581.0,0.00024367334259596017
P1_thiram_presence,Thiram Presence,941,1341.0,0.00024345603425406006
P1_thiram_presence,Thiram Presence,102,502.0,0.0002434025011427996
P1_thiram_presence,Thiram Presence,1279,1679.0,0.00024268915723441693
P1_thiram_presence,Thiram Presence,419,819.0,0.00024169214062387558
P1_thiram_presence,Thiram Presence,824,1224.0,0.00024146808946223317
P1_thiram_presence,Thiram Presence,834,1234.0,0.00024080782722973496
P1_thiram_presence,Thiram Presence,613,1013.0,0.00023961067837394246
P1_thiram_presence,Thiram Presence,1069,1469.0,0.00023891347396161794
P1_thiram_presence,Thiram Presence,1124,1524.0,0.0002387500085789115
P1_thiram_presence,Thiram Presence,716,1116.0,0.00023856159653590494
P1_thiram_presence,Thiram Presence,940,1340.0,0.0002379343678135956
P1_thiram_presence,Thiram Presence,1251,1651.0,0.00023773118470148865
P1_thiram_presence,Thiram Presence,707,1107.0,0.00023663355038532757
P1_thiram_presence,Thiram Presence,335,735.0,0.00023656486767004674
P1_thiram_presence,Thiram Presence,1092,1492.0,0.00023647393163875067
P1_thiram_presence,Thiram Presence,687,1087.0,0.00023574072118599142
P1_thiram_presence,Thiram Presence,642,1042.0,0.00023563735225978262
P1_thiram_presence,Thiram Presence,294,694.0,0.00023411910715441417
P1_thiram_presence,Thiram Presence,49,449.0,0.00023340665454482472
P1_thiram_presence,Thiram Presence,551,951.0,0.00023282807695546338
P1_thiram_presence,Thiram Presence,14,414.0,0.00023245719215391844
P1_thiram_presence,Thiram Presence,797,1197.0,0.00023237938638448916
P1_thiram_presence,Thiram Presence,20,420.0,0.00023068277781502553
P1_thiram_presence,Thiram Presence,110,510.0,0.00023061983184813318
P1_thiram_presence,Thiram Presence,338,738.0,0.00022949805242303208
P1_thiram_presence,Thiram Presence,1226,1626.0,0.00022943094232713752
P1_thiram_presence,Thiram Presence,1180,1580.0,0.000229248632319221
P1_thiram_presence,Thiram Presence,1143,1543.0,0.00022859529822205206
P1_thiram_presence,Thiram Presence,909,1309.0,0.00022839433501074626
P1_thiram_presence,Thiram Presence,63,463.0,0.00022639907237345213
P1_thiram_presence,Thiram Presence,878,1278.0,0.0002262505152541003
P1_thiram_presence,Thiram Presence,467,867.0,0.00022583254183191907
P1_thiram_presence,Thiram Presence,113,513.0,0.00022562915195585917
P1_thiram_presence,Thiram Presence,1273,1673.0,0.00022458655587827856
P1_thiram_presence,Thiram Presence,1158,1558.0,0.00022447421407282406
P1_thiram_presence,Thiram Presence,325,725.0,0.00022416729804198784
P1_thiram_presence,Thiram Presence,1301,1701.0,0.0002232160210686942
P1_thiram_presence,Thiram Presence,54,454.0,0.00022256649712231117
P1_thiram_presence,Thiram Presence,45,445.0,0.0002223377995986354
P1_thiram_presence,Thiram Presence,484,884.0,0.00022185485528080726
P1_thiram_presence,Thiram Presence,813,1213.0,0.00022025840992201387
P1_thiram_presence,Thiram Presence,43,443.0,0.00022011853753889477
P1_thiram_presence,Thiram Presence,732,1132.0,0.0002196041291256069
P1_thiram_presence,Thiram Presence,89,489.0,0.00021954306238522716
P1_thiram_presence,Thiram Presence,1157,1557.0,0.00021892523377701115
P1_thiram_presence,Thiram Presence,18,418.0,0.0002185215785539263
P1_thiram_presence,Thiram Presence,823,1223.0,0.00021850883777092388
P1_thiram_presence,Thiram Presence,556,956.0,0.0002183691105236638
P1_thiram_presence,Thiram Presence,504,904.0,0.0002182991936336138
P1_thiram_presence,Thiram Presence,477,877.0,0.00021800786073307606
P1_thiram_presence,Thiram Presence,1068,1468.0,0.00021777218507100204
P1_thiram_presence,Thiram Presence,122,522.0,0.00021724356194112104
P1_thiram_presence,Thiram Presence,859,1259.0,0.00021720539533535797
P1_thiram_presence,Thiram Presence,882,1282.0,0.00021678781251669525
P1_thiram_presence,Thiram Presence,870,1270.0,0.00021629585883578775
P1_thiram_presence,Thiram Presence,908,1308.0,0.00021626691356880714
P1_thiram_presence,Thiram Presence,200,600.0,0.00021609028376077914
P1_thiram_presence,Thiram Presence,128,528.0,0.0002158218717904595
P1_thiram_presence,Thiram Presence,37,437.0,0.00021501284405293973
P1_thiram_presence,Thiram Presence,670,1070.0,0.000214831224084388
P1_thiram_presence,Thiram Presence,1307,1707.0,0.00021479250037985482
P1_thiram_presence,Thiram Presence,604,1004.0,0.0002147389076273227
P1_thiram_presence,Thiram Presence,507,907.0,0.00021430666553726735
P1_thiram_presence,Thiram Presence,1144,1544.0,0.00021381680841942195
P1_thiram_presence,Thiram Presence,689,1089.0,0.0002123912345321369
P1_thiram_presence,Thiram Presence,811,1211.0,0.00021239018382396394
P1_thiram_presence,Thiram Presence,81,481.0,0.0002114678156773014
P1_thiram_presence,Thiram Presence,1216,1616.0,0.00021122385023821934
P1_thiram_presence,Thiram Presence,1295,1695.0,0.0002109658652929952
P1_thiram_presence,Thiram Presence,452,852.0,0.000210375956647293
P1_thiram_presence,Thiram Presence,1208,1608.0,0.0002098297728767905
P1_thiram_presence,Thiram Presence,297,697.0,0.00020924700526882688
P1_thiram_presence,Thiram Presence,210,610.0,0.0002089608540609002
P1_thiram_presence,Thiram Presence,72,472.0,0.00020873068953706096
P1_thiram_presence,Thiram Presence,349,749.0,0.00020815631355585327
P1_thiram_presence,Thiram Presence,805,1205.0,0.00020779793429380767
P1_thiram_presence,Thiram Presence,691,1091.0,0.00020758103253426958
P1_thiram_presence,Thiram Presence,815,1215.0,0.00020732011940373022
P1_thiram_presence,Thiram Presence,489,889.0,0.00020686037934319394
P1_thiram_presence,Thiram Presence,1067,1467.0,0.00020629591058866245
P1_thiram_presence,Thiram Presence,790,1190.0,0.00020622963708717744
P1_thiram_presence,Thiram Presence,12,412.0,0.00020619545785045164
P1_thiram_presence,Thiram Presence,903,1303.0,0.00020618944849681248
P1_thiram_presence,Thiram Presence,424,824.0,0.0002060432624633183
P1_thiram_presence,Thiram Presence,538,938.0,0.00020594716417230113
P1_thiram_presence,Thiram Presence,340,740.0,0.00020561342594862755
P1_thiram_presence,Thiram Presence,890,1290.0,0.00020521080005573008
P1_thiram_presence,Thiram Presence,895,1295.0,0.00020425507935613736
P1_thiram_presence,Thiram Presence,178,578.0,0.0002036928309825999
P1_thiram_presence,Thiram Presence,964,1364.0,0.00020343233421509278
P1_thiram_presence,Thiram Presence,1381,1781.0,0.00020331215766123425
P1_thiram_presence,Thiram Presence,209,609.0,0.00020288682165368622
P1_thiram_presence,Thiram Presence,657,1057.0,0.00020283279476658586
P1_thiram_presence,Thiram Presence,773,1173.0,0.0002025183349172228
P1_thiram_presence,Thiram Presence,431,831.0,0.0002021544015871026
P1_thiram_presence,Thiram Presence,1245,1645.0,0.00020166064683422268
P1_thiram_presence,Thiram Presence,593,993.0,0.00020158237509291109
P1_thiram_presence,Thiram Presence,255,655.0,0.00020115645658032617
P1_thiram_presence,Thiram Presence,47,447.0,0.0002008750008881266
P1_thiram_presence,Thiram Presence,812,1212.0,0.00020086442910728666
P1_thiram_presence,Thiram Presence,274,674.0,0.00020008800315867418
P1_thiram_presence,Thiram Presence,228,628.0,0.000199905906538045
P1_thiram_presence,Thiram Presence,1292,1692.0,0.00019986523188272377
P1_thiram_presence,Thiram Presence,936,1336.0,0.00019974888944261784
P1_thiram_presence,Thiram Presence,324,724.0,0.00019883337757696615
P1_thiram_presence,Thiram Presence,191,591.0,0.00019797423524449653
P1_thiram_presence,Thiram Presence,120,520.0,0.00019770320732742427
P1_thiram_presence,Thiram Presence,1145,1545.0,0.00019745485934282426
P1_thiram_presence,Thiram Presence,298,698.0,0.000197226090342271
P1_thiram_presence,Thiram Presence,611,1011.0,0.00019708057739518757
P1_thiram_presence,Thiram Presence,609,1009.0,0.00019688176420533195
P1_thiram_presence,Thiram Presence,1070,1470.0,0.00019644936429258987
P1_thiram_presence,Thiram Presence,503,903.0,0.00019579225016462586
P1_thiram_presence,Thiram Presence,505,905.0,0.0001953923796249574
P1_thiram_presence,Thiram Presence,647,1047.0,0.00019534676505536213
P1_thiram_presence,Thiram Presence,1091,1491.0,0.00019464961474193414
P1_thiram_presence,Thiram Presence,417,817.0,0.00019458532606060627
P1_thiram_presence,Thiram Presence,1080,1480.0,0.0001940275460938097
P1_thiram_presence,Thiram Presence,901,1301.0,0.00019389395568146254
P1_thiram_presence,Thiram Presence,282,682.0,0.00019368892343733617
P1_thiram_presence,Thiram Presence,961,1361.0,0.00019354594232479994
P1_thiram_presence,Thiram Presence,1263,1663.0,0.00019317918355708842
P1_thiram_presence,Thiram Presence,619,1019.0,0.00019303943606948328
P1_thiram_presence,Thiram Presence,1305,1705.0,0.00019284000673943196
P1_thiram_presence,Thiram Presence,1139,1539.0,0.00019281713159618005
P1_thiram_presence,Thiram Presence,920,1320.0,0.00019272496378311844
P1_thiram_presence,Thiram Presence,803,1203.0,0.00019241834194364457
P1_thiram_presence,Thiram Presence,672,1072.0,0.00019197725690370333
P1_thiram_presence,Thiram Presence,447,847.0,0.0001912044504506714
P1_thiram_presence,Thiram Presence,462,862.0,0.00019105044617088272
P1_thiram_presence,Thiram Presence,1049,1449.0,0.00019093666469817685
P1_thiram_presence,Thiram Presence,8,408.0,0.0001904015319973629
P1_thiram_presence,Thiram Presence,213,613.0,0.00018998649045186497
P1_thiram_presence,Thiram Presence,64,464.0,0.00018994075657169425
P1_thiram_presence,Thiram Presence,1387,1787.0,0.00018984518870834616
P1_thiram_presence,Thiram Presence,819,1219.0,0.00018933848610339354
P1_thiram_presence,Thiram Presence,770,1170.0,0.00018925563280348817
P1_thiram_presence,Thiram Presence,962,1362.0,0.00018877013660855807
P1_thiram_presence,Thiram Presence,103,503.0,0.00018698297992742082
P1_thiram_presence,Thiram Presence,888,1288.0,0.00018601914865563657
P1_thiram_presence,Thiram Presence,10,410.0,0.00018570670157818617
P1_thiram_presence,Thiram Presence,492,892.0,0.00018553885481174714
P1_thiram_presence,Thiram Presence,1309,1709.0,0.0001854520773508794
P1_thiram_presence,Thiram Presence,539,939.0,0.00018375222748212165
P1_thiram_presence,Thiram Presence,1132,1532.0,0.0001832469653778728
P1_thiram_presence,Thiram Presence,229,629.0,0.00018250538737362364
P1_thiram_presence,Thiram Presence,100,500.0,0.0001820691153576368
P1_thiram_presence,Thiram Presence,220,620.0,0.00018153819522638456
P1_thiram_presence,Thiram Presence,553,953.0,0.000180674147894859
P1_thiram_presence,Thiram Presence,1349,1749.0,0.00018024088561376304
P1_thiram_presence,Thiram Presence,825,1225.0,0.00017975180241308982
P1_thiram_presence,Thiram Presence,1203,1603.0,0.00017966659524569018
P1_thiram_presence,Thiram Presence,1212,1612.0,0.00017923839822180725
P1_thiram_presence,Thiram Presence,776,1176.0,0.0001791094060346028
P1_thiram_presence,Thiram Presence,215,615.0,0.0001788393172043489
P1_thiram_presence,Thiram Presence,1394,1794.0,0.00017838489253503448
P1_thiram_presence,Thiram Presence,806,1206.0,0.00017818258472064935
P1_thiram_presence,Thiram Presence,53,453.0,0.00017557409870578872
P1_thiram_presence,Thiram Presence,836,1236.0,0.00017490510403857237
P1_thiram_presence,Thiram Presence,1142,1542.0,0.00017444884323411104
P1_thiram_presence,Thiram Presence,935,1335.0,0.00017348102867450967
P1_thiram_presence,Thiram Presence,1159,1559.0,0.00017333883842866196
P1_thiram_presence,Thiram Presence,293,693.0,0.00017289757365785178
P1_thiram_presence,Thiram Presence,540,940.0,0.0001726366072487362
P1_thiram_presence,Thiram Presence,801,1201.0,0.00017254329601892822
P1_thiram_presence,Thiram Presence,490,890.0,0.0001720286178183731
P1_thiram_presence,Thiram Presence,1242,1642.0,0.0001717670252332435
P1_thiram_presence,Thiram Presence,1199,1599.0,0.00017149622292440025
P1_thiram_presence,Thiram Presence,245,645.0,0.00017133549761129196
P1_thiram_presence,Thiram Presence,559,959.0,0.00017064615981864654
P1_thiram_presence,Thiram Presence,345,745.0,0.00016951693878692185
P1_thiram_presence,Thiram Presence,832,1232.0,0.00016941725724336102
P1_thiram_presence,Thiram Presence,1063,1463.0,0.00016861709531593494
P1_thiram_presence,Thiram Presence,1062,1462.0,0.00016858865048389164
P1_thiram_presence,Thiram Presence,444,844.0,0.00016846035267550831
P1_thiram_presence,Thiram Presence,1079,1479.0,0.00016657734904094692
P1_thiram_presence,Thiram Presence,883,1283.0,0.0001662006896910684
P1_thiram_presence,Thiram Presence,1129,1529.0,0.00016619287813812473
P1_thiram_presence,Thiram Presence,879,1279.0,0.00016606361592507414
P1_thiram_presence,Thiram Presence,327,727.0,0.000165856579434851
P1_thiram_presence,Thiram Presence,939,1339.0,0.00016533950234751824
P1_thiram_presence,Thiram Presence,177,577.0,0.0001653263580646067
P1_thiram_presence,Thiram Presence,13,413.0,0.0001649371981534189
P1_thiram_presence,Thiram Presence,711,1111.0,0.00016492354745115237
P1_thiram_presence,Thiram Presence,98,498.0,0.0001635683274183927
P1_thiram_presence,Thiram Presence,205,605.0,0.00016302873885905384
P1_thiram_presence,Thiram Presence,772,1172.0,0.00016276943297164926
P1_thiram_presence,Thiram Presence,1230,1630.0,0.00016258024444779055
P1_thiram_presence,Thiram Presence,814,1214.0,0.0001616465565207277
P1_thiram_presence,Thiram Presence,343,743.0,0.00016096965517075427
P1_thiram_presence,Thiram Presence,117,517.0,0.00016095753036431685
P1_thiram_presence,Thiram Presence,719,1119.0,0.00016065397291192767
P1_thiram_presence,Thiram Presence,172,572.0,0.0001603535704234332
P1_thiram_presence,Thiram Presence,1042,1442.0,0.00016034178346120681
P1_thiram_presence,Thiram Presence,59,459.0,0.00015957174324588553
P1_thiram_presence,Thiram Presence,666,1066.0,0.00015947383711480747
P1_thiram_presence,Thiram Presence,1361,1761.0,0.0001592089418097239
P1_thiram_presence,Thiram Presence,479,879.0,0.00015904022062157076
P1_thiram_presence,Thiram Presence,115,515.0,0.0001590266162571794
P1_thiram_presence,Thiram Presence,430,830.0,0.000158630927596328
P1_thiram_presence,Thiram Presence,453,853.0,0.000158499067072404
P1_thiram_presence,Thiram Presence,219,619.0,0.00015835640442877336
P1_thiram_presence,Thiram Presence,1161,1561.0,0.0001583453308122604
P1_thiram_presence,Thiram Presence,82,482.0,0.00015828582626522744
P1_thiram_presence,Thiram Presence,618,1018.0,0.0001582008758937687
P1_thiram_presence,Thiram Presence,866,1266.0,0.00015782884582117226
P1_thiram_presence,Thiram Presence,1044,1444.0,0.00015669800326281304
P1_thiram_presence,Thiram Presence,610,1010.0,0.00015655675338454623
P1_thiram_presence,Thiram Presence,67,467.0,0.0001564978157266867
P1_thiram_presence,Thiram Presence,11,411.0,0.00015640116267321108
P1_thiram_presence,Thiram Presence,207,607.0,0.00015600355198892862
P1_thiram_presence,Thiram Presence,438,838.0,0.00015599675999843678
P1_thiram_presence,Thiram Presence,1318,1718.0,0.00015528293917200372
P1_thiram_presence,Thiram Presence,40,440.0,0.0001551964030277504
P1_thiram_presence,Thiram Presence,1243,1643.0,0.0001546369521066922
P1_thiram_presence,Thiram Presence,9,409.0,0.00015424537034748219
P1_thiram_presence,Thiram Presence,1041,1441.0,0.00015408769893048485
P1_thiram_presence,Thiram Presence,493,893.0,0.0001540246373411377
P1_thiram_presence,Thiram Presence,1316,1716.0,0.00015392390817795115
P1_thiram_presence,Thiram Presence,1240,1640.0,0.00015388302305918095
P1_thiram_presence,Thiram Presence,720,1120.0,0.00015369365723267672
P1_thiram_presence,Thiram Presence,1293,1693.0,0.0001536305969129891
P1_thiram_presence,Thiram Presence,1258,1658.0,0.00015361893205069203
P1_thiram_presence,Thiram Presence,1066,1466.0,0.000152353482782112
P1_thiram_presence,Thiram Presence,1362,1762.0,0.00015204741923868344
P1_thiram_presence,Thiram Presence,1390,1790.0,0.00015176668668946618
P1_thiram_presence,Thiram Presence,709,1109.0,0.00015175968900234816
P1_thiram_presence,Thiram Presence,1126,1526.0,0.00015165029218740047
P1_thiram_presence,Thiram Presence,620,1020.0,0.00015132855487592767
P1_thiram_presence,Thiram Presence,65,465.0,0.00015126538257587613
P1_thiram_presence,Thiram Presence,552,952.0,0.0001512507616475655
P1_thiram_presence,Thiram Presence,835,1235.0,0.00015121789167628935
P1_thiram_presence,Thiram Presence,262,662.0,0.00015093336145710444
P1_thiram_presence,Thiram Presence,246,646.0,0.00015093325016588664
P1_thiram_presence,Thiram Presence,1299,1699.0,0.00015082020107910416
P1_thiram_presence,Thiram Presence,318,718.0,0.00015072486875734607
P1_thiram_presence,Thiram Presence,615,1015.0,0.00015041847165949703
P1_thiram_presence,Thiram Presence,755,1155.0,0.0001504017566808224
P1_thiram_presence,Thiram Presence,864,1264.0,0.00014993246522991674
P1_thiram_presence,Thiram Presence,88,488.0,0.0001483457504007589
P1_thiram_presence,Thiram Presence,784,1184.0,0.0001483404668930337
P1_thiram_presence,Thiram Presence,1162,1562.0,0.0001482171129769252
P1_thiram_presence,Thiram Presence,1379,1779.0,0.00014740408265739516
P1_thiram_presence,Thiram Presence,56,456.0,0.00014718850225065123
P1_thiram_presence,Thiram Presence,749,1149.0,0.00014694979550651676
P1_thiram_presence,Thiram Presence,506,906.0,0.00014694157172511174
P1_thiram_presence,Thiram Presence,485,885.0,0.00014688755451198088
P1_thiram_presence,Thiram Presence,1244,1644.0,0.00014651577019333974
P1_thiram_presence,Thiram Presence,250,650.0,0.00014632193245700688
P1_thiram_presence,Thiram Presence,1048,1448.0,0.00014617956958956052
P1_thiram_presence,Thiram Presence,845,1245.0,0.00014458391607963088
P1_thiram_presence,Thiram Presence,544,944.0,0.00014455266247882597
P1_thiram_presence,Thiram Presence,1077,1477.0,0.00014377579460480991
P1_thiram_presence,Thiram Presence,198,598.0,0.00014347930613701685
P1_thiram_presence,Thiram Presence,231,631.0,0.0001431082999341778
P1_thiram_presence,Thiram Presence,174,574.0,0.00014302559706574233
P1_thiram_presence,Thiram Presence,19,419.0,0.00014291206633107955
P1_thiram_presence,Thiram Presence,232,632.0,0.00014275420365336295
P1_thiram_presence,Thiram Presence,865,1265.0,0.00014226686413851093
P1_thiram_presence,Thiram Presence,1209,1609.0,0.00014216442059278753
P1_thiram_presence,Thiram Presence,1084,1484.0,0.00014201052397443402
P1_thiram_presence,Thiram Presence,1337,1737.0,0.00014168244541773388
P1_thiram_presence,Thiram Presence,1306,1706.0,0.00014147869619434878
P1_thiram_presence,Thiram Presence,1268,1668.0,0.000141391729946986
P1_thiram_presence,Thiram Presence,201,601.0,0.00014126138254349704
P1_thiram_presence,Thiram Presence,1141,1541.0,0.00014110337396782153
P1_thiram_presence,Thiram Presence,1213,1613.0,0.0001409813466226092
P1_thiram_presence,Thiram Presence,95,495.0,0.00014084127302713253
P1_thiram_presence,Thiram Presence,434,834.0,0.00014033127361956594
P1_thiram_presence,Thiram Presence,196,596.0,0.00013998104154642235
P1_thiram_presence,Thiram Presence,1393,1793.0,0.00013959397109802621
P1_thiram_presence,Thiram Presence,206,606.0,0.00013951682772297977
P1_thiram_presence,Thiram Presence,1259,1659.0,0.00013840428259361895
P1_thiram_presence,Thiram Presence,765,1165.0,0.00013792866512092716
P1_thiram_presence,Thiram Presence,938,1338.0,0.00013759057574434593
P1_thiram_presence,Thiram Presence,1050,1450.0,0.0001375512403986427
P1_thiram_presence,Thiram Presence,61,461.0,0.000137533196550388
P1_thiram_presence,Thiram Presence,445,845.0,0.00013706164584011268
P1_thiram_presence,Thiram Presence,886,1286.0,0.00013691154344828776
P1_thiram_presence,Thiram Presence,820,1220.0,0.00013686956467795147
P1_thiram_presence,Thiram Presence,596,996.0,0.00013666905036724845
P1_thiram_presence,Thiram Presence,548,948.0,0.0001358985184424966
P1_thiram_presence,Thiram Presence,1241,1641.0,0.00013583280943970315
P1_thiram_presence,Thiram Presence,1074,1474.0,0.00013580988372119334
P1_thiram_presence,Thiram Presence,856,1256.0,0.00013519407059399633
P1_thiram_presence,Thiram Presence,1343,1743.0,0.00013515875521176755
P1_thiram_presence,Thiram Presence,684,1084.0,0.0001349825049067283
P1_thiram_presence,Thiram Presence,1052,1452.0,0.00013473747340715935
P1_thiram_presence,Thiram Presence,887,1287.0,0.00013436683219452954
P1_thiram_presence,Thiram Presence,199,599.0,0.0001342851293937827
P1_thiram_presence,Thiram Presence,55,455.0,0.000134284671459141
P1_thiram_presence,Thiram Presence,238,638.0,0.0001339228006996175
P1_thiram_presence,Thiram Presence,863,1263.0,0.0001334134956346212
P1_thiram_presence,Thiram Presence,28,428.0,0.00013282140482556278
P1_thiram_presence,Thiram Presence,674,1074.0,0.00013279650890956387
P1_thiram_presence,Thiram Presence,621,1021.0,0.00013275522749417316
P1_thiram_presence,Thiram Presence,988,1388.0,0.00013244538914495698
P1_thiram_presence,Thiram Presence,336,736.0,0.00013235256254185473
P1_thiram_presence,Thiram Presence,595,995.0,0.00013217541267579382
P1_thiram_presence,Thiram Presence,855,1255.0,0.00013129538936321257
P1_thiram_presence,Thiram Presence,1291,1691.0,0.00013058636492676342
P1_thiram_presence,Thiram Presence,1250,1650.0,0.00012999121238485543
P1_thiram_presence,Thiram Presence,715,1115.0,0.00012964843770668335
P1_thiram_presence,Thiram Presence,94,494.0,0.00012960440562059732
P1_thiram_presence,Thiram Presence,800,1200.0,0.00012950988374421914
P1_thiram_presence,Thiram Presence,1360,1760.0,0.00012886725591489855
P1_thiram_presence,Thiram Presence,1382,1782.0,0.00012870087932245264
P1_thiram_presence,Thiram Presence,554,954.0,0.00012847800071464323
P1_thiram_presence,Thiram Presence,71,471.0,0.0001274742601166491
P1_thiram_presence,Thiram Presence,802,1202.0,0.00012727550872350296
P1_thiram_presence,Thiram Presence,1290,1690.0,0.00012652842359520044
P1_thiram_presence,Thiram Presence,60,460.0,0.00012648522777020693
P1_thiram_presence,Thiram Presence,1274,1674.0,0.0001257681827983637
P1_thiram_presence,Thiram Presence,677,1077.0,0.00012573426152356153
P1_thiram_presence,Thiram Presence,1288,1688.0,0.00012530903834833413
P1_thiram_presence,Thiram Presence,259,659.0,0.00012500467715510874
P1_thiram_presence,Thiram Presence,450,850.0,0.00012449871038921982
P1_thiram_presence,Thiram Presence,118,518.0,0.00012390015506947248
P1_thiram_presence,Thiram Presence,546,946.0,0.00012306236926338277
P1_thiram_presence,Thiram Presence,1338,1738.0,0.0001230380963108621
P1_thiram_presence,Thiram Presence,278,678.0,0.0001228283164062362
P1_thiram_presence,Thiram Presence,1359,1759.0,0.00012270294083696653
P1_thiram_presence,Thiram Presence,1075,1475.0,0.00012259251378037798
P1_thiram_presence,Thiram Presence,547,947.0,0.00012247775368382982
P1_thiram_presence,Thiram Presence,606,1006.0,0.00012197314728778518
P1_thiram_presence,Thiram Presence,1333,1733.0,0.0001216504819963347
P1_thiram_presence,Thiram Presence,344,744.0,0.00012119715194529097
P1_thiram_presence,Thiram Presence,456,856.0,0.00012118267433535525
P1_thiram_presence,Thiram Presence,299,699.0,0.00012104444475540743
P1_thiram_presence,Thiram Presence,1366,1766.0,0.0001202543979769758
P1_thiram_presence,Thiram Presence,279,679.0,0.00012018005069452455
P1_thiram_presence,Thiram Presence,1264,1664.0,0.00011979662961087768
P1_thiram_presence,Thiram Presence,1286,1686.0,0.00011977217130896704
P1_thiram_presence,Thiram Presence,179,579.0,0.00011958235556117638
P1_thiram_presence,Thiram Presence,97,497.0,0.0001190420304588687
P1_thiram_presence,Thiram Presence,116,516.0,0.00011866358769749424
P1_thiram_presence,Thiram Presence,992,1392.0,0.00011826681831735886
P1_thiram_presence,Thiram Presence,712,1112.0,0.00011760956789978917
P1_thiram_presence,Thiram Presence,86,486.0,0.00011742297419923436
P1_thiram_presence,Thiram Presence,1247,1647.0,0.0001170462953568892
P1_thiram_presence,Thiram Presence,195,595.0,0.00011684875224437615
P1_thiram_presence,Thiram Presence,902,1302.0,0.00011621993755424471
P1_thiram_presence,Thiram Presence,1059,1459.0,0.00011609772447254022
P1_thiram_presence,Thiram Presence,671,1071.0,0.00011556652066412672
P1_thiram_presence,Thiram Presence,685,1085.0,0.0001151953382994004
P1_thiram_presence,Thiram Presence,1399,1799.0,0.0001150192726635612
P1_thiram_presence,Thiram Presence,617,1017.0,0.00011432044815252104
P1_thiram_presence,Thiram Presence,1060,1460.0,0.00011395253152568037
P1_thiram_presence,Thiram Presence,868,1268.0,0.00011348368216932859
P1_thiram_presence,Thiram Presence,253,653.0,0.00011322333255819349
P1_thiram_presence,Thiram Presence,254,654.0,0.00011259303475899574
P1_thiram_presence,Thiram Presence,26,426.0,0.00011258958389239377
P1_thiram_presence,Thiram Presence,683,1083.0,0.00011255859203827733
P1_thiram_presence,Thiram Presence,1071,1471.0,0.00011210510320487418
P1_thiram_presence,Thiram Presence,1140,1540.0,0.00011210443460777815
P1_thiram_presence,Thiram Presence,1373,1773.0,0.00011198202835737917
P1_thiram_presence,Thiram Presence,258,658.0,0.00011182943716794504
P1_thiram_presence,Thiram Presence,75,475.0,0.00011117460146846477
P1_thiram_presence,Thiram Presence,829,1229.0,0.00011059876369599223
P1_thiram_presence,Thiram Presence,193,593.0,0.00011049930498808523
P1_thiram_presence,Thiram Presence,871,1271.0,0.00010989740250181906
P1_thiram_presence,Thiram Presence,921,1321.0,0.00010944165312314634
P1_thiram_presence,Thiram Presence,550,950.0,0.00010939319210463923
P1_thiram_presence,Thiram Presence,937,1337.0,0.00010927013045950564
P1_thiram_presence,Thiram Presence,27,427.0,0.00010920197812920651
P1_thiram_presence,Thiram Presence,541,941.0,0.00010900388618224941
P1_thiram_presence,Thiram Presence,395,795.0,0.00010899089805899917
P1_thiram_presence,Thiram Presence,1085,1485.0,0.00010873082381706293
P1_thiram_presence,Thiram Presence,73,473.0,0.0001084606593004723
P1_thiram_presence,Thiram Presence,1073,1473.0,0.00010842220356552109
P1_thiram_presence,Thiram Presence,22,422.0,0.00010839647994578016
P1_thiram_presence,Thiram Presence,838,1238.0,0.00010837180157519098
P1_thiram_presence,Thiram Presence,867,1267.0,0.00010828622318644491
P1_thiram_presence,Thiram Presence,641,1041.0,0.00010760189699994473
P1_thiram_presence,Thiram Presence,70,470.0,0.0001075147111480924
P1_thiram_presence,Thiram Presence,777,1177.0,0.00010731490204737782
P1_thiram_presence,Thiram Presence,1086,1486.0,0.00010694382795400346
P1_thiram_presence,Thiram Presence,216,616.0,0.00010631603055985147
P1_thiram_presence,Thiram Presence,821,1221.0,0.00010613565353523027
P1_thiram_presence,Thiram Presence,857,1257.0,0.00010609082478107042
P1_thiram_presence,Thiram Presence,455,855.0,0.00010569510477380642
P1_thiram_presence,Thiram Presence,690,1090.0,0.00010540543814389824
P1_thiram_presence,Thiram Presence,839,1239.0,0.0001051879113682434
P1_thiram_presence,Thiram Presence,458,858.0,0.00010476398001475263
P1_thiram_presence,Thiram Presence,487,887.0,0.00010471600247391852
P1_thiram_presence,Thiram Presence,488,888.0,0.00010467346255937541
P1_thiram_presence,Thiram Presence,104,504.0,0.00010422009558004762
P1_thiram_presence,Thiram Presence,1308,1708.0,0.00010383901096598541
P1_thiram_presence,Thiram Presence,203,603.0,0.00010311427210876783
P1_thiram_presence,Thiram Presence,774,1174.0,0.00010277985833315653
P1_thiram_presence,Thiram Presence,304,704.0,0.00010262280739955734
P1_thiram_presence,Thiram Presence,284,684.0,0.00010224518708815101
P1_thiram_presence,Thiram Presence,466,866.0,0.00010204547326957104
P1_thiram_presence,Thiram Presence,1398,1798.0,0.00010172233781540262
P1_thiram_presence,Thiram Presence,1298,1698.0,0.00010162633886867148
P1_thiram_presence,Thiram Presence,121,521.0,0.00010119419570959804
P1_thiram_presence,Thiram Presence,822,1222.0,0.00010079881150972871
P1_thiram_presence,Thiram Presence,197,597.0,0.00010053842072287659
P1_thiram_presence,Thiram Presence,292,692.0,0.00010032102250387672
P1_thiram_presence,Thiram Presence,1297,1697.0,0.00010010524012266918
P1_thiram_presence,Thiram Presence,1372,1772.0,0.000100045458402447
P1_thiram_presence,Thiram Presence,346,746.0,9.976362904162765e-05
P1_thiram_presence,Thiram Presence,804,1204.0,9.969398493188508e-05
P1_thiram_presence,Thiram Presence,1167,1567.0,9.967058724946599e-05
P1_thiram_presence,Thiram Presence,1374,1774.0,9.955388972875022e-05
P1_thiram_presence,Thiram Presence,1228,1628.0,9.938922250042346e-05
P1_thiram_presence,Thiram Presence,217,617.0,9.927872419887554e-05
P1_thiram_presence,Thiram Presence,319,719.0,9.922704907538986e-05
P1_thiram_presence,Thiram Presence,454,854.0,9.888295430815494e-05
P1_thiram_presence,Thiram Presence,846,1246.0,9.886929599290695e-05
P1_thiram_presence,Thiram Presence,873,1273.0,9.886204724428376e-05
P1_thiram_presence,Thiram Presence,21,421.0,9.784708864626408e-05
P1_thiram_presence,Thiram Presence,166,566.0,9.783308382765362e-05
P1_thiram_presence,Thiram Presence,57,457.0,9.78205103639141e-05
P1_thiram_presence,Thiram Presence,188,588.0,9.749748334399449e-05
P1_thiram_presence,Thiram Presence,96,496.0,9.742674371884539e-05
P1_thiram_presence,Thiram Presence,114,514.0,9.737832151763013e-05
P1_thiram_presence,Thiram Presence,830,1230.0,9.736436990542561e-05
P1_thiram_presence,Thiram Presence,451,851.0,9.700070971340825e-05
P1_thiram_presence,Thiram Presence,555,955.0,9.692055865055542e-05
P1_thiram_presence,Thiram Presence,169,569.0,9.646590332396616e-05
P1_thiram_presence,Thiram Presence,1327,1727.0,9.613488609294258e-05
P1_thiram_presence,Thiram Presence,1061,1461.0,9.581181586412494e-05
P1_thiram_presence,Thiram Presence,99,499.0,9.545213257230945e-05
P1_thiram_presence,Thiram Presence,459,859.0,9.50239874325472e-05
P1_thiram_presence,Thiram Presence,237,637.0,9.45429654679399e-05
P1_thiram_presence,Thiram Presence,837,1237.0,9.453851054898098e-05
P1_thiram_presence,Thiram Presence,1078,1478.0,9.432671308859238e-05
P1_thiram_presence,Thiram Presence,714,1114.0,9.415479207915753e-05
P1_thiram_presence,Thiram Presence,1125,1525.0,9.403836405331836e-05
P1_thiram_presence,Thiram Presence,230,630.0,9.37324495540854e-05
P1_thiram_presence,Thiram Presence,464,864.0,9.367068396561729e-05
P1_thiram_presence,Thiram Presence,1055,1455.0,9.360887545717464e-05
P1_thiram_presence,Thiram Presence,1367,1767.0,9.305648993982977e-05
P1_thiram_presence,Thiram Presence,248,648.0,9.20544922380866e-05
P1_thiram_presence,Thiram Presence,1164,1564.0,9.204982736643122e-05
P1_thiram_presence,Thiram Presence,854,1254.0,9.201200154441728e-05
P1_thiram_presence,Thiram Presence,173,573.0,9.132681410479176e-05
P1_thiram_presence,Thiram Presence,321,721.0,9.09730486175676e-05
P1_thiram_presence,Thiram Presence,465,865.0,8.996802220707123e-05
P1_thiram_presence,Thiram Presence,816,1216.0,8.987676775906287e-05
P1_thiram_presence,Thiram Presence,1040,1440.0,8.972788827893058e-05
P1_thiram_presence,Thiram Presence,923,1323.0,8.968278348345556e-05
P1_thiram_presence,Thiram Presence,1064,1464.0,8.913528102160364e-05
P1_thiram_presence,Thiram Presence,542,942.0,8.883417628301074e-05
P1_thiram_presence,Thiram Presence,251,651.0,8.833210147663862e-05
P1_thiram_presence,Thiram Presence,460,860.0,8.781972559444929e-05
P1_thiram_presence,Thiram Presence,348,748.0,8.738781373980123e-05
P1_thiram_presence,Thiram Presence,809,1209.0,8.711446020630121e-05
P1_thiram_presence,Thiram Presence,1056,1456.0,8.693013051599479e-05
P1_thiram_presence,Thiram Presence,1165,1565.0,8.685779100445298e-05
P1_thiram_presence,Thiram Presence,334,734.0,8.680201415504773e-05
P1_thiram_presence,Thiram Presence,858,1258.0,8.677552195553181e-05
P1_thiram_presence,Thiram Presence,877,1277.0,8.651739338502941e-05
P1_thiram_presence,Thiram Presence,62,462.0,8.625233483520369e-05
P1_thiram_presence,Thiram Presence,272,672.0,8.590161848194669e-05
P1_thiram_presence,Thiram Presence,221,621.0,8.586072236337218e-05
P1_thiram_presence,Thiram Presence,861,1261.0,8.564296208380197e-05
P1_thiram_presence,Thiram Presence,1249,1649.0,8.547376867823533e-05
P1_thiram_presence,Thiram Presence,1239,1639.0,8.514170448556894e-05
P1_thiram_presence,Thiram Presence,952,1352.0,8.495229900791696e-05
P1_thiram_presence,Thiram Presence,924,1324.0,8.427292650157351e-05
P1_thiram_presence,Thiram Presence,482,882.0,8.424423265886205e-05
P1_thiram_presence,Thiram Presence,415,815.0,8.381568043069869e-05
P1_thiram_presence,Thiram Presence,1345,1745.0,8.357024400522259e-05
P1_thiram_presence,Thiram Presence,869,1269.0,8.294452330510812e-05
P1_thiram_presence,Thiram Presence,833,1233.0,8.268211700807373e-05
P1_thiram_presence,Thiram Presence,1392,1792.0,8.258594743117095e-05
P1_thiram_presence,Thiram Presence,848,1248.0,8.251793401004431e-05
P1_thiram_presence,Thiram Presence,1131,1531.0,8.213292612620874e-05
P1_thiram_presence,Thiram Presence,1260,1660.0,8.198703849423197e-05
P1_thiram_presence,Thiram Presence,461,861.0,8.184698338552307e-05
P1_thiram_presence,Thiram Presence,1388,1788.0,8.146506932679148e-05
P1_thiram_presence,Thiram Presence,1043,1443.0,8.085506135554788e-05
P1_thiram_presence,Thiram Presence,469,869.0,8.054404824051496e-05
P1_thiram_presence,Thiram Presence,87,487.0,8.049891929496777e-05
P1_thiram_presence,Thiram Presence,171,571.0,8.042414877921104e-05
P1_thiram_presence,Thiram Presence,1346,1746.0,8.021197243874457e-05
P1_thiram_presence,Thiram Presence,1210,1610.0,7.999569132345887e-05
P1_thiram_presence,Thiram Presence,283,683.0,7.993651202066509e-05
P1_thiram_presence,Thiram Presence,85,485.0,7.971854103213599e-05
P1_thiram_presence,Thiram Presence,1353,1753.0,7.964385289410667e-05
P1_thiram_presence,Thiram Presence,66,466.0,7.958390426908865e-05
P1_thiram_presence,Thiram Presence,1076,1476.0,7.944215726883134e-05
P1_thiram_presence,Thiram Presence,906,1306.0,7.917259574230098e-05
P1_thiram_presence,Thiram Presence,549,949.0,7.913607554138621e-05
P1_thiram_presence,Thiram Presence,872,1272.0,7.896044341833448e-05
P1_thiram_presence,Thiram Presence,316,716.0,7.858381827106683e-05
P1_thiram_presence,Thiram Presence,753,1153.0,7.751924641551656e-05
P1_thiram_presence,Thiram Presence,227,627.0,7.74826125720234e-05
P1_thiram_presence,Thiram Presence,347,747.0,7.744163707953006e-05
P1_thiram_presence,Thiram Presence,1227,1627.0,7.732700726186362e-05
P1_thiram_presence,Thiram Presence,1231,1631.0,7.716721088836233e-05
P1_thiram_presence,Thiram Presence,1375,1775.0,7.706184279704274e-05
P1_thiram_presence,Thiram Presence,225,625.0,7.701107484437633e-05
P1_thiram_presence,Thiram Presence,271,671.0,7.604343727110232e-05
P1_thiram_presence,Thiram Presence,84,484.0,7.570672212671998e-05
P1_thiram_presence,Thiram Presence,204,604.0,7.528720066712522e-05
P1_thiram_presence,Thiram Presence,1369,1769.0,7.502591009013367e-05
P1_thiram_presence,Thiram Presence,1130,1530.0,7.454122800161084e-05
P1_thiram_presence,Thiram Presence,1278,1678.0,7.430466782767325e-05
P1_thiram_presence,Thiram Presence,58,458.0,7.420162363277373e-05
P1_thiram_presence,Thiram Presence,1234,1634.0,7.414971273465368e-05
P1_thiram_presence,Thiram Presence,853,1253.0,7.412462204859151e-05
P1_thiram_presence,Thiram Presence,751,1151.0,7.411618602610582e-05
P1_thiram_presence,Thiram Presence,168,568.0,7.401055018521682e-05
P1_thiram_presence,Thiram Presence,989,1389.0,7.36044241577599e-05
P1_thiram_presence,Thiram Presence,23,423.0,7.344948633639404e-05
P1_thiram_presence,Thiram Presence,222,622.0,7.3088951967148e-05
P1_thiram_presence,Thiram Presence,280,680.0,7.29839130518018e-05
P1_thiram_presence,Thiram Presence,483,883.0,7.286334760199033e-05
P1_thiram_presence,Thiram Presence,828,1228.0,7.268523888556557e-05
P1_thiram_presence,Thiram Presence,1051,1451.0,7.232915753337867e-05
P1_thiram_presence,Thiram Presence,898,1298.0,7.195692958039664e-05
P1_thiram_presence,Thiram Presence,860,1260.0,7.188804880535993e-05
P1_thiram_presence,Thiram Presence,1352,1752.0,7.170189260023062e-05
P1_thiram_presence,Thiram Presence,1123,1523.0,7.140447821870683e-05
P1_thiram_presence,Thiram Presence,247,647.0,7.116575954106095e-05
P1_thiram_presence,Thiram Presence,1072,1472.0,7.026870980867885e-05
P1_thiram_presence,Thiram Presence,74,474.0,7.025637322151287e-05
P1_thiram_presence,Thiram Presence,1065,1465.0,6.972650517590033e-05
P1_thiram_presence,Thiram Presence,844,1244.0,6.941518132169057e-05
P1_thiram_presence,Thiram Presence,1237,1637.0,6.893882923769966e-05
P1_thiram_presence,Thiram Presence,281,681.0,6.861605773994604e-05
P1_thiram_presence,Thiram Presence,1054,1454.0,6.860828375487804e-05
P1_thiram_presence,Thiram Presence,446,846.0,6.781684245866781e-05
P1_thiram_presence,Thiram Presence,1335,1735.0,6.74177646894322e-05
P1_thiram_presence,Thiram Presence,236,636.0,6.735273581980332e-05
P1_thiram_presence,Thiram Presence,1370,1770.0,6.732618104046636e-05
P1_thiram_presence,Thiram Presence,1211,1611.0,6.718171832767655e-05
P1_thiram_presence,Thiram Presence,235,635.0,6.628163775255756e-05
P1_thiram_presence,Thiram Presence,862,1262.0,6.6204961964811e-05
P1_thiram_presence,Thiram Presence,491,891.0,6.612753478994234e-05
P1_thiram_presence,Thiram Presence,1350,1750.0,6.601805030782113e-05
P1_thiram_presence,Thiram Presence,167,567.0,6.573303201722828e-05
P1_thiram_presence,Thiram Presence,252,652.0,6.569949007647534e-05
P1_thiram_presence,Thiram Presence,1225,1625.0,6.548807509967177e-05
P1_thiram_presence,Thiram Presence,831,1231.0,6.519382983456568e-05
P1_thiram_presence,Thiram Presence,249,649.0,6.496559112340367e-05
P1_thiram_presence,Thiram Presence,1163,1563.0,6.421458330536123e-05
P1_thiram_presence,Thiram Presence,614,1014.0,6.405466241867205e-05
P1_thiram_presence,Thiram Presence,852,1252.0,6.383113027375411e-05
P1_thiram_presence,Thiram Presence,486,886.0,6.37745287369338e-05
P1_thiram_presence,Thiram Presence,1289,1689.0,6.362365295247277e-05
P1_thiram_presence,Thiram Presence,840,1240.0,6.336627861930363e-05
P1_thiram_presence,Thiram Presence,608,1008.0,6.275763786096151e-05
P1_thiram_presence,Thiram Presence,449,849.0,6.23073655939653e-05
P1_thiram_presence,Thiram Presence,905,1305.0,6.189915014673333e-05
P1_thiram_presence,Thiram Presence,312,712.0,6.180321984378295e-05
P1_thiram_presence,Thiram Presence,817,1217.0,6.049270628450199e-05
P1_thiram_presence,Thiram Presence,508,908.0,6.04299212565325e-05
P1_thiram_presence,Thiram Presence,1336,1736.0,6.003549416405313e-05
P1_thiram_presence,Thiram Presence,850,1250.0,5.9293490348393274e-05
P1_thiram_presence,Thiram Presence,226,626.0,5.921773877127386e-05
P1_thiram_presence,Thiram Presence,223,623.0,5.907889962748534e-05
P1_thiram_presence,Thiram Presence,1039,1439.0,5.7112889009381584e-05
P1_thiram_presence,Thiram Presence,1317,1717.0,5.6683486613401225e-05
P1_thiram_presence,Thiram Presence,1380,1780.0,5.665152165019677e-05
P1_thiram_presence,Thiram Presence,1236,1636.0,5.6650207428998906e-05
P1_thiram_presence,Thiram Presence,897,1297.0,5.66081644457309e-05
P1_thiram_presence,Thiram Presence,1262,1662.0,5.632119277271504e-05
P1_thiram_presence,Thiram Presence,1166,1566.0,5.626084969866841e-05
P1_thiram_presence,Thiram Presence,1235,1635.0,5.4802730571669954e-05
P1_thiram_presence,Thiram Presence,317,717.0,5.4750039843704124e-05
P1_thiram_presence,Thiram Presence,545,945.0,5.432717684308175e-05
P1_thiram_presence,Thiram Presence,463,863.0,5.40841005518372e-05
P1_thiram_presence,Thiram Presence,566,966.0,5.39836602558913e-05
P1_thiram_presence,Thiram Presence,224,624.0,5.3801908287719324e-05
P1_thiram_presence,Thiram Presence,233,633.0,5.334782012248404e-05
P1_thiram_presence,Thiram Presence,257,657.0,5.3038436484961825e-05
P1_thiram_presence,Thiram Presence,239,639.0,5.206320879754056e-05
P1_thiram_presence,Thiram Presence,1238,1638.0,5.1739773536777994e-05
P1_thiram_presence,Thiram Presence,1261,1661.0,5.1208227392872945e-05
P1_thiram_presence,Thiram Presence,851,1251.0,5.084071137214218e-05
P1_thiram_presence,Thiram Presence,1334,1734.0,5.016045895540794e-05
P1_thiram_presence,Thiram Presence,1277,1677.0,5.011122877719039e-05
P1_thiram_presence,Thiram Presence,24,424.0,4.9466920249475774e-05
P1_thiram_presence,Thiram Presence,756,1156.0,4.8973656980935685e-05
P1_thiram_presence,Thiram Presence,605,1005.0,4.887216015992728e-05
P1_thiram_presence,Thiram Presence,841,1241.0,4.732806454905245e-05
P1_thiram_presence,Thiram Presence,1320,1720.0,4.724408316758822e-05
P1_thiram_presence,Thiram Presence,1265,1665.0,4.701293949752857e-05
P1_thiram_presence,Thiram Presence,1368,1768.0,4.656665872711161e-05
P1_thiram_presence,Thiram Presence,896,1296.0,4.6372863775448604e-05
P1_thiram_presence,Thiram Presence,1053,1453.0,4.552794215589292e-05
P1_thiram_presence,Thiram Presence,818,1218.0,4.5143056926435074e-05
P1_thiram_presence,Thiram Presence,1248,1648.0,4.470148882109674e-05
P1_thiram_presence,Thiram Presence,1328,1728.0,4.42822349973402e-05
P1_thiram_presence,Thiram Presence,843,1243.0,4.4192983104370745e-05
P1_thiram_presence,Thiram Presence,1348,1748.0,4.414789162693605e-05
P1_thiram_presence,Thiram Presence,847,1247.0,4.3891102430690906e-05
P1_thiram_presence,Thiram Presence,1246,1646.0,4.257719992488153e-05
P1_thiram_presence,Thiram Presence,1233,1633.0,4.196497169310836e-05
P1_thiram_presence,Thiram Presence,25,425.0,4.182203588944896e-05
P1_thiram_presence,Thiram Presence,1351,1751.0,4.170575108067237e-05
P1_thiram_presence,Thiram Presence,1232,1632.0,4.076943038597421e-05
P1_thiram_presence,Thiram Presence,904,1304.0,4.0351433331237037e-05
P1_thiram_presence,Thiram Presence,208,608.0,4.0017460862704004e-05
P1_thiram_presence,Thiram Presence,1266,1666.0,3.893798757539717e-05
P1_thiram_presence,Thiram Presence,1319,1719.0,3.8746108457023024e-05
P1_thiram_presence,Thiram Presence,922,1322.0,3.8598715993162415e-05
P1_thiram_presence,Thiram Presence,481,881.0,3.8424909778206895e-05
P1_thiram_presence,Thiram Presence,194,594.0,3.817069620250301e-05
P1_thiram_presence,Thiram Presence,1396,1796.0,3.546336043190611e-05
P1_thiram_presence,Thiram Presence,842,1242.0,3.448503401610103e-05
P1_thiram_presence,Thiram Presence,807,1207.0,3.3080568954014546e-05
P1_thiram_presence,Thiram Presence,1397,1797.0,3.271835623548165e-05
P1_thiram_presence,Thiram Presence,1347,1747.0,3.163397986460271e-05
P1_thiram_presence,Thiram Presence,1276,1676.0,2.924829320501771e-05
P1_thiram_presence,Thiram Presence,607,1007.0,2.842988503814735e-05
P1_thiram_presence,Thiram Presence,83,483.0,2.6093252486671977e-05
P1_thiram_presence,Thiram Presence,1400,1800.0,2.4345775970010915e-05
P1_thiram_presence,Thiram Presence,849,1249.0,2.27932147836015e-05
P1_thiram_presence,Thiram Presence,270,670.0,2.2121787078003566e-05
P1_thiram_presence,Thiram Presence,1371,1771.0,2.0112783044622934e-05
P1_thiram_presence,Thiram Presence,234,634.0,1.999490758762709e-05
P1_thiram_presence,Thiram Presence,480,880.0,1.6213133361677416e-05
P1_thiram_presence,Thiram Presence,1395,1795.0,1.1969673232427148e-05
P1_thiram_presence,Thiram Presence,1378,1778.0,1.0661828091709958e-05
P1_thiram_presence,Thiram Presence,1344,1744.0,1.0293576239216413e-05
P1_thiram_presence,Thiram Presence,1267,1667.0,9.02727468609397e-06
P2_mg_presence,MG Presence,1208,1608.0,0.005759509748076405
P2_mg_presence,MG Presence,768,1168.0,0.005730403437721854
P2_mg_presence,MG Presence,1209,1609.0,0.005095157783385024
P2_mg_presence,MG Presence,769,1169.0,0.004920972699225215
P2_mg_presence,MG Presence,1210,1610.0,0.004804301028569199
P2_mg_presence,MG Presence,816,1216.0,0.004737539894724616
P2_mg_presence,MG Presence,1207,1607.0,0.0047367861423936
P2_mg_presence,MG Presence,1206,1606.0,0.00470456685278807
P2_mg_presence,MG Presence,1211,1611.0,0.004696501597778546
P2_mg_presence,MG Presence,814,1214.0,0.004356030375241003
P2_mg_presence,MG Presence,1213,1613.0,0.004318940229694051
P2_mg_presence,MG Presence,813,1213.0,0.004248045842311199
P2_mg_presence,MG Presence,771,1171.0,0.004241282268647377
P2_mg_presence,MG Presence,772,1172.0,0.004014699770409152
P2_mg_presence,MG Presence,1214,1614.0,0.004006685627086043
P2_mg_presence,MG Presence,773,1173.0,0.00396831333125539
P2_mg_presence,MG Presence,765,1165.0,0.003586724385699873
P2_mg_presence,MG Presence,1212,1612.0,0.003246939588971444
P2_mg_presence,MG Presence,810,1210.0,0.0031178983086079686
P2_mg_presence,MG Presence,994,1394.0,0.0031153188389786814
P2_mg_presence,MG Presence,766,1166.0,0.0031011222729819604
P2_mg_presence,MG Presence,1204,1604.0,0.0029572603519159024
P2_mg_presence,MG Presence,812,1212.0,0.0028617191984152968
P2_mg_presence,MG Presence,770,1170.0,0.00285216423204782
P2_mg_presence,MG Presence,1215,1615.0,0.0028167811375855393
P2_mg_presence,MG Presence,764,1164.0,0.002645700718889548
P2_mg_presence,MG Presence,991,1391.0,0.002570256613788421
P2_mg_presence,MG Presence,1222,1622.0,0.002422604223446118
P2_mg_presence,MG Presence,762,1162.0,0.0024169847144642487
P2_mg_presence,MG Presence,1218,1618.0,0.002385669430922237
P2_mg_presence,MG Presence,811,1211.0,0.002350861403887169
P2_mg_presence,MG Presence,1219,1619.0,0.002316366087066918
P2_mg_presence,MG Presence,992,1392.0,0.0022889791668335015
P2_mg_presence,MG Presence,767,1167.0,0.0022734628185914554
P2_mg_presence,MG Presence,1205,1605.0,0.0021768758283644734
P2_mg_presence,MG Presence,761,1161.0,0.0021691887126987475
P2_mg_presence,MG Presence,815,1215.0,0.0020311357914266697
P2_mg_presence,MG Presence,888,1288.0,0.0019062652641579664
P2_mg_presence,MG Presence,1223,1623.0,0.0018983605004028801
P2_mg_presence,MG Presence,774,1174.0,0.001807596221686369
P2_mg_presence,MG Presence,809,1209.0,0.001803332796238872
P2_mg_presence,MG Presence,382,782.0,0.0017803496121907723
P2_mg_presence,MG Presence,993,1393.0,0.0017764793195980404
P2_mg_presence,MG Presence,890,1290.0,0.0017694362268707734
P2_mg_presence,MG Presence,1220,1620.0,0.0017671853890306925
P2_mg_presence,MG Presence,1122,1522.0,0.0017637811426341097
P2_mg_presence,MG Presence,1216,1616.0,0.0017636694407781243
P2_mg_presence,MG Presence,775,1175.0,0.0017406423290145174
P2_mg_presence,MG Presence,776,1176.0,0.0017368274598085825
P2_mg_presence,MG Presence,893,1293.0,0.0016434927787151031
P2_mg_presence,MG Presence,763,1163.0,0.001638313522367451
P2_mg_presence,MG Presence,897,1297.0,0.001622144578658652
P2_mg_presence,MG Presence,817,1217.0,0.0016022973451950196
P2_mg_presence,MG Presence,743,1143.0,0.0015652210061179953
P2_mg_presence,MG Presence,386,786.0,0.0015504164940888091
P2_mg_presence,MG Presence,163,563.0,0.0015487975007346718
P2_mg_presence,MG Presence,760,1160.0,0.0015256640790751051
P2_mg_presence,MG Presence,11,411.0,0.001517307446958905
P2_mg_presence,MG Presence,388,788.0,0.0015079488126286192
P2_mg_presence,MG Presence,887,1287.0,0.001505951931227094
P2_mg_presence,MG Presence,995,1395.0,0.0014868078842847935
P2_mg_presence,MG Presence,1289,1689.0,0.0014858880646810226
P2_mg_presence,MG Presence,10,410.0,0.001475092378393922
P2_mg_presence,MG Presence,1224,1624.0,0.0014704363896138636
P2_mg_presence,MG Presence,738,1138.0,0.001461668962180819
P2_mg_presence,MG Presence,886,1286.0,0.0014226476553992095
P2_mg_presence,MG Presence,680,1080.0,0.001404006105409766
P2_mg_presence,MG Presence,777,1177.0,0.0014003388530212685
P2_mg_presence,MG Presence,1225,1625.0,0.0013972026217121273
P2_mg_presence,MG Presence,29,429.0,0.0013856996788664537
P2_mg_presence,MG Presence,885,1285.0,0.0013657700135118445
P2_mg_presence,MG Presence,14,414.0,0.0013653831471821293
P2_mg_presence,MG Presence,12,412.0,0.0013535041562965497
P2_mg_presence,MG Presence,313,713.0,0.001323612304740231
P2_mg_presence,MG Presence,944,1344.0,0.001285610467016668
P2_mg_presence,MG Presence,485,885.0,0.001272377368972609
P2_mg_presence,MG Presence,1221,1621.0,0.0012701692800493583
P2_mg_presence,MG Presence,328,728.0,0.0012345725103426802
P2_mg_presence,MG Presence,139,539.0,0.0012225175233963475
P2_mg_presence,MG Presence,394,794.0,0.001219106216054669
P2_mg_presence,MG Presence,695,1095.0,0.0012172206486180605
P2_mg_presence,MG Presence,384,784.0,0.0011882650746357626
P2_mg_presence,MG Presence,697,1097.0,0.0011871861512273642
P2_mg_presence,MG Presence,990,1390.0,0.0011619924666447044
P2_mg_presence,MG Presence,486,886.0,0.0011556073107054671
P2_mg_presence,MG Presence,895,1295.0,0.0011469399265408855
P2_mg_presence,MG Presence,1217,1617.0,0.0011262442691968252
P2_mg_presence,MG Presence,1203,1603.0,0.0011193562132739325
P2_mg_presence,MG Presence,8,408.0,0.0011147100145600718
P2_mg_presence,MG Presence,9,409.0,0.0011091540252117543
P2_mg_presence,MG Presence,331,731.0,0.0010978566163597006
P2_mg_presence,MG Presence,860,1260.0,0.0010959822410011844
P2_mg_presence,MG Presence,808,1208.0,0.0010955233954721966
P2_mg_presence,MG Presence,146,546.0,0.001094738967358935
P2_mg_presence,MG Presence,140,540.0,0.0010921190090443973
P2_mg_presence,MG Presence,3,403.0,0.001087740218823321
P2_mg_presence,MG Presence,142,542.0,0.0010834302439766091
P2_mg_presence,MG Presence,488,888.0,0.0010793502930500922
P2_mg_presence,MG Presence,859,1259.0,0.0010783024935749487
P2_mg_presence,MG Presence,892,1292.0,0.0010729494687921645
P2_mg_presence,MG Presence,1298,1698.0,0.0010670617499127495
P2_mg_presence,MG Presence,312,712.0,0.0010499493646600436
P2_mg_presence,MG Presence,314,714.0,0.001048376723345855
P2_mg_presence,MG Presence,162,562.0,0.001039905723616135
P2_mg_presence,MG Presence,1028,1428.0,0.0010219242717407879
P2_mg_presence,MG Presence,996,1396.0,0.0010106672862335595
P2_mg_presence,MG Presence,103,503.0,0.00099986912375915
P2_mg_presence,MG Presence,894,1294.0,0.0009933753283380023
P2_mg_presence,MG Presence,1106,1506.0,0.000983703676219486
P2_mg_presence,MG Presence,141,541.0,0.000981648474882766
P2_mg_presence,MG Presence,164,564.0,0.0009774577953807994
P2_mg_presence,MG Presence,444,844.0,0.0009669284787037373
P2_mg_presence,MG Presence,31,431.0,0.0009594833969339011
P2_mg_presence,MG Presence,737,1137.0,0.0009586312820574546
P2_mg_presence,MG Presence,389,789.0,0.0009518004355227042
P2_mg_presence,MG Presence,734,1134.0,0.0009423634086063805
P2_mg_presence,MG Presence,889,1289.0,0.000937968175994889
P2_mg_presence,MG Presence,95,495.0,0.0009296094999879302
P2_mg_presence,MG Presence,759,1159.0,0.0009044842814872861
P2_mg_presence,MG Presence,1314,1714.0,0.0009033690029277632
P2_mg_presence,MG Presence,1023,1423.0,0.0008944491176181408
P2_mg_presence,MG Presence,682,1082.0,0.0008805021045262219
P2_mg_presence,MG Presence,108,508.0,0.0008782425050508012
P2_mg_presence,MG Presence,451,851.0,0.000864858731348608
P2_mg_presence,MG Presence,329,729.0,0.0008646654921672473
P2_mg_presence,MG Presence,25,425.0,0.0008632158023912723
P2_mg_presence,MG Presence,466,866.0,0.000862163410724963
P2_mg_presence,MG Presence,1290,1690.0,0.0008600542967807864
P2_mg_presence,MG Presence,165,565.0,0.0008552368384445737
P2_mg_presence,MG Presence,1016,1416.0,0.0008542387160403721
P2_mg_presence,MG Presence,383,783.0,0.0008520112982471208
P2_mg_presence,MG Presence,16,416.0,0.0008505494814245414
P2_mg_presence,MG Presence,456,856.0,0.0008492952263581186
P2_mg_presence,MG Presence,460,860.0,0.000849186153603022
P2_mg_presence,MG Presence,450,850.0,0.0008482310892880736
P2_mg_presence,MG Presence,1296,1696.0,0.000843135125467547
P2_mg_presence,MG Presence,145,545.0,0.0008410909510512292
P2_mg_presence,MG Presence,690,1090.0,0.000839985000310143
P2_mg_presence,MG Presence,896,1296.0,0.0008390974089506721
P2_mg_presence,MG Presence,608,1008.0,0.0008382798179946096
P2_mg_presence,MG Presence,144,544.0,0.0008353531917261931
P2_mg_presence,MG Presence,161,561.0,0.000834644323341563
P2_mg_presence,MG Presence,209,609.0,0.0008338529390743737
P2_mg_presence,MG Presence,951,1351.0,0.0008320138757528331
P2_mg_presence,MG Presence,13,413.0,0.0008290671558584217
P2_mg_presence,MG Presence,447,847.0,0.0008275967951806885
P2_mg_presence,MG Presence,1026,1426.0,0.0008243885611553534
P2_mg_presence,MG Presence,747,1147.0,0.0008232344516983822
P2_mg_presence,MG Presence,982,1382.0,0.000823038879580941
P2_mg_presence,MG Presence,1318,1718.0,0.0008210801488803893
P2_mg_presence,MG Presence,681,1081.0,0.000820969345060049
P2_mg_presence,MG Presence,211,611.0,0.0008194855412531564
P2_mg_presence,MG Presence,959,1359.0,0.0008185749107776293
P2_mg_presence,MG Presence,843,1243.0,0.0008178950136173784
P2_mg_presence,MG Presence,462,862.0,0.0008169462519482068
P2_mg_presence,MG Presence,1286,1686.0,0.000813066437107847
P2_mg_presence,MG Presence,845,1245.0,0.0008099475726671724
P2_mg_presence,MG Presence,26,426.0,0.0008057617204220175
P2_mg_presence,MG Presence,733,1133.0,0.0008055508112277747
P2_mg_presence,MG Presence,1226,1626.0,0.0008050610868531276
P2_mg_presence,MG Presence,148,548.0,0.0007990864734090308
P2_mg_presence,MG Presence,392,792.0,0.0007984626649676616
P2_mg_presence,MG Presence,17,417.0,0.0007975660409504403
P2_mg_presence,MG Presence,143,543.0,0.0007966784262309773
P2_mg_presence,MG Presence,1285,1685.0,0.0007861846416436113
P2_mg_presence,MG Presence,102,502.0,0.0007835942894635696
P2_mg_presence,MG Presence,741,1141.0,0.0007748327585477242
P2_mg_presence,MG Presence,1108,1508.0,0.0007718072883453742
P2_mg_presence,MG Presence,922,1322.0,0.0007686418015787922
P2_mg_presence,MG Presence,899,1299.0,0.0007681015861057216
P2_mg_presence,MG Presence,315,715.0,0.0007627545104651485
P2_mg_presence,MG Presence,1020,1420.0,0.0007609853486406285
P2_mg_presence,MG Presence,24,424.0,0.0007560649917110051
P2_mg_presence,MG Presence,891,1291.0,0.0007516143119965322
P2_mg_presence,MG Presence,1120,1520.0,0.0007511166222201362
P2_mg_presence,MG Presence,1174,1574.0,0.0007507914432087277
P2_mg_presence,MG Presence,672,1072.0,0.0007481384879559393
P2_mg_presence,MG Presence,1300,1700.0,0.0007412543257781896
P2_mg_presence,MG Presence,861,1261.0,0.0007372059047843542
P2_mg_presence,MG Presence,731,1131.0,0.0007358822118111767
P2_mg_presence,MG Presence,745,1145.0,0.0007352233306553261
P2_mg_presence,MG Presence,97,497.0,0.0007320361584944065
P2_mg_presence,MG Presence,33,433.0,0.0007270554317520032
P2_mg_presence,MG Presence,1117,1517.0,0.0007198421298336285
P2_mg_presence,MG Presence,446,846.0,0.0007197773768935227
P2_mg_presence,MG Presence,1202,1602.0,0.0007191923636628703
P2_mg_presence,MG Presence,942,1342.0,0.0007189875704264377
P2_mg_presence,MG Presence,678,1078.0,0.0007102272332948458
P2_mg_presence,MG Presence,18,418.0,0.0007061140380826019
P2_mg_presence,MG Presence,1118,1518.0,0.0007055187978753405
P2_mg_presence,MG Presence,385,785.0,0.0007027956677362654
P2_mg_presence,MG Presence,711,1111.0,0.0007019383559994846
P2_mg_presence,MG Presence,1267,1667.0,0.0007019353640560457
P2_mg_presence,MG Presence,818,1218.0,0.0007002865892890082
P2_mg_presence,MG Presence,716,1116.0,0.0006998659411731351
P2_mg_presence,MG Presence,691,1091.0,0.0006990755078754683
P2_mg_presence,MG Presence,613,1013.0,0.0006968665742346606
P2_mg_presence,MG Presence,2,402.0,0.000695828378702043
P2_mg_presence,MG Presence,430,830.0,0.0006934147589131009
P2_mg_presence,MG Presence,700,1100.0,0.000688873674713326
P2_mg_presence,MG Presence,847,1247.0,0.0006852210632378028
P2_mg_presence,MG Presence,1172,1572.0,0.0006849865663449187
P2_mg_presence,MG Presence,998,1398.0,0.0006829174502076782
P2_mg_presence,MG Presence,602,1002.0,0.0006818828932659768
P2_mg_presence,MG Presence,978,1378.0,0.0006776617993624551
P2_mg_presence,MG Presence,955,1355.0,0.000676443696835948
P2_mg_presence,MG Presence,746,1146.0,0.0006753367234640835
P2_mg_presence,MG Presence,1293,1693.0,0.0006716429556605417
P2_mg_presence,MG Presence,675,1075.0,0.0006688564652667317
P2_mg_presence,MG Presence,918,1318.0,0.0006641212762570306
P2_mg_presence,MG Presence,1104,1504.0,0.0006602185062463788
P2_mg_presence,MG Presence,414,814.0,0.0006555923005152486
P2_mg_presence,MG Presence,1125,1525.0,0.0006552485914955223
P2_mg_presence,MG Presence,742,1142.0,0.0006528290875857071
P2_mg_presence,MG Presence,35,435.0,0.0006524057408923197
P2_mg_presence,MG Presence,848,1248.0,0.0006520283452197053
P2_mg_presence,MG Presence,1154,1554.0,0.0006509606639411841
P2_mg_presence,MG Presence,1025,1425.0,0.0006478168989295486
P2_mg_presence,MG Presence,850,1250.0,0.0006465665207954904
P2_mg_presence,MG Presence,919,1319.0,0.0006454461676958798
P2_mg_presence,MG Presence,748,1148.0,0.0006395702949302709
P2_mg_presence,MG Presence,1351,1751.0,0.0006386281252965432
P2_mg_presence,MG Presence,5,405.0,0.0006367918242410022
P2_mg_presence,MG Presence,949,1349.0,0.000634443775971127
P2_mg_presence,MG Presence,911,1311.0,0.0006340664701758943
P2_mg_presence,MG Presence,676,1076.0,0.0006333569633592837
P2_mg_presence,MG Presence,1227,1627.0,0.0006308066384213209
P2_mg_presence,MG Presence,1354,1754.0,0.0006299610593270286
P2_mg_presence,MG Presence,988,1388.0,0.0006297461074194156
P2_mg_presence,MG Presence,842,1242.0,0.000626882897349862
P2_mg_presence,MG Presence,1283,1683.0,0.0006265093430239473
P2_mg_presence,MG Presence,98,498.0,0.0006257426841032703
P2_mg_presence,MG Presence,863,1263.0,0.0006240373086723787
P2_mg_presence,MG Presence,607,1007.0,0.0006239085912888191
P2_mg_presence,MG Presence,735,1135.0,0.0006228547652456767
P2_mg_presence,MG Presence,436,836.0,0.0006218435819210443
P2_mg_presence,MG Presence,37,437.0,0.0006216269799938449
P2_mg_presence,MG Presence,1,401.0,0.0006179991170780479
P2_mg_presence,MG Presence,1114,1514.0,0.0006177132698664883
P2_mg_presence,MG Presence,147,547.0,0.0006156678911459099
P2_mg_presence,MG Presence,1350,1750.0,0.0006152428256319138
P2_mg_presence,MG Presence,1082,1482.0,0.0006142269707357019
P2_mg_presence,MG Presence,1315,1715.0,0.0006120955143826974
P2_mg_presence,MG Presence,1175,1575.0,0.0006120933994679819
P2_mg_presence,MG Presence,670,1070.0,0.0006115193707550831
P2_mg_presence,MG Presence,379,779.0,0.0006103522357691805
P2_mg_presence,MG Presence,807,1207.0,0.0006092689230234029
P2_mg_presence,MG Presence,1182,1582.0,0.0006091233627617184
P2_mg_presence,MG Presence,19,419.0,0.0006078566952092977
P2_mg_presence,MG Presence,806,1206.0,0.0006059505239567935
P2_mg_presence,MG Presence,858,1258.0,0.0006057752176470178
P2_mg_presence,MG Presence,381,781.0,0.0006037258621863224
P2_mg_presence,MG Presence,1123,1523.0,0.0005992383481405044
P2_mg_presence,MG Presence,623,1023.0,0.0005988738048314739
P2_mg_presence,MG Presence,739,1139.0,0.0005986185956082958
P2_mg_presence,MG Presence,685,1085.0,0.0005982141488639362
P2_mg_presence,MG Presence,1000,1400.0,0.0005978413116800577
P2_mg_presence,MG Presence,442,842.0,0.0005908937776285305
P2_mg_presence,MG Presence,463,863.0,0.0005875799498412965
P2_mg_presence,MG Presence,1165,1565.0,0.0005860637817692588
P2_mg_presence,MG Presence,536,936.0,0.0005858300884708875
P2_mg_presence,MG Presence,720,1120.0,0.0005842110588832375
P2_mg_presence,MG Presence,520,920.0,0.000583706238354031
P2_mg_presence,MG Presence,941,1341.0,0.0005828031590648445
P2_mg_presence,MG Presence,522,922.0,0.0005824003919614681
P2_mg_presence,MG Presence,524,924.0,0.0005819004351902969
P2_mg_presence,MG Presence,1145,1545.0,0.0005807839416154559
P2_mg_presence,MG Presence,1363,1763.0,0.0005804697983535825
P2_mg_presence,MG Presence,987,1387.0,0.0005804621089912152
P2_mg_presence,MG Presence,715,1115.0,0.0005798931362422661
P2_mg_presence,MG Presence,788,1188.0,0.0005796941278757738
P2_mg_presence,MG Presence,867,1267.0,0.000577937936409447
P2_mg_presence,MG Presence,778,1178.0,0.0005776550038355659
P2_mg_presence,MG Presence,950,1350.0,0.0005766546012648049
P2_mg_presence,MG Presence,131,531.0,0.0005758888822294761
P2_mg_presence,MG Presence,965,1365.0,0.00057574167143008
P2_mg_presence,MG Presence,964,1364.0,0.0005754411852496499
P2_mg_presence,MG Presence,712,1112.0,0.0005719226516816624
P2_mg_presence,MG Presence,958,1358.0,0.000570791322889441
P2_mg_presence,MG Presence,198,598.0,0.0005694925726296166
P2_mg_presence,MG Presence,374,774.0,0.0005693990430713993
P2_mg_presence,MG Presence,1299,1699.0,0.0005688097942459727
P2_mg_presence,MG Presence,973,1373.0,0.0005662398787229148
P2_mg_presence,MG Presence,151,551.0,0.0005640804652782792
P2_mg_presence,MG Presence,736,1136.0,0.0005615860053017115
P2_mg_presence,MG Presence,862,1262.0,0.0005614711595512889
P2_mg_presence,MG Presence,1019,1419.0,0.000558868722174223
P2_mg_presence,MG Presence,940,1340.0,0.000556108910553161
P2_mg_presence,MG Presence,758,1158.0,0.0005557534377511098
P2_mg_presence,MG Presence,799,1199.0,0.0005554419046829582
P2_mg_presence,MG Presence,974,1374.0,0.0005524551416382435
P2_mg_presence,MG Presence,945,1345.0,0.0005523946626070929
P2_mg_presence,MG Presence,470,870.0,0.0005513405282602037
P2_mg_presence,MG Presence,1022,1422.0,0.0005509702848970816
P2_mg_presence,MG Presence,1083,1483.0,0.0005474447464706408
P2_mg_presence,MG Presence,937,1337.0,0.0005448626366550232
P2_mg_presence,MG Presence,943,1343.0,0.0005421406350081907
P2_mg_presence,MG Presence,1126,1526.0,0.0005403929133908512
P2_mg_presence,MG Presence,287,687.0,0.0005393173729837742
P2_mg_presence,MG Presence,1352,1752.0,0.0005389964767587979
P2_mg_presence,MG Presence,915,1315.0,0.0005361716174869765
P2_mg_presence,MG Presence,1180,1580.0,0.000535328794382419
P2_mg_presence,MG Presence,688,1088.0,0.0005348368692125098
P2_mg_presence,MG Presence,425,825.0,0.0005347241217899835
P2_mg_presence,MG Presence,137,537.0,0.0005320947626511422
P2_mg_presence,MG Presence,654,1054.0,0.0005312097653119598
P2_mg_presence,MG Presence,989,1389.0,0.0005288861253540594
P2_mg_presence,MG Presence,1102,1502.0,0.0005273451880515233
P2_mg_presence,MG Presence,1017,1417.0,0.0005267523354745446
P2_mg_presence,MG Presence,476,876.0,0.0005266827933935173
P2_mg_presence,MG Presence,979,1379.0,0.0005251197466239586
P2_mg_presence,MG Presence,1251,1651.0,0.0005208882596409706
P2_mg_presence,MG Presence,160,560.0,0.0005206669234826203
P2_mg_presence,MG Presence,354,754.0,0.0005189582048632312
P2_mg_presence,MG Presence,1353,1753.0,0.0005187212658669205
P2_mg_presence,MG Presence,841,1241.0,0.0005184858774971149
P2_mg_presence,MG Presence,109,509.0,0.0005173122175240896
P2_mg_presence,MG Presence,693,1093.0,0.0005162871146077495
P2_mg_presence,MG Presence,323,723.0,0.0005159878537232248
P2_mg_presence,MG Presence,966,1366.0,0.0005148837347193931
P2_mg_presence,MG Presence,393,793.0,0.0005143422795186902
P2_mg_presence,MG Presence,1155,1555.0,0.0005126325560707441
P2_mg_presence,MG Presence,138,538.0,0.0005124086632400034
P2_mg_presence,MG Presence,309,709.0,0.0005116588560517901
P2_mg_presence,MG Presence,351,751.0,0.0005110087192401776
P2_mg_presence,MG Presence,1173,1573.0,0.000510884229426181
P2_mg_presence,MG Presence,99,499.0,0.0005107880568055865
P2_mg_presence,MG Presence,1143,1543.0,0.0005102920695083001
P2_mg_presence,MG Presence,679,1079.0,0.0005070413754784743
P2_mg_presence,MG Presence,90,490.0,0.0005068828545995389
P2_mg_presence,MG Presence,448,848.0,0.0005054430010849543
P2_mg_presence,MG Presence,1330,1730.0,0.0005051920115703557
P2_mg_presence,MG Presence,477,877.0,0.0005049750379044933
P2_mg_presence,MG Presence,519,919.0,0.0005041362433587057
P2_mg_presence,MG Presence,509,909.0,0.0005033050868939637
P2_mg_presence,MG Presence,938,1338.0,0.0005029934082406433
P2_mg_presence,MG Presence,390,790.0,0.0005028258077945652
P2_mg_presence,MG Presence,714,1114.0,0.0005012184100966575
P2_mg_presence,MG Presence,1142,1542.0,0.0004979594613256081
P2_mg_presence,MG Presence,1317,1717.0,0.0004975674409673581
P2_mg_presence,MG Presence,674,1074.0,0.0004970884327335427
P2_mg_presence,MG Presence,311,711.0,0.0004949801547596221
P2_mg_presence,MG Presence,960,1360.0,0.0004948382530197032
P2_mg_presence,MG Presence,1007,1407.0,0.00049408482617028
P2_mg_presence,MG Presence,15,415.0,0.0004927513852099561
P2_mg_presence,MG Presence,967,1367.0,0.0004901118839125403
P2_mg_presence,MG Presence,179,579.0,0.000489981215693042
P2_mg_presence,MG Presence,1030,1430.0,0.0004897323781599964
P2_mg_presence,MG Presence,948,1348.0,0.0004897303620560321
P2_mg_presence,MG Presence,38,438.0,0.0004889050102067732
P2_mg_presence,MG Presence,1109,1509.0,0.00048639436163697364
P2_mg_presence,MG Presence,326,726.0,0.0004850682463088977
P2_mg_presence,MG Presence,1157,1557.0,0.00048492048020242265
P2_mg_presence,MG Presence,1249,1649.0,0.00048224387556527006
P2_mg_presence,MG Presence,1355,1755.0,0.00048181005589971985
P2_mg_presence,MG Presence,924,1324.0,0.00048126007493712433
P2_mg_presence,MG Presence,717,1117.0,0.0004779670144726899
P2_mg_presence,MG Presence,662,1062.0,0.0004774425220853285
P2_mg_presence,MG Presence,1181,1581.0,0.0004772365629946528
P2_mg_presence,MG Presence,273,673.0,0.0004761185342303095
P2_mg_presence,MG Presence,779,1179.0,0.00047579144376227854
P2_mg_presence,MG Presence,864,1264.0,0.0004752928516027483
P2_mg_presence,MG Presence,21,421.0,0.00047505510268195457
P2_mg_presence,MG Presence,1287,1687.0,0.0004743924401640328
P2_mg_presence,MG Presence,489,889.0,0.00047436228349603793
P2_mg_presence,MG Presence,999,1399.0,0.00047254705099933765
P2_mg_presence,MG Presence,1124,1524.0,0.0004718728458141353
P2_mg_presence,MG Presence,1013,1413.0,0.00047030414795831227
P2_mg_presence,MG Presence,401,801.0,0.0004700386470543295
P2_mg_presence,MG Presence,1199,1599.0,0.00046909812341317745
P2_mg_presence,MG Presence,952,1352.0,0.0004671887285997091
P2_mg_presence,MG Presence,251,651.0,0.0004668952000473101
P2_mg_presence,MG Presence,490,890.0,0.0004656135632885917
P2_mg_presence,MG Presence,740,1140.0,0.00046546958349074323
P2_mg_presence,MG Presence,626,1026.0,0.0004643474162739068
P2_mg_presence,MG Presence,32,432.0,0.000463237330437099
P2_mg_presence,MG Presence,744,1144.0,0.0004622399955107708
P2_mg_presence,MG Presence,1261,1661.0,0.00046212402757952255
P2_mg_presence,MG Presence,203,603.0,0.00046159883774883484
P2_mg_presence,MG Presence,443,843.0,0.00046137758483764604
P2_mg_presence,MG Presence,88,488.0,0.00046002407814830885
P2_mg_presence,MG Presence,610,1010.0,0.00045767436899215317
P2_mg_presence,MG Presence,511,911.0,0.00045766062361790903
P2_mg_presence,MG Presence,480,880.0,0.0004576605299295114
P2_mg_presence,MG Presence,28,428.0,0.0004572744090878778
P2_mg_presence,MG Presence,130,530.0,0.0004563730693571433
P2_mg_presence,MG Presence,976,1376.0,0.0004561185943937705
P2_mg_presence,MG Presence,800,1200.0,0.00045508218806287267
P2_mg_presence,MG Presence,352,752.0,0.00045470211503492616
P2_mg_presence,MG Presence,449,849.0,0.00045293850832605714
P2_mg_presence,MG Presence,158,558.0,0.00045292612480761545
P2_mg_presence,MG Presence,1162,1562.0,0.0004524643488220748
P2_mg_presence,MG Presence,663,1063.0,0.0004507017165650176
P2_mg_presence,MG Presence,178,578.0,0.00045065307177548987
P2_mg_presence,MG Presence,196,596.0,0.00044997759243970244
P2_mg_presence,MG Presence,1015,1415.0,0.0004496774249525318
P2_mg_presence,MG Presence,471,871.0,0.00044946833702416044
P2_mg_presence,MG Presence,1008,1408.0,0.00044926590044813914
P2_mg_presence,MG Presence,1115,1515.0,0.00044710908594822527
P2_mg_presence,MG Presence,483,883.0,0.0004468249453475801
P2_mg_presence,MG Presence,970,1370.0,0.0004467701920170853
P2_mg_presence,MG Presence,665,1065.0,0.0004461136718726052
P2_mg_presence,MG Presence,1131,1531.0,0.00044581223927791873
P2_mg_presence,MG Presence,402,802.0,0.00044554352812590153
P2_mg_presence,MG Presence,667,1067.0,0.00044523070006446903
P2_mg_presence,MG Presence,786,1186.0,0.00044500259371703946
P2_mg_presence,MG Presence,453,853.0,0.00044123205776837435
P2_mg_presence,MG Presence,441,841.0,0.0004409021449139588
P2_mg_presence,MG Presence,780,1180.0,0.0004408884742545949
P2_mg_presence,MG Presence,702,1102.0,0.000439115459735438
P2_mg_presence,MG Presence,1270,1670.0,0.0004383128636922707
P2_mg_presence,MG Presence,1097,1497.0,0.00043824610851498985
P2_mg_presence,MG Presence,840,1240.0,0.00043821286610334757
P2_mg_presence,MG Presence,523,923.0,0.0004378196798471919
P2_mg_presence,MG Presence,1119,1519.0,0.0004342762507694044
P2_mg_presence,MG Presence,969,1369.0,0.00043395472961452083
P2_mg_presence,MG Presence,980,1380.0,0.00043215900915705835
P2_mg_presence,MG Presence,391,791.0,0.00043189226555009484
P2_mg_presence,MG Presence,325,725.0,0.0004310291566528142
P2_mg_presence,MG Presence,983,1383.0,0.0004305821145116089
P2_mg_presence,MG Presence,208,608.0,0.00042950945412427823
P2_mg_presence,MG Presence,1052,1452.0,0.0004252635135609468
P2_mg_presence,MG Presence,1113,1513.0,0.0004250638019112349
P2_mg_presence,MG Presence,849,1249.0,0.0004249946579043768
P2_mg_presence,MG Presence,1101,1501.0,0.0004244200400887601
P2_mg_presence,MG Presence,698,1098.0,0.00042333845947922327
P2_mg_presence,MG Presence,730,1130.0,0.00042315620541394426
P2_mg_presence,MG Presence,783,1183.0,0.0004217231512043148
P2_mg_presence,MG Presence,380,780.0,0.00042160820808386824
P2_mg_presence,MG Presence,193,593.0,0.00042070336798209903
P2_mg_presence,MG Presence,434,834.0,0.0004200620115315637
P2_mg_presence,MG Presence,428,828.0,0.0004197167046368059
P2_mg_presence,MG Presence,206,606.0,0.0004168272170187108
P2_mg_presence,MG Presence,1247,1647.0,0.00041675591777847056
P2_mg_presence,MG Presence,1171,1571.0,0.0004159141221077523
P2_mg_presence,MG Presence,422,822.0,0.00041561854725120575
P2_mg_presence,MG Presence,120,520.0,0.00041546229734118126
P2_mg_presence,MG Presence,159,559.0,0.0004151943399280842
P2_mg_presence,MG Presence,288,688.0,0.00041516607057661136
P2_mg_presence,MG Presence,661,1061.0,0.00041227622660182486
P2_mg_presence,MG Presence,975,1375.0,0.00041156262234518415
P2_mg_presence,MG Presence,152,552.0,0.0004107334906564378
P2_mg_presence,MG Presence,1088,1488.0,0.00041043936631793445
P2_mg_presence,MG Presence,830,1230.0,0.0004100510439573936
P2_mg_presence,MG Presence,167,567.0,0.00040986775898414925
P2_mg_presence,MG Presence,1320,1720.0,0.00040903695544107586
P2_mg_presence,MG Presence,1086,1486.0,0.0004075441923039016
P2_mg_presence,MG Presence,939,1339.0,0.0004058190442349217
P2_mg_presence,MG Presence,111,511.0,0.0004049561114822836
P2_mg_presence,MG Presence,1166,1566.0,0.0004043842383579153
P2_mg_presence,MG Presence,846,1246.0,0.00040411634926268485
P2_mg_presence,MG Presence,1031,1431.0,0.00040086554980257514
P2_mg_presence,MG Presence,119,519.0,0.00040030710888753416
P2_mg_presence,MG Presence,399,799.0,0.00040029371494113046
P2_mg_presence,MG Presence,581,981.0,0.00039939716492972836
P2_mg_presence,MG Presence,696,1096.0,0.0003991720510914991
P2_mg_presence,MG Presence,533,933.0,0.00039891060828299026
P2_mg_presence,MG Presence,971,1371.0,0.00039870415828169043
P2_mg_presence,MG Presence,1179,1579.0,0.00039657278164505693
P2_mg_presence,MG Presence,724,1124.0,0.00039631837938868626
P2_mg_presence,MG Presence,1176,1576.0,0.0003952669234613529
P2_mg_presence,MG Presence,96,496.0,0.0003950757482752025
P2_mg_presence,MG Presence,932,1332.0,0.00039506240427479957
P2_mg_presence,MG Presence,1364,1764.0,0.0003947425990110749
P2_mg_presence,MG Presence,1112,1512.0,0.00039415300980201603
P2_mg_presence,MG Presence,440,840.0,0.00039381853102226977
P2_mg_presence,MG Presence,857,1257.0,0.00039373315834561305
P2_mg_presence,MG Presence,1053,1453.0,0.0003928127973207264
P2_mg_presence,MG Presence,798,1198.0,0.0003919363282637887
P2_mg_presence,MG Presence,89,489.0,0.00039110974093190795
P2_mg_presence,MG Presence,660,1060.0,0.00039091703921582396
P2_mg_presence,MG Presence,683,1083.0,0.0003895454050004117
P2_mg_presence,MG Presence,573,973.0,0.0003884945899616295
P2_mg_presence,MG Presence,1153,1553.0,0.0003880230310723424
P2_mg_presence,MG Presence,516,916.0,0.00038774253280380694
P2_mg_presence,MG Presence,236,636.0,0.00038700536814646893
P2_mg_presence,MG Presence,112,512.0,0.0003852802958379302
P2_mg_presence,MG Presence,479,879.0,0.00038463515987060664
P2_mg_presence,MG Presence,962,1362.0,0.00038452957401061594
P2_mg_presence,MG Presence,590,990.0,0.0003841421775461739
P2_mg_presence,MG Presence,1100,1500.0,0.00038393712773549644
P2_mg_presence,MG Presence,398,798.0,0.0003837980642754417
P2_mg_presence,MG Presence,606,1006.0,0.00038350596379068216
P2_mg_presence,MG Presence,191,591.0,0.00038261092592096146
P2_mg_presence,MG Presence,300,700.0,0.0003820637203246474
P2_mg_presence,MG Presence,652,1052.0,0.0003817453217379832
P2_mg_presence,MG Presence,154,554.0,0.000381636664984631
P2_mg_presence,MG Presence,673,1073.0,0.00038102783678736003
P2_mg_presence,MG Presence,404,804.0,0.00038023933287710613
P2_mg_presence,MG Presence,1348,1748.0,0.0003791244966439996
P2_mg_presence,MG Presence,1103,1503.0,0.00037905012139083345
P2_mg_presence,MG Presence,649,1049.0,0.00037890874025576696
P2_mg_presence,MG Presence,1258,1658.0,0.0003781652712968233
P2_mg_presence,MG Presence,0,400.0,0.00037721328693423456
P2_mg_presence,MG Presence,226,626.0,0.00037685651850999103
P2_mg_presence,MG Presence,134,534.0,0.0003756650020828804
P2_mg_presence,MG Presence,438,838.0,0.0003756230731285759
P2_mg_presence,MG Presence,254,654.0,0.0003750984588082066
P2_mg_presence,MG Presence,518,918.0,0.00037373120786512683
P2_mg_presence,MG Presence,387,787.0,0.0003735690895730141
P2_mg_presence,MG Presence,319,719.0,0.0003733183194428596
P2_mg_presence,MG Presence,923,1323.0,0.000372577245225929
P2_mg_presence,MG Presence,1029,1429.0,0.00037255545043694696
P2_mg_presence,MG Presence,1021,1421.0,0.00037251169313331703
P2_mg_presence,MG Presence,1170,1570.0,0.0003722216941957948
P2_mg_presence,MG Presence,105,505.0,0.00037105846807234413
P2_mg_presence,MG Presence,664,1064.0,0.0003706518509836577
P2_mg_presence,MG Presence,669,1069.0,0.0003701349180369114
P2_mg_presence,MG Presence,454,854.0,0.0003700454486398275
P2_mg_presence,MG Presence,487,887.0,0.000369690346530243
P2_mg_presence,MG Presence,1327,1727.0,0.0003696501906985793
P2_mg_presence,MG Presence,1092,1492.0,0.0003695339466951486
P2_mg_presence,MG Presence,375,775.0,0.0003684777105222762
P2_mg_presence,MG Presence,255,655.0,0.0003670860034580604
P2_mg_presence,MG Presence,330,730.0,0.00036692234421371466
P2_mg_presence,MG Presence,1316,1716.0,0.00036685051834084
P2_mg_presence,MG Presence,625,1025.0,0.0003662362135907817
P2_mg_presence,MG Presence,785,1185.0,0.00036497887153692907
P2_mg_presence,MG Presence,844,1244.0,0.00036475924816333687
P2_mg_presence,MG Presence,478,878.0,0.0003637663999150229
P2_mg_presence,MG Presence,534,934.0,0.00036362855107769553
P2_mg_presence,MG Presence,981,1381.0,0.0003635200901972351
P2_mg_presence,MG Presence,1032,1432.0,0.00036293962999599494
P2_mg_presence,MG Presence,1332,1732.0,0.0003628704761105014
P2_mg_presence,MG Presence,180,580.0,0.0003621761934521233
P2_mg_presence,MG Presence,1024,1424.0,0.00036089505475637025
P2_mg_presence,MG Presence,397,797.0,0.0003604292071897264
P2_mg_presence,MG Presence,432,832.0,0.0003600811571192737
P2_mg_presence,MG Presence,839,1239.0,0.0003587291611778574
P2_mg_presence,MG Presence,527,927.0,0.00035834500857890276
P2_mg_presence,MG Presence,1337,1737.0,0.000356692130075406
P2_mg_presence,MG Presence,1005,1405.0,0.00035668369114484394
P2_mg_presence,MG Presence,627,1027.0,0.0003566271034972443
P2_mg_presence,MG Presence,1234,1634.0,0.00035574660898822876
P2_mg_presence,MG Presence,155,555.0,0.0003554573684596809
P2_mg_presence,MG Presence,100,500.0,0.0003552687595604792
P2_mg_presence,MG Presence,935,1335.0,0.00035386559894584174
P2_mg_presence,MG Presence,71,471.0,0.0003535424548203618
P2_mg_presence,MG Presence,953,1353.0,0.00035305902173746846
P2_mg_presence,MG Presence,124,524.0,0.0003526711892337548
P2_mg_presence,MG Presence,757,1157.0,0.00035174566444419486
P2_mg_presence,MG Presence,104,504.0,0.0003507696245329151
P2_mg_presence,MG Presence,1366,1766.0,0.0003501004348614651
P2_mg_presence,MG Presence,253,653.0,0.00034926258489827443
P2_mg_presence,MG Presence,925,1325.0,0.0003491010961587647
P2_mg_presence,MG Presence,461,861.0,0.0003490551128049849
P2_mg_presence,MG Presence,1135,1535.0,0.0003486366890324175
P2_mg_presence,MG Presence,189,589.0,0.0003485863044478087
P2_mg_presence,MG Presence,30,430.0,0.00034792152827733974
P2_mg_presence,MG Presence,972,1372.0,0.00034770022030745706
P2_mg_presence,MG Presence,753,1153.0,0.00034762005315146303
P2_mg_presence,MG Presence,199,599.0,0.00034709446086301945
P2_mg_presence,MG Presence,1079,1479.0,0.00034672153288934016
P2_mg_presence,MG Presence,656,1056.0,0.00034644672249104283
P2_mg_presence,MG Presence,1345,1745.0,0.00034593864642943045
P2_mg_presence,MG Presence,1116,1516.0,0.0003451154350410361
P2_mg_presence,MG Presence,984,1384.0,0.0003450215413360976
P2_mg_presence,MG Presence,934,1334.0,0.00034475020660886387
P2_mg_presence,MG Presence,802,1202.0,0.0003446429234521371
P2_mg_presence,MG Presence,653,1053.0,0.0003443121020425508
P2_mg_presence,MG Presence,631,1031.0,0.0003442367718711668
P2_mg_presence,MG Presence,832,1232.0,0.00034410152786110626
P2_mg_presence,MG Presence,1060,1460.0,0.0003440904722185355
P2_mg_presence,MG Presence,316,716.0,0.0003434827342459144
P2_mg_presence,MG Presence,920,1320.0,0.0003428601129857855
P2_mg_presence,MG Presence,1010,1410.0,0.00034266160304625303
P2_mg_presence,MG Presence,1163,1563.0,0.00034205700934232243
P2_mg_presence,MG Presence,1360,1760.0,0.00034143851629108395
P2_mg_presence,MG Presence,640,1040.0,0.0003413285626472068
P2_mg_presence,MG Presence,429,829.0,0.0003408584981963651
P2_mg_presence,MG Presence,517,917.0,0.00034018690854064373
P2_mg_presence,MG Presence,666,1066.0,0.00033946308036691644
P2_mg_presence,MG Presence,1027,1427.0,0.0003390712558879307
P2_mg_presence,MG Presence,705,1105.0,0.0003379831798095374
P2_mg_presence,MG Presence,1080,1480.0,0.00033666263386338734
P2_mg_presence,MG Presence,1144,1544.0,0.0003358934399979696
P2_mg_presence,MG Presence,153,553.0,0.0003355181849773807
P2_mg_presence,MG Presence,56,456.0,0.0003353015069865266
P2_mg_presence,MG Presence,355,755.0,0.00033468444294506157
P2_mg_presence,MG Presence,865,1265.0,0.0003345603573960343
P2_mg_presence,MG Presence,997,1397.0,0.0003335950453481224
P2_mg_presence,MG Presence,749,1149.0,0.0003331422585054456
P2_mg_presence,MG Presence,873,1273.0,0.00033280931262235963
P2_mg_presence,MG Presence,415,815.0,0.00033238601276897343
P2_mg_presence,MG Presence,93,493.0,0.0003319507159501008
P2_mg_presence,MG Presence,366,766.0,0.0003317845662119257
P2_mg_presence,MG Presence,1034,1434.0,0.0003308990714970396
P2_mg_presence,MG Presence,310,710.0,0.0003301904204342098
P2_mg_presence,MG Presence,1159,1559.0,0.00033012883614478135
P2_mg_presence,MG Presence,632,1032.0,0.00032929777620499003
P2_mg_presence,MG Presence,1128,1528.0,0.00032885242187318653
P2_mg_presence,MG Presence,127,527.0,0.00032767205597184753
P2_mg_presence,MG Presence,452,852.0,0.0003275757019559608
P2_mg_presence,MG Presence,1011,1411.0,0.0003270803395682407
P2_mg_presence,MG Presence,629,1029.0,0.000326503922739986
P2_mg_presence,MG Presence,27,427.0,0.00032362350887323813
P2_mg_presence,MG Presence,1339,1739.0,0.00032350973806035094
P2_mg_presence,MG Presence,639,1039.0,0.00032342543027124915
P2_mg_presence,MG Presence,469,869.0,0.0003232642720252566
P2_mg_presence,MG Presence,92,492.0,0.00032311001567824027
P2_mg_presence,MG Presence,157,557.0,0.0003230210080882223
P2_mg_presence,MG Presence,20,420.0,0.0003229960199834244
P2_mg_presence,MG Presence,927,1327.0,0.00032287064921598
P2_mg_presence,MG Presence,704,1104.0,0.0003227733813264782
P2_mg_presence,MG Presence,181,581.0,0.0003217698839157577
P2_mg_presence,MG Presence,177,577.0,0.0003213196853124089
P2_mg_presence,MG Presence,1268,1668.0,0.0003206351475702829
P2_mg_presence,MG Presence,668,1068.0,0.00032036709076053614
P2_mg_presence,MG Presence,636,1036.0,0.00032005033263230066
P2_mg_presence,MG Presence,694,1094.0,0.00031960329418911064
P2_mg_presence,MG Presence,464,864.0,0.00031939319537296136
P2_mg_presence,MG Presence,838,1238.0,0.0003193616846179248
P2_mg_presence,MG Presence,418,818.0,0.00031897173966760454
P2_mg_presence,MG Presence,172,572.0,0.0003188554437246586
P2_mg_presence,MG Presence,1004,1404.0,0.00031884633679551586
P2_mg_presence,MG Presence,1012,1412.0,0.00031843385996858876
P2_mg_presence,MG Presence,957,1357.0,0.0003184015337213253
P2_mg_presence,MG Presence,465,865.0,0.0003180180739836303
P2_mg_presence,MG Presence,363,763.0,0.0003176796782257993
P2_mg_presence,MG Presence,217,617.0,0.00031722931652895754
P2_mg_presence,MG Presence,1186,1586.0,0.0003170849858443575
P2_mg_presence,MG Presence,101,501.0,0.00031701092147554545
P2_mg_presence,MG Presence,898,1298.0,0.00031637557158182184
P2_mg_presence,MG Presence,535,935.0,0.0003161860587720671
P2_mg_presence,MG Presence,117,517.0,0.0003156290432806
P2_mg_presence,MG Presence,671,1071.0,0.0003154635858413887
P2_mg_presence,MG Presence,150,550.0,0.00031510491231420836
P2_mg_presence,MG Presence,1111,1511.0,0.00031466554692992
P2_mg_presence,MG Presence,377,777.0,0.000314244856769836
P2_mg_presence,MG Presence,445,845.0,0.00031379889944618285
P2_mg_presence,MG Presence,1156,1556.0,0.00031378794054847666
P2_mg_presence,MG Presence,1189,1589.0,0.0003123459820251648
P2_mg_presence,MG Presence,149,549.0,0.00031212297433233244
P2_mg_presence,MG Presence,420,820.0,0.0003120263453807132
P2_mg_presence,MG Presence,1140,1540.0,0.00031151410891521483
P2_mg_presence,MG Presence,1235,1635.0,0.0003110758422631194
P2_mg_presence,MG Presence,182,582.0,0.0003105757273861611
P2_mg_presence,MG Presence,419,819.0,0.000308612444859585
P2_mg_presence,MG Presence,624,1024.0,0.00030778058839763916
P2_mg_presence,MG Presence,635,1035.0,0.0003076866436806676
P2_mg_presence,MG Presence,575,975.0,0.0003068542952645234
P2_mg_presence,MG Presence,1197,1597.0,0.00030671408915524447
P2_mg_presence,MG Presence,274,674.0,0.0003060004786804048
P2_mg_presence,MG Presence,357,757.0,0.00030592431262102803
P2_mg_presence,MG Presence,1374,1774.0,0.00030531413331416526
P2_mg_presence,MG Presence,223,623.0,0.00030450046266979264
P2_mg_presence,MG Presence,308,708.0,0.00030421169579338876
P2_mg_presence,MG Presence,201,601.0,0.0003031264521193879
P2_mg_presence,MG Presence,647,1047.0,0.00030292885780004985
P2_mg_presence,MG Presence,677,1077.0,0.0003025822236782073
P2_mg_presence,MG Presence,1087,1487.0,0.00030255199697721977
P2_mg_presence,MG Presence,827,1227.0,0.00030226160792829365
P2_mg_presence,MG Presence,537,937.0,0.0003013646719617876
P2_mg_presence,MG Presence,34,434.0,0.0003005705065381016
P2_mg_presence,MG Presence,259,659.0,0.00030024987540213483
P2_mg_presence,MG Presence,725,1125.0,0.00030011172087607394
P2_mg_presence,MG Presence,457,857.0,0.0002992664158403617
P2_mg_presence,MG Presence,586,986.0,0.0002990194873766701
P2_mg_presence,MG Presence,701,1101.0,0.00029755376100340617
P2_mg_presence,MG Presence,684,1084.0,0.00029745607146967835
P2_mg_presence,MG Presence,956,1356.0,0.00029668292217904086
P2_mg_presence,MG Presence,916,1316.0,0.00029656402649247556
P2_mg_presence,MG Presence,1349,1749.0,0.00029655817456979405
P2_mg_presence,MG Presence,266,666.0,0.0002961596355617998
P2_mg_presence,MG Presence,512,912.0,0.0002956504469671709
P2_mg_presence,MG Presence,719,1119.0,0.0002954433293969547
P2_mg_presence,MG Presence,324,724.0,0.00029480332710285864
P2_mg_presence,MG Presence,584,984.0,0.0002941570171741013
P2_mg_presence,MG Presence,1085,1485.0,0.00029361138960002324
P2_mg_presence,MG Presence,531,931.0,0.0002934751330921346
P2_mg_presence,MG Presence,497,897.0,0.0002932793259349984
P2_mg_presence,MG Presence,359,759.0,0.0002931865762457169
P2_mg_presence,MG Presence,1243,1643.0,0.0002929691512425679
P2_mg_presence,MG Presence,194,594.0,0.00029239562626343806
P2_mg_presence,MG Presence,530,930.0,0.0002909256816462164
P2_mg_presence,MG Presence,136,536.0,0.0002907419050590772
P2_mg_presence,MG Presence,913,1313.0,0.0002905468601052665
P2_mg_presence,MG Presence,687,1087.0,0.00029013365618151525
P2_mg_presence,MG Presence,1057,1457.0,0.00028984192591249554
P2_mg_presence,MG Presence,55,455.0,0.000289627378079008
P2_mg_presence,MG Presence,166,566.0,0.0002895686082152837
P2_mg_presence,MG Presence,1200,1600.0,0.00028892720013470364
P2_mg_presence,MG Presence,1081,1481.0,0.00028879190791464
P2_mg_presence,MG Presence,403,803.0,0.00028872077074468836
P2_mg_presence,MG Presence,473,873.0,0.00028649877525142837
P2_mg_presence,MG Presence,538,938.0,0.0002864214097934328
P2_mg_presence,MG Presence,628,1028.0,0.0002863039154185311
P2_mg_presence,MG Presence,174,574.0,0.0002861106238595961
P2_mg_presence,MG Presence,1084,1484.0,0.0002860721289811681
P2_mg_presence,MG Presence,1006,1406.0,0.0002849427172850094
P2_mg_presence,MG Presence,1168,1568.0,0.00028429629851834916
P2_mg_presence,MG Presence,1072,1472.0,0.0002836142887611325
P2_mg_presence,MG Presence,651,1051.0,0.00028356173856075795
P2_mg_presence,MG Presence,528,928.0,0.00028341283674759507
P2_mg_presence,MG Presence,912,1312.0,0.00028326221409205886
P2_mg_presence,MG Presence,1177,1577.0,0.0002829834731707352
P2_mg_presence,MG Presence,930,1330.0,0.0002828726816617368
P2_mg_presence,MG Presence,689,1089.0,0.00028274045127694286
P2_mg_presence,MG Presence,1292,1692.0,0.00028213253873060075
P2_mg_presence,MG Presence,727,1127.0,0.0002820967517862449
P2_mg_presence,MG Presence,1334,1734.0,0.0002820194661182904
P2_mg_presence,MG Presence,205,605.0,0.00028180506800864656
P2_mg_presence,MG Presence,433,833.0,0.0002815317830782654
P2_mg_presence,MG Presence,364,764.0,0.00028142397757513244
P2_mg_presence,MG Presence,1105,1505.0,0.00028120255615656013
P2_mg_presence,MG Presence,1161,1561.0,0.0002808448895214818
P2_mg_presence,MG Presence,248,648.0,0.0002805729073437578
P2_mg_presence,MG Presence,1075,1475.0,0.00028040479125004047
P2_mg_presence,MG Presence,499,899.0,0.0002802263585988029
P2_mg_presence,MG Presence,1239,1639.0,0.0002800698584586105
P2_mg_presence,MG Presence,156,556.0,0.0002795232134227747
P2_mg_presence,MG Presence,1107,1507.0,0.00027882640563958234
P2_mg_presence,MG Presence,1077,1477.0,0.0002787298855359179
P2_mg_presence,MG Presence,1248,1648.0,0.0002785234252300458
P2_mg_presence,MG Presence,227,627.0,0.00027810414099746413
P2_mg_presence,MG Presence,1246,1646.0,0.0002777984103921963
P2_mg_presence,MG Presence,474,874.0,0.0002774768760400012
P2_mg_presence,MG Presence,1228,1628.0,0.00027746507067662873
P2_mg_presence,MG Presence,1158,1558.0,0.00027664687715059214
P2_mg_presence,MG Presence,110,510.0,0.0002760811479995805
P2_mg_presence,MG Presence,954,1354.0,0.00027595026319789085
P2_mg_presence,MG Presence,321,721.0,0.0002758149529999751
P2_mg_presence,MG Presence,507,907.0,0.0002757822185452318
P2_mg_presence,MG Presence,498,898.0,0.0002753119657854378
P2_mg_presence,MG Presence,238,638.0,0.0002751884511398805
P2_mg_presence,MG Presence,305,705.0,0.0002751205731034758
P2_mg_presence,MG Presence,1066,1466.0,0.00027447215915016543
P2_mg_presence,MG Presence,54,454.0,0.00027445360091165943
P2_mg_presence,MG Presence,819,1219.0,0.00027403356964671345
P2_mg_presence,MG Presence,1002,1402.0,0.00027378029239489985
P2_mg_presence,MG Presence,963,1363.0,0.00027342813257665336
P2_mg_presence,MG Presence,901,1301.0,0.00027193404865762365
P2_mg_presence,MG Presence,914,1314.0,0.0002718686520799093
P2_mg_presence,MG Presence,801,1201.0,0.0002713105302534793
P2_mg_presence,MG Presence,926,1326.0,0.00027089979580628487
P2_mg_presence,MG Presence,365,765.0,0.0002708129647634895
P2_mg_presence,MG Presence,250,650.0,0.0002698192910860815
P2_mg_presence,MG Presence,604,1004.0,0.0002685771128667827
P2_mg_presence,MG Presence,94,494.0,0.0002682479708542791
P2_mg_presence,MG Presence,588,988.0,0.00026797344262407483
P2_mg_presence,MG Presence,458,858.0,0.00026707006881746405
P2_mg_presence,MG Presence,215,615.0,0.0002657871310317273
P2_mg_presence,MG Presence,85,485.0,0.0002654267795460369
P2_mg_presence,MG Presence,123,523.0,0.00026517058304624763
P2_mg_presence,MG Presence,22,422.0,0.0002637287293812536
P2_mg_presence,MG Presence,659,1059.0,0.0002636710652454465
P2_mg_presence,MG Presence,1018,1418.0,0.0002616888870946263
P2_mg_presence,MG Presence,235,635.0,0.00026117544081550204
P2_mg_presence,MG Presence,921,1321.0,0.0002610108940015157
P2_mg_presence,MG Presence,594,994.0,0.0002608274184463765
P2_mg_presence,MG Presence,1229,1629.0,0.0002603226431436909
P2_mg_presence,MG Presence,1167,1567.0,0.00026002652334310085
P2_mg_presence,MG Presence,467,867.0,0.00025967890762618054
P2_mg_presence,MG Presence,257,657.0,0.00025940000961250823
P2_mg_presence,MG Presence,297,697.0,0.0002588467535163668
P2_mg_presence,MG Presence,1164,1564.0,0.00025746794357147035
P2_mg_presence,MG Presence,356,756.0,0.00025722996515818394
P2_mg_presence,MG Presence,107,507.0,0.00025714966857284214
P2_mg_presence,MG Presence,7,407.0,0.0002571139103501402
P2_mg_presence,MG Presence,1178,1578.0,0.00025680475725777023
P2_mg_presence,MG Presence,985,1385.0,0.0002563103241227887
P2_mg_presence,MG Presence,686,1086.0,0.00025537803889989785
P2_mg_presence,MG Presence,407,807.0,0.0002551942505121032
P2_mg_presence,MG Presence,4,404.0,0.0002549877312281372
P2_mg_presence,MG Presence,726,1126.0,0.0002548387841815942
P2_mg_presence,MG Presence,1110,1510.0,0.0002545663988802902
P2_mg_presence,MG Presence,929,1329.0,0.0002535673071480486
P2_mg_presence,MG Presence,44,444.0,0.0002532346877839062
P2_mg_presence,MG Presence,642,1042.0,0.00025320912384491605
P2_mg_presence,MG Presence,1146,1546.0,0.00025284583698828214
P2_mg_presence,MG Presence,170,570.0,0.0002526771491434565
P2_mg_presence,MG Presence,115,515.0,0.0002524225544740035
P2_mg_presence,MG Presence,728,1128.0,0.0002521488369310307
P2_mg_presence,MG Presence,202,602.0,0.0002518980367984021
P2_mg_presence,MG Presence,116,516.0,0.000251533821286749
P2_mg_presence,MG Presence,378,778.0,0.00025107831512717767
P2_mg_presence,MG Presence,135,535.0,0.0002510427911842852
P2_mg_presence,MG Presence,175,575.0,0.0002507360746653157
P2_mg_presence,MG Presence,977,1377.0,0.00025041130896710627
P2_mg_presence,MG Presence,634,1034.0,0.00024956874358046633
P2_mg_presence,MG Presence,318,718.0,0.0002494998390408027
P2_mg_presence,MG Presence,204,604.0,0.0002492458618893053
P2_mg_presence,MG Presence,1059,1459.0,0.0002489668240914911
P2_mg_presence,MG Presence,797,1197.0,0.00024875439658859807
P2_mg_presence,MG Presence,47,447.0,0.0002470759210391491
P2_mg_presence,MG Presence,1099,1499.0,0.0002467786137628306
P2_mg_presence,MG Presence,335,735.0,0.0002466883914667026
P2_mg_presence,MG Presence,427,827.0,0.0002464012874460361
P2_mg_presence,MG Presence,91,491.0,0.00024582552538332487
P2_mg_presence,MG Presence,1074,1474.0,0.0002455165679431713
P2_mg_presence,MG Presence,77,477.0,0.00024551347431990057
P2_mg_presence,MG Presence,213,613.0,0.00024460593985651413
P2_mg_presence,MG Presence,46,446.0,0.00024372634181287492
P2_mg_presence,MG Presence,233,633.0,0.0002436103837649048
P2_mg_presence,MG Presence,599,999.0,0.00024320063512357965
P2_mg_presence,MG Presence,421,821.0,0.00024304477728544392
P2_mg_presence,MG Presence,883,1283.0,0.00024256285131525664
P2_mg_presence,MG Presence,936,1336.0,0.00024244818014907202
P2_mg_presence,MG Presence,1014,1414.0,0.0002421718260795834
P2_mg_presence,MG Presence,851,1251.0,0.0002421062304225192
P2_mg_presence,MG Presence,529,929.0,0.00024043740546355493
P2_mg_presence,MG Presence,1127,1527.0,0.00023935414044874584
P2_mg_presence,MG Presence,706,1106.0,0.00023934273912214513
P2_mg_presence,MG Presence,525,925.0,0.00023925174927382284
P2_mg_presence,MG Presence,622,1022.0,0.0002389674778022571
P2_mg_presence,MG Presence,225,625.0,0.0002386400475041905
P2_mg_presence,MG Presence,870,1270.0,0.00023821562859232309
P2_mg_presence,MG Presence,431,831.0,0.00023816242053253115
P2_mg_presence,MG Presence,229,629.0,0.0002378019702577574
P2_mg_presence,MG Presence,1063,1463.0,0.0002376358232743963
P2_mg_presence,MG Presence,1185,1585.0,0.0002368126904810124
P2_mg_presence,MG Presence,1264,1664.0,0.00023600319889194418
P2_mg_presence,MG Presence,909,1309.0,0.0002358956633829741
P2_mg_presence,MG Presence,589,989.0,0.0002356391597789665
P2_mg_presence,MG Presence,332,732.0,0.00023505933085799316
P2_mg_presence,MG Presence,1376,1776.0,0.0002340517151326064
P2_mg_presence,MG Presence,709,1109.0,0.00023360100722820195
P2_mg_presence,MG Presence,210,610.0,0.00023261576610189208
P2_mg_presence,MG Presence,514,914.0,0.0002321484589412112
P2_mg_presence,MG Presence,834,1234.0,0.00023185366806988087
P2_mg_presence,MG Presence,1036,1436.0,0.00023147150442815926
P2_mg_presence,MG Presence,73,473.0,0.00023085135127598819
P2_mg_presence,MG Presence,784,1184.0,0.00023066720409717128
P2_mg_presence,MG Presence,334,734.0,0.00023022561458207235
P2_mg_presence,MG Presence,168,568.0,0.0002299834725127744
P2_mg_presence,MG Presence,961,1361.0,0.00022971587419092564
P2_mg_presence,MG Presence,782,1182.0,0.00022891485167915272
P2_mg_presence,MG Presence,320,720.0,0.00022863456881821618
P2_mg_presence,MG Presence,721,1121.0,0.0002282460637823249
P2_mg_presence,MG Presence,6,406.0,0.0002279798870430054
P2_mg_presence,MG Presence,884,1284.0,0.00022782682458728724
P2_mg_presence,MG Presence,1134,1534.0,0.00022763548831216716
P2_mg_presence,MG Presence,322,722.0,0.00022750387175313484
P2_mg_presence,MG Presence,591,991.0,0.0002257429778627967
P2_mg_presence,MG Presence,946,1346.0,0.00022458474148726322
P2_mg_presence,MG Presence,36,436.0,0.0002245789789366251
P2_mg_presence,MG Presence,301,701.0,0.00022448699540226095
P2_mg_presence,MG Presence,265,665.0,0.00022438135686193682
P2_mg_presence,MG Presence,126,526.0,0.00022423360360245744
P2_mg_presence,MG Presence,1130,1530.0,0.00022352650094047935
P2_mg_presence,MG Presence,754,1154.0,0.00022279090639821468
P2_mg_presence,MG Presence,789,1189.0,0.0002227072407310977
P2_mg_presence,MG Presence,835,1235.0,0.0002225529843227767
P2_mg_presence,MG Presence,603,1003.0,0.00022242651949438982
P2_mg_presence,MG Presence,570,970.0,0.00022214236329980348
P2_mg_presence,MG Presence,1056,1456.0,0.00022208713323488186
P2_mg_presence,MG Presence,564,964.0,0.0002219714609244627
P2_mg_presence,MG Presence,252,652.0,0.00022196186182629914
P2_mg_presence,MG Presence,1237,1637.0,0.00022103207116298498
P2_mg_presence,MG Presence,931,1331.0,0.00022086578047819612
P2_mg_presence,MG Presence,426,826.0,0.0002207534092203835
P2_mg_presence,MG Presence,1333,1733.0,0.00022051721231128993
P2_mg_presence,MG Presence,615,1015.0,0.0002203371419155448
P2_mg_presence,MG Presence,1091,1491.0,0.00022004508566452318
P2_mg_presence,MG Presence,184,584.0,0.00021900858890541524
P2_mg_presence,MG Presence,70,470.0,0.00021854325814130228
P2_mg_presence,MG Presence,1322,1722.0,0.00021854128761090934
P2_mg_presence,MG Presence,1297,1697.0,0.00021720612973033114
P2_mg_presence,MG Presence,289,689.0,0.0002162583343836792
P2_mg_presence,MG Presence,113,513.0,0.00021625363059706506
P2_mg_presence,MG Presence,405,805.0,0.00021614445379576023
P2_mg_presence,MG Presence,249,649.0,0.00021608489750490553
P2_mg_presence,MG Presence,1183,1583.0,0.0002158396119307517
P2_mg_presence,MG Presence,641,1041.0,0.00021504165552637287
P2_mg_presence,MG Presence,468,868.0,0.00021413069414186355
P2_mg_presence,MG Presence,790,1190.0,0.00021404885051405713
P2_mg_presence,MG Presence,917,1317.0,0.00021363096092585817
P2_mg_presence,MG Presence,302,702.0,0.00021360617596924186
P2_mg_presence,MG Presence,868,1268.0,0.00021345213908679873
P2_mg_presence,MG Presence,187,587.0,0.00021315540233608104
P2_mg_presence,MG Presence,1233,1633.0,0.00021304501277764765
P2_mg_presence,MG Presence,692,1092.0,0.00021292079367443866
P2_mg_presence,MG Presence,1399,1799.0,0.0002129072849557376
P2_mg_presence,MG Presence,601,1001.0,0.000212609810657608
P2_mg_presence,MG Presence,307,707.0,0.00021257880113218034
P2_mg_presence,MG Presence,129,529.0,0.00021214897517921538
P2_mg_presence,MG Presence,1001,1401.0,0.00021200080371556418
P2_mg_presence,MG Presence,125,525.0,0.00021165478614853478
P2_mg_presence,MG Presence,576,976.0,0.00021152625113385004
P2_mg_presence,MG Presence,411,811.0,0.00021071142636759423
P2_mg_presence,MG Presence,657,1057.0,0.00021018271514669702
P2_mg_presence,MG Presence,341,741.0,0.00020973381236004106
P2_mg_presence,MG Presence,1282,1682.0,0.00020938966764399387
P2_mg_presence,MG Presence,1169,1569.0,0.00020930374589808682
P2_mg_presence,MG Presence,437,837.0,0.00020870801527358775
P2_mg_presence,MG Presence,41,441.0,0.00020863228360420597
P2_mg_presence,MG Presence,836,1236.0,0.0002084656353770428
P2_mg_presence,MG Presence,337,737.0,0.00020836942340374097
P2_mg_presence,MG Presence,247,647.0,0.0002079152433726813
P2_mg_presence,MG Presence,881,1281.0,0.0002075095491671459
P2_mg_presence,MG Presence,515,915.0,0.0002073665091924485
P2_mg_presence,MG Presence,327,727.0,0.0002067206728021543
P2_mg_presence,MG Presence,218,618.0,0.0002066121979947818
P2_mg_presence,MG Presence,539,939.0,0.00020612929315458838
P2_mg_presence,MG Presence,333,733.0,0.00020586601313082558
P2_mg_presence,MG Presence,361,761.0,0.00020569758859101788
P2_mg_presence,MG Presence,299,699.0,0.00020546963985240064
P2_mg_presence,MG Presence,133,533.0,0.0002054087582667605
P2_mg_presence,MG Presence,1133,1533.0,0.00020537165658433243
P2_mg_presence,MG Presence,605,1005.0,0.00020513936080942668
P2_mg_presence,MG Presence,260,660.0,0.00020482443357266365
P2_mg_presence,MG Presence,472,872.0,0.00020434579297939264
P2_mg_presence,MG Presence,121,521.0,0.00020371341107339384
P2_mg_presence,MG Presence,424,824.0,0.00020370060301058745
P2_mg_presence,MG Presence,1295,1695.0,0.00020334778467844957
P2_mg_presence,MG Presence,718,1118.0,0.000203342388531021
P2_mg_presence,MG Presence,1187,1587.0,0.00020305982698747395
P2_mg_presence,MG Presence,360,760.0,0.00020305523246496451
P2_mg_presence,MG Presence,571,971.0,0.000202786503868338
P2_mg_presence,MG Presence,1359,1759.0,0.00020275002263521474
P2_mg_presence,MG Presence,1284,1684.0,0.0002024190437597774
P2_mg_presence,MG Presence,1312,1712.0,0.0002014343987010653
P2_mg_presence,MG Presence,1301,1701.0,0.00020104373066084948
P2_mg_presence,MG Presence,23,423.0,0.0001997383787981063
P2_mg_presence,MG Presence,947,1347.0,0.0001988819822538114
P2_mg_presence,MG Presence,1378,1778.0,0.00019808901326532531
P2_mg_presence,MG Presence,1051,1451.0,0.00019770303086790903
P2_mg_presence,MG Presence,852,1252.0,0.00019702125348698829
P2_mg_presence,MG Presence,1304,1704.0,0.00019690170922191698
P2_mg_presence,MG Presence,114,514.0,0.00019670049895902894
P2_mg_presence,MG Presence,60,460.0,0.00019622554532518284
P2_mg_presence,MG Presence,1003,1403.0,0.00019582614753797632
P2_mg_presence,MG Presence,1121,1521.0,0.00019493011185240576
P2_mg_presence,MG Presence,580,980.0,0.00019472152419178142
P2_mg_presence,MG Presence,1367,1767.0,0.00019446505764826472
P2_mg_presence,MG Presence,968,1368.0,0.000194052472827067
P2_mg_presence,MG Presence,795,1195.0,0.0001933483970235498
P2_mg_presence,MG Presence,270,670.0,0.000192990909440824
P2_mg_presence,MG Presence,1346,1746.0,0.00019244626501045342
P2_mg_presence,MG Presence,1198,1598.0,0.00019181194879660466
P2_mg_presence,MG Presence,376,776.0,0.00019165907311666764
P2_mg_presence,MG Presence,1383,1783.0,0.0001909687673060649
P2_mg_presence,MG Presence,400,800.0,0.0001896676217273946
P2_mg_presence,MG Presence,1152,1552.0,0.0001893154803991049
P2_mg_presence,MG Presence,1048,1448.0,0.0001892333401671414
P2_mg_presence,MG Presence,1196,1596.0,0.00018918900732838574
P2_mg_presence,MG Presence,986,1386.0,0.0001886584053474964
P2_mg_presence,MG Presence,1184,1584.0,0.00018865226129431074
P2_mg_presence,MG Presence,1049,1449.0,0.00018752090495649664
P2_mg_presence,MG Presence,304,704.0,0.00018723575358008435
P2_mg_presence,MG Presence,1326,1726.0,0.0001861416433650644
P2_mg_presence,MG Presence,1195,1595.0,0.0001858435181239267
P2_mg_presence,MG Presence,1047,1447.0,0.00018568283215740706
P2_mg_presence,MG Presence,1093,1493.0,0.00018533874710604238
P2_mg_presence,MG Presence,1281,1681.0,0.00018513314848795333
P2_mg_presence,MG Presence,439,839.0,0.00018511707865495218
P2_mg_presence,MG Presence,192,592.0,0.00018496083603244913
P2_mg_presence,MG Presence,306,706.0,0.00018456291646197872
P2_mg_presence,MG Presence,475,875.0,0.00018447685490942967
P2_mg_presence,MG Presence,1193,1593.0,0.00018423611393173845
P2_mg_presence,MG Presence,755,1155.0,0.00018418999107042025
P2_mg_presence,MG Presence,1365,1765.0,0.00018412164710039574
P2_mg_presence,MG Presence,1338,1738.0,0.0001839178849076978
P2_mg_presence,MG Presence,550,950.0,0.0001837557169893732
P2_mg_presence,MG Presence,794,1194.0,0.00018349268208792577
P2_mg_presence,MG Presence,455,855.0,0.00018326239516648393
P2_mg_presence,MG Presence,500,900.0,0.00018292323493972204
P2_mg_presence,MG Presence,643,1043.0,0.0001827898235163864
P2_mg_presence,MG Presence,232,632.0,0.00018262595500753693
P2_mg_presence,MG Presence,574,974.0,0.00018247669025944297
P2_mg_presence,MG Presence,484,884.0,0.00018233151701177789
P2_mg_presence,MG Presence,1045,1445.0,0.0001818229117333898
P2_mg_presence,MG Presence,246,646.0,0.0001815901571274447
P2_mg_presence,MG Presence,633,1033.0,0.00018151233358167982
P2_mg_presence,MG Presence,833,1233.0,0.00018145747382411348
P2_mg_presence,MG Presence,197,597.0,0.0001812755351898205
P2_mg_presence,MG Presence,1188,1588.0,0.00018109473416701502
P2_mg_presence,MG Presence,345,745.0,0.00018091696493275811
P2_mg_presence,MG Presence,1230,1630.0,0.00018085625916328048
P2_mg_presence,MG Presence,190,590.0,0.0001807952712582636
P2_mg_presence,MG Presence,481,881.0,0.00018058468382353292
P2_mg_presence,MG Presence,294,694.0,0.00018022876939085837
P2_mg_presence,MG Presence,1050,1450.0,0.00017963573655788162
P2_mg_presence,MG Presence,781,1181.0,0.00017960748218319417
P2_mg_presence,MG Presence,869,1269.0,0.00017941268971301714
P2_mg_presence,MG Presence,243,643.0,0.00017915104753256895
P2_mg_presence,MG Presence,597,997.0,0.00017903023956790566
P2_mg_presence,MG Presence,118,518.0,0.00017899621842070452
P2_mg_presence,MG Presence,207,607.0,0.00017889336065158673
P2_mg_presence,MG Presence,804,1204.0,0.00017886352531065988
P2_mg_presence,MG Presence,1089,1489.0,0.00017849615377975593
P2_mg_presence,MG Presence,752,1152.0,0.0001777960464836585
P2_mg_presence,MG Presence,638,1038.0,0.00017779072016808455
P2_mg_presence,MG Presence,1273,1673.0,0.0001776748481900666
P2_mg_presence,MG Presence,1141,1541.0,0.00017757353435601196
P2_mg_presence,MG Presence,317,717.0,0.00017749555182255695
P2_mg_presence,MG Presence,406,806.0,0.00017737747024999296
P2_mg_presence,MG Presence,1256,1656.0,0.00017724246781722052
P2_mg_presence,MG Presence,1160,1560.0,0.00017714382429267973
P2_mg_presence,MG Presence,1325,1725.0,0.0001767591545543481
P2_mg_presence,MG Presence,508,908.0,0.00017625391071873761
P2_mg_presence,MG Presence,521,921.0,0.00017545500522759107
P2_mg_presence,MG Presence,1138,1538.0,0.00017541110707066935
P2_mg_presence,MG Presence,1381,1781.0,0.00017497091259306819
P2_mg_presence,MG Presence,1238,1638.0,0.00017483635317885258
P2_mg_presence,MG Presence,1191,1591.0,0.0001741545303584433
P2_mg_presence,MG Presence,1380,1780.0,0.00017396354902526464
P2_mg_presence,MG Presence,1095,1495.0,0.0001738324611453132
P2_mg_presence,MG Presence,1236,1636.0,0.00017370777973670106
P2_mg_presence,MG Presence,900,1300.0,0.00017364179877581075
P2_mg_presence,MG Presence,1302,1702.0,0.00017230613308606365
P2_mg_presence,MG Presence,561,961.0,0.00017160252265144816
P2_mg_presence,MG Presence,1375,1775.0,0.00017143534304368986
P2_mg_presence,MG Presence,258,658.0,0.0001714348425901355
P2_mg_presence,MG Presence,286,686.0,0.00017118016568673476
P2_mg_presence,MG Presence,61,461.0,0.00017109797957399813
P2_mg_presence,MG Presence,221,621.0,0.00017088713815642572
P2_mg_presence,MG Presence,1280,1680.0,0.00017080272756176188
P2_mg_presence,MG Presence,282,682.0,0.00017048612316076153
P2_mg_presence,MG Presence,53,453.0,0.00016984118318123014
P2_mg_presence,MG Presence,593,993.0,0.0001696742883821866
P2_mg_presence,MG Presence,614,1014.0,0.0001693451199042832
P2_mg_presence,MG Presence,336,736.0,0.0001690481472090022
P2_mg_presence,MG Presence,1096,1496.0,0.00016897450438387975
P2_mg_presence,MG Presence,1064,1464.0,0.00016771452978158298
P2_mg_presence,MG Presence,459,859.0,0.00016684834788808635
P2_mg_presence,MG Presence,169,569.0,0.00016680065427429662
P2_mg_presence,MG Presence,1379,1779.0,0.00016619694192547286
P2_mg_presence,MG Presence,272,672.0,0.00016561069769439947
P2_mg_presence,MG Presence,1394,1794.0,0.00016558747146163636
P2_mg_presence,MG Presence,50,450.0,0.00016530720887160554
P2_mg_presence,MG Presence,350,750.0,0.00016519959946293284
P2_mg_presence,MG Presence,707,1107.0,0.00016492234568885367
P2_mg_presence,MG Presence,1335,1735.0,0.00016433202268543063
P2_mg_presence,MG Presence,298,698.0,0.00016430518045995395
P2_mg_presence,MG Presence,560,960.0,0.00016379936395477803
P2_mg_presence,MG Presence,52,452.0,0.00016355183256879823
P2_mg_presence,MG Presence,1071,1471.0,0.00016315724941658708
P2_mg_presence,MG Presence,1398,1798.0,0.0001624485621623565
P2_mg_presence,MG Presence,1388,1788.0,0.00016236014051992283
P2_mg_presence,MG Presence,787,1187.0,0.00016207594323306739
P2_mg_presence,MG Presence,596,996.0,0.0001620390790053285
P2_mg_presence,MG Presence,1329,1729.0,0.00016189380836637468
P2_mg_presence,MG Presence,423,823.0,0.0001612991862275944
P2_mg_presence,MG Presence,1313,1713.0,0.00016124602602472416
P2_mg_presence,MG Presence,877,1277.0,0.00016092350039071662
P2_mg_presence,MG Presence,237,637.0,0.00016084355941329922
P2_mg_presence,MG Presence,1201,1601.0,0.00016079507634855588
P2_mg_presence,MG Presence,171,571.0,0.00016045970796183326
P2_mg_presence,MG Presence,261,661.0,0.00015996840797728645
P2_mg_presence,MG Presence,87,487.0,0.00015991790767972222
P2_mg_presence,MG Presence,57,457.0,0.00015901524340678557
P2_mg_presence,MG Presence,549,949.0,0.00015843259994684689
P2_mg_presence,MG Presence,1054,1454.0,0.00015797606352923924
P2_mg_presence,MG Presence,132,532.0,0.00015775432506547548
P2_mg_presence,MG Presence,729,1129.0,0.00015707260623595867
P2_mg_presence,MG Presence,1262,1662.0,0.00015707051357776662
P2_mg_presence,MG Presence,1139,1539.0,0.00015702663107530404
P2_mg_presence,MG Presence,1340,1740.0,0.00015677219181423042
P2_mg_presence,MG Presence,362,762.0,0.00015664761435094535
P2_mg_presence,MG Presence,1129,1529.0,0.00015653850114187833
P2_mg_presence,MG Presence,183,583.0,0.00015602669163609976
P2_mg_presence,MG Presence,1090,1490.0,0.0001558888041556727
P2_mg_presence,MG Presence,1062,1462.0,0.0001558713908735264
P2_mg_presence,MG Presence,823,1223.0,0.00015586982279229886
P2_mg_presence,MG Presence,1393,1793.0,0.00015575269745834905
P2_mg_presence,MG Presence,224,624.0,0.00015560477036911406
P2_mg_presence,MG Presence,1324,1724.0,0.0001554493415123987
P2_mg_presence,MG Presence,368,768.0,0.00015538427342476704
P2_mg_presence,MG Presence,609,1009.0,0.00015498061679729652
P2_mg_presence,MG Presence,231,631.0,0.00015473335243091
P2_mg_presence,MG Presence,1303,1703.0,0.00015461187463071462
P2_mg_presence,MG Presence,756,1156.0,0.0001543695185757189
P2_mg_presence,MG Presence,1291,1691.0,0.00015432248946442806
P2_mg_presence,MG Presence,645,1045.0,0.00015424096859832791
P2_mg_presence,MG Presence,1319,1719.0,0.00015395260867325726
P2_mg_presence,MG Presence,1098,1498.0,0.00015385514016249272
P2_mg_presence,MG Presence,1336,1736.0,0.00015382672226821973
P2_mg_presence,MG Presence,51,451.0,0.00015381947414064314
P2_mg_presence,MG Presence,655,1055.0,0.00015298107934546296
P2_mg_presence,MG Presence,295,695.0,0.00015295488284546886
P2_mg_presence,MG Presence,1275,1675.0,0.00015273510905216824
P2_mg_presence,MG Presence,1306,1706.0,0.0001526508343814673
P2_mg_presence,MG Presence,371,771.0,0.0001525507570860504
P2_mg_presence,MG Presence,372,772.0,0.0001525277036837253
P2_mg_presence,MG Presence,872,1272.0,0.00015251176297127376
P2_mg_presence,MG Presence,1358,1758.0,0.00015209710475582946
P2_mg_presence,MG Presence,353,753.0,0.00015173724747433854
P2_mg_presence,MG Presence,106,506.0,0.00015166792819846963
P2_mg_presence,MG Presence,1094,1494.0,0.0001516625833595106
P2_mg_presence,MG Presence,48,448.0,0.0001513476732037391
P2_mg_presence,MG Presence,750,1150.0,0.0001512013932990472
P2_mg_presence,MG Presence,1009,1409.0,0.00015094783143982995
P2_mg_presence,MG Presence,559,959.0,0.00015075576458294554
P2_mg_presence,MG Presence,600,1000.0,0.00015054487498463275
P2_mg_presence,MG Presence,1043,1443.0,0.0001499672543336611
P2_mg_presence,MG Presence,616,1016.0,0.0001497793498361574
P2_mg_presence,MG Presence,579,979.0,0.00014976160730315136
P2_mg_presence,MG Presence,1055,1455.0,0.00014975194896358902
P2_mg_presence,MG Presence,871,1271.0,0.00014958668187483744
P2_mg_presence,MG Presence,619,1019.0,0.00014957908791178888
P2_mg_presence,MG Presence,1276,1676.0,0.00014901776581703775
P2_mg_presence,MG Presence,1035,1435.0,0.0001484857953292127
P2_mg_presence,MG Presence,1259,1659.0,0.00014799871490830794
P2_mg_presence,MG Presence,492,892.0,0.0001472810117379232
P2_mg_presence,MG Presence,1331,1731.0,0.00014654526865225185
P2_mg_presence,MG Presence,1132,1532.0,0.00014556521709772555
P2_mg_presence,MG Presence,1068,1468.0,0.00014542257790549026
P2_mg_presence,MG Presence,373,773.0,0.00014533145744259133
P2_mg_presence,MG Presence,1252,1652.0,0.0001449718573399943
P2_mg_presence,MG Presence,732,1132.0,0.00014496081716269384
P2_mg_presence,MG Presence,1361,1761.0,0.0001449214757698645
P2_mg_presence,MG Presence,542,942.0,0.0001446469967570685
P2_mg_presence,MG Presence,128,528.0,0.0001442600260837675
P2_mg_presence,MG Presence,566,966.0,0.00014401986418403353
P2_mg_presence,MG Presence,1368,1768.0,0.00014376893218999426
P2_mg_presence,MG Presence,548,948.0,0.00014356815574707084
P2_mg_presence,MG Presence,219,619.0,0.0001433019465889915
P2_mg_presence,MG Presence,1305,1705.0,0.00014311324039477074
P2_mg_presence,MG Presence,271,671.0,0.00014260431431436656
P2_mg_presence,MG Presence,80,480.0,0.00014128248580277527
P2_mg_presence,MG Presence,1241,1641.0,0.00014092193922279564
P2_mg_presence,MG Presence,185,585.0,0.00014079286740409258
P2_mg_presence,MG Presence,803,1203.0,0.00014074894390176307
P2_mg_presence,MG Presence,1250,1650.0,0.0001406969121314574
P2_mg_presence,MG Presence,1245,1645.0,0.00014064248116501187
P2_mg_presence,MG Presence,551,951.0,0.00014063139149483596
P2_mg_presence,MG Presence,1278,1678.0,0.00014029065102062657
P2_mg_presence,MG Presence,228,628.0,0.00014020617195551505
P2_mg_presence,MG Presence,348,748.0,0.00013855901285038483
P2_mg_presence,MG Presence,876,1276.0,0.00013802206328357073
P2_mg_presence,MG Presence,821,1221.0,0.00013794201759097593
P2_mg_presence,MG Presence,303,703.0,0.00013787832818107796
P2_mg_presence,MG Presence,1253,1653.0,0.0001375471714671297
P2_mg_presence,MG Presence,723,1123.0,0.000137520279149228
P2_mg_presence,MG Presence,637,1037.0,0.00013714249555338284
P2_mg_presence,MG Presence,513,913.0,0.00013700035259474772
P2_mg_presence,MG Presence,1308,1708.0,0.00013691306030878887
P2_mg_presence,MG Presence,1073,1473.0,0.00013690538345306595
P2_mg_presence,MG Presence,83,483.0,0.00013659848099748323
P2_mg_presence,MG Presence,820,1220.0,0.00013633888145524566
P2_mg_presence,MG Presence,122,522.0,0.00013570176954100138
P2_mg_presence,MG Presence,831,1231.0,0.00013542504509560008
P2_mg_presence,MG Presence,1061,1461.0,0.00013525677272503242
P2_mg_presence,MG Presence,1070,1470.0,0.0001349682038438448
P2_mg_presence,MG Presence,1076,1476.0,0.0001347740432461266
P2_mg_presence,MG Presence,1244,1644.0,0.00013444126808233325
P2_mg_presence,MG Presence,75,475.0,0.0001343830599490077
P2_mg_presence,MG Presence,1231,1631.0,0.00013397587886375512
P2_mg_presence,MG Presence,553,953.0,0.0001339724757019733
P2_mg_presence,MG Presence,722,1122.0,0.00013384174748392065
P2_mg_presence,MG Presence,552,952.0,0.0001335476621264655
P2_mg_presence,MG Presence,578,978.0,0.0001334982984079352
P2_mg_presence,MG Presence,293,693.0,0.000133455031495892
P2_mg_presence,MG Presence,216,616.0,0.0001331975676028165
P2_mg_presence,MG Presence,340,740.0,0.00013150022283040712
P2_mg_presence,MG Presence,1058,1458.0,0.00013147581960254212
P2_mg_presence,MG Presence,275,675.0,0.0001313449806409122
P2_mg_presence,MG Presence,612,1012.0,0.00013128524401296714
P2_mg_presence,MG Presence,713,1113.0,0.00013112450017269963
P2_mg_presence,MG Presence,532,932.0,0.0001308555942926663
P2_mg_presence,MG Presence,76,476.0,0.00013061373805856944
P2_mg_presence,MG Presence,824,1224.0,0.00013054324284827513
P2_mg_presence,MG Presence,1371,1771.0,0.00013049387306817114
P2_mg_presence,MG Presence,358,758.0,0.00013031707990244059
P2_mg_presence,MG Presence,1254,1654.0,0.00013030244850347332
P2_mg_presence,MG Presence,370,770.0,0.00012973548968103516
P2_mg_presence,MG Presence,292,692.0,0.00012933632961700415
P2_mg_presence,MG Presence,1039,1439.0,0.00012898624508749632
P2_mg_presence,MG Presence,1046,1446.0,0.00012866479360462064
P2_mg_presence,MG Presence,413,813.0,0.00012865605474109834
P2_mg_presence,MG Presence,583,983.0,0.0001286504670193896
P2_mg_presence,MG Presence,220,620.0,0.00012772992072497959
P2_mg_presence,MG Presence,284,684.0,0.00012765421807284832
P2_mg_presence,MG Presence,277,677.0,0.00012750072586819735
P2_mg_presence,MG Presence,1274,1674.0,0.0001269891403585987
P2_mg_presence,MG Presence,540,940.0,0.00012687720297181385
P2_mg_presence,MG Presence,805,1205.0,0.00012650743685339538
P2_mg_presence,MG Presence,395,795.0,0.00012631338452467485
P2_mg_presence,MG Presence,338,738.0,0.00012604673959090975
P2_mg_presence,MG Presence,621,1021.0,0.00012600947861719214
P2_mg_presence,MG Presence,1382,1782.0,0.00012569138770230072
P2_mg_presence,MG Presence,416,816.0,0.00012542878565966254
P2_mg_presence,MG Presence,291,691.0,0.00012532860535706958
P2_mg_presence,MG Presence,200,600.0,0.00012480889986080026
P2_mg_presence,MG Presence,276,676.0,0.00012351479340451236
P2_mg_presence,MG Presence,64,464.0,0.00012272877774128656
P2_mg_presence,MG Presence,501,901.0,0.00012195735783712977
P2_mg_presence,MG Presence,543,943.0,0.00012190036805704764
P2_mg_presence,MG Presence,699,1099.0,0.00012165598162031749
P2_mg_presence,MG Presence,42,442.0,0.00012115980406767434
P2_mg_presence,MG Presence,853,1253.0,0.0001207079107894389
P2_mg_presence,MG Presence,1341,1741.0,0.00012034844526931569
P2_mg_presence,MG Presence,176,576.0,0.00012013359671594068
P2_mg_presence,MG Presence,598,998.0,0.00011978902550762692
P2_mg_presence,MG Presence,1190,1590.0,0.00011969457324935309
P2_mg_presence,MG Presence,67,467.0,0.00011871965895521232
P2_mg_presence,MG Presence,587,987.0,0.00011862893373208982
P2_mg_presence,MG Presence,822,1222.0,0.00011851614003420812
P2_mg_presence,MG Presence,1323,1723.0,0.00011808869760449401
P2_mg_presence,MG Presence,546,946.0,0.00011803999712064908
P2_mg_presence,MG Presence,562,962.0,0.00011764322318790303
P2_mg_presence,MG Presence,1400,1800.0,0.00011760706520890472
P2_mg_presence,MG Presence,541,941.0,0.00011756971633496407
P2_mg_presence,MG Presence,230,630.0,0.00011745567970540786
P2_mg_presence,MG Presence,69,469.0,0.00011715785947663844
P2_mg_presence,MG Presence,84,484.0,0.00011715180422353097
P2_mg_presence,MG Presence,408,808.0,0.00011705662152849265
P2_mg_presence,MG Presence,290,690.0,0.00011690969557123807
P2_mg_presence,MG Presence,658,1058.0,0.000116756519422678
P2_mg_presence,MG Presence,482,882.0,0.00011645922074644896
P2_mg_presence,MG Presence,173,573.0,0.00011590021071639778
P2_mg_presence,MG Presence,1390,1790.0,0.00011585697340882434
P2_mg_presence,MG Presence,339,739.0,0.00011559827451019437
P2_mg_presence,MG Presence,563,963.0,0.0001155712279902918
P2_mg_presence,MG Presence,81,481.0,0.00011554575721400239
P2_mg_presence,MG Presence,1385,1785.0,0.00011533114913699199
P2_mg_presence,MG Presence,1042,1442.0,0.00011444338138813402
P2_mg_presence,MG Presence,1260,1660.0,0.0001140764886990707
P2_mg_presence,MG Presence,39,439.0,0.00011382393210099201
P2_mg_presence,MG Presence,796,1196.0,0.00011314306687154423
P2_mg_presence,MG Presence,240,640.0,0.00011309863425912156
P2_mg_presence,MG Presence,933,1333.0,0.00011219262224299186
P2_mg_presence,MG Presence,554,954.0,0.00011215304045838216
P2_mg_presence,MG Presence,1271,1671.0,0.00011181474896090478
P2_mg_presence,MG Presence,617,1017.0,0.00011098301802250405
P2_mg_presence,MG Presence,188,588.0,0.00011096360584195886
P2_mg_presence,MG Presence,1294,1694.0,0.00011068019465622944
P2_mg_presence,MG Presence,186,586.0,0.00011038855780625296
P2_mg_presence,MG Presence,630,1030.0,0.00011013852174336414
P2_mg_presence,MG Presence,214,614.0,0.00011008294665282889
P2_mg_presence,MG Presence,1078,1478.0,0.00011003971614106243
P2_mg_presence,MG Presence,1044,1444.0,0.00011000004141571084
P2_mg_presence,MG Presence,43,443.0,0.00010990916522050269
P2_mg_presence,MG Presence,1347,1747.0,0.00010979623987032323
P2_mg_presence,MG Presence,1150,1550.0,0.00010968931467302279
P2_mg_presence,MG Presence,62,462.0,0.00010885005369907747
P2_mg_presence,MG Presence,1192,1592.0,0.0001088001952832704
P2_mg_presence,MG Presence,882,1282.0,0.00010863336079005845
P2_mg_presence,MG Presence,866,1266.0,0.00010743829004656197
P2_mg_presence,MG Presence,369,769.0,0.0001070988787151142
P2_mg_presence,MG Presence,1321,1721.0,0.00010698102820018478
P2_mg_presence,MG Presence,296,696.0,0.00010591510784683578
P2_mg_presence,MG Presence,710,1110.0,0.0001058777335131507
P2_mg_presence,MG Presence,708,1108.0,0.00010567873081291252
P2_mg_presence,MG Presence,1148,1548.0,0.00010509876019629226
P2_mg_presence,MG Presence,1033,1433.0,0.00010492385925373518
P2_mg_presence,MG Presence,1137,1537.0,0.00010435608959218521
P2_mg_presence,MG Presence,212,612.0,0.00010356925998007216
P2_mg_presence,MG Presence,49,449.0,0.00010311144392030028
P2_mg_presence,MG Presence,1370,1770.0,0.00010245268446288297
P2_mg_presence,MG Presence,66,466.0,0.00010229156467510137
P2_mg_presence,MG Presence,1377,1777.0,0.00010191076324881995
P2_mg_presence,MG Presence,568,968.0,0.00010067871061212688
P2_mg_presence,MG Presence,1263,1663.0,0.00010044274014058661
P2_mg_presence,MG Presence,1309,1709.0,0.00010009283492926076
P2_mg_presence,MG Presence,644,1044.0,9.99163085668137e-05
P2_mg_presence,MG Presence,1136,1536.0,9.989930611770406e-05
P2_mg_presence,MG Presence,234,634.0,9.971716769052311e-05
P2_mg_presence,MG Presence,496,896.0,9.82851568968158e-05
P2_mg_presence,MG Presence,505,905.0,9.750611410440179e-05
P2_mg_presence,MG Presence,618,1018.0,9.73119027415791e-05
P2_mg_presence,MG Presence,74,474.0,9.685902568889268e-05
P2_mg_presence,MG Presence,1037,1437.0,9.649983548914748e-05
P2_mg_presence,MG Presence,417,817.0,9.64713703328355e-05
P2_mg_presence,MG Presence,45,445.0,9.638836800029788e-05
P2_mg_presence,MG Presence,72,472.0,9.637582253064498e-05
P2_mg_presence,MG Presence,1391,1791.0,9.619674916277656e-05
P2_mg_presence,MG Presence,875,1275.0,9.60730948971009e-05
P2_mg_presence,MG Presence,646,1046.0,9.453066196940799e-05
P2_mg_presence,MG Presence,1392,1792.0,9.41034980478651e-05
P2_mg_presence,MG Presence,86,486.0,9.392808531716937e-05
P2_mg_presence,MG Presence,611,1011.0,9.351012770128068e-05
P2_mg_presence,MG Presence,59,459.0,9.290289041296057e-05
P2_mg_presence,MG Presence,1240,1640.0,9.289908429626947e-05
P2_mg_presence,MG Presence,648,1048.0,9.249131115277188e-05
P2_mg_presence,MG Presence,195,595.0,9.208385564092193e-05
P2_mg_presence,MG Presence,256,656.0,9.169663331491231e-05
P2_mg_presence,MG Presence,878,1278.0,9.05293645797768e-05
P2_mg_presence,MG Presence,1069,1469.0,8.983024686219772e-05
P2_mg_presence,MG Presence,367,767.0,8.955566418911703e-05
P2_mg_presence,MG Presence,751,1151.0,8.954599892419982e-05
P2_mg_presence,MG Presence,1395,1795.0,8.939510947859102e-05
P2_mg_presence,MG Presence,1067,1467.0,8.929652870673245e-05
P2_mg_presence,MG Presence,342,742.0,8.911086333873834e-05
P2_mg_presence,MG Presence,263,663.0,8.876971015994919e-05
P2_mg_presence,MG Presence,547,947.0,8.876217027231695e-05
P2_mg_presence,MG Presence,63,463.0,8.859024923550504e-05
P2_mg_presence,MG Presence,928,1328.0,8.840469016095814e-05
P2_mg_presence,MG Presence,854,1254.0,8.834778062566591e-05
P2_mg_presence,MG Presence,828,1228.0,8.829713623442051e-05
P2_mg_presence,MG Presence,545,945.0,8.826484800841877e-05
P2_mg_presence,MG Presence,493,893.0,8.771400143853494e-05
P2_mg_presence,MG Presence,904,1304.0,8.747427294092467e-05
P2_mg_presence,MG Presence,1307,1707.0,8.728850214037992e-05
P2_mg_presence,MG Presence,792,1192.0,8.505669976651388e-05
P2_mg_presence,MG Presence,558,958.0,8.486429830260212e-05
P2_mg_presence,MG Presence,572,972.0,8.481569271880656e-05
P2_mg_presence,MG Presence,58,458.0,8.472170110645443e-05
P2_mg_presence,MG Presence,910,1310.0,8.471599880028504e-05
P2_mg_presence,MG Presence,577,977.0,8.450441749424045e-05
P2_mg_presence,MG Presence,582,982.0,8.432706599142076e-05
P2_mg_presence,MG Presence,620,1020.0,8.418483636063286e-05
P2_mg_presence,MG Presence,222,622.0,8.342932503448288e-05
P2_mg_presence,MG Presence,244,644.0,8.287604142318838e-05
P2_mg_presence,MG Presence,793,1193.0,8.279269288320519e-05
P2_mg_presence,MG Presence,510,910.0,8.244376870463972e-05
P2_mg_presence,MG Presence,1255,1655.0,8.203352757067629e-05
P2_mg_presence,MG Presence,242,642.0,8.135800695077118e-05
P2_mg_presence,MG Presence,544,944.0,8.128050840230734e-05
P2_mg_presence,MG Presence,1310,1710.0,8.11891665277956e-05
P2_mg_presence,MG Presence,79,479.0,8.067034643222327e-05
P2_mg_presence,MG Presence,435,835.0,8.059631033180946e-05
P2_mg_presence,MG Presence,569,969.0,8.044958730185358e-05
P2_mg_presence,MG Presence,1386,1786.0,8.016544768113452e-05
P2_mg_presence,MG Presence,879,1279.0,7.972610929676408e-05
P2_mg_presence,MG Presence,280,680.0,7.948604937473963e-05
P2_mg_presence,MG Presence,1288,1688.0,7.828520834224996e-05
P2_mg_presence,MG Presence,506,906.0,7.755583950725722e-05
P2_mg_presence,MG Presence,491,891.0,7.612121471757368e-05
P2_mg_presence,MG Presence,1279,1679.0,7.582793337356696e-05
P2_mg_presence,MG Presence,1257,1657.0,7.379074322685866e-05
P2_mg_presence,MG Presence,1356,1756.0,7.373183937662191e-05
P2_mg_presence,MG Presence,396,796.0,7.355413746495434e-05
P2_mg_presence,MG Presence,902,1302.0,7.22718052304941e-05
P2_mg_presence,MG Presence,565,965.0,7.215508396368418e-05
P2_mg_presence,MG Presence,703,1103.0,7.164886166996355e-05
P2_mg_presence,MG Presence,826,1226.0,7.116081379201596e-05
P2_mg_presence,MG Presence,1389,1789.0,7.062542830574135e-05
P2_mg_presence,MG Presence,1373,1773.0,7.024727323993284e-05
P2_mg_presence,MG Presence,1242,1642.0,7.012554790093472e-05
P2_mg_presence,MG Presence,880,1280.0,7.008742574121344e-05
P2_mg_presence,MG Presence,1040,1440.0,6.968219632785622e-05
P2_mg_presence,MG Presence,409,809.0,6.906127812185494e-05
P2_mg_presence,MG Presence,504,904.0,6.900538261174129e-05
P2_mg_presence,MG Presence,494,894.0,6.899805485915398e-05
P2_mg_presence,MG Presence,502,902.0,6.860661901860792e-05
P2_mg_presence,MG Presence,825,1225.0,6.812048222767764e-05
P2_mg_presence,MG Presence,281,681.0,6.683282961776053e-05
P2_mg_presence,MG Presence,557,957.0,6.635995655114926e-05
P2_mg_presence,MG Presence,1194,1594.0,6.630041954215719e-05
P2_mg_presence,MG Presence,241,641.0,6.596125505858241e-05
P2_mg_presence,MG Presence,837,1237.0,6.510021424647777e-05
P2_mg_presence,MG Presence,650,1050.0,6.508923305217971e-05
P2_mg_presence,MG Presence,1343,1743.0,6.463317939476489e-05
P2_mg_presence,MG Presence,1232,1632.0,6.449415713608986e-05
P2_mg_presence,MG Presence,1311,1711.0,6.437367722083592e-05
P2_mg_presence,MG Presence,344,744.0,6.290253995908466e-05
P2_mg_presence,MG Presence,412,812.0,6.274210439924408e-05
P2_mg_presence,MG Presence,855,1255.0,6.238141535386167e-05
P2_mg_presence,MG Presence,1269,1669.0,6.217225403823309e-05
P2_mg_presence,MG Presence,829,1229.0,6.206036831248563e-05
P2_mg_presence,MG Presence,526,926.0,6.16149703275108e-05
P2_mg_presence,MG Presence,1266,1666.0,6.159790280564059e-05
P2_mg_presence,MG Presence,279,679.0,6.147378445698727e-05
P2_mg_presence,MG Presence,278,678.0,6.121088309101196e-05
P2_mg_presence,MG Presence,1387,1787.0,6.0213175705390966e-05
P2_mg_presence,MG Presence,555,955.0,6.014360289258469e-05
P2_mg_presence,MG Presence,1149,1549.0,5.998811638009171e-05
P2_mg_presence,MG Presence,595,995.0,5.985383748163193e-05
P2_mg_presence,MG Presence,567,967.0,5.9557022993089745e-05
P2_mg_presence,MG Presence,40,440.0,5.907842100217036e-05
P2_mg_presence,MG Presence,82,482.0,5.787291682969015e-05
P2_mg_presence,MG Presence,903,1303.0,5.735924631120512e-05
P2_mg_presence,MG Presence,1038,1438.0,5.724118058663223e-05
P2_mg_presence,MG Presence,1265,1665.0,5.6990916510478704e-05
P2_mg_presence,MG Presence,1147,1547.0,5.653128383980587e-05
P2_mg_presence,MG Presence,78,478.0,5.6518673195856e-05
P2_mg_presence,MG Presence,349,749.0,5.6301836946715303e-05
P2_mg_presence,MG Presence,267,667.0,5.583197462909262e-05
P2_mg_presence,MG Presence,283,683.0,5.554533455069269e-05
P2_mg_presence,MG Presence,1272,1672.0,5.549714368110659e-05
P2_mg_presence,MG Presence,1396,1796.0,5.525357460222163e-05
P2_mg_presence,MG Presence,874,1274.0,5.407785098719845e-05
P2_mg_presence,MG Presence,65,465.0,5.3296636611109286e-05
P2_mg_presence,MG Presence,585,985.0,5.2985666512981615e-05
P2_mg_presence,MG Presence,905,1305.0,5.286957702869815e-05
P2_mg_presence,MG Presence,264,664.0,5.264985667596418e-05
P2_mg_presence,MG Presence,1342,1742.0,5.208952642184887e-05
P2_mg_presence,MG Presence,1384,1784.0,5.186173699047408e-05
P2_mg_presence,MG Presence,68,468.0,5.141123198461708e-05
P2_mg_presence,MG Presence,1151,1551.0,5.065394254816623e-05
P2_mg_presence,MG Presence,1344,1744.0,5.0450274510008034e-05
P2_mg_presence,MG Presence,906,1306.0,4.757621153247712e-05
P2_mg_presence,MG Presence,907,1307.0,4.690758760902204e-05
P2_mg_presence,MG Presence,1362,1762.0,4.605716382115819e-05
P2_mg_presence,MG Presence,1277,1677.0,4.572609555584343e-05
P2_mg_presence,MG Presence,592,992.0,4.474307364514623e-05
P2_mg_presence,MG Presence,410,810.0,4.42860072291967e-05
P2_mg_presence,MG Presence,346,746.0,4.399956363776251e-05
P2_mg_presence,MG Presence,343,743.0,4.305491382909585e-05
P2_mg_presence,MG Presence,285,685.0,4.3035775545852016e-05
P2_mg_presence,MG Presence,1357,1757.0,4.166634212543013e-05
P2_mg_presence,MG Presence,556,956.0,4.148585729721574e-05
P2_mg_presence,MG Presence,856,1256.0,4.081130811365281e-05
P2_mg_presence,MG Presence,908,1308.0,4.013667213853922e-05
P2_mg_presence,MG Presence,503,903.0,3.978730873573023e-05
P2_mg_presence,MG Presence,791,1191.0,3.9225112538414505e-05
P2_mg_presence,MG Presence,1041,1441.0,3.836791444620029e-05
P2_mg_presence,MG Presence,1328,1728.0,3.668220348318675e-05
P2_mg_presence,MG Presence,262,662.0,3.623734024315847e-05
P2_mg_presence,MG Presence,1397,1797.0,3.597344204040397e-05
P2_mg_presence,MG Presence,239,639.0,3.5180848662821135e-05
P2_mg_presence,MG Presence,1065,1465.0,3.353249362221053e-05
P2_mg_presence,MG Presence,245,645.0,3.136218656860185e-05
P2_mg_presence,MG Presence,347,747.0,3.0967712679025254e-05
P2_mg_presence,MG Presence,269,669.0,3.091147260382526e-05
P2_mg_presence,MG Presence,1372,1772.0,2.743192072559381e-05
P2_mg_presence,MG Presence,1369,1769.0,2.43871842170493e-05
P2_mg_presence,MG Presence,268,668.0,2.107383503317194e-05
P2_mg_presence,MG Presence,495,895.0,1.871859145115403e-05
P3_mba_presence,MBA Presence,672,1072.0,0.008741358014063174
P3_mba_presence,MBA Presence,1176,1576.0,0.008048213739348997
P3_mba_presence,MBA Presence,1179,1579.0,0.008030802362359406
P3_mba_presence,MBA Presence,1174,1574.0,0.007828529598232142
P3_mba_presence,MBA Presence,1172,1572.0,0.006974060806959177
P3_mba_presence,MBA Presence,1177,1577.0,0.006887354999901413
P3_mba_presence,MBA Presence,1178,1578.0,0.006386300466823821
P3_mba_presence,MBA Presence,661,1061.0,0.006090241089353362
P3_mba_presence,MBA Presence,1180,1580.0,0.0060371445588220185
P3_mba_presence,MBA Presence,1173,1573.0,0.005930539421845414
P3_mba_presence,MBA Presence,1167,1567.0,0.005872021949180003
P3_mba_presence,MBA Presence,1169,1569.0,0.0056687390314836055
P3_mba_presence,MBA Presence,668,1068.0,0.005622749883435403
P3_mba_presence,MBA Presence,1171,1571.0,0.005610371449263046
P3_mba_presence,MBA Presence,670,1070.0,0.0055533871206410925
P3_mba_presence,MBA Presence,1181,1581.0,0.0055408206878070874
P3_mba_presence,MBA Presence,664,1064.0,0.005516131583154445
P3_mba_presence,MBA Presence,1182,1582.0,0.005382209478294684
P3_mba_presence,MBA Presence,674,1074.0,0.005299495101428201
P3_mba_presence,MBA Presence,669,1069.0,0.005261336053464367
P3_mba_presence,MBA Presence,666,1066.0,0.005100206211570815
P3_mba_presence,MBA Presence,1183,1583.0,0.005085057159120979
P3_mba_presence,MBA Presence,671,1071.0,0.005012360230199067
P3_mba_presence,MBA Presence,1175,1575.0,0.004810721365565422
P3_mba_presence,MBA Presence,444,844.0,0.004637857850354017
P3_mba_presence,MBA Presence,663,1063.0,0.004601222862886859
P3_mba_presence,MBA Presence,673,1073.0,0.004558034803153701
P3_mba_presence,MBA Presence,445,845.0,0.0044926128655303
P3_mba_presence,MBA Presence,659,1059.0,0.004473254110646976
P3_mba_presence,MBA Presence,662,1062.0,0.004435456534212859
P3_mba_presence,MBA Presence,665,1065.0,0.004361174998250484
P3_mba_presence,MBA Presence,1168,1568.0,0.004301703129004508
P3_mba_presence,MBA Presence,429,829.0,0.004213742049642104
P3_mba_presence,MBA Presence,675,1075.0,0.0033259764970779353
P3_mba_presence,MBA Presence,1170,1570.0,0.0032805538168178454
P3_mba_presence,MBA Presence,1166,1566.0,0.003168106603638003
P3_mba_presence,MBA Presence,676,1076.0,0.0031551351883949154
P3_mba_presence,MBA Presence,677,1077.0,0.0031543460910223825
P3_mba_presence,MBA Presence,173,573.0,0.0030884672208019662
P3_mba_presence,MBA Presence,436,836.0,0.003026340737323843
P3_mba_presence,MBA Presence,1185,1585.0,0.002871489627419594
P3_mba_presence,MBA Presence,430,830.0,0.00281271308866767
P3_mba_presence,MBA Presence,667,1067.0,0.0027378324698428434
P3_mba_presence,MBA Presence,426,826.0,0.0027236108355119686
P3_mba_presence,MBA Presence,47,447.0,0.00272007279705923
P3_mba_presence,MBA Presence,433,833.0,0.0026750423726487416
P3_mba_presence,MBA Presence,428,828.0,0.0026712756411682694
P3_mba_presence,MBA Presence,658,1058.0,0.002657263737942694
P3_mba_presence,MBA Presence,443,843.0,0.002370096282825638
P3_mba_presence,MBA Presence,654,1054.0,0.0022392011483161854
P3_mba_presence,MBA Presence,448,848.0,0.002227641133557738
P3_mba_presence,MBA Presence,655,1055.0,0.0021596325450071816
P3_mba_presence,MBA Presence,423,823.0,0.002057726019619596
P3_mba_presence,MBA Presence,450,850.0,0.0020243313836825648
P3_mba_presence,MBA Presence,657,1057.0,0.0020070376060791345
P3_mba_presence,MBA Presence,172,572.0,0.001965040723180419
P3_mba_presence,MBA Presence,1164,1564.0,0.0019530757132788686
P3_mba_presence,MBA Presence,43,443.0,0.0019309468431839931
P3_mba_presence,MBA Presence,435,835.0,0.001930372063093857
P3_mba_presence,MBA Presence,441,841.0,0.0019233710070299056
P3_mba_presence,MBA Presence,424,824.0,0.0018858919393286429
P3_mba_presence,MBA Presence,439,839.0,0.0018472690632614181
P3_mba_presence,MBA Presence,446,846.0,0.0018418965690851737
P3_mba_presence,MBA Presence,1184,1584.0,0.0018366801652140972
P3_mba_presence,MBA Presence,678,1078.0,0.0018293688489425387
P3_mba_presence,MBA Presence,165,565.0,0.0018210558185328836
P3_mba_presence,MBA Presence,660,1060.0,0.0017376448320391797
P3_mba_presence,MBA Presence,175,575.0,0.0017228846525885356
P3_mba_presence,MBA Presence,652,1052.0,0.0016974860384973932
P3_mba_presence,MBA Presence,164,564.0,0.0016768121034562505
P3_mba_presence,MBA Presence,1165,1565.0,0.0016763053637385416
P3_mba_presence,MBA Presence,59,459.0,0.0016676666804234215
P3_mba_presence,MBA Presence,432,832.0,0.0016477277539907998
P3_mba_presence,MBA Presence,44,444.0,0.001642539564498707
P3_mba_presence,MBA Presence,162,562.0,0.0016143009242165214
P3_mba_presence,MBA Presence,51,451.0,0.0015602195161876944
P3_mba_presence,MBA Presence,48,448.0,0.0015498569264527171
P3_mba_presence,MBA Presence,418,818.0,0.0015427274011067071
P3_mba_presence,MBA Presence,176,576.0,0.001521643883361204
P3_mba_presence,MBA Presence,438,838.0,0.0015030791406666008
P3_mba_presence,MBA Presence,1218,1618.0,0.0014807041525473025
P3_mba_presence,MBA Presence,170,570.0,0.0014342907191364036
P3_mba_presence,MBA Presence,49,449.0,0.0014317022568247199
P3_mba_presence,MBA Presence,457,857.0,0.0014247064401473031
P3_mba_presence,MBA Presence,648,1048.0,0.0014131202790230784
P3_mba_presence,MBA Presence,442,842.0,0.0013881846072220695
P3_mba_presence,MBA Presence,431,831.0,0.0013820766496430205
P3_mba_presence,MBA Presence,414,814.0,0.0013753997133263097
P3_mba_presence,MBA Presence,398,798.0,0.0013650435697894123
P3_mba_presence,MBA Presence,177,577.0,0.0013641891284295181
P3_mba_presence,MBA Presence,451,851.0,0.0013516646032092439
P3_mba_presence,MBA Presence,160,560.0,0.0013512802483253324
P3_mba_presence,MBA Presence,679,1079.0,0.001334302063775516
P3_mba_presence,MBA Presence,58,458.0,0.001297156662296488
P3_mba_presence,MBA Presence,440,840.0,0.0012794208355660194
P3_mba_presence,MBA Presence,636,1036.0,0.0012686210318068828
P3_mba_presence,MBA Presence,455,855.0,0.0012534729294761979
P3_mba_presence,MBA Presence,61,461.0,0.00124246037625799
P3_mba_presence,MBA Presence,174,574.0,0.0012373433850602987
P3_mba_presence,MBA Presence,396,796.0,0.0012334855266180925
P3_mba_presence,MBA Presence,437,837.0,0.0012101530519271321
P3_mba_presence,MBA Presence,452,852.0,0.0012087096675846875
P3_mba_presence,MBA Presence,60,460.0,0.0011967720210577359
P3_mba_presence,MBA Presence,163,563.0,0.0011945562798317123
P3_mba_presence,MBA Presence,392,792.0,0.0011818716736197387
P3_mba_presence,MBA Presence,56,456.0,0.0011712309924106635
P3_mba_presence,MBA Presence,434,834.0,0.0011415972877606949
P3_mba_presence,MBA Presence,146,546.0,0.001138540464107471
P3_mba_presence,MBA Presence,656,1056.0,0.0011238949605622314
P3_mba_presence,MBA Presence,53,453.0,0.00112154977149143
P3_mba_presence,MBA Presence,54,454.0,0.0011139312448164855
P3_mba_presence,MBA Presence,449,849.0,0.0011066545879915995
P3_mba_presence,MBA Presence,178,578.0,0.001103856035334721
P3_mba_presence,MBA Presence,42,442.0,0.0011007955110276914
P3_mba_presence,MBA Presence,746,1146.0,0.0010897458753047061
P3_mba_presence,MBA Presence,1044,1444.0,0.0010847760624022444
P3_mba_presence,MBA Presence,1186,1586.0,0.001084230915088261
P3_mba_presence,MBA Presence,425,825.0,0.0010806889917303146
P3_mba_presence,MBA Presence,152,552.0,0.0010650682379726442
P3_mba_presence,MBA Presence,41,441.0,0.0010584148033298622
P3_mba_presence,MBA Presence,395,795.0,0.0010488719068412879
P3_mba_presence,MBA Presence,161,561.0,0.0010310329117851286
P3_mba_presence,MBA Presence,634,1034.0,0.001029996963044034
P3_mba_presence,MBA Presence,427,827.0,0.0010160904007817304
P3_mba_presence,MBA Presence,45,445.0,0.0010152965316765651
P3_mba_presence,MBA Presence,40,440.0,0.000976178255094848
P3_mba_presence,MBA Presence,168,568.0,0.0009730328310947837
P3_mba_presence,MBA Presence,118,518.0,0.0009569290861862945
P3_mba_presence,MBA Presence,65,465.0,0.0009533894482304735
P3_mba_presence,MBA Presence,420,820.0,0.0009530264348198845
P3_mba_presence,MBA Presence,117,517.0,0.0009491597779914469
P3_mba_presence,MBA Presence,649,1049.0,0.0009435864181369042
P3_mba_presence,MBA Presence,650,1050.0,0.0009377253857138121
P3_mba_presence,MBA Presence,625,1025.0,0.0009364658918175038
P3_mba_presence,MBA Presence,400,800.0,0.0009306215154672458
P3_mba_presence,MBA Presence,447,847.0,0.0009298081236949252
P3_mba_presence,MBA Presence,453,853.0,0.0009287881190115094
P3_mba_presence,MBA Presence,113,513.0,0.0009265303444029327
P3_mba_presence,MBA Presence,653,1053.0,0.0009166744726737127
P3_mba_presence,MBA Presence,682,1082.0,0.0009157005807915024
P3_mba_presence,MBA Presence,156,556.0,0.0008949683716456412
P3_mba_presence,MBA Presence,344,744.0,0.0008936089663498255
P3_mba_presence,MBA Presence,171,571.0,0.000889671735381549
P3_mba_presence,MBA Presence,456,856.0,0.0008881709588242102
P3_mba_presence,MBA Presence,454,854.0,0.000880772385849641
P3_mba_presence,MBA Presence,507,907.0,0.0008786799581857524
P3_mba_presence,MBA Presence,159,559.0,0.0008772451778699226
P3_mba_presence,MBA Presence,647,1047.0,0.0008772115723654147
P3_mba_presence,MBA Presence,151,551.0,0.0008699496323320938
P3_mba_presence,MBA Presence,186,586.0,0.0008680950199662542
P3_mba_presence,MBA Presence,399,799.0,0.0008672293408259914
P3_mba_presence,MBA Presence,1162,1562.0,0.0008478066120852214
P3_mba_presence,MBA Presence,421,821.0,0.0008348940329032746
P3_mba_presence,MBA Presence,157,557.0,0.000826811877411437
P3_mba_presence,MBA Presence,416,816.0,0.0008175060414793542
P3_mba_presence,MBA Presence,685,1085.0,0.0008123996848987714
P3_mba_presence,MBA Presence,310,710.0,0.0007934710575642727
P3_mba_presence,MBA Presence,686,1086.0,0.0007929263865416029
P3_mba_presence,MBA Presence,495,895.0,0.0007902552316082977
P3_mba_presence,MBA Presence,582,982.0,0.0007834565409479203
P3_mba_presence,MBA Presence,50,450.0,0.0007789153673492629
P3_mba_presence,MBA Presence,1198,1598.0,0.0007773567542692273
P3_mba_presence,MBA Presence,166,566.0,0.0007737479442306622
P3_mba_presence,MBA Presence,119,519.0,0.0007625690383012133
P3_mba_presence,MBA Presence,342,742.0,0.0007566303694279762
P3_mba_presence,MBA Presence,624,1024.0,0.0007416451482234544
P3_mba_presence,MBA Presence,148,548.0,0.0007393182162088196
P3_mba_presence,MBA Presence,1219,1619.0,0.0007381273494368498
P3_mba_presence,MBA Presence,52,452.0,0.0007268632831568879
P3_mba_presence,MBA Presence,394,794.0,0.0007187703989617207
P3_mba_presence,MBA Presence,412,812.0,0.0007108964028969627
P3_mba_presence,MBA Presence,684,1084.0,0.0007080596742423114
P3_mba_presence,MBA Presence,153,553.0,0.0006979059170715251
P3_mba_presence,MBA Presence,643,1043.0,0.000688086026600495
P3_mba_presence,MBA Presence,943,1343.0,0.000679911123566794
P3_mba_presence,MBA Presence,141,541.0,0.0006643340870470799
P3_mba_presence,MBA Presence,635,1035.0,0.0006615623042715582
P3_mba_presence,MBA Presence,122,522.0,0.000650323775214176
P3_mba_presence,MBA Presence,750,1150.0,0.0006479790633558221
P3_mba_presence,MBA Presence,315,715.0,0.0006467101035688197
P3_mba_presence,MBA Presence,461,861.0,0.0006345382096807567
P3_mba_presence,MBA Presence,46,446.0,0.0006283313447574691
P3_mba_presence,MBA Presence,207,607.0,0.0006269936138206058
P3_mba_presence,MBA Presence,204,604.0,0.0006246089311163861
P3_mba_presence,MBA Presence,623,1023.0,0.0006130354948141492
P3_mba_presence,MBA Presence,942,1342.0,0.000609930189272119
P3_mba_presence,MBA Presence,747,1147.0,0.0006087272549604337
P3_mba_presence,MBA Presence,946,1346.0,0.0006085783798917182
P3_mba_presence,MBA Presence,267,667.0,0.0006064712084210871
P3_mba_presence,MBA Presence,55,455.0,0.000604341016860247
P3_mba_presence,MBA Presence,422,822.0,0.0006039965440076572
P3_mba_presence,MBA Presence,187,587.0,0.0006016835662409862
P3_mba_presence,MBA Presence,415,815.0,0.0005998946316365727
P3_mba_presence,MBA Presence,397,797.0,0.0005992554899798397
P3_mba_presence,MBA Presence,814,1214.0,0.0005991538775137105
P3_mba_presence,MBA Presence,306,706.0,0.0005982293468314004
P3_mba_presence,MBA Presence,944,1344.0,0.0005890136194749536
P3_mba_presence,MBA Presence,114,514.0,0.0005859715932720513
P3_mba_presence,MBA Presence,1220,1620.0,0.000585413282857097
P3_mba_presence,MBA Presence,1045,1445.0,0.0005801081406201048
P3_mba_presence,MBA Presence,389,789.0,0.0005787966565147283
P3_mba_presence,MBA Presence,496,896.0,0.0005751777181667222
P3_mba_presence,MBA Presence,388,788.0,0.0005741387793572551
P3_mba_presence,MBA Presence,179,579.0,0.0005715238467499487
P3_mba_presence,MBA Presence,225,625.0,0.000568724416303059
P3_mba_presence,MBA Presence,806,1206.0,0.000565124640856597
P3_mba_presence,MBA Presence,343,743.0,0.0005629298376131043
P3_mba_presence,MBA Presence,155,555.0,0.0005628365370788363
P3_mba_presence,MBA Presence,62,462.0,0.0005609381449769846
P3_mba_presence,MBA Presence,385,785.0,0.0005572136868863724
P3_mba_presence,MBA Presence,996,1396.0,0.0005563893769927885
P3_mba_presence,MBA Presence,513,913.0,0.0005540773441257591
P3_mba_presence,MBA Presence,304,704.0,0.0005529945689459703
P3_mba_presence,MBA Presence,813,1213.0,0.000551711633199327
P3_mba_presence,MBA Presence,158,558.0,0.0005490414115503058
P3_mba_presence,MBA Presence,370,770.0,0.0005455703567025854
P3_mba_presence,MBA Presence,345,745.0,0.0005445146048908544
P3_mba_presence,MBA Presence,498,898.0,0.0005439803805356331
P3_mba_presence,MBA Presence,1102,1502.0,0.0005404991262199852
P3_mba_presence,MBA Presence,744,1144.0,0.0005395085059702314
P3_mba_presence,MBA Presence,199,599.0,0.0005368225556570317
P3_mba_presence,MBA Presence,805,1205.0,0.000536108267053617
P3_mba_presence,MBA Presence,63,463.0,0.0005360490893314126
P3_mba_presence,MBA Presence,681,1081.0,0.0005357351441114931
P3_mba_presence,MBA Presence,651,1051.0,0.0005351167494552665
P3_mba_presence,MBA Presence,57,457.0,0.0005343108269303483
P3_mba_presence,MBA Presence,759,1159.0,0.0005307965165446403
P3_mba_presence,MBA Presence,67,467.0,0.0005306650762749185
P3_mba_presence,MBA Presence,64,464.0,0.0005304779842015931
P3_mba_presence,MBA Presence,143,543.0,0.0005262129297015978
P3_mba_presence,MBA Presence,111,511.0,0.0005256623367489522
P3_mba_presence,MBA Presence,564,964.0,0.0005251221317890132
P3_mba_presence,MBA Presence,145,545.0,0.0005210425887678071
P3_mba_presence,MBA Presence,115,515.0,0.0005138698950385667
P3_mba_presence,MBA Presence,599,999.0,0.0005134053146547508
P3_mba_presence,MBA Presence,120,520.0,0.0005099329796234225
P3_mba_presence,MBA Presence,974,1374.0,0.0005070281713415817
P3_mba_presence,MBA Presence,265,665.0,0.0005060119687088388
P3_mba_presence,MBA Presence,995,1395.0,0.0005053113532549397
P3_mba_presence,MBA Presence,202,602.0,0.0005043344196512527
P3_mba_presence,MBA Presence,311,711.0,0.0005035823473014796
P3_mba_presence,MBA Presence,751,1151.0,0.000502280433196165
P3_mba_presence,MBA Presence,505,905.0,0.0004996756608954904
P3_mba_presence,MBA Presence,285,685.0,0.0004980614276319858
P3_mba_presence,MBA Presence,39,439.0,0.0004945007036390464
P3_mba_presence,MBA Presence,386,786.0,0.000491620817214235
P3_mba_presence,MBA Presence,969,1369.0,0.0004888054574994642
P3_mba_presence,MBA Presence,583,983.0,0.0004872400221009888
P3_mba_presence,MBA Presence,511,911.0,0.00048684504859114583
P3_mba_presence,MBA Presence,196,596.0,0.0004860555057001931
P3_mba_presence,MBA Presence,220,620.0,0.000484198250205598
P3_mba_presence,MBA Presence,105,505.0,0.00048385745097440336
P3_mba_presence,MBA Presence,633,1033.0,0.00048364851319793075
P3_mba_presence,MBA Presence,1160,1560.0,0.0004817303377739434
P3_mba_presence,MBA Presence,945,1345.0,0.0004788403011793532
P3_mba_presence,MBA Presence,382,782.0,0.000477840925309989
P3_mba_presence,MBA Presence,458,858.0,0.00047503975840961806
P3_mba_presence,MBA Presence,226,626.0,0.00047496166931605373
P3_mba_presence,MBA Presence,646,1046.0,0.00046963223555389317
P3_mba_presence,MBA Presence,680,1080.0,0.00046799681275595394
P3_mba_presence,MBA Presence,208,608.0,0.00046795278213488214
P3_mba_presence,MBA Presence,1206,1606.0,0.0004676187357771552
P3_mba_presence,MBA Presence,346,746.0,0.00046751879723899725
P3_mba_presence,MBA Presence,116,516.0,0.00046476977454722195
P3_mba_presence,MBA Presence,149,549.0,0.00046396874772557095
P3_mba_presence,MBA Presence,1086,1486.0,0.0004632618821780633
P3_mba_presence,MBA Presence,211,611.0,0.0004597772477486298
P3_mba_presence,MBA Presence,287,687.0,0.0004591032271627495
P3_mba_presence,MBA Presence,1161,1561.0,0.0004565526906912742
P3_mba_presence,MBA Presence,169,569.0,0.0004554886440209048
P3_mba_presence,MBA Presence,1047,1447.0,0.00045294302697995503
P3_mba_presence,MBA Presence,401,801.0,0.0004520060634937098
P3_mba_presence,MBA Presence,1105,1505.0,0.0004476609108349596
P3_mba_presence,MBA Presence,514,914.0,0.00044729080297090476
P3_mba_presence,MBA Presence,309,709.0,0.00044655624906372513
P3_mba_presence,MBA Presence,577,977.0,0.00044525783705707346
P3_mba_presence,MBA Presence,642,1042.0,0.00044379223812333706
P3_mba_presence,MBA Presence,985,1385.0,0.0004420177119473362
P3_mba_presence,MBA Presence,1106,1506.0,0.0004380798501938305
P3_mba_presence,MBA Presence,377,777.0,0.0004372532514756447
P3_mba_presence,MBA Presence,493,893.0,0.00043694267676350836
P3_mba_presence,MBA Presence,1085,1485.0,0.00043475456252334125
P3_mba_presence,MBA Presence,584,984.0,0.00043415601416361965
P3_mba_presence,MBA Presence,1024,1424.0,0.0004267701040954391
P3_mba_presence,MBA Presence,853,1253.0,0.00042516501973161177
P3_mba_presence,MBA Presence,11,411.0,0.0004206953307183109
P3_mba_presence,MBA Presence,598,998.0,0.00041903441164248663
P3_mba_presence,MBA Presence,154,554.0,0.00041892958785587044
P3_mba_presence,MBA Presence,981,1381.0,0.00041449487524295586
P3_mba_presence,MBA Presence,1090,1490.0,0.00041406983959869795
P3_mba_presence,MBA Presence,1073,1473.0,0.00041344002627227965
P3_mba_presence,MBA Presence,10,410.0,0.0004130866181995693
P3_mba_presence,MBA Presence,630,1030.0,0.00040968294977671287
P3_mba_presence,MBA Presence,38,438.0,0.0004078512115567711
P3_mba_presence,MBA Presence,205,605.0,0.0004073912315779237
P3_mba_presence,MBA Presence,460,860.0,0.0004037959526480429
P3_mba_presence,MBA Presence,31,431.0,0.0004023365484913617
P3_mba_presence,MBA Presence,1195,1595.0,0.0004019154943343365
P3_mba_presence,MBA Presence,110,510.0,0.00040181324272701996
P3_mba_presence,MBA Presence,206,606.0,0.00040079562069505564
P3_mba_presence,MBA Presence,997,1397.0,0.0003985326450030789
P3_mba_presence,MBA Presence,91,491.0,0.0003967255476921
P3_mba_presence,MBA Presence,622,1022.0,0.00039440019415427755
P3_mba_presence,MBA Presence,754,1154.0,0.0003941328337367969
P3_mba_presence,MBA Presence,626,1026.0,0.0003900843739005144
P3_mba_presence,MBA Presence,286,686.0,0.00038870983204188666
P3_mba_presence,MBA Presence,268,668.0,0.00038512572765283897
P3_mba_presence,MBA Presence,36,436.0,0.0003846947963457695
P3_mba_presence,MBA Presence,947,1347.0,0.00038383108147423177
P3_mba_presence,MBA Presence,255,655.0,0.0003824505367824655
P3_mba_presence,MBA Presence,136,536.0,0.00038073907681681284
P3_mba_presence,MBA Presence,826,1226.0,0.00038066208052898944
P3_mba_presence,MBA Presence,816,1216.0,0.0003802673755700626
P3_mba_presence,MBA Presence,393,793.0,0.00037996571083315483
P3_mba_presence,MBA Presence,576,976.0,0.0003788392201910555
P3_mba_presence,MBA Presence,802,1202.0,0.000375674610436423
P3_mba_presence,MBA Presence,147,547.0,0.00037472756380204904
P3_mba_presence,MBA Presence,312,712.0,0.00037465774242170005
P3_mba_presence,MBA Presence,1353,1753.0,0.0003737912270610475
P3_mba_presence,MBA Presence,1209,1609.0,0.00037321200309268024
P3_mba_presence,MBA Presence,810,1210.0,0.00037228878028875085
P3_mba_presence,MBA Presence,998,1398.0,0.00037122624264731836
P3_mba_presence,MBA Presence,632,1032.0,0.00036972057500447706
P3_mba_presence,MBA Presence,1329,1729.0,0.00036728833360422856
P3_mba_presence,MBA Presence,1216,1616.0,0.00036665720397313666
P3_mba_presence,MBA Presence,214,614.0,0.00036664233937012784
P3_mba_presence,MBA Presence,803,1203.0,0.00036595735471131304
P3_mba_presence,MBA Presence,75,475.0,0.0003655719679509235
P3_mba_presence,MBA Presence,1395,1795.0,0.00036531368795512036
P3_mba_presence,MBA Presence,183,583.0,0.00036463200542257937
P3_mba_presence,MBA Presence,783,1183.0,0.0003638974331141612
P3_mba_presence,MBA Presence,1300,1700.0,0.00036308913248686824
P3_mba_presence,MBA Presence,940,1340.0,0.0003623486581777463
P3_mba_presence,MBA Presence,1152,1552.0,0.0003617067856907049
P3_mba_presence,MBA Presence,201,601.0,0.000358824010802961
P3_mba_presence,MBA Presence,600,1000.0,0.0003580870216593779
P3_mba_presence,MBA Presence,134,534.0,0.0003578624477861427
P3_mba_presence,MBA Presence,305,705.0,0.00035636971691308097
P3_mba_presence,MBA Presence,15,415.0,0.0003547543685610507
P3_mba_presence,MBA Presence,760,1160.0,0.0003531097408534237
P3_mba_presence,MBA Presence,1217,1617.0,0.00035203673012163103
P3_mba_presence,MBA Presence,121,521.0,0.0003516912177800758
P3_mba_presence,MBA Presence,1029,1429.0,0.00034929087394771307
P3_mba_presence,MBA Presence,71,471.0,0.00034838070866516027
P3_mba_presence,MBA Presence,383,783.0,0.00034815504384456405
P3_mba_presence,MBA Presence,150,550.0,0.0003469699161236715
P3_mba_presence,MBA Presence,1354,1754.0,0.00034557776430533784
P3_mba_presence,MBA Presence,99,499.0,0.0003452015065558353
P3_mba_presence,MBA Presence,266,666.0,0.0003438877466565861
P3_mba_presence,MBA Presence,954,1354.0,0.0003432472193883604
P3_mba_presence,MBA Presence,645,1045.0,0.0003432326754738719
P3_mba_presence,MBA Presence,284,684.0,0.0003425999829790969
P3_mba_presence,MBA Presence,9,409.0,0.0003416912236150773
P3_mba_presence,MBA Presence,96,496.0,0.0003404638599491958
P3_mba_presence,MBA Presence,404,804.0,0.00034017080120216667
P3_mba_presence,MBA Presence,413,813.0,0.00034012012241381743
P3_mba_presence,MBA Presence,73,473.0,0.00033931918092043335
P3_mba_presence,MBA Presence,228,628.0,0.00033756865772573277
P3_mba_presence,MBA Presence,21,421.0,0.00033667782752301123
P3_mba_presence,MBA Presence,123,523.0,0.00033651548320730865
P3_mba_presence,MBA Presence,379,779.0,0.0003355025742454251
P3_mba_presence,MBA Presence,16,416.0,0.0003347057894692462
P3_mba_presence,MBA Presence,994,1394.0,0.00033450252768165513
P3_mba_presence,MBA Presence,1298,1698.0,0.0003339595317744549
P3_mba_presence,MBA Presence,1023,1423.0,0.0003333736304730402
P3_mba_presence,MBA Presence,391,791.0,0.00033163173513262907
P3_mba_presence,MBA Presence,77,477.0,0.0003289784536660205
P3_mba_presence,MBA Presence,540,940.0,0.00032880921356699824
P3_mba_presence,MBA Presence,587,987.0,0.00032705214932971535
P3_mba_presence,MBA Presence,1163,1563.0,0.0003270348669645508
P3_mba_presence,MBA Presence,1072,1472.0,0.00032568383156831356
P3_mba_presence,MBA Presence,1232,1632.0,0.0003251123708269743
P3_mba_presence,MBA Presence,1000,1400.0,0.0003249045251438078
P3_mba_presence,MBA Presence,762,1162.0,0.000323971533778944
P3_mba_presence,MBA Presence,1187,1587.0,0.0003222428764072932
P3_mba_presence,MBA Presence,736,1136.0,0.00032136517398688577
P3_mba_presence,MBA Presence,1196,1596.0,0.0003190429543676069
P3_mba_presence,MBA Presence,784,1184.0,0.0003188761160972952
P3_mba_presence,MBA Presence,83,483.0,0.0003177158213989836
P3_mba_presence,MBA Presence,1008,1408.0,0.0003176699696761699
P3_mba_presence,MBA Presence,245,645.0,0.00031709192715725205
P3_mba_presence,MBA Presence,283,683.0,0.0003165221927945223
P3_mba_presence,MBA Presence,644,1044.0,0.00031640901170089473
P3_mba_presence,MBA Presence,808,1208.0,0.00031484453393926086
P3_mba_presence,MBA Presence,29,429.0,0.0003135203106697361
P3_mba_presence,MBA Presence,167,567.0,0.0003132409060983686
P3_mba_presence,MBA Presence,683,1083.0,0.0003128844183685076
P3_mba_presence,MBA Presence,575,975.0,0.000312648504438271
P3_mba_presence,MBA Presence,573,973.0,0.00031157258908858036
P3_mba_presence,MBA Presence,880,1280.0,0.00031131443539500573
P3_mba_presence,MBA Presence,1151,1551.0,0.00031002091889341767
P3_mba_presence,MBA Presence,468,868.0,0.00030914280918725555
P3_mba_presence,MBA Presence,963,1363.0,0.0003091174892636172
P3_mba_presence,MBA Presence,1157,1557.0,0.0003072054345269548
P3_mba_presence,MBA Presence,737,1137.0,0.0003064452162185813
P3_mba_presence,MBA Presence,566,966.0,0.0003062525042661158
P3_mba_presence,MBA Presence,822,1222.0,0.00030546888097155025
P3_mba_presence,MBA Presence,1238,1638.0,0.00030245776832873143
P3_mba_presence,MBA Presence,387,787.0,0.0003009192056365796
P3_mba_presence,MBA Presence,1018,1418.0,0.0003007833736528608
P3_mba_presence,MBA Presence,539,939.0,0.00030077137930991374
P3_mba_presence,MBA Presence,883,1283.0,0.0003001398823208023
P3_mba_presence,MBA Presence,999,1399.0,0.0002999643662347715
P3_mba_presence,MBA Presence,112,512.0,0.00029951703725522187
P3_mba_presence,MBA Presence,538,938.0,0.0002987225521008459
P3_mba_presence,MBA Presence,103,503.0,0.00029840613165634325
P3_mba_presence,MBA Presence,1108,1508.0,0.0002982229885496112
P3_mba_presence,MBA Presence,504,904.0,0.0002974203269450543
P3_mba_presence,MBA Presence,745,1145.0,0.0002973961745647763
P3_mba_presence,MBA Presence,971,1371.0,0.00029720607076481545
P3_mba_presence,MBA Presence,536,936.0,0.00029686128380062795
P3_mba_presence,MBA Presence,84,484.0,0.0002968045518355574
P3_mba_presence,MBA Presence,491,891.0,0.00029673892325162246
P3_mba_presence,MBA Presence,288,688.0,0.00029663303281109675
P3_mba_presence,MBA Presence,124,524.0,0.00029639393031404845
P3_mba_presence,MBA Presence,193,593.0,0.00029596332766908246
P3_mba_presence,MBA Presence,597,997.0,0.0002956736122845136
P3_mba_presence,MBA Presence,497,897.0,0.0002956000755338961
P3_mba_presence,MBA Presence,142,542.0,0.00029536723932386443
P3_mba_presence,MBA Presence,506,906.0,0.00029500787619125433
P3_mba_presence,MBA Presence,715,1115.0,0.00029491013839369034
P3_mba_presence,MBA Presence,1239,1639.0,0.0002946555528281165
P3_mba_presence,MBA Presence,125,525.0,0.00029370878539046794
P3_mba_presence,MBA Presence,509,909.0,0.00029346167438368004
P3_mba_presence,MBA Presence,197,597.0,0.00029330764996412026
P3_mba_presence,MBA Presence,881,1281.0,0.00029301888688858805
P3_mba_presence,MBA Presence,132,532.0,0.0002927857303036552
P3_mba_presence,MBA Presence,827,1227.0,0.00029249569434551526
P3_mba_presence,MBA Presence,369,769.0,0.00029191999798234284
P3_mba_presence,MBA Presence,1159,1559.0,0.0002912585883783753
P3_mba_presence,MBA Presence,1190,1590.0,0.000290841509248928
P3_mba_presence,MBA Presence,956,1356.0,0.0002904517663316002
P3_mba_presence,MBA Presence,223,623.0,0.00029038737504059024
P3_mba_presence,MBA Presence,1006,1406.0,0.00029010856456394656
P3_mba_presence,MBA Presence,108,508.0,0.0002889232058414456
P3_mba_presence,MBA Presence,235,635.0,0.0002882344132924285
P3_mba_presence,MBA Presence,269,669.0,0.00028808917798826757
P3_mba_presence,MBA Presence,222,622.0,0.00028766833630399706
P3_mba_presence,MBA Presence,562,962.0,0.0002866846523789811
P3_mba_presence,MBA Presence,638,1038.0,0.0002863598210218637
P3_mba_presence,MBA Presence,419,819.0,0.0002856956155895658
P3_mba_presence,MBA Presence,864,1264.0,0.0002850137242888589
P3_mba_presence,MBA Presence,101,501.0,0.0002850037517126556
P3_mba_presence,MBA Presence,210,610.0,0.00028498170109427786
P3_mba_presence,MBA Presence,1215,1615.0,0.0002824739475128349
P3_mba_presence,MBA Presence,588,988.0,0.0002822427390692931
P3_mba_presence,MBA Presence,804,1204.0,0.0002811420774122124
P3_mba_presence,MBA Presence,28,428.0,0.0002802320562950275
P3_mba_presence,MBA Presence,865,1265.0,0.0002801991675649863
P3_mba_presence,MBA Presence,970,1370.0,0.0002801502132808382
P3_mba_presence,MBA Presence,885,1285.0,0.00027973590192425835
P3_mba_presence,MBA Presence,525,925.0,0.0002795395922818247
P3_mba_presence,MBA Presence,637,1037.0,0.0002785723091224062
P3_mba_presence,MBA Presence,7,407.0,0.0002783104656461119
P3_mba_presence,MBA Presence,180,580.0,0.0002782723012363899
P3_mba_presence,MBA Presence,767,1167.0,0.00027785077342818657
P3_mba_presence,MBA Presence,1317,1717.0,0.0002777789316555522
P3_mba_presence,MBA Presence,256,656.0,0.0002774873655376668
P3_mba_presence,MBA Presence,1088,1488.0,0.00027748418779124803
P3_mba_presence,MBA Presence,529,929.0,0.00027576332447597023
P3_mba_presence,MBA Presence,1143,1543.0,0.0002757543491334259
P3_mba_presence,MBA Presence,1040,1440.0,0.0002757410864575316
P3_mba_presence,MBA Presence,948,1348.0,0.0002756828678720045
P3_mba_presence,MBA Presence,131,531.0,0.00027478656356367707
P3_mba_presence,MBA Presence,704,1104.0,0.00027472407517342576
P3_mba_presence,MBA Presence,756,1156.0,0.00027431391745447544
P3_mba_presence,MBA Presence,857,1257.0,0.0002743099753148371
P3_mba_presence,MBA Presence,1350,1750.0,0.0002732171110181067
P3_mba_presence,MBA Presence,192,592.0,0.000272380102557384
P3_mba_presence,MBA Presence,12,412.0,0.0002720095881195453
P3_mba_presence,MBA Presence,261,661.0,0.000271988907263433
P3_mba_presence,MBA Presence,1027,1427.0,0.00027156236109082547
P3_mba_presence,MBA Presence,641,1041.0,0.00027149890155849524
P3_mba_presence,MBA Presence,190,590.0,0.00027108880608392205
P3_mba_presence,MBA Presence,259,659.0,0.00027048518502279857
P3_mba_presence,MBA Presence,1200,1600.0,0.00027030472238615227
P3_mba_presence,MBA Presence,743,1143.0,0.00027015221236647056
P3_mba_presence,MBA Presence,631,1031.0,0.000268317699276091
P3_mba_presence,MBA Presence,335,735.0,0.00026696710344074003
P3_mba_presence,MBA Presence,856,1256.0,0.00026617151275497666
P3_mba_presence,MBA Presence,321,721.0,0.00026503798032386525
P3_mba_presence,MBA Presence,82,482.0,0.0002649883067607983
P3_mba_presence,MBA Presence,765,1165.0,0.0002646445101794686
P3_mba_presence,MBA Presence,1243,1643.0,0.0002645485633056265
P3_mba_presence,MBA Presence,1010,1410.0,0.00026450551594668376
P3_mba_presence,MBA Presence,74,474.0,0.0002640851370259929
P3_mba_presence,MBA Presence,516,916.0,0.000262977196736276
P3_mba_presence,MBA Presence,1145,1545.0,0.00026242616873459114
P3_mba_presence,MBA Presence,194,594.0,0.00026232251428097897
P3_mba_presence,MBA Presence,139,539.0,0.00026196517576275983
P3_mba_presence,MBA Presence,821,1221.0,0.000261951300803334
P3_mba_presence,MBA Presence,922,1322.0,0.000261898519307168
P3_mba_presence,MBA Presence,1059,1459.0,0.00026164342280915996
P3_mba_presence,MBA Presence,530,930.0,0.00026110436380718394
P3_mba_presence,MBA Presence,341,741.0,0.0002577571882480029
P3_mba_presence,MBA Presence,92,492.0,0.0002575262782325155
P3_mba_presence,MBA Presence,1301,1701.0,0.0002570048664293119
P3_mba_presence,MBA Presence,198,598.0,0.0002567099049734241
P3_mba_presence,MBA Presence,931,1331.0,0.00025660972131985404
P3_mba_presence,MBA Presence,224,624.0,0.0002560349156871938
P3_mba_presence,MBA Presence,782,1182.0,0.00025595435192871525
P3_mba_presence,MBA Presence,611,1011.0,0.00025529014690282235
P3_mba_presence,MBA Presence,572,972.0,0.000254183306383771
P3_mba_presence,MBA Presence,336,736.0,0.00025397877937885434
P3_mba_presence,MBA Presence,95,495.0,0.0002539155882299062
P3_mba_presence,MBA Presence,72,472.0,0.00025390888452456916
P3_mba_presence,MBA Presence,688,1088.0,0.00025370235734803546
P3_mba_presence,MBA Presence,97,497.0,0.0002531640573274224
P3_mba_presence,MBA Presence,93,493.0,0.0002525100089523849
P3_mba_presence,MBA Presence,565,965.0,0.0002516829223202021
P3_mba_presence,MBA Presence,718,1118.0,0.0002510642008299935
P3_mba_presence,MBA Presence,796,1196.0,0.0002507167856748306
P3_mba_presence,MBA Presence,786,1186.0,0.000250447085406317
P3_mba_presence,MBA Presence,1226,1626.0,0.00025037121541253356
P3_mba_presence,MBA Presence,81,481.0,0.0002502976641154115
P3_mba_presence,MBA Presence,68,468.0,0.00024961443886174664
P3_mba_presence,MBA Presence,886,1286.0,0.0002493250757368955
P3_mba_presence,MBA Presence,1278,1678.0,0.0002486933021076016
P3_mba_presence,MBA Presence,89,489.0,0.00024828340094558605
P3_mba_presence,MBA Presence,477,877.0,0.0002482015891120173
P3_mba_presence,MBA Presence,463,863.0,0.0002477210457675757
P3_mba_presence,MBA Presence,953,1353.0,0.00024758669344472433
P3_mba_presence,MBA Presence,316,716.0,0.0002471902118917143
P3_mba_presence,MBA Presence,949,1349.0,0.0002471745450356583
P3_mba_presence,MBA Presence,30,430.0,0.00024671738270936423
P3_mba_presence,MBA Presence,6,406.0,0.00024617637986522047
P3_mba_presence,MBA Presence,757,1157.0,0.00024572795868354954
P3_mba_presence,MBA Presence,289,689.0,0.0002454591949978109
P3_mba_presence,MBA Presence,966,1366.0,0.0002454476706835508
P3_mba_presence,MBA Presence,537,937.0,0.0002447475117548806
P3_mba_presence,MBA Presence,1289,1689.0,0.00024348311023237335
P3_mba_presence,MBA Presence,90,490.0,0.0002429093727244069
P3_mba_presence,MBA Presence,203,603.0,0.00024279686815871412
P3_mba_presence,MBA Presence,628,1028.0,0.0002424765491009062
P3_mba_presence,MBA Presence,1290,1690.0,0.00024222159737462282
P3_mba_presence,MBA Presence,1080,1480.0,0.00024177875812216533
P3_mba_presence,MBA Presence,701,1101.0,0.0002414700911910346
P3_mba_presence,MBA Presence,1068,1468.0,0.00024106434007856447
P3_mba_presence,MBA Presence,526,926.0,0.00024098038461186648
P3_mba_presence,MBA Presence,869,1269.0,0.00024092008833480954
P3_mba_presence,MBA Presence,1214,1614.0,0.0002403318021646043
P3_mba_presence,MBA Presence,253,653.0,0.00024031057614019627
P3_mba_presence,MBA Presence,895,1295.0,0.0002387878753984024
P3_mba_presence,MBA Presence,629,1029.0,0.00023843741850196242
P3_mba_presence,MBA Presence,1030,1430.0,0.0002379088668058643
P3_mba_presence,MBA Presence,828,1228.0,0.00023785814685279248
P3_mba_presence,MBA Presence,932,1332.0,0.00023693508409063983
P3_mba_presence,MBA Presence,1197,1597.0,0.0002363309471484269
P3_mba_presence,MBA Presence,1287,1687.0,0.00023599296745081523
P3_mba_presence,MBA Presence,1019,1419.0,0.00023597520827650802
P3_mba_presence,MBA Presence,929,1329.0,0.00023592113997169818
P3_mba_presence,MBA Presence,733,1133.0,0.00023532169163129914
P3_mba_presence,MBA Presence,1252,1652.0,0.00023529184654587986
P3_mba_presence,MBA Presence,752,1152.0,0.00023446494997644306
P3_mba_presence,MBA Presence,977,1377.0,0.00023414699535640425
P3_mba_presence,MBA Presence,1221,1621.0,0.0002336700131968478
P3_mba_presence,MBA Presence,919,1319.0,0.00023225009870796916
P3_mba_presence,MBA Presence,790,1190.0,0.0002317078328304414
P3_mba_presence,MBA Presence,1212,1612.0,0.00023142178973515915
P3_mba_presence,MBA Presence,823,1223.0,0.00023132108387019786
P3_mba_presence,MBA Presence,270,670.0,0.0002308062481398807
P3_mba_presence,MBA Presence,983,1383.0,0.00023068886671711043
P3_mba_presence,MBA Presence,515,915.0,0.00023055769561699637
P3_mba_presence,MBA Presence,1070,1470.0,0.00023041776929987075
P3_mba_presence,MBA Presence,1038,1438.0,0.00023026149587273436
P3_mba_presence,MBA Presence,854,1254.0,0.00022935033647009622
P3_mba_presence,MBA Presence,734,1134.0,0.00022882579238411166
P3_mba_presence,MBA Presence,1022,1422.0,0.00022867432231520035
P3_mba_presence,MBA Presence,492,892.0,0.00022846460407834925
P3_mba_presence,MBA Presence,1077,1477.0,0.00022832109867171113
P3_mba_presence,MBA Presence,848,1248.0,0.00022694974222676605
P3_mba_presence,MBA Presence,362,762.0,0.00022690422974753417
P3_mba_presence,MBA Presence,990,1390.0,0.0002264991841000467
P3_mba_presence,MBA Presence,950,1350.0,0.00022630890162390153
P3_mba_presence,MBA Presence,106,506.0,0.0002260875594951659
P3_mba_presence,MBA Presence,1107,1507.0,0.00022556192705577876
P3_mba_presence,MBA Presence,298,698.0,0.00022547055161299933
P3_mba_presence,MBA Presence,923,1323.0,0.00022541201041289847
P3_mba_presence,MBA Presence,1207,1607.0,0.0002253982395556444
P3_mba_presence,MBA Presence,986,1386.0,0.0002250159976533165
P3_mba_presence,MBA Presence,69,469.0,0.00022485724637930787
P3_mba_presence,MBA Presence,991,1391.0,0.00022458764166669322
P3_mba_presence,MBA Presence,406,806.0,0.00022415998312413959
P3_mba_presence,MBA Presence,706,1106.0,0.0002241459345314031
P3_mba_presence,MBA Presence,989,1389.0,0.0002231964113455897
P3_mba_presence,MBA Presence,876,1276.0,0.0002229356494041522
P3_mba_presence,MBA Presence,128,528.0,0.00022277057610491628
P3_mba_presence,MBA Presence,1020,1420.0,0.0002221915241677948
P3_mba_presence,MBA Presence,896,1296.0,0.00022204804368250168
P3_mba_presence,MBA Presence,1254,1654.0,0.00022204430934272758
P3_mba_presence,MBA Presence,792,1192.0,0.00022183151997498117
P3_mba_presence,MBA Presence,753,1153.0,0.00022146556397110808
P3_mba_presence,MBA Presence,1042,1442.0,0.00022096317739297723
P3_mba_presence,MBA Presence,609,1009.0,0.0002205842653227559
P3_mba_presence,MBA Presence,275,675.0,0.00022037310502832854
P3_mba_presence,MBA Presence,185,585.0,0.0002193620621889385
P3_mba_presence,MBA Presence,373,773.0,0.000218919515129419
P3_mba_presence,MBA Presence,494,894.0,0.00021890336470270383
P3_mba_presence,MBA Presence,1117,1517.0,0.00021863225579427448
P3_mba_presence,MBA Presence,962,1362.0,0.00021857904175814116
P3_mba_presence,MBA Presence,787,1187.0,0.0002183615116324893
P3_mba_presence,MBA Presence,1222,1622.0,0.00021715062795272022
P3_mba_presence,MBA Presence,66,466.0,0.00021713009603026442
P3_mba_presence,MBA Presence,140,540.0,0.00021651931829277775
P3_mba_presence,MBA Presence,825,1225.0,0.0002147151540614341
P3_mba_presence,MBA Presence,884,1284.0,0.00021465350178538343
P3_mba_presence,MBA Presence,602,1002.0,0.00021331562566430338
P3_mba_presence,MBA Presence,328,728.0,0.00021222217608201862
P3_mba_presence,MBA Presence,1299,1699.0,0.0002113039547996569
P3_mba_presence,MBA Presence,585,985.0,0.00021123381643720887
P3_mba_presence,MBA Presence,1208,1608.0,0.00021065023139860652
P3_mba_presence,MBA Presence,8,408.0,0.00021046288038876974
P3_mba_presence,MBA Presence,768,1168.0,0.00021008331715387327
P3_mba_presence,MBA Presence,1146,1546.0,0.000209505613874237
P3_mba_presence,MBA Presence,300,700.0,0.00020941653858636827
P3_mba_presence,MBA Presence,1014,1414.0,0.00020935665113543358
P3_mba_presence,MBA Presence,606,1006.0,0.0002087058350141492
P3_mba_presence,MBA Presence,761,1161.0,0.00020802114114165554
P3_mba_presence,MBA Presence,774,1174.0,0.00020764270514826445
P3_mba_presence,MBA Presence,863,1263.0,0.00020692442171707062
P3_mba_presence,MBA Presence,1004,1404.0,0.00020671639835933807
P3_mba_presence,MBA Presence,129,529.0,0.0002065980075729565
P3_mba_presence,MBA Presence,596,996.0,0.00020619609243256265
P3_mba_presence,MBA Presence,221,621.0,0.00020595747453629158
P3_mba_presence,MBA Presence,1139,1539.0,0.00020586239539658447
P3_mba_presence,MBA Presence,1154,1554.0,0.00020577609321277234
P3_mba_presence,MBA Presence,851,1251.0,0.0002057389330904741
P3_mba_presence,MBA Presence,603,1003.0,0.00020559929021640933
P3_mba_presence,MBA Presence,571,971.0,0.0002055380800696099
P3_mba_presence,MBA Presence,692,1092.0,0.0002054536351432056
P3_mba_presence,MBA Presence,852,1252.0,0.0002054381682779593
P3_mba_presence,MBA Presence,254,654.0,0.00020528934674251327
P3_mba_presence,MBA Presence,984,1384.0,0.0002052838848703729
P3_mba_presence,MBA Presence,1012,1412.0,0.00020491226943508348
P3_mba_presence,MBA Presence,917,1317.0,0.00020486659624515001
P3_mba_presence,MBA Presence,374,774.0,0.00020478322277841062
P3_mba_presence,MBA Presence,1199,1599.0,0.00020383402884293077
P3_mba_presence,MBA Presence,1118,1518.0,0.00020231479037822005
P3_mba_presence,MBA Presence,698,1098.0,0.00020229817441434156
P3_mba_presence,MBA Presence,233,633.0,0.0002020611096664735
P3_mba_presence,MBA Presence,188,588.0,0.00020155846934973723
P3_mba_presence,MBA Presence,277,677.0,0.0002014299183726064
P3_mba_presence,MBA Presence,109,509.0,0.00020126832499148614
P3_mba_presence,MBA Presence,1046,1446.0,0.00020114573896693288
P3_mba_presence,MBA Presence,1069,1469.0,0.0002011153018209986
P3_mba_presence,MBA Presence,1113,1513.0,0.00020070756914770434
P3_mba_presence,MBA Presence,282,682.0,0.0002004719925992021
P3_mba_presence,MBA Presence,1016,1416.0,0.0002004204019777713
P3_mba_presence,MBA Presence,1188,1588.0,0.00019976216546514864
P3_mba_presence,MBA Presence,578,978.0,0.0001996766640439484
P3_mba_presence,MBA Presence,957,1357.0,0.00019967374193697438
P3_mba_presence,MBA Presence,76,476.0,0.00019914814734711602
P3_mba_presence,MBA Presence,1149,1549.0,0.00019907474644160884
P3_mba_presence,MBA Presence,1155,1555.0,0.00019905266583528918
P3_mba_presence,MBA Presence,639,1039.0,0.00019847383673230457
P3_mba_presence,MBA Presence,1025,1425.0,0.00019833035163972204
P3_mba_presence,MBA Presence,1055,1455.0,0.00019816578269729403
P3_mba_presence,MBA Presence,260,660.0,0.00019779971679965885
P3_mba_presence,MBA Presence,234,634.0,0.00019676169948817433
P3_mba_presence,MBA Presence,1026,1426.0,0.00019662794566485
P3_mba_presence,MBA Presence,879,1279.0,0.0001965802622421758
P3_mba_presence,MBA Presence,292,692.0,0.00019590439858477578
P3_mba_presence,MBA Presence,281,681.0,0.00019588185053465753
P3_mba_presence,MBA Presence,1304,1704.0,0.00019564568561126596
P3_mba_presence,MBA Presence,725,1125.0,0.00019516787044167444
P3_mba_presence,MBA Presence,708,1108.0,0.00019512174527223556
P3_mba_presence,MBA Presence,770,1170.0,0.00019512032713867416
P3_mba_presence,MBA Presence,693,1093.0,0.00019500471270837358
P3_mba_presence,MBA Presence,815,1215.0,0.00019480581175786328
P3_mba_presence,MBA Presence,500,900.0,0.00019462648196644588
P3_mba_presence,MBA Presence,858,1258.0,0.0001940587901083055
P3_mba_presence,MBA Presence,1253,1653.0,0.00019398672092389764
P3_mba_presence,MBA Presence,927,1327.0,0.0001937931631718607
P3_mba_presence,MBA Presence,928,1328.0,0.00019368252448982427
P3_mba_presence,MBA Presence,1231,1631.0,0.0001936679645010785
P3_mba_presence,MBA Presence,1079,1479.0,0.00019284389608676864
P3_mba_presence,MBA Presence,1101,1501.0,0.00019269769342492062
P3_mba_presence,MBA Presence,694,1094.0,0.00019234373560420476
P3_mba_presence,MBA Presence,1295,1695.0,0.00019212065555136417
P3_mba_presence,MBA Presence,330,730.0,0.00019152325006887018
P3_mba_presence,MBA Presence,242,642.0,0.00019146875723259106
P3_mba_presence,MBA Presence,580,980.0,0.00019132454041765517
P3_mba_presence,MBA Presence,1229,1629.0,0.00019108050905286553
P3_mba_presence,MBA Presence,605,1005.0,0.00019095788628718986
P3_mba_presence,MBA Presence,1043,1443.0,0.00019092852332025956
P3_mba_presence,MBA Presence,918,1318.0,0.00019068727166541972
P3_mba_presence,MBA Presence,935,1335.0,0.0001905067804811095
P3_mba_presence,MBA Presence,766,1166.0,0.00019041505521650778
P3_mba_presence,MBA Presence,778,1178.0,0.0001901487348031801
P3_mba_presence,MBA Presence,471,871.0,0.00019008902261813675
P3_mba_presence,MBA Presence,1078,1478.0,0.00019005183613411778
P3_mba_presence,MBA Presence,699,1099.0,0.000189925928001206
P3_mba_presence,MBA Presence,695,1095.0,0.00018991331514874943
P3_mba_presence,MBA Presence,574,974.0,0.00018980138587150887
P3_mba_presence,MBA Presence,216,616.0,0.0001896623644786342
P3_mba_presence,MBA Presence,550,950.0,0.00018925065115324595
P3_mba_presence,MBA Presence,1228,1628.0,0.00018900623174353417
P3_mba_presence,MBA Presence,181,581.0,0.00018891388042335407
P3_mba_presence,MBA Presence,340,740.0,0.00018869401253656032
P3_mba_presence,MBA Presence,390,790.0,0.00018839488167266658
P3_mba_presence,MBA Presence,1011,1411.0,0.00018827928623794726
P3_mba_presence,MBA Presence,35,435.0,0.00018799711590739932
P3_mba_presence,MBA Presence,1335,1735.0,0.00018786028853073992
P3_mba_presence,MBA Presence,1227,1627.0,0.00018772717822642806
P3_mba_presence,MBA Presence,384,784.0,0.00018715414541877344
P3_mba_presence,MBA Presence,589,989.0,0.00018632902724612536
P3_mba_presence,MBA Presence,601,1001.0,0.00018534461842630243
P3_mba_presence,MBA Presence,552,952.0,0.00018530501614948448
P3_mba_presence,MBA Presence,713,1113.0,0.00018514830987070594
P3_mba_presence,MBA Presence,137,537.0,0.00018472319756318524
P3_mba_presence,MBA Presence,37,437.0,0.00018456898494130595
P3_mba_presence,MBA Presence,959,1359.0,0.00018451056077001303
P3_mba_presence,MBA Presence,941,1341.0,0.00018441401628947702
P3_mba_presence,MBA Presence,1094,1494.0,0.0001843262257689074
P3_mba_presence,MBA Presence,691,1091.0,0.0001838525569018171
P3_mba_presence,MBA Presence,800,1200.0,0.00018382930845708712
P3_mba_presence,MBA Presence,1007,1407.0,0.00018369881090864342
P3_mba_presence,MBA Presence,739,1139.0,0.00018274577839978714
P3_mba_presence,MBA Presence,1213,1613.0,0.00018205284494928376
P3_mba_presence,MBA Presence,862,1262.0,0.00018174822686478745
P3_mba_presence,MBA Presence,738,1138.0,0.00018069165150740396
P3_mba_presence,MBA Presence,595,995.0,0.00018058771991601665
P3_mba_presence,MBA Presence,700,1100.0,0.00017949761033269243
P3_mba_presence,MBA Presence,85,485.0,0.0001791691171355454
P3_mba_presence,MBA Presence,322,722.0,0.0001787069481650113
P3_mba_presence,MBA Presence,319,719.0,0.00017866643591138922
P3_mba_presence,MBA Presence,293,693.0,0.00017843145853048797
P3_mba_presence,MBA Presence,581,981.0,0.00017837825686466572
P3_mba_presence,MBA Presence,1093,1493.0,0.00017821190625115296
P3_mba_presence,MBA Presence,323,723.0,0.00017791715514103222
P3_mba_presence,MBA Presence,1013,1413.0,0.00017725857578131668
P3_mba_presence,MBA Presence,579,979.0,0.00017703547470446815
P3_mba_presence,MBA Presence,380,780.0,0.00017697090338347494
P3_mba_presence,MBA Presence,1031,1431.0,0.0001767440720936481
P3_mba_presence,MBA Presence,716,1116.0,0.00017668147170758067
P3_mba_presence,MBA Presence,1060,1460.0,0.00017561677109178325
P3_mba_presence,MBA Presence,967,1367.0,0.00017556065068836263
P3_mba_presence,MBA Presence,0,400.0,0.00017519608178664912
P3_mba_presence,MBA Presence,1248,1648.0,0.00017478423006337036
P3_mba_presence,MBA Presence,921,1321.0,0.00017474095272432442
P3_mba_presence,MBA Presence,1302,1702.0,0.00017461077713597987
P3_mba_presence,MBA Presence,1037,1437.0,0.00017452742737375382
P3_mba_presence,MBA Presence,317,717.0,0.00017438035393777768
P3_mba_presence,MBA Presence,1323,1723.0,0.0001741778134112984
P3_mba_presence,MBA Presence,801,1201.0,0.0001734604727291291
P3_mba_presence,MBA Presence,339,739.0,0.00017316046008331054
P3_mba_presence,MBA Presence,1119,1519.0,0.00017309640315322394
P3_mba_presence,MBA Presence,1057,1457.0,0.0001724569695098139
P3_mba_presence,MBA Presence,972,1372.0,0.0001721227420550591
P3_mba_presence,MBA Presence,586,986.0,0.00017203154550543315
P3_mba_presence,MBA Presence,1276,1676.0,0.00017191533378537648
P3_mba_presence,MBA Presence,290,690.0,0.00017187411582357976
P3_mba_presence,MBA Presence,363,763.0,0.00017023882106371319
P3_mba_presence,MBA Presence,465,865.0,0.0001701533542997019
P3_mba_presence,MBA Presence,517,917.0,0.0001698477810709009
P3_mba_presence,MBA Presence,1294,1694.0,0.0001690138908701605
P3_mba_presence,MBA Presence,952,1352.0,0.00016762014937765616
P3_mba_presence,MBA Presence,522,922.0,0.00016757910965679366
P3_mba_presence,MBA Presence,200,600.0,0.0001673400523914124
P3_mba_presence,MBA Presence,960,1360.0,0.00016711361996997202
P3_mba_presence,MBA Presence,381,781.0,0.00016657367324420346
P3_mba_presence,MBA Presence,1123,1523.0,0.00016647350308640206
P3_mba_presence,MBA Presence,1109,1509.0,0.00016647016888011508
P3_mba_presence,MBA Presence,1306,1706.0,0.00016610627560301313
P3_mba_presence,MBA Presence,731,1131.0,0.00016599875640219846
P3_mba_presence,MBA Presence,524,924.0,0.0001655823504532116
P3_mba_presence,MBA Presence,334,734.0,0.00016543450571291504
P3_mba_presence,MBA Presence,475,875.0,0.0001649517693394354
P3_mba_presence,MBA Presence,299,699.0,0.00016447834716440036
P3_mba_presence,MBA Presence,1230,1630.0,0.00016437451790570626
P3_mba_presence,MBA Presence,871,1271.0,0.00016427787012560796
P3_mba_presence,MBA Presence,291,691.0,0.0001642660142989344
P3_mba_presence,MBA Presence,314,714.0,0.00016358423227446497
P3_mba_presence,MBA Presence,979,1379.0,0.00016345583905708324
P3_mba_presence,MBA Presence,236,636.0,0.0001633692529067738
P3_mba_presence,MBA Presence,961,1361.0,0.00016308109474435343
P3_mba_presence,MBA Presence,252,652.0,0.00016250557872680882
P3_mba_presence,MBA Presence,531,931.0,0.00016241828425768572
P3_mba_presence,MBA Presence,303,703.0,0.00016239685731255892
P3_mba_presence,MBA Presence,1193,1593.0,0.00016234140085697965
P3_mba_presence,MBA Presence,978,1378.0,0.00016211433557718346
P3_mba_presence,MBA Presence,916,1316.0,0.00016186083465109203
P3_mba_presence,MBA Presence,403,803.0,0.000161696956749716
P3_mba_presence,MBA Presence,218,618.0,0.00016143115088939117
P3_mba_presence,MBA Presence,771,1171.0,0.00016095557510113873
P3_mba_presence,MBA Presence,867,1267.0,0.00016066734430771978
P3_mba_presence,MBA Presence,469,869.0,0.00016061793856847885
P3_mba_presence,MBA Presence,689,1089.0,0.0001605770884896628
P3_mba_presence,MBA Presence,464,864.0,0.0001605750337813498
P3_mba_presence,MBA Presence,1104,1504.0,0.00016055286234093374
P3_mba_presence,MBA Presence,520,920.0,0.0001604969892999356
P3_mba_presence,MBA Presence,719,1119.0,0.0001604729566278811
P3_mba_presence,MBA Presence,1062,1462.0,0.00016005755357830048
P3_mba_presence,MBA Presence,333,733.0,0.00015963054638020273
P3_mba_presence,MBA Presence,376,776.0,0.0001594344555650997
P3_mba_presence,MBA Presence,135,535.0,0.00015929111995202676
P3_mba_presence,MBA Presence,690,1090.0,0.00015903504957111105
P3_mba_presence,MBA Presence,840,1240.0,0.00015892837836795786
P3_mba_presence,MBA Presence,542,942.0,0.00015820289890927197
P3_mba_presence,MBA Presence,1316,1716.0,0.00015814823935814064
P3_mba_presence,MBA Presence,817,1217.0,0.00015806621444305996
P3_mba_presence,MBA Presence,378,778.0,0.00015795543802412347
P3_mba_presence,MBA Presence,470,870.0,0.00015773783784416077
P3_mba_presence,MBA Presence,820,1220.0,0.00015765744222106476
P3_mba_presence,MBA Presence,258,658.0,0.0001575080678937819
P3_mba_presence,MBA Presence,925,1325.0,0.0001574687773056064
P3_mba_presence,MBA Presence,533,933.0,0.00015746030215862147
P3_mba_presence,MBA Presence,748,1148.0,0.0001572893171577521
P3_mba_presence,MBA Presence,1352,1752.0,0.0001572879440530888
P3_mba_presence,MBA Presence,1367,1767.0,0.00015707991512804086
P3_mba_presence,MBA Presence,215,615.0,0.00015638284925700364
P3_mba_presence,MBA Presence,195,595.0,0.00015593328693836098
P3_mba_presence,MBA Presence,410,810.0,0.00015554498548802674
P3_mba_presence,MBA Presence,1114,1514.0,0.0001551641552710594
P3_mba_presence,MBA Presence,79,479.0,0.00015514401499283707
P3_mba_presence,MBA Presence,459,859.0,0.0001546389635144626
P3_mba_presence,MBA Presence,712,1112.0,0.0001544341123314674
P3_mba_presence,MBA Presence,1240,1640.0,0.0001539792443876658
P3_mba_presence,MBA Presence,938,1338.0,0.00015313073133275943
P3_mba_presence,MBA Presence,1075,1475.0,0.00015272389392677167
P3_mba_presence,MBA Presence,332,732.0,0.00015237465776590502
P3_mba_presence,MBA Presence,1147,1547.0,0.00015210094625909496
P3_mba_presence,MBA Presence,27,427.0,0.00015207595275518702
P3_mba_presence,MBA Presence,779,1179.0,0.0001518860612591664
P3_mba_presence,MBA Presence,965,1365.0,0.00015161380241255436
P3_mba_presence,MBA Presence,467,867.0,0.0001514913616203286
P3_mba_presence,MBA Presence,687,1087.0,0.00015147813251092376
P3_mba_presence,MBA Presence,209,609.0,0.00015137345218801108
P3_mba_presence,MBA Presence,1126,1526.0,0.00015133665419338289
P3_mba_presence,MBA Presence,1074,1474.0,0.00015101367688574258
P3_mba_presence,MBA Presence,1082,1482.0,0.00015083833149461651
P3_mba_presence,MBA Presence,976,1376.0,0.00015074531522789149
P3_mba_presence,MBA Presence,1054,1454.0,0.00015070729790730967
P3_mba_presence,MBA Presence,1242,1642.0,0.00015003168626329645
P3_mba_presence,MBA Presence,1192,1592.0,0.00014928037644046268
P3_mba_presence,MBA Presence,1050,1450.0,0.0001488988897433222
P3_mba_presence,MBA Presence,627,1027.0,0.00014810887006189372
P3_mba_presence,MBA Presence,788,1188.0,0.00014797090544642498
P3_mba_presence,MBA Presence,237,637.0,0.0001478825159937821
P3_mba_presence,MBA Presence,1116,1516.0,0.00014694987618388516
P3_mba_presence,MBA Presence,70,470.0,0.00014638791343987026
P3_mba_presence,MBA Presence,301,701.0,0.00014636472819145067
P3_mba_presence,MBA Presence,769,1169.0,0.00014615637223309834
P3_mba_presence,MBA Presence,702,1102.0,0.00014614363223319288
P3_mba_presence,MBA Presence,982,1382.0,0.00014590867654436964
P3_mba_presence,MBA Presence,1233,1633.0,0.00014572762413937143
P3_mba_presence,MBA Presence,780,1180.0,0.0001455758154336976
P3_mba_presence,MBA Presence,722,1122.0,0.00014553883315166164
P3_mba_presence,MBA Presence,1092,1492.0,0.0001447193309474756
P3_mba_presence,MBA Presence,1015,1415.0,0.0001447039603941246
P3_mba_presence,MBA Presence,107,507.0,0.00014367344252224457
P3_mba_presence,MBA Presence,1235,1635.0,0.0001435428902391239
P3_mba_presence,MBA Presence,709,1109.0,0.00014343923598038829
P3_mba_presence,MBA Presence,86,486.0,0.00014293568147462257
P3_mba_presence,MBA Presence,249,649.0,0.00014164195302021756
P3_mba_presence,MBA Presence,930,1330.0,0.00014095407346686423
P3_mba_presence,MBA Presence,240,640.0,0.00014091243719804058
P3_mba_presence,MBA Presence,1036,1436.0,0.00014049548145278812
P3_mba_presence,MBA Presence,1296,1696.0,0.00014033889745090203
P3_mba_presence,MBA Presence,320,720.0,0.0001398876872582224
P3_mba_presence,MBA Presence,1270,1670.0,0.0001391967299147847
P3_mba_presence,MBA Presence,878,1278.0,0.0001387278539933851
P3_mba_presence,MBA Presence,541,941.0,0.00013830046612434268
P3_mba_presence,MBA Presence,17,417.0,0.00013814321002817996
P3_mba_presence,MBA Presence,553,953.0,0.0001375710919428852
P3_mba_presence,MBA Presence,232,632.0,0.00013737399411167323
P3_mba_presence,MBA Presence,1095,1495.0,0.00013721912292106311
P3_mba_presence,MBA Presence,703,1103.0,0.0001372026178933225
P3_mba_presence,MBA Presence,276,676.0,0.00013690659330571346
P3_mba_presence,MBA Presence,1001,1401.0,0.00013671340993982796
P3_mba_presence,MBA Presence,742,1142.0,0.00013668054139656785
P3_mba_presence,MBA Presence,1041,1441.0,0.00013606943465702739
P3_mba_presence,MBA Presence,897,1297.0,0.00013530589098130616
P3_mba_presence,MBA Presence,535,935.0,0.00013509336721936877
P3_mba_presence,MBA Presence,144,544.0,0.00013501258677931787
P3_mba_presence,MBA Presence,1400,1800.0,0.00013472223107165973
P3_mba_presence,MBA Presence,127,527.0,0.0001344208789021867
P3_mba_presence,MBA Presence,973,1373.0,0.0001340013576539683
P3_mba_presence,MBA Presence,217,617.0,0.0001338844973192378
P3_mba_presence,MBA Presence,1127,1527.0,0.00013368526843785311
P3_mba_presence,MBA Presence,20,420.0,0.00013357403488684126
P3_mba_presence,MBA Presence,616,1016.0,0.0001335008240084161
P3_mba_presence,MBA Presence,714,1114.0,0.00013329938504187027
P3_mba_presence,MBA Presence,563,963.0,0.00013315512996018344
P3_mba_presence,MBA Presence,749,1149.0,0.00013278241075384068
P3_mba_presence,MBA Presence,274,674.0,0.0001326885497129465
P3_mba_presence,MBA Presence,1245,1645.0,0.00013258042703643465
P3_mba_presence,MBA Presence,724,1124.0,0.00013220863445671363
P3_mba_presence,MBA Presence,402,802.0,0.00013205097975546698
P3_mba_presence,MBA Presence,251,651.0,0.00013184369502905417
P3_mba_presence,MBA Presence,560,960.0,0.00013155345054995546
P3_mba_presence,MBA Presence,781,1181.0,0.00013133144487847883
P3_mba_presence,MBA Presence,617,1017.0,0.00013098669900297143
P3_mba_presence,MBA Presence,138,538.0,0.00013086396757765358
P3_mba_presence,MBA Presence,939,1339.0,0.00013082470493469358
P3_mba_presence,MBA Presence,508,908.0,0.0001306561412497587
P3_mba_presence,MBA Presence,364,764.0,0.00013024418546767392
P3_mba_presence,MBA Presence,592,992.0,0.0001301464631664302
P3_mba_presence,MBA Presence,558,958.0,0.00012987890189495243
P3_mba_presence,MBA Presence,523,923.0,0.00012976581932811718
P3_mba_presence,MBA Presence,80,480.0,0.00012946473472056678
P3_mba_presence,MBA Presence,818,1218.0,0.0001292027172066199
P3_mba_presence,MBA Presence,874,1274.0,0.00012852913965847226
P3_mba_presence,MBA Presence,308,708.0,0.00012798115140255932
P3_mba_presence,MBA Presence,1061,1461.0,0.00012796430924043518
P3_mba_presence,MBA Presence,532,932.0,0.00012787159582134614
P3_mba_presence,MBA Presence,975,1375.0,0.0001273497086216707
P3_mba_presence,MBA Presence,891,1291.0,0.00012719470663267687
P3_mba_presence,MBA Presence,1125,1525.0,0.00012707121907255456
P3_mba_presence,MBA Presence,834,1234.0,0.0001264540702956298
P3_mba_presence,MBA Presence,933,1333.0,0.0001264274780096179
P3_mba_presence,MBA Presence,549,949.0,0.00012637806584644542
P3_mba_presence,MBA Presence,809,1209.0,0.00012628900932600999
P3_mba_presence,MBA Presence,824,1224.0,0.0001259602181695932
P3_mba_presence,MBA Presence,1035,1435.0,0.00012591420582241396
P3_mba_presence,MBA Presence,1194,1594.0,0.00012590462846560977
P3_mba_presence,MBA Presence,182,582.0,0.00012533883933027733
P3_mba_presence,MBA Presence,1103,1503.0,0.00012533579240039006
P3_mba_presence,MBA Presence,1346,1746.0,0.0001252403530918483
P3_mba_presence,MBA Presence,1098,1498.0,0.0001250157439792647
P3_mba_presence,MBA Presence,279,679.0,0.0001247743521049099
P3_mba_presence,MBA Presence,1288,1688.0,0.0001246884566784275
P3_mba_presence,MBA Presence,1225,1625.0,0.00012412667552220877
P3_mba_presence,MBA Presence,812,1212.0,0.00012411050009688646
P3_mba_presence,MBA Presence,740,1140.0,0.00012388930082620872
P3_mba_presence,MBA Presence,1312,1712.0,0.00012386572770655516
P3_mba_presence,MBA Presence,951,1351.0,0.00012383954293555813
P3_mba_presence,MBA Presence,548,948.0,0.00012376270496076736
P3_mba_presence,MBA Presence,1058,1458.0,0.00012365290913550573
P3_mba_presence,MBA Presence,489,889.0,0.00012356233051956072
P3_mba_presence,MBA Presence,24,424.0,0.00012324357994217326
P3_mba_presence,MBA Presence,1237,1637.0,0.00012306139521756198
P3_mba_presence,MBA Presence,510,910.0,0.00012242918737989927
P3_mba_presence,MBA Presence,711,1111.0,0.00012230696442870793
P3_mba_presence,MBA Presence,545,945.0,0.0001222613626557838
P3_mba_presence,MBA Presence,772,1172.0,0.0001221482849343448
P3_mba_presence,MBA Presence,889,1289.0,0.0001220853453861591
P3_mba_presence,MBA Presence,189,589.0,0.00012202254513903567
P3_mba_presence,MBA Presence,521,921.0,0.00012187139481596177
P3_mba_presence,MBA Presence,257,657.0,0.00012169591594762414
P3_mba_presence,MBA Presence,94,494.0,0.00012168309447543784
P3_mba_presence,MBA Presence,728,1128.0,0.00012163174657119586
P3_mba_presence,MBA Presence,1144,1544.0,0.00012135204472522481
P3_mba_presence,MBA Presence,32,432.0,0.00012128014377393392
P3_mba_presence,MBA Presence,593,993.0,0.0001212723293304618
P3_mba_presence,MBA Presence,1373,1773.0,0.00012093011324076218
P3_mba_presence,MBA Presence,1,401.0,0.00012035751817879031
P3_mba_presence,MBA Presence,1310,1710.0,0.00012021848054853276
P3_mba_presence,MBA Presence,729,1129.0,0.00011988091523437738
P3_mba_presence,MBA Presence,326,726.0,0.00011980605101579567
P3_mba_presence,MBA Presence,527,927.0,0.00011979165948784295
P3_mba_presence,MBA Presence,855,1255.0,0.00011975577823031124
P3_mba_presence,MBA Presence,621,1021.0,0.00011973410147171073
P3_mba_presence,MBA Presence,357,757.0,0.00011954952900979844
P3_mba_presence,MBA Presence,1341,1741.0,0.00011928177483389595
P3_mba_presence,MBA Presence,368,768.0,0.00011920809362419378
P3_mba_presence,MBA Presence,327,727.0,0.00011920242532552929
P3_mba_presence,MBA Presence,191,591.0,0.00011912513361593317
P3_mba_presence,MBA Presence,591,991.0,0.00011897977829677256
P3_mba_presence,MBA Presence,502,902.0,0.0001188203663827015
P3_mba_presence,MBA Presence,371,771.0,0.00011839101837056036
P3_mba_presence,MBA Presence,791,1191.0,0.0001181517594819247
P3_mba_presence,MBA Presence,272,672.0,0.00011772253695508629
P3_mba_presence,MBA Presence,361,761.0,0.0001176299971598893
P3_mba_presence,MBA Presence,1111,1511.0,0.00011755080983228413
P3_mba_presence,MBA Presence,1324,1724.0,0.00011745392524864608
P3_mba_presence,MBA Presence,1283,1683.0,0.00011738975000138113
P3_mba_presence,MBA Presence,1337,1737.0,0.00011730839825709761
P3_mba_presence,MBA Presence,184,584.0,0.00011715442737083411
P3_mba_presence,MBA Presence,1017,1417.0,0.00011712882467166365
P3_mba_presence,MBA Presence,988,1388.0,0.00011703607599591282
P3_mba_presence,MBA Presence,775,1175.0,0.0001165423540983604
P3_mba_presence,MBA Presence,365,765.0,0.00011618495300628214
P3_mba_presence,MBA Presence,1099,1499.0,0.00011592468552514637
P3_mba_presence,MBA Presence,1084,1484.0,0.00011586773638175225
P3_mba_presence,MBA Presence,264,664.0,0.00011571762770283524
P3_mba_presence,MBA Presence,1033,1433.0,0.00011569789220644486
P3_mba_presence,MBA Presence,23,423.0,0.00011518299120808048
P3_mba_presence,MBA Presence,1131,1531.0,0.00011515957085248221
P3_mba_presence,MBA Presence,1148,1548.0,0.00011502728877202281
P3_mba_presence,MBA Presence,799,1199.0,0.00011460065608733777
P3_mba_presence,MBA Presence,1251,1651.0,0.0001145951965778891
P3_mba_presence,MBA Presence,1034,1434.0,0.00011451347053585532
P3_mba_presence,MBA Presence,280,680.0,0.0001142610215787484
P3_mba_presence,MBA Presence,875,1275.0,0.00011397665510353528
P3_mba_presence,MBA Presence,512,912.0,0.00011376737707359831
P3_mba_presence,MBA Presence,843,1243.0,0.00011331694252469193
P3_mba_presence,MBA Presence,870,1270.0,0.00011310082152075038
P3_mba_presence,MBA Presence,296,696.0,0.00011306748916425426
P3_mba_presence,MBA Presence,913,1313.0,0.00011269672868116407
P3_mba_presence,MBA Presence,358,758.0,0.0001125396857973497
P3_mba_presence,MBA Presence,934,1334.0,0.00011243868410236645
P3_mba_presence,MBA Presence,34,434.0,0.00011167568599012318
P3_mba_presence,MBA Presence,263,663.0,0.0001116538589803521
P3_mba_presence,MBA Presence,1291,1691.0,0.00011157822709925304
P3_mba_presence,MBA Presence,1005,1405.0,0.0001115126811223753
P3_mba_presence,MBA Presence,14,414.0,0.0001112757272805461
P3_mba_presence,MBA Presence,789,1189.0,0.00011111858962932939
P3_mba_presence,MBA Presence,868,1268.0,0.00011102396314768927
P3_mba_presence,MBA Presence,130,530.0,0.00011099747995524704
P3_mba_presence,MBA Presence,1349,1749.0,0.00011088668560535119
P3_mba_presence,MBA Presence,924,1324.0,0.00010986596420104205
P3_mba_presence,MBA Presence,501,901.0,0.00010931760116046945
P3_mba_presence,MBA Presence,1081,1481.0,0.00010913864839879834
P3_mba_presence,MBA Presence,1327,1727.0,0.000109062332741469
P3_mba_presence,MBA Presence,329,729.0,0.00010893485514652275
P3_mba_presence,MBA Presence,1258,1658.0,0.00010835866906856437
P3_mba_presence,MBA Presence,133,533.0,0.00010807692072276886
P3_mba_presence,MBA Presence,297,697.0,0.00010673216206128474
P3_mba_presence,MBA Presence,25,425.0,0.00010629015571828358
P3_mba_presence,MBA Presence,1332,1732.0,0.00010622943841843676
P3_mba_presence,MBA Presence,1356,1756.0,0.00010610652592420924
P3_mba_presence,MBA Presence,1274,1674.0,0.00010590549162389648
P3_mba_presence,MBA Presence,1110,1510.0,0.00010576239893890312
P3_mba_presence,MBA Presence,1281,1681.0,0.00010574673585574521
P3_mba_presence,MBA Presence,405,805.0,0.00010547267891620649
P3_mba_presence,MBA Presence,785,1185.0,0.00010493196768146168
P3_mba_presence,MBA Presence,850,1250.0,0.00010470444581179848
P3_mba_presence,MBA Presence,1319,1719.0,0.00010428373284468056
P3_mba_presence,MBA Presence,1039,1439.0,0.00010424133948698676
P3_mba_presence,MBA Presence,519,919.0,0.00010407741958282633
P3_mba_presence,MBA Presence,968,1368.0,0.00010367622496772412
P3_mba_presence,MBA Presence,372,772.0,0.00010336440046054314
P3_mba_presence,MBA Presence,730,1130.0,0.00010333537936979647
P3_mba_presence,MBA Presence,1259,1659.0,0.00010322079525809316
P3_mba_presence,MBA Presence,480,880.0,0.00010280648582391046
P3_mba_presence,MBA Presence,830,1230.0,0.00010276270939252055
P3_mba_presence,MBA Presence,544,944.0,0.00010264122587245894
P3_mba_presence,MBA Presence,1348,1748.0,0.00010248772307009177
P3_mba_presence,MBA Presence,987,1387.0,0.00010247020321052176
P3_mba_presence,MBA Presence,1003,1403.0,0.00010220337816402409
P3_mba_presence,MBA Presence,543,943.0,0.00010194286343448192
P3_mba_presence,MBA Presence,915,1315.0,0.00010181332064262359
P3_mba_presence,MBA Presence,807,1207.0,0.00010129946554200815
P3_mba_presence,MBA Presence,1241,1641.0,0.00010126800235350772
P3_mba_presence,MBA Presence,1340,1740.0,0.00010091813842443882
P3_mba_presence,MBA Presence,359,759.0,0.00010086184853628838
P3_mba_presence,MBA Presence,1150,1550.0,0.00010074304888911736
P3_mba_presence,MBA Presence,904,1304.0,0.00010070329578811915
P3_mba_presence,MBA Presence,1204,1604.0,0.00010067355548529004
P3_mba_presence,MBA Presence,1269,1669.0,0.00010056350201571905
P3_mba_presence,MBA Presence,763,1163.0,0.00010016823676542125
P3_mba_presence,MBA Presence,773,1173.0,0.00010005754774276582
P3_mba_presence,MBA Presence,331,731.0,9.993731124288169e-05
P3_mba_presence,MBA Presence,1362,1762.0,9.979339437833623e-05
P3_mba_presence,MBA Presence,717,1117.0,9.94395878739455e-05
P3_mba_presence,MBA Presence,590,990.0,9.872101203524722e-05
P3_mba_presence,MBA Presence,1156,1556.0,9.870378875243074e-05
P3_mba_presence,MBA Presence,1049,1449.0,9.857601735404894e-05
P3_mba_presence,MBA Presence,337,737.0,9.852399659597329e-05
P3_mba_presence,MBA Presence,614,1014.0,9.844977067944561e-05
P3_mba_presence,MBA Presence,1313,1713.0,9.836397618329055e-05
P3_mba_presence,MBA Presence,13,413.0,9.828258441029737e-05
P3_mba_presence,MBA Presence,1132,1532.0,9.811534566901516e-05
P3_mba_presence,MBA Presence,1392,1792.0,9.801584028436019e-05
P3_mba_presence,MBA Presence,1121,1521.0,9.786760133936355e-05
P3_mba_presence,MBA Presence,872,1272.0,9.773730167593651e-05
P3_mba_presence,MBA Presence,1009,1409.0,9.771891371829107e-05
P3_mba_presence,MBA Presence,324,724.0,9.754545790123448e-05
P3_mba_presence,MBA Presence,926,1326.0,9.74112595231907e-05
P3_mba_presence,MBA Presence,1002,1402.0,9.738110383517953e-05
P3_mba_presence,MBA Presence,528,928.0,9.699418111314102e-05
P3_mba_presence,MBA Presence,1315,1715.0,9.670351627705889e-05
P3_mba_presence,MBA Presence,212,612.0,9.665299381442429e-05
P3_mba_presence,MBA Presence,1394,1794.0,9.660439032293985e-05
P3_mba_presence,MBA Presence,1133,1533.0,9.618400945200064e-05
P3_mba_presence,MBA Presence,1265,1665.0,9.559851650339744e-05
P3_mba_presence,MBA Presence,937,1337.0,9.547251396581301e-05
P3_mba_presence,MBA Presence,1382,1782.0,9.536973575360359e-05
P3_mba_presence,MBA Presence,866,1266.0,9.506818717549547e-05
P3_mba_presence,MBA Presence,352,752.0,9.501373889342605e-05
P3_mba_presence,MBA Presence,556,956.0,9.471352266628167e-05
P3_mba_presence,MBA Presence,262,662.0,9.45414984358562e-05
P3_mba_presence,MBA Presence,735,1135.0,9.439410456499875e-05
P3_mba_presence,MBA Presence,1363,1763.0,9.4322033630184e-05
P3_mba_presence,MBA Presence,472,872.0,9.417944282220281e-05
P3_mba_presence,MBA Presence,1297,1697.0,9.406222999989967e-05
P3_mba_presence,MBA Presence,1257,1657.0,9.359257723236981e-05
P3_mba_presence,MBA Presence,1318,1718.0,9.341792929219347e-05
P3_mba_presence,MBA Presence,100,500.0,9.334845024094318e-05
P3_mba_presence,MBA Presence,797,1197.0,9.334794291603716e-05
P3_mba_presence,MBA Presence,1063,1463.0,9.332528134650208e-05
P3_mba_presence,MBA Presence,615,1015.0,9.329180910817386e-05
P3_mba_presence,MBA Presence,1384,1784.0,9.315736822004505e-05
P3_mba_presence,MBA Presence,920,1320.0,9.300110637197655e-05
P3_mba_presence,MBA Presence,551,951.0,9.296090031015391e-05
P3_mba_presence,MBA Presence,877,1277.0,9.276679284466347e-05
P3_mba_presence,MBA Presence,1135,1535.0,9.27040338152825e-05
P3_mba_presence,MBA Presence,861,1261.0,9.246179231555574e-05
P3_mba_presence,MBA Presence,842,1242.0,9.174563060092313e-05
P3_mba_presence,MBA Presence,1261,1661.0,9.15994725993374e-05
P3_mba_presence,MBA Presence,1051,1451.0,9.127789170439317e-05
P3_mba_presence,MBA Presence,19,419.0,9.12674405826363e-05
P3_mba_presence,MBA Presence,231,631.0,9.123716009038564e-05
P3_mba_presence,MBA Presence,859,1259.0,9.121076801097672e-05
P3_mba_presence,MBA Presence,909,1309.0,9.102274865084918e-05
P3_mba_presence,MBA Presence,238,638.0,9.097705296707683e-05
P3_mba_presence,MBA Presence,1314,1714.0,9.031261185256677e-05
P3_mba_presence,MBA Presence,1210,1610.0,9.017594768183086e-05
P3_mba_presence,MBA Presence,705,1105.0,8.945745478877305e-05
P3_mba_presence,MBA Presence,1112,1512.0,8.922361106542521e-05
P3_mba_presence,MBA Presence,980,1380.0,8.905084453417315e-05
P3_mba_presence,MBA Presence,482,882.0,8.902264157012541e-05
P3_mba_presence,MBA Presence,5,405.0,8.89202914425724e-05
P3_mba_presence,MBA Presence,1202,1602.0,8.885899034044738e-05
P3_mba_presence,MBA Presence,1351,1751.0,8.871296012260409e-05
P3_mba_presence,MBA Presence,914,1314.0,8.863150530605982e-05
P3_mba_presence,MBA Presence,726,1126.0,8.857851984486585e-05
P3_mba_presence,MBA Presence,1064,1464.0,8.842369293844049e-05
P3_mba_presence,MBA Presence,1134,1534.0,8.819959837189769e-05
P3_mba_presence,MBA Presence,1124,1524.0,8.784670904995472e-05
P3_mba_presence,MBA Presence,832,1232.0,8.745522937096957e-05
P3_mba_presence,MBA Presence,243,643.0,8.717724892105969e-05
P3_mba_presence,MBA Presence,570,970.0,8.70363746410112e-05
P3_mba_presence,MBA Presence,845,1245.0,8.694796347167639e-05
P3_mba_presence,MBA Presence,355,755.0,8.641753086201497e-05
P3_mba_presence,MBA Presence,567,967.0,8.632632413268834e-05
P3_mba_presence,MBA Presence,1067,1467.0,8.62138872795526e-05
P3_mba_presence,MBA Presence,860,1260.0,8.614076257471817e-05
P3_mba_presence,MBA Presence,727,1127.0,8.570502932196653e-05
P3_mba_presence,MBA Presence,894,1294.0,8.54198284546814e-05
P3_mba_presence,MBA Presence,732,1132.0,8.51404667630665e-05
P3_mba_presence,MBA Presence,1130,1530.0,8.512812095119341e-05
P3_mba_presence,MBA Presence,819,1219.0,8.501628775986485e-05
P3_mba_presence,MBA Presence,697,1097.0,8.482736633535312e-05
P3_mba_presence,MBA Presence,1048,1448.0,8.415761477033466e-05
P3_mba_presence,MBA Presence,720,1120.0,8.412904609268499e-05
P3_mba_presence,MBA Presence,721,1121.0,8.411418522052032e-05
P3_mba_presence,MBA Presence,1203,1603.0,8.409314346923435e-05
P3_mba_presence,MBA Presence,1137,1537.0,8.380137757442983e-05
P3_mba_presence,MBA Presence,1028,1428.0,8.37794891179289e-05
P3_mba_presence,MBA Presence,462,862.0,8.370874108433163e-05
P3_mba_presence,MBA Presence,1201,1601.0,8.366142970601086e-05
P3_mba_presence,MBA Presence,485,885.0,8.360361852101707e-05
P3_mba_presence,MBA Presence,1271,1671.0,8.344042021908674e-05
P3_mba_presence,MBA Presence,1371,1771.0,8.339330365821323e-05
P3_mba_presence,MBA Presence,992,1392.0,8.329301369040336e-05
P3_mba_presence,MBA Presence,1096,1496.0,8.319602962675397e-05
P3_mba_presence,MBA Presence,777,1177.0,8.308230749341596e-05
P3_mba_presence,MBA Presence,568,968.0,8.306397537866737e-05
P3_mba_presence,MBA Presence,1326,1726.0,8.299385739978817e-05
P3_mba_presence,MBA Presence,844,1244.0,8.257309155707794e-05
P3_mba_presence,MBA Presence,102,502.0,8.252304994686133e-05
P3_mba_presence,MBA Presence,608,1008.0,8.236721802353327e-05
P3_mba_presence,MBA Presence,213,613.0,8.212659152590182e-05
P3_mba_presence,MBA Presence,707,1107.0,8.19985773357457e-05
P3_mba_presence,MBA Presence,758,1158.0,8.15501837592065e-05
P3_mba_presence,MBA Presence,612,1012.0,8.148312449187431e-05
P3_mba_presence,MBA Presence,1122,1522.0,8.10880721718915e-05
P3_mba_presence,MBA Presence,26,426.0,8.107292978321507e-05
P3_mba_presence,MBA Presence,1263,1663.0,8.083449296597745e-05
P3_mba_presence,MBA Presence,22,422.0,8.081844557325731e-05
P3_mba_presence,MBA Presence,1032,1432.0,8.077243585904465e-05
P3_mba_presence,MBA Presence,295,695.0,8.015930716672245e-05
P3_mba_presence,MBA Presence,78,478.0,7.950715609052955e-05
P3_mba_presence,MBA Presence,1066,1466.0,7.944089624571864e-05
P3_mba_presence,MBA Presence,836,1236.0,7.938561892998218e-05
P3_mba_presence,MBA Presence,1223,1623.0,7.929288364062817e-05
P3_mba_presence,MBA Presence,534,934.0,7.883615079010309e-05
P3_mba_presence,MBA Presence,741,1141.0,7.78127219060949e-05
P3_mba_presence,MBA Presence,1255,1655.0,7.644984534317205e-05
P3_mba_presence,MBA Presence,353,753.0,7.630823969152105e-05
P3_mba_presence,MBA Presence,1398,1798.0,7.62513569244679e-05
P3_mba_presence,MBA Presence,1142,1542.0,7.597555148440564e-05
P3_mba_presence,MBA Presence,1284,1684.0,7.588169798283035e-05
P3_mba_presence,MBA Presence,417,817.0,7.57706806449616e-05
P3_mba_presence,MBA Presence,490,890.0,7.567770565457752e-05
P3_mba_presence,MBA Presence,561,961.0,7.56646942033506e-05
P3_mba_presence,MBA Presence,546,946.0,7.545607467077955e-05
P3_mba_presence,MBA Presence,906,1306.0,7.542767623795224e-05
P3_mba_presence,MBA Presence,302,702.0,7.526699984569843e-05
P3_mba_presence,MBA Presence,503,903.0,7.509026256584485e-05
P3_mba_presence,MBA Presence,1372,1772.0,7.506922631107145e-05
P3_mba_presence,MBA Presence,882,1282.0,7.458889322796631e-05
P3_mba_presence,MBA Presence,126,526.0,7.442706717552106e-05
P3_mba_presence,MBA Presence,1279,1679.0,7.436594838568923e-05
P3_mba_presence,MBA Presence,476,876.0,7.422576374734263e-05
P3_mba_presence,MBA Presence,219,619.0,7.363196925881194e-05
P3_mba_presence,MBA Presence,555,955.0,7.335770508082377e-05
P3_mba_presence,MBA Presence,955,1355.0,7.303412062436273e-05
P3_mba_presence,MBA Presence,366,766.0,7.29204686670573e-05
P3_mba_presence,MBA Presence,1115,1515.0,7.244661401113675e-05
P3_mba_presence,MBA Presence,1089,1489.0,7.226841323292194e-05
P3_mba_presence,MBA Presence,473,873.0,7.210393608208e-05
P3_mba_presence,MBA Presence,1334,1734.0,7.195595435758655e-05
P3_mba_presence,MBA Presence,1087,1487.0,7.193324134516428e-05
P3_mba_presence,MBA Presence,557,957.0,7.190257930943101e-05
P3_mba_presence,MBA Presence,248,648.0,7.169441230739558e-05
P3_mba_presence,MBA Presence,1355,1755.0,7.115807906804519e-05
P3_mba_presence,MBA Presence,1272,1672.0,7.114231423424155e-05
P3_mba_presence,MBA Presence,360,760.0,7.112282563852414e-05
P3_mba_presence,MBA Presence,873,1273.0,7.102126961627214e-05
P3_mba_presence,MBA Presence,1397,1797.0,7.021975992298257e-05
P3_mba_presence,MBA Presence,1052,1452.0,6.983803174936935e-05
P3_mba_presence,MBA Presence,4,404.0,6.938143018954018e-05
P3_mba_presence,MBA Presence,1275,1675.0,6.904318237863025e-05
P3_mba_presence,MBA Presence,1065,1465.0,6.902371158826682e-05
P3_mba_presence,MBA Presence,1388,1788.0,6.900278606405985e-05
P3_mba_presence,MBA Presence,2,402.0,6.889387883235274e-05
P3_mba_presence,MBA Presence,294,694.0,6.8855690672685e-05
P3_mba_presence,MBA Presence,1268,1668.0,6.882665156095449e-05
P3_mba_presence,MBA Presence,1136,1536.0,6.845239344397114e-05
P3_mba_presence,MBA Presence,88,488.0,6.844638243875074e-05
P3_mba_presence,MBA Presence,487,887.0,6.835833878049442e-05
P3_mba_presence,MBA Presence,837,1237.0,6.834987840206961e-05
P3_mba_presence,MBA Presence,1153,1553.0,6.828944028200825e-05
P3_mba_presence,MBA Presence,1365,1765.0,6.816222027381034e-05
P3_mba_presence,MBA Presence,1333,1733.0,6.782336165683636e-05
P3_mba_presence,MBA Presence,798,1198.0,6.761895161971883e-05
P3_mba_presence,MBA Presence,710,1110.0,6.724305809616718e-05
P3_mba_presence,MBA Presence,910,1310.0,6.707524064839154e-05
P3_mba_presence,MBA Presence,3,403.0,6.673908490723024e-05
P3_mba_presence,MBA Presence,98,498.0,6.652661362781943e-05
P3_mba_presence,MBA Presence,547,947.0,6.636472435724778e-05
P3_mba_presence,MBA Presence,1083,1483.0,6.582667974075843e-05
P3_mba_presence,MBA Presence,1368,1768.0,6.561918346784053e-05
P3_mba_presence,MBA Presence,1311,1711.0,6.544284616843079e-05
P3_mba_presence,MBA Presence,1205,1605.0,6.535544860942526e-05
P3_mba_presence,MBA Presence,1343,1743.0,6.53105655168776e-05
P3_mba_presence,MBA Presence,1370,1770.0,6.496264888346198e-05
P3_mba_presence,MBA Presence,1293,1693.0,6.491966002852496e-05
P3_mba_presence,MBA Presence,1308,1708.0,6.487485840048056e-05
P3_mba_presence,MBA Presence,620,1020.0,6.472568951777912e-05
P3_mba_presence,MBA Presence,755,1155.0,6.414047544782824e-05
P3_mba_presence,MBA Presence,1140,1540.0,6.399240555832619e-05
P3_mba_presence,MBA Presence,936,1336.0,6.374251226854937e-05
P3_mba_presence,MBA Presence,273,673.0,6.370324044685731e-05
P3_mba_presence,MBA Presence,409,809.0,6.357120708215023e-05
P3_mba_presence,MBA Presence,554,954.0,6.272729719344966e-05
P3_mba_presence,MBA Presence,318,718.0,6.216889284421942e-05
P3_mba_presence,MBA Presence,847,1247.0,6.208114898556945e-05
P3_mba_presence,MBA Presence,696,1096.0,6.20150998255687e-05
P3_mba_presence,MBA Presence,1393,1793.0,6.19404056266177e-05
P3_mba_presence,MBA Presence,1286,1686.0,6.1032395026292934e-05
P3_mba_presence,MBA Presence,1381,1781.0,6.0979264895525233e-05
P3_mba_presence,MBA Presence,613,1013.0,6.0935817816436586e-05
P3_mba_presence,MBA Presence,776,1176.0,6.0931291740238165e-05
P3_mba_presence,MBA Presence,1266,1666.0,6.09133639663429e-05
P3_mba_presence,MBA Presence,795,1195.0,6.069988693603985e-05
P3_mba_presence,MBA Presence,898,1298.0,6.0410768540597915e-05
P3_mba_presence,MBA Presence,375,775.0,6.019978034630576e-05
P3_mba_presence,MBA Presence,1158,1558.0,6.012197775720899e-05
P3_mba_presence,MBA Presence,1076,1476.0,5.9856051032342114e-05
P3_mba_presence,MBA Presence,1071,1471.0,5.981021577662829e-05
P3_mba_presence,MBA Presence,618,1018.0,5.978324927505278e-05
P3_mba_presence,MBA Presence,1374,1774.0,5.968041284700311e-05
P3_mba_presence,MBA Presence,1389,1789.0,5.9309113188341306e-05
P3_mba_presence,MBA Presence,899,1299.0,5.9247218656568604e-05
P3_mba_presence,MBA Presence,1375,1775.0,5.918211817507765e-05
P3_mba_presence,MBA Presence,912,1312.0,5.912866185105694e-05
P3_mba_presence,MBA Presence,33,433.0,5.8518427085263034e-05
P3_mba_presence,MBA Presence,1399,1799.0,5.8474347408516915e-05
P3_mba_presence,MBA Presence,1141,1541.0,5.844468975454235e-05
P3_mba_presence,MBA Presence,838,1238.0,5.834729776527285e-05
P3_mba_presence,MBA Presence,964,1364.0,5.808825197155365e-05
P3_mba_presence,MBA Presence,1303,1703.0,5.808136241015037e-05
P3_mba_presence,MBA Presence,241,641.0,5.793576487150034e-05
P3_mba_presence,MBA Presence,1396,1796.0,5.791049101346144e-05
P3_mba_presence,MBA Presence,640,1040.0,5.7905439973069576e-05
P3_mba_presence,MBA Presence,1247,1647.0,5.759903016147888e-05
P3_mba_presence,MBA Presence,278,678.0,5.7582269270360145e-05
P3_mba_presence,MBA Presence,481,881.0,5.749997023748576e-05
P3_mba_presence,MBA Presence,1236,1636.0,5.700641058814192e-05
P3_mba_presence,MBA Presence,338,738.0,5.6914528916749724e-05
P3_mba_presence,MBA Presence,347,747.0,5.629467128593257e-05
P3_mba_presence,MBA Presence,1285,1685.0,5.62720257005349e-05
P3_mba_presence,MBA Presence,1191,1591.0,5.5435253973821615e-05
P3_mba_presence,MBA Presence,474,874.0,5.489330938477567e-05
P3_mba_presence,MBA Presence,411,811.0,5.4509854150622305e-05
P3_mba_presence,MBA Presence,841,1241.0,5.40083324906884e-05
P3_mba_presence,MBA Presence,408,808.0,5.3912376475137965e-05
P3_mba_presence,MBA Presence,87,487.0,5.3668696816134946e-05
P3_mba_presence,MBA Presence,1224,1624.0,5.3363154389267684e-05
P3_mba_presence,MBA Presence,1267,1667.0,5.311998356590171e-05
P3_mba_presence,MBA Presence,839,1239.0,5.309342785364387e-05
P3_mba_presence,MBA Presence,1244,1644.0,5.290248286006584e-05
P3_mba_presence,MBA Presence,1091,1491.0,5.265202430429682e-05
P3_mba_presence,MBA Presence,1097,1497.0,5.210554098795811e-05
P3_mba_presence,MBA Presence,271,671.0,5.205968686143746e-05
P3_mba_presence,MBA Presence,1336,1736.0,5.202190931211647e-05
P3_mba_presence,MBA Presence,902,1302.0,5.192227170823695e-05
P3_mba_presence,MBA Presence,1100,1500.0,5.186925100994266e-05
P3_mba_presence,MBA Presence,835,1235.0,5.1403054862993545e-05
P3_mba_presence,MBA Presence,1331,1731.0,5.0970414352927405e-05
P3_mba_presence,MBA Presence,356,756.0,5.079849610785443e-05
P3_mba_presence,MBA Presence,18,418.0,5.075862067561531e-05
P3_mba_presence,MBA Presence,559,959.0,5.065742673021256e-05
P3_mba_presence,MBA Presence,1189,1589.0,5.0529323795057204e-05
P3_mba_presence,MBA Presence,466,866.0,5.028032100782662e-05
P3_mba_presence,MBA Presence,488,888.0,5.00443490576722e-05
P3_mba_presence,MBA Presence,1320,1720.0,5.0042188284458506e-05
P3_mba_presence,MBA Presence,594,994.0,4.970649323442562e-05
P3_mba_presence,MBA Presence,900,1300.0,4.935831370574218e-05
P3_mba_presence,MBA Presence,1347,1747.0,4.9332504594804466e-05
P3_mba_presence,MBA Presence,569,969.0,4.914141740364936e-05
P3_mba_presence,MBA Presence,1305,1705.0,4.8847926487068856e-05
P3_mba_presence,MBA Presence,833,1233.0,4.8761033298007624e-05
P3_mba_presence,MBA Presence,888,1288.0,4.8258818635067765e-05
P3_mba_presence,MBA Presence,351,751.0,4.7842922806187815e-05
P3_mba_presence,MBA Presence,887,1287.0,4.774473963629997e-05
P3_mba_presence,MBA Presence,1128,1528.0,4.752627027679102e-05
P3_mba_presence,MBA Presence,518,918.0,4.708490420552258e-05
P3_mba_presence,MBA Presence,901,1301.0,4.6789710773366096e-05
P3_mba_presence,MBA Presence,890,1290.0,4.667633458333614e-05
P3_mba_presence,MBA Presence,993,1393.0,4.652256109401028e-05
P3_mba_presence,MBA Presence,1250,1650.0,4.605270125728116e-05
P3_mba_presence,MBA Presence,247,647.0,4.583174684867812e-05
P3_mba_presence,MBA Presence,1338,1738.0,4.582388135812681e-05
P3_mba_presence,MBA Presence,1138,1538.0,4.5675470614655826e-05
P3_mba_presence,MBA Presence,1391,1791.0,4.4909870831633996e-05
P3_mba_presence,MBA Presence,1282,1682.0,4.428881159159134e-05
P3_mba_presence,MBA Presence,348,748.0,4.42161395462127e-05
P3_mba_presence,MBA Presence,1056,1456.0,4.407286971241293e-05
P3_mba_presence,MBA Presence,313,713.0,4.378409170316924e-05
P3_mba_presence,MBA Presence,1330,1730.0,4.337948944664842e-05
P3_mba_presence,MBA Presence,1021,1421.0,4.2537793372377366e-05
P3_mba_presence,MBA Presence,903,1303.0,4.224847764871575e-05
P3_mba_presence,MBA Presence,1379,1779.0,4.1998716714869365e-05
P3_mba_presence,MBA Presence,1390,1790.0,4.185761255908643e-05
P3_mba_presence,MBA Presence,1380,1780.0,4.166876006961071e-05
P3_mba_presence,MBA Presence,227,627.0,4.158928426553442e-05
P3_mba_presence,MBA Presence,499,899.0,4.1058704332787825e-05
P3_mba_presence,MBA Presence,1361,1761.0,4.10393686554386e-05
P3_mba_presence,MBA Presence,1053,1453.0,4.0910958637098705e-05
P3_mba_presence,MBA Presence,1358,1758.0,4.0772687813571684e-05
P3_mba_presence,MBA Presence,1120,1520.0,4.043936373390522e-05
P3_mba_presence,MBA Presence,794,1194.0,4.0382595381566186e-05
P3_mba_presence,MBA Presence,905,1305.0,3.9662944480129286e-05
P3_mba_presence,MBA Presence,1342,1742.0,3.942644916878484e-05
P3_mba_presence,MBA Presence,1246,1646.0,3.940499924986976e-05
P3_mba_presence,MBA Presence,307,707.0,3.911655280710916e-05
P3_mba_presence,MBA Presence,604,1004.0,3.902616010011739e-05
P3_mba_presence,MBA Presence,811,1211.0,3.882620420008768e-05
P3_mba_presence,MBA Presence,1260,1660.0,3.8783269281592804e-05
P3_mba_presence,MBA Presence,1385,1785.0,3.8385030740724195e-05
P3_mba_presence,MBA Presence,250,650.0,3.814711997392687e-05
P3_mba_presence,MBA Presence,1378,1778.0,3.80325984276326e-05
P3_mba_presence,MBA Presence,793,1193.0,3.784224302742458e-05
P3_mba_presence,MBA Presence,1211,1611.0,3.677517078913218e-05
P3_mba_presence,MBA Presence,723,1123.0,3.676281906683945e-05
P3_mba_presence,MBA Presence,849,1249.0,3.6300477180068796e-05
P3_mba_presence,MBA Presence,1369,1769.0,3.622017866909835e-05
P3_mba_presence,MBA Presence,229,629.0,3.589809127823715e-05
P3_mba_presence,MBA Presence,1264,1664.0,3.540192017862661e-05
P3_mba_presence,MBA Presence,246,646.0,3.523717841041255e-05
P3_mba_presence,MBA Presence,831,1231.0,3.501226450653059e-05
P3_mba_presence,MBA Presence,367,767.0,3.490973112021023e-05
P3_mba_presence,MBA Presence,484,884.0,3.454893317888573e-05
P3_mba_presence,MBA Presence,1280,1680.0,3.45484755388864e-05
P3_mba_presence,MBA Presence,478,878.0,3.43558866657227e-05
P3_mba_presence,MBA Presence,1339,1739.0,3.357230334544079e-05
P3_mba_presence,MBA Presence,1325,1725.0,3.313781658003821e-05
P3_mba_presence,MBA Presence,483,883.0,3.292200017113218e-05
P3_mba_presence,MBA Presence,244,644.0,3.283879624077732e-05
P3_mba_presence,MBA Presence,1376,1776.0,3.2493261497533664e-05
P3_mba_presence,MBA Presence,1377,1777.0,3.238868314035671e-05
P3_mba_presence,MBA Presence,829,1229.0,3.169999198035123e-05
P3_mba_presence,MBA Presence,1322,1722.0,3.1194822856447375e-05
P3_mba_presence,MBA Presence,907,1307.0,3.0638201155254035e-05
P3_mba_presence,MBA Presence,486,886.0,2.9715979578529687e-05
P3_mba_presence,MBA Presence,1249,1649.0,2.9202933623857653e-05
P3_mba_presence,MBA Presence,104,504.0,2.7641811525937675e-05
P3_mba_presence,MBA Presence,1386,1786.0,2.7599711237041285e-05
P3_mba_presence,MBA Presence,230,630.0,2.6078559098470225e-05
P3_mba_presence,MBA Presence,764,1164.0,2.5828352415953337e-05
P3_mba_presence,MBA Presence,349,749.0,2.571239583201428e-05
P3_mba_presence,MBA Presence,893,1293.0,2.566310861011453e-05
P3_mba_presence,MBA Presence,1234,1634.0,2.389707543635923e-05
P3_mba_presence,MBA Presence,1357,1757.0,2.3109227290970606e-05
P3_mba_presence,MBA Presence,908,1308.0,2.279473885652112e-05
P3_mba_presence,MBA Presence,1345,1745.0,2.2572866780660888e-05
P3_mba_presence,MBA Presence,1273,1673.0,2.2495108859562478e-05
P3_mba_presence,MBA Presence,407,807.0,2.2399863360091518e-05
P3_mba_presence,MBA Presence,1129,1529.0,2.2034460005970828e-05
P3_mba_presence,MBA Presence,911,1311.0,2.2000066644340274e-05
P3_mba_presence,MBA Presence,846,1246.0,2.1901247866924752e-05
P3_mba_presence,MBA Presence,1307,1707.0,2.1634646269840628e-05
P3_mba_presence,MBA Presence,1309,1709.0,2.161522125393124e-05
P3_mba_presence,MBA Presence,1344,1744.0,2.09759749386009e-05
P3_mba_presence,MBA Presence,1277,1677.0,2.0359934328051596e-05
P3_mba_presence,MBA Presence,1262,1662.0,2.0069560453624774e-05
P3_mba_presence,MBA Presence,892,1292.0,1.8637806076692704e-05
P3_mba_presence,MBA Presence,1256,1656.0,1.791963486181302e-05
P3_mba_presence,MBA Presence,1321,1721.0,1.7599364608178433e-05
P3_mba_presence,MBA Presence,958,1358.0,1.7375862016621558e-05
P3_mba_presence,MBA Presence,1383,1783.0,1.734435590258266e-05
P3_mba_presence,MBA Presence,1360,1760.0,1.6889253787437192e-05
P3_mba_presence,MBA Presence,325,725.0,1.628055688151361e-05
P3_mba_presence,MBA Presence,1359,1759.0,1.5476961260533834e-05
P3_mba_presence,MBA Presence,1292,1692.0,1.5267973965555543e-05
P3_mba_presence,MBA Presence,350,750.0,1.5128593629024898e-05
P3_mba_presence,MBA Presence,610,1010.0,1.3993891143329967e-05
P3_mba_presence,MBA Presence,239,639.0,1.3904814224874379e-05
P3_mba_presence,MBA Presence,354,754.0,1.225990554447434e-05
P3_mba_presence,MBA Presence,479,879.0,1.0203735813469071e-05
P3_mba_presence,MBA Presence,1366,1766.0,9.882025652637137e-06
P3_mba_presence,MBA Presence,607,1007.0,9.471125137513453e-06
P3_mba_presence,MBA Presence,1328,1728.0,9.072055468020121e-06
P3_mba_presence,MBA Presence,1387,1787.0,6.550263931896089e-06
P3_mba_presence,MBA Presence,1364,1764.0,6.609019225851783e-20
P3_mba_presence,MBA Presence,619,1019.0,6.974625344816486e-21
